sample,time_sec
38,0.38
127,1.27
211,2.11
294,2.94
377,3.77
465,4.65
558,5.58
655,6.55
750,7.5
843,8.43
936,9.36
1037,10.37
1139,11.39
1240,12.4
1339,13.39
1436,14.36
1531,15.31
1629,16.29
1729,17.29
1824,18.24
1914,19.14
1999,19.99
2085,20.85
2182,21.82
2275,22.75
2368,23.68
2452,24.52
2529,25.29
2606,26.06
2687,26.87
2768,27.68
2852,28.52
2936,29.36
3017,30.17
3099,30.99
3189,31.89
3289,32.89
3382,33.82
3470,34.7
3556,35.56
3641,36.41
3728,37.28
3817,38.17
3908,39.08
4000,40.0
4088,40.88
4185,41.85
4285,42.85
4379,43.79
4465,44.65
4547,45.47
4630,46.3
4718,47.18
4806,48.06
4894,48.94
4986,49.86
5076,50.76
5165,51.65
5258,52.58
5348,53.48
5438,54.38
5529,55.29
5620,56.2
5708,57.08
5796,57.96
5889,58.89
5979,59.79
6066,60.66
6157,61.57
6246,62.46
6333,63.33
6423,64.23
6507,65.07
6590,65.9
6673,66.73
6765,67.65
6852,68.52
6938,69.38
7022,70.22
7109,71.09
7193,71.93
7277,72.77
7363,73.63
7445,74.45
7524,75.24
7605,76.05
7689,76.89
7772,77.72
7854,78.54
7933,79.33
8012,80.12
8096,80.96
8182,81.82
8274,82.74
8360,83.6
8441,84.41
8521,85.21
8602,86.02
8687,86.87
8775,87.75
8860,88.6
8942,89.42
9019,90.19
9093,90.93
9163,91.63
9234,92.34
9312,93.12
9395,93.95
9483,94.83
9570,95.7
9655,96.55
9738,97.38
9820,98.2
9904,99.04
9984,99.84
10063,100.63
10141,101.41
10228,102.28
10312,103.12
10401,104.01
10481,104.81
10560,105.6
10647,106.47
10739,107.39
10827,108.27
10912,109.12
10995,109.95
11080,110.8
11172,111.72
11266,112.66
11355,113.55
11440,114.4
11522,115.22
11605,116.05
11690,116.9
11775,117.75
11855,118.55
11937,119.37
12027,120.27
12119,121.19
12206,122.06
12289,122.89
12377,123.77
12469,124.69
12562,125.62
12654,126.54
12743,127.43
12835,128.35
12929,129.29
13020,130.2
13107,131.07
13195,131.95
13285,132.85
13376,133.76
13463,134.63
13542,135.42
13616,136.16
13689,136.89
13770,137.7
13865,138.65
13960,139.6
14044,140.44
14123,141.23
14198,141.98
14273,142.73
14360,143.6
14447,144.47
14534,145.34
14618,146.18
14699,146.99
14776,147.76
14850,148.5
14923,149.23
14999,149.99
15079,150.79
15158,151.58
15237,152.37
15316,153.16
15393,153.93
15468,154.68
15541,155.41
15611,156.11
15681,156.81
15748,157.48
15815,158.15
15884,158.84
15955,159.55
16027,160.27
16097,160.97
16167,161.67
16241,162.41
16325,163.25
16414,164.14
16502,165.02
16592,165.92
16682,166.82
16773,167.73
16862,168.62
16951,169.51
17042,170.42
17125,171.25
17205,172.05
17281,172.81
17354,173.54
17426,174.26
17499,174.99
17571,175.71
17644,176.44
17720,177.2
17796,177.96
17874,178.74
17952,179.52
18028,180.28
18103,181.03
18177,181.77
18258,182.58
18343,183.43
18426,184.26
18505,185.05
18583,185.83
18659,186.59
18736,187.36
18811,188.11
18884,188.84
18958,189.58
19031,190.31
19103,191.03
19175,191.75
19246,192.46
19316,193.16
19383,193.83
19450,194.5
19516,195.16
19580,195.8
19643,196.43
19706,197.06
19767,197.67
19828,198.28
19889,198.89
19950,199.5
20014,200.14
20086,200.86
20164,201.64
20242,202.42
20317,203.17
20393,203.93
20472,204.72
20552,205.52
20631,206.31
20711,207.11
20789,207.89
20867,208.67
20951,209.51
21034,210.34
21114,211.14
21197,211.97
21280,212.8
21358,213.58
21436,214.36
21515,215.15
21598,215.98
21681,216.81
21757,217.57
21828,218.28
21899,218.99
21968,219.68
22040,220.4
22114,221.14
22195,221.95
22272,222.72
22353,223.53
22435,224.35
22518,225.18
22596,225.96
22672,226.72
22746,227.46
22819,228.19
22889,228.89
22958,229.58
23026,230.26
23096,230.96
23168,231.68
23244,232.44
23327,233.27
23407,234.07
23484,234.84
23559,235.59
23634,236.34
23710,237.1
23785,237.85
23861,238.61
23939,239.39
24019,240.19
24099,240.99
24178,241.78
24259,242.59
24338,243.38
24419,244.19
24499,244.99
24579,245.79
24658,246.58
24737,247.37
24816,248.16
24892,248.92
24964,249.64
25036,250.36
25108,251.08
25179,251.79
25252,252.52
25328,253.28
25406,254.06
25485,254.85
25564,255.64
25643,256.43
25720,257.2
25799,257.99
25877,258.77
25956,259.56
26034,260.34
26113,261.13
26194,261.94
26276,262.76
26356,263.56
26436,264.36
26516,265.16
26595,265.95
26672,266.72
26747,267.47
26822,268.22
26901,269.01
26984,269.84
27069,270.69
27149,271.49
27223,272.23
27296,272.96
27369,273.69
27438,274.38
27508,275.08
27587,275.87
27668,276.68
27754,277.54
27845,278.45
27937,279.37
28023,280.23
28103,281.03
28179,281.79
28254,282.54
28330,283.3
28408,284.08
28492,284.92
28575,285.75
28656,286.56
28735,287.35
28813,288.13
28894,288.94
28977,289.77
29063,290.63
29153,291.53
29239,292.39
29321,293.21
29400,294.0
29477,294.77
29556,295.56
29639,296.39
29726,297.26
29811,298.11
29895,298.95
29979,299.79
30062,300.62
30143,301.43
30228,302.28
30317,303.17
30407,304.07
30498,304.98
30584,305.84
30665,306.65
30749,307.49
30834,308.34
30920,309.2
31007,310.07
31096,310.96
31180,311.8
31261,312.61
31341,313.41
31420,314.2
31502,315.02
31581,315.81
31662,316.62
31737,317.37
31810,318.1
31883,318.83
31953,319.53
32022,320.22
32091,320.91
32161,321.61
32236,322.36
32319,323.19
32406,324.06
32490,324.9
32572,325.72
32652,326.52
32733,327.33
32815,328.15
32900,329.0
32986,329.86
33069,330.69
33150,331.5
33231,332.31
33316,333.16
33408,334.08
33503,335.03
33594,335.94
33678,336.78
33760,337.6
33843,338.43
33928,339.28
34016,340.16
34105,341.05
34188,341.88
34270,342.7
34354,343.54
34443,344.43
34535,345.35
34624,346.24
34715,347.15
34804,348.04
34891,348.91
34978,349.78
35067,350.67
35152,351.52
35235,352.35
35311,353.11
35386,353.86
35463,354.63
35548,355.48
35634,356.34
35716,357.16
35796,357.96
35875,358.75
35955,359.55
36040,360.4
36124,361.24
36209,362.09
36296,362.96
36383,363.83
36471,364.71
36554,365.54
36639,366.39
36721,367.21
36804,368.04
36886,368.86
36964,369.64
37040,370.4
37113,371.13
37185,371.85
37261,372.61
37351,373.51
37441,374.41
37526,375.26
37608,376.08
37688,376.88
37769,377.69
37849,378.49
37927,379.27
38005,380.05
38083,380.83
38163,381.63
38242,382.42
38325,383.25
38410,384.1
38495,384.95
38578,385.78
38660,386.6
38741,387.41
38819,388.19
38894,388.94
38969,389.69
39045,390.45
39121,391.21
39199,391.99
39279,392.79
39359,393.59
39439,394.39
39518,395.18
39597,395.97
39677,396.77
39751,397.51
39826,398.26
39902,399.02
39980,399.8
40060,400.6
40140,401.4
40221,402.21
40304,403.04
40389,403.89
40477,404.77
40564,405.64
40649,406.49
40734,407.34
40828,408.28
40921,409.21
41015,410.15
41104,411.04
41188,411.88
41270,412.7
41349,413.49
41428,414.28
41508,415.08
41588,415.88
41669,416.69
41748,417.48
41831,418.31
41917,419.17
42001,420.01
42083,420.83
42163,421.63
42243,422.43
42318,423.18
42393,423.93
42469,424.69
42546,425.46
42628,426.28
42708,427.08
42790,427.9
42868,428.68
42944,429.44
43018,430.18
43090,430.9
43160,431.6
43229,432.29
43298,432.98
43365,433.65
43431,434.31
43496,434.96
43561,435.61
43627,436.27
43692,436.92
43757,437.57
43823,438.23
43895,438.95
43969,439.69
44041,440.41
44114,441.14
44186,441.86
44256,442.56
44325,443.25
44393,443.93
44460,444.6
44529,445.29
44599,445.99
44672,446.72
44744,447.44
44815,448.15
44886,448.86
44957,449.57
45031,450.31
45107,451.07
45182,451.82
45258,452.58
45333,453.33
45407,454.07
45483,454.83
45560,455.6
45636,456.36
45713,457.13
45791,457.91
45867,458.67
45941,459.41
46014,460.14
46085,460.85
46157,461.57
46230,462.3
46304,463.04
46381,463.81
46458,464.58
46534,465.34
46609,466.09
46682,466.82
46753,467.53
46825,468.25
46896,468.96
46968,469.68
47038,470.38
47109,471.09
47180,471.8
47249,472.49
47317,473.17
47386,473.86
47455,474.55
47524,475.24
47592,475.92
47661,476.61
47729,477.29
47796,477.96
47862,478.62
47928,479.28
47994,479.94
48060,480.6
48125,481.25
48189,481.89
48253,482.53
48317,483.17
48380,483.8
48444,484.44
48509,485.09
48575,485.75
48643,486.43
48710,487.1
48778,487.78
48846,488.46
48914,489.14
48982,489.82
49050,490.5
49116,491.16
49181,491.81
49247,492.47
49312,493.12
49382,493.82
49457,494.57
49533,495.33
49606,496.06
49678,496.78
49752,497.52
49826,498.26
49898,498.98
49969,499.69
50040,500.4
50113,501.13
50184,501.84
50255,502.55
50326,503.26
50395,503.95
50463,504.63
50530,505.3
50596,505.96
50662,506.62
50727,507.27
50790,507.9
50853,508.53
50917,509.17
50980,509.8
51043,510.43
51106,511.06
51171,511.71
51239,512.39
51311,513.11
51385,513.85
51461,514.61
51536,515.36
51609,516.09
51683,516.83
51758,517.58
51834,518.34
51909,519.09
51981,519.81
52052,520.52
52121,521.21
52188,521.88
52254,522.54
52321,523.21
52390,523.9
52466,524.66
52545,525.45
52627,526.27
52710,527.1
52792,527.92
52871,528.71
52950,529.5
53028,530.28
53107,531.07
53186,531.86
53272,532.72
53363,533.63
53451,534.51
53538,535.38
53622,536.22
53703,537.03
53782,537.82
53859,538.59
53936,539.36
54022,540.22
54119,541.19
54216,542.16
54305,543.05
54391,543.91
54478,544.78
54572,545.72
54666,546.66
54763,547.63
54858,548.58
54946,549.46
55037,550.37
55126,551.26
55209,552.09
55288,552.88
55363,553.63
55439,554.39
55517,555.17
55595,555.95
55669,556.69
55740,557.4
55811,558.11
55881,558.81
55955,559.55
56034,560.34
56115,561.15
56194,561.94
56271,562.71
56350,563.5
56428,564.28
56512,565.12
56596,565.96
56678,566.78
56758,567.58
56836,568.36
56916,569.16
56999,569.99
57080,570.8
57157,571.57
57231,572.31
57305,573.05
57378,573.78
57456,574.56
57542,575.42
57625,576.25
57705,577.05
57789,577.89
57873,578.73
57955,579.55
58036,580.36
58118,581.18
58203,582.03
58291,582.91
58378,583.78
58462,584.62
58546,585.46
58633,586.33
58719,587.19
58804,588.04
58889,588.89
58968,589.68
59043,590.43
59118,591.18
59199,591.99
59287,592.87
59375,593.75
59453,594.53
59529,595.29
59608,596.08
59686,596.86
59763,597.63
59841,598.41
59922,599.22
60007,600.07
60091,600.91
60178,601.78
60268,602.68
60354,603.54
60442,604.42
60527,605.27
60612,606.12
60697,606.97
60785,607.85
60883,608.83
60978,609.78
61071,610.71
61159,611.59
61239,612.39
61315,613.15
61391,613.91
61470,614.7
61552,615.52
61630,616.3
61706,617.06
61783,617.83
61868,618.68
61958,619.58
62044,620.44
62128,621.28
62213,622.13
62304,623.04
62404,624.04
62502,625.02
62602,626.02
62700,627.0
62792,627.92
62885,628.85
62977,629.77
63061,630.61
63142,631.42
63220,632.2
63304,633.04
63396,633.96
63485,634.85
63570,635.7
63660,636.6
63748,637.48
63832,638.32
63916,639.16
64004,640.04
64093,640.93
64178,641.78
64266,642.66
64363,643.63
64461,644.61
64550,645.5
64634,646.34
64725,647.25
64812,648.12
64895,648.95
64975,649.75
65059,650.59
65150,651.5
65239,652.39
65325,653.25
65411,654.11
65507,655.07
65599,655.99
65682,656.82
65758,657.58
65832,658.32
65905,659.05
65977,659.77
66052,660.52
66125,661.25
66195,661.95
66265,662.65
66338,663.38
66420,664.2
66514,665.14
66607,666.07
66703,667.03
66802,668.02
66900,669.0
66997,669.97
67092,670.92
67186,671.86
67283,672.83
67374,673.74
67458,674.58
67541,675.41
67631,676.31
67724,677.24
67813,678.13
67898,678.98
67987,679.87
68076,680.76
68165,681.65
68253,682.53
68339,683.39
68424,684.24
68518,685.18
68614,686.14
68706,687.06
68803,688.03
68905,689.05
68991,689.91
69070,690.7
69145,691.45
69221,692.21
69301,693.01
69380,693.8
69456,694.56
69531,695.31
69609,696.09
69698,696.98
69788,697.88
69885,698.85
69984,699.84
70074,700.74
70166,701.66
70267,702.67
70370,703.7
70469,704.69
70563,705.63
70655,706.55
70748,707.48
70840,708.4
70927,709.27
71012,710.12
71100,711.0
71193,711.93
71284,712.84
71368,713.68
71455,714.55
71548,715.48
71639,716.39
71728,717.28
71811,718.11
71892,718.92
71974,719.74
72058,720.58
72141,721.41
72244,722.44
72352,723.52
72450,724.5
72541,725.41
72624,726.24
72713,727.13
72807,728.07
72903,729.03
72996,729.96
73088,730.88
73185,731.85
73274,732.74
73365,733.65
73454,734.54
73549,735.49
73641,736.41
73743,737.43
73833,738.33
73919,739.19
74009,740.09
74105,741.05
74202,742.02
74293,742.93
74380,743.8
74478,744.78
74576,745.76
74664,746.64
74754,747.54
74848,748.48
74941,749.41
75032,750.32
75129,751.29
75220,752.2
75303,753.03
75391,753.91
75486,754.86
75581,755.81
75660,756.6
75744,757.44
75835,758.35
75923,759.23
76008,760.08
76090,760.9
76172,761.72
76249,762.49
76326,763.26
76406,764.06
76494,764.94
76578,765.78
76663,766.63
76756,767.56
76847,768.47
76933,769.33
77025,770.25
77112,771.12
77199,771.99
77289,772.89
77378,773.78
77464,774.64
77559,775.59
77657,776.57
77748,777.48
77838,778.38
77938,779.38
78037,780.37
78130,781.3
78220,782.2
78299,782.99
78375,783.75
78452,784.52
78529,785.29
78602,786.02
78673,786.73
78745,787.45
78839,788.39
78937,789.37
79030,790.3
79127,791.27
79210,792.1
79295,792.95
79385,793.85
79474,794.74
79562,795.62
79653,796.53
79756,797.56
79858,798.58
79956,799.56
80054,800.54
80157,801.57
80253,802.53
80352,803.52
80447,804.47
80540,805.4
80631,806.31
80725,807.25
80815,808.15
80901,809.01
80993,809.93
81084,810.84
81174,811.74
81266,812.66
81350,813.5
81436,814.36
81520,815.2
81615,816.15
81710,817.1
81798,817.98
81888,818.88
81973,819.73
82054,820.54
82137,821.37
82230,822.3
82328,823.28
82421,824.21
82517,825.17
82611,826.11
82701,827.01
82791,827.91
82887,828.87
82984,829.84
83076,830.76
83174,831.74
83270,832.7
83367,833.67
83467,834.67
83571,835.71
83666,836.66
83763,837.63
83870,838.7
83957,839.57
84037,840.37
84125,841.25
84223,842.23
84322,843.22
84402,844.02
84484,844.84
84573,845.73
84658,846.58
84743,847.43
84829,848.29
84918,849.18
85008,850.08
85098,850.98
85186,851.86
85281,852.81
85375,853.75
85463,854.63
85554,855.54
85646,856.46
85740,857.4
85829,858.29
85919,859.19
86016,860.16
86107,861.07
86197,861.97
86298,862.98
86398,863.98
86492,864.92
86584,865.84
86694,866.94
86805,868.05
86891,868.91
86969,869.69
87043,870.43
87123,871.23
87211,872.11
87292,872.92
87371,873.71
87446,874.46
87518,875.18
87589,875.89
87661,876.61
87735,877.35
87811,878.11
87896,878.96
87989,879.89
88078,880.78
88172,881.72
88274,882.74
88367,883.67
88458,884.58
88557,885.57
88650,886.5
88740,887.4
88831,888.31
88923,889.23
89011,890.11
89098,890.98
89187,891.87
89273,892.73
89361,893.61
89452,894.52
89540,895.4
89626,896.26
89725,897.25
89823,898.23
89915,899.15
90009,900.09
90110,901.1
90208,902.08
90304,903.04
90413,904.13
90507,905.07
90588,905.88
90668,906.68
90762,907.62
90864,908.64
90950,909.5
91031,910.31
91111,911.11
91192,911.92
91273,912.73
91355,913.55
91445,914.45
91535,915.35
91626,916.26
91721,917.21
91822,918.22
91913,919.13
92004,920.04
92104,921.04
92202,922.02
92297,922.97
92406,924.06
92513,925.13
92622,926.22
92710,927.1
92790,927.9
92872,928.72
92969,929.69
93056,930.56
93136,931.36
93218,932.18
93302,933.02
93389,933.89
93477,934.77
93564,935.64
93655,936.55
93747,937.47
93837,938.37
93932,939.32
94047,940.47
94150,941.5
94246,942.46
94338,943.38
94442,944.42
94544,945.44
94637,946.37
94727,947.27
94817,948.17
94907,949.07
94999,949.99
95098,950.98
95196,951.96
95291,952.91
95389,953.89
95493,954.93
95587,955.87
95678,956.78
95782,957.82
95887,958.87
95971,959.71
96050,960.5
96133,961.33
96224,962.24
96315,963.15
96397,963.97
96482,964.82
96570,965.7
96654,966.54
96737,967.37
96824,968.24
96911,969.11
96997,969.97
97086,970.86
97180,971.8
97277,972.77
97369,973.69
97460,974.6
97547,975.47
97639,976.39
97737,977.37
97831,978.31
97919,979.19
98009,980.09
98103,981.03
98195,981.95
98282,982.82
98371,983.71
98460,984.6
98546,985.46
98635,986.35
98741,987.41
98847,988.47
98930,989.3
99007,990.07
99083,990.83
99156,991.56
99227,992.27
99298,992.98
99370,993.7
99446,994.46
99525,995.25
99606,996.06
99693,996.93
99791,997.91
99879,998.79
99970,999.7
100066,1000.66
100159,1001.59
100253,1002.53
100350,1003.5
100442,1004.42
100531,1005.31
100623,1006.23
100715,1007.15
100802,1008.02
100889,1008.89
100978,1009.78
101067,1010.67
101155,1011.55
101247,1012.47
101339,1013.39
101431,1014.31
101522,1015.22
101621,1016.21
101721,1017.21
101823,1018.23
101931,1019.31
102040,1020.4
102143,1021.43
102237,1022.37
102343,1023.43
102447,1024.47
102541,1025.41
102622,1026.22
102697,1026.97
102771,1027.71
102859,1028.59
102945,1029.45
103026,1030.26
103107,1031.07
103192,1031.92
103283,1032.83
103369,1033.69
103454,1034.54
103541,1035.41
103626,1036.26
103722,1037.22
103823,1038.23
103915,1039.15
104004,1040.04
104097,1040.97
104188,1041.88
104278,1042.78
104371,1043.71
104466,1044.66
104556,1045.56
104645,1046.45
104740,1047.4
104835,1048.35
104923,1049.23
105016,1050.16
105112,1051.12
105206,1052.06
105300,1053.0
105399,1053.99
105499,1054.99
105599,1055.99
105688,1056.88
105768,1057.68
105852,1058.52
105952,1059.52
106046,1060.46
106135,1061.35
106229,1062.29
106321,1063.21
106407,1064.07
106499,1064.99
106594,1065.94
106683,1066.83
106779,1067.79
106887,1068.87
106988,1069.88
107087,1070.87
107184,1071.84
107288,1072.88
107385,1073.85
107475,1074.75
107569,1075.69
107660,1076.6
107749,1077.49
107842,1078.42
107934,1079.34
108021,1080.21
108107,1081.07
108211,1082.11
108306,1083.06
108390,1083.9
108467,1084.67
108544,1085.44
108623,1086.23
108698,1086.98
108769,1087.69
108841,1088.41
108912,1089.12
108989,1089.89
109067,1090.67
109146,1091.46
109231,1092.31
109325,1093.25
109417,1094.17
109506,1095.06
109595,1095.95
109691,1096.91
109785,1097.85
109878,1098.78
109967,1099.67
110059,1100.59
110148,1101.48
110241,1102.41
110334,1103.34
110422,1104.22
110512,1105.12
110605,1106.05
110697,1106.97
110784,1107.84
110872,1108.72
110963,1109.63
111053,1110.53
111150,1111.5
111255,1112.55
111347,1113.47
111433,1114.33
111519,1115.19
111611,1116.11
111704,1117.04
111792,1117.92
111879,1118.79
111970,1119.7
112062,1120.62
112153,1121.53
112240,1122.4
112342,1123.42
112444,1124.44
112526,1125.26
112603,1126.03
112679,1126.79
112765,1127.65
112847,1128.47
112924,1129.24
112999,1129.99
113075,1130.75
113155,1131.55
113235,1132.35
113316,1133.16
113411,1134.11
113505,1135.05
113599,1135.99
113707,1137.07
113811,1138.11
113911,1139.11
114017,1140.17
114119,1141.19
114211,1142.11
114303,1143.03
114399,1143.99
114496,1144.96
114588,1145.88
114676,1146.76
114773,1147.73
114872,1148.72
114964,1149.64
115058,1150.58
115162,1151.62
115261,1152.61
115353,1153.53
115448,1154.48
115549,1155.49
115645,1156.45
115742,1157.42
115851,1158.51
115950,1159.5
116044,1160.44
116148,1161.48
116244,1162.44
116335,1163.35
116415,1164.15
116491,1164.91
116568,1165.68
116652,1166.52
116734,1167.34
116816,1168.16
116903,1169.03
116997,1169.97
117083,1170.83
117165,1171.65
117253,1172.53
117345,1173.45
117433,1174.33
117523,1175.23
117621,1176.21
117716,1177.16
117811,1178.11
117913,1179.13
118016,1180.16
118108,1181.08
118202,1182.02
118300,1183.0
118398,1183.98
118489,1184.89
118575,1185.75
118665,1186.65
118760,1187.6
118848,1188.48
118935,1189.35
119027,1190.27
119118,1191.18
119205,1192.05
119307,1193.07
119418,1194.18
119521,1195.21
119611,1196.11
119692,1196.92
119776,1197.76
119863,1198.63
119945,1199.45
120022,1200.22
120104,1201.04
120192,1201.92
120282,1202.82
120367,1203.67
120454,1204.54
120547,1205.47
120640,1206.4
120728,1207.28
120821,1208.21
120914,1209.14
121005,1210.05
121100,1211.0
121198,1211.98
121301,1213.01
121401,1214.01
121502,1215.02
121608,1216.08
121710,1217.1
121805,1218.05
121903,1219.03
122006,1220.06
122116,1221.16
122211,1222.11
122294,1222.94
122378,1223.78
122475,1224.75
122573,1225.73
122662,1226.62
122752,1227.52
122852,1228.52
122946,1229.46
123033,1230.33
123126,1231.26
123223,1232.23
123313,1233.13
123405,1234.05
123500,1235.0
123590,1235.9
123678,1236.78
123771,1237.71
123868,1238.68
123965,1239.65
124056,1240.56
124155,1241.55
124254,1242.54
124347,1243.47
124435,1244.35
124533,1245.33
124632,1246.32
124716,1247.16
124795,1247.95
124875,1248.75
124956,1249.56
125033,1250.33
125112,1251.12
125194,1251.94
125282,1252.82
125368,1253.68
125451,1254.51
125534,1255.34
125624,1256.24
125714,1257.14
125801,1258.01
125894,1258.94
125991,1259.91
126081,1260.81
126176,1261.76
126276,1262.76
126379,1263.79
126474,1264.74
126573,1265.73
126676,1266.76
126773,1267.73
126861,1268.61
126950,1269.5
127047,1270.47
127141,1271.41
127234,1272.34
127326,1273.26
127431,1274.31
127529,1275.29
127621,1276.21
127715,1277.15
127817,1278.17
127908,1279.08
127996,1279.96
128090,1280.9
128195,1281.95
128290,1282.9
128383,1283.83
128488,1284.88
128594,1285.94
128677,1286.77
128755,1287.55
128829,1288.29
128908,1289.08
128991,1289.91
129064,1290.64
129138,1291.38
129213,1292.13
129294,1292.94
129373,1293.73
129454,1294.54
129540,1295.4
129627,1296.27
129709,1297.09
129792,1297.92
129879,1298.79
129971,1299.71
130057,1300.57
130148,1301.48
130246,1302.46
130342,1303.42
130437,1304.37
130530,1305.3
130618,1306.18
130710,1307.1
130805,1308.05
130898,1308.98
130986,1309.86
131078,1310.78
131169,1311.69
131255,1312.55
131339,1313.39
131431,1314.31
131530,1315.3
131625,1316.25
131720,1317.2
131829,1318.29
131930,1319.3
132022,1320.22
132105,1321.05
132184,1321.84
132269,1322.69
132368,1323.68
132468,1324.68
132554,1325.54
132635,1326.35
132718,1327.18
132836,1328.36
132944,1329.44
133041,1330.41
133145,1331.45
133253,1332.53
133356,1333.56
133456,1334.56
133564,1335.64
133667,1336.67
133762,1337.62
133855,1338.55
133949,1339.49
134040,1340.4
134128,1341.28
134230,1342.3
134328,1343.28
134421,1344.21
134517,1345.17
134614,1346.14
134713,1347.13
134806,1348.06
134897,1348.97
134995,1349.95
135085,1350.85
135165,1351.65
135244,1352.44
135327,1353.27
135418,1354.18
135499,1354.99
135576,1355.76
135654,1356.54
135738,1357.38
135821,1358.21
135904,1359.04
135996,1359.96
136091,1360.91
136179,1361.79
136270,1362.7
136368,1363.68
136461,1364.61
136549,1365.49
136641,1366.41
136743,1367.43
136842,1368.42
136936,1369.36
137028,1370.28
137127,1371.27
137223,1372.23
137312,1373.12
137399,1373.99
137491,1374.91
137592,1375.92
137686,1376.86
137777,1377.77
137886,1378.86
137987,1379.87
138083,1380.83
138184,1381.84
138287,1382.87
138385,1383.85
138480,1384.8
138585,1385.85
138683,1386.83
138784,1387.84
138885,1388.85
138969,1389.69
139047,1390.47
139128,1391.28
139222,1392.22
139304,1393.04
139383,1393.83
139464,1394.64
139545,1395.45
139625,1396.25
139706,1397.06
139794,1397.94
139881,1398.81
139969,1399.69
140065,1400.65
140168,1401.68
140267,1402.67
140365,1403.65
140467,1404.67
140563,1405.63
140660,1406.6
140759,1407.59
140849,1408.49
140937,1409.37
141031,1410.31
141121,1411.21
141209,1412.09
141305,1413.05
141411,1414.11
141506,1415.06
141598,1415.98
141700,1417.0
141809,1418.09
141908,1419.08
142002,1420.02
142109,1421.09
142210,1422.1
142304,1423.04
142405,1424.05
142504,1425.04
142598,1425.98
142697,1426.97
142797,1427.97
142905,1429.05
142990,1429.9
143070,1430.7
143158,1431.58
143242,1432.42
143321,1433.21
143399,1433.99
143478,1434.78
143557,1435.57
143637,1436.37
143729,1437.29
143824,1438.24
143909,1439.09
143989,1439.89
144069,1440.69
144152,1441.52
144240,1442.4
144324,1443.24
144407,1444.07
144496,1444.96
144586,1445.86
144674,1446.74
144760,1447.6
144849,1448.49
144943,1449.43
145037,1450.37
145127,1451.27
145219,1452.19
145317,1453.17
145410,1454.1
145498,1454.98
145591,1455.91
145686,1456.86
145775,1457.75
145863,1458.63
145962,1459.62
146063,1460.63
146159,1461.59
146249,1462.49
146346,1463.46
146454,1464.54
146555,1465.55
146649,1466.49
146755,1467.55
146860,1468.6
146959,1469.59
147060,1470.6
147165,1471.65
147266,1472.66
147358,1473.58
147457,1474.57
147552,1475.52
147646,1476.46
147728,1477.28
147807,1478.07
147894,1478.94
147979,1479.79
148058,1480.58
148140,1481.4
148225,1482.25
148306,1483.06
148386,1483.86
148465,1484.65
148547,1485.47
148629,1486.29
148713,1487.13
148808,1488.08
148910,1489.1
149005,1490.05
149110,1491.1
149214,1492.14
149314,1493.14
149425,1494.25
149530,1495.3
149625,1496.25
149723,1497.23
149825,1498.25
149921,1499.21
150010,1500.1
150100,1501.0
150192,1501.92
150279,1502.79
150366,1503.66
150466,1504.66
150560,1505.6
150652,1506.52
150751,1507.51
150854,1508.54
150954,1509.54
151052,1510.52
151164,1511.64
151266,1512.66
151361,1513.61
151459,1514.59
151555,1515.55
151652,1516.52
151741,1517.41
151826,1518.26
151905,1519.05
151982,1519.82
152066,1520.66
152165,1521.65
152250,1522.5
152329,1523.29
152409,1524.09
152492,1524.92
152573,1525.73
152653,1526.53
152743,1527.43
152842,1528.42
152936,1529.36
153031,1530.31
153138,1531.38
153242,1532.42
153337,1533.37
153433,1534.33
153539,1535.39
153638,1536.38
153734,1537.34
153835,1538.35
153935,1539.35
154031,1540.31
154127,1541.27
154229,1542.29
154324,1543.24
154413,1544.13
154500,1545.0
154591,1545.91
154688,1546.88
154778,1547.78
154864,1548.64
154956,1549.56
155053,1550.53
155148,1551.48
155244,1552.44
155356,1553.56
155462,1554.62
155558,1555.58
155663,1556.63
155770,1557.7
155868,1558.68
155979,1559.79
156091,1560.91
156177,1561.77
156255,1562.55
156332,1563.32
156421,1564.21
156505,1565.05
156584,1565.84
156665,1566.65
156752,1567.52
156835,1568.35
156917,1569.17
157001,1570.01
157091,1570.91
157177,1571.77
157263,1572.63
157359,1573.59
157464,1574.64
157560,1575.6
157656,1576.56
157756,1577.56
157850,1578.5
157952,1579.52
158056,1580.56
158161,1581.61
158259,1582.59
158350,1583.5
158442,1584.42
158537,1585.37
158626,1586.26
158715,1587.15
158804,1588.04
158905,1589.05
159000,1590.0
159092,1590.92
159180,1591.8
159278,1592.78
159378,1593.78
159470,1594.7
159562,1595.62
159674,1596.74
159776,1597.76
159872,1598.72
159979,1599.79
160083,1600.83
160177,1601.77
160270,1602.7
160365,1603.65
160452,1604.52
160530,1605.3
160611,1606.11
160701,1607.01
160782,1607.82
160866,1608.66
160956,1609.56
161040,1610.4
161120,1611.2
161201,1612.01
161291,1612.91
161380,1613.8
161469,1614.69
161566,1615.66
161661,1616.61
161756,1617.56
161859,1618.59
161963,1619.63
162063,1620.63
162174,1621.74
162282,1622.82
162385,1623.85
162495,1624.95
162603,1626.03
162704,1627.04
162805,1628.05
162913,1629.13
163012,1630.12
163105,1631.05
163191,1631.91
163282,1632.82
163379,1633.79
163471,1634.71
163561,1635.61
163660,1636.6
163764,1637.64
163858,1638.58
163952,1639.52
164049,1640.49
164145,1641.45
164238,1642.38
164340,1643.4
164447,1644.47
164541,1645.41
164650,1646.5
164735,1647.35
164815,1648.15
164897,1648.97
164990,1649.9
165084,1650.84
165163,1651.63
165244,1652.44
165327,1653.27
165409,1654.09
165488,1654.88
165572,1655.72
165667,1656.67
165754,1657.54
165846,1658.46
165955,1659.55
166054,1660.54
166154,1661.54
166258,1662.58
166355,1663.55
166449,1664.49
166548,1665.48
166650,1666.5
166745,1667.45
166838,1668.38
166931,1669.31
167040,1670.4
167141,1671.41
167233,1672.33
167324,1673.24
167423,1674.23
167522,1675.22
167616,1676.16
167707,1677.07
167808,1678.08
167915,1679.15
168013,1680.13
168107,1681.07
168225,1682.25
168328,1683.28
168422,1684.22
168524,1685.24
168620,1686.2
168708,1687.08
168810,1688.1
168904,1689.04
168987,1689.87
169067,1690.67
169153,1691.53
169241,1692.41
169321,1693.21
169399,1693.99
169477,1694.77
169555,1695.55
169631,1696.31
169710,1697.1
169795,1697.95
169879,1698.79
169969,1699.69
170068,1700.68
170162,1701.62
170256,1702.56
170361,1703.61
170461,1704.61
170565,1705.65
170681,1706.81
170792,1707.92
170895,1708.95
170997,1709.97
171105,1711.05
171204,1712.04
171299,1712.99
171388,1713.88
171474,1714.74
171558,1715.58
171646,1716.46
171748,1717.48
171841,1718.41
171934,1719.34
172039,1720.39
172141,1721.41
172237,1722.37
172341,1723.41
172441,1724.41
172538,1725.38
172644,1726.44
172746,1727.46
172840,1728.4
172946,1729.46
173042,1730.42
173132,1731.32
173212,1732.12
173291,1732.91
173378,1733.78
173469,1734.69
173551,1735.51
173633,1736.33
173718,1737.18
173798,1737.98
173880,1738.8
173963,1739.63
174047,1740.47
174131,1741.31
174221,1742.21
174322,1743.22
174422,1744.22
174521,1745.21
174628,1746.28
174732,1747.32
174830,1748.3
174931,1749.31
175031,1750.31
175127,1751.27
175219,1752.19
175313,1753.13
175414,1754.14
175516,1755.16
175611,1756.11
175704,1757.04
175799,1757.99
175890,1758.9
175983,1759.83
176083,1760.83
176177,1761.77
176269,1762.69
176360,1763.6
176459,1764.59
176552,1765.52
176643,1766.43
176745,1767.45
176843,1768.43
176936,1769.36
177039,1770.39
177135,1771.35
177229,1772.29
177317,1773.17
177401,1774.01
177480,1774.8
177558,1775.58
177646,1776.46
177729,1777.29
177809,1778.09
177889,1778.89
177969,1779.69
178048,1780.48
178129,1781.29
178222,1782.22
178315,1783.15
178406,1784.06
178512,1785.12
178615,1786.15
178710,1787.1
178809,1788.09
178908,1789.08
179001,1790.01
179097,1790.97
179198,1791.98
179294,1792.94
179385,1793.85
179479,1794.79
179582,1795.82
179684,1796.84
179779,1797.79
179877,1798.77
179986,1799.86
180084,1800.84
180176,1801.76
180268,1802.68
180367,1803.67
180462,1804.62
180555,1805.55
180651,1806.51
180756,1807.56
180850,1808.5
180943,1809.43
181052,1810.52
181159,1811.59
181254,1812.54
181361,1813.61
181469,1814.69
181551,1815.51
181631,1816.31
181721,1817.21
181824,1818.24
181907,1819.07
181989,1819.89
182071,1820.71
182155,1821.55
182239,1822.39
182328,1823.28
182422,1824.22
182515,1825.15
182622,1826.22
182736,1827.36
182839,1828.39
182941,1829.41
183046,1830.46
183143,1831.43
183238,1832.38
183334,1833.34
183425,1834.25
183512,1835.12
183601,1836.01
183697,1836.97
183789,1837.89
183877,1838.77
183973,1839.73
184076,1840.76
184165,1841.65
184253,1842.53
184350,1843.5
184457,1844.57
184555,1845.55
184659,1846.59
184765,1847.65
184865,1848.65
184982,1849.82
185090,1850.9
185189,1851.89
185293,1852.93
185398,1853.98
185490,1854.9
185573,1855.73
185664,1856.64
185771,1857.71
185856,1858.56
185938,1859.38
186018,1860.18
186096,1860.96
186173,1861.73
186249,1862.49
186331,1863.31
186414,1864.14
186500,1865.0
186590,1865.9
186684,1866.84
186778,1867.78
186875,1868.75
186974,1869.74
187068,1870.68
187166,1871.66
187278,1872.78
187384,1873.84
187477,1874.77
187570,1875.7
187668,1876.68
187759,1877.59
187847,1878.47
187947,1879.47
188047,1880.47
188139,1881.39
188231,1882.31
188333,1883.33
188433,1884.33
188529,1885.29
188624,1886.24
188728,1887.28
188835,1888.35
188938,1889.38
189049,1890.49
189155,1891.55
189251,1892.51
189364,1893.64
189474,1894.74
189576,1895.76
189650,1896.5
189725,1897.25
189813,1898.13
189902,1899.02
190018,1900.18
190134,1901.34
190221,1902.21
190302,1903.02
190383,1903.83
190463,1904.63
190543,1905.43
190623,1906.23
190701,1907.01
190781,1907.81
190866,1908.66
190982,1909.82
191093,1910.93
191194,1911.94
191302,1913.02
191413,1914.13
191518,1915.18
191631,1916.31
191743,1917.43
191847,1918.47
191946,1919.46
192044,1920.44
192137,1921.37
192229,1922.29
192323,1923.23
192414,1924.14
192506,1925.06
192602,1926.02
192696,1926.96
192789,1927.89
192888,1928.88
192989,1929.89
193089,1930.89
193180,1931.8
193271,1932.71
193370,1933.7
193470,1934.7
193568,1935.68
193666,1936.66
193769,1937.69
193872,1938.72
193968,1939.68
194068,1940.68
194175,1941.75
194277,1942.77
194388,1943.88
194499,1944.99
194594,1945.94
194688,1946.88
194771,1947.71
194850,1948.5
194933,1949.33
195035,1950.35
195138,1951.38
195221,1952.21
195306,1953.06
195398,1953.98
195480,1954.8
195560,1955.6
195640,1956.4
195718,1957.18
195799,1957.99
195881,1958.81
195973,1959.73
196072,1960.72
196170,1961.7
196270,1962.7
196369,1963.69
196463,1964.63
196559,1965.59
196658,1966.58
196758,1967.58
196853,1968.53
196946,1969.46
197041,1970.41
197132,1971.32
197225,1972.25
197324,1973.24
197422,1974.22
197524,1975.24
197628,1976.28
197725,1977.25
197821,1978.21
197924,1979.24
198032,1980.32
198130,1981.3
198231,1982.31
198338,1983.38
198446,1984.46
198540,1985.4
198647,1986.47
198743,1987.43
198832,1988.32
198913,1989.13
198998,1989.98
199094,1990.94
199191,1991.91
199275,1992.75
199363,1993.63
199449,1994.49
199530,1995.3
199613,1996.13
199701,1997.01
199787,1997.87
199878,1998.78
199980,1999.8
200082,2000.82
200180,2001.8
200281,2002.81
200379,2003.79
200491,2004.91
200601,2006.01
200705,2007.05
200810,2008.1
200914,2009.14
201014,2010.14
201105,2011.05
201196,2011.96
201298,2012.98
201403,2014.03
201502,2015.02
201593,2015.93
201686,2016.86
201792,2017.92
201887,2018.87
201978,2019.78
202073,2020.73
202179,2021.79
202274,2022.74
202368,2023.68
202467,2024.67
202569,2025.69
202666,2026.66
202758,2027.58
202848,2028.48
202932,2029.32
203014,2030.14
203098,2030.98
203184,2031.84
203264,2032.64
203343,2033.43
203422,2034.22
203502,2035.02
203581,2035.81
203661,2036.61
203744,2037.44
203828,2038.28
203912,2039.12
204007,2040.07
204103,2041.03
204197,2041.97
204296,2042.96
204398,2043.98
204493,2044.93
204590,2045.9
204694,2046.94
204794,2047.94
204890,2048.9
204985,2049.85
205085,2050.85
205183,2051.83
205277,2052.77
205372,2053.72
205474,2054.74
205568,2055.68
205656,2056.56
205745,2057.45
205844,2058.44
205938,2059.38
206029,2060.29
206124,2061.24
206229,2062.29
206323,2063.23
206416,2064.16
206520,2065.2
206626,2066.26
206730,2067.3
206838,2068.38
206944,2069.44
207047,2070.47
207144,2071.44
207250,2072.5
207353,2073.53
207446,2074.46
207526,2075.26
207607,2076.07
207700,2077.0
207793,2077.93
207879,2078.79
207962,2079.62
208043,2080.43
208124,2081.24
208203,2082.03
208282,2082.82
208362,2083.62
208448,2084.48
208535,2085.35
208622,2086.22
208717,2087.17
208812,2088.12
208903,2089.03
208998,2089.98
209092,2090.92
209181,2091.81
209275,2092.75
209376,2093.76
209472,2094.72
209561,2095.61
209650,2096.5
209741,2097.41
209835,2098.35
209923,2099.23
210011,2100.11
210102,2101.02
210198,2101.98
210286,2102.86
210376,2103.76
210470,2104.7
210568,2105.68
210660,2106.6
210754,2107.54
210863,2108.63
210962,2109.62
211057,2110.57
211158,2111.58
211266,2112.66
211365,2113.65
211470,2114.7
211581,2115.81
211681,2116.81
211775,2117.75
211879,2118.79
211983,2119.83
212065,2120.65
212144,2121.44
212224,2122.24
212305,2123.05
212382,2123.82
212461,2124.61
212540,2125.4
212623,2126.23
212702,2127.02
212783,2127.83
212861,2128.61
212940,2129.4
213019,2130.19
213106,2131.06
213201,2132.01
213294,2132.94
213383,2133.83
213477,2134.77
213576,2135.76
213678,2136.78
213777,2137.77
213877,2138.77
213982,2139.82
214076,2140.76
214170,2141.7
214263,2142.63
214352,2143.52
214443,2144.43
214540,2145.4
214641,2146.41
214735,2147.35
214828,2148.28
214934,2149.34
215039,2150.39
215133,2151.33
215230,2152.3
215331,2153.31
215424,2154.24
215515,2155.15
215627,2156.27
215724,2157.24
215835,2158.35
215952,2159.52
216051,2160.51
216148,2161.48
216255,2162.55
216362,2163.62
216446,2164.46
216531,2165.31
216635,2166.35
216739,2167.39
216827,2168.27
216918,2169.18
217004,2170.04
217089,2170.89
217178,2171.78
217268,2172.68
217364,2173.64
217461,2174.61
217555,2175.55
217666,2176.66
217775,2177.75
217874,2178.74
217975,2179.75
218080,2180.8
218178,2181.78
218273,2182.73
218372,2183.72
218463,2184.63
218554,2185.54
218650,2186.5
218740,2187.4
218842,2188.42
218951,2189.51
219053,2190.53
219150,2191.5
219254,2192.54
219369,2193.69
219466,2194.66
219559,2195.59
219666,2196.66
219759,2197.59
219856,2198.56
219956,2199.56
220041,2200.41
220124,2201.24
220211,2202.11
220300,2203.0
220385,2203.85
220468,2204.68
220551,2205.51
220636,2206.36
220721,2207.21
220806,2208.06
220902,2209.02
220999,2209.99
221091,2210.91
221184,2211.84
221283,2212.83
221373,2213.73
221466,2214.66
221561,2215.61
221652,2216.52
221744,2217.44
221850,2218.5
221948,2219.48
222044,2220.44
222156,2221.56
222262,2222.62
222360,2223.6
222466,2224.66
222576,2225.76
222674,2226.74
222767,2227.67
222863,2228.63
222957,2229.57
223051,2230.51
223153,2231.53
223261,2232.61
223363,2233.63
223473,2234.73
223579,2235.79
223670,2236.7
223756,2237.56
223837,2238.37
223915,2239.15
224001,2240.01
224100,2241.0
224182,2241.82
224260,2242.6
224339,2243.39
224415,2244.15
224491,2244.91
224566,2245.66
224643,2246.43
224717,2247.17
224791,2247.91
224866,2248.66
224942,2249.42
225026,2250.26
225119,2251.19
225224,2252.24
225325,2253.25
225433,2254.33
225542,2255.42
225652,2256.52
225758,2257.58
225864,2258.64
225971,2259.71
226068,2260.68
226162,2261.62
226260,2262.6
226358,2263.58
226449,2264.49
226537,2265.37
226623,2266.23
226715,2267.15
226802,2268.02
226889,2268.89
226987,2269.87
227086,2270.86
227178,2271.78
227269,2272.69
227377,2273.77
227475,2274.75
227569,2275.69
227667,2276.67
227774,2277.74
227876,2278.76
227973,2279.73
228088,2280.88
228204,2282.04
228299,2282.99
228386,2283.86
228466,2284.66
228547,2285.47
228655,2286.55
228763,2287.63
228854,2288.54
228940,2289.4
229023,2290.23
229103,2291.03
229179,2291.79
229255,2292.55
229333,2293.33
229455,2294.55
229566,2295.66
229669,2296.69
229776,2297.76
229876,2298.76
229977,2299.77
230084,2300.84
230185,2301.85
230285,2302.85
230390,2303.9
230491,2304.91
230585,2305.85
230683,2306.83
230778,2307.78
230869,2308.69
230968,2309.68
231067,2310.67
231159,2311.59
231260,2312.6
231372,2313.72
231482,2314.82
231585,2315.85
231692,2316.92
231798,2317.98
231897,2318.97
232003,2320.03
232104,2321.04
232201,2322.01
232309,2323.09
232414,2324.14
232511,2325.11
232618,2326.18
232710,2327.1
232791,2327.91
232869,2328.69
232942,2329.42
233016,2330.16
233090,2330.9
233166,2331.66
233240,2332.4
233311,2333.11
233381,2333.81
233450,2334.5
233519,2335.19
233586,2335.86
233653,2336.53
233720,2337.2
233787,2337.87
233854,2338.54
233921,2339.21
233989,2339.89
234058,2340.58
234134,2341.34
234223,2342.23
234317,2343.17
234429,2344.29
234533,2345.33
234635,2346.35
234741,2347.41
234843,2348.43
234939,2349.39
235032,2350.32
235131,2351.31
235223,2352.23
235315,2353.15
235418,2354.18
235512,2355.12
235608,2356.08
235716,2357.16
235812,2358.12
235909,2359.09
236025,2360.25
236132,2361.32
236227,2362.27
236319,2363.19
236414,2364.14
236506,2365.06
236603,2366.03
236713,2367.13
236807,2368.07
236899,2368.99
236995,2369.95
237090,2370.9
237172,2371.72
237253,2372.53
237345,2373.45
237428,2374.28
237509,2375.09
237590,2375.9
237672,2376.72
237754,2377.54
237834,2378.34
237916,2379.16
237999,2379.99
238086,2380.86
238197,2381.97
238302,2383.02
238401,2384.01
238507,2385.07
238607,2386.07
238708,2387.08
238815,2388.15
238918,2389.18
239025,2390.25
239134,2391.34
239233,2392.33
239331,2393.31
239441,2394.41
239542,2395.42
239643,2396.43
239732,2397.32
239824,2398.24
239926,2399.26
240021,2400.21
240127,2401.27
240240,2402.4
240345,2403.45
240443,2404.43
240562,2405.62
240672,2406.72
240772,2407.72
240885,2408.85
240986,2409.86
241080,2410.8
241191,2411.91
241286,2412.86
241369,2413.69
241450,2414.5
241513,2415.13
241577,2415.77
241678,2416.78
241765,2417.65
241850,2418.5
241934,2419.34
242016,2420.16
242100,2421.0
242198,2421.98
242294,2422.94
242394,2423.94
242502,2425.02
242601,2426.01
242702,2427.02
242805,2428.05
242904,2429.04
243006,2430.06
243111,2431.11
243210,2432.1
243310,2433.1
243405,2434.05
243496,2434.96
243586,2435.86
243681,2436.81
243770,2437.7
243862,2438.62
243961,2439.61
244055,2440.55
244150,2441.5
244250,2442.5
244349,2443.49
244449,2444.49
244563,2445.63
244671,2446.71
244768,2447.68
244876,2448.76
244985,2449.85
245089,2450.89
245197,2451.97
245303,2453.03
245404,2454.04
245509,2455.09
245622,2456.22
245712,2457.12
245792,2457.92
245877,2458.77
245969,2459.69
246051,2460.51
246129,2461.29
246208,2462.08
246289,2462.89
246371,2463.71
246450,2464.5
246532,2465.32
246617,2466.17
246706,2467.06
246794,2467.94
246893,2468.93
246991,2469.91
247090,2470.9
247196,2471.96
247297,2472.97
247399,2473.99
247503,2475.03
247603,2476.03
247695,2476.95
247793,2477.93
247888,2478.88
247980,2479.8
248077,2480.77
248186,2481.86
248285,2482.85
248383,2483.83
248487,2484.87
248581,2485.81
248674,2486.74
248771,2487.71
248875,2488.75
248971,2489.71
249069,2490.69
249182,2491.82
249296,2492.96
249403,2494.03
249521,2495.21
249625,2496.25
249736,2497.36
249851,2498.51
249952,2499.52
250052,2500.52
250159,2501.59
250263,2502.63
250372,2503.72
250475,2504.75
250563,2505.63
250645,2506.45
250730,2507.3
250810,2508.1
250890,2508.9
250969,2509.69
251046,2510.46
251125,2511.25
251205,2512.05
251287,2512.87
251373,2513.73
251467,2514.67
251558,2515.58
251656,2516.56
251767,2517.67
251871,2518.71
251980,2519.8
252086,2520.86
252184,2521.84
252287,2522.87
252391,2523.91
252487,2524.87
252577,2525.77
252671,2526.71
252771,2527.71
252862,2528.62
252952,2529.52
253051,2530.51
253149,2531.49
253241,2532.41
253359,2533.59
253466,2534.66
253562,2535.62
253663,2536.63
253762,2537.62
253855,2538.55
253948,2539.48
254050,2540.5
254168,2541.68
254292,2542.92
254409,2544.09
254532,2545.32
254639,2546.39
254746,2547.46
254856,2548.56
254941,2549.41
255022,2550.22
255102,2551.02
255180,2551.8
255258,2552.58
255344,2553.44
255429,2554.29
255511,2555.11
255593,2555.93
255679,2556.79
255764,2557.64
255852,2558.52
255953,2559.53
256056,2560.56
256159,2561.59
256276,2562.76
256382,2563.82
256485,2564.85
256593,2565.93
256697,2566.97
256808,2568.08
256916,2569.16
257017,2570.17
257109,2571.09
257199,2571.99
257293,2572.93
257382,2573.82
257468,2574.68
257559,2575.59
257659,2576.59
257750,2577.5
257846,2578.46
257947,2579.47
258047,2580.47
258141,2581.41
258240,2582.4
258351,2583.51
258451,2584.51
258555,2585.55
258663,2586.63
258764,2587.64
258874,2588.74
258982,2589.82
259082,2590.82
259175,2591.75
259260,2592.6
259339,2593.39
259418,2594.18
259485,2594.85
259553,2595.53
259644,2596.44
259727,2597.27
259812,2598.12
259894,2598.94
259975,2599.75
260058,2600.58
260156,2601.56
260247,2602.47
260362,2603.62
260477,2604.77
260586,2605.86
260702,2607.02
260807,2608.07
260909,2609.09
261017,2610.17
261116,2611.16
261211,2612.11
261298,2612.98
261403,2614.03
261508,2615.08
261599,2615.99
261698,2616.98
261797,2617.97
261893,2618.93
261997,2619.97
262107,2621.07
262212,2622.12
262313,2623.13
262425,2624.25
262529,2625.29
262625,2626.25
262726,2627.26
262829,2628.29
262933,2629.33
263045,2630.45
263160,2631.6
263260,2632.6
263345,2633.45
263427,2634.27
263521,2635.21
263612,2636.12
263699,2636.99
263792,2637.92
263879,2638.79
263972,2639.72
264069,2640.69
264163,2641.63
264267,2642.67
264363,2643.63
264466,2644.66
264574,2645.74
264678,2646.78
264793,2647.93
264904,2649.04
265002,2650.02
265100,2651.0
265212,2652.12
265313,2653.13
265407,2654.07
265516,2655.16
265618,2656.18
265718,2657.18
265820,2658.2
265929,2659.29
266029,2660.29
266139,2661.39
266252,2662.52
266355,2663.55
266467,2664.67
266578,2665.78
266677,2666.77
266771,2667.71
266885,2668.85
266987,2669.87
267086,2670.86
267196,2671.96
267300,2673.0
267385,2673.85
267466,2674.66
267542,2675.42
267616,2676.16
267690,2676.9
267764,2677.64
267840,2678.4
267917,2679.17
267996,2679.96
268071,2680.71
268146,2681.46
268223,2682.23
268302,2683.02
268382,2683.82
268466,2684.66
268557,2685.57
268644,2686.44
268737,2687.37
268833,2688.33
268923,2689.23
269014,2690.14
269106,2691.06
269197,2691.97
269288,2692.88
269378,2693.78
269469,2694.69
269558,2695.58
269642,2696.42
269725,2697.25
269810,2698.1
269898,2698.98
269982,2699.82
270068,2700.68
270161,2701.61
270255,2702.55
270343,2703.43
270433,2704.33
270532,2705.32
270624,2706.24
270722,2707.22
270832,2708.32
270941,2709.41
271037,2710.37
271146,2711.46
271254,2712.54
271356,2713.56
271468,2714.68
271577,2715.77
271677,2716.77
271786,2717.86
271894,2718.94
271989,2719.89
272094,2720.94
272190,2721.9
272273,2722.73
272353,2723.53
272433,2724.33
272512,2725.12
272592,2725.92
272674,2726.74
272754,2727.54
272832,2728.32
272912,2729.12
272992,2729.92
273075,2730.75
273167,2731.67
273258,2732.58
273353,2733.53
273469,2734.69
273577,2735.77
273684,2736.84
273794,2737.94
273900,2739.0
274006,2740.06
274106,2741.06
274201,2742.01
274297,2742.97
274394,2743.94
274489,2744.89
274581,2745.81
274673,2746.73
274772,2747.72
274869,2748.69
274972,2749.72
275066,2750.66
275162,2751.62
275262,2752.62
275354,2753.54
275442,2754.42
275535,2755.35
275637,2756.37
275729,2757.29
275822,2758.22
275923,2759.23
276031,2760.31
276131,2761.31
276245,2762.45
276351,2763.51
276451,2764.51
276547,2765.47
276643,2766.43
276726,2767.26
276806,2768.06
276889,2768.89
276978,2769.78
277059,2770.59
277139,2771.39
277221,2772.21
277303,2773.03
277385,2773.85
277469,2774.69
277553,2775.53
277643,2776.43
277737,2777.37
277830,2778.3
277931,2779.31
278038,2780.38
278142,2781.42
278253,2782.53
278362,2783.62
278475,2784.75
278589,2785.89
278689,2786.89
278787,2787.87
278893,2788.93
278995,2789.95
279089,2790.89
279181,2791.81
279279,2792.79
279388,2793.88
279488,2794.88
279579,2795.79
279669,2796.69
279772,2797.72
279877,2798.77
279982,2799.82
280081,2800.81
280173,2801.73
280276,2802.76
280384,2803.84
280479,2804.79
280579,2805.79
280688,2806.88
280788,2807.88
280901,2809.01
281009,2810.09
281108,2811.08
281203,2812.03
281285,2812.85
281366,2813.66
281448,2814.48
281525,2815.25
281605,2816.05
281689,2816.89
281770,2817.7
281849,2818.49
281927,2819.27
282003,2820.03
282083,2820.83
282162,2821.62
282246,2822.46
282328,2823.28
282418,2824.18
282527,2825.27
282621,2826.21
282713,2827.13
282809,2828.09
282902,2829.02
282999,2829.99
283105,2831.05
283206,2832.06
283301,2833.01
283398,2833.98
283504,2835.04
283605,2836.05
283700,2837.0
283800,2838.0
283909,2839.09
284011,2840.11
284105,2841.05
284203,2842.03
284300,2843.0
284393,2843.93
284487,2844.87
284606,2846.06
284713,2847.13
284814,2848.14
284916,2849.16
285018,2850.18
285117,2851.17
285220,2852.2
285335,2853.35
285447,2854.47
285572,2855.72
285674,2856.74
285762,2857.62
285846,2858.46
285940,2859.4
286036,2860.36
286122,2861.22
286207,2862.07
286290,2862.9
286372,2863.72
286454,2864.54
286538,2865.38
286627,2866.27
286721,2867.21
286832,2868.32
286934,2869.34
287037,2870.37
287145,2871.45
287248,2872.48
287356,2873.56
287463,2874.63
287563,2875.63
287666,2876.66
287775,2877.75
287876,2878.76
287973,2879.73
288070,2880.7
288171,2881.71
288267,2882.67
288363,2883.63
288474,2884.74
288578,2885.78
288671,2886.71
288764,2887.64
288870,2888.7
288972,2889.72
289071,2890.71
289180,2891.8
289280,2892.8
289388,2893.88
289495,2894.95
289591,2895.91
289693,2896.93
289801,2898.01
289895,2898.95
289999,2899.99
290104,2901.04
290184,2901.84
290263,2902.63
290346,2903.46
290438,2904.38
290531,2905.31
290611,2906.11
290688,2906.88
290763,2907.63
290841,2908.41
290921,2909.21
291006,2910.06
291094,2910.94
291188,2911.88
291294,2912.94
291389,2913.89
291488,2914.88
291591,2915.91
291692,2916.92
291790,2917.9
291890,2918.9
291986,2919.86
292084,2920.84
292182,2921.82
292281,2922.81
292372,2923.72
292463,2924.63
292559,2925.59
292650,2926.5
292738,2927.38
292825,2928.25
292920,2929.2
293012,2930.12
293099,2930.99
293187,2931.87
293285,2932.85
293382,2933.82
293487,2934.87
293603,2936.03
293713,2937.13
293820,2938.2
293939,2939.39
294049,2940.49
294147,2941.47
294246,2942.46
294353,2943.53
294442,2944.42
294526,2945.26
294614,2946.14
294695,2946.95
294779,2947.79
294873,2948.73
294960,2949.6
295044,2950.44
295122,2951.22
295200,2952.0
295282,2952.82
295372,2953.72
295466,2954.66
295573,2955.73
295683,2956.83
295788,2957.88
295895,2958.95
295997,2959.97
296092,2960.92
296190,2961.9
296288,2962.88
296380,2963.8
296473,2964.73
296581,2965.81
296679,2966.79
296780,2967.8
296876,2968.76
296972,2969.72
297065,2970.65
297164,2971.64
297269,2972.69
297370,2973.7
297472,2974.72
297587,2975.87
297697,2976.97
297804,2978.04
297908,2979.08
298014,2980.14
298124,2981.24
298232,2982.32
298329,2983.29
298418,2984.18
298501,2985.01
298579,2985.79
298657,2986.57
298740,2987.4
298827,2988.27
298909,2989.09
298989,2989.89
299071,2990.71
299151,2991.51
299231,2992.31
299315,2993.15
299400,2994.0
299500,2995.0
299601,2996.01
299698,2996.98
299796,2997.96
299895,2998.95
299988,2999.88
300081,3000.81
300177,3001.77
300271,3002.71
300369,3003.69
300471,3004.71
300573,3005.73
300671,3006.71
300767,3007.67
300864,3008.64
300957,3009.57
301050,3010.5
301152,3011.52
301249,3012.49
301340,3013.4
301436,3014.36
301539,3015.39
301635,3016.35
301734,3017.34
301825,3018.25
301906,3019.06
301986,3019.86
302089,3020.89
302192,3021.92
302280,3022.8
302364,3023.64
302449,3024.49
302533,3025.33
302620,3026.2
302711,3027.11
302804,3028.04
302908,3029.08
303020,3030.2
303122,3031.22
303238,3032.38
303350,3033.5
303455,3034.55
303564,3035.64
303670,3036.7
303768,3037.68
303870,3038.7
303967,3039.67
304068,3040.68
304171,3041.71
304269,3042.69
304371,3043.71
304480,3044.8
304580,3045.8
304686,3046.86
304794,3047.94
304898,3048.98
305015,3050.15
305129,3051.29
305239,3052.39
305363,3053.63
305478,3054.78
305572,3055.72
305654,3056.54
305733,3057.33
305813,3058.13
305888,3058.88
305964,3059.64
306033,3060.33
306113,3061.13
306193,3061.93
306266,3062.66
306338,3063.38
306411,3064.11
306485,3064.85
306567,3065.67
306652,3066.52
306736,3067.36
306823,3068.23
306921,3069.21
307013,3070.13
307104,3071.04
307201,3072.01
307299,3072.99
307389,3073.89
307483,3074.83
307578,3075.78
307667,3076.67
307758,3077.58
307856,3078.56
307952,3079.52
308042,3080.42
308138,3081.38
308239,3082.39
308337,3083.37
308429,3084.29
308522,3085.22
308623,3086.23
308720,3087.2
308818,3088.18
308930,3089.3
309030,3090.3
309122,3091.22
309215,3092.15
309320,3093.2
309418,3094.18
309527,3095.27
309642,3096.42
309750,3097.5
309851,3098.51
309966,3099.66
310084,3100.84
310184,3101.84
310271,3102.71
310349,3103.49
310426,3104.26
310490,3104.9
310555,3105.55
310649,3106.49
310728,3107.28
310806,3108.06
310885,3108.85
310964,3109.64
311045,3110.45
311128,3111.28
311215,3112.15
311307,3113.07
311422,3114.22
311539,3115.39
311657,3116.57
311765,3117.65
311880,3118.8
311997,3119.97
312104,3121.04
312213,3122.13
312320,3123.2
312417,3124.17
312516,3125.16
312619,3126.19
312715,3127.15
312813,3128.13
312917,3129.17
313015,3130.15
313117,3131.17
313227,3132.27
313332,3133.32
313427,3134.27
313524,3135.24
313637,3136.37
313741,3137.41
313840,3138.4
313951,3139.51
314061,3140.61
314161,3141.61
314271,3142.71
314384,3143.84
314494,3144.94
314608,3146.08
314717,3147.17
314814,3148.14
314911,3149.11
315009,3150.09
315095,3150.95
315178,3151.78
315264,3152.64
315351,3153.51
315435,3154.35
315519,3155.19
315600,3156.0
315678,3156.78
315758,3157.58
315841,3158.41
315924,3159.24
316013,3160.13
316122,3161.22
316223,3162.23
316325,3163.25
316428,3164.28
316522,3165.22
316619,3166.19
316723,3167.23
316823,3168.23
316919,3169.19
317021,3170.21
317121,3171.21
317214,3172.14
317311,3173.11
317416,3174.16
317513,3175.13
317612,3176.12
317719,3177.19
317818,3178.18
317920,3179.2
318030,3180.3
318132,3181.32
318231,3182.31
318347,3183.47
318453,3184.53
318550,3185.5
318654,3186.54
318762,3187.62
318863,3188.63
318967,3189.67
319077,3190.77
319182,3191.82
319293,3192.93
319404,3194.04
319494,3194.94
319577,3195.77
319662,3196.62
319760,3197.6
319858,3198.58
319942,3199.42
320027,3200.27
320107,3201.07
320186,3201.86
320268,3202.68
320348,3203.48
320438,3204.38
320545,3205.45
320646,3206.46
320757,3207.57
320866,3208.66
320966,3209.66
321067,3210.67
321167,3211.67
321259,3212.59
321359,3213.59
321458,3214.58
321558,3215.58
321650,3216.5
321747,3217.47
321851,3218.51
321952,3219.52
322048,3220.48
322147,3221.47
322255,3222.55
322355,3223.55
322454,3224.54
322571,3225.71
322680,3226.8
322777,3227.77
322876,3228.76
322988,3229.88
323096,3230.96
323196,3231.96
323309,3233.09
323411,3234.11
323498,3234.98
323585,3235.85
323689,3236.89
323793,3237.93
323890,3238.9
323981,3239.81
324069,3240.69
324156,3241.56
324242,3242.42
324326,3243.26
324425,3244.25
324519,3245.19
324611,3246.11
324707,3247.07
324799,3247.99
324894,3248.94
324990,3249.9
325080,3250.8
325173,3251.73
325269,3252.69
325363,3253.63
325451,3254.51
325544,3255.44
325644,3256.44
325739,3257.39
325847,3258.47
325948,3259.48
326040,3260.4
326133,3261.33
326234,3262.34
326339,3263.39
326439,3264.39
326552,3265.52
326668,3266.68
326761,3267.61
326856,3268.56
326954,3269.54
327045,3270.45
327134,3271.34
327223,3272.23
327308,3273.08
327391,3273.91
327472,3274.72
327551,3275.51
327632,3276.32
327713,3277.13
327811,3278.11
327898,3278.98
327992,3279.92
328093,3280.93
328191,3281.91
328292,3282.92
328393,3283.93
328493,3284.93
328595,3285.95
328698,3286.98
328793,3287.93
328888,3288.88
328989,3289.89
329087,3290.87
329177,3291.77
329270,3292.7
329374,3293.74
329472,3294.72
329567,3295.67
329660,3296.6
329763,3297.63
329871,3298.71
329974,3299.74
330084,3300.84
330187,3301.87
330284,3302.84
330380,3303.8
330491,3304.91
330595,3305.95
330704,3307.04
330802,3308.02
330888,3308.88
330971,3309.71
331049,3310.49
331124,3311.24
331201,3312.01
331282,3312.82
331361,3313.61
331434,3314.34
331504,3315.04
331574,3315.74
331643,3316.43
331711,3317.11
331783,3317.83
331854,3318.54
331929,3319.29
332025,3320.25
332109,3321.09
332196,3321.96
332296,3322.96
332390,3323.9
332494,3324.94
332595,3325.95
332696,3326.96
332797,3327.97
332890,3328.9
332987,3329.87
333086,3330.86
333178,3331.78
333273,3332.73
333370,3333.7
333458,3334.58
333548,3335.48
333645,3336.45
333736,3337.36
333826,3338.26
333928,3339.28
334034,3340.34
334133,3341.33
334241,3342.41
334349,3343.49
334454,3344.54
334567,3345.67
334680,3346.8
334790,3347.9
334909,3349.09
335015,3350.15
335126,3351.26
335243,3352.43
335346,3353.46
335461,3354.61
335550,3355.5
335632,3356.32
335712,3357.12
335805,3358.05
335888,3358.88
335969,3359.69
336050,3360.5
336133,3361.33
336217,3362.17
336304,3363.04
336397,3363.97
336492,3364.92
336601,3366.01
336706,3367.06
336823,3368.23
336931,3369.31
337037,3370.37
337148,3371.48
337248,3372.48
337354,3373.54
337457,3374.57
337551,3375.51
337649,3376.49
337754,3377.54
337853,3378.53
337956,3379.56
338063,3380.63
338162,3381.62
338266,3382.66
338381,3383.81
338490,3384.9
338597,3385.97
338704,3387.04
338809,3388.09
338903,3389.03
338997,3389.97
339103,3391.03
339213,3392.13
339333,3393.33
339447,3394.47
339549,3395.49
339662,3396.62
339752,3397.52
339832,3398.32
339911,3399.11
339989,3399.89
340070,3400.7
340152,3401.52
340232,3402.32
340310,3403.1
340389,3403.89
340471,3404.71
340550,3405.5
340630,3406.3
340722,3407.22
340815,3408.15
340909,3409.09
341018,3410.18
341123,3411.23
341224,3412.24
341334,3413.34
341441,3414.41
341542,3415.42
341643,3416.43
341747,3417.47
341847,3418.47
341939,3419.39
342029,3420.29
342128,3421.28
342222,3422.22
342314,3423.14
342410,3424.1
342511,3425.11
342605,3426.05
342705,3427.05
342817,3428.17
342920,3429.2
343026,3430.26
343142,3431.42
343247,3432.47
343343,3433.43
343457,3434.57
343569,3435.69
343675,3436.75
343790,3437.9
343908,3439.08
344019,3440.19
344131,3441.31
344238,3442.38
344329,3443.29
344418,3444.18
344499,3444.99
344578,3445.78
344662,3446.62
344753,3447.53
344845,3448.45
344924,3449.24
345004,3450.04
345082,3450.82
345161,3451.61
345241,3452.41
345322,3453.22
345411,3454.11
345498,3454.98
345592,3455.92
345688,3456.88
345783,3457.83
345885,3458.85
345989,3459.89
346084,3460.84
346185,3461.85
346289,3462.89
346388,3463.88
346488,3464.88
346596,3465.96
346700,3467.0
346801,3468.01
346904,3469.04
347007,3470.07
347102,3471.02
347200,3472.0
347312,3473.12
347409,3474.09
347503,3475.03
347597,3475.97
347701,3477.01
347796,3477.96
347903,3479.03
348013,3480.13
348116,3481.16
348220,3482.2
348328,3483.28
348429,3484.29
348530,3485.3
348643,3486.43
348757,3487.57
348865,3488.65
348974,3489.74
349076,3490.76
349175,3491.75
349259,3492.59
349343,3493.43
349434,3494.34
349527,3495.27
349619,3496.19
349713,3497.13
349803,3498.03
349894,3498.94
349992,3499.92
350095,3500.95
350199,3501.99
350304,3503.04
350402,3504.02
350496,3504.96
350601,3506.01
350702,3507.02
350798,3507.98
350901,3509.01
351001,3510.01
351101,3511.01
351210,3512.1
351316,3513.16
351414,3514.14
351516,3515.16
351616,3516.16
351713,3517.13
351831,3518.31
351949,3519.49
352048,3520.48
352142,3521.42
352223,3522.23
352303,3523.03
352389,3523.89
352491,3524.91
352593,3525.93
352679,3526.79
352761,3527.61
352847,3528.47
352929,3529.29
353011,3530.11
353096,3530.96
353189,3531.89
353283,3532.83
353372,3533.72
353468,3534.68
353572,3535.72
353668,3536.68
353771,3537.71
353880,3538.8
353973,3539.73
354066,3540.66
354175,3541.75
354279,3542.79
354380,3543.8
354483,3544.83
354578,3545.78
354680,3546.8
354781,3547.81
354879,3548.79
354975,3549.75
355080,3550.8
355184,3551.84
355278,3552.78
355368,3553.68
355448,3554.48
355524,3555.24
355606,3556.06
355713,3557.13
355820,3558.2
355908,3559.08
355989,3559.89
356068,3560.68
356150,3561.5
356234,3562.34
356317,3563.17
356405,3564.05
356509,3565.09
356606,3566.06
356719,3567.19
356832,3568.32
356941,3569.41
357053,3570.53
357155,3571.55
357262,3572.62
357367,3573.67
357460,3574.6
357560,3575.6
357663,3576.63
357755,3577.55
357850,3578.5
357951,3579.51
358047,3580.47
358147,3581.47
358248,3582.48
358347,3583.47
358454,3584.54
358565,3585.65
358673,3586.73
358783,3587.83
358886,3588.86
358996,3589.96
359111,3591.11
359229,3592.29
359349,3593.49
359461,3594.61
359565,3595.65
359664,3596.64
359746,3597.46
359824,3598.24
359907,3599.07
359991,3599.91
360066,3600.66
360141,3601.41
360216,3602.16
360292,3602.92
360365,3603.65
360437,3604.37
360507,3605.07
360574,3605.74
360640,3606.4
360707,3607.07
360772,3607.72
360841,3608.41
360920,3609.2
361005,3610.05
361116,3611.16
361217,3612.17
361330,3613.3
361431,3614.31
361534,3615.34
361633,3616.33
361729,3617.29
361821,3618.21
361916,3619.16
362017,3620.17
362116,3621.16
362210,3622.1
362310,3623.1
362417,3624.17
362515,3625.15
362616,3626.16
362720,3627.2
362816,3628.16
362916,3629.16
363027,3630.27
363130,3631.3
363244,3632.44
363351,3633.51
363453,3634.53
363564,3635.64
363669,3636.69
363769,3637.69
363874,3638.74
363981,3639.81
364079,3640.79
364191,3641.91
364310,3643.1
364425,3644.25
364540,3645.4
364650,3646.5
364745,3647.45
364832,3648.32
364911,3649.11
364989,3649.89
365074,3650.74
365156,3651.56
365239,3652.39
365319,3653.19
365398,3653.98
365478,3654.78
365560,3655.6
365642,3656.42
365726,3657.26
365823,3658.23
365917,3659.17
366033,3660.33
366144,3661.44
366248,3662.48
366357,3663.57
366461,3664.61
366560,3665.6
366663,3666.63
366766,3667.66
366861,3668.61
366958,3669.58
367061,3670.61
367154,3671.54
367246,3672.46
367350,3673.5
367443,3674.43
367545,3675.45
367657,3676.57
367760,3677.6
367857,3678.57
367966,3679.66
368075,3680.75
368172,3681.72
368286,3682.86
368403,3684.03
368517,3685.17
368636,3686.36
368742,3687.42
368836,3688.36
368945,3689.45
369031,3690.31
369112,3691.12
369194,3691.94
369272,3692.72
369352,3693.52
369430,3694.3
369509,3695.09
369588,3695.88
369671,3696.71
369755,3697.55
369839,3698.39
369931,3699.31
370019,3700.19
370124,3701.24
370229,3702.29
370330,3703.3
370439,3704.39
370547,3705.47
370647,3706.47
370745,3707.45
370845,3708.45
370941,3709.41
371044,3710.44
371153,3711.53
371258,3712.58
371368,3713.68
371474,3714.74
371577,3715.77
371691,3716.91
371803,3718.03
371909,3719.09
372023,3720.23
372143,3721.43
372251,3722.51
372362,3723.62
372474,3724.74
372578,3725.78
372693,3726.93
372805,3728.05
372914,3729.14
373030,3730.3
373151,3731.51
373267,3732.67
373377,3733.77
373489,3734.89
373604,3736.04
373715,3737.15
373812,3738.12
373902,3739.02
373982,3739.82
374063,3740.63
374159,3741.59
374256,3742.56
374338,3743.38
374418,3744.18
374506,3745.06
374598,3745.98
374682,3746.82
374770,3747.7
374859,3748.59
374953,3749.53
375052,3750.52
375168,3751.68
375277,3752.77
375379,3753.79
375484,3754.84
375589,3755.89
375685,3756.85
375788,3757.88
375888,3758.88
375987,3759.87
376089,3760.89
376185,3761.85
376275,3762.75
376370,3763.7
376469,3764.69
376563,3765.63
376669,3766.69
376772,3767.72
376870,3768.7
376976,3769.76
377083,3770.83
377183,3771.83
377290,3772.9
377401,3774.01
377502,3775.02
377608,3776.08
377721,3777.21
377831,3778.31
377941,3779.41
378051,3780.51
378149,3781.49
378241,3782.41
378324,3783.24
378406,3784.06
378503,3785.03
378602,3786.02
378690,3786.9
378773,3787.73
378855,3788.55
378937,3789.37
379020,3790.2
379106,3791.06
379194,3791.94
379296,3792.96
379412,3794.12
379516,3795.16
379624,3796.24
379730,3797.3
379829,3798.29
379935,3799.35
380041,3800.41
380141,3801.41
380243,3802.43
380343,3803.43
380435,3804.35
380527,3805.27
380623,3806.23
380721,3807.21
380820,3808.2
380928,3809.28
381033,3810.33
381137,3811.37
381255,3812.55
381369,3813.69
381470,3814.7
381580,3815.8
381684,3816.84
381779,3817.79
381881,3818.81
381966,3819.66
382046,3820.46
382130,3821.3
382215,3822.15
382297,3822.97
382377,3823.77
382454,3824.54
382530,3825.3
382607,3826.07
382692,3826.92
382778,3827.78
382873,3828.73
382984,3829.84
383091,3830.91
383204,3832.04
383306,3833.06
383405,3834.05
383510,3835.1
383613,3836.13
383709,3837.09
383809,3838.09
383914,3839.14
384006,3840.06
384095,3840.95
384195,3841.95
384298,3842.98
384390,3843.9
384483,3844.83
384592,3845.92
384694,3846.94
384792,3847.92
384899,3848.99
385009,3850.09
385109,3851.09
385205,3852.05
385315,3853.15
385419,3854.19
385520,3855.2
385631,3856.31
385743,3857.43
385851,3858.51
385959,3859.59
386076,3860.76
386185,3861.85
386304,3863.04
386408,3864.08
386499,3864.99
386581,3865.81
386663,3866.63
386741,3867.41
386821,3868.21
386908,3869.08
386992,3869.92
387074,3870.74
387153,3871.53
387241,3872.41
387327,3873.27
387416,3874.16
387535,3875.35
387640,3876.4
387741,3877.41
387849,3878.49
387952,3879.52
388056,3880.56
388165,3881.65
388264,3882.64
388357,3883.57
388455,3884.55
388561,3885.61
388658,3886.58
388754,3887.54
388853,3888.53
388952,3889.52
389043,3890.43
389135,3891.35
389233,3892.33
389330,3893.3
389424,3894.24
389527,3895.27
389628,3896.28
389724,3897.24
389825,3898.25
389929,3899.29
390030,3900.3
390132,3901.32
390246,3902.46
390357,3903.57
390459,3904.59
390572,3905.72
390685,3906.85
390787,3907.87
390892,3908.92
390979,3909.79
391060,3910.6
391141,3911.41
391253,3912.53
391366,3913.66
391460,3914.6
391550,3915.5
391634,3916.34
391731,3917.31
391828,3918.28
391918,3919.18
392015,3920.15
392117,3921.17
392213,3922.13
392311,3923.11
392421,3924.21
392522,3925.22
392634,3926.34
392739,3927.39
392837,3928.37
392943,3929.43
393051,3930.51
393152,3931.52
393263,3932.63
393369,3933.69
393470,3934.7
393573,3935.73
393671,3936.71
393766,3937.66
393871,3938.71
393979,3939.79
394082,3940.82
394200,3942.0
394319,3943.19
394426,3944.26
394540,3945.4
394657,3946.57
394768,3947.68
394883,3948.83
394994,3949.94
395100,3951.0
395212,3952.12
395327,3953.27
395435,3954.35
395546,3955.46
395651,3956.51
395762,3957.62
395877,3958.77
395990,3959.9
396107,3961.07
396227,3962.27
396347,3963.47
396461,3964.61
396576,3965.76
396690,3966.9
396792,3967.92
396891,3968.91
396974,3969.74
397055,3970.55
397137,3971.37
397246,3972.46
397355,3973.55
397451,3974.51
397543,3975.43
397627,3976.27
397710,3977.1
397796,3977.96
397882,3978.82
397972,3979.72
398070,3980.7
398163,3981.63
398260,3982.6
398357,3983.57
398452,3984.52
398544,3985.44
398640,3986.4
398735,3987.35
398825,3988.25
398915,3989.15
399005,3990.05
399094,3990.94
399182,3991.82
399277,3992.77
399376,3993.76
399468,3994.68
399555,3995.55
399638,3996.38
399716,3997.16
399793,3997.93
399873,3998.73
399973,3999.73
400062,4000.62
400153,4001.53
400247,4002.47
400336,4003.36
400430,4004.3
400518,4005.18
400614,4006.14
400721,4007.21
400821,4008.21
400928,4009.28
401043,4010.43
401158,4011.58
401268,4012.68
401379,4013.79
401480,4014.8
401578,4015.78
401682,4016.82
401787,4017.87
401885,4018.85
401989,4019.89
402106,4021.06
402217,4022.17
402332,4023.32
402452,4024.52
402561,4025.61
402657,4026.57
402747,4027.47
402826,4028.26
402902,4029.02
402979,4029.79
403065,4030.65
403144,4031.44
403222,4032.22
403297,4032.97
403375,4033.75
403455,4034.55
403534,4035.34
403617,4036.17
403705,4037.05
403820,4038.2
403927,4039.27
404025,4040.25
404140,4041.4
404251,4042.51
404354,4043.54
404460,4044.6
404560,4045.6
404652,4046.52
404749,4047.49
404849,4048.49
404941,4049.41
405032,4050.32
405122,4051.22
405216,4052.16
405307,4053.07
405402,4054.02
405500,4055.0
405598,4055.98
405700,4057.0
405813,4058.13
405914,4059.14
406015,4060.15
406119,4061.19
406220,4062.2
406330,4063.3
406448,4064.48
406566,4065.66
406687,4066.87
406802,4068.02
406911,4069.11
407019,4070.19
407119,4071.19
407216,4072.16
407304,4073.04
407383,4073.83
407462,4074.62
407541,4075.41
407620,4076.2
407700,4077.0
407778,4077.78
407856,4078.56
407931,4079.31
408005,4080.05
408081,4080.81
408160,4081.6
408240,4082.4
408326,4083.26
408409,4084.09
408496,4084.96
408604,4086.04
408707,4087.07
408806,4088.06
408916,4089.16
409020,4090.2
409116,4091.16
409215,4092.15
409320,4093.2
409419,4094.19
409520,4095.2
409628,4096.28
409734,4097.34
409834,4098.34
409932,4099.32
410043,4100.43
410151,4101.51
410251,4102.51
410355,4103.55
410462,4104.62
410569,4105.69
410676,4106.76
410791,4107.91
410900,4109.0
411008,4110.08
411118,4111.18
411225,4112.25
411331,4113.31
411443,4114.43
411553,4115.53
411665,4116.65
411788,4117.88
411897,4118.97
412017,4120.17
412135,4121.35
412250,4122.5
412382,4123.82
412515,4125.15
412650,4126.5
412773,4127.73
412898,4128.98
413038,4130.38
413165,4131.65
413297,4132.97
413420,4134.2
413535,4135.35
413635,4136.35
413719,4137.19
413796,4137.96
413871,4138.71
413946,4139.46
414017,4140.17
414087,4140.87
414160,4141.6
414236,4142.36
414304,4143.04
414372,4143.72
414438,4144.38
414502,4145.02
414571,4145.71
414644,4146.44
414758,4147.58
414865,4148.65
414969,4149.69
415073,4150.73
415175,4151.75
415267,4152.67
415361,4153.61
415476,4154.76
415583,4155.83
415686,4156.86
415797,4157.97
415903,4159.03
416001,4160.01
416109,4161.09
416213,4162.13
416311,4163.11
416417,4164.17
416519,4165.19
416619,4166.19
416724,4167.24
416831,4168.31
416932,4169.32
417046,4170.46
417161,4171.61
417260,4172.6
417367,4173.67
417486,4174.86
417597,4175.97
417725,4177.25
417851,4178.51
417989,4179.89
418125,4181.25
418255,4182.55
418379,4183.79
418497,4184.97
418617,4186.17
418740,4187.4
418858,4188.58
418981,4189.81
419113,4191.13
419247,4192.47
419362,4193.62
419467,4194.67
419551,4195.51
419629,4196.29
419700,4197.0
419771,4197.71
419840,4198.4
419910,4199.1
419983,4199.83
420064,4200.64
420147,4201.47
420229,4202.29
420308,4203.08
420386,4203.86
420462,4204.62
420537,4205.37
420611,4206.11
420685,4206.85
420758,4207.58
420829,4208.29
420901,4209.01
420975,4209.75
421054,4210.54
421148,4211.48
421234,4212.34
421319,4213.19
421416,4214.16
421514,4215.14
421604,4216.04
421695,4216.95
421797,4217.97
421895,4218.95
421988,4219.88
422083,4220.83
422182,4221.82
422282,4222.82
422386,4223.86
422494,4224.94
422594,4225.94
422700,4227.0
422801,4228.01
422897,4228.97
423002,4230.02
423110,4231.1
423216,4232.16
423329,4233.29
423442,4234.42
423552,4235.52
423661,4236.61
423765,4237.65
423867,4238.67
423968,4239.68
424075,4240.75
424175,4241.75
424281,4242.81
424398,4243.98
424518,4245.18
424639,4246.39
424769,4247.69
424895,4248.95
424983,4249.83
425071,4250.71
425163,4251.63
425269,4252.69
425388,4253.88
425519,4255.19
425654,4256.54
425794,4257.94
425930,4259.3
426081,4260.81
426211,4262.11
426325,4263.25
426406,4264.06
426479,4264.79
426547,4265.47
426613,4266.13
426675,4266.75
426735,4267.35
426796,4267.96
426858,4268.58
426928,4269.28
427032,4270.32
427122,4271.22
427208,4272.08
427293,4272.93
427381,4273.81
427469,4274.69
427553,4275.53
427637,4276.37
427719,4277.19
427799,4277.99
427878,4278.78
427956,4279.56
428035,4280.35
428112,4281.12
428189,4281.89
428266,4282.66
428342,4283.42
428418,4284.18
428533,4285.33
428637,4286.37
428741,4287.41
428849,4288.49
428951,4289.51
429053,4290.53
429150,4291.5
429249,4292.49
429365,4293.65
429478,4294.78
429594,4295.94
429713,4297.13
429830,4298.3
429947,4299.47
430063,4300.63
430177,4301.77
430294,4302.94
430416,4304.16
430547,4305.47
430677,4306.77
430808,4308.08
430940,4309.4
431048,4310.48
431152,4311.52
431265,4312.65
431389,4313.89
431520,4315.2
431645,4316.45
431767,4317.67
431883,4318.83
432017,4320.17
432143,4321.43
432278,4322.78
432399,4323.99
432526,4325.26
432651,4326.51
432780,4327.8
432904,4329.04
433045,4330.45
433169,4331.69
433301,4333.01
433423,4334.23
433553,4335.53
433692,4336.92
433821,4338.21
433964,4339.64
434094,4340.94
434226,4342.26
434356,4343.56
434476,4344.76
434568,4345.68
434641,4346.41
434710,4347.1
434778,4347.78
434847,4348.47
434911,4349.11
434974,4349.74
435035,4350.35
435098,4350.98
435162,4351.62
435230,4352.3
435299,4352.99
435367,4353.67
435434,4354.34
435506,4355.06
435578,4355.78
435653,4356.53
435729,4357.29
435804,4358.04
435880,4358.8
435962,4359.62
436073,4360.73
436172,4361.72
436262,4362.62
436350,4363.5
436443,4364.43
436537,4365.37
436631,4366.31
436731,4367.31
436830,4368.3
436924,4369.24
437032,4370.32
437145,4371.45
437254,4372.54
437367,4373.67
437474,4374.74
437584,4375.84
437706,4377.06
437822,4378.22
437942,4379.42
438051,4380.51
438172,4381.72
438281,4382.81
438400,4384.0
438514,4385.14
438642,4386.42
438766,4387.66
438901,4389.01
439029,4390.29
439159,4391.59
439282,4392.82
439407,4394.07
439539,4395.39
439650,4396.5
439735,4397.35
439813,4398.13
439888,4398.88
439962,4399.62
440034,4400.34
440104,4401.04
440173,4401.73
440248,4402.48
440326,4403.26
440403,4404.03
440478,4404.78
440550,4405.5
440621,4406.21
440693,4406.93
440775,4407.75
440895,4408.95
441003,4410.03
441116,4411.16
441229,4412.29
441335,4413.35
441446,4414.46
441550,4415.5
441658,4416.58
441762,4417.62
441871,4418.71
441985,4419.85
442088,4420.88
442195,4421.95
442311,4423.11
442424,4424.24
442542,4425.42
442653,4426.53
442770,4427.7
442882,4428.82
442996,4429.96
443108,4431.08
443224,4432.24
443336,4433.36
443451,4434.51
443565,4435.65
443685,4436.85
443805,4438.05
443924,4439.24
444045,4440.45
444168,4441.68
444292,4442.92
444412,4444.12
444528,4445.28
444650,4446.5
444772,4447.72
444904,4449.04
445032,4450.32
445156,4451.56
445279,4452.79
445409,4454.09
445539,4455.39
445669,4456.69
445794,4457.94
445920,4459.2
446047,4460.47
446172,4461.72
446300,4463.0
446396,4463.96
446476,4464.76
446551,4465.51
446622,4466.22
446693,4466.93
446761,4467.61
446828,4468.28
446902,4469.02
446984,4469.84
447064,4470.64
447145,4471.45
447231,4472.31
447319,4473.19
447404,4474.04
447488,4474.88
447574,4475.74
447657,4476.57
447738,4477.38
447821,4478.21
447905,4479.05
447988,4479.88
448070,4480.7
448158,4481.58
448242,4482.42
448329,4483.29
448416,4484.16
448500,4485.0
448588,4485.88
448671,4486.71
448755,4487.55
448840,4488.4
448923,4489.23
449007,4490.07
449089,4490.89
449169,4491.69
449249,4492.49
449328,4493.28
449408,4494.08
449486,4494.86
449564,4495.64
449641,4496.41
449716,4497.16
449789,4497.89
449860,4498.6
449929,4499.29
449997,4499.97
450068,4500.68
450149,4501.49
450259,4502.59
450368,4503.68
450485,4504.85
450597,4505.97
450706,4507.06
450818,4508.18
450925,4509.25
451045,4510.45
451164,4511.64
451282,4512.82
451397,4513.97
451519,4515.19
451642,4516.42
451765,4517.65
451888,4518.88
452010,4520.1
452133,4521.33
452253,4522.53
452377,4523.77
452497,4524.97
452622,4526.22
452759,4527.59
452888,4528.88
453015,4530.15
453147,4531.47
453278,4532.78
453412,4534.12
453539,4535.39
453661,4536.61
453783,4537.83
453909,4539.09
454030,4540.3
454144,4541.44
454259,4542.59
454381,4543.81
454499,4544.99
454605,4546.05
454701,4547.01
454788,4547.88
454865,4548.65
454936,4549.36
455003,4550.03
455071,4550.71
455136,4551.36
455200,4552.0
455265,4552.65
455335,4553.35
455408,4554.08
455484,4554.84
455556,4555.56
455625,4556.25
455693,4556.93
455759,4557.59
455823,4558.23
455887,4558.87
455951,4559.51
456017,4560.17
456086,4560.86
456159,4561.59
456236,4562.36
456316,4563.16
456393,4563.93
456469,4564.69
456549,4565.49
456636,4566.36
456724,4567.24
456806,4568.06
456887,4568.87
456968,4569.68
457050,4570.5
457131,4571.31
457210,4572.1
457290,4572.9
457371,4573.71
457451,4574.51
457528,4575.28
457607,4576.07
457715,4577.15
457823,4578.23
457923,4579.23
458018,4580.18
458115,4581.15
458230,4582.3
458340,4583.4
458456,4584.56
458568,4585.68
458679,4586.79
458789,4587.89
458897,4588.97
459007,4590.07
459115,4591.15
459226,4592.26
459341,4593.41
459456,4594.56
459570,4595.7
459688,4596.88
459805,4598.05
459920,4599.2
460035,4600.35
460147,4601.47
460261,4602.61
460376,4603.76
460494,4604.94
460611,4606.11
460731,4607.31
460830,4608.3
460913,4609.13
460991,4609.91
461067,4610.67
461146,4611.46
461231,4612.31
461313,4613.13
461396,4613.96
461478,4614.78
461564,4615.64
461651,4616.51
461739,4617.39
461833,4618.33
461935,4619.35
462046,4620.46
462157,4621.57
462261,4622.61
462361,4623.61
462460,4624.6
462555,4625.55
462666,4626.66
462774,4627.74
462888,4628.88
463003,4630.03
463114,4631.14
463221,4632.21
463325,4633.25
463432,4634.32
463546,4635.46
463659,4636.59
463776,4637.76
463895,4638.95
464018,4640.18
464135,4641.35
464251,4642.51
464365,4643.65
464475,4644.75
464591,4645.91
464711,4647.11
464833,4648.33
464958,4649.58
465074,4650.74
465188,4651.88
465300,4653.0
465409,4654.09
465523,4655.23
465648,4656.48
465781,4657.81
465914,4659.14
466040,4660.4
466168,4661.68
466293,4662.93
466418,4664.18
466548,4665.48
466677,4666.77
466801,4668.01
466932,4669.32
467062,4670.62
467185,4671.85
467309,4673.09
467372,4673.72
467436,4674.36
467492,4674.92
467548,4675.48
467629,4676.29
467711,4677.11
467780,4677.8
467847,4678.47
467912,4679.12
467974,4679.74
468036,4680.36
468102,4681.02
468174,4681.74
468244,4682.44
468313,4683.13
468378,4683.78
468443,4684.43
468507,4685.07
468570,4685.7
468633,4686.33
468695,4686.95
468756,4687.56
468817,4688.17
468879,4688.79
468940,4689.4
469001,4690.01
469062,4690.62
469124,4691.24
469187,4691.87
469252,4692.52
469318,4693.18
469384,4693.84
469449,4694.49
469515,4695.15
469582,4695.82
469652,4696.52
469728,4697.28
469815,4698.15
469902,4699.02
469983,4699.83
470061,4700.61
470144,4701.44
470238,4702.38
470327,4703.27
470412,4704.12
470497,4704.97
470594,4705.94
470687,4706.87
470774,4707.74
470865,4708.65
470957,4709.57
471045,4710.45
471134,4711.34
471223,4712.23
471305,4713.05
471383,4713.83
471461,4714.61
471551,4715.51
471642,4716.42
471722,4717.22
471800,4718.0
471882,4718.82
471961,4719.61
472038,4720.38
472113,4721.13
472188,4721.88
472264,4722.64
472344,4723.44
472421,4724.21
472496,4724.96
472571,4725.71
472646,4726.46
472723,4727.23
472806,4728.06
472884,4728.84
472961,4729.61
473037,4730.37
473113,4731.13
473189,4731.89
473268,4732.68
473345,4733.45
473424,4734.24
473507,4735.07
473594,4735.94
473684,4736.84
473770,4737.7
473856,4738.56
473947,4739.47
474042,4740.42
474144,4741.44
474249,4742.49
474352,4743.52
474455,4744.55
474556,4745.56
474651,4746.51
474747,4747.47
474855,4748.55
474964,4749.64
475064,4750.64
475165,4751.65
475260,4752.6
475358,4753.58
475448,4754.48
475540,4755.4
475640,4756.4
475730,4757.3
475823,4758.23
475916,4759.16
475996,4759.96
476078,4760.78
476178,4761.78
476273,4762.73
476365,4763.65
476455,4764.55
476551,4765.51
476640,4766.4
476732,4767.32
476830,4768.3
476924,4769.24
477024,4770.24
477134,4771.34
477252,4772.52
477366,4773.66
477479,4774.79
477589,4775.89
477698,4776.98
477815,4778.15
477931,4779.31
478048,4780.48
478163,4781.63
478290,4782.9
478419,4784.19
478545,4785.45
478672,4786.72
478796,4787.96
478920,4789.2
479047,4790.47
479175,4791.75
479299,4792.99
479427,4794.27
479556,4795.56
479689,4796.89
479822,4798.22
479945,4799.45
480068,4800.68
480193,4801.93
480317,4803.17
480440,4804.4
480567,4805.67
480696,4806.96
480824,4808.24
480952,4809.52
481076,4810.76
481200,4812.0
481325,4813.25
481447,4814.47
481568,4815.68
481691,4816.91
481819,4818.19
481944,4819.44
482065,4820.65
482188,4821.88
482307,4823.07
482423,4824.23
482545,4825.45
482665,4826.65
482778,4827.78
482893,4828.93
482983,4829.83
483063,4830.63
483137,4831.37
483211,4832.11
483283,4832.83
483352,4833.52
483419,4834.19
483487,4834.87
483559,4835.59
483637,4836.37
483714,4837.14
483790,4837.9
483862,4838.62
483932,4839.32
484001,4840.01
484070,4840.7
484140,4841.4
484219,4842.19
484307,4843.07
484400,4844.0
484494,4844.94
484583,4845.83
484673,4846.73
484763,4847.63
484849,4848.49
484932,4849.32
485016,4850.16
485103,4851.03
485201,4852.01
485295,4852.95
485390,4853.9
485486,4854.86
485576,4855.76
485672,4856.72
485778,4857.78
485879,4858.79
485984,4859.84
486089,4860.89
486194,4861.94
486309,4863.09
486427,4864.27
486542,4865.42
486656,4866.56
486770,4867.7
486879,4868.79
486990,4869.9
487095,4870.95
487209,4872.09
487325,4873.25
487439,4874.39
487556,4875.56
487673,4876.73
487791,4877.91
487914,4879.14
488039,4880.39
488160,4881.6
488278,4882.78
488393,4883.93
488513,4885.13
488629,4886.29
488746,4887.46
488862,4888.62
488985,4889.85
489094,4890.94
489190,4891.9
489273,4892.73
489348,4893.48
489419,4894.19
489493,4894.93
489566,4895.66
489634,4896.34
489700,4897.0
489764,4897.64
489828,4898.28
489892,4898.92
489965,4899.65
490077,4900.77
490180,4901.8
490279,4902.79
490376,4903.76
490475,4904.75
490574,4905.74
490670,4906.7
490764,4907.64
490857,4908.57
490948,4909.48
491036,4910.36
491122,4911.22
491207,4912.07
491292,4912.92
491377,4913.77
491462,4914.62
491547,4915.47
491632,4916.32
491712,4917.12
491791,4917.91
491870,4918.7
491955,4919.55
492044,4920.44
492142,4921.42
492239,4922.39
492337,4923.37
492439,4924.39
492543,4925.43
492643,4926.43
492746,4927.46
492846,4928.46
492944,4929.44
493044,4930.44
493143,4931.43
493244,4932.44
493342,4933.42
493443,4934.43
493555,4935.55
493663,4936.63
493775,4937.75
493881,4938.81
493989,4939.89
494096,4940.96
494203,4942.03
494310,4943.1
494428,4944.28
494543,4945.43
494656,4946.56
494767,4947.67
494884,4948.84
494985,4949.85
495068,4950.68
495146,4951.46
495220,4952.2
495296,4952.96
495370,4953.7
495444,4954.44
495521,4955.21
495600,4956.0
495682,4956.82
495764,4957.64
495842,4958.42
495919,4959.19
495999,4959.99
496097,4960.97
496189,4961.89
496290,4962.9
496385,4963.85
496480,4964.8
496575,4965.75
496676,4966.76
496773,4967.73
496870,4968.7
496969,4969.69
497068,4970.68
497167,4971.67
497265,4972.65
497363,4973.63
497467,4974.67
497573,4975.73
497679,4976.79
497787,4977.87
497897,4978.97
498003,4980.03
498107,4981.07
498208,4982.08
498314,4983.14
498426,4984.26
498540,4985.4
498653,4986.53
498769,4987.69
498885,4988.85
499006,4990.06
499130,4991.3
499252,4992.52
499375,4993.75
499500,4995.0
499627,4996.27
499753,4997.53
499878,4998.78
500002,5000.02
500125,5001.25
500249,5002.49
500370,5003.7
500501,5005.01
500610,5006.1
500699,5006.99
500780,5007.8
500858,5008.58
500934,5009.34
501012,5010.12
501119,5011.19
501218,5012.18
501324,5013.24
501408,5014.08
501486,5014.86
501563,5015.63
501638,5016.38
501717,5017.17
501840,5018.4
501953,5019.53
502065,5020.65
502171,5021.71
502276,5022.76
502375,5023.75
502469,5024.69
502565,5025.65
502678,5026.78
502790,5027.9
502897,5028.97
503001,5030.01
503108,5031.08
503212,5032.12
503318,5033.18
503429,5034.29
503541,5035.41
503646,5036.46
503754,5037.54
503863,5038.63
503968,5039.68
504076,5040.76
504185,5041.85
504291,5042.91
504399,5043.99
504507,5045.07
504615,5046.15
504724,5047.24
504832,5048.32
504943,5049.43
505054,5050.54
505165,5051.65
505273,5052.73
505380,5053.8
505490,5054.9
505599,5055.99
505709,5057.09
505824,5058.24
505942,5059.42
506061,5060.61
506179,5061.79
506299,5062.99
506418,5064.18
506529,5065.29
506645,5066.45
506760,5067.6
506880,5068.8
507001,5070.01
507125,5071.25
507247,5072.47
507366,5073.66
507487,5074.87
507600,5076.0
507691,5076.91
507774,5077.74
507851,5078.51
507928,5079.28
508001,5080.01
508073,5080.73
508144,5081.44
508219,5082.19
508298,5082.98
508376,5083.76
508456,5084.56
508533,5085.33
508610,5086.1
508688,5086.88
508769,5087.69
508850,5088.5
508932,5089.32
509012,5090.12
509094,5090.94
509176,5091.76
509257,5092.57
509340,5093.4
509421,5094.21
509504,5095.04
509585,5095.85
509666,5096.66
509747,5097.47
509827,5098.27
509906,5099.06
509985,5099.85
510064,5100.64
510143,5101.43
510220,5102.2
510295,5102.95
510368,5103.68
510440,5104.4
510512,5105.12
510583,5105.83
510664,5106.64
510750,5107.5
510836,5108.36
510931,5109.31
511038,5110.38
511140,5111.4
511242,5112.42
511344,5113.44
511447,5114.47
511548,5115.48
511650,5116.5
511751,5117.51
511861,5118.61
511974,5119.74
512086,5120.86
512200,5122.0
512317,5123.17
512430,5124.3
512539,5125.39
512651,5126.51
512761,5127.61
512876,5128.76
512992,5129.92
513114,5131.14
513232,5132.32
513357,5133.57
513481,5134.81
513605,5136.05
513725,5137.25
513846,5138.46
513969,5139.69
514094,5140.94
514228,5142.28
514357,5143.57
514485,5144.85
514617,5146.17
514745,5147.45
514877,5148.77
515004,5150.04
515132,5151.32
515261,5152.61
515385,5153.85
515510,5155.1
515641,5156.41
515772,5157.72
515900,5159.0
516004,5160.04
516088,5160.88
516158,5161.58
516224,5162.24
516291,5162.91
516361,5163.61
516430,5164.3
516494,5164.94
516556,5165.56
516616,5166.16
516676,5166.76
516736,5167.36
516798,5167.98
516865,5168.65
516970,5169.7
517074,5170.74
517178,5171.78
517273,5172.73
517364,5173.64
517453,5174.53
517539,5175.39
517624,5176.24
517707,5177.07
517786,5177.86
517866,5178.66
517946,5179.46
518027,5180.27
518104,5181.04
518178,5181.78
518250,5182.5
518321,5183.21
518400,5184.0
518494,5184.94
518588,5185.88
518672,5186.72
518756,5187.56
518868,5188.68
518981,5189.81
519084,5190.84
519184,5191.84
519292,5192.92
519399,5193.99
519504,5195.04
519613,5196.13
519720,5197.2
519833,5198.33
519945,5199.45
520051,5200.51
520162,5201.62
520270,5202.7
520375,5203.75
520482,5204.82
520587,5205.87
520700,5207.0
520818,5208.18
520934,5209.34
521051,5210.51
521176,5211.76
521294,5212.94
521414,5214.14
521529,5215.29
521648,5216.48
521764,5217.64
521863,5218.63
521947,5219.47
522026,5220.26
522103,5221.03
522182,5221.82
522258,5222.58
522333,5223.33
522407,5224.07
522495,5224.95
522593,5225.93
522689,5226.89
522776,5227.76
522858,5228.58
522938,5229.38
523021,5230.21
523113,5231.13
523197,5231.97
523279,5232.79
523363,5233.63
523453,5234.53
523549,5235.49
523646,5236.46
523742,5237.42
523839,5238.39
523938,5239.38
524037,5240.37
524141,5241.41
524242,5242.42
524349,5243.49
524452,5244.52
524551,5245.51
524657,5246.57
524761,5247.61
524865,5248.65
524970,5249.7
525078,5250.78
525186,5251.86
525296,5252.96
525406,5254.06
525520,5255.2
525633,5256.33
525744,5257.44
525854,5258.54
525970,5259.7
526085,5260.85
526200,5262.0
526312,5263.12
526426,5264.26
526543,5265.43
526661,5266.61
526758,5267.58
526845,5268.45
526924,5269.24
527002,5270.02
527079,5270.79
527159,5271.59
527264,5272.64
527361,5273.61
527460,5274.6
527554,5275.54
527643,5276.43
527727,5277.27
527808,5278.08
527886,5278.86
527963,5279.63
528044,5280.44
528153,5281.53
528252,5282.52
528348,5283.48
528450,5284.5
528551,5285.51
528652,5286.52
528757,5287.57
528858,5288.58
528960,5289.6
529065,5290.65
529172,5291.72
529275,5292.75
529380,5293.8
529484,5294.84
529592,5295.92
529697,5296.97
529804,5298.04
529907,5299.07
530016,5300.16
530125,5301.25
530232,5302.32
530343,5303.43
530449,5304.49
530561,5305.61
530671,5306.71
530779,5307.79
530893,5308.93
531009,5310.09
531130,5311.3
531245,5312.45
531364,5313.64
531478,5314.78
531596,5315.96
531714,5317.14
531828,5318.28
531942,5319.42
532054,5320.54
532171,5321.71
532289,5322.89
532391,5323.91
532479,5324.79
532557,5325.57
532631,5326.31
532704,5327.04
532782,5327.82
532860,5328.6
532930,5329.3
532999,5329.99
533065,5330.65
533132,5331.32
533205,5332.05
533318,5333.18
533431,5334.31
533533,5335.33
533630,5336.3
533722,5337.22
533813,5338.13
533903,5339.03
533991,5339.91
534077,5340.77
534162,5341.62
534248,5342.48
534331,5343.31
534412,5344.12
534491,5344.91
534572,5345.72
534657,5346.57
534746,5347.46
534837,5348.37
534930,5349.3
535026,5350.26
535124,5351.24
535223,5352.23
535326,5353.26
535427,5354.27
535528,5355.28
535628,5356.28
535732,5357.32
535836,5358.36
535942,5359.42
536045,5360.45
536151,5361.51
536261,5362.61
536376,5363.76
536488,5364.88
536603,5366.03
536715,5367.15
536825,5368.25
536937,5369.37
537051,5370.51
537164,5371.64
537271,5372.71
537382,5373.82
537492,5374.92
537606,5376.06
537723,5377.23
537842,5378.42
537956,5379.56
538070,5380.7
538184,5381.84
538302,5383.02
538418,5384.18
538536,5385.36
538653,5386.53
538768,5387.68
538887,5388.87
539011,5390.11
539130,5391.3
539254,5392.54
539369,5393.69
539482,5394.82
539573,5395.73
539654,5396.54
539730,5397.3
539808,5398.08
539883,5398.83
539956,5399.56
540028,5400.28
540108,5401.08
540188,5401.88
540267,5402.67
540343,5403.43
540418,5404.18
540495,5404.95
540574,5405.74
540654,5406.54
540732,5407.32
540812,5408.12
540893,5408.93
540975,5409.75
541059,5410.59
541143,5411.43
541224,5412.24
541306,5413.06
541386,5413.86
541466,5414.66
541547,5415.47
541627,5416.27
541708,5417.08
541787,5417.87
541866,5418.66
541943,5419.43
542020,5420.2
542096,5420.96
542171,5421.71
542247,5422.47
542322,5423.22
542400,5424.0
542481,5424.81
542560,5425.6
542636,5426.36
542711,5427.11
542784,5427.84
542854,5428.54
542922,5429.22
542988,5429.88
543052,5430.52
543116,5431.16
543180,5431.8
543252,5432.52
543331,5433.31
543446,5434.46
543562,5435.62
543675,5436.75
543780,5437.8
543881,5438.81
543981,5439.81
544084,5440.84
544187,5441.87
544288,5442.88
544389,5443.89
544490,5444.9
544598,5445.98
544707,5447.07
544818,5448.18
544935,5449.35
545052,5450.52
545171,5451.71
545295,5452.95
545416,5454.16
545540,5455.4
545661,5456.61
545788,5457.88
545915,5459.15
546051,5460.51
546183,5461.83
546309,5463.09
546441,5464.41
546574,5465.74
546668,5466.68
546750,5467.5
546826,5468.26
546900,5469.0
546972,5469.72
547041,5470.41
547110,5471.1
547200,5472.0
547299,5472.99
547392,5473.92
547485,5474.85
547578,5475.78
547671,5476.71
547764,5477.64
547857,5478.57
547949,5479.49
548042,5480.42
548134,5481.34
548226,5482.26
548319,5483.19
548410,5484.1
548500,5485.0
548590,5485.9
548680,5486.8
548766,5487.66
548853,5488.53
548938,5489.38
549018,5490.18
549097,5490.97
549174,5491.74
549246,5492.46
549316,5493.16
549382,5493.82
549447,5494.47
549509,5495.09
549569,5495.69
549630,5496.3
549692,5496.92
549755,5497.55
549817,5498.17
549878,5498.78
549940,5499.4
550001,5500.01
550062,5500.62
550123,5501.23
550183,5501.83
550242,5502.42
550302,5503.02
550362,5503.62
550421,5504.21
550481,5504.81
550541,5505.41
550600,5506.0
550660,5506.6
550719,5507.19
550780,5507.8
550842,5508.42
550906,5509.06
550978,5509.78
551051,5510.51
551125,5511.25
551198,5511.98
551272,5512.72
551346,5513.46
551424,5514.24
551507,5515.07
551590,5515.9
551672,5516.72
551754,5517.54
551845,5518.45
551937,5519.37
552023,5520.23
552108,5521.08
552194,5521.94
552282,5522.82
552370,5523.7
552463,5524.63
552555,5525.55
552652,5526.52
552749,5527.49
552837,5528.37
552920,5529.2
553008,5530.08
553088,5530.88
553169,5531.69
553249,5532.49
553344,5533.44
553440,5534.4
553533,5535.33
553627,5536.27
553715,5537.15
553802,5538.02
553888,5538.88
553978,5539.78
554067,5540.67
554152,5541.52
554237,5542.37
554321,5543.21
554402,5544.02
554485,5544.85
554566,5545.66
554648,5546.48
554729,5547.29
554813,5548.13
554899,5548.99
554984,5549.84
555071,5550.71
555161,5551.61
555248,5552.48
555333,5553.33
555424,5554.24
555508,5555.08
555588,5555.88
555665,5556.65
555743,5557.43
555825,5558.25
555904,5559.04
555981,5559.81
556059,5560.59
556146,5561.46
556232,5562.32
556318,5563.18
556399,5563.99
556477,5564.77
556556,5565.56
556637,5566.37
556716,5567.16
556796,5567.96
556878,5568.78
556959,5569.59
557043,5570.43
557127,5571.27
557222,5572.22
557313,5573.13
557401,5574.01
557492,5574.92
557587,5575.87
557675,5576.75
557764,5577.64
557859,5578.59
557948,5579.48
558041,5580.41
558143,5581.43
558241,5582.41
558333,5583.33
558427,5584.27
558517,5585.17
558610,5586.1
558701,5587.01
558789,5587.89
558884,5588.84
558985,5589.85
559081,5590.81
559176,5591.76
559283,5592.83
559384,5593.84
559488,5594.88
559611,5596.11
559732,5597.32
559850,5598.5
559963,5599.63
560072,5600.72
560182,5601.82
560286,5602.86
560374,5603.74
560455,5604.55
560533,5605.33
560609,5606.09
560684,5606.84
560762,5607.62
560849,5608.49
560940,5609.4
561026,5610.26
561107,5611.07
561184,5611.84
561259,5612.59
561331,5613.31
561403,5614.03
561476,5614.76
561583,5615.83
561690,5616.9
561785,5617.85
561870,5618.7
561951,5619.51
562033,5620.33
562123,5621.23
562223,5622.23
562316,5623.16
562413,5624.13
562514,5625.14
562612,5626.12
562707,5627.07
562806,5628.06
562904,5629.04
563001,5630.01
563094,5630.94
563189,5631.89
563287,5632.87
563383,5633.83
563482,5634.82
563584,5635.84
563687,5636.87
563796,5637.96
563907,5639.07
564018,5640.18
564130,5641.3
564238,5642.38
564351,5643.51
564458,5644.58
564564,5645.64
564672,5646.72
564778,5647.78
564886,5648.86
564997,5649.97
565106,5651.06
565211,5652.11
565319,5653.19
565425,5654.25
565539,5655.39
565646,5656.46
565754,5657.54
565869,5658.69
565980,5659.8
566095,5660.95
566197,5661.97
566283,5662.83
566365,5663.65
566443,5664.43
566528,5665.28
566610,5666.1
566690,5666.9
566769,5667.69
566851,5668.51
566942,5669.42
567036,5670.36
567132,5671.32
567236,5672.36
567340,5673.4
567438,5674.38
567542,5675.42
567648,5676.48
567746,5677.46
567847,5678.47
567946,5679.46
568038,5680.38
568128,5681.28
568217,5682.17
568309,5683.09
568398,5683.98
568503,5685.03
568611,5686.11
568713,5687.13
568823,5688.23
568935,5689.35
569039,5690.39
569144,5691.44
569246,5692.46
569344,5693.44
569441,5694.41
569536,5695.36
569639,5696.39
569758,5697.58
569875,5698.75
569995,5699.95
570109,5701.09
570220,5702.2
570331,5703.31
570432,5704.32
570531,5705.31
570639,5706.39
570741,5707.41
570846,5708.46
570956,5709.56
571056,5710.56
571149,5711.49
571236,5712.36
571321,5713.21
571410,5714.1
571492,5714.92
571571,5715.71
571648,5716.48
571724,5717.24
571808,5718.08
571886,5718.86
571963,5719.63
572038,5720.38
572121,5721.21
572205,5722.05
572286,5722.86
572364,5723.64
572442,5724.42
572518,5725.18
572599,5725.99
572679,5726.79
572761,5727.61
572847,5728.47
572939,5729.39
573026,5730.26
573122,5731.22
573224,5732.24
573319,5733.19
573409,5734.09
573499,5734.99
573590,5735.9
573682,5736.82
573769,5737.69
573861,5738.61
573956,5739.56
574046,5740.46
574140,5741.4
574235,5742.35
574326,5743.26
574421,5744.21
574520,5745.2
574613,5746.13
574705,5747.05
574803,5748.03
574900,5749.0
574996,5749.96
575104,5751.04
575208,5752.08
575308,5753.08
575416,5754.16
575528,5755.28
575636,5756.36
575749,5757.49
575859,5758.59
575978,5759.78
576092,5760.92
576188,5761.88
576280,5762.8
576378,5763.78
576466,5764.66
576550,5765.5
576628,5766.28
576704,5767.04
576778,5767.78
576854,5768.54
576935,5769.35
577017,5770.17
577119,5771.19
577221,5772.21
577317,5773.17
577419,5774.19
577520,5775.2
577619,5776.19
577719,5777.19
577822,5778.22
577918,5779.18
578016,5780.16
578113,5781.13
578211,5782.11
578303,5783.03
578396,5783.96
578495,5784.95
578589,5785.89
578681,5786.81
578775,5787.75
578870,5788.7
578959,5789.59
579050,5790.5
579154,5791.54
579248,5792.48
579345,5793.45
579443,5794.43
579538,5795.38
579626,5796.26
579714,5797.14
579796,5797.96
579877,5798.77
579963,5799.63
580058,5800.58
580143,5801.43
580227,5802.27
580311,5803.11
580401,5804.01
580492,5804.92
580586,5805.86
580684,5806.84
580780,5807.8
580880,5808.8
580976,5809.76
581079,5810.79
581186,5811.86
581290,5812.9
581392,5813.92
581496,5814.96
581599,5815.99
581698,5816.98
581803,5818.03
581917,5819.17
582024,5820.24
582130,5821.3
582241,5822.41
582349,5823.49
582447,5824.47
582544,5825.44
582648,5826.48
582757,5827.57
582865,5828.65
582979,5829.79
583089,5830.89
583205,5832.05
583318,5833.18
583417,5834.17
583511,5835.11
583613,5836.13
583703,5837.03
583784,5837.84
583864,5838.64
583945,5839.45
584023,5840.23
584098,5840.98
584174,5841.74
584252,5842.52
584332,5843.32
584413,5844.13
584489,5844.89
584562,5845.62
584633,5846.33
584702,5847.02
584769,5847.69
584837,5848.37
584915,5849.15
585006,5850.06
585109,5851.09
585207,5852.07
585307,5853.07
585408,5854.08
585504,5855.04
585601,5856.01
585693,5856.93
585781,5857.81
585870,5858.7
585956,5859.56
586041,5860.41
586132,5861.32
586229,5862.29
586323,5863.23
586415,5864.15
586512,5865.12
586613,5866.13
586710,5867.1
586810,5868.1
586918,5869.18
587023,5870.23
587127,5871.27
587229,5872.29
587327,5873.27
587425,5874.25
587530,5875.3
587627,5876.27
587725,5877.25
587827,5878.27
587923,5879.23
588012,5880.12
588104,5881.04
588193,5881.93
588279,5882.79
588360,5883.6
588441,5884.41
588521,5885.21
588598,5885.98
588673,5886.73
588755,5887.55
588837,5888.37
588914,5889.14
588990,5889.9
589067,5890.67
589153,5891.53
589238,5892.38
589326,5893.26
589416,5894.16
589504,5895.04
589595,5895.95
589697,5896.97
589802,5898.02
589898,5898.98
589993,5899.93
590097,5900.97
590194,5901.94
590285,5902.85
590380,5903.8
590471,5904.71
590558,5905.58
590646,5906.46
590736,5907.36
590826,5908.26
590916,5909.16
591010,5910.1
591106,5911.06
591202,5912.02
591302,5913.02
591405,5914.05
591503,5915.03
591603,5916.03
591706,5917.06
591806,5918.06
591907,5919.07
592015,5920.15
592116,5921.16
592219,5922.19
592327,5923.27
592421,5924.21
592515,5925.15
592602,5926.02
592683,5926.83
592762,5927.62
592842,5928.42
592920,5929.2
592998,5929.98
593078,5930.78
593165,5931.65
593251,5932.51
593329,5933.29
593406,5934.06
593484,5934.84
593564,5935.64
593649,5936.49
593733,5937.33
593823,5938.23
593927,5939.27
594024,5940.24
594122,5941.22
594226,5942.26
594330,5943.3
594427,5944.27
594527,5945.27
594629,5946.29
594726,5947.26
594818,5948.18
594911,5949.11
595007,5950.07
595103,5951.03
595195,5951.95
595294,5952.94
595395,5953.95
595492,5954.92
595589,5955.89
595688,5956.88
595781,5957.81
595884,5958.84
595984,5959.84
596079,5960.79
596185,5961.85
596291,5962.91
596390,5963.9
596485,5964.85
596572,5965.72
596653,5966.53
596733,5967.33
596843,5968.43
596945,5969.45
597042,5970.42
597131,5971.31
597218,5972.18
597305,5973.05
597396,5973.96
597486,5974.86
597576,5975.76
597669,5976.69
597771,5977.71
597869,5978.69
597962,5979.62
598057,5980.57
598155,5981.55
598245,5982.45
598332,5983.32
598425,5984.25
598519,5985.19
598609,5986.09
598703,5987.03
598796,5987.96
598883,5988.83
598972,5989.72
599060,5990.6
599147,5991.47
599236,5992.36
599327,5993.27
599420,5994.2
599517,5995.17
599615,5996.15
599713,5997.13
599818,5998.18
599925,5999.25
600027,6000.27
600139,6001.39
600252,6002.52
600358,6003.58
600472,6004.72
600577,6005.77
600666,6006.66
600749,6007.49
600829,6008.29
600917,6009.17
600997,6009.97
601074,6010.74
601149,6011.49
601251,6012.51
601346,6013.46
601438,6014.38
601521,6015.21
601599,6015.99
601679,6016.79
601759,6017.59
601842,6018.42
601924,6019.24
602013,6020.13
602109,6021.09
602199,6021.99
602292,6022.92
602382,6023.82
602470,6024.7
602563,6025.63
602662,6026.62
602755,6027.55
602848,6028.48
602945,6029.45
603038,6030.38
603128,6031.28
603220,6032.2
603319,6033.19
603413,6034.13
603504,6035.04
603602,6036.02
603697,6036.97
603789,6037.89
603883,6038.83
603975,6039.75
604066,6040.66
604160,6041.6
604257,6042.57
604359,6043.59
604459,6044.59
604565,6045.65
604672,6046.72
604771,6047.71
604880,6048.8
604979,6049.79
605065,6050.65
605146,6051.46
605222,6052.22
605298,6052.98
605375,6053.75
605454,6054.54
605533,6055.33
605613,6056.13
605689,6056.89
605767,6057.67
605849,6058.49
605937,6059.37
606038,6060.38
606139,6061.39
606236,6062.36
606338,6063.38
606432,6064.32
606527,6065.27
606626,6066.26
606718,6067.18
606804,6068.04
606889,6068.89
606974,6069.74
607057,6070.57
607141,6071.41
607233,6072.33
607323,6073.23
607409,6074.09
607500,6075.0
607594,6075.94
607691,6076.91
607787,6077.87
607892,6078.92
607999,6079.99
608096,6080.96
608195,6081.95
608294,6082.94
608391,6083.91
608493,6084.93
608591,6085.91
608680,6086.8
608772,6087.72
608860,6088.6
608943,6089.43
609022,6090.22
609106,6091.06
609189,6091.89
609267,6092.67
609343,6093.43
609419,6094.19
609495,6094.95
609569,6095.69
609643,6096.43
609715,6097.15
609784,6097.84
609852,6098.52
609920,6099.2
609990,6099.9
610071,6100.71
610151,6101.51
610234,6102.34
610328,6103.28
610426,6104.26
610523,6105.23
610624,6106.24
610722,6107.22
610824,6108.24
610923,6109.23
611016,6110.16
611110,6111.1
611211,6112.11
611305,6113.05
611399,6113.99
611497,6114.97
611593,6115.93
611684,6116.84
611776,6117.76
611873,6118.73
611968,6119.68
612059,6120.59
612150,6121.5
612255,6122.55
612356,6123.56
612453,6124.53
612561,6125.61
612670,6126.7
612772,6127.72
612883,6128.83
612994,6129.94
613092,6130.92
613198,6131.98
613310,6133.1
613411,6134.11
613511,6135.11
613610,6136.1
613713,6137.13
613805,6138.05
613890,6138.9
613970,6139.7
614048,6140.48
614131,6141.31
614218,6142.18
614299,6142.99
614378,6143.78
614458,6144.58
614545,6145.45
614625,6146.25
614703,6147.03
614783,6147.83
614872,6148.72
614960,6149.6
615054,6150.54
615155,6151.55
615251,6152.51
615350,6153.5
615452,6154.52
615546,6155.46
615645,6156.45
615746,6157.46
615841,6158.41
615934,6159.34
616030,6160.3
616125,6161.25
616214,6162.14
616301,6163.01
616394,6163.94
616491,6164.91
616583,6165.83
616674,6166.74
616767,6167.67
616857,6168.57
616949,6169.49
617047,6170.47
617141,6171.41
617237,6172.37
617339,6173.39
617438,6174.38
617532,6175.32
617632,6176.32
617732,6177.32
617828,6178.28
617926,6179.26
618026,6180.26
618118,6181.18
618211,6182.11
618310,6183.1
618394,6183.94
618473,6184.73
618553,6185.53
618644,6186.44
618725,6187.25
618803,6188.03
618880,6188.8
618964,6189.64
619043,6190.43
619120,6191.2
619197,6191.97
619277,6192.77
619357,6193.57
619442,6194.42
619541,6195.41
619640,6196.4
619732,6197.32
619825,6198.25
619926,6199.26
620021,6200.21
620119,6201.19
620220,6202.2
620315,6203.15
620411,6204.11
620510,6205.1
620600,6206.0
620692,6206.92
620798,6207.98
620895,6208.95
620987,6209.87
621079,6210.79
621175,6211.75
621266,6212.66
621355,6213.55
621448,6214.48
621540,6215.4
621632,6216.32
621725,6217.25
621825,6218.25
621923,6219.23
622026,6220.26
622132,6221.32
622232,6222.32
622326,6223.26
622424,6224.24
622510,6225.1
622590,6225.9
622670,6226.7
622760,6227.6
622844,6228.44
622922,6229.22
622997,6229.97
623075,6230.75
623182,6231.82
623281,6232.81
623375,6233.75
623458,6234.58
623538,6235.38
623618,6236.18
623707,6237.07
623792,6237.92
623883,6238.83
623978,6239.78
624068,6240.68
624159,6241.59
624251,6242.51
624338,6243.38
624430,6244.3
624530,6245.3
624628,6246.28
624722,6247.22
624820,6248.2
624921,6249.21
625016,6250.16
625107,6251.07
625197,6251.97
625292,6252.92
625383,6253.83
625474,6254.74
625567,6255.67
625660,6256.6
625750,6257.5
625842,6258.42
625940,6259.4
626031,6260.31
626133,6261.33
626236,6262.36
626329,6263.29
626426,6264.26
626522,6265.22
626617,6266.17
626718,6267.18
626825,6268.25
626923,6269.23
627021,6270.21
627108,6271.08
627188,6271.88
627267,6272.67
627354,6273.54
627441,6274.41
627522,6275.22
627602,6276.02
627680,6276.8
627758,6277.58
627837,6278.37
627920,6279.2
628004,6280.04
628093,6280.93
628189,6281.89
628280,6282.8
628371,6283.71
628468,6284.68
628559,6285.59
628649,6286.49
628740,6287.4
628838,6288.38
628928,6289.28
629017,6290.17
629111,6291.11
629200,6292.0
629287,6292.87
629372,6293.72
629459,6294.59
629544,6295.44
629631,6296.31
629724,6297.24
629820,6298.2
629913,6299.13
630015,6300.15
630119,6301.19
630218,6302.18
630314,6303.14
630413,6304.13
630512,6305.12
630607,6306.07
630710,6307.1
630811,6308.11
630908,6309.08
631013,6310.13
631122,6311.22
631224,6312.24
631335,6313.35
631447,6314.47
631537,6315.37
631620,6316.2
631699,6316.99
631779,6317.79
631857,6318.57
631935,6319.35
632013,6320.13
632097,6320.97
632181,6321.81
632256,6322.56
632333,6323.33
632414,6324.14
632503,6325.03
632590,6325.9
632682,6326.82
632789,6327.89
632891,6328.91
632997,6329.97
633100,6331.0
633199,6331.99
633298,6332.98
633394,6333.94
633488,6334.88
633584,6335.84
633677,6336.77
633766,6337.66
633859,6338.59
633958,6339.58
634052,6340.52
634141,6341.41
634231,6342.31
634327,6343.27
634420,6344.2
634516,6345.16
634611,6346.11
634705,6347.05
634805,6348.05
634904,6349.04
634998,6349.98
635100,6351.0
635199,6351.99
635295,6352.95
635391,6353.91
635490,6354.9
635585,6355.85
635689,6356.89
635798,6357.98
635898,6358.98
635991,6359.91
636083,6360.83
636164,6361.64
636243,6362.43
636324,6363.24
636408,6364.08
636487,6364.87
636564,6365.64
636638,6366.38
636713,6367.13
636786,6367.86
636859,6368.59
636932,6369.32
637011,6370.11
637092,6370.92
637174,6371.74
637264,6372.64
637355,6373.55
637450,6374.5
637550,6375.5
637646,6376.46
637738,6377.38
637832,6378.32
637932,6379.32
638031,6380.31
638123,6381.23
638215,6382.15
638314,6383.14
638408,6384.08
638500,6385.0
638600,6386.0
638703,6387.03
638800,6388.0
638889,6388.89
638977,6389.77
639070,6390.7
639161,6391.61
639253,6392.53
639354,6393.54
639449,6394.49
639550,6395.5
639654,6396.54
639753,6397.53
639853,6398.53
639956,6399.56
640059,6400.59
640155,6401.55
640259,6402.59
640349,6403.49
640439,6404.39
640526,6405.26
640607,6406.07
640687,6406.87
640765,6407.65
640845,6408.45
640922,6409.22
640998,6409.98
641079,6410.79
641162,6411.62
641243,6412.43
641326,6413.26
641414,6414.14
641501,6415.01
641593,6415.93
641694,6416.94
641796,6417.96
641892,6418.92
641994,6419.94
642090,6420.9
642188,6421.88
642296,6422.96
642395,6423.95
642494,6424.94
642604,6426.04
642705,6427.05
642798,6427.98
642887,6428.87
642979,6429.79
643071,6430.71
643161,6431.61
643250,6432.5
643353,6433.53
643453,6434.53
643547,6435.47
643642,6436.42
643739,6437.39
643832,6438.32
643926,6439.26
644018,6440.18
644100,6441.0
644177,6441.77
644255,6442.55
644356,6443.56
644458,6444.58
644545,6445.45
644630,6446.3
644712,6447.12
644795,6447.95
644877,6448.77
644962,6449.62
645055,6450.55
645152,6451.52
645247,6452.47
645345,6453.45
645442,6454.42
645537,6455.37
645640,6456.4
645739,6457.39
645834,6458.34
645929,6459.29
646025,6460.25
646117,6461.17
646215,6462.15
646317,6463.17
646413,6464.13
646512,6465.12
646609,6466.09
646703,6467.03
646784,6467.84
646865,6468.65
646973,6469.73
647069,6470.69
647171,6471.71
647267,6472.67
647359,6473.59
647457,6474.57
647552,6475.52
647647,6476.47
647732,6477.32
647812,6478.12
647888,6478.88
647965,6479.65
648042,6480.42
648123,6481.23
648202,6482.02
648278,6482.78
648352,6483.52
648424,6484.24
648497,6484.97
648571,6485.71
648651,6486.51
648741,6487.41
648828,6488.28
648923,6489.23
649027,6490.27
649123,6491.23
649224,6492.24
649325,6493.25
649419,6494.19
649516,6495.16
649615,6496.15
649709,6497.09
649804,6498.04
649900,6499.0
649989,6499.89
650083,6500.83
650179,6501.79
650271,6502.71
650363,6503.63
650456,6504.56
650548,6505.48
650637,6506.37
650732,6507.32
650828,6508.28
650924,6509.24
651022,6510.22
651127,6511.27
651228,6512.28
651324,6513.24
651422,6514.22
651529,6515.29
651625,6516.25
651722,6517.22
651824,6518.24
651917,6519.17
652012,6520.12
652100,6521.0
652179,6521.79
652259,6522.59
652337,6523.37
652412,6524.12
652488,6524.88
652564,6525.64
652643,6526.43
652719,6527.19
652794,6527.94
652869,6528.69
652944,6529.44
653022,6530.22
653104,6531.04
653196,6531.96
653298,6532.98
653397,6533.97
653504,6535.04
653606,6536.06
653708,6537.08
653811,6538.11
653912,6539.12
654005,6540.05
654102,6541.02
654200,6542.0
654294,6542.94
654388,6543.88
654483,6544.83
654572,6545.72
654663,6546.63
654764,6547.64
654854,6548.54
654946,6549.46
655044,6550.44
655135,6551.35
655227,6552.27
655325,6553.25
655419,6554.19
655516,6555.16
655619,6556.19
655716,6557.16
655823,6558.23
655930,6559.3
656026,6560.26
656134,6561.34
656243,6562.43
656337,6563.37
656429,6564.29
656513,6565.13
656592,6565.92
656669,6566.69
656751,6567.51
656834,6568.34
656915,6569.15
656992,6569.92
657067,6570.67
657142,6571.42
657216,6572.16
657295,6572.95
657375,6573.75
657453,6574.53
657531,6575.31
657613,6576.13
657694,6576.94
657775,6577.75
657858,6578.58
657944,6579.44
658030,6580.3
658120,6581.2
658213,6582.13
658298,6582.98
658383,6583.83
658470,6584.7
658557,6585.57
658649,6586.49
658741,6587.41
658828,6588.28
658918,6589.18
659009,6590.09
659098,6590.98
659194,6591.94
659292,6592.92
659385,6593.85
659479,6594.79
659576,6595.76
659670,6596.7
659763,6597.63
659862,6598.62
659961,6599.61
660057,6600.57
660160,6601.6
660268,6602.68
660373,6603.73
660488,6604.88
660589,6605.89
660683,6606.83
660787,6607.87
660901,6609.01
661005,6610.05
661109,6611.09
661205,6612.05
661287,6612.87
661367,6613.67
661444,6614.44
661520,6615.2
661596,6615.96
661674,6616.74
661752,6617.52
661830,6618.3
661906,6619.06
661986,6619.86
662070,6620.7
662162,6621.62
662260,6622.6
662358,6623.58
662466,6624.66
662573,6625.73
662677,6626.77
662781,6627.81
662882,6628.82
662975,6629.75
663071,6630.71
663172,6631.72
663267,6632.67
663364,6633.64
663469,6634.69
663565,6635.65
663662,6636.62
663757,6637.57
663851,6638.51
663947,6639.47
664049,6640.49
664144,6641.44
664243,6642.43
664348,6643.48
664449,6644.49
664552,6645.52
664657,6646.57
664758,6647.58
664865,6648.65
664970,6649.7
665069,6650.69
665174,6651.74
665281,6652.81
665373,6653.73
665469,6654.69
665556,6655.56
665634,6656.34
665711,6657.11
665783,6657.83
665862,6658.62
665941,6659.41
666015,6660.15
666087,6660.87
666156,6661.56
666224,6662.24
666293,6662.93
666364,6663.64
666443,6664.43
666526,6665.26
666607,6666.07
666693,6666.93
666789,6667.89
666880,6668.8
666970,6669.7
667059,6670.59
667151,6671.51
667242,6672.42
667337,6673.37
667439,6674.39
667534,6675.34
667631,6676.31
667734,6677.34
667832,6678.32
667928,6679.28
668024,6680.24
668119,6681.19
668208,6682.08
668294,6682.94
668382,6683.82
668467,6684.67
668561,6685.61
668656,6686.56
668752,6687.52
668858,6688.58
668964,6689.64
669065,6690.65
669172,6691.72
669280,6692.8
669375,6693.75
669476,6694.76
669578,6695.78
669671,6696.71
669767,6697.67
669853,6698.53
669933,6699.33
670011,6700.11
670097,6700.97
670179,6701.79
670262,6702.62
670344,6703.44
670428,6704.28
670511,6705.11
670592,6705.92
670678,6706.78
670775,6707.75
670864,6708.64
670961,6709.61
671056,6710.56
671148,6711.48
671242,6712.42
671341,6713.41
671433,6714.33
671528,6715.28
671624,6716.24
671723,6717.23
671819,6718.19
671910,6719.1
672002,6720.02
672103,6721.03
672200,6722.0
672300,6723.0
672406,6724.06
672502,6725.02
672596,6725.96
672694,6726.94
672790,6727.9
672882,6728.82
672979,6729.79
673074,6730.74
673168,6731.68
673274,6732.74
673380,6733.8
673483,6734.83
673589,6735.89
673686,6736.86
673773,6737.73
673854,6738.54
673933,6739.33
674009,6740.09
674085,6740.85
674164,6741.64
674241,6742.41
674318,6743.18
674394,6743.94
674471,6744.71
674548,6745.48
674626,6746.26
674705,6747.05
674787,6747.87
674877,6748.77
674975,6749.75
675068,6750.68
675172,6751.72
675277,6752.77
675375,6753.75
675480,6754.8
675586,6755.86
675685,6756.85
675784,6757.84
675884,6758.84
675978,6759.78
676070,6760.7
676169,6761.69
676261,6762.61
676354,6763.54
676451,6764.51
676545,6765.45
676640,6766.4
676735,6767.35
676831,6768.31
676928,6769.28
677034,6770.34
677141,6771.41
677241,6772.41
677351,6773.51
677457,6774.57
677557,6775.57
677664,6776.64
677775,6777.75
677874,6778.74
677973,6779.73
678073,6780.73
678165,6781.65
678247,6782.47
678326,6783.26
678409,6784.09
678489,6784.89
678567,6785.67
678647,6786.47
678727,6787.27
678806,6788.06
678883,6788.83
678962,6789.62
679043,6790.43
679135,6791.35
679240,6792.4
679344,6793.44
679447,6794.47
679546,6795.46
679640,6796.4
679730,6797.3
679827,6798.27
679926,6799.26
680017,6800.17
680108,6801.08
680204,6802.04
680300,6803.0
680392,6803.92
680488,6804.88
680590,6805.9
680687,6806.87
680791,6807.91
680904,6809.04
681007,6810.07
681106,6811.06
681214,6812.14
681314,6813.14
681412,6814.12
681515,6815.15
681619,6816.19
681716,6817.16
681814,6818.14
681913,6819.13
682004,6820.04
682092,6820.92
682174,6821.74
682250,6822.5
682326,6823.26
682403,6824.03
682479,6824.79
682553,6825.53
682628,6826.28
682702,6827.02
682776,6827.76
682848,6828.48
682921,6829.21
682998,6829.98
683078,6830.78
683165,6831.65
683260,6832.6
683350,6833.5
683453,6834.53
683553,6835.53
683650,6836.5
683756,6837.56
683857,6838.57
683964,6839.64
684072,6840.72
684172,6841.72
684267,6842.67
684363,6843.63
684462,6844.62
684553,6845.53
684645,6846.45
684739,6847.39
684830,6848.3
684926,6849.26
685023,6850.23
685113,6851.13
685205,6852.05
685306,6853.06
685400,6854.0
685492,6854.92
685597,6855.97
685697,6856.97
685789,6857.89
685882,6858.82
685973,6859.73
686066,6860.66
686162,6861.62
686262,6862.62
686360,6863.6
686465,6864.65
686571,6865.71
686656,6866.56
686736,6867.36
686813,6868.13
686889,6868.89
686963,6869.63
687035,6870.35
687111,6871.11
687194,6871.94
687274,6872.74
687349,6873.49
687425,6874.25
687501,6875.01
687582,6875.82
687673,6876.73
687771,6877.71
687865,6878.65
687953,6879.53
688045,6880.45
688143,6881.43
688238,6882.38
688330,6883.3
688429,6884.29
688526,6885.26
688615,6886.15
688706,6887.06
688798,6887.98
688887,6888.87
688971,6889.71
689056,6890.56
689143,6891.43
689230,6892.3
689321,6893.21
689420,6894.2
689513,6895.13
689614,6896.14
689721,6897.21
689819,6898.19
689918,6899.18
690016,6900.16
690113,6901.13
690216,6902.16
690312,6903.12
690416,6904.16
690523,6905.23
690628,6906.28
690719,6907.19
690806,6908.06
690886,6908.86
690964,6909.64
691045,6910.45
691125,6911.25
691204,6912.04
691281,6912.81
691359,6913.59
691437,6914.37
691515,6915.15
691593,6915.93
691676,6916.76
691772,6917.72
691877,6918.77
691976,6919.76
692081,6920.81
692177,6921.77
692269,6922.69
692366,6923.66
692462,6924.62
692550,6925.5
692637,6926.37
692731,6927.31
692818,6928.18
692911,6929.11
693011,6930.11
693105,6931.05
693201,6932.01
693306,6933.06
693403,6934.03
693499,6934.99
693602,6936.02
693704,6937.04
693799,6937.99
693901,6939.01
694000,6940.0
694096,6940.96
694201,6942.01
694308,6943.08
694405,6944.05
694502,6945.02
694599,6945.99
694692,6946.92
694792,6947.92
694887,6948.87
694974,6949.74
695055,6950.55
695129,6951.29
695202,6952.02
695274,6952.74
695344,6953.44
695411,6954.11
695477,6954.77
695541,6955.41
695604,6956.04
695668,6956.68
695738,6957.38
695843,6958.43
695948,6959.48
696035,6960.35
696133,6961.33
696233,6962.33
696331,6963.31
696430,6964.3
696532,6965.32
696627,6966.27
696727,6967.27
696827,6968.27
696920,6969.2
697016,6970.16
697118,6971.18
697218,6972.18
697311,6973.11
697402,6974.02
697495,6974.95
697586,6975.86
697676,6976.76
697763,6977.63
697856,6978.56
697944,6979.44
698037,6980.37
698144,6981.44
698245,6982.45
698339,6983.39
698433,6984.33
698527,6985.27
698619,6986.19
698718,6987.18
698810,6988.1
698900,6989.0
698998,6989.98
699090,6990.9
699180,6991.8
699276,6992.76
699360,6993.6
699440,6994.4
699518,6995.18
699594,6995.94
699669,6996.69
699742,6997.42
699816,6998.16
699889,6998.89
699960,6999.6
700030,7000.3
700098,7000.98
700164,7001.64
700230,7002.3
700294,7002.94
700357,7003.57
700419,7004.19
700487,7004.87
700579,7005.79
700669,7006.69
700752,7007.52
700835,7008.35
700922,7009.22
701012,7010.12
701105,7011.05
701208,7012.08
701310,7013.1
701405,7014.05
701506,7015.06
701610,7016.1
701705,7017.05
701799,7017.99
701894,7018.94
701983,7019.83
702071,7020.71
702175,7021.75
702269,7022.69
702357,7023.57
702451,7024.51
702550,7025.5
702643,7026.43
702747,7027.47
702850,7028.5
702948,7029.48
703048,7030.48
703153,7031.53
703254,7032.54
703364,7033.64
703468,7034.68
703561,7035.61
703648,7036.48
703728,7037.28
703807,7038.07
703887,7038.87
703967,7039.67
704046,7040.46
704127,7041.27
704212,7042.12
704293,7042.93
704372,7043.72
704452,7044.52
704535,7045.35
704619,7046.19
704714,7047.14
704807,7048.07
704900,7049.0
705003,7050.03
705102,7051.02
705193,7051.93
705289,7052.89
705392,7053.92
705485,7054.85
705585,7055.85
705687,7056.87
705781,7057.81
705878,7058.78
705968,7059.68
706054,7060.54
706143,7061.43
706240,7062.4
706335,7063.35
706425,7064.25
706524,7065.24
706622,7066.22
706718,7067.18
706825,7068.25
706928,7069.28
707024,7070.24
707130,7071.3
707233,7072.33
707326,7073.26
707422,7074.22
707508,7075.08
707588,7075.88
707668,7076.68
707765,7077.65
707862,7078.62
707945,7079.45
708028,7080.28
708111,7081.11
708192,7081.92
708271,7082.71
708352,7083.52
708435,7084.35
708526,7085.26
708625,7086.25
708718,7087.18
708822,7088.22
708932,7089.32
709029,7090.29
709125,7091.25
709228,7092.28
709324,7093.24
709425,7094.25
709528,7095.28
709624,7096.24
709723,7097.23
709829,7098.29
709929,7099.29
710022,7100.22
710116,7101.16
710219,7102.19
710314,7103.14
710403,7104.03
710497,7104.97
710595,7105.95
710688,7106.88
710782,7107.82
710886,7108.86
710986,7109.86
711088,7110.88
711197,7111.97
711304,7113.04
711406,7114.06
711515,7115.15
711622,7116.22
711727,7117.27
711839,7118.39
711946,7119.46
712042,7120.42
712146,7121.46
712245,7122.45
712328,7123.28
712409,7124.09
712487,7124.87
712565,7125.65
712641,7126.41
712717,7127.17
712797,7127.97
712878,7128.78
712959,7129.59
713038,7130.38
713113,7131.13
713185,7131.85
713259,7132.59
713332,7133.32
713408,7134.08
713491,7134.91
713582,7135.82
713682,7136.82
713777,7137.77
713882,7138.82
713986,7139.86
714085,7140.85
714177,7141.77
714274,7142.74
714380,7143.8
714476,7144.76
714568,7145.68
714662,7146.62
714762,7147.62
714854,7148.54
714945,7149.45
715042,7150.42
715131,7151.31
715222,7152.22
715318,7153.18
715410,7154.1
715505,7155.05
715615,7156.15
715715,7157.15
715810,7158.1
715910,7159.1
716011,7160.11
716112,7161.12
716223,7162.23
716327,7163.27
716423,7164.23
716527,7165.27
716631,7166.31
716721,7167.21
716806,7168.06
716885,7168.85
716963,7169.63
717040,7170.4
717115,7171.15
717190,7171.9
717264,7172.64
717336,7173.36
717405,7174.05
717474,7174.74
717542,7175.42
717613,7176.13
717689,7176.89
717767,7177.67
717848,7178.48
717932,7179.32
718038,7180.38
718143,7181.43
718243,7182.43
718346,7183.46
718442,7184.42
718538,7185.38
718642,7186.42
718740,7187.4
718835,7188.35
718934,7189.34
719032,7190.32
719122,7191.22
719216,7192.16
719310,7193.1
719399,7193.99
719494,7194.94
719596,7195.96
719688,7196.88
719782,7197.82
719882,7198.82
719978,7199.78
720074,7200.74
720176,7201.76
720275,7202.75
720370,7203.7
720468,7204.68
720565,7205.65
720665,7206.65
720754,7207.54
720833,7208.33
720912,7209.12
720996,7209.96
721079,7210.79
721159,7211.59
721241,7212.41
721320,7213.2
721398,7213.98
721471,7214.71
721545,7215.45
721623,7216.23
721710,7217.1
721799,7217.99
721892,7218.92
721994,7219.94
722087,7220.87
722177,7221.77
722274,7222.74
722368,7223.68
722464,7224.64
722562,7225.62
722660,7226.6
722760,7227.6
722859,7228.59
722950,7229.5
723040,7230.4
723128,7231.28
723216,7232.16
723310,7233.1
723412,7234.12
723507,7235.07
723607,7236.07
723713,7237.13
723814,7238.14
723924,7239.24
724035,7240.35
724136,7241.36
724237,7242.37
724339,7243.39
724440,7244.4
724545,7245.45
724645,7246.45
724753,7247.53
724859,7248.59
724957,7249.57
725063,7250.63
725158,7251.58
725239,7252.39
725318,7253.18
725394,7253.94
725468,7254.68
725541,7255.41
725615,7256.15
725693,7256.93
725769,7257.69
725844,7258.44
725918,7259.18
725989,7259.89
726064,7260.64
726141,7261.41
726223,7262.23
726305,7263.05
726397,7263.97
726493,7264.93
726585,7265.85
726679,7266.79
726773,7267.73
726863,7268.63
726954,7269.54
727049,7270.49
727141,7271.41
727231,7272.31
727328,7273.28
727427,7274.27
727519,7275.19
727613,7276.13
727719,7277.19
727818,7278.18
727912,7279.12
728008,7280.08
728107,7281.07
728199,7281.99
728292,7282.92
728386,7283.86
728474,7284.74
728564,7285.64
728678,7286.78
728784,7287.84
728897,7288.97
729007,7290.07
729107,7291.07
729209,7292.09
729308,7293.08
729401,7294.01
729500,7295.0
729598,7295.98
729691,7296.91
729790,7297.9
729878,7298.78
729962,7299.62
730040,7300.4
730114,7301.14
730187,7301.87
730261,7302.61
730334,7303.34
730406,7304.06
730477,7304.77
730550,7305.5
730627,7306.27
730701,7307.01
730775,7307.75
730849,7308.49
730925,7309.25
731004,7310.04
731089,7310.89
731181,7311.81
731268,7312.68
731364,7313.64
731463,7314.63
731554,7315.54
731648,7316.48
731749,7317.49
731843,7318.43
731946,7319.46
732048,7320.48
732143,7321.43
732247,7322.47
732353,7323.53
732455,7324.55
732558,7325.58
732666,7326.66
732762,7327.62
732852,7328.52
732941,7329.41
733038,7330.38
733135,7331.35
733238,7332.38
733342,7333.42
733438,7334.38
733537,7335.37
733636,7336.36
733730,7337.3
733830,7338.3
733922,7339.22
734003,7340.03
734083,7340.83
734167,7341.67
734247,7342.47
734323,7343.23
734396,7343.96
734468,7344.68
734538,7345.38
734609,7346.09
734683,7346.83
734760,7347.6
734839,7348.39
734925,7349.25
735012,7350.12
735101,7351.01
735197,7351.97
735293,7352.93
735390,7353.9
735487,7354.87
735584,7355.84
735685,7356.85
735783,7357.83
735881,7358.81
735970,7359.7
736054,7360.54
736140,7361.4
736231,7362.31
736318,7363.18
736401,7364.01
736490,7364.9
736582,7365.82
736674,7366.74
736773,7367.73
736878,7368.78
736974,7369.74
737078,7370.78
737183,7371.83
737282,7372.82
737382,7373.82
737486,7374.86
737587,7375.87
737682,7376.82
737786,7377.86
737890,7378.9
737986,7379.86
738087,7380.87
738185,7381.85
738273,7382.73
738357,7383.57
738437,7384.37
738513,7385.13
738591,7385.91
738668,7386.68
738743,7387.43
738818,7388.18
738891,7388.91
738963,7389.63
739036,7390.36
739106,7391.06
739178,7391.78
739252,7392.52
739329,7393.29
739414,7394.14
739496,7394.96
739582,7395.82
739680,7396.8
739773,7397.73
739874,7398.74
739974,7399.74
740071,7400.71
740169,7401.69
740263,7402.63
740357,7403.57
740456,7404.56
740551,7405.51
740641,7406.41
740731,7407.31
740831,7408.31
740925,7409.25
741020,7410.2
741118,7411.18
741208,7412.08
741298,7412.98
741394,7413.94
741490,7414.9
741581,7415.81
741673,7416.73
741770,7417.7
741863,7418.63
741965,7419.65
742074,7420.74
742176,7421.76
742278,7422.78
742386,7423.86
742486,7424.86
742592,7425.92
742691,7426.91
742786,7427.86
742882,7428.82
742986,7429.86
743079,7430.79
743179,7431.79
743265,7432.65
743343,7433.43
743419,7434.19
743496,7434.96
743571,7435.71
743645,7436.45
743719,7437.19
743794,7437.94
743868,7438.68
743937,7439.37
744005,7440.05
744074,7440.74
744142,7441.42
744212,7442.12
744286,7442.86
744362,7443.62
744448,7444.48
744534,7445.34
744631,7446.31
744734,7447.34
744829,7448.29
744929,7449.29
745026,7450.26
745116,7451.16
745209,7452.09
745302,7453.02
745391,7453.91
745480,7454.8
745581,7455.81
745674,7456.74
745758,7457.58
745844,7458.44
745933,7459.33
746021,7460.21
746119,7461.19
746221,7462.21
746315,7463.15
746411,7464.11
746520,7465.2
746621,7466.21
746720,7467.2
746821,7468.21
746917,7469.17
747023,7470.23
747119,7471.19
747204,7472.04
747286,7472.86
747364,7473.64
747442,7474.42
747518,7475.18
747600,7476.0
747680,7476.8
747756,7477.56
747832,7478.32
747908,7479.08
747987,7479.87
748067,7480.67
748152,7481.52
748240,7482.4
748345,7483.45
748438,7484.38
748539,7485.39
748644,7486.44
748743,7487.43
748849,7488.49
748951,7489.51
749044,7490.44
749140,7491.4
749237,7492.37
749327,7493.27
749420,7494.2
749512,7495.12
749604,7496.04
749699,7496.99
749799,7497.99
749899,7498.99
750001,7500.01
750105,7501.05
750204,7502.04
750312,7503.12
750416,7504.16
750514,7505.14
750617,7506.17
750720,7507.2
750814,7508.14
750912,7509.12
751009,7510.09
751102,7511.02
751193,7511.93
751277,7512.77
751359,7513.59
751438,7514.38
751517,7515.17
751597,7515.97
751676,7516.76
751751,7517.51
751826,7518.26
751899,7518.99
751976,7519.76
752054,7520.54
752135,7521.35
752224,7522.24
752313,7523.13
752414,7524.14
752509,7525.09
752607,7526.07
752708,7527.08
752805,7528.05
752906,7529.06
753008,7530.08
753105,7531.05
753208,7532.08
753309,7533.09
753407,7534.07
753504,7535.04
753594,7535.94
753684,7536.84
753777,7537.77
753870,7538.7
753960,7539.6
754049,7540.49
754140,7541.4
754229,7542.29
754319,7543.19
754419,7544.19
754519,7545.19
754617,7546.17
754720,7547.2
754820,7548.2
754928,7549.28
755037,7550.37
755136,7551.36
755233,7552.33
755331,7553.31
755422,7554.22
755515,7555.15
755596,7555.96
755675,7556.75
755754,7557.54
755832,7558.32
755907,7559.07
755984,7559.84
756061,7560.61
756136,7561.36
756206,7562.06
756277,7562.77
756346,7563.46
756418,7564.18
756495,7564.95
756576,7565.76
756666,7566.66
756759,7567.59
756856,7568.56
756961,7569.61
757063,7570.63
757176,7571.76
757283,7572.83
757391,7573.91
757497,7574.97
757592,7575.92
757686,7576.86
757782,7577.82
757873,7578.73
757971,7579.71
758080,7580.8
758179,7581.79
758274,7582.74
758371,7583.71
758465,7584.65
758566,7585.66
758669,7586.69
758766,7587.66
758871,7588.71
758979,7589.79
759077,7590.77
759181,7591.81
759286,7592.86
759378,7593.78
759475,7594.75
759572,7595.72
759663,7596.63
759759,7597.59
759847,7598.47
759929,7599.29
760008,7600.08
760085,7600.85
760160,7601.6
760233,7602.33
760305,7603.05
760377,7603.77
760448,7604.48
760519,7605.19
760590,7605.9
760660,7606.6
760728,7607.28
760796,7607.96
760866,7608.66
760943,7609.43
761021,7610.21
761093,7610.93
761162,7611.62
761229,7612.29
761295,7612.95
761359,7613.59
761421,7614.21
761484,7614.84
761548,7615.48
761612,7616.12
761675,7616.75
761739,7617.39
761803,7618.03
761872,7618.72
761943,7619.43
762012,7620.12
762082,7620.82
762154,7621.54
762240,7622.4
762321,7623.21
762399,7623.99
762479,7624.79
762563,7625.63
762645,7626.45
762735,7627.35
762837,7628.37
762933,7629.33
763034,7630.34
763138,7631.38
763235,7632.35
763339,7633.39
763438,7634.38
763532,7635.32
763629,7636.29
763727,7637.27
763820,7638.2
763920,7639.2
764024,7640.24
764113,7641.13
764204,7642.04
764296,7642.96
764390,7643.9
764490,7644.9
764588,7645.88
764680,7646.8
764769,7647.69
764863,7648.63
764957,7649.57
765051,7650.51
765136,7651.36
765215,7652.15
765291,7652.91
765367,7653.67
765441,7654.41
765515,7655.15
765591,7655.91
765669,7656.69
765746,7657.46
765822,7658.22
765895,7658.95
765965,7659.65
766034,7660.34
766102,7661.02
766170,7661.7
766238,7662.38
766310,7663.1
766385,7663.85
766469,7664.69
766555,7665.55
766647,7666.47
766740,7667.4
766833,7668.33
766929,7669.29
767017,7670.17
767107,7671.07
767198,7671.98
767282,7672.82
767368,7673.68
767453,7674.53
767536,7675.36
767621,7676.21
767705,7677.05
767787,7677.87
767874,7678.74
767962,7679.62
768046,7680.46
768133,7681.33
768222,7682.22
768307,7683.07
768395,7683.95
768485,7684.85
768585,7685.85
768685,7686.85
768782,7687.82
768879,7688.79
768972,7689.72
769069,7690.69
769174,7691.74
769276,7692.76
769382,7693.82
769481,7694.81
769579,7695.79
769675,7696.75
769761,7697.61
769842,7698.42
769920,7699.2
769998,7699.98
770074,7700.74
770148,7701.48
770217,7702.17
770285,7702.85
770352,7703.52
770418,7704.18
770484,7704.84
770550,7705.5
770616,7706.16
770682,7706.82
770750,7707.5
770818,7708.18
770885,7708.85
770953,7709.53
771021,7710.21
771089,7710.89
771159,7711.59
771231,7712.31
771305,7713.05
771382,7713.82
771457,7714.57
771532,7715.32
771606,7716.06
771683,7716.83
771768,7717.68
771850,7718.5
771941,7719.41
772047,7720.47
772145,7721.45
772249,7722.49
772349,7723.49
772440,7724.4
772536,7725.36
772635,7726.35
772732,7727.32
772821,7728.21
772906,7729.06
772990,7729.9
773078,7730.78
773178,7731.78
773269,7732.69
773372,7733.72
773482,7734.82
773584,7735.84
773693,7736.93
773797,7737.97
773897,7738.97
774000,7740.0
774098,7740.98
774196,7741.96
774298,7742.98
774397,7743.97
774495,7744.95
774600,7746.0
774706,7747.06
774815,7748.15
774927,7749.27
775031,7750.31
775134,7751.34
775240,7752.4
775338,7753.38
775432,7754.32
775522,7755.22
775602,7756.02
775678,7756.78
775753,7757.53
775828,7758.28
775904,7759.04
775982,7759.82
776062,7760.62
776134,7761.34
776206,7762.06
776276,7762.76
776345,7763.45
776417,7764.17
776489,7764.89
776571,7765.71
776652,7766.52
776739,7767.39
776836,7768.36
776926,7769.26
777022,7770.22
777118,7771.18
777213,7772.13
777311,7773.11
777412,7774.12
777507,7775.07
777611,7776.11
777709,7777.09
777803,7778.03
777898,7778.98
777994,7779.94
778084,7780.84
778174,7781.74
778263,7782.63
778353,7783.53
778449,7784.49
778545,7785.45
778636,7786.36
778731,7787.31
778835,7788.35
778937,7789.37
779034,7790.34
779143,7791.43
779248,7792.48
779350,7793.5
779459,7794.59
779558,7795.58
779649,7796.49
779746,7797.46
779831,7798.31
779912,7799.12
779990,7799.9
780069,7800.69
780147,7801.47
780224,7802.24
780302,7803.02
780381,7803.81
780458,7804.58
780533,7805.33
780610,7806.1
780689,7806.89
780773,7807.73
780864,7808.64
780952,7809.52
781053,7810.53
781157,7811.57
781252,7812.52
781347,7813.47
781446,7814.46
781544,7815.44
781635,7816.35
781730,7817.3
781830,7818.3
781923,7819.23
782022,7820.22
782126,7821.26
782222,7822.22
782327,7823.27
782427,7824.27
782521,7825.21
782623,7826.23
782725,7827.25
782822,7828.22
782927,7829.27
783028,7830.28
783124,7831.24
783224,7832.24
783329,7833.29
783426,7834.26
783531,7835.31
783632,7836.32
783727,7837.27
783823,7838.23
783926,7839.26
784020,7840.2
784112,7841.12
784195,7841.95
784272,7842.72
784350,7843.5
784434,7844.34
784525,7845.25
784612,7846.12
784689,7846.89
784764,7847.64
784839,7848.39
784916,7849.16
784996,7849.96
785084,7850.84
785177,7851.77
785270,7852.7
785368,7853.68
785461,7854.61
785553,7855.53
785648,7856.48
785743,7857.43
785833,7858.33
785932,7859.32
786030,7860.3
786123,7861.23
786221,7862.21
786324,7863.24
786420,7864.2
786523,7865.23
786626,7866.26
786721,7867.21
786819,7868.19
786919,7869.19
787012,7870.12
787116,7871.16
787212,7872.12
787305,7873.05
787407,7874.07
787514,7875.14
787614,7876.14
787718,7877.18
787817,7878.17
787905,7879.05
787989,7879.89
788064,7880.64
788136,7881.36
788207,7882.07
788277,7882.77
788353,7883.53
788421,7884.21
788489,7884.89
788554,7885.54
788618,7886.18
788682,7886.82
788748,7887.48
788822,7888.22
788903,7889.03
788988,7889.88
789076,7890.76
789161,7891.61
789239,7892.39
789319,7893.19
789400,7894.0
789483,7894.83
789563,7895.63
789646,7896.46
789740,7897.4
789828,7898.28
789917,7899.17
790015,7900.15
790111,7901.11
790201,7902.01
790295,7902.95
790392,7903.92
790482,7904.82
790571,7905.71
790664,7906.64
790758,7907.58
790845,7908.45
790939,7909.39
791032,7910.32
791124,7911.24
791230,7912.3
791336,7913.36
791432,7914.32
791539,7915.39
791640,7916.4
791736,7917.36
791838,7918.38
791935,7919.35
792026,7920.26
792120,7921.2
792213,7922.13
792297,7922.97
792375,7923.75
792451,7924.51
792525,7925.25
792599,7925.99
792675,7926.75
792752,7927.52
792828,7928.28
792901,7929.01
792972,7929.72
793047,7930.47
793120,7931.2
793195,7931.95
793282,7932.82
793375,7933.75
793467,7934.67
793571,7935.71
793674,7936.74
793775,7937.75
793881,7938.81
793977,7939.77
794078,7940.78
794174,7941.74
794264,7942.64
794354,7943.54
794451,7944.51
794542,7945.42
794640,7946.4
794736,7947.36
794822,7948.22
794908,7949.08
794995,7949.95
795087,7950.87
795178,7951.78
795270,7952.7
795366,7953.66
795464,7954.64
795559,7955.59
795664,7956.64
795769,7957.69
795870,7958.7
795974,7959.74
796076,7960.76
796170,7961.7
796261,7962.61
796348,7963.48
796431,7964.31
796508,7965.08
796583,7965.83
796658,7966.58
796733,7967.33
796808,7968.08
796886,7968.86
796960,7969.6
797034,7970.34
797106,7971.06
797178,7971.78
797252,7972.52
797329,7973.29
797421,7974.21
797508,7975.08
797607,7976.07
797713,7977.13
797813,7978.13
797922,7979.22
798024,7980.24
798118,7981.18
798217,7982.17
798312,7983.12
798405,7984.05
798497,7984.97
798590,7985.9
798677,7986.77
798764,7987.64
798861,7988.61
798960,7989.6
799050,7990.5
799143,7991.43
799242,7992.42
799333,7993.33
799425,7994.25
799526,7995.26
799624,7996.24
799718,7997.18
799819,7998.19
799922,7999.22
800016,8000.16
800120,8001.2
800222,8002.22
800314,8003.14
800410,8004.1
800502,8005.02
800587,8005.87
800672,8006.72
800759,8007.59
800840,8008.4
800923,8009.23
801006,8010.06
801085,8010.85
801163,8011.63
801240,8012.4
801315,8013.15
801390,8013.9
801465,8014.65
801542,8015.42
801624,8016.24
801724,8017.24
801820,8018.2
801928,8019.28
802038,8020.38
802143,8021.43
802250,8022.5
802351,8023.51
802452,8024.52
802550,8025.5
802643,8026.43
802741,8027.41
802838,8028.38
802929,8029.29
803020,8030.2
803114,8031.14
803206,8032.06
803293,8032.93
803388,8033.88
803488,8034.88
803582,8035.82
803679,8036.79
803785,8037.85
803883,8038.83
803988,8039.88
804093,8040.93
804193,8041.93
804300,8043.0
804413,8044.13
804519,8045.19
804617,8046.17
804709,8047.09
804794,8047.94
804883,8048.83
804972,8049.72
805053,8050.53
805132,8051.32
805211,8052.11
805289,8052.89
805368,8053.68
805446,8054.46
805524,8055.24
805601,8056.01
805675,8056.75
805749,8057.49
805825,8058.25
805909,8059.09
805992,8059.92
806079,8060.79
806179,8061.79
806272,8062.72
806366,8063.66
806464,8064.64
806557,8065.57
806659,8066.59
806766,8067.66
806865,8068.65
806966,8069.66
807066,8070.66
807161,8071.61
807260,8072.6
807364,8073.64
807459,8074.59
807553,8075.53
807652,8076.52
807747,8077.47
807838,8078.38
807937,8079.37
808031,8080.31
808120,8081.2
808216,8082.16
808311,8083.11
808404,8084.04
808500,8085.0
808600,8086.0
808696,8086.96
808796,8087.96
808897,8088.97
808993,8089.93
809095,8090.95
809180,8091.8
809261,8092.61
809338,8093.38
809423,8094.23
809509,8095.09
809585,8095.85
809660,8096.6
809737,8097.37
809814,8098.14
809892,8098.92
809972,8099.72
810066,8100.66
810156,8101.56
810258,8102.58
810357,8103.57
810461,8104.61
810565,8105.65
810663,8106.63
810767,8107.67
810868,8108.68
810975,8109.75
811075,8110.75
811171,8111.71
811265,8112.65
811355,8113.55
811445,8114.45
811540,8115.4
811635,8116.35
811726,8117.26
811817,8118.17
811913,8119.13
812010,8120.1
812103,8121.03
812199,8121.99
812298,8122.98
812399,8123.99
812495,8124.95
812592,8125.92
812691,8126.91
812784,8127.84
812885,8128.85
812988,8129.88
813087,8130.87
813194,8131.94
813301,8133.01
813399,8133.99
813495,8134.95
813583,8135.83
813663,8136.63
813740,8137.4
813817,8138.17
813893,8138.93
813970,8139.7
814046,8140.46
814122,8141.22
814197,8141.97
814274,8142.74
814354,8143.54
814438,8144.38
814526,8145.26
814617,8146.17
814713,8147.13
814804,8148.04
814899,8148.99
814997,8149.97
815090,8150.9
815189,8151.89
815285,8152.85
815385,8153.85
815487,8154.87
815582,8155.82
815681,8156.81
815782,8157.82
815876,8158.76
815973,8159.73
816074,8160.74
816170,8161.7
816270,8162.7
816367,8163.67
816473,8164.73
816579,8165.79
816676,8166.76
816776,8167.76
816873,8168.73
816970,8169.7
817067,8170.67
817161,8171.61
817258,8172.58
817364,8173.64
817463,8174.63
817562,8175.62
817658,8176.58
817749,8177.49
817844,8178.44
817934,8179.34
818016,8180.16
818094,8180.94
818170,8181.7
818243,8182.43
818315,8183.15
818386,8183.86
818456,8184.56
818525,8185.25
818598,8185.98
818674,8186.74
818749,8187.49
818824,8188.24
818906,8189.06
818992,8189.92
819077,8190.77
819164,8191.64
819257,8192.57
819347,8193.47
819438,8194.38
819535,8195.35
819627,8196.27
819721,8197.21
819816,8198.16
819905,8199.05
819994,8199.94
820083,8200.83
820169,8201.69
820257,8202.57
820350,8203.5
820442,8204.42
820536,8205.36
820630,8206.3
820718,8207.18
820807,8208.07
820903,8209.03
820996,8209.96
821098,8210.98
821204,8212.04
821305,8213.05
821411,8214.11
821516,8215.16
821611,8216.11
821715,8217.15
821815,8218.15
821902,8219.02
821989,8219.89
822091,8220.91
822183,8221.83
822278,8222.78
822374,8223.74
822461,8224.61
822547,8225.47
822637,8226.37
822724,8227.24
822816,8228.16
822907,8229.07
823005,8230.05
823108,8231.08
823205,8232.05
823311,8233.11
823418,8234.18
823522,8235.22
823630,8236.3
823735,8237.35
823833,8238.33
823938,8239.38
824035,8240.35
824126,8241.26
824226,8242.26
824322,8243.22
824415,8244.15
824510,8245.1
824605,8246.05
824696,8246.96
824793,8247.93
824899,8248.99
824996,8249.96
825092,8250.92
825180,8251.8
825263,8252.63
825342,8253.42
825418,8254.18
825492,8254.92
825565,8255.65
825638,8256.38
825710,8257.1
825782,8257.82
825855,8258.55
825930,8259.3
826006,8260.06
826083,8260.83
826168,8261.68
826251,8262.51
826338,8263.38
826428,8264.28
826513,8265.13
826602,8266.02
826692,8266.92
826780,8267.8
826873,8268.73
826961,8269.61
827051,8270.51
827144,8271.44
827238,8272.38
827330,8273.3
827428,8274.28
827529,8275.29
827625,8276.25
827722,8277.22
827822,8278.22
827916,8279.16
828008,8280.08
828102,8281.02
828198,8281.98
828291,8282.91
828388,8283.88
828491,8284.91
828589,8285.89
828690,8286.9
828799,8287.99
828904,8289.04
829019,8290.19
829127,8291.27
829230,8292.3
829335,8293.35
829433,8294.33
829536,8295.36
829640,8296.4
829739,8297.39
829843,8298.43
829950,8299.5
830047,8300.47
830147,8301.47
830246,8302.46
830333,8303.33
830415,8304.15
830492,8304.92
830567,8305.67
830641,8306.41
830715,8307.15
830788,8307.88
830861,8308.61
830937,8309.37
831014,8310.14
831091,8310.91
831169,8311.69
831250,8312.5
831333,8313.33
831422,8314.22
831516,8315.16
831606,8316.06
831704,8317.04
831802,8318.02
831908,8319.08
832010,8320.1
832111,8321.11
832212,8322.12
832303,8323.03
832395,8323.95
832489,8324.89
832581,8325.81
832675,8326.75
832774,8327.74
832868,8328.68
832962,8329.62
833058,8330.58
833152,8331.52
833241,8332.41
833330,8333.3
833422,8334.22
833513,8335.13
833613,8336.13
833721,8337.21
833820,8338.2
833922,8339.22
834030,8340.3
834129,8341.29
834232,8342.32
834337,8343.37
834434,8344.34
834535,8345.35
834636,8346.36
834730,8347.3
834823,8348.23
834912,8349.12
834994,8349.94
835072,8350.72
835149,8351.49
835228,8352.28
835304,8353.04
835378,8353.78
835454,8354.54
835528,8355.28
835602,8356.02
835675,8356.75
835750,8357.5
835829,8358.29
835915,8359.15
835999,8359.99
836088,8360.88
836183,8361.83
836278,8362.78
836381,8363.81
836475,8364.75
836576,8365.76
836680,8366.8
836776,8367.76
836873,8368.73
836968,8369.68
837057,8370.57
837146,8371.46
837237,8372.37
837328,8373.28
837416,8374.16
837507,8375.07
837602,8376.02
837695,8376.95
837799,8377.99
837897,8378.97
837992,8379.92
838087,8380.87
838192,8381.92
838298,8382.98
838399,8383.99
838505,8385.05
838598,8385.98
838691,8386.91
838785,8387.85
838876,8388.76
838975,8389.75
839081,8390.81
839185,8391.85
839281,8392.81
839375,8393.75
839469,8394.69
839560,8395.6
839649,8396.49
839734,8397.34
839812,8398.12
839888,8398.88
839960,8399.6
840030,8400.3
840099,8400.99
840168,8401.68
840238,8402.38
840308,8403.08
840377,8403.77
840445,8404.45
840513,8405.13
840579,8405.79
840644,8406.44
840708,8407.08
840772,8407.72
840836,8408.36
840902,8409.02
840970,8409.7
841037,8410.37
841104,8411.04
841172,8411.72
841242,8412.42
841317,8413.17
841396,8413.96
841478,8414.78
841566,8415.66
841658,8416.58
841747,8417.47
841843,8418.43
841939,8419.39
842030,8420.3
842124,8421.24
842222,8422.22
842319,8423.19
842420,8424.2
842522,8425.22
842620,8426.2
842721,8427.21
842826,8428.26
842922,8429.22
843029,8430.29
843136,8431.36
843231,8432.31
843325,8433.25
843422,8434.22
843518,8435.18
843616,8436.16
843724,8437.24
843824,8438.24
843924,8439.24
844028,8440.28
844120,8441.2
844207,8442.07
844289,8442.89
844370,8443.7
844455,8444.55
844538,8445.38
844619,8446.19
844701,8447.01
844784,8447.84
844863,8448.63
844941,8449.41
845020,8450.2
845100,8451.0
845185,8451.85
845275,8452.75
845364,8453.64
845464,8454.64
845562,8455.62
845658,8456.58
845765,8457.65
845865,8458.65
845967,8459.67
846075,8460.75
846181,8461.81
846278,8462.78
846378,8463.78
846483,8464.83
846578,8465.78
846674,8466.74
846776,8467.76
846871,8468.71
846970,8469.7
847074,8470.74
847171,8471.71
847276,8472.76
847384,8473.84
847486,8474.86
847591,8475.91
847693,8476.93
847796,8477.96
847900,8479.0
848001,8480.01
848100,8481.0
848200,8482.0
848298,8482.98
848404,8484.04
848513,8485.13
848618,8486.18
848714,8487.14
848796,8487.96
848876,8488.76
848956,8489.56
849034,8490.34
849112,8491.12
849192,8491.92
849271,8492.71
849349,8493.49
849428,8494.28
849508,8495.08
849591,8495.91
849682,8496.82
849774,8497.74
849869,8498.69
849975,8499.75
850073,8500.73
850169,8501.69
850272,8502.72
850370,8503.7
850471,8504.71
850574,8505.74
850670,8506.7
850767,8507.67
850874,8508.74
850976,8509.76
851074,8510.74
851168,8511.68
851265,8512.65
851359,8513.59
851460,8514.6
851558,8515.58
851650,8516.5
851744,8517.44
851841,8518.41
851935,8519.35
852037,8520.37
852140,8521.4
852247,8522.47
852362,8523.62
852468,8524.68
852578,8525.78
852691,8526.91
852795,8527.95
852898,8528.98
852998,8529.98
853093,8530.93
853189,8531.89
853290,8532.9
853388,8533.88
853480,8534.8
853569,8535.69
853656,8536.56
853743,8537.43
853825,8538.25
853902,8539.02
853979,8539.79
854051,8540.51
854124,8541.24
854209,8542.09
854284,8542.84
854359,8543.59
854434,8544.34
854512,8545.12
854595,8545.95
854677,8546.77
854768,8547.68
854859,8548.59
854945,8549.45
855033,8550.33
855126,8551.26
855217,8552.17
855313,8553.13
855413,8554.13
855506,8555.06
855603,8556.03
855703,8557.03
855796,8557.96
855892,8558.92
855990,8559.9
856083,8560.83
856178,8561.78
856275,8562.75
856366,8563.66
856455,8564.55
856551,8565.51
856641,8566.41
856730,8567.3
856830,8568.3
856926,8569.26
857023,8570.23
857122,8571.22
857221,8572.21
857318,8573.18
857424,8574.24
857531,8575.31
857625,8576.25
857724,8577.24
857820,8578.2
857911,8579.11
858007,8580.07
858097,8580.97
858178,8581.78
858256,8582.56
858331,8583.31
858406,8584.06
858478,8584.78
858551,8585.51
858624,8586.24
858698,8586.98
858774,8587.74
858852,8588.52
858931,8589.31
859014,8590.14
859097,8590.97
859183,8591.83
859270,8592.7
859355,8593.55
859444,8594.44
859531,8595.31
859615,8596.15
859708,8597.08
859800,8598.0
859887,8598.87
859977,8599.77
860066,8600.66
860150,8601.5
860236,8602.36
860330,8603.3
860423,8604.23
860516,8605.16
860621,8606.21
860719,8607.19
860810,8608.1
860905,8609.05
861005,8610.05
861097,8610.97
861189,8611.89
861287,8612.87
861385,8613.85
861485,8614.85
861581,8615.81
861674,8616.74
861768,8617.68
861865,8618.65
861950,8619.5
862031,8620.31
862110,8621.1
862187,8621.87
862263,8622.63
862338,8623.38
862414,8624.14
862489,8624.89
862562,8625.62
862638,8626.38
862714,8627.14
862790,8627.9
862873,8628.73
862957,8629.57
863045,8630.45
863135,8631.35
863221,8632.21
863318,8633.18
863422,8634.22
863517,8635.17
863614,8636.14
863714,8637.14
863805,8638.05
863893,8638.93
863983,8639.83
864070,8640.7
864159,8641.59
864260,8642.6
864351,8643.51
864449,8644.49
864550,8645.5
864647,8646.47
864751,8647.51
864850,8648.5
864944,8649.44
865042,8650.42
865141,8651.41
865238,8652.38
865340,8653.4
865442,8654.42
865546,8655.46
865658,8656.58
865763,8657.63
865868,8658.68
865979,8659.79
866077,8660.77
866177,8661.77
866273,8662.73
866356,8663.56
866436,8664.36
866516,8665.16
866595,8665.95
866674,8666.74
866753,8667.53
866833,8668.33
866913,8669.13
866995,8669.95
867082,8670.82
867169,8671.69
867268,8672.68
867366,8673.66
867467,8674.67
867570,8675.7
867671,8676.71
867774,8677.74
867875,8678.75
867976,8679.76
868079,8680.79
868179,8681.79
868275,8682.75
868372,8683.72
868474,8684.74
868570,8685.7
868669,8686.69
868771,8687.71
868869,8688.69
868965,8689.65
869061,8690.61
869155,8691.55
869247,8692.47
869346,8693.46
869449,8694.49
869543,8695.43
869640,8696.4
869743,8697.43
869847,8698.47
869951,8699.51
870058,8700.58
870164,8701.64
870259,8702.59
870365,8703.65
870475,8704.75
870571,8705.71
870664,8706.64
870747,8707.47
870828,8708.28
870909,8709.09
870990,8709.9
871068,8710.68
871146,8711.46
871224,8712.24
871302,8713.02
871380,8713.8
871458,8714.58
871543,8715.43
871627,8716.27
871718,8717.18
871814,8718.14
871908,8719.08
872010,8720.1
872111,8721.11
872205,8722.05
872306,8723.06
872409,8724.09
872505,8725.05
872606,8726.06
872710,8727.1
872807,8728.07
872905,8729.05
873008,8730.08
873106,8731.06
873205,8732.05
873310,8733.1
873412,8734.12
873508,8735.08
873608,8736.08
873708,8737.08
873809,8738.09
873918,8739.18
874031,8740.31
874137,8741.37
874240,8742.4
874338,8743.38
874436,8744.36
874539,8745.39
874641,8746.41
874742,8747.42
874845,8748.45
874944,8749.44
875039,8750.39
875137,8751.37
875222,8752.22
875301,8753.01
875376,8753.76
875454,8754.54
875528,8755.28
875602,8756.02
875673,8756.73
875744,8757.44
875815,8758.15
875887,8758.87
875958,8759.58
876030,8760.3
876107,8761.07
876189,8761.89
876283,8762.83
876375,8763.75
876478,8764.78
876578,8765.78
876676,8766.76
876773,8767.73
876870,8768.7
876973,8769.73
877078,8770.78
877173,8771.73
877271,8772.71
877377,8773.77
877476,8774.76
877570,8775.7
877672,8776.72
877770,8777.7
877864,8778.64
877961,8779.61
878065,8780.65
878162,8781.62
878256,8782.56
878357,8783.57
878457,8784.57
878557,8785.57
878668,8786.68
878768,8787.68
878866,8788.66
878965,8789.65
879049,8790.49
879130,8791.3
879211,8792.11
879296,8792.96
879378,8793.78
879455,8794.55
879530,8795.3
879605,8796.05
879679,8796.79
879760,8797.6
879837,8798.37
879914,8799.14
879992,8799.92
880074,8800.74
880157,8801.57
880250,8802.5
880351,8803.51
880449,8804.49
880555,8805.55
880658,8806.58
880765,8807.65
880873,8808.73
880973,8809.73
881081,8810.81
881187,8811.87
881285,8812.85
881382,8813.82
881481,8814.81
881576,8815.76
881677,8816.77
881775,8817.75
881870,8818.7
881965,8819.65
882064,8820.64
882155,8821.55
882253,8822.53
882359,8823.59
882463,8824.63
882577,8825.77
882689,8826.89
882793,8827.93
882898,8828.98
883007,8830.07
883104,8831.04
883194,8831.94
883274,8832.74
883350,8833.5
883425,8834.25
883500,8835.0
883576,8835.76
883656,8836.56
883734,8837.34
883811,8838.11
883884,8838.84
883957,8839.57
884031,8840.31
884105,8841.05
884182,8841.82
884268,8842.68
884359,8843.59
884456,8844.56
884550,8845.5
884651,8846.51
884747,8847.47
884851,8848.51
884955,8849.55
885049,8850.49
885139,8851.39
885234,8852.34
885324,8853.24
885412,8854.12
885503,8855.03
885589,8855.89
885679,8856.79
885773,8857.73
885866,8858.66
885956,8859.56
886050,8860.5
886144,8861.44
886236,8862.36
886339,8863.39
886442,8864.42
886539,8865.39
886652,8866.52
886765,8867.65
886859,8868.59
886959,8869.59
887044,8870.44
887124,8871.24
887201,8872.01
887280,8872.8
887358,8873.58
887438,8874.38
887514,8875.14
887590,8875.9
887666,8876.66
887744,8877.44
887824,8878.24
887906,8879.06
887995,8879.95
888086,8880.86
888189,8881.89
888294,8882.94
888396,8883.96
888505,8885.05
888607,8886.07
888715,8887.15
888820,8888.2
888915,8889.15
889015,8890.15
889121,8891.21
889221,8892.21
889324,8893.24
889431,8894.31
889529,8895.29
889638,8896.38
889737,8897.37
889832,8898.32
889938,8899.38
890044,8900.44
890143,8901.43
890250,8902.5
890358,8903.58
890460,8904.6
890552,8905.52
890633,8906.33
890711,8907.11
890800,8908.0
890907,8909.07
891014,8910.14
891100,8911.0
891180,8911.8
891259,8912.59
891338,8913.38
891420,8914.2
891505,8915.05
891601,8916.01
891699,8916.99
891799,8917.99
891902,8919.02
892002,8920.02
892107,8921.07
892209,8922.09
892315,8923.15
892426,8924.26
892531,8925.31
892629,8926.29
892732,8927.32
892834,8928.34
892935,8929.35
893045,8930.45
893150,8931.5
893246,8932.46
893342,8933.42
893434,8934.34
893523,8935.23
893607,8936.07
893684,8936.84
893757,8937.57
893829,8938.29
893903,8939.03
893979,8939.79
894053,8940.53
894122,8941.22
894189,8941.89
894256,8942.56
894320,8943.2
894383,8943.83
894446,8944.46
894513,8945.13
894621,8946.21
894729,8947.29
894823,8948.23
894917,8949.17
895028,8950.28
895137,8951.37
895254,8952.54
895362,8953.62
895467,8954.67
895573,8955.73
895671,8956.71
895772,8957.72
895875,8958.75
895971,8959.71
896065,8960.65
896159,8961.59
896256,8962.56
896347,8963.47
896445,8964.45
896554,8965.54
896650,8966.5
896749,8967.49
896861,8968.61
896962,8969.62
897058,8970.58
897161,8971.61
897259,8972.59
897359,8973.59
897465,8974.65
897565,8975.65
897667,8976.67
897773,8977.73
897874,8978.74
897981,8979.81
898088,8980.88
898178,8981.78
898259,8982.59
898335,8983.35
898409,8984.09
898483,8984.83
898557,8985.57
898632,8986.32
898709,8987.09
898784,8987.84
898856,8988.56
898927,8989.27
898995,8989.95
899063,8990.63
899132,8991.32
899200,8992.0
899271,8992.71
899350,8993.5
899436,8994.36
899522,8995.22
899620,8996.2
899728,8997.28
899833,8998.33
899947,8999.47
900055,9000.55
900159,9001.59
900270,9002.7
900377,9003.77
900480,9004.8
900584,9005.84
900681,9006.81
900769,9007.69
900861,9008.61
900961,9009.61
901057,9010.57
901161,9011.61
901266,9012.66
901364,9013.64
901471,9014.71
901576,9015.76
901687,9016.87
901796,9017.96
901894,9018.94
902000,9020.0
902099,9020.99
902194,9021.94
902278,9022.78
902356,9023.56
902432,9024.32
902507,9025.07
902581,9025.81
902656,9026.56
902732,9027.32
902809,9028.09
902886,9028.86
902963,9029.63
903036,9030.36
903110,9031.1
903180,9031.8
903249,9032.49
903317,9033.17
903385,9033.85
903453,9034.53
903524,9035.24
903599,9035.99
903682,9036.82
903779,9037.79
903872,9038.72
903975,9039.75
904080,9040.8
904183,9041.83
904296,9042.96
904401,9044.01
904505,9045.05
904611,9046.11
904711,9047.11
904806,9048.06
904906,9049.06
905004,9050.04
905096,9050.96
905196,9051.96
905302,9053.02
905399,9053.99
905501,9055.01
905606,9056.06
905704,9057.04
905815,9058.15
905923,9059.23
906025,9060.25
906127,9061.27
906218,9062.18
906311,9063.11
906395,9063.95
906474,9064.74
906551,9065.51
906629,9066.29
906706,9067.06
906784,9067.84
906863,9068.63
906958,9069.58
907046,9070.46
907131,9071.31
907214,9072.14
907300,9073.0
907385,9073.85
907474,9074.74
907559,9075.59
907645,9076.45
907760,9077.6
907858,9078.58
907961,9079.61
908062,9080.62
908159,9081.59
908259,9082.59
908353,9083.53
908445,9084.45
908538,9085.38
908630,9086.3
908718,9087.18
908810,9088.1
908903,9089.03
908994,9089.94
909090,9090.9
909189,9091.89
909280,9092.8
909379,9093.79
909483,9094.83
909577,9095.77
909680,9096.8
909793,9097.93
909888,9098.88
909980,9099.8
910062,9100.62
910145,9101.45
910223,9102.23
910300,9103.0
910378,9103.78
910457,9104.57
910534,9105.34
910609,9106.09
910684,9106.84
910763,9107.63
910845,9108.45
910930,9109.3
911014,9110.14
911099,9110.99
911199,9111.99
911299,9112.99
911397,9113.97
911506,9115.06
911606,9116.06
911707,9117.07
911809,9118.09
911904,9119.04
912001,9120.01
912098,9120.98
912190,9121.9
912286,9122.86
912384,9123.84
912475,9124.75
912569,9125.69
912670,9126.7
912766,9127.66
912861,9128.61
912965,9129.65
913061,9130.61
913161,9131.61
913266,9132.66
913364,9133.64
913465,9134.65
913562,9135.62
913656,9136.56
913752,9137.52
913845,9138.45
913948,9139.48
914051,9140.51
914148,9141.48
914252,9142.52
914343,9143.43
914424,9144.24
914504,9145.04
914581,9145.81
914658,9146.58
914733,9147.33
914808,9148.08
914882,9148.82
914956,9149.56
915032,9150.32
915116,9151.16
915199,9151.99
915292,9152.92
915398,9153.98
915494,9154.94
915597,9155.97
915696,9156.96
915797,9157.97
915906,9159.06
916009,9160.09
916112,9161.12
916227,9162.27
916329,9163.29
916433,9164.33
916537,9165.37
916633,9166.33
916727,9167.27
916830,9168.3
916930,9169.3
917024,9170.24
917121,9171.21
917226,9172.26
917321,9173.21
917427,9174.27
917535,9175.35
917634,9176.34
917734,9177.34
917845,9178.45
917946,9179.46
918052,9180.52
918160,9181.6
918258,9182.58
918364,9183.64
918469,9184.69
918567,9185.67
918673,9186.73
918762,9187.62
918849,9188.49
918927,9189.27
919002,9190.02
919076,9190.76
919150,9191.5
919225,9192.25
919298,9192.98
919370,9193.7
919443,9194.43
919517,9195.17
919591,9195.91
919665,9196.65
919743,9197.43
919825,9198.25
919916,9199.16
920013,9200.13
920109,9201.09
920206,9202.06
920302,9203.02
920385,9203.85
920466,9204.66
920549,9205.49
920641,9206.41
920748,9207.48
920850,9208.5
920954,9209.54
921060,9210.6
921159,9211.59
921259,9212.59
921355,9213.55
921449,9214.49
921547,9215.47
921645,9216.45
921735,9217.35
921831,9218.31
921934,9219.34
922031,9220.31
922137,9221.37
922244,9222.44
922345,9223.45
922458,9224.58
922566,9225.66
922661,9226.61
922764,9227.64
922862,9228.62
922957,9229.57
923059,9230.59
923169,9231.69
923267,9232.67
923366,9233.66
923449,9234.49
923530,9235.3
923608,9236.08
923685,9236.85
923763,9237.63
923839,9238.39
923915,9239.15
923992,9239.92
924067,9240.67
924144,9241.44
924222,9242.22
924311,9243.11
924398,9243.98
924496,9244.96
924593,9245.93
924691,9246.91
924794,9247.94
924896,9248.96
924992,9249.92
925097,9250.97
925202,9252.02
925302,9253.02
925409,9254.09
925514,9255.14
925615,9256.15
925725,9257.25
925833,9258.33
925933,9259.33
926039,9260.39
926142,9261.42
926241,9262.41
926344,9263.44
926448,9264.48
926548,9265.48
926656,9266.56
926762,9267.62
926860,9268.6
926963,9269.63
927066,9270.66
927162,9271.62
927265,9272.65
927377,9273.77
927475,9274.75
927575,9275.75
927678,9276.78
927771,9277.71
927868,9278.68
927956,9279.56
928043,9280.43
928127,9281.27
928205,9282.05
928285,9282.85
928364,9283.64
928444,9284.44
928524,9285.24
928608,9286.08
928693,9286.93
928782,9287.82
928883,9288.83
928986,9289.86
929097,9290.97
929197,9291.97
929295,9292.95
929394,9293.94
929486,9294.86
929579,9295.79
929674,9296.74
929765,9297.65
929856,9298.56
929950,9299.5
930043,9300.43
930142,9301.42
930247,9302.47
930344,9303.44
930443,9304.43
930548,9305.48
930648,9306.48
930752,9307.52
930861,9308.61
930966,9309.66
931081,9310.81
931189,9311.89
931287,9312.87
931387,9313.87
931492,9314.92
931589,9315.89
931697,9316.97
931803,9318.03
931903,9319.03
932016,9320.16
932128,9321.28
932229,9322.29
932328,9323.28
932413,9324.13
932495,9324.95
932574,9325.74
932651,9326.51
932726,9327.26
932800,9328.0
932874,9328.74
932954,9329.54
933034,9330.34
933108,9331.08
933185,9331.85
933263,9332.63
933352,9333.52
933441,9334.41
933547,9335.47
933648,9336.48
933751,9337.51
933856,9338.56
933955,9339.55
934057,9340.57
934155,9341.55
934253,9342.53
934356,9343.56
934457,9344.57
934554,9345.54
934658,9346.58
934767,9347.67
934867,9348.67
934968,9349.68
935069,9350.69
935165,9351.65
935266,9352.66
935370,9353.7
935468,9354.68
935569,9355.69
935675,9356.75
935775,9357.75
935878,9358.78
935984,9359.84
936083,9360.83
936189,9361.89
936297,9362.97
936399,9363.99
936509,9365.09
936618,9366.18
936726,9367.26
936843,9368.43
936957,9369.57
937066,9370.66
937173,9371.73
937275,9372.75
937372,9373.72
937467,9374.67
937562,9375.62
937649,9376.49
937732,9377.32
937805,9378.05
937878,9378.78
937963,9379.63
938037,9380.37
938109,9381.09
938182,9381.82
938264,9382.64
938364,9383.64
938459,9384.59
938546,9385.46
938624,9386.24
938708,9387.08
938793,9387.93
938878,9388.78
938973,9389.73
939088,9390.88
939195,9391.95
939302,9393.02
939413,9394.13
939516,9395.16
939615,9396.15
939717,9397.17
939819,9398.19
939914,9399.14
940013,9400.13
940119,9401.19
940217,9402.17
940308,9403.08
940406,9404.06
940510,9405.1
940604,9406.04
940700,9407.0
940801,9408.01
940899,9408.99
941003,9410.03
941107,9411.07
941206,9412.06
941310,9413.1
941417,9414.17
941516,9415.16
941619,9416.19
941722,9417.22
941817,9418.17
941919,9419.19
942021,9420.21
942117,9421.17
942219,9422.19
942322,9423.22
942414,9424.14
942496,9424.96
942573,9425.73
942647,9426.47
942717,9427.17
942787,9427.87
942857,9428.57
942927,9429.27
942995,9429.95
943063,9430.63
943128,9431.28
943193,9431.93
943259,9432.59
943329,9433.29
943406,9434.06
943483,9434.83
943561,9435.61
943646,9436.46
943728,9437.28
943810,9438.1
943902,9439.02
943991,9439.91
944078,9440.78
944174,9441.74
944264,9442.64
944357,9443.57
944449,9444.49
944544,9445.44
944644,9446.44
944740,9447.4
944840,9448.4
944947,9449.47
945049,9450.49
945143,9451.43
945242,9452.42
945334,9453.34
945423,9454.23
945512,9455.12
945602,9456.02
945695,9456.95
945787,9457.87
945878,9458.78
945963,9459.63
946045,9460.45
946131,9461.31
946233,9462.33
946336,9463.36
946421,9464.21
946502,9465.02
946581,9465.81
946658,9466.58
946739,9467.39
946836,9468.36
946938,9469.38
947037,9470.37
947150,9471.5
947258,9472.58
947365,9473.65
947482,9474.82
947585,9475.85
947692,9476.92
947801,9478.01
947899,9478.99
948003,9480.03
948104,9481.04
948198,9481.98
948297,9482.97
948395,9483.95
948487,9484.87
948584,9485.84
948689,9486.89
948788,9487.88
948887,9488.87
948986,9489.86
949080,9490.8
949182,9491.82
949299,9492.99
949408,9494.08
949509,9495.09
949609,9496.09
949707,9497.07
949797,9497.97
949881,9498.81
949958,9499.58
950033,9500.33
950105,9501.05
950178,9501.78
950254,9502.54
950330,9503.3
950403,9504.03
950475,9504.75
950546,9505.46
950632,9506.32
950719,9507.19
950798,9507.98
950877,9508.77
950958,9509.58
951053,9510.53
951145,9511.45
951242,9512.42
951340,9513.4
951432,9514.32
951533,9515.33
951640,9516.4
951739,9517.39
951845,9518.45
951951,9519.51
952049,9520.49
952153,9521.53
952258,9522.58
952353,9523.53
952450,9524.5
952560,9525.6
952664,9526.64
952758,9527.58
952853,9528.53
952952,9529.52
953046,9530.46
953139,9531.39
953240,9532.4
953347,9533.47
953441,9534.41
953542,9535.42
953644,9536.44
953740,9537.4
953849,9538.49
953970,9539.7
954083,9540.83
954206,9542.06
954323,9543.23
954433,9544.33
954533,9545.33
954622,9546.22
954703,9547.03
954780,9547.8
954855,9548.55
954926,9549.26
954996,9549.96
955064,9550.64
955131,9551.31
955202,9552.02
955283,9552.83
955367,9553.67
955449,9554.49
955528,9555.28
955605,9556.05
955681,9556.81
955755,9557.55
955830,9558.3
955906,9559.06
955981,9559.81
956056,9560.56
956130,9561.3
956205,9562.05
956280,9562.8
956355,9563.55
956433,9564.33
956510,9565.1
956591,9565.91
956671,9566.71
956752,9567.52
956827,9568.27
956901,9569.01
956974,9569.74
957047,9570.47
957130,9571.3
957211,9572.11
957291,9572.91
957370,9573.7
957464,9574.64
957553,9575.53
957651,9576.51
957750,9577.5
957839,9578.39
957927,9579.27
958011,9580.11
958093,9580.93
958174,9581.74
958252,9582.52
958331,9583.31
958415,9584.15
958497,9584.97
958579,9585.79
958664,9586.64
958744,9587.44
958828,9588.28
958907,9589.07
958987,9589.87
959065,9590.65
959141,9591.41
959218,9592.18
959293,9592.93
959367,9593.67
959444,9594.44
959520,9595.2
959605,9596.05
959685,9596.85
959765,9597.65
959844,9598.44
959930,9599.3
960017,9600.17
960104,9601.04
960207,9602.07
960298,9602.98
960389,9603.89
960475,9604.75
960564,9605.64
960654,9606.54
960745,9607.45
960836,9608.36
960927,9609.27
961018,9610.18
961103,9611.03
961187,9611.87
961272,9612.72
961359,9613.59
961445,9614.45
961523,9615.23
961599,9615.99
961674,9616.74
961751,9617.51
961829,9618.29
961916,9619.16
962003,9620.03
962079,9620.79
962161,9621.61
962256,9622.56
962346,9623.46
962441,9624.41
962533,9625.33
962628,9626.28
962724,9627.24
962821,9628.21
962918,9629.18
963022,9630.22
963118,9631.18
963216,9632.16
963320,9633.2
963417,9634.17
963518,9635.18
963621,9636.21
963718,9637.18
963820,9638.2
963924,9639.24
964026,9640.26
964127,9641.27
964233,9642.33
964333,9643.33
964436,9644.36
964548,9645.48
964659,9646.59
964778,9647.78
964895,9648.95
965006,9650.06
965125,9651.25
965230,9652.3
965298,9652.98
965366,9653.66
965457,9654.57
965533,9655.33
965606,9656.06
965679,9656.79
965751,9657.51
965824,9658.24
965901,9659.01
965971,9659.71
966039,9660.39
966106,9661.06
966170,9661.7
966235,9662.35
966302,9663.02
966397,9663.97
966487,9664.87
966577,9665.77
966687,9666.87
966788,9667.88
966891,9668.91
967008,9670.08
967115,9671.15
967226,9672.26
967344,9673.44
967449,9674.49
967554,9675.54
967658,9676.58
967753,9677.53
967842,9678.42
967931,9679.31
968016,9680.16
968109,9681.09
968200,9682.0
968282,9682.82
968363,9683.63
968448,9684.48
968540,9685.4
968625,9686.25
968714,9687.14
968802,9688.02
968884,9688.84
968973,9689.73
969077,9690.77
969180,9691.8
969291,9692.91
969404,9694.04
969515,9695.15
969634,9696.34
969747,9697.47
969859,9698.59
969973,9699.73
970062,9700.62
970152,9701.52
970272,9702.72
970379,9703.79
970477,9704.77
970572,9705.72
970669,9706.69
970764,9707.64
970869,9708.69
970970,9709.7
971067,9710.67
971176,9711.76
971275,9712.75
971367,9713.67
971463,9714.63
971571,9715.71
971680,9716.8
971770,9717.7
971852,9718.52
971933,9719.33
972013,9720.13
972091,9720.91
972169,9721.69
972251,9722.51
972330,9723.3
972405,9724.05
972481,9724.81
972555,9725.55
972632,9726.32
972714,9727.14
972800,9728.0
972890,9728.9
972996,9729.96
973110,9731.1
973210,9732.1
973316,9733.16
973426,9734.26
973531,9735.31
973639,9736.39
973743,9737.43
973841,9738.41
973943,9739.43
974044,9740.44
974142,9741.42
974256,9742.56
974367,9743.67
974467,9744.67
974572,9745.72
974686,9746.86
974791,9747.91
974900,9749.0
975008,9750.08
975117,9751.17
975231,9752.31
975330,9753.3
975431,9754.31
975537,9755.37
975627,9756.27
975718,9757.18
975801,9758.01
975885,9758.85
975983,9759.83
976078,9760.78
976177,9761.77
976268,9762.68
976358,9763.58
976444,9764.44
976530,9765.3
976619,9766.19
976713,9767.13
976802,9768.02
976896,9768.96
976994,9769.94
977087,9770.87
977190,9771.9
977297,9772.97
977395,9773.95
977494,9774.94
977590,9775.9
977682,9776.82
977779,9777.79
977874,9778.74
977966,9779.66
978064,9780.64
978168,9781.68
978264,9782.64
978362,9783.62
978473,9784.73
978578,9785.78
978684,9786.84
978797,9787.97
978904,9789.04
979002,9790.02
979097,9790.97
979182,9791.82
979263,9792.63
979340,9793.4
979418,9794.18
979495,9794.95
979574,9795.74
979649,9796.49
979724,9797.24
979796,9797.96
979869,9798.69
979948,9799.48
980031,9800.31
980107,9801.07
980180,9801.8
980254,9802.54
980327,9803.27
980413,9804.13
980502,9805.02
980584,9805.84
980667,9806.67
980757,9807.57
980852,9808.52
980940,9809.4
981034,9810.34
981135,9811.35
981230,9812.3
981321,9813.21
981421,9814.21
981518,9815.18
981611,9816.11
981708,9817.08
981805,9818.05
981897,9818.97
981990,9819.9
982087,9820.87
982178,9821.78
982264,9822.64
982352,9823.52
982447,9824.47
982538,9825.38
982635,9826.35
982741,9827.41
982848,9828.48
982947,9829.47
983055,9830.55
983164,9831.64
983267,9832.67
983375,9833.75
983480,9834.8
983581,9835.81
983693,9836.93
983796,9837.96
983901,9839.01
984000,9840.0
984083,9840.83
984163,9841.63
984241,9842.41
984317,9843.17
984394,9843.94
984473,9844.73
984551,9845.51
984627,9846.27
984703,9847.03
984778,9847.78
984862,9848.62
984950,9849.5
985060,9850.6
985166,9851.66
985283,9852.83
985394,9853.94
985508,9855.08
985618,9856.18
985729,9857.29
985848,9858.48
985960,9859.6
986067,9860.67
986173,9861.73
986271,9862.71
986377,9863.77
986480,9864.8
986577,9865.77
986677,9866.77
986783,9867.83
986880,9868.8
986976,9869.76
987075,9870.75
987168,9871.68
987256,9872.56
987348,9873.48
987444,9874.44
987536,9875.36
987629,9876.29
987721,9877.21
987806,9878.06
987887,9878.87
987968,9879.68
988048,9880.48
988127,9881.27
988206,9882.06
988294,9882.94
988380,9883.8
988461,9884.61
988540,9885.4
988616,9886.16
988694,9886.94
988779,9887.79
988872,9888.72
988963,9889.63
989069,9890.69
989180,9891.8
989286,9892.86
989398,9893.98
989508,9895.08
989611,9896.11
989720,9897.2
989821,9898.21
989921,9899.21
990022,9900.22
990116,9901.16
990212,9902.12
990319,9903.19
990417,9904.17
990513,9905.13
990626,9906.26
990728,9907.28
990823,9908.23
990925,9909.25
991030,9910.3
991129,9911.29
991240,9912.4
991351,9913.51
991451,9914.51
991555,9915.55
991658,9916.58
991753,9917.53
991856,9918.56
991972,9919.72
992077,9920.77
992194,9921.94
992304,9923.04
992407,9924.07
992506,9925.06
992590,9925.9
992673,9926.73
992754,9927.54
992832,9928.32
992908,9929.08
992984,9929.84
993065,9930.65
993143,9931.43
993221,9932.21
993295,9932.95
993367,9933.67
993439,9934.39
993510,9935.1
993582,9935.82
993659,9936.59
993742,9937.42
993838,9938.38
993932,9939.32
994038,9940.38
994146,9941.46
994249,9942.49
994359,9943.59
994466,9944.66
994577,9945.77
994686,9946.86
994790,9947.9
994898,9948.98
995005,9950.05
995104,9951.04
995206,9952.06
995306,9953.06
995400,9954.0
995496,9954.96
995598,9955.98
995692,9956.92
995792,9957.92
995902,9959.02
996008,9960.08
996105,9961.05
996211,9962.11
996317,9963.17
996422,9964.22
996536,9965.36
996646,9966.46
996766,9967.66
996882,9968.82
996993,9969.93
997103,9971.03
997206,9972.06
997299,9972.99
997387,9973.87
997467,9974.67
997545,9975.45
997628,9976.28
997718,9977.18
997799,9977.99
997879,9978.79
997959,9979.59
998038,9980.38
998119,9981.19
998208,9982.08
998296,9982.96
998398,9983.98
998497,9984.97
998600,9986.0
998704,9987.04
998819,9988.19
998922,9989.22
999026,9990.26
999138,9991.38
999239,9992.39
999341,9993.41
999447,9994.47
999545,9995.45
999648,9996.48
999755,9997.55
999852,9998.52
999956,9999.56
1000065,10000.65
1000169,10001.69
1000287,10002.87
1000398,10003.98
1000509,10005.09
1000630,10006.3
1000748,10007.48
1000866,10008.66
1000981,10009.81
1001083,10010.83
1001192,10011.92
1001289,10012.89
1001377,10013.77
1001461,10014.61
1001546,10015.46
1001626,10016.26
1001707,10017.07
1001787,10017.87
1001865,10018.65
1001944,10019.44
1002021,10020.21
1002097,10020.97
1002174,10021.74
1002254,10022.54
1002344,10023.44
1002431,10024.31
1002524,10025.24
1002619,10026.19
1002715,10027.15
1002819,10028.19
1002920,10029.2
1003029,10030.29
1003134,10031.34
1003231,10032.31
1003331,10033.31
1003438,10034.38
1003542,10035.42
1003651,10036.51
1003760,10037.6
1003861,10038.61
1003962,10039.62
1004060,10040.6
1004152,10041.52
1004247,10042.47
1004346,10043.46
1004448,10044.48
1004557,10045.57
1004660,10046.6
1004756,10047.56
1004862,10048.62
1004972,10049.72
1005076,10050.76
1005198,10051.98
1005321,10053.21
1005425,10054.25
1005521,10055.21
1005606,10056.06
1005691,10056.91
1005786,10057.86
1005872,10058.72
1005963,10059.63
1006069,10060.69
1006161,10061.61
1006257,10062.57
1006357,10063.57
1006456,10064.56
1006560,10065.6
1006666,10066.66
1006779,10067.79
1006882,10068.82
1006995,10069.95
1007108,10071.08
1007211,10072.11
1007316,10073.16
1007419,10074.19
1007525,10075.25
1007634,10076.34
1007735,10077.35
1007835,10078.35
1007937,10079.37
1008037,10080.37
1008134,10081.34
1008233,10082.33
1008343,10083.43
1008447,10084.47
1008560,10085.6
1008674,10086.74
1008776,10087.76
1008883,10088.83
1008984,10089.84
1009088,10090.88
1009197,10091.97
1009303,10093.03
1009402,10094.02
1009493,10094.93
1009574,10095.74
1009655,10096.55
1009739,10097.39
1009842,10098.42
1009931,10099.31
1010014,10100.14
1010098,10100.98
1010179,10101.79
1010259,10102.59
1010341,10103.41
1010424,10104.24
1010517,10105.17
1010621,10106.21
1010721,10107.21
1010835,10108.35
1010942,10109.42
1011048,10110.48
1011156,10111.56
1011254,10112.54
1011356,10113.56
1011462,10114.62
1011568,10115.68
1011677,10116.77
1011782,10117.82
1011879,10118.79
1011982,10119.82
1012084,10120.84
1012182,10121.82
1012284,10122.84
1012384,10123.84
1012480,10124.8
1012582,10125.82
1012682,10126.82
1012783,10127.83
1012894,10128.94
1012997,10129.97
1013090,10130.9
1013187,10131.87
1013291,10132.91
1013386,10133.86
1013487,10134.87
1013589,10135.89
1013678,10136.78
1013764,10137.64
1013846,10138.46
1013926,10139.26
1014004,10140.04
1014086,10140.86
1014175,10141.75
1014258,10142.58
1014344,10143.44
1014434,10144.34
1014527,10145.27
1014633,10146.33
1014732,10147.32
1014831,10148.31
1014933,10149.33
1015031,10150.31
1015136,10151.36
1015235,10152.35
1015339,10153.39
1015439,10154.39
1015539,10155.39
1015647,10156.47
1015745,10157.45
1015843,10158.43
1015943,10159.43
1016041,10160.41
1016134,10161.34
1016234,10162.34
1016327,10163.27
1016428,10164.28
1016534,10165.34
1016635,10166.35
1016742,10167.42
1016850,10168.5
1016951,10169.51
1017054,10170.54
1017161,10171.61
1017267,10172.67
1017382,10173.82
1017495,10174.95
1017604,10176.04
1017717,10177.17
1017818,10178.18
1017927,10179.27
1018034,10180.34
1018138,10181.38
1018236,10182.36
1018321,10183.21
1018405,10184.05
1018491,10184.91
1018571,10185.71
1018652,10186.52
1018738,10187.38
1018821,10188.21
1018903,10189.03
1018987,10189.87
1019073,10190.73
1019165,10191.65
1019272,10192.72
1019370,10193.7
1019480,10194.8
1019585,10195.85
1019686,10196.86
1019790,10197.9
1019893,10198.93
1019994,10199.94
1020102,10201.02
1020206,10202.06
1020308,10203.08
1020413,10204.13
1020516,10205.16
1020615,10206.15
1020720,10207.2
1020826,10208.26
1020924,10209.24
1021024,10210.24
1021132,10211.32
1021236,10212.36
1021349,10213.49
1021463,10214.63
1021570,10215.7
1021685,10216.85
1021803,10218.03
1021913,10219.13
1022022,10220.22
1022131,10221.31
1022241,10222.41
1022357,10223.57
1022468,10224.68
1022592,10225.92
1022688,10226.88
1022772,10227.72
1022853,10228.53
1022931,10229.31
1023008,10230.08
1023085,10230.85
1023162,10231.62
1023238,10232.38
1023314,10233.14
1023392,10233.92
1023477,10234.77
1023572,10235.72
1023672,10236.72
1023776,10237.76
1023896,10238.96
1024007,10240.07
1024127,10241.27
1024245,10242.45
1024362,10243.62
1024482,10244.82
1024592,10245.92
1024701,10247.01
1024808,10248.08
1024908,10249.08
1025015,10250.15
1025124,10251.24
1025226,10252.26
1025330,10253.3
1025432,10254.32
1025529,10255.29
1025636,10256.36
1025741,10257.41
1025845,10258.45
1025952,10259.52
1026057,10260.57
1026155,10261.55
1026263,10262.63
1026373,10263.73
1026474,10264.74
1026579,10265.79
1026673,10266.73
1026772,10267.72
1026879,10268.79
1026980,10269.8
1027087,10270.87
1027201,10272.01
1027302,10273.02
1027415,10274.15
1027529,10275.29
1027626,10276.26
1027723,10277.23
1027812,10278.12
1027896,10278.96
1027976,10279.76
1028055,10280.55
1028133,10281.33
1028208,10282.08
1028286,10282.86
1028363,10283.63
1028440,10284.4
1028520,10285.2
1028602,10286.02
1028691,10286.91
1028791,10287.91
1028887,10288.87
1028994,10289.94
1029095,10290.95
1029197,10291.97
1029304,10293.04
1029402,10294.02
1029502,10295.02
1029612,10296.12
1029714,10297.14
1029819,10298.19
1029928,10299.28
1030031,10300.31
1030139,10301.39
1030241,10302.41
1030337,10303.37
1030436,10304.36
1030533,10305.33
1030630,10306.3
1030740,10307.4
1030848,10308.48
1030946,10309.46
1031055,10310.55
1031165,10311.65
1031270,10312.7
1031376,10313.76
1031479,10314.79
1031575,10315.75
1031670,10316.7
1031754,10317.54
1031835,10318.35
1031919,10319.19
1032000,10320.0
1032083,10320.83
1032171,10321.71
1032256,10322.56
1032341,10323.41
1032428,10324.28
1032520,10325.2
1032610,10326.1
1032715,10327.15
1032817,10328.17
1032916,10329.16
1033025,10330.25
1033132,10331.32
1033238,10332.38
1033355,10333.55
1033465,10334.65
1033568,10335.68
1033674,10336.74
1033780,10337.8
1033879,10338.79
1033984,10339.84
1034092,10340.92
1034193,10341.93
1034295,10342.95
1034393,10343.93
1034491,10344.91
1034597,10345.97
1034703,10347.03
1034813,10348.13
1034924,10349.24
1035033,10350.33
1035143,10351.43
1035253,10352.53
1035361,10353.61
1035475,10354.75
1035582,10355.82
1035695,10356.95
1035806,10358.06
1035908,10359.08
1036016,10360.16
1036124,10361.24
1036226,10362.26
1036325,10363.25
1036435,10364.35
1036534,10365.34
1036634,10366.34
1036725,10367.25
1036809,10368.09
1036892,10368.92
1036974,10369.74
1037052,10370.52
1037130,10371.3
1037211,10372.11
1037292,10372.92
1037385,10373.85
1037478,10374.78
1037556,10375.56
1037635,10376.35
1037712,10377.12
1037794,10377.94
1037882,10378.82
1037977,10379.77
1038071,10380.71
1038180,10381.8
1038287,10382.87
1038395,10383.95
1038509,10385.09
1038615,10386.15
1038727,10387.27
1038839,10388.39
1038939,10389.39
1039042,10390.42
1039151,10391.51
1039251,10392.51
1039356,10393.56
1039467,10394.67
1039573,10395.73
1039672,10396.72
1039768,10397.68
1039872,10398.72
1039971,10399.71
1040073,10400.73
1040180,10401.8
1040285,10402.85
1040398,10403.98
1040500,10405.0
1040610,10406.1
1040728,10407.28
1040837,10408.37
1040938,10409.38
1041033,10410.33
1041118,10411.18
1041202,10412.02
1041287,10412.87
1041369,10413.69
1041449,10414.49
1041527,10415.27
1041605,10416.05
1041683,10416.83
1041767,10417.67
1041851,10418.51
1041932,10419.32
1042015,10420.15
1042106,10421.06
1042203,10422.03
1042313,10423.13
1042430,10424.3
1042542,10425.42
1042658,10426.58
1042766,10427.66
1042873,10428.73
1042983,10429.83
1043086,10430.86
1043190,10431.9
1043299,10432.99
1043398,10433.98
1043502,10435.02
1043611,10436.11
1043713,10437.13
1043818,10438.18
1043925,10439.25
1044028,10440.28
1044146,10441.46
1044258,10442.58
1044363,10443.63
1044471,10444.71
1044579,10445.79
1044683,10446.83
1044793,10447.93
1044900,10449.0
1045004,10450.04
1045120,10451.2
1045226,10452.26
1045324,10453.24
1045422,10454.22
1045528,10455.28
1045625,10456.25
1045723,10457.23
1045808,10458.08
1045889,10458.89
1045969,10459.69
1046047,10460.47
1046125,10461.25
1046202,10462.02
1046276,10462.76
1046350,10463.5
1046425,10464.25
1046503,10465.03
1046579,10465.79
1046657,10466.57
1046743,10467.43
1046835,10468.35
1046937,10469.37
1047046,10470.46
1047147,10471.47
1047253,10472.53
1047360,10473.6
1047464,10474.64
1047568,10475.68
1047668,10476.68
1047768,10477.68
1047872,10478.72
1047970,10479.7
1048074,10480.74
1048176,10481.76
1048269,10482.69
1048362,10483.62
1048464,10484.64
1048564,10485.64
1048660,10486.6
1048766,10487.66
1048874,10488.74
1048975,10489.75
1049082,10490.82
1049193,10491.93
1049296,10492.96
1049406,10494.06
1049519,10495.19
1049620,10496.2
1049719,10497.19
1049821,10498.21
1049915,10499.15
1050010,10500.1
1050094,10500.94
1050176,10501.76
1050260,10502.6
1050341,10503.41
1050426,10504.26
1050516,10505.16
1050599,10505.99
1050681,10506.81
1050766,10507.66
1050854,10508.54
1050953,10509.53
1051058,10510.58
1051156,10511.56
1051261,10512.61
1051366,10513.66
1051464,10514.64
1051570,10515.7
1051684,10516.84
1051792,10517.92
1051909,10519.09
1052017,10520.17
1052130,10521.3
1052244,10522.44
1052348,10523.48
1052446,10524.46
1052552,10525.52
1052655,10526.55
1052751,10527.51
1052856,10528.56
1052963,10529.63
1053062,10530.62
1053171,10531.71
1053280,10532.8
1053381,10533.81
1053494,10534.94
1053605,10536.05
1053702,10537.02
1053808,10538.08
1053914,10539.14
1053999,10539.99
1054079,10540.79
1054157,10541.57
1054234,10542.34
1054311,10543.11
1054390,10543.9
1054475,10544.75
1054557,10545.57
1054644,10546.44
1054738,10547.38
1054832,10548.32
1054957,10549.57
1055072,10550.72
1055189,10551.89
1055303,10553.03
1055413,10554.13
1055527,10555.27
1055634,10556.34
1055736,10557.36
1055841,10558.41
1055948,10559.48
1056047,10560.47
1056149,10561.49
1056260,10562.6
1056363,10563.63
1056472,10564.72
1056576,10565.76
1056680,10566.8
1056780,10567.8
1056877,10568.77
1056977,10569.77
1057085,10570.85
1057189,10571.89
1057295,10572.95
1057409,10574.09
1057522,10575.22
1057637,10576.37
1057753,10577.53
1057856,10578.56
1057959,10579.59
1058048,10580.48
1058129,10581.29
1058207,10582.07
1058284,10582.84
1058361,10583.61
1058440,10584.4
1058523,10585.23
1058603,10586.03
1058682,10586.82
1058758,10587.58
1058832,10588.32
1058912,10589.12
1058991,10589.91
1059072,10590.72
1059151,10591.51
1059231,10592.31
1059312,10593.12
1059397,10593.97
1059495,10594.95
1059591,10595.91
1059686,10596.86
1059795,10597.95
1059907,10599.07
1060013,10600.13
1060126,10601.26
1060239,10602.39
1060346,10603.46
1060456,10604.56
1060564,10605.64
1060664,10606.64
1060767,10607.67
1060871,10608.71
1060968,10609.68
1061066,10610.66
1061174,10611.74
1061274,10612.74
1061370,10613.7
1061475,10614.75
1061579,10615.79
1061682,10616.82
1061793,10617.93
1061905,10619.05
1062008,10620.08
1062122,10621.22
1062238,10622.38
1062342,10623.42
1062447,10624.47
1062561,10625.61
1062675,10626.75
1062779,10627.79
1062882,10628.82
1062968,10629.68
1063051,10630.51
1063130,10631.3
1063207,10632.07
1063283,10632.83
1063362,10633.62
1063456,10634.56
1063541,10635.41
1063624,10636.24
1063704,10637.04
1063782,10637.82
1063857,10638.57
1063930,10639.3
1064003,10640.03
1064077,10640.77
1064162,10641.62
1064246,10642.46
1064336,10643.36
1064435,10644.35
1064530,10645.3
1064632,10646.32
1064738,10647.38
1064837,10648.37
1064941,10649.41
1065043,10650.43
1065143,10651.43
1065248,10652.48
1065353,10653.53
1065452,10654.52
1065558,10655.58
1065666,10656.66
1065768,10657.68
1065873,10658.73
1065985,10659.85
1066091,10660.91
1066201,10662.01
1066308,10663.08
1066408,10664.08
1066514,10665.14
1066620,10666.2
1066723,10667.23
1066835,10668.35
1066947,10669.47
1067057,10670.57
1067176,10671.76
1067292,10672.92
1067406,10674.06
1067523,10675.23
1067628,10676.28
1067725,10677.25
1067814,10678.14
1067897,10678.97
1067979,10679.79
1068062,10680.62
1068144,10681.44
1068224,10682.24
1068309,10683.09
1068399,10683.99
1068483,10684.83
1068567,10685.67
1068652,10686.52
1068737,10687.37
1068823,10688.23
1068926,10689.26
1069023,10690.23
1069121,10691.21
1069223,10692.23
1069320,10693.2
1069426,10694.26
1069529,10695.29
1069630,10696.3
1069739,10697.39
1069846,10698.46
1069949,10699.49
1070052,10700.52
1070150,10701.5
1070248,10702.48
1070350,10703.5
1070449,10704.49
1070552,10705.52
1070656,10706.56
1070757,10707.57
1070868,10708.68
1070976,10709.76
1071084,10710.84
1071193,10711.93
1071309,10713.09
1071425,10714.25
1071530,10715.3
1071639,10716.39
1071750,10717.5
1071847,10718.47
1071948,10719.48
1072053,10720.53
1072148,10721.48
1072249,10722.49
1072354,10723.54
1072447,10724.47
1072542,10725.42
1072628,10726.28
1072714,10727.14
1072801,10728.01
1072886,10728.86
1072974,10729.74
1073071,10730.71
1073165,10731.65
1073257,10732.57
1073353,10733.53
1073444,10734.44
1073539,10735.39
1073648,10736.48
1073749,10737.49
1073850,10738.5
1073959,10739.59
1074060,10740.6
1074157,10741.57
1074254,10742.54
1074349,10743.49
1074441,10744.41
1074537,10745.37
1074636,10746.36
1074735,10747.35
1074838,10748.38
1074943,10749.43
1075047,10750.47
1075153,10751.53
1075257,10752.57
1075358,10753.58
1075467,10754.67
1075578,10755.78
1075681,10756.81
1075780,10757.8
1075882,10758.82
1075971,10759.71
1076059,10760.59
1076154,10761.54
1076243,10762.43
1076335,10763.35
1076437,10764.37
1076528,10765.28
1076622,10766.22
1076720,10767.2
1076814,10768.14
1076917,10769.17
1077021,10770.21
1077122,10771.22
1077222,10772.22
1077322,10773.22
1077417,10774.17
1077519,10775.19
1077623,10776.23
1077723,10777.23
1077824,10778.24
1077924,10779.24
1078020,10780.2
1078117,10781.17
1078215,10782.15
1078312,10783.12
1078416,10784.16
1078525,10785.25
1078624,10786.24
1078725,10787.25
1078832,10788.32
1078931,10789.31
1079025,10790.25
1079118,10791.18
1079203,10792.03
1079284,10792.84
1079366,10793.66
1079444,10794.44
1079523,10795.23
1079601,10796.01
1079679,10796.79
1079759,10797.59
1079844,10798.44
1079928,10799.28
1080015,10800.15
1080112,10801.12
1080207,10802.07
1080303,10803.03
1080408,10804.08
1080505,10805.05
1080604,10806.04
1080707,10807.07
1080806,10808.06
1080910,10809.1
1081016,10810.16
1081116,10811.16
1081220,10812.2
1081328,10813.28
1081428,10814.28
1081528,10815.28
1081634,10816.34
1081736,10817.36
1081841,10818.41
1081947,10819.47
1082049,10820.49
1082159,10821.59
1082268,10822.68
1082374,10823.74
1082486,10824.86
1082594,10825.94
1082700,10827.0
1082808,10828.08
1082913,10829.13
1083028,10830.28
1083143,10831.43
1083253,10832.53
1083361,10833.61
1083466,10834.66
1083564,10835.64
1083651,10836.51
1083731,10837.31
1083810,10838.1
1083888,10838.88
1083965,10839.65
1084041,10840.41
1084116,10841.16
1084190,10841.9
1084262,10842.62
1084332,10843.32
1084401,10844.01
1084469,10844.69
1084534,10845.34
1084600,10846.0
1084665,10846.65
1084730,10847.3
1084800,10848.0
1084876,10848.76
1084954,10849.54
1085035,10850.35
1085142,10851.42
1085242,10852.42
1085356,10853.56
1085462,10854.62
1085565,10855.65
1085682,10856.82
1085785,10857.85
1085883,10858.83
1085990,10859.9
1086093,10860.93
1086201,10862.01
1086312,10863.12
1086416,10864.16
1086529,10865.29
1086643,10866.43
1086749,10867.49
1086856,10868.56
1086958,10869.58
1087052,10870.52
1087149,10871.49
1087269,10872.69
1087382,10873.82
1087504,10875.04
1087622,10876.22
1087737,10877.37
1087854,10878.54
1087965,10879.65
1088081,10880.81
1088194,10881.94
1088307,10883.07
1088421,10884.21
1088523,10885.23
1088627,10886.27
1088723,10887.23
1088806,10888.06
1088888,10888.88
1088969,10889.69
1089046,10890.46
1089124,10891.24
1089205,10892.05
1089299,10892.99
1089395,10893.95
1089483,10894.83
1089562,10895.62
1089639,10896.39
1089716,10897.16
1089792,10897.92
1089869,10898.69
1089955,10899.55
1090061,10900.61
1090170,10901.7
1090291,10902.91
1090409,10904.09
1090525,10905.25
1090647,10906.47
1090762,10907.62
1090879,10908.79
1090995,10909.95
1091099,10910.99
1091205,10912.05
1091305,10913.05
1091409,10914.09
1091516,10915.16
1091633,10916.33
1091739,10917.39
1091836,10918.36
1091940,10919.4
1092044,10920.44
1092141,10921.41
1092246,10922.46
1092357,10923.57
1092459,10924.59
1092571,10925.71
1092678,10926.78
1092773,10927.73
1092866,10928.66
1092950,10929.5
1093035,10930.35
1093145,10931.45
1093256,10932.56
1093345,10933.45
1093441,10934.41
1093527,10935.27
1093613,10936.13
1093698,10936.98
1093784,10937.84
1093880,10938.8
1093986,10939.86
1094090,10940.9
1094197,10941.97
1094297,10942.97
1094397,10943.97
1094500,10945.0
1094600,10946.0
1094707,10947.07
1094811,10948.11
1094923,10949.23
1095028,10950.28
1095137,10951.37
1095250,10952.5
1095356,10953.56
1095470,10954.7
1095579,10955.79
1095684,10956.84
1095801,10958.01
1095914,10959.14
1096037,10960.37
1096155,10961.55
1096263,10962.63
1096373,10963.73
1096484,10964.84
1096594,10965.94
1096720,10967.2
1096826,10968.26
1096922,10969.22
1097008,10970.08
1097088,10970.88
1097168,10971.68
1097249,10972.49
1097327,10973.27
1097404,10974.04
1097483,10974.83
1097566,10975.66
1097649,10976.49
1097729,10977.29
1097809,10978.09
1097891,10978.91
1097981,10979.81
1098075,10980.75
1098184,10981.84
1098291,10982.91
1098411,10984.11
1098521,10985.21
1098636,10986.36
1098745,10987.45
1098849,10988.49
1098956,10989.56
1099063,10990.63
1099165,10991.65
1099276,10992.76
1099382,10993.82
1099483,10994.83
1099594,10995.94
1099706,10997.06
1099812,10998.12
1099925,10999.25
1100043,11000.43
1100154,11001.54
1100274,11002.74
1100392,11003.92
1100505,11005.05
1100624,11006.24
1100734,11007.34
1100847,11008.47
1100966,11009.66
1101071,11010.71
1101188,11011.88
1101304,11013.04
1101420,11014.2
1101542,11015.42
1101657,11016.57
1101778,11017.78
1101899,11018.99
1102012,11020.12
1102128,11021.28
1102229,11022.29
1102313,11023.13
1102393,11023.93
1102470,11024.7
1102546,11025.46
1102622,11026.22
1102700,11027.0
1102775,11027.75
1102848,11028.48
1102922,11029.22
1102997,11029.97
1103077,11030.77
1103153,11031.53
1103235,11032.35
1103357,11033.57
1103467,11034.67
1103571,11035.71
1103678,11036.78
1103789,11037.89
1103894,11038.94
1104010,11040.1
1104123,11041.23
1104232,11042.32
1104350,11043.5
1104458,11044.58
1104559,11045.59
1104666,11046.66
1104772,11047.72
1104871,11048.71
1104971,11049.71
1105080,11050.8
1105177,11051.77
1105279,11052.79
1105386,11053.86
1105486,11054.86
1105594,11055.94
1105705,11057.05
1105819,11058.19
1105935,11059.35
1106042,11060.42
1106157,11061.57
1106269,11062.69
1106371,11063.71
1106466,11064.66
1106553,11065.53
1106633,11066.33
1106712,11067.12
1106796,11067.96
1106886,11068.86
1106968,11069.68
1107046,11070.46
1107123,11071.23
1107201,11072.01
1107277,11072.77
1107358,11073.58
1107444,11074.44
1107548,11075.48
1107669,11076.69
1107780,11077.8
1107901,11079.01
1108020,11080.2
1108131,11081.31
1108247,11082.47
1108363,11083.63
1108471,11084.71
1108586,11085.86
1108699,11086.99
1108804,11088.04
1108921,11089.21
1109032,11090.32
1109135,11091.35
1109239,11092.39
1109348,11093.48
1109452,11094.52
1109564,11095.64
1109680,11096.8
1109787,11097.87
1109902,11099.02
1110021,11100.21
1110128,11101.28
1110239,11102.39
1110353,11103.53
1110462,11104.62
1110578,11105.78
1110695,11106.95
1110813,11108.13
1110933,11109.33
1111038,11110.38
1111137,11111.37
1111219,11112.19
1111297,11112.97
1111374,11113.74
1111454,11114.54
1111534,11115.34
1111612,11116.12
1111698,11116.98
1111784,11117.84
1111863,11118.63
1111941,11119.41
1112016,11120.16
1112093,11120.93
1112170,11121.7
1112256,11122.56
1112348,11123.48
1112462,11124.62
1112577,11125.77
1112684,11126.84
1112802,11128.02
1112913,11129.13
1113022,11130.22
1113137,11131.37
1113248,11132.48
1113353,11133.53
1113466,11134.66
1113572,11135.72
1113668,11136.68
1113767,11137.67
1113866,11138.66
1113963,11139.63
1114069,11140.69
1114176,11141.76
1114281,11142.81
1114400,11144.0
1114517,11145.17
1114630,11146.3
1114743,11147.43
1114855,11148.55
1114973,11149.73
1115093,11150.93
1115213,11152.13
1115346,11153.46
1115465,11154.65
1115571,11155.71
1115661,11156.61
1115743,11157.43
1115821,11158.21
1115895,11158.95
1115970,11159.7
1116044,11160.44
1116119,11161.19
1116201,11162.01
1116282,11162.82
1116363,11163.63
1116443,11164.43
1116521,11165.21
1116595,11165.95
1116670,11166.7
1116744,11167.44
1116815,11168.15
1116889,11168.89
1116962,11169.62
1117036,11170.36
1117115,11171.15
1117212,11172.12
1117318,11173.18
1117420,11174.2
1117534,11175.34
1117649,11176.49
1117750,11177.5
1117854,11178.54
1117961,11179.61
1118066,11180.66
1118165,11181.65
1118266,11182.66
1118371,11183.71
1118470,11184.7
1118570,11185.7
1118676,11186.76
1118777,11187.77
1118872,11188.72
1118975,11189.75
1119082,11190.82
1119182,11191.82
1119290,11192.9
1119403,11194.03
1119505,11195.05
1119617,11196.17
1119723,11197.23
1119825,11198.25
1119927,11199.27
1120018,11200.18
1120110,11201.1
1120193,11201.93
1120273,11202.73
1120351,11203.51
1120431,11204.31
1120513,11205.13
1120600,11206.0
1120684,11206.84
1120765,11207.65
1120840,11208.4
1120916,11209.16
1121002,11210.02
1121088,11210.88
1121179,11211.79
1121290,11212.9
1121403,11214.03
1121511,11215.11
1121624,11216.24
1121730,11217.3
1121836,11218.36
1121950,11219.5
1122057,11220.57
1122166,11221.66
1122280,11222.8
1122392,11223.92
1122494,11224.94
1122594,11225.94
1122697,11226.97
1122793,11227.93
1122899,11228.99
1123005,11230.05
1123101,11231.01
1123199,11231.99
1123304,11233.04
1123401,11234.01
1123508,11235.08
1123617,11236.17
1123725,11237.25
1123836,11238.36
1123939,11239.39
1124040,11240.4
1124143,11241.43
1124236,11242.36
1124333,11243.33
1124418,11244.18
1124500,11245.0
1124582,11245.82
1124662,11246.62
1124745,11247.45
1124829,11248.29
1124910,11249.1
1124988,11249.88
1125066,11250.66
1125146,11251.46
1125224,11252.24
1125302,11253.02
1125381,11253.81
1125464,11254.64
1125557,11255.57
1125665,11256.65
1125773,11257.73
1125887,11258.87
1125995,11259.95
1126108,11261.08
1126218,11262.18
1126312,11263.12
1126397,11263.97
1126481,11264.81
1126573,11265.73
1126661,11266.61
1126743,11267.43
1126852,11268.52
1126948,11269.48
1127046,11270.46
1127147,11271.47
1127246,11272.46
1127349,11273.49
1127461,11274.61
1127565,11275.65
1127684,11276.84
1127796,11277.96
1127913,11279.13
1128027,11280.27
1128135,11281.35
1128244,11282.44
1128358,11283.58
1128465,11284.65
1128586,11285.86
1128706,11287.06
1128823,11288.23
1128948,11289.48
1129066,11290.66
1129176,11291.76
1129265,11292.65
1129346,11293.46
1129423,11294.23
1129497,11294.97
1129570,11295.7
1129641,11296.41
1129711,11297.11
1129780,11297.8
1129848,11298.48
1129915,11299.15
1129982,11299.82
1130048,11300.48
1130113,11301.13
1130177,11301.77
1130240,11302.4
1130303,11303.03
1130365,11303.65
1130429,11304.29
1130513,11305.13
1130623,11306.23
1130725,11307.25
1130826,11308.26
1130924,11309.24
1131018,11310.18
1131120,11311.2
1131238,11312.38
1131348,11313.48
1131463,11314.63
1131582,11315.82
1131690,11316.9
1131799,11317.99
1131909,11319.09
1132016,11320.16
1132125,11321.25
1132237,11322.37
1132336,11323.36
1132437,11324.37
1132543,11325.43
1132640,11326.4
1132740,11327.4
1132854,11328.54
1132958,11329.58
1133058,11330.58
1133163,11331.63
1133260,11332.6
1133364,11333.64
1133471,11334.71
1133574,11335.74
1133684,11336.84
1133788,11337.88
1133876,11338.76
1133961,11339.61
1134050,11340.5
1134144,11341.44
1134231,11342.31
1134317,11343.17
1134401,11344.01
1134487,11344.87
1134576,11345.76
1134666,11346.66
1134757,11347.57
1134851,11348.51
1134942,11349.42
1135046,11350.46
1135152,11351.52
1135246,11352.46
1135342,11353.42
1135446,11354.46
1135549,11355.49
1135660,11356.6
1135772,11357.72
1135876,11358.76
1135988,11359.88
1136102,11361.02
1136208,11362.08
1136318,11363.18
1136429,11364.29
1136531,11365.31
1136636,11366.36
1136744,11367.44
1136844,11368.44
1136943,11369.43
1137051,11370.51
1137156,11371.56
1137264,11372.64
1137381,11373.81
1137486,11374.86
1137592,11375.92
1137709,11377.09
1137818,11378.18
1137925,11379.25
1138036,11380.36
1138144,11381.44
1138257,11382.57
1138359,11383.59
1138464,11384.64
1138553,11385.53
1138636,11386.36
1138718,11387.18
1138801,11388.01
1138879,11388.79
1138956,11389.56
1139035,11390.35
1139123,11391.23
1139212,11392.12
1139296,11392.96
1139379,11393.79
1139459,11394.59
1139540,11395.4
1139626,11396.26
1139713,11397.13
1139799,11397.99
1139885,11398.85
1139973,11399.73
1140060,11400.6
1140151,11401.51
1140241,11402.41
1140339,11403.39
1140431,11404.31
1140519,11405.19
1140603,11406.03
1140685,11406.85
1140770,11407.7
1140854,11408.54
1140939,11409.39
1141023,11410.23
1141107,11411.07
1141187,11411.87
1141266,11412.66
1141346,11413.46
1141425,11414.25
1141502,11415.02
1141581,11415.81
1141659,11416.59
1141738,11417.38
1141813,11418.13
1141890,11418.9
1141968,11419.68
1142045,11420.45
1142123,11421.23
1142205,11422.05
1142282,11422.82
1142357,11423.57
1142433,11424.33
1142509,11425.09
1142593,11425.93
1142678,11426.78
1142769,11427.69
1142860,11428.6
1142945,11429.45
1143029,11430.29
1143116,11431.16
1143209,11432.09
1143297,11432.97
1143380,11433.8
1143467,11434.67
1143554,11435.54
1143637,11436.37
1143720,11437.2
1143809,11438.09
1143899,11438.99
1143989,11439.89
1144086,11440.86
1144184,11441.84
1144280,11442.8
1144378,11443.78
1144481,11444.81
1144581,11445.81
1144691,11446.91
1144805,11448.05
1144912,11449.12
1145025,11450.25
1145138,11451.38
1145239,11452.39
1145330,11453.3
1145413,11454.13
1145494,11454.94
1145575,11455.75
1145655,11456.55
1145735,11457.35
1145816,11458.16
1145911,11459.11
1145995,11459.95
1146079,11460.79
1146158,11461.58
1146235,11462.35
1146318,11463.18
1146399,11463.99
1146483,11464.83
1146577,11465.77
1146676,11466.76
1146780,11467.8
1146882,11468.82
1146976,11469.76
1147074,11470.74
1147182,11471.82
1147277,11472.77
1147371,11473.71
1147470,11474.7
1147572,11475.72
1147667,11476.67
1147764,11477.64
1147864,11478.64
1147961,11479.61
1148060,11480.6
1148169,11481.69
1148270,11482.7
1148366,11483.66
1148464,11484.64
1148562,11485.62
1148659,11486.59
1148765,11487.65
1148875,11488.75
1148982,11489.82
1149085,11490.85
1149175,11491.75
1149256,11492.56
1149336,11493.36
1149419,11494.19
1149500,11495.0
1149582,11495.82
1149666,11496.66
1149751,11497.51
1149837,11498.37
1149917,11499.17
1149997,11499.97
1150088,11500.88
1150188,11501.88
1150293,11502.93
1150412,11504.12
1150525,11505.25
1150640,11506.4
1150751,11507.51
1150857,11508.57
1150972,11509.72
1151085,11510.85
1151196,11511.96
1151308,11513.08
1151413,11514.13
1151512,11515.12
1151622,11516.22
1151730,11517.3
1151832,11518.32
1151943,11519.43
1152048,11520.48
1152148,11521.48
1152256,11522.56
1152368,11523.68
1152472,11524.72
1152579,11525.79
1152696,11526.96
1152804,11528.04
1152920,11529.2
1153034,11530.34
1153136,11531.36
1153224,11532.24
1153305,11533.05
1153385,11533.85
1153463,11534.63
1153541,11535.41
1153619,11536.19
1153698,11536.98
1153772,11537.72
1153847,11538.47
1153919,11539.19
1154003,11540.03
1154085,11540.85
1154165,11541.65
1154247,11542.47
1154350,11543.5
1154450,11544.5
1154566,11545.66
1154682,11546.82
1154792,11547.92
1154909,11549.09
1155019,11550.19
1155124,11551.24
1155231,11552.31
1155331,11553.31
1155428,11554.28
1155528,11555.28
1155627,11556.27
1155718,11557.18
1155810,11558.1
1155909,11559.09
1156002,11560.02
1156093,11560.93
1156194,11561.94
1156302,11563.02
1156406,11564.06
1156519,11565.19
1156636,11566.36
1156746,11567.46
1156858,11568.58
1156981,11569.81
1157096,11570.96
1157213,11572.13
1157328,11573.28
1157434,11574.34
1157544,11575.44
1157647,11576.47
1157746,11577.46
1157830,11578.3
1157911,11579.11
1157994,11579.94
1158084,11580.84
1158173,11581.73
1158260,11582.6
1158344,11583.44
1158427,11584.27
1158513,11585.13
1158609,11586.09
1158700,11587.0
1158807,11588.07
1158915,11589.15
1159028,11590.28
1159147,11591.47
1159260,11592.6
1159378,11593.78
1159490,11594.9
1159595,11595.95
1159710,11597.1
1159818,11598.18
1159924,11599.24
1160034,11600.34
1160139,11601.39
1160239,11602.39
1160349,11603.49
1160457,11604.57
1160560,11605.6
1160666,11606.66
1160777,11607.77
1160881,11608.81
1160995,11609.95
1161109,11611.09
1161224,11612.24
1161335,11613.35
1161446,11614.46
1161561,11615.61
1161674,11616.74
1161776,11617.76
1161882,11618.82
1161992,11619.92
1162093,11620.93
1162195,11621.95
1162289,11622.89
1162379,11623.79
1162465,11624.65
1162546,11625.46
1162628,11626.28
1162707,11627.07
1162783,11627.83
1162859,11628.59
1162935,11629.35
1163014,11630.14
1163089,11630.89
1163162,11631.62
1163236,11632.36
1163308,11633.08
1163382,11633.82
1163458,11634.58
1163536,11635.36
1163618,11636.18
1163707,11637.07
1163796,11637.96
1163898,11638.98
1164007,11640.07
1164115,11641.15
1164232,11642.32
1164342,11643.42
1164455,11644.55
1164571,11645.71
1164677,11646.77
1164784,11647.84
1164894,11648.94
1164997,11649.97
1165098,11650.98
1165206,11652.06
1165304,11653.04
1165400,11654.0
1165509,11655.09
1165615,11656.15
1165713,11657.13
1165811,11658.11
1165928,11659.28
1166040,11660.4
1166147,11661.47
1166266,11662.66
1166381,11663.81
1166490,11664.9
1166600,11666.0
1166706,11667.06
1166819,11668.19
1166924,11669.24
1167019,11670.19
1167118,11671.18
1167209,11672.09
1167294,11672.94
1167376,11673.76
1167460,11674.6
1167540,11675.4
1167621,11676.21
1167707,11677.07
1167793,11677.93
1167874,11678.74
1167955,11679.55
1168035,11680.35
1168120,11681.2
1168209,11682.09
1168310,11683.1
1168413,11684.13
1168533,11685.33
1168646,11686.46
1168759,11687.59
1168870,11688.7
1168978,11689.78
1169096,11690.96
1169204,11692.04
1169312,11693.12
1169420,11694.2
1169522,11695.22
1169627,11696.27
1169736,11697.36
1169837,11698.37
1169938,11699.38
1170042,11700.42
1170141,11701.41
1170249,11702.49
1170362,11703.62
1170465,11704.65
1170574,11705.74
1170687,11706.87
1170794,11707.94
1170910,11709.1
1171028,11710.28
1171146,11711.46
1171265,11712.65
1171381,11713.81
1171489,11714.89
1171589,11715.89
1171677,11716.77
1171762,11717.62
1171843,11718.43
1171921,11719.21
1171999,11719.99
1172079,11720.79
1172163,11721.63
1172242,11722.42
1172318,11723.18
1172393,11723.93
1172465,11724.65
1172540,11725.4
1172615,11726.15
1172692,11726.92
1172775,11727.75
1172875,11728.75
1172971,11729.71
1173085,11730.85
1173205,11732.05
1173316,11733.16
1173430,11734.3
1173538,11735.38
1173645,11736.45
1173763,11737.63
1173877,11738.77
1173982,11739.82
1174088,11740.88
1174189,11741.89
1174286,11742.86
1174377,11743.77
1174469,11744.69
1174564,11745.64
1174654,11746.54
1174754,11747.54
1174874,11748.74
1174986,11749.86
1175094,11750.94
1175202,11752.02
1175311,11753.11
1175422,11754.22
1175529,11755.29
1175643,11756.43
1175755,11757.55
1175861,11758.61
1175975,11759.75
1176089,11760.89
1176201,11762.01
1176308,11763.08
1176402,11764.02
1176494,11764.94
1176580,11765.8
1176663,11766.63
1176746,11767.46
1176826,11768.26
1176906,11769.06
1176988,11769.88
1177070,11770.7
1177149,11771.49
1177227,11772.27
1177303,11773.03
1177380,11773.8
1177458,11774.58
1177543,11775.43
1177640,11776.4
1177733,11777.33
1177840,11778.4
1177948,11779.48
1178049,11780.49
1178154,11781.54
1178252,11782.52
1178356,11783.56
1178463,11784.63
1178570,11785.7
1178675,11786.75
1178780,11787.8
1178881,11788.81
1178981,11789.81
1179087,11790.87
1179193,11791.93
1179291,11792.91
1179391,11793.91
1179496,11794.96
1179594,11795.94
1179696,11796.96
1179801,11798.01
1179906,11799.06
1180017,11800.17
1180125,11801.25
1180237,11802.37
1180353,11803.53
1180461,11804.61
1180572,11805.72
1180682,11806.82
1180784,11807.84
1180883,11808.83
1180979,11809.79
1181075,11810.75
1181161,11811.61
1181241,11812.41
1181321,11813.21
1181407,11814.07
1181488,11814.88
1181572,11815.72
1181658,11816.58
1181742,11817.42
1181826,11818.26
1181909,11819.09
1181997,11819.97
1182088,11820.88
1182187,11821.87
1182286,11822.86
1182395,11823.95
1182510,11825.1
1182623,11826.23
1182741,11827.41
1182853,11828.53
1182962,11829.62
1183070,11830.7
1183174,11831.74
1183278,11832.78
1183385,11833.85
1183484,11834.84
1183587,11835.87
1183694,11836.94
1183800,11838.0
1183908,11839.08
1184017,11840.17
1184119,11841.19
1184221,11842.21
1184332,11843.32
1184441,11844.41
1184554,11845.54
1184665,11846.65
1184770,11847.7
1184878,11848.78
1184993,11849.93
1185107,11851.07
1185224,11852.24
1185331,11853.31
1185430,11854.3
1185526,11855.26
1185612,11856.12
1185693,11856.93
1185781,11857.81
1185878,11858.78
1185962,11859.62
1186044,11860.44
1186122,11861.22
1186199,11861.99
1186276,11862.76
1186359,11863.59
1186442,11864.42
1186529,11865.29
1186637,11866.37
1186748,11867.48
1186874,11868.74
1186989,11869.89
1187103,11871.03
1187210,11872.1
1187315,11873.15
1187424,11874.24
1187526,11875.26
1187629,11876.29
1187734,11877.34
1187838,11878.38
1187938,11879.38
1188042,11880.42
1188140,11881.4
1188238,11882.38
1188345,11883.45
1188458,11884.58
1188565,11885.65
1188678,11886.78
1188788,11887.88
1188888,11888.88
1188992,11889.92
1189098,11890.98
1189201,11892.01
1189311,11893.11
1189428,11894.28
1189542,11895.42
1189663,11896.63
1189780,11897.8
1189902,11899.02
1190021,11900.21
1190134,11901.34
1190259,11902.59
1190385,11903.85
1190495,11904.95
1190599,11905.99
1190685,11906.85
1190767,11907.67
1190847,11908.47
1190926,11909.26
1191006,11910.06
1191092,11910.92
1191173,11911.73
1191252,11912.52
1191330,11913.3
1191411,11914.11
1191494,11914.94
1191582,11915.82
1191683,11916.83
1191783,11917.83
1191903,11919.03
1192015,11920.15
1192130,11921.3
1192248,11922.48
1192357,11923.57
1192465,11924.65
1192580,11925.8
1192695,11926.95
1192803,11928.03
1192914,11929.14
1193019,11930.19
1193124,11931.24
1193225,11932.25
1193332,11933.32
1193440,11934.4
1193543,11935.43
1193651,11936.51
1193760,11937.6
1193861,11938.61
1193965,11939.65
1194069,11940.69
1194179,11941.79
1194294,11942.94
1194404,11944.04
1194521,11945.21
1194633,11946.33
1194742,11947.42
1194854,11948.54
1194972,11949.72
1195086,11950.86
1195193,11951.93
1195292,11952.92
1195392,11953.92
1195484,11954.84
1195566,11955.66
1195649,11956.49
1195741,11957.41
1195827,11958.27
1195911,11959.11
1195993,11959.93
1196072,11960.72
1196153,11961.53
1196236,11962.36
1196321,11963.21
1196416,11964.16
1196524,11965.24
1196629,11966.29
1196745,11967.45
1196853,11968.53
1196971,11969.71
1197081,11970.81
1197190,11971.9
1197309,11973.09
1197418,11974.18
1197530,11975.3
1197643,11976.43
1197749,11977.49
1197857,11978.57
1197968,11979.68
1198074,11980.74
1198172,11981.72
1198271,11982.71
1198373,11983.73
1198470,11984.7
1198570,11985.7
1198678,11986.78
1198779,11987.79
1198890,11988.9
1198998,11989.98
1199094,11990.94
1199195,11991.95
1199298,11992.98
1199399,11993.99
1199511,11995.11
1199609,11996.09
1199701,11997.01
1199790,11997.9
1199873,11998.73
1199954,11999.54
1200035,12000.35
1200118,12001.18
1200199,12001.99
1200277,12002.77
1200351,12003.51
1200424,12004.24
1200495,12004.95
1200564,12005.64
1200632,12006.32
1200699,12006.99
1200764,12007.64
1200829,12008.29
1200894,12008.94
1200957,12009.57
1201019,12010.19
1201081,12010.81
1201143,12011.43
1201204,12012.04
1201266,12012.66
1201329,12013.29
1201399,12013.99
1201509,12015.09
1201614,12016.14
1201725,12017.25
1201839,12018.39
1201958,12019.58
1202080,12020.8
1202204,12022.04
1202324,12023.24
1202447,12024.47
1202552,12025.52
1202655,12026.55
1202763,12027.63
1202862,12028.62
1202965,12029.65
1203077,12030.77
1203180,12031.8
1203283,12032.83
1203391,12033.91
1203491,12034.91
1203600,12036.0
1203704,12037.04
1203800,12038.0
1203899,12038.99
1203989,12039.89
1204078,12040.78
1204198,12041.98
1204318,12043.18
1204419,12044.19
1204516,12045.16
1204608,12046.08
1204707,12047.07
1204818,12048.18
1204925,12049.25
1205045,12050.45
1205160,12051.6
1205269,12052.69
1205376,12053.76
1205476,12054.76
1205582,12055.82
1205693,12056.93
1205794,12057.94
1205905,12059.05
1206011,12060.11
1206121,12061.21
1206232,12062.32
1206332,12063.32
1206435,12064.35
1206548,12065.48
1206650,12066.5
1206758,12067.58
1206867,12068.67
1206962,12069.62
1207062,12070.62
1207152,12071.52
1207236,12072.36
1207318,12073.18
1207403,12074.03
1207489,12074.89
1207574,12075.74
1207657,12076.57
1207740,12077.4
1207823,12078.23
1207907,12079.07
1207991,12079.91
1208091,12080.91
1208190,12081.9
1208294,12082.94
1208403,12084.03
1208509,12085.09
1208621,12086.21
1208726,12087.26
1208830,12088.3
1208942,12089.42
1209047,12090.47
1209150,12091.5
1209255,12092.55
1209354,12093.54
1209458,12094.58
1209568,12095.68
1209672,12096.72
1209782,12097.82
1209897,12098.97
1210002,12100.02
1210118,12101.18
1210233,12102.33
1210346,12103.46
1210464,12104.64
1210576,12105.76
1210689,12106.89
1210801,12108.01
1210913,12109.13
1211031,12110.31
1211150,12111.5
1211260,12112.6
1211359,12113.59
1211448,12114.48
1211531,12115.31
1211613,12116.13
1211707,12117.07
1211816,12118.16
1211926,12119.26
1212023,12120.23
1212114,12121.14
1212209,12122.09
1212305,12123.05
1212399,12123.99
1212496,12124.96
1212594,12125.94
1212701,12127.01
1212805,12128.05
1212910,12129.1
1213020,12130.2
1213121,12131.21
1213229,12132.29
1213336,12133.36
1213434,12134.34
1213538,12135.38
1213643,12136.43
1213744,12137.44
1213849,12138.49
1213961,12139.61
1214070,12140.7
1214178,12141.78
1214285,12142.85
1214386,12143.86
1214474,12144.74
1214560,12145.6
1214649,12146.49
1214738,12147.38
1214831,12148.31
1214931,12149.31
1215025,12150.25
1215111,12151.11
1215197,12151.97
1215285,12152.85
1215376,12153.76
1215483,12154.83
1215595,12155.95
1215708,12157.08
1215825,12158.25
1215938,12159.38
1216058,12160.58
1216178,12161.78
1216292,12162.92
1216408,12164.08
1216516,12165.16
1216619,12166.19
1216728,12167.28
1216839,12168.39
1216945,12169.45
1217057,12170.57
1217173,12171.73
1217286,12172.86
1217402,12174.02
1217522,12175.22
1217639,12176.39
1217748,12177.48
1217869,12178.69
1217995,12179.95
1218121,12181.21
1218244,12182.44
1218374,12183.74
1218508,12185.08
1218646,12186.46
1218785,12187.85
1218923,12189.23
1219067,12190.67
1219205,12192.05
1219341,12193.41
1219473,12194.73
1219626,12196.26
1219780,12197.8
1219922,12199.22
1220028,12200.28
1220122,12201.22
1220204,12202.04
1220282,12202.82
1220359,12203.59
1220441,12204.41
1220524,12205.24
1220597,12205.97
1220670,12206.7
1220781,12207.81
1220893,12208.93
1221001,12210.01
1221107,12211.07
1221213,12212.13
1221317,12213.17
1221420,12214.2
1221516,12215.16
1221610,12216.1
1221704,12217.04
1221796,12217.96
1221887,12218.87
1221973,12219.73
1222057,12220.57
1222142,12221.42
1222233,12222.33
1222343,12223.43
1222451,12224.51
1222560,12225.6
1222668,12226.68
1222777,12227.77
1222891,12228.91
1223004,12230.04
1223122,12231.22
1223234,12232.34
1223352,12233.52
1223465,12234.65
1223581,12235.81
1223696,12236.96
1223817,12238.17
1223931,12239.31
1224046,12240.46
1224163,12241.63
1224275,12242.75
1224397,12243.97
1224512,12245.12
1224628,12246.28
1224748,12247.48
1224865,12248.65
1224997,12249.97
1225120,12251.2
1225243,12252.43
1225366,12253.66
1225491,12254.91
1225609,12256.09
1225730,12257.3
1225855,12258.55
1225992,12259.92
1226122,12261.22
1226253,12262.53
1226374,12263.74
1226506,12265.06
1226629,12266.29
1226764,12267.64
1226900,12269.0
1227031,12270.31
1227163,12271.63
1227285,12272.85
1227428,12274.28
1227571,12275.71
1227710,12277.1
1227849,12278.49
1227983,12279.83
1228110,12281.1
1228245,12282.45
1228377,12283.77
1228515,12285.15
1228659,12286.59
1228791,12287.91
1228927,12289.27
1229039,12290.39
1229128,12291.28
1229204,12292.04
1229276,12292.76
1229345,12293.45
1229411,12294.11
1229477,12294.77
1229545,12295.45
1229615,12296.15
1229685,12296.85
1229753,12297.53
1229820,12298.2
1229886,12298.86
1229951,12299.51
1230014,12300.14
1230077,12300.77
1230140,12301.4
1230203,12302.03
1230270,12302.7
1230341,12303.41
1230410,12304.1
1230479,12304.79
1230550,12305.5
1230621,12306.21
1230693,12306.93
1230766,12307.66
1230841,12308.41
1230916,12309.16
1230989,12309.89
1231061,12310.61
1231134,12311.34
1231211,12312.11
1231303,12313.03
1231398,12313.98
1231514,12315.14
1231620,12316.2
1231732,12317.32
1231839,12318.39
1231949,12319.49
1232063,12320.63
1232175,12321.75
1232291,12322.91
1232406,12324.06
1232526,12325.26
1232643,12326.43
1232765,12327.65
1232884,12328.84
1233013,12330.13
1233137,12331.37
1233267,12332.67
1233388,12333.88
1233517,12335.17
1233646,12336.46
1233776,12337.76
1233905,12339.05
1234032,12340.32
1234159,12341.59
1234282,12342.82
1234408,12344.08
1234538,12345.38
1234624,12346.24
1234711,12347.11
1234815,12348.15
1234949,12349.49
1235084,12350.84
1235208,12352.08
1235332,12353.32
1235424,12354.24
1235510,12355.1
1235586,12355.86
1235661,12356.61
1235732,12357.32
1235801,12358.01
1235872,12358.72
1235945,12359.45
1236015,12360.15
1236085,12360.85
1236154,12361.54
1236223,12362.23
1236291,12362.91
1236356,12363.56
1236422,12364.22
1236487,12364.87
1236558,12365.58
1236671,12366.71
1236786,12367.86
1236904,12369.04
1237023,12370.23
1237133,12371.33
1237248,12372.48
1237366,12373.66
1237482,12374.82
1237598,12375.98
1237715,12377.15
1237833,12378.33
1237955,12379.55
1238075,12380.75
1238196,12381.96
1238312,12383.12
1238434,12384.34
1238554,12385.54
1238675,12386.75
1238790,12387.9
1238907,12389.07
1239022,12390.22
1239140,12391.4
1239260,12392.6
1239381,12393.81
1239507,12395.07
1239628,12396.28
1239745,12397.45
1239870,12398.7
1239989,12399.89
1240110,12401.1
1240226,12402.26
1240346,12403.46
1240463,12404.63
1240585,12405.85
1240706,12407.06
1240827,12408.27
1240950,12409.5
1241078,12410.78
1241208,12412.08
1241336,12413.36
1241470,12414.7
1241596,12415.96
1241721,12417.21
1241841,12418.41
1241965,12419.65
1242085,12420.85
1242210,12422.1
1242328,12423.28
1242448,12424.48
1242572,12425.72
1242690,12426.9
1242803,12428.03
1242909,12429.09
1243025,12430.25
1243141,12431.41
1243255,12432.55
1243372,12433.72
1243485,12434.85
1243606,12436.06
1243717,12437.17
1243826,12438.26
1243930,12439.3
1244028,12440.28
1244129,12441.29
1244238,12442.38
1244340,12443.4
1244453,12444.53
1244566,12445.66
1244672,12446.72
1244771,12447.71
1244869,12448.69
1244954,12449.54
1245035,12450.35
1245108,12451.08
1245180,12451.8
1245259,12452.59
1245335,12453.35
1245407,12454.07
1245478,12454.78
1245548,12455.48
1245639,12456.39
1245735,12457.35
1245828,12458.28
1245918,12459.18
1246006,12460.06
1246093,12460.93
1246177,12461.77
1246257,12462.57
1246338,12463.38
1246420,12464.2
1246507,12465.07
1246597,12465.97
1246684,12466.84
1246772,12467.72
1246866,12468.66
1246957,12469.57
1247048,12470.48
1247145,12471.45
1247247,12472.47
1247344,12473.44
1247444,12474.44
1247549,12475.49
1247648,12476.48
1247756,12477.56
1247874,12478.74
1247992,12479.92
1248111,12481.11
1248230,12482.3
1248348,12483.48
1248462,12484.62
1248583,12485.83
1248704,12487.04
1248829,12488.29
1248957,12489.57
1249086,12490.86
1249216,12492.16
1249345,12493.45
1249483,12494.83
1249623,12496.23
1249753,12497.53
1249886,12498.86
1250018,12500.18
1250137,12501.37
1250230,12502.3
1250312,12503.12
1250386,12503.86
1250456,12504.56
1250521,12505.21
1250585,12505.85
1250649,12506.49
1250721,12507.21
1250838,12508.38
1250949,12509.49
1251051,12510.51
1251148,12511.48
1251243,12512.43
1251339,12513.39
1251436,12514.36
1251536,12515.36
1251634,12516.34
1251732,12517.32
1251830,12518.3
1251929,12519.29
1252026,12520.26
1252123,12521.23
1252220,12522.2
1252316,12523.16
1252408,12524.08
1252501,12525.01
1252586,12525.86
1252669,12526.69
1252752,12527.52
1252859,12528.59
1252970,12529.7
1253076,12530.76
1253192,12531.92
1253311,12533.11
1253431,12534.31
1253552,12535.52
1253670,12536.7
1253796,12537.96
1253922,12539.22
1254044,12540.44
1254169,12541.69
1254290,12542.9
1254420,12544.2
1254551,12545.51
1254685,12546.85
1254817,12548.17
1254947,12549.47
1255072,12550.72
1255196,12551.96
1255326,12553.26
1255454,12554.54
1255586,12555.86
1255725,12557.25
1255864,12558.64
1256006,12560.06
1256149,12561.49
1256293,12562.93
1256441,12564.41
1256590,12565.9
1256744,12567.44
1256887,12568.87
1257027,12570.27
1257183,12571.83
1257326,12573.26
1257481,12574.81
1257625,12576.25
1257736,12577.36
1257847,12578.47
1257927,12579.27
1257999,12579.99
1258070,12580.7
1258151,12581.51
1258224,12582.24
1258290,12582.9
1258354,12583.54
1258417,12584.17
1258482,12584.82
1258554,12585.54
1258662,12586.62
1258759,12587.59
1258850,12588.5
1258934,12589.34
1259016,12590.16
1259094,12590.94
1259174,12591.74
1259255,12592.55
1259337,12593.37
1259420,12594.2
1259504,12595.04
1259589,12595.89
1259675,12596.75
1259762,12597.62
1259848,12598.48
1259934,12599.34
1260021,12600.21
1260107,12601.07
1260196,12601.96
1260283,12602.83
1260365,12603.65
1260451,12604.51
1260533,12605.33
1260612,12606.12
1260686,12606.86
1260759,12607.59
1260830,12608.3
1260899,12608.99
1260985,12609.85
1261068,12610.68
1261151,12611.51
1261233,12612.33
1261350,12613.5
1261460,12614.6
1261564,12615.64
1261670,12616.7
1261775,12617.75
1261876,12618.76
1261982,12619.82
1262090,12620.9
1262196,12621.96
1262307,12623.07
1262423,12624.23
1262534,12625.34
1262651,12626.51
1262769,12627.69
1262875,12628.75
1262971,12629.71
1263056,12630.56
1263137,12631.37
1263222,12632.22
1263328,12633.28
1263435,12634.35
1263515,12635.15
1263594,12635.94
1263676,12636.76
1263804,12638.04
1263923,12639.23
1264033,12640.33
1264142,12641.42
1264247,12642.47
1264348,12643.48
1264452,12644.52
1264559,12645.59
1264663,12646.63
1264768,12647.68
1264875,12648.75
1264987,12649.87
1265097,12650.97
1265201,12652.01
1265311,12653.11
1265416,12654.16
1265521,12655.21
1265629,12656.29
1265740,12657.4
1265851,12658.51
1265970,12659.7
1266087,12660.87
1266202,12662.02
1266321,12663.21
1266443,12664.43
1266569,12665.69
1266696,12666.96
1266824,12668.24
1266957,12669.57
1267093,12670.93
1267229,12672.29
1267364,12673.64
1267497,12674.97
1267637,12676.37
1267771,12677.71
1267901,12679.01
1268034,12680.34
1268165,12681.65
1268301,12683.01
1268438,12684.38
1268586,12685.86
1268727,12687.27
1268869,12688.69
1269004,12690.04
1269138,12691.38
1269239,12692.39
1269329,12693.29
1269411,12694.11
1269490,12694.9
1269564,12695.64
1269634,12696.34
1269705,12697.05
1269782,12697.82
1269867,12698.67
1269949,12699.49
1270025,12700.25
1270099,12700.99
1270173,12701.73
1270248,12702.48
1270322,12703.22
1270395,12703.95
1270470,12704.7
1270546,12705.46
1270623,12706.23
1270701,12707.01
1270783,12707.83
1270867,12708.67
1270954,12709.54
1271043,12710.43
1271137,12711.37
1271232,12712.32
1271325,12713.25
1271419,12714.19
1271515,12715.15
1271611,12716.11
1271705,12717.05
1271797,12717.97
1271888,12718.88
1271980,12719.8
1272070,12720.7
1272159,12721.59
1272245,12722.45
1272331,12723.31
1272416,12724.16
1272499,12724.99
1272577,12725.77
1272650,12726.5
1272721,12727.21
1272790,12727.9
1272859,12728.59
1272963,12729.63
1273068,12730.68
1273162,12731.62
1273256,12732.56
1273364,12733.64
1273467,12734.67
1273576,12735.76
1273679,12736.79
1273785,12737.85
1273889,12738.89
1273993,12739.93
1274099,12740.99
1274205,12742.05
1274310,12743.1
1274413,12744.13
1274521,12745.21
1274630,12746.3
1274738,12747.38
1274844,12748.44
1274954,12749.54
1275065,12750.65
1275176,12751.76
1275297,12752.97
1275417,12754.17
1275540,12755.4
1275664,12756.64
1275790,12757.9
1275901,12759.01
1275994,12759.94
1276077,12760.77
1276159,12761.59
1276255,12762.55
1276339,12763.39
1276421,12764.21
1276502,12765.02
1276585,12765.85
1276667,12766.67
1276748,12767.48
1276827,12768.27
1276902,12769.02
1276974,12769.74
1277044,12770.44
1277112,12771.12
1277180,12771.8
1277258,12772.58
1277381,12773.81
1277496,12774.96
1277612,12776.12
1277728,12777.28
1277846,12778.46
1277961,12779.61
1278070,12780.7
1278171,12781.71
1278275,12782.75
1278378,12783.78
1278475,12784.75
1278572,12785.72
1278680,12786.8
1278784,12787.84
1278880,12788.8
1278985,12789.85
1279092,12790.92
1279190,12791.9
1279290,12792.9
1279395,12793.95
1279490,12794.9
1279589,12795.89
1279697,12796.97
1279794,12797.94
1279899,12798.99
1280014,12800.14
1280115,12801.15
1280217,12802.17
1280316,12803.16
1280403,12804.03
1280487,12804.87
1280572,12805.72
1280657,12806.57
1280741,12807.41
1280823,12808.23
1280909,12809.09
1280998,12809.98
1281084,12810.84
1281175,12811.75
1281284,12812.84
1281382,12813.82
1281487,12814.87
1281595,12815.95
1281698,12816.98
1281802,12818.02
1281907,12819.07
1282019,12820.19
1282137,12821.37
1282250,12822.5
1282362,12823.62
1282474,12824.74
1282579,12825.79
1282687,12826.87
1282798,12827.98
1282902,12829.02
1283015,12830.15
1283119,12831.19
1283222,12832.22
1283322,12833.22
1283420,12834.2
1283523,12835.23
1283624,12836.24
1283729,12837.29
1283836,12838.36
1283935,12839.35
1284040,12840.4
1284146,12841.46
1284245,12842.45
1284380,12843.8
1284509,12845.09
1284646,12846.46
1284773,12847.73
1284906,12849.06
1285031,12850.31
1285157,12851.57
1285277,12852.77
1285395,12853.95
1285512,12855.12
1285624,12856.24
1285739,12857.39
1285845,12858.45
1285943,12859.43
1286028,12860.28
1286107,12861.07
1286182,12861.82
1286255,12862.55
1286325,12863.25
1286399,12863.99
1286473,12864.73
1286548,12865.48
1286620,12866.2
1286690,12866.9
1286759,12867.59
1286827,12868.27
1286898,12868.98
1286970,12869.7
1287044,12870.44
1287121,12871.21
1287200,12872.0
1287281,12872.81
1287365,12873.65
1287452,12874.52
1287540,12875.4
1287633,12876.33
1287726,12877.26
1287816,12878.16
1287907,12879.07
1287999,12879.99
1288090,12880.9
1288180,12881.8
1288272,12882.72
1288364,12883.64
1288456,12884.56
1288548,12885.48
1288639,12886.39
1288727,12887.27
1288813,12888.13
1288899,12888.99
1288984,12889.84
1289067,12890.67
1289148,12891.48
1289228,12892.28
1289307,12893.07
1289382,12893.82
1289455,12894.55
1289527,12895.27
1289602,12896.02
1289690,12896.9
1289778,12897.78
1289857,12898.57
1289937,12899.37
1290018,12900.18
1290107,12901.07
1290193,12901.93
1290284,12902.84
1290395,12903.95
1290494,12904.94
1290596,12905.96
1290699,12906.99
1290799,12907.99
1290903,12909.03
1291005,12910.05
1291107,12911.07
1291213,12912.13
1291313,12913.13
1291417,12914.17
1291519,12915.19
1291617,12916.17
1291721,12917.21
1291824,12918.24
1291915,12919.15
1292007,12920.07
1292114,12921.14
1292229,12922.29
1292350,12923.5
1292458,12924.58
1292569,12925.69
1292683,12926.83
1292784,12927.84
1292880,12928.8
1292966,12929.66
1293050,12930.5
1293132,12931.32
1293212,12932.12
1293291,12932.91
1293367,12933.67
1293443,12934.43
1293524,12935.24
1293605,12936.05
1293680,12936.8
1293791,12937.91
1293907,12939.07
1294021,12940.21
1294127,12941.27
1294232,12942.32
1294335,12943.35
1294437,12944.37
1294540,12945.4
1294642,12946.42
1294740,12947.4
1294835,12948.35
1294927,12949.27
1295018,12950.18
1295106,12951.06
1295192,12951.92
1295280,12952.8
1295366,12953.66
1295452,12954.52
1295537,12955.37
1295623,12956.23
1295710,12957.1
1295795,12957.95
1295882,12958.82
1295969,12959.69
1296056,12960.56
1296150,12961.5
1296241,12962.41
1296332,12963.32
1296422,12964.22
1296511,12965.11
1296593,12965.93
1296674,12966.74
1296752,12967.52
1296833,12968.33
1296921,12969.21
1297011,12970.11
1297101,12971.01
1297196,12971.96
1297292,12972.92
1297382,12973.82
1297474,12974.74
1297572,12975.72
1297670,12976.7
1297768,12977.68
1297873,12978.73
1297976,12979.76
1298087,12980.87
1298197,12981.97
1298303,12983.03
1298419,12984.19
1298538,12985.38
1298657,12986.57
1298787,12987.87
1298914,12989.14
1299038,12990.38
1299164,12991.64
1299299,12992.99
1299435,12994.35
1299573,12995.73
1299713,12997.13
1299855,12998.55
1299998,12999.98
1300141,13001.41
1300294,13002.94
1300446,13004.46
1300596,13005.96
1300745,13007.45
1300895,13008.95
1301032,13010.32
1301175,13011.75
1301237,13012.37
1301299,13012.99
1301388,13013.88
1301477,13014.77
1301553,13015.53
1301627,13016.27
1301694,13016.94
1301763,13017.63
1301834,13018.34
1301890,13018.9
1301947,13019.47
1302043,13020.43
1302131,13021.31
1302211,13022.11
1302283,13022.83
1302353,13023.53
1302419,13024.19
1302485,13024.85
1302552,13025.52
1302658,13026.58
1302755,13027.55
1302849,13028.49
1302938,13029.38
1303022,13030.22
1303105,13031.05
1303184,13031.84
1303261,13032.61
1303338,13033.38
1303418,13034.18
1303512,13035.12
1303617,13036.17
1303721,13037.21
1303819,13038.19
1303924,13039.24
1304036,13040.36
1304139,13041.39
1304242,13042.42
1304345,13043.45
1304447,13044.47
1304543,13045.43
1304643,13046.43
1304749,13047.49
1304847,13048.47
1304950,13049.5
1305064,13050.64
1305168,13051.68
1305273,13052.73
1305382,13053.82
1305486,13054.86
1305593,13055.93
1305700,13057.0
1305800,13058.0
1305897,13058.97
1305987,13059.87
1306072,13060.72
1306155,13061.55
1306247,13062.47
1306344,13063.44
1306430,13064.3
1306516,13065.16
1306638,13066.38
1306753,13067.53
1306858,13068.58
1306959,13069.59
1307066,13070.66
1307163,13071.63
1307259,13072.59
1307372,13073.72
1307484,13074.84
1307588,13075.88
1307694,13076.94
1307803,13078.03
1307913,13079.13
1308025,13080.25
1308139,13081.39
1308254,13082.54
1308363,13083.63
1308476,13084.76
1308590,13085.9
1308700,13087.0
1308813,13088.13
1308926,13089.26
1309036,13090.36
1309143,13091.43
1309250,13092.5
1309356,13093.56
1309459,13094.59
1309569,13095.69
1309684,13096.84
1309800,13098.0
1309923,13099.23
1310047,13100.47
1310163,13101.63
1310270,13102.7
1310383,13103.83
1310502,13105.02
1310614,13106.14
1310732,13107.32
1310843,13108.43
1310966,13109.66
1311090,13110.9
1311214,13112.14
1311335,13113.35
1311459,13114.59
1311579,13115.79
1311695,13116.95
1311818,13118.18
1311937,13119.37
1312056,13120.56
1312172,13121.72
1312279,13122.79
1312376,13123.76
1312463,13124.63
1312544,13125.44
1312624,13126.24
1312705,13127.05
1312783,13127.83
1312859,13128.59
1312940,13129.4
1313032,13130.32
1313123,13131.23
1313215,13132.15
1313309,13133.09
1313403,13134.03
1313499,13134.99
1313596,13135.96
1313691,13136.91
1313787,13137.87
1313883,13138.83
1313975,13139.75
1314066,13140.66
1314157,13141.57
1314249,13142.49
1314338,13143.38
1314427,13144.27
1314516,13145.16
1314604,13146.04
1314694,13146.94
1314780,13147.8
1314869,13148.69
1314955,13149.55
1315040,13150.4
1315125,13151.25
1315206,13152.06
1315283,13152.83
1315360,13153.6
1315436,13154.36
1315512,13155.12
1315594,13155.94
1315676,13156.76
1315759,13157.59
1315857,13158.57
1315953,13159.53
1316058,13160.58
1316164,13161.64
1316262,13162.62
1316364,13163.64
1316462,13164.62
1316557,13165.57
1316655,13166.55
1316756,13167.56
1316852,13168.52
1316953,13169.53
1317060,13170.6
1317171,13171.71
1317292,13172.92
1317415,13174.15
1317543,13175.43
1317671,13176.71
1317796,13177.96
1317923,13179.23
1318051,13180.51
1318182,13181.82
1318314,13183.14
1318451,13184.51
1318595,13185.95
1318732,13187.32
1318869,13188.69
1319009,13190.09
1319149,13191.49
1319304,13193.04
1319449,13194.49
1319594,13195.94
1319745,13197.45
1319894,13198.94
1320052,13200.52
1320211,13202.11
1320370,13203.7
1320498,13204.98
1320592,13205.92
1320672,13206.72
1320746,13207.46
1320820,13208.2
1320889,13208.89
1320954,13209.54
1321019,13210.19
1321087,13210.87
1321194,13211.94
1321291,13212.91
1321382,13213.82
1321471,13214.71
1321557,13215.57
1321640,13216.4
1321725,13217.25
1321808,13218.08
1321892,13218.92
1321974,13219.74
1322054,13220.54
1322131,13221.31
1322205,13222.05
1322276,13222.76
1322346,13223.46
1322414,13224.14
1322485,13224.85
1322554,13225.54
1322626,13226.26
1322718,13227.18
1322824,13228.24
1322923,13229.23
1323012,13230.12
1323100,13231.0
1323194,13231.94
1323307,13233.07
1323413,13234.13
1323526,13235.26
1323640,13236.4
1323750,13237.5
1323858,13238.58
1323971,13239.71
1324080,13240.8
1324188,13241.88
1324300,13243.0
1324415,13244.15
1324524,13245.24
1324633,13246.33
1324749,13247.49
1324861,13248.61
1324979,13249.79
1325090,13250.9
1325194,13251.94
1325299,13252.99
1325414,13254.14
1325526,13255.26
1325636,13256.36
1325735,13257.35
1325846,13258.46
1325958,13259.58
1326058,13260.58
1326148,13261.48
1326231,13262.31
1326314,13263.14
1326413,13264.13
1326512,13265.12
1326596,13265.96
1326679,13266.79
1326764,13267.64
1326849,13268.49
1326944,13269.44
1327040,13270.4
1327122,13271.22
1327201,13272.01
1327275,13272.75
1327348,13273.48
1327417,13274.17
1327485,13274.85
1327553,13275.53
1327632,13276.32
1327751,13277.51
1327867,13278.67
1327983,13279.83
1328098,13280.98
1328209,13282.09
1328323,13283.23
1328433,13284.33
1328539,13285.39
1328647,13286.47
1328755,13287.55
1328867,13288.67
1328973,13289.73
1329071,13290.71
1329173,13291.73
1329275,13292.75
1329369,13293.69
1329462,13294.62
1329565,13295.65
1329663,13296.63
1329769,13297.69
1329874,13298.74
1329967,13299.67
1330054,13300.54
1330185,13301.85
1330299,13302.99
1330404,13304.04
1330501,13305.01
1330594,13305.94
1330690,13306.9
1330788,13307.88
1330885,13308.85
1330990,13309.9
1331100,13311.0
1331209,13312.09
1331319,13313.19
1331424,13314.24
1331530,13315.3
1331642,13316.42
1331750,13317.5
1331857,13318.57
1331967,13319.67
1332065,13320.65
1332167,13321.67
1332271,13322.71
1332373,13323.73
1332488,13324.88
1332604,13326.04
1332708,13327.08
1332816,13328.16
1332935,13329.35
1333060,13330.6
1333194,13331.94
1333321,13333.21
1333441,13334.41
1333537,13335.37
1333624,13336.24
1333706,13337.06
1333786,13337.86
1333866,13338.66
1333945,13339.45
1334033,13340.33
1334123,13341.23
1334214,13342.14
1334299,13342.99
1334382,13343.82
1334461,13344.61
1334539,13345.39
1334618,13346.18
1334706,13347.06
1334831,13348.31
1334948,13349.48
1335061,13350.61
1335168,13351.68
1335267,13352.67
1335362,13353.62
1335459,13354.59
1335562,13355.62
1335667,13356.67
1335769,13357.69
1335867,13358.67
1335966,13359.66
1336072,13360.72
1336176,13361.76
1336276,13362.76
1336370,13363.7
1336462,13364.62
1336559,13365.59
1336653,13366.53
1336746,13367.46
1336843,13368.43
1336948,13369.48
1337049,13370.49
1337153,13371.53
1337264,13372.64
1337370,13373.7
1337469,13374.69
1337572,13375.72
1337682,13376.82
1337785,13377.85
1337898,13378.98
1338020,13380.2
1338137,13381.37
1338259,13382.59
1338376,13383.76
1338492,13384.92
1338605,13386.05
1338710,13387.1
1338816,13388.16
1338928,13389.28
1339039,13390.39
1339159,13391.59
1339278,13392.78
1339394,13393.94
1339511,13395.11
1339617,13396.17
1339730,13397.3
1339845,13398.45
1339946,13399.46
1340039,13400.39
1340123,13401.23
1340206,13402.06
1340293,13402.93
1340387,13403.87
1340467,13404.67
1340547,13405.47
1340625,13406.25
1340714,13407.14
1340807,13408.07
1340898,13408.98
1340989,13409.89
1341078,13410.78
1341168,13411.68
1341257,13412.57
1341345,13413.45
1341434,13414.34
1341524,13415.24
1341615,13416.15
1341708,13417.08
1341798,13417.98
1341883,13418.83
1341954,13419.54
1342025,13420.25
1342113,13421.13
1342199,13421.99
1342286,13422.86
1342379,13423.79
1342475,13424.75
1342567,13425.67
1342662,13426.62
1342760,13427.6
1342853,13428.53
1342950,13429.5
1343045,13430.45
1343136,13431.36
1343231,13432.31
1343327,13433.27
1343425,13434.25
1343516,13435.16
1343611,13436.11
1343712,13437.12
1343803,13438.03
1343898,13438.98
1343992,13439.92
1344084,13440.84
1344174,13441.74
1344275,13442.75
1344379,13443.79
1344477,13444.77
1344577,13445.77
1344670,13446.7
1344753,13447.53
1344837,13448.37
1344920,13449.2
1345001,13450.01
1345082,13450.82
1345166,13451.66
1345264,13452.64
1345368,13453.68
1345466,13454.66
1345553,13455.53
1345641,13456.41
1345736,13457.36
1345839,13458.39
1345943,13459.43
1346042,13460.42
1346139,13461.39
1346235,13462.35
1346328,13463.28
1346420,13464.2
1346512,13465.12
1346602,13466.02
1346692,13466.92
1346783,13467.83
1346873,13468.73
1346962,13469.62
1347049,13470.49
1347131,13471.31
1347215,13472.15
1347305,13473.05
1347414,13474.14
1347520,13475.2
1347624,13476.24
1347729,13477.29
1347844,13478.44
1347957,13479.57
1348064,13480.64
1348172,13481.72
1348280,13482.8
1348381,13483.81
1348477,13484.77
1348575,13485.75
1348668,13486.68
1348764,13487.64
1348865,13488.65
1348965,13489.65
1349060,13490.6
1349157,13491.57
1349259,13492.59
1349355,13493.55
1349455,13494.55
1349561,13495.61
1349663,13496.63
1349772,13497.72
1349877,13498.77
1349968,13499.68
1350053,13500.53
1350136,13501.36
1350221,13502.21
1350303,13503.03
1350388,13503.88
1350476,13504.76
1350556,13505.56
1350635,13506.35
1350712,13507.12
1350794,13507.94
1350901,13509.01
1350997,13509.97
1351083,13510.83
1351170,13511.7
1351262,13512.62
1351366,13513.66
1351463,13514.63
1351562,13515.62
1351666,13516.66
1351768,13517.68
1351869,13518.69
1351970,13519.7
1352076,13520.76
1352181,13521.81
1352280,13522.8
1352380,13523.8
1352485,13524.85
1352585,13525.85
1352682,13526.82
1352780,13527.8
1352883,13528.83
1352980,13529.8
1353084,13530.84
1353188,13531.88
1353291,13532.91
1353399,13533.99
1353502,13535.02
1353604,13536.04
1353712,13537.12
1353816,13538.16
1353921,13539.21
1354037,13540.37
1354158,13541.58
1354286,13542.86
1354411,13544.11
1354536,13545.36
1354646,13546.46
1354770,13547.7
1354913,13549.13
1355046,13550.46
1355188,13551.88
1355344,13553.44
1355489,13554.89
1355640,13556.4
1355790,13557.9
1355940,13559.4
1356016,13560.16
1356093,13560.93
1356170,13561.7
1356303,13563.03
1356428,13564.28
1356572,13565.72
1356716,13567.16
1356876,13568.76
1357036,13570.36
1357155,13571.55
1357274,13572.74
1357355,13573.55
1357436,13574.36
1357527,13575.27
1357595,13575.95
1357669,13576.69
1357737,13577.37
1357801,13578.01
1357861,13578.61
1357921,13579.21
1357981,13579.81
1358041,13580.41
1358101,13581.01
1358160,13581.6
1358220,13582.2
1358279,13582.79
1358339,13583.39
1358399,13583.99
1358458,13584.58
1358518,13585.18
1358579,13585.79
1358639,13586.39
1358700,13587.0
1358762,13587.62
1358823,13588.23
1358886,13588.86
1358948,13589.48
1359011,13590.11
1359075,13590.75
1359138,13591.38
1359201,13592.01
1359263,13592.63
1359325,13593.25
1359386,13593.86
1359448,13594.48
1359512,13595.12
1359610,13596.1
1359711,13597.11
1359817,13598.17
1359925,13599.25
1360037,13600.37
1360145,13601.45
1360234,13602.34
1360316,13603.16
1360400,13604.0
1360504,13605.04
1360601,13606.01
1360690,13606.9
1360779,13607.79
1360901,13609.01
1361014,13610.14
1361126,13611.26
1361236,13612.36
1361340,13613.4
1361431,13614.31
1361524,13615.24
1361613,13616.13
1361703,13617.03
1361791,13617.91
1361879,13618.79
1361977,13619.77
1362093,13620.93
1362203,13622.03
1362304,13623.04
1362396,13623.96
1362489,13624.89
1362614,13626.14
1362725,13627.25
1362827,13628.27
1362928,13629.28
1363035,13630.35
1363151,13631.51
1363269,13632.69
1363374,13633.74
1363484,13634.84
1363598,13635.98
1363711,13637.11
1363813,13638.13
1363906,13639.06
1363997,13639.97
1364088,13640.88
1364177,13641.77
1364262,13642.62
1364342,13643.42
1364424,13644.24
1364516,13645.16
1364618,13646.18
1364707,13647.07
1364792,13647.92
1364878,13648.78
1364969,13649.69
1365062,13650.62
1365149,13651.49
1365234,13652.34
1365316,13653.16
1365400,13654.0
1365487,13654.87
1365574,13655.74
1365657,13656.57
1365738,13657.38
1365819,13658.19
1365903,13659.03
1365996,13659.96
1366090,13660.9
1366177,13661.77
1366260,13662.6
1366348,13663.48
1366455,13664.55
1366567,13665.67
1366672,13666.72
1366773,13667.73
1366879,13668.79
1366983,13669.83
1367080,13670.8
1367182,13671.82
1367303,13673.03
1367424,13674.24
1367526,13675.26
1367621,13676.21
1367719,13677.19
1367828,13678.28
1367938,13679.38
1368032,13680.32
1368122,13681.22
1368216,13682.16
1368308,13683.08
1368395,13683.95
1368479,13684.79
1368561,13685.61
1368641,13686.41
1368720,13687.2
1368796,13687.96
1368871,13688.71
1368947,13689.47
1369021,13690.21
1369095,13690.95
1369169,13691.69
1369241,13692.41
1369312,13693.12
1369383,13693.83
1369453,13694.53
1369522,13695.22
1369591,13695.91
1369660,13696.6
1369728,13697.28
1369797,13697.97
1369867,13698.67
1369937,13699.37
1370009,13700.09
1370082,13700.82
1370157,13701.57
1370234,13702.34
1370313,13703.13
1370391,13703.91
1370469,13704.69
1370547,13705.47
1370627,13706.27
1370713,13707.13
1370813,13708.13
1370911,13709.11
1371004,13710.04
1371089,13710.89
1371171,13711.71
1371254,13712.54
1371338,13713.38
1371418,13714.18
1371498,13714.98
1371575,13715.75
1371651,13716.51
1371724,13717.24
1371796,13717.96
1371872,13718.72
1371955,13719.55
1372043,13720.43
1372131,13721.31
1372223,13722.23
1372317,13723.17
1372413,13724.13
1372509,13725.09
1372599,13725.99
1372684,13726.84
1372768,13727.68
1372851,13728.51
1372934,13729.34
1373035,13730.35
1373136,13731.36
1373244,13732.44
1373335,13733.35
1373427,13734.27
1373509,13735.09
1373588,13735.88
1373668,13736.68
1373750,13737.5
1373836,13738.36
1373929,13739.29
1374053,13740.53
1374173,13741.73
1374284,13742.84
1374390,13743.9
1374501,13745.01
1374612,13746.12
1374725,13747.25
1374839,13748.39
1374949,13749.49
1375054,13750.54
1375156,13751.56
1375251,13752.51
1375352,13753.52
1375474,13754.74
1375597,13755.97
1375697,13756.97
1375789,13757.89
1375888,13758.88
1375998,13759.98
1376111,13761.11
1376224,13762.24
1376334,13763.34
1376447,13764.47
1376560,13765.6
1376667,13766.67
1376779,13767.79
1376890,13768.9
1377004,13770.04
1377121,13771.21
1377229,13772.29
1377336,13773.36
1377440,13774.4
1377541,13775.41
1377628,13776.28
1377713,13777.13
1377801,13778.01
1377910,13779.1
1378020,13780.2
1378110,13781.1
1378195,13781.95
1378281,13782.81
1378370,13783.7
1378468,13784.68
1378562,13785.62
1378653,13786.53
1378751,13787.51
1378853,13788.53
1378953,13789.53
1379049,13790.49
1379140,13791.4
1379237,13792.37
1379339,13793.39
1379451,13794.51
1379564,13795.64
1379672,13796.72
1379775,13797.75
1379880,13798.8
1379988,13799.88
1380099,13800.99
1380212,13802.12
1380326,13803.26
1380436,13804.36
1380550,13805.5
1380663,13806.63
1380775,13807.75
1380882,13808.82
1380976,13809.76
1381071,13810.71
1381191,13811.91
1381312,13813.12
1381421,13814.21
1381519,13815.19
1381621,13816.21
1381728,13817.28
1381829,13818.29
1381940,13819.4
1382048,13820.48
1382154,13821.54
1382266,13822.66
1382377,13823.77
1382482,13824.82
1382587,13825.87
1382685,13826.85
1382777,13827.77
1382884,13828.84
1382987,13829.87
1383082,13830.82
1383178,13831.78
1383282,13832.82
1383371,13833.71
1383455,13834.55
1383540,13835.4
1383630,13836.3
1383722,13837.22
1383808,13838.08
1383893,13838.93
1383989,13839.89
1384100,13841.0
1384202,13842.02
1384310,13843.1
1384424,13844.24
1384535,13845.35
1384644,13846.44
1384749,13847.49
1384852,13848.52
1384958,13849.58
1385064,13850.64
1385171,13851.71
1385276,13852.76
1385381,13853.81
1385486,13854.86
1385585,13855.85
1385680,13856.8
1385775,13857.75
1385874,13858.74
1385970,13859.7
1386073,13860.73
1386184,13861.84
1386287,13862.87
1386396,13863.96
1386509,13865.09
1386613,13866.13
1386720,13867.2
1386825,13868.25
1386914,13869.14
1386998,13869.98
1387085,13870.85
1387184,13871.84
1387271,13872.71
1387355,13873.55
1387441,13874.41
1387527,13875.27
1387614,13876.14
1387698,13876.98
1387784,13877.84
1387889,13878.89
1388001,13880.01
1388105,13881.05
1388209,13882.09
1388319,13883.19
1388432,13884.32
1388542,13885.42
1388650,13886.5
1388758,13887.58
1388867,13888.67
1388977,13889.77
1389084,13890.84
1389190,13891.9
1389297,13892.97
1389405,13894.05
1389513,13895.13
1389617,13896.17
1389717,13897.17
1389819,13898.19
1389922,13899.22
1390030,13900.3
1390136,13901.36
1390232,13902.32
1390334,13903.34
1390445,13904.45
1390560,13905.6
1390660,13906.6
1390748,13907.48
1390839,13908.39
1390961,13909.61
1391074,13910.74
1391181,13911.81
1391282,13912.82
1391380,13913.8
1391483,13914.83
1391590,13915.9
1391702,13917.02
1391821,13918.21
1391934,13919.34
1392047,13920.47
1392165,13921.65
1392280,13922.8
1392388,13923.88
1392500,13925.0
1392623,13926.23
1392736,13927.36
1392841,13928.41
1392947,13929.47
1393039,13930.39
1393124,13931.24
1393222,13932.22
1393338,13933.38
1393454,13934.54
1393555,13935.55
1393656,13936.56
1393764,13937.64
1393872,13938.72
1393978,13939.78
1394095,13940.95
1394207,13942.07
1394329,13943.29
1394444,13944.44
1394556,13945.56
1394673,13946.73
1394785,13947.85
1394890,13948.9
1394998,13949.98
1395104,13951.04
1395203,13952.03
1395302,13953.02
1395413,13954.13
1395521,13955.21
1395625,13956.25
1395734,13957.34
1395837,13958.37
1395939,13959.39
1396048,13960.48
1396148,13961.48
1396242,13962.42
1396338,13963.38
1396434,13964.34
1396520,13965.2
1396601,13966.01
1396686,13966.86
1396773,13967.73
1396855,13968.55
1396936,13969.36
1397015,13970.15
1397094,13970.94
1397172,13971.72
1397248,13972.48
1397322,13973.22
1397394,13973.94
1397465,13974.65
1397536,13975.36
1397612,13976.12
1397717,13977.17
1397823,13978.23
1397924,13979.24
1398036,13980.36
1398153,13981.53
1398266,13982.66
1398376,13983.76
1398488,13984.88
1398599,13985.99
1398707,13987.07
1398812,13988.12
1398922,13989.22
1399035,13990.35
1399143,13991.43
1399253,13992.53
1399358,13993.58
1399462,13994.62
1399562,13995.62
1399671,13996.71
1399782,13997.82
1399886,13998.86
1399990,13999.9
1400100,14001.0
1400205,14002.05
1400321,14003.21
1400435,14004.35
1400540,14005.4
1400641,14006.41
1400754,14007.54
1400852,14008.52
1400941,14009.41
1401024,14010.24
1401116,14011.16
1401214,14012.14
1401312,14013.12
1401398,14013.98
1401495,14014.95
1401593,14015.93
1401688,14016.88
1401783,14017.83
1401876,14018.76
1401980,14019.8
1402090,14020.9
1402198,14021.98
1402313,14023.13
1402428,14024.28
1402538,14025.38
1402650,14026.5
1402755,14027.55
1402866,14028.66
1402974,14029.74
1403074,14030.74
1403172,14031.72
1403283,14032.83
1403397,14033.97
1403507,14035.07
1403622,14036.22
1403736,14037.36
1403841,14038.41
1403947,14039.47
1404060,14040.6
1404166,14041.66
1404270,14042.7
1404372,14043.72
1404459,14044.59
1404543,14045.43
1404637,14046.37
1404732,14047.32
1404818,14048.18
1404912,14049.12
1405023,14050.23
1405121,14051.21
1405211,14052.11
1405302,14053.02
1405400,14054.0
1405506,14055.06
1405618,14056.18
1405728,14057.28
1405841,14058.41
1405954,14059.54
1406067,14060.67
1406178,14061.78
1406285,14062.85
1406391,14063.91
1406497,14064.97
1406596,14065.96
1406697,14066.97
1406797,14067.97
1406892,14068.92
1406986,14069.86
1407084,14070.84
1407182,14071.82
1407277,14072.77
1407372,14073.72
1407481,14074.81
1407587,14075.87
1407688,14076.88
1407793,14077.93
1407906,14079.06
1408016,14080.16
1408129,14081.29
1408249,14082.49
1408362,14083.62
1408472,14084.72
1408594,14085.94
1408715,14087.15
1408835,14088.35
1408939,14089.39
1409026,14090.26
1409106,14091.06
1409187,14091.87
1409250,14092.5
1409313,14093.13
1409402,14094.02
1409481,14094.81
1409557,14095.57
1409630,14096.3
1409704,14097.04
1409817,14098.17
1409940,14099.4
1410064,14100.64
1410189,14101.89
1410308,14103.08
1410415,14104.15
1410522,14105.22
1410628,14106.28
1410736,14107.36
1410842,14108.42
1410945,14109.45
1411048,14110.48
1411150,14111.5
1411254,14112.54
1411352,14113.52
1411448,14114.48
1411550,14115.5
1411655,14116.55
1411760,14117.6
1411866,14118.66
1411978,14119.78
1412087,14120.87
1412190,14121.9
1412302,14123.02
1412412,14124.12
1412517,14125.17
1412621,14126.21
1412727,14127.27
1412830,14128.3
1412928,14129.28
1413026,14130.26
1413124,14131.24
1413219,14132.19
1413313,14133.13
1413415,14134.15
1413512,14135.12
1413607,14136.07
1413704,14137.04
1413799,14137.99
1413897,14138.97
1413988,14139.88
1414073,14140.73
1414163,14141.63
1414264,14142.64
1414359,14143.59
1414453,14144.53
1414542,14145.42
1414627,14146.27
1414711,14147.11
1414801,14148.01
1414890,14148.9
1414993,14149.93
1415096,14150.96
1415199,14151.99
1415310,14153.1
1415419,14154.19
1415529,14155.29
1415636,14156.36
1415738,14157.38
1415843,14158.43
1415944,14159.44
1416048,14160.48
1416156,14161.56
1416258,14162.58
1416360,14163.6
1416467,14164.67
1416571,14165.71
1416683,14166.83
1416790,14167.9
1416892,14168.92
1416999,14169.99
1417100,14171.0
1417195,14171.95
1417294,14172.94
1417392,14173.92
1417487,14174.87
1417587,14175.87
1417678,14176.78
1417762,14177.62
1417852,14178.52
1417950,14179.5
1418034,14180.34
1418119,14181.19
1418203,14182.03
1418284,14182.84
1418365,14183.65
1418446,14184.46
1418535,14185.35
1418633,14186.33
1418729,14187.29
1418832,14188.32
1418948,14189.48
1419060,14190.6
1419176,14191.76
1419285,14192.85
1419392,14193.92
1419500,14195.0
1419609,14196.09
1419717,14197.17
1419820,14198.2
1419927,14199.27
1420036,14200.36
1420137,14201.37
1420236,14202.36
1420341,14203.41
1420441,14204.41
1420539,14205.39
1420642,14206.42
1420744,14207.44
1420849,14208.49
1420955,14209.55
1421058,14210.58
1421163,14211.63
1421270,14212.7
1421372,14213.72
1421470,14214.7
1421566,14215.66
1421658,14216.58
1421746,14217.46
1421836,14218.36
1421926,14219.26
1422012,14220.12
1422097,14220.97
1422186,14221.86
1422272,14222.72
1422354,14223.54
1422439,14224.39
1422525,14225.25
1422609,14226.09
1422697,14226.97
1422800,14228.0
1422907,14229.07
1423015,14230.15
1423135,14231.35
1423250,14232.5
1423363,14233.63
1423483,14234.83
1423596,14235.96
1423713,14237.13
1423826,14238.26
1423938,14239.38
1424050,14240.5
1424155,14241.55
1424265,14242.65
1424366,14243.66
1424463,14244.63
1424559,14245.59
1424667,14246.67
1424767,14247.67
1424873,14248.73
1424989,14249.89
1425098,14250.98
1425210,14252.1
1425317,14253.17
1425417,14254.17
1425504,14255.04
1425597,14255.97
1425707,14257.07
1425818,14258.18
1425914,14259.14
1426005,14260.05
1426090,14260.9
1426174,14261.74
1426267,14262.67
1426366,14263.66
1426463,14264.63
1426567,14265.67
1426666,14266.66
1426772,14267.72
1426886,14268.86
1426997,14269.97
1427101,14271.01
1427203,14272.03
1427301,14273.01
1427401,14274.01
1427496,14274.96
1427593,14275.93
1427694,14276.94
1427792,14277.92
1427888,14278.88
1427992,14279.92
1428094,14280.94
1428199,14281.99
1428306,14283.06
1428410,14284.1
1428510,14285.1
1428623,14286.23
1428742,14287.42
1428842,14288.42
1428939,14289.39
1429027,14290.27
1429108,14291.08
1429190,14291.9
1429272,14292.72
1429351,14293.51
1429429,14294.29
1429514,14295.14
1429635,14296.35
1429745,14297.45
1429846,14298.46
1429942,14299.42
1430032,14300.32
1430121,14301.21
1430210,14302.1
1430300,14303.0
1430389,14303.89
1430480,14304.8
1430572,14305.72
1430664,14306.64
1430755,14307.55
1430843,14308.43
1430934,14309.34
1431023,14310.23
1431112,14311.12
1431198,14311.98
1431279,14312.79
1431359,14313.59
1431443,14314.43
1431536,14315.36
1431627,14316.27
1431720,14317.2
1431828,14318.28
1431936,14319.36
1432035,14320.35
1432132,14321.32
1432228,14322.28
1432319,14323.19
1432410,14324.1
1432503,14325.03
1432593,14325.93
1432685,14326.85
1432782,14327.82
1432889,14328.89
1432997,14329.97
1433099,14330.99
1433207,14332.07
1433314,14333.14
1433412,14334.12
1433516,14335.16
1433625,14336.25
1433730,14337.3
1433831,14338.31
1433938,14339.38
1434041,14340.41
1434142,14341.42
1434246,14342.46
1434351,14343.51
1434445,14344.45
1434534,14345.34
1434620,14346.2
1434704,14347.04
1434785,14347.85
1434869,14348.69
1434954,14349.54
1435035,14350.35
1435118,14351.18
1435200,14352.0
1435280,14352.8
1435359,14353.59
1435441,14354.41
1435526,14355.26
1435611,14356.11
1435703,14357.03
1435812,14358.12
1435916,14359.16
1436029,14360.29
1436144,14361.44
1436253,14362.53
1436368,14363.68
1436478,14364.78
1436586,14365.86
1436695,14366.95
1436802,14368.02
1436905,14369.05
1437011,14370.11
1437116,14371.16
1437215,14372.15
1437312,14373.12
1437417,14374.17
1437516,14375.16
1437610,14376.1
1437713,14377.13
1437816,14378.16
1437914,14379.14
1438018,14380.18
1438124,14381.24
1438225,14382.25
1438330,14383.3
1438439,14384.39
1438542,14385.42
1438639,14386.39
1438743,14387.43
1438849,14388.49
1438948,14389.48
1439045,14390.45
1439146,14391.46
1439233,14392.33
1439317,14393.17
1439403,14394.03
1439488,14394.88
1439572,14395.72
1439658,14396.58
1439740,14397.4
1439823,14398.23
1439906,14399.06
1439990,14399.9
1440073,14400.73
1440158,14401.58
1440248,14402.48
1440342,14403.42
1440456,14404.56
1440568,14405.68
1440681,14406.81
1440796,14407.96
1440906,14409.06
1441019,14410.19
1441124,14411.24
1441231,14412.31
1441337,14413.37
1441436,14414.36
1441536,14415.36
1441634,14416.34
1441727,14417.27
1441821,14418.21
1441924,14419.24
1442028,14420.28
1442127,14421.27
1442228,14422.28
1442333,14423.33
1442440,14424.4
1442545,14425.45
1442652,14426.52
1442751,14427.51
1442856,14428.56
1442967,14429.67
1443074,14430.74
1443175,14431.75
1443279,14432.79
1443382,14433.82
1443469,14434.69
1443552,14435.52
1443636,14436.36
1443723,14437.23
1443803,14438.03
1443884,14438.84
1443966,14439.66
1444049,14440.49
1444131,14441.31
1444215,14442.15
1444303,14443.03
1444393,14443.93
1444500,14445.0
1444610,14446.1
1444719,14447.19
1444833,14448.33
1444942,14449.42
1445055,14450.55
1445166,14451.66
1445271,14452.71
1445379,14453.79
1445488,14454.88
1445595,14455.95
1445703,14457.03
1445807,14458.07
1445910,14459.1
1446017,14460.17
1446125,14461.25
1446227,14462.27
1446329,14463.29
1446439,14464.39
1446540,14465.4
1446647,14466.47
1446764,14467.64
1446871,14468.71
1446967,14469.67
1447067,14470.67
1447163,14471.63
1447252,14472.52
1447340,14473.4
1447436,14474.36
1447523,14475.23
1447612,14476.12
1447711,14477.11
1447808,14478.08
1447897,14478.97
1447985,14479.85
1448080,14480.8
1448171,14481.71
1448271,14482.71
1448370,14483.7
1448467,14484.67
1448564,14485.64
1448670,14486.7
1448773,14487.73
1448883,14488.83
1448984,14489.84
1449090,14490.9
1449190,14491.9
1449288,14492.88
1449392,14493.92
1449492,14494.92
1449593,14495.93
1449702,14497.02
1449806,14498.06
1449907,14499.07
1450020,14500.2
1450129,14501.29
1450235,14502.35
1450353,14503.53
1450470,14504.7
1450580,14505.8
1450693,14506.93
1450807,14508.07
1450918,14509.18
1451025,14510.25
1451134,14511.34
1451245,14512.45
1451344,14513.44
1451449,14514.49
1451538,14515.38
1451622,14516.22
1451708,14517.08
1451792,14517.92
1451873,14518.73
1451956,14519.56
1452048,14520.48
1452144,14521.44
1452229,14522.29
1452309,14523.09
1452388,14523.88
1452466,14524.66
1452551,14525.51
1452641,14526.41
1452727,14527.27
1452823,14528.23
1452941,14529.41
1453055,14530.55
1453166,14531.66
1453284,14532.84
1453398,14533.98
1453513,14535.13
1453627,14536.27
1453741,14537.41
1453847,14538.47
1453954,14539.54
1454060,14540.6
1454160,14541.6
1454258,14542.58
1454363,14543.63
1454461,14544.61
1454558,14545.58
1454659,14546.59
1454764,14547.64
1454862,14548.62
1454963,14549.63
1455069,14550.69
1455173,14551.73
1455284,14552.84
1455392,14553.92
1455498,14554.98
1455613,14556.13
1455731,14557.31
1455842,14558.42
1455946,14559.46
1456048,14560.48
1456145,14561.45
1456238,14562.38
1456335,14563.35
1456434,14564.34
1456523,14565.23
1456608,14566.08
1456697,14566.97
1456791,14567.91
1456875,14568.75
1456958,14569.58
1457039,14570.39
1457119,14571.19
1457198,14571.98
1457278,14572.78
1457362,14573.62
1457445,14574.45
1457532,14575.32
1457637,14576.37
1457743,14577.43
1457847,14578.47
1457961,14579.61
1458070,14580.7
1458183,14581.83
1458299,14582.99
1458407,14584.07
1458521,14585.21
1458633,14586.33
1458743,14587.43
1458855,14588.55
1458964,14589.64
1459069,14590.69
1459179,14591.79
1459291,14592.91
1459393,14593.93
1459493,14594.93
1459600,14596.0
1459712,14597.12
1459825,14598.25
1459939,14599.39
1460044,14600.44
1460147,14601.47
1460250,14602.5
1460352,14603.52
1460451,14604.51
1460552,14605.52
1460657,14606.57
1460760,14607.6
1460865,14608.65
1460964,14609.64
1461050,14610.5
1461134,14611.34
1461226,14612.26
1461314,14613.14
1461398,14613.98
1461486,14614.86
1461575,14615.75
1461660,14616.6
1461744,14617.44
1461829,14618.29
1461915,14619.15
1462010,14620.1
1462120,14621.2
1462228,14622.28
1462347,14623.47
1462461,14624.61
1462575,14625.75
1462685,14626.85
1462791,14627.91
1462902,14629.02
1463008,14630.08
1463115,14631.15
1463222,14632.22
1463323,14633.23
1463423,14634.23
1463522,14635.22
1463621,14636.21
1463726,14637.26
1463833,14638.33
1463938,14639.38
1464056,14640.56
1464174,14641.74
1464277,14642.77
1464380,14643.8
1464479,14644.79
1464570,14645.7
1464661,14646.61
1464749,14647.49
1464832,14648.32
1464917,14649.17
1465009,14650.09
1465098,14650.98
1465185,14651.85
1465268,14652.68
1465348,14653.48
1465430,14654.3
1465518,14655.18
1465613,14656.13
1465708,14657.08
1465822,14658.22
1465940,14659.4
1466056,14660.56
1466182,14661.82
1466295,14662.95
1466407,14664.07
1466523,14665.23
1466631,14666.31
1466741,14667.41
1466853,14668.53
1466957,14669.57
1467065,14670.65
1467174,14671.74
1467280,14672.8
1467390,14673.9
1467501,14675.01
1467607,14676.07
1467714,14677.14
1467819,14678.19
1467916,14679.16
1468024,14680.24
1468130,14681.3
1468227,14682.27
1468327,14683.27
1468433,14684.33
1468539,14685.39
1468645,14686.45
1468752,14687.52
1468855,14688.55
1468960,14689.6
1469068,14690.68
1469172,14691.72
1469276,14692.76
1469379,14693.79
1469466,14694.66
1469549,14695.49
1469638,14696.38
1469727,14697.27
1469810,14698.1
1469891,14698.91
1469970,14699.7
1470049,14700.49
1470124,14701.24
1470199,14701.99
1470271,14702.71
1470341,14703.41
1470411,14704.11
1470479,14704.79
1470546,14705.46
1470617,14706.17
1470696,14706.96
1470811,14708.11
1470921,14709.21
1471027,14710.27
1471138,14711.38
1471251,14712.51
1471359,14713.59
1471469,14714.69
1471577,14715.77
1471682,14716.82
1471796,14717.96
1471908,14719.08
1472008,14720.08
1472109,14721.09
1472219,14722.19
1472320,14723.2
1472429,14724.29
1472540,14725.4
1472641,14726.41
1472752,14727.52
1472863,14728.63
1472967,14729.67
1473075,14730.75
1473183,14731.83
1473288,14732.88
1473404,14734.04
1473528,14735.28
1473639,14736.39
1473726,14737.26
1473813,14738.13
1473912,14739.12
1474011,14740.11
1474097,14740.97
1474186,14741.86
1474268,14742.68
1474351,14743.51
1474436,14744.36
1474519,14745.19
1474601,14746.01
1474684,14746.84
1474767,14747.67
1474853,14748.53
1474951,14749.51
1475055,14750.55
1475156,14751.56
1475264,14752.64
1475369,14753.69
1475478,14754.78
1475587,14755.87
1475698,14756.98
1475801,14758.01
1475912,14759.12
1476024,14760.24
1476137,14761.37
1476245,14762.45
1476349,14763.49
1476460,14764.6
1476568,14765.68
1476672,14766.72
1476786,14767.86
1476896,14768.96
1476997,14769.97
1477099,14770.99
1477209,14772.09
1477311,14773.11
1477420,14774.2
1477536,14775.36
1477644,14776.44
1477749,14777.49
1477853,14778.53
1477948,14779.48
1478047,14780.47
1478158,14781.58
1478259,14782.59
1478346,14783.46
1478431,14784.31
1478519,14785.19
1478602,14786.02
1478686,14786.86
1478773,14787.73
1478859,14788.59
1478941,14789.41
1479023,14790.23
1479106,14791.06
1479189,14791.89
1479279,14792.79
1479395,14793.95
1479505,14795.05
1479618,14796.18
1479734,14797.34
1479846,14798.46
1479965,14799.65
1480078,14800.78
1480183,14801.83
1480289,14802.89
1480397,14803.97
1480500,14805.0
1480611,14806.11
1480715,14807.15
1480817,14808.17
1480909,14809.09
1481002,14810.02
1481099,14810.99
1481199,14811.99
1481294,14812.94
1481392,14813.92
1481496,14814.96
1481594,14815.94
1481692,14816.92
1481812,14818.12
1481934,14819.34
1482048,14820.48
1482162,14821.62
1482271,14822.71
1482373,14823.73
1482482,14824.82
1482588,14825.88
1482683,14826.83
1482786,14827.86
1482879,14828.79
1482964,14829.64
1483047,14830.47
1483142,14831.42
1483225,14832.25
1483306,14833.06
1483390,14833.9
1483505,14835.05
1483611,14836.11
1483706,14837.06
1483797,14837.97
1483881,14838.81
1483962,14839.62
1484044,14840.44
1484129,14841.29
1484219,14842.19
1484316,14843.16
1484429,14844.29
1484535,14845.35
1484650,14846.5
1484769,14847.69
1484882,14848.82
1484998,14849.98
1485111,14851.11
1485215,14852.15
1485321,14853.21
1485426,14854.26
1485529,14855.29
1485634,14856.34
1485734,14857.34
1485839,14858.39
1485947,14859.47
1486047,14860.47
1486142,14861.42
1486239,14862.39
1486336,14863.36
1486431,14864.31
1486523,14865.23
1486617,14866.17
1486709,14867.09
1486811,14868.11
1486919,14869.19
1487023,14870.23
1487134,14871.34
1487250,14872.5
1487343,14873.43
1487437,14874.37
1487538,14875.38
1487639,14876.39
1487728,14877.28
1487816,14878.16
1487899,14878.99
1487983,14879.83
1488068,14880.68
1488151,14881.51
1488237,14882.37
1488329,14883.29
1488422,14884.22
1488520,14885.2
1488635,14886.35
1488744,14887.44
1488858,14888.58
1488975,14889.75
1489086,14890.86
1489193,14891.93
1489304,14893.04
1489408,14894.08
1489513,14895.13
1489623,14896.23
1489727,14897.27
1489838,14898.38
1489953,14899.53
1490054,14900.54
1490151,14901.51
1490251,14902.51
1490346,14903.46
1490447,14904.47
1490562,14905.62
1490669,14906.69
1490771,14907.71
1490880,14908.8
1490988,14909.88
1491085,14910.85
1491186,14911.86
1491284,14912.84
1491370,14913.7
1491453,14914.53
1491538,14915.38
1491623,14916.23
1491706,14917.06
1491789,14917.89
1491871,14918.71
1491952,14919.52
1492032,14920.32
1492114,14921.14
1492200,14922.0
1492297,14922.97
1492408,14924.08
1492516,14925.16
1492636,14926.36
1492748,14927.48
1492860,14928.6
1492971,14929.71
1493077,14930.77
1493184,14931.84
1493287,14932.87
1493388,14933.88
1493486,14934.86
1493581,14935.81
1493674,14936.74
1493769,14937.69
1493868,14938.68
1493963,14939.63
1494054,14940.54
1494150,14941.5
1494255,14942.55
1494353,14943.53
1494457,14944.57
1494570,14945.7
1494676,14946.76
1494776,14947.76
1494884,14948.84
1494990,14949.9
1495088,14950.88
1495193,14951.93
1495297,14952.97
1495387,14953.87
1495473,14954.73
1495564,14955.64
1495651,14956.51
1495733,14957.33
1495822,14958.22
1495913,14959.13
1495997,14959.97
1496083,14960.83
1496174,14961.74
1496269,14962.69
1496378,14963.78
1496488,14964.88
1496593,14965.93
1496706,14967.06
1496817,14968.17
1496923,14969.23
1497035,14970.35
1497140,14971.4
1497249,14972.49
1497360,14973.6
1497471,14974.71
1497585,14975.85
1497696,14976.96
1497800,14978.0
1497904,14979.04
1498013,14980.13
1498114,14981.14
1498209,14982.09
1498310,14983.1
1498419,14984.19
1498521,14985.21
1498625,14986.25
1498734,14987.34
1498834,14988.34
1498931,14989.31
1499040,14990.4
1499147,14991.47
1499246,14992.46
1499357,14993.57
1499455,14994.55
1499542,14995.42
1499628,14996.28
1499727,14997.27
1499814,14998.14
1499900,14999.0
1499984,14999.84
1500065,15000.65
1500150,15001.5
1500237,15002.37
1500324,15003.24
1500420,15004.2
1500524,15005.24
1500626,15006.26
1500743,15007.43
1500855,15008.55
1500968,15009.68
1501085,15010.85
1501194,15011.94
1501303,15013.03
1501410,15014.1
1501510,15015.1
1501607,15016.07
1501706,15017.06
1501809,15018.09
1501906,15019.06
1502002,15020.02
1502111,15021.11
1502218,15022.18
1502316,15023.16
1502418,15024.18
1502521,15025.21
1502619,15026.19
1502719,15027.19
1502825,15028.25
1502928,15029.28
1503029,15030.29
1503149,15031.49
1503261,15032.61
1503362,15033.62
1503466,15034.66
1503566,15035.66
1503654,15036.54
1503739,15037.39
1503825,15038.25
1503925,15039.25
1504009,15040.09
1504092,15040.92
1504173,15041.73
1504255,15042.55
1504337,15043.37
1504421,15044.21
1504505,15045.05
1504594,15045.94
1504690,15046.9
1504793,15047.93
1504896,15048.96
1505009,15050.09
1505119,15051.19
1505234,15052.34
1505345,15053.45
1505451,15054.51
1505561,15055.61
1505668,15056.68
1505772,15057.72
1505875,15058.75
1505976,15059.76
1506070,15060.7
1506168,15061.68
1506267,15062.67
1506364,15063.64
1506458,15064.58
1506558,15065.58
1506661,15066.61
1506761,15067.61
1506858,15068.58
1506966,15069.66
1507070,15070.7
1507166,15071.66
1507264,15072.64
1507367,15073.67
1507465,15074.65
1507571,15075.71
1507680,15076.8
1507783,15077.83
1507894,15078.94
1508003,15080.03
1508096,15080.96
1508187,15081.87
1508272,15082.72
1508349,15083.49
1508424,15084.24
1508500,15085.0
1508577,15085.77
1508655,15086.55
1508733,15087.33
1508813,15088.13
1508893,15088.93
1508971,15089.71
1509049,15090.49
1509128,15091.28
1509209,15092.09
1509296,15092.96
1509398,15093.98
1509505,15095.05
1509608,15096.08
1509719,15097.19
1509822,15098.22
1509928,15099.28
1510037,15100.37
1510138,15101.38
1510239,15102.39
1510343,15103.43
1510441,15104.41
1510537,15105.37
1510639,15106.39
1510733,15107.33
1510826,15108.26
1510923,15109.23
1511019,15110.19
1511110,15111.1
1511206,15112.06
1511302,15113.02
1511394,15113.94
1511490,15114.9
1511599,15115.99
1511700,15117.0
1511804,15118.04
1511921,15119.21
1512028,15120.28
1512134,15121.34
1512250,15122.5
1512361,15123.61
1512456,15124.56
1512562,15125.62
1512659,15126.59
1512753,15127.53
1512854,15128.54
1512961,15129.61
1513053,15130.53
1513140,15131.4
1513232,15132.32
1513325,15133.25
1513407,15134.07
1513487,15134.87
1513567,15135.67
1513643,15136.43
1513717,15137.17
1513790,15137.9
1513866,15138.66
1513946,15139.46
1514028,15140.28
1514121,15141.21
1514232,15142.32
1514342,15143.42
1514463,15144.63
1514578,15145.78
1514688,15146.88
1514800,15148.0
1514905,15149.05
1515009,15150.09
1515116,15151.16
1515220,15152.2
1515322,15153.22
1515428,15154.28
1515527,15155.27
1515621,15156.21
1515717,15157.17
1515819,15158.19
1515916,15159.16
1516012,15160.12
1516113,15161.13
1516208,15162.08
1516308,15163.08
1516419,15164.19
1516522,15165.22
1516630,15166.3
1516744,15167.44
1516858,15168.58
1516973,15169.73
1517089,15170.89
1517202,15172.02
1517321,15173.21
1517440,15174.4
1517548,15175.48
1517656,15176.56
1517757,15177.57
1517844,15178.44
1517928,15179.28
1518008,15180.08
1518085,15180.85
1518163,15181.63
1518240,15182.4
1518316,15183.16
1518393,15183.93
1518471,15184.71
1518550,15185.5
1518633,15186.33
1518721,15187.21
1518832,15188.32
1518943,15189.43
1519058,15190.58
1519167,15191.67
1519275,15192.75
1519386,15193.86
1519489,15194.89
1519591,15195.91
1519696,15196.96
1519803,15198.03
1519912,15199.12
1520028,15200.28
1520139,15201.39
1520241,15202.41
1520348,15203.48
1520451,15204.51
1520549,15205.49
1520648,15206.48
1520749,15207.49
1520845,15208.45
1520948,15209.48
1521064,15210.64
1521168,15211.68
1521275,15212.75
1521385,15213.85
1521489,15214.89
1521589,15215.89
1521696,15216.96
1521799,15217.99
1521898,15218.98
1522005,15220.05
1522110,15221.1
1522204,15222.04
1522297,15222.97
1522388,15223.88
1522472,15224.72
1522555,15225.55
1522649,15226.49
1522738,15227.38
1522824,15228.24
1522910,15229.1
1522995,15229.95
1523078,15230.78
1523163,15231.63
1523262,15232.62
1523359,15233.59
1523474,15234.74
1523587,15235.87
1523699,15236.99
1523815,15238.15
1523932,15239.32
1524041,15240.41
1524152,15241.52
1524258,15242.58
1524357,15243.57
1524456,15244.56
1524555,15245.55
1524651,15246.51
1524747,15247.47
1524854,15248.54
1524956,15249.56
1525063,15250.63
1525176,15251.76
1525285,15252.85
1525403,15254.03
1525518,15255.18
1525629,15256.29
1525743,15257.43
1525858,15258.58
1525964,15259.64
1526078,15260.78
1526189,15261.89
1526291,15262.91
1526398,15263.98
1526499,15264.99
1526596,15265.96
1526707,15267.07
1526800,15268.0
1526883,15268.83
1526967,15269.67
1527053,15270.53
1527135,15271.35
1527221,15272.21
1527310,15273.1
1527394,15273.94
1527477,15274.77
1527560,15275.6
1527646,15276.46
1527736,15277.36
1527835,15278.35
1527936,15279.36
1528051,15280.51
1528165,15281.65
1528273,15282.73
1528385,15283.85
1528492,15284.92
1528602,15286.02
1528716,15287.16
1528820,15288.2
1528926,15289.26
1529032,15290.32
1529133,15291.33
1529235,15292.35
1529340,15293.4
1529436,15294.36
1529534,15295.34
1529632,15296.32
1529724,15297.24
1529818,15298.18
1529934,15299.34
1530045,15300.45
1530148,15301.48
1530260,15302.6
1530378,15303.78
1530487,15304.87
1530603,15306.03
1530719,15307.19
1530826,15308.26
1530944,15309.44
1531062,15310.62
1531175,15311.75
1531282,15312.82
1531381,15313.81
1531468,15314.68
1531551,15315.51
1531640,15316.4
1531721,15317.21
1531805,15318.05
1531892,15318.92
1531975,15319.75
1532060,15320.6
1532142,15321.42
1532224,15322.24
1532313,15323.13
1532413,15324.13
1532516,15325.16
1532624,15326.24
1532724,15327.24
1532826,15328.26
1532931,15329.31
1533029,15330.29
1533141,15331.41
1533252,15332.52
1533357,15333.57
1533465,15334.65
1533571,15335.71
1533671,15336.71
1533773,15337.73
1533873,15338.73
1533970,15339.7
1534070,15340.7
1534179,15341.79
1534281,15342.81
1534392,15343.92
1534504,15345.04
1534608,15346.08
1534714,15347.14
1534826,15348.26
1534931,15349.31
1535037,15350.37
1535143,15351.43
1535247,15352.47
1535347,15353.47
1535458,15354.58
1535572,15355.72
1535675,15356.75
1535788,15357.88
1535906,15359.06
1536008,15360.08
1536099,15360.99
1536182,15361.82
1536262,15362.62
1536343,15363.43
1536422,15364.22
1536499,15364.99
1536578,15365.78
1536665,15366.65
1536748,15367.48
1536824,15368.24
1536901,15369.01
1536976,15369.76
1537051,15370.51
1537127,15371.27
1537208,15372.08
1537295,15372.95
1537391,15373.91
1537488,15374.88
1537595,15375.95
1537698,15376.98
1537796,15377.96
1537900,15379.0
1537991,15379.91
1538074,15380.74
1538162,15381.62
1538265,15382.65
1538365,15383.65
1538469,15384.69
1538578,15385.78
1538682,15386.82
1538780,15387.8
1538882,15388.82
1538986,15389.86
1539082,15390.82
1539179,15391.79
1539290,15392.9
1539389,15393.89
1539491,15394.91
1539605,15396.05
1539708,15397.08
1539812,15398.12
1539924,15399.24
1540027,15400.27
1540138,15401.38
1540251,15402.51
1540355,15403.55
1540475,15404.75
1540586,15405.86
1540689,15406.89
1540793,15407.93
1540885,15408.85
1540968,15409.68
1541051,15410.51
1541132,15411.32
1541211,15412.11
1541288,15412.88
1541364,15413.64
1541439,15414.39
1541512,15415.12
1541584,15415.84
1541655,15416.55
1541723,15417.23
1541791,15417.91
1541859,15418.59
1541927,15419.27
1542006,15420.06
1542091,15420.91
1542185,15421.85
1542299,15422.99
1542413,15424.13
1542530,15425.3
1542652,15426.52
1542765,15427.65
1542881,15428.81
1542999,15429.99
1543111,15431.11
1543223,15432.23
1543332,15433.32
1543432,15434.32
1543537,15435.37
1543648,15436.48
1543744,15437.44
1543843,15438.43
1543947,15439.47
1544044,15440.44
1544143,15441.43
1544251,15442.51
1544348,15443.48
1544447,15444.47
1544558,15445.58
1544661,15446.61
1544766,15447.66
1544877,15448.77
1544985,15449.85
1545095,15450.95
1545210,15452.1
1545321,15453.21
1545424,15454.24
1545537,15455.37
1545646,15456.46
1545750,15457.5
1545837,15458.37
1545918,15459.18
1545999,15459.99
1546081,15460.81
1546162,15461.62
1546243,15462.43
1546324,15463.24
1546403,15464.03
1546484,15464.84
1546567,15465.67
1546650,15466.5
1546737,15467.37
1546830,15468.3
1546917,15469.17
1547018,15470.18
1547130,15471.3
1547237,15472.37
1547354,15473.54
1547462,15474.62
1547567,15475.67
1547681,15476.81
1547795,15477.95
1547901,15479.01
1548009,15480.09
1548120,15481.2
1548225,15482.25
1548328,15483.28
1548435,15484.35
1548544,15485.44
1548642,15486.42
1548744,15487.44
1548852,15488.52
1548953,15489.53
1549059,15490.59
1549167,15491.67
1549270,15492.7
1549373,15493.73
1549481,15494.81
1549579,15495.79
1549684,15496.84
1549794,15497.94
1549905,15499.05
1550018,15500.18
1550131,15501.31
1550232,15502.32
1550340,15503.4
1550448,15504.48
1550532,15505.32
1550613,15506.13
1550691,15506.91
1550769,15507.69
1550849,15508.49
1550931,15509.31
1551010,15510.1
1551091,15510.91
1551179,15511.79
1551276,15512.76
1551366,15513.66
1551468,15514.68
1551586,15515.86
1551699,15516.99
1551818,15518.18
1551931,15519.31
1552038,15520.38
1552155,15521.55
1552270,15522.7
1552379,15523.79
1552487,15524.87
1552599,15525.99
1552708,15527.08
1552818,15528.18
1552926,15529.26
1553027,15530.27
1553130,15531.3
1553241,15532.41
1553350,15533.5
1553451,15534.51
1553559,15535.59
1553673,15536.73
1553782,15537.82
1553893,15538.93
1554005,15540.05
1554111,15541.11
1554223,15542.23
1554338,15543.38
1554445,15544.45
1554551,15545.51
1554663,15546.63
1554767,15547.67
1554861,15548.61
1554957,15549.57
1555042,15550.42
1555126,15551.26
1555215,15552.15
1555305,15553.05
1555389,15553.89
1555472,15554.72
1555555,15555.55
1555638,15556.38
1555723,15557.23
1555817,15558.17
1555911,15559.11
1556020,15560.2
1556134,15561.34
1556245,15562.45
1556363,15563.63
1556474,15564.74
1556590,15565.9
1556700,15567.0
1556810,15568.1
1556924,15569.24
1557033,15570.33
1557138,15571.38
1557250,15572.5
1557351,15573.51
1557453,15574.53
1557562,15575.62
1557663,15576.63
1557759,15577.59
1557864,15578.64
1557968,15579.68
1558067,15580.67
1558171,15581.71
1558276,15582.76
1558375,15583.75
1558488,15584.88
1558607,15586.07
1558718,15587.18
1558844,15588.44
1558961,15589.61
1559073,15590.73
1559186,15591.86
1559291,15592.91
1559388,15593.88
1559494,15594.94
1559581,15595.81
1559665,15596.65
1559749,15597.49
1559830,15598.3
1559912,15599.12
1559988,15599.88
1560063,15600.63
1560137,15601.37
1560212,15602.12
1560290,15602.9
1560368,15603.68
1560447,15604.47
1560530,15605.3
1560634,15606.34
1560730,15607.3
1560847,15608.47
1560966,15609.66
1561073,15610.73
1561183,15611.83
1561288,15612.88
1561394,15613.94
1561503,15615.03
1561602,15616.02
1561704,15617.04
1561811,15618.11
1561913,15619.13
1562013,15620.13
1562117,15621.17
1562218,15622.18
1562317,15623.17
1562419,15624.19
1562517,15625.17
1562612,15626.12
1562713,15627.13
1562819,15628.19
1562925,15629.25
1563023,15630.23
1563128,15631.28
1563240,15632.4
1563343,15633.43
1563453,15634.53
1563567,15635.67
1563675,15636.75
1563801,15638.01
1563914,15639.14
1564013,15640.13
1564109,15641.09
1564214,15642.14
1564303,15643.03
1564391,15643.91
1564486,15644.86
1564590,15645.9
1564685,15646.85
1564783,15647.83
1564871,15648.71
1564962,15649.62
1565051,15650.51
1565140,15651.4
1565239,15652.39
1565354,15653.54
1565458,15654.58
1565572,15655.72
1565686,15656.86
1565791,15657.91
1565898,15658.98
1566000,15660.0
1566104,15661.04
1566212,15662.12
1566310,15663.1
1566411,15664.11
1566525,15665.25
1566631,15666.31
1566745,15667.45
1566858,15668.58
1566959,15669.59
1567062,15670.62
1567179,15671.79
1567294,15672.94
1567400,15674.0
1567506,15675.06
1567611,15676.11
1567708,15677.08
1567809,15678.09
1567899,15678.99
1567980,15679.8
1568059,15680.59
1568133,15681.33
1568207,15682.07
1568281,15682.81
1568354,15683.54
1568426,15684.26
1568498,15684.98
1568570,15685.7
1568644,15686.44
1568722,15687.22
1568805,15688.05
1568890,15688.9
1568990,15689.9
1569087,15690.87
1569195,15691.95
1569313,15693.13
1569428,15694.28
1569544,15695.44
1569658,15696.58
1569768,15697.68
1569876,15698.76
1569986,15699.86
1570093,15700.93
1570194,15701.94
1570298,15702.98
1570403,15704.03
1570497,15704.97
1570594,15705.94
1570696,15706.96
1570790,15707.9
1570886,15708.86
1570985,15709.85
1571089,15710.89
1571188,15711.88
1571288,15712.88
1571392,15713.92
1571490,15714.9
1571596,15715.96
1571712,15717.12
1571820,15718.2
1571935,15719.35
1572046,15720.46
1572144,15721.44
1572245,15722.45
1572337,15723.37
1572420,15724.2
1572500,15725.0
1572584,15725.84
1572664,15726.64
1572746,15727.46
1572833,15728.33
1572922,15729.22
1573011,15730.11
1573104,15731.04
1573198,15731.98
1573297,15732.97
1573420,15734.2
1573536,15735.36
1573653,15736.53
1573764,15737.64
1573869,15738.69
1573986,15739.86
1574098,15740.98
1574205,15742.05
1574319,15743.19
1574431,15744.31
1574538,15745.38
1574653,15746.53
1574764,15747.64
1574870,15748.7
1574977,15749.77
1575081,15750.81
1575181,15751.81
1575284,15752.84
1575392,15753.92
1575497,15754.97
1575606,15756.06
1575717,15757.17
1575820,15758.2
1575935,15759.35
1576050,15760.5
1576168,15761.68
1576287,15762.87
1576397,15763.97
1576511,15765.11
1576621,15766.21
1576724,15767.24
1576827,15768.27
1576922,15769.22
1577007,15770.07
1577088,15770.88
1577168,15771.68
1577247,15772.47
1577327,15773.27
1577409,15774.09
1577493,15774.93
1577572,15775.72
1577652,15776.52
1577734,15777.34
1577820,15778.2
1577913,15779.13
1578030,15780.3
1578141,15781.41
1578263,15782.63
1578376,15783.76
1578487,15784.87
1578598,15785.98
1578699,15786.99
1578800,15788.0
1578905,15789.05
1579004,15790.04
1579102,15791.02
1579213,15792.13
1579317,15793.17
1579417,15794.17
1579527,15795.27
1579631,15796.31
1579728,15797.28
1579826,15798.26
1579927,15799.27
1580024,15800.24
1580125,15801.25
1580232,15802.32
1580335,15803.35
1580446,15804.46
1580568,15805.68
1580686,15806.86
1580805,15808.05
1580927,15809.27
1581036,15810.36
1581147,15811.47
1581252,15812.52
1581350,15813.5
1581440,15814.4
1581523,15815.23
1581602,15816.02
1581680,15816.8
1581760,15817.6
1581839,15818.39
1581922,15819.22
1582012,15820.12
1582095,15820.95
1582179,15821.79
1582259,15822.59
1582348,15823.48
1582434,15824.34
1582529,15825.29
1582634,15826.34
1582736,15827.36
1582844,15828.44
1582950,15829.5
1583063,15830.63
1583170,15831.7
1583270,15832.7
1583373,15833.73
1583469,15834.69
1583563,15835.63
1583665,15836.65
1583768,15837.68
1583864,15838.64
1583963,15839.63
1584070,15840.7
1584175,15841.75
1584278,15842.78
1584394,15843.94
1584505,15845.05
1584610,15846.1
1584724,15847.24
1584838,15848.38
1584942,15849.42
1585053,15850.53
1585166,15851.66
1585270,15852.7
1585384,15853.84
1585496,15854.96
1585605,15856.05
1585724,15857.24
1585843,15858.43
1585950,15859.5
1586055,15860.55
1586158,15861.58
1586229,15862.29
1586301,15863.01
1586397,15863.97
1586477,15864.77
1586557,15865.57
1586636,15866.36
1586714,15867.14
1586793,15867.93
1586873,15868.73
1586951,15869.51
1587026,15870.26
1587098,15870.98
1587167,15871.67
1587238,15872.38
1587312,15873.12
1587394,15873.94
1587483,15874.83
1587580,15875.8
1587690,15876.9
1587794,15877.94
1587908,15879.08
1588015,15880.15
1588118,15881.18
1588226,15882.26
1588330,15883.3
1588433,15884.33
1588547,15885.47
1588661,15886.61
1588761,15887.61
1588865,15888.65
1588978,15889.78
1589080,15890.8
1589190,15891.9
1589303,15893.03
1589402,15894.02
1589516,15895.16
1589627,15896.27
1589726,15897.26
1589834,15898.34
1589943,15899.43
1590042,15900.42
1590143,15901.43
1590246,15902.46
1590348,15903.48
1590462,15904.62
1590577,15905.77
1590676,15906.76
1590768,15907.68
1590857,15908.57
1590939,15909.39
1591020,15910.2
1591102,15911.02
1591198,15911.98
1591279,15912.79
1591359,15913.59
1591439,15914.39
1591521,15915.21
1591605,15916.05
1591695,15916.95
1591794,15917.94
1591897,15918.97
1592015,15920.15
1592124,15921.24
1592238,15922.38
1592344,15923.44
1592454,15924.54
1592562,15925.62
1592664,15926.64
1592772,15927.72
1592886,15928.86
1592990,15929.9
1593096,15930.96
1593208,15932.08
1593314,15933.14
1593413,15934.13
1593521,15935.21
1593629,15936.29
1593733,15937.33
1593844,15938.44
1593955,15939.55
1594060,15940.6
1594174,15941.74
1594286,15942.86
1594390,15943.9
1594491,15944.91
1594597,15945.97
1594698,15946.98
1594805,15948.05
1594915,15949.15
1595025,15950.25
1595123,15951.23
1595209,15952.09
1595288,15952.88
1595365,15953.65
1595444,15954.44
1595529,15955.29
1595608,15956.08
1595686,15956.86
1595764,15957.64
1595840,15958.4
1595919,15959.19
1595998,15959.98
1596085,15960.85
1596181,15961.81
1596298,15962.98
1596403,15964.03
1596510,15965.1
1596620,15966.2
1596722,15967.22
1596827,15968.27
1596935,15969.35
1597043,15970.43
1597155,15971.55
1597264,15972.64
1597366,15973.66
1597470,15974.7
1597574,15975.74
1597670,15976.7
1597772,15977.72
1597877,15978.77
1597973,15979.73
1598074,15980.74
1598180,15981.8
1598280,15982.8
1598393,15983.93
1598504,15985.04
1598608,15986.08
1598724,15987.24
1598834,15988.34
1598937,15989.37
1599053,15990.53
1599158,15991.58
1599256,15992.56
1599365,15993.65
1599468,15994.68
1599560,15995.6
1599654,15996.54
1599739,15997.39
1599821,15998.21
1599902,15999.02
1599991,15999.91
1600073,16000.73
1600155,16001.55
1600235,16002.35
1600316,16003.16
1600398,16003.98
1600481,16004.81
1600567,16005.67
1600660,16006.6
1600778,16007.78
1600894,16008.94
1601012,16010.12
1601124,16011.24
1601241,16012.41
1601355,16013.55
1601467,16014.67
1601581,16015.81
1601693,16016.93
1601807,16018.07
1601915,16019.15
1602023,16020.23
1602133,16021.33
1602237,16022.37
1602342,16023.42
1602452,16024.52
1602550,16025.5
1602647,16026.47
1602751,16027.51
1602855,16028.55
1602957,16029.57
1603062,16030.62
1603161,16031.61
1603261,16032.61
1603368,16033.68
1603475,16034.75
1603578,16035.78
1603687,16036.87
1603791,16037.91
1603886,16038.86
1603981,16039.81
1604066,16040.66
1604147,16041.47
1604229,16042.29
1604312,16043.12
1604392,16043.92
1604472,16044.72
1604553,16045.53
1604633,16046.33
1604714,16047.14
1604793,16047.93
1604872,16048.72
1604956,16049.56
1605044,16050.44
1605143,16051.43
1605243,16052.43
1605356,16053.56
1605461,16054.61
1605570,16055.7
1605682,16056.82
1605791,16057.91
1605908,16059.08
1606023,16060.23
1606123,16061.23
1606225,16062.25
1606345,16063.45
1606452,16064.52
1606552,16065.52
1606659,16066.59
1606767,16067.67
1606866,16068.66
1606968,16069.68
1607084,16070.84
1607196,16071.96
1607297,16072.97
1607404,16074.04
1607509,16075.09
1607612,16076.12
1607732,16077.32
1607842,16078.42
1607943,16079.43
1608060,16080.6
1608173,16081.73
1608273,16082.73
1608379,16083.79
1608467,16084.67
1608550,16085.5
1608635,16086.35
1608719,16087.19
1608802,16088.02
1608885,16088.85
1608973,16089.73
1609057,16090.57
1609137,16091.37
1609215,16092.15
1609296,16092.96
1609388,16093.88
1609500,16095.0
1609603,16096.03
1609713,16097.13
1609822,16098.22
1609931,16099.31
1610048,16100.48
1610157,16101.57
1610266,16102.66
1610380,16103.8
1610487,16104.87
1610593,16105.93
1610700,16107.0
1610800,16108.0
1610903,16109.03
1611014,16110.14
1611115,16111.15
1611220,16112.2
1611330,16113.3
1611438,16114.38
1611538,16115.38
1611652,16116.52
1611766,16117.66
1611868,16118.68
1611973,16119.73
1612086,16120.86
1612191,16121.91
1612311,16123.11
1612432,16124.32
1612542,16125.42
1612647,16126.47
1612747,16127.47
1612832,16128.32
1612915,16129.15
1612998,16129.98
1613081,16130.81
1613163,16131.63
1613247,16132.47
1613333,16133.33
1613415,16134.15
1613497,16134.97
1613584,16135.84
1613672,16136.72
1613767,16137.67
1613871,16138.71
1613971,16139.71
1614084,16140.84
1614193,16141.93
1614301,16143.01
1614410,16144.1
1614511,16145.11
1614616,16146.16
1614721,16147.21
1614830,16148.3
1614936,16149.36
1615036,16150.36
1615139,16151.39
1615245,16152.45
1615344,16153.44
1615448,16154.48
1615559,16155.59
1615661,16156.61
1615768,16157.68
1615887,16158.87
1616002,16160.02
1616119,16161.19
1616238,16162.38
1616349,16163.49
1616457,16164.57
1616561,16165.61
1616657,16166.57
1616743,16167.43
1616832,16168.32
1616943,16169.43
1617054,16170.54
1617151,16171.51
1617257,16172.57
1617351,16173.51
1617446,16174.46
1617539,16175.39
1617628,16176.28
1617730,16177.3
1617839,16178.39
1617941,16179.41
1618058,16180.58
1618176,16181.76
1618290,16182.9
1618407,16184.07
1618511,16185.11
1618614,16186.14
1618722,16187.22
1618823,16188.23
1618920,16189.2
1619027,16190.27
1619136,16191.36
1619236,16192.36
1619348,16193.48
1619460,16194.6
1619566,16195.66
1619687,16196.87
1619809,16198.09
1619911,16199.11
1620017,16200.17
1620104,16201.04
1620187,16201.87
1620267,16202.67
1620346,16203.46
1620422,16204.22
1620498,16204.98
1620575,16205.75
1620659,16206.59
1620748,16207.48
1620829,16208.29
1620911,16209.11
1620991,16209.91
1621073,16210.73
1621165,16211.65
1621282,16212.82
1621399,16213.99
1621521,16215.21
1621640,16216.4
1621760,16217.6
1621879,16218.79
1621991,16219.91
1622098,16220.98
1622214,16222.14
1622327,16223.27
1622429,16224.29
1622535,16225.35
1622643,16226.43
1622749,16227.49
1622847,16228.47
1622943,16229.43
1623039,16230.39
1623132,16231.32
1623226,16232.26
1623342,16233.42
1623454,16234.54
1623568,16235.68
1623687,16236.87
1623797,16237.97
1623900,16239.0
1624003,16240.03
1624106,16241.06
1624205,16242.05
1624314,16243.14
1624421,16244.21
1624518,16245.18
1624620,16246.2
1624718,16247.18
1624808,16248.08
1624894,16248.94
1624975,16249.75
1625053,16250.53
1625129,16251.29
1625205,16252.05
1625279,16252.79
1625348,16253.48
1625418,16254.18
1625486,16254.86
1625557,16255.57
1625638,16256.38
1625722,16257.22
1625806,16258.06
1625889,16258.89
1625969,16259.69
1626054,16260.54
1626146,16261.46
1626239,16262.39
1626354,16263.54
1626470,16264.7
1626579,16265.79
1626696,16266.96
1626804,16268.04
1626911,16269.11
1627027,16270.27
1627139,16271.39
1627242,16272.42
1627350,16273.5
1627461,16274.61
1627563,16275.63
1627666,16276.66
1627772,16277.72
1627869,16278.69
1627962,16279.62
1628072,16280.72
1628173,16281.73
1628275,16282.75
1628382,16283.82
1628482,16284.82
1628589,16285.89
1628711,16287.11
1628815,16288.15
1628915,16289.15
1629020,16290.2
1629123,16291.23
1629222,16292.22
1629326,16293.26
1629422,16294.22
1629510,16295.1
1629595,16295.95
1629673,16296.73
1629751,16297.51
1629828,16298.28
1629901,16299.01
1629972,16299.72
1630042,16300.42
1630111,16301.11
1630181,16301.81
1630257,16302.57
1630340,16303.4
1630419,16304.19
1630496,16304.96
1630571,16305.71
1630645,16306.45
1630718,16307.18
1630789,16307.89
1630859,16308.59
1630928,16309.28
1630996,16309.96
1631062,16310.62
1631128,16311.28
1631193,16311.93
1631258,16312.58
1631321,16313.21
1631384,16313.84
1631448,16314.48
1631513,16315.13
1631581,16315.81
1631654,16316.54
1631729,16317.29
1631811,16318.11
1631903,16319.03
1632003,16320.03
1632100,16321.0
1632207,16322.07
1632317,16323.17
1632427,16324.27
1632546,16325.46
1632652,16326.52
1632761,16327.61
1632872,16328.72
1632976,16329.76
1633079,16330.79
1633190,16331.9
1633293,16332.93
1633402,16334.02
1633520,16335.2
1633624,16336.24
1633728,16337.28
1633832,16338.32
1633927,16339.27
1634024,16340.24
1634131,16341.31
1634232,16342.32
1634335,16343.35
1634435,16344.35
1634528,16345.28
1634618,16346.18
1634701,16347.01
1634783,16347.83
1634865,16348.65
1634946,16349.46
1635025,16350.25
1635104,16351.04
1635181,16351.81
1635260,16352.6
1635337,16353.37
1635414,16354.14
1635492,16354.92
1635573,16355.73
1635655,16356.55
1635748,16357.48
1635859,16358.59
1635961,16359.61
1636068,16360.68
1636179,16361.79
1636287,16362.87
1636402,16364.02
1636508,16365.08
1636620,16366.2
1636732,16367.32
1636835,16368.35
1636942,16369.42
1637047,16370.47
1637156,16371.56
1637261,16372.61
1637362,16373.62
1637470,16374.7
1637574,16375.74
1637675,16376.75
1637786,16377.86
1637890,16378.9
1637986,16379.86
1638087,16380.87
1638197,16381.97
1638305,16383.05
1638427,16384.27
1638545,16385.45
1638652,16386.52
1638772,16387.72
1638888,16388.88
1638994,16389.94
1639099,16390.99
1639205,16392.05
1639301,16393.01
1639388,16393.88
1639472,16394.72
1639555,16395.55
1639638,16396.38
1639719,16397.19
1639798,16397.98
1639879,16398.79
1639958,16399.58
1640039,16400.39
1640122,16401.22
1640205,16402.05
1640292,16402.92
1640385,16403.85
1640489,16404.89
1640589,16405.89
1640703,16407.03
1640810,16408.1
1640915,16409.15
1641016,16410.16
1641116,16411.16
1641218,16412.18
1641312,16413.12
1641407,16414.07
1641511,16415.11
1641610,16416.1
1641716,16417.16
1641831,16418.31
1641939,16419.39
1642047,16420.47
1642157,16421.57
1642261,16422.61
1642368,16423.68
1642480,16424.8
1642580,16425.8
1642685,16426.85
1642794,16427.94
1642898,16428.98
1643008,16430.08
1643122,16431.22
1643227,16432.27
1643341,16433.41
1643459,16434.59
1643566,16435.66
1643674,16436.74
1643772,16437.72
1643857,16438.57
1643940,16439.4
1644021,16440.21
1644102,16441.02
1644184,16441.84
1644262,16442.62
1644339,16443.39
1644416,16444.16
1644493,16444.93
1644574,16445.74
1644660,16446.6
1644754,16447.54
1644868,16448.68
1644974,16449.74
1645092,16450.92
1645210,16452.1
1645324,16453.24
1645441,16454.41
1645553,16455.53
1645669,16456.69
1645783,16457.83
1645892,16458.92
1645998,16459.98
1646103,16461.03
1646200,16462.0
1646300,16463.0
1646405,16464.05
1646505,16465.05
1646602,16466.02
1646707,16467.07
1646818,16468.18
1646921,16469.21
1647024,16470.24
1647131,16471.31
1647233,16472.33
1647330,16473.3
1647431,16474.31
1647530,16475.3
1647625,16476.25
1647724,16477.24
1647831,16478.31
1647938,16479.38
1648051,16480.51
1648168,16481.68
1648283,16482.83
1648398,16483.98
1648515,16485.15
1648622,16486.22
1648718,16487.18
1648801,16488.01
1648879,16488.79
1648956,16489.56
1649029,16490.29
1649100,16491.0
1649172,16491.72
1649242,16492.42
1649314,16493.14
1649386,16493.86
1649454,16494.54
1649524,16495.24
1649592,16495.92
1649660,16496.6
1649737,16497.37
1649828,16498.28
1649942,16499.42
1650059,16500.59
1650181,16501.81
1650297,16502.97
1650419,16504.19
1650531,16505.31
1650643,16506.43
1650755,16507.55
1650859,16508.59
1650951,16509.51
1651042,16510.42
1651139,16511.39
1651230,16512.3
1651328,16513.28
1651432,16514.32
1651528,16515.28
1651628,16516.28
1651736,16517.36
1651836,16518.36
1651937,16519.37
1652037,16520.37
1652134,16521.34
1652238,16522.38
1652340,16523.4
1652433,16524.33
1652531,16525.31
1652631,16526.31
1652737,16527.37
1652857,16528.57
1652979,16529.79
1653073,16530.73
1653161,16531.61
1653242,16532.42
1653321,16533.21
1653399,16533.99
1653482,16534.82
1653561,16535.61
1653639,16536.39
1653716,16537.16
1653802,16538.02
1653889,16538.89
1653999,16539.99
1654115,16541.15
1654226,16542.26
1654345,16543.45
1654456,16544.56
1654577,16545.77
1654696,16546.96
1654813,16548.13
1654934,16549.34
1655049,16550.49
1655171,16551.71
1655284,16552.84
1655388,16553.88
1655491,16554.91
1655595,16555.95
1655689,16556.89
1655791,16557.91
1655890,16558.9
1655983,16559.83
1656081,16560.81
1656192,16561.92
1656298,16562.98
1656410,16564.1
1656523,16565.23
1656629,16566.29
1656742,16567.42
1656856,16568.56
1656964,16569.64
1657084,16570.84
1657186,16571.86
1657273,16572.73
1657357,16573.57
1657436,16574.36
1657516,16575.16
1657597,16575.97
1657678,16576.78
1657759,16577.59
1657840,16578.4
1657923,16579.23
1658011,16580.11
1658133,16581.33
1658245,16582.45
1658358,16583.58
1658473,16584.73
1658587,16585.87
1658704,16587.04
1658813,16588.13
1658921,16589.21
1659031,16590.31
1659128,16591.28
1659229,16592.29
1659335,16593.35
1659433,16594.33
1659535,16595.35
1659646,16596.46
1659751,16597.51
1659858,16598.58
1659970,16599.7
1660077,16600.77
1660174,16601.74
1660277,16602.77
1660383,16603.83
1660483,16604.83
1660596,16605.96
1660708,16607.08
1660810,16608.1
1660916,16609.16
1661019,16610.19
1661117,16611.17
1661224,16612.24
1661331,16613.31
1661431,16614.31
1661540,16615.4
1661650,16616.5
1661747,16617.47
1661839,16618.39
1661921,16619.21
1662003,16620.03
1662081,16620.81
1662158,16621.58
1662240,16622.4
1662321,16623.21
1662400,16624.0
1662480,16624.8
1662565,16625.65
1662654,16626.54
1662739,16627.39
1662839,16628.39
1662952,16629.52
1663064,16630.64
1663192,16631.92
1663312,16633.12
1663436,16634.36
1663558,16635.58
1663672,16636.72
1663789,16637.89
1663907,16639.07
1664014,16640.14
1664122,16641.22
1664234,16642.34
1664338,16643.38
1664438,16644.38
1664544,16645.44
1664647,16646.47
1664744,16647.44
1664843,16648.43
1664943,16649.43
1665036,16650.36
1665131,16651.31
1665243,16652.43
1665350,16653.5
1665450,16654.5
1665559,16655.59
1665669,16656.69
1665769,16657.69
1665876,16658.76
1665988,16659.88
1666092,16660.92
1666207,16662.07
1666321,16663.21
1666422,16664.22
1666515,16665.15
1666601,16666.01
1666682,16666.82
1666763,16667.63
1666845,16668.45
1666926,16669.26
1667005,16670.05
1667088,16670.88
1667171,16671.71
1667256,16672.56
1667339,16673.39
1667424,16674.24
1667522,16675.22
1667635,16676.35
1667747,16677.47
1667868,16678.68
1667980,16679.8
1668094,16680.94
1668214,16682.14
1668325,16683.25
1668442,16684.42
1668557,16685.57
1668662,16686.62
1668777,16687.77
1668894,16688.94
1669004,16690.04
1669119,16691.19
1669236,16692.36
1669342,16693.42
1669457,16694.57
1669571,16695.71
1669675,16696.75
1669785,16697.85
1669899,16698.99
1670005,16700.05
1670120,16701.2
1670232,16702.32
1670328,16703.28
1670428,16704.28
1670520,16705.2
1670603,16706.03
1670686,16706.86
1670773,16707.73
1670857,16708.57
1670940,16709.4
1671020,16710.2
1671099,16710.99
1671178,16711.78
1671256,16712.56
1671338,16713.38
1671420,16714.2
1671505,16715.05
1671594,16715.94
1671691,16716.91
1671801,16718.01
1671912,16719.12
1672032,16720.32
1672142,16721.42
1672252,16722.52
1672363,16723.63
1672465,16724.65
1672566,16725.66
1672672,16726.72
1672770,16727.7
1672869,16728.69
1672973,16729.73
1673079,16730.79
1673174,16731.74
1673273,16732.73
1673376,16733.76
1673474,16734.74
1673579,16735.79
1673685,16736.85
1673784,16737.84
1673891,16738.91
1674003,16740.03
1674110,16741.1
1674225,16742.25
1674338,16743.38
1674440,16744.4
1674549,16745.49
1674647,16746.47
1674732,16747.32
1674815,16748.15
1674897,16748.97
1674977,16749.77
1675055,16750.55
1675132,16751.32
1675209,16752.09
1675283,16752.83
1675361,16753.61
1675442,16754.42
1675537,16755.37
1675641,16756.41
1675755,16757.55
1675871,16758.71
1675993,16759.93
1676110,16761.1
1676234,16762.34
1676355,16763.55
1676470,16764.7
1676585,16765.85
1676690,16766.9
1676800,16768.0
1676917,16769.17
1677027,16770.27
1677139,16771.39
1677256,16772.56
1677365,16773.65
1677470,16774.7
1677576,16775.76
1677672,16776.72
1677772,16777.72
1677879,16778.79
1677979,16779.79
1678091,16780.91
1678204,16782.04
1678311,16783.11
1678423,16784.23
1678529,16785.29
1678638,16786.38
1678745,16787.45
1678829,16788.29
1678912,16789.12
1679019,16790.19
1679108,16791.08
1679198,16791.98
1679289,16792.89
1679374,16793.74
1679460,16794.6
1679541,16795.41
1679621,16796.21
1679701,16797.01
1679779,16797.79
1679857,16798.57
1679941,16799.41
1680036,16800.36
1680128,16801.28
1680223,16802.23
1680328,16803.28
1680433,16804.33
1680539,16805.39
1680649,16806.49
1680753,16807.53
1680862,16808.62
1680970,16809.7
1681077,16810.77
1681189,16811.89
1681293,16812.93
1681396,16813.96
1681503,16815.03
1681606,16816.06
1681713,16817.13
1681825,16818.25
1681931,16819.31
1682031,16820.31
1682130,16821.3
1682238,16822.38
1682341,16823.41
1682452,16824.52
1682565,16825.65
1682672,16826.72
1682784,16827.84
1682892,16828.92
1682989,16829.89
1683095,16830.95
1683203,16832.03
1683298,16832.98
1683397,16833.97
1683490,16834.9
1683575,16835.75
1683663,16836.63
1683750,16837.5
1683833,16838.33
1683915,16839.15
1683995,16839.95
1684076,16840.76
1684153,16841.53
1684230,16842.3
1684308,16843.08
1684390,16843.9
1684482,16844.82
1684577,16845.77
1684691,16846.91
1684802,16848.02
1684919,16849.19
1685028,16850.28
1685133,16851.33
1685244,16852.44
1685356,16853.56
1685461,16854.61
1685568,16855.68
1685678,16856.78
1685779,16857.79
1685886,16858.86
1685996,16859.96
1686101,16861.01
1686212,16862.12
1686325,16863.25
1686431,16864.31
1686540,16865.4
1686647,16866.47
1686749,16867.49
1686854,16868.54
1686963,16869.63
1687075,16870.75
1687192,16871.92
1687298,16872.98
1687406,16874.06
1687513,16875.13
1687610,16876.1
1687710,16877.1
1687816,16878.16
1687915,16879.15
1688014,16880.14
1688107,16881.07
1688193,16881.93
1688279,16882.79
1688362,16883.62
1688444,16884.44
1688525,16885.25
1688604,16886.04
1688683,16886.83
1688759,16887.59
1688833,16888.33
1688907,16889.07
1688981,16889.81
1689053,16890.53
1689128,16891.28
1689209,16892.09
1689311,16893.11
1689417,16894.17
1689524,16895.24
1689641,16896.41
1689753,16897.53
1689866,16898.66
1689977,16899.77
1690084,16900.84
1690190,16901.9
1690295,16902.95
1690395,16903.95
1690495,16904.95
1690596,16905.96
1690693,16906.93
1690793,16907.93
1690895,16908.95
1690992,16909.92
1691093,16910.93
1691200,16912.0
1691301,16913.01
1691409,16914.09
1691521,16915.21
1691625,16916.25
1691725,16917.25
1691826,16918.26
1691923,16919.23
1692022,16920.22
1692132,16921.32
1692239,16922.39
1692353,16923.53
1692474,16924.74
1692581,16925.81
1692687,16926.87
1692801,16928.01
1692904,16929.04
1693012,16930.12
1693119,16931.19
1693221,16932.21
1693322,16933.22
1693408,16934.08
1693494,16934.94
1693587,16935.87
1693669,16936.69
1693753,16937.53
1693834,16938.34
1693912,16939.12
1693989,16939.89
1694066,16940.66
1694142,16941.42
1694223,16942.23
1694305,16943.05
1694391,16943.91
1694488,16944.88
1694611,16946.11
1694725,16947.25
1694840,16948.4
1694957,16949.57
1695067,16950.67
1695180,16951.8
1695293,16952.93
1695395,16953.95
1695492,16954.92
1695593,16955.93
1695688,16956.88
1695790,16957.9
1695902,16959.02
1696000,16960.0
1696098,16960.98
1696200,16962.0
1696297,16962.97
1696389,16963.89
1696484,16964.84
1696586,16965.86
1696683,16966.83
1696785,16967.85
1696898,16968.98
1697005,16970.05
1697104,16971.04
1697203,16972.03
1697303,16973.03
1697402,16974.02
1697499,16974.99
1697601,16976.01
1697691,16976.91
1697780,16977.8
1697869,16978.69
1697954,16979.54
1698042,16980.42
1698133,16981.33
1698218,16982.18
1698305,16983.05
1698389,16983.89
1698470,16984.7
1698555,16985.55
1698646,16986.46
1698738,16987.38
1698833,16988.33
1698942,16989.42
1699049,16990.49
1699158,16991.58
1699268,16992.68
1699370,16993.7
1699473,16994.73
1699577,16995.77
1699675,16996.75
1699773,16997.73
1699868,16998.68
1699961,16999.61
1700061,17000.61
1700169,17001.69
1700277,17002.77
1700377,17003.77
1700475,17004.75
1700578,17005.78
1700680,17006.8
1700785,17007.85
1700886,17008.86
1700985,17009.85
1701102,17011.02
1701216,17012.16
1701336,17013.36
1701442,17014.42
1701541,17015.41
1701629,17016.29
1701715,17017.15
1701797,17017.97
1701878,17018.78
1701960,17019.6
1702045,17020.45
1702133,17021.33
1702224,17022.24
1702319,17023.19
1702413,17024.13
1702509,17025.09
1702609,17026.09
1702703,17027.03
1702801,17028.01
1702906,17029.06
1703012,17030.12
1703114,17031.14
1703215,17032.15
1703312,17033.12
1703405,17034.05
1703502,17035.02
1703600,17036.0
1703702,17037.02
1703810,17038.1
1703913,17039.13
1704011,17040.11
1704112,17041.12
1704214,17042.14
1704311,17043.11
1704415,17044.15
1704522,17045.22
1704624,17046.24
1704732,17047.32
1704848,17048.48
1704951,17049.51
1705053,17050.53
1705170,17051.7
1705289,17052.89
1705399,17053.99
1705507,17055.07
1705600,17056.0
1705694,17056.94
1705786,17057.86
1705867,17058.67
1705946,17059.46
1706025,17060.25
1706105,17061.05
1706184,17061.84
1706263,17062.63
1706342,17063.42
1706427,17064.27
1706509,17065.09
1706591,17065.91
1706672,17066.72
1706763,17067.63
1706865,17068.65
1706971,17069.71
1707090,17070.9
1707203,17072.03
1707314,17073.14
1707430,17074.3
1707533,17075.33
1707637,17076.37
1707748,17077.48
1707851,17078.51
1707960,17079.6
1708069,17080.69
1708170,17081.7
1708276,17082.76
1708385,17083.85
1708484,17084.84
1708591,17085.91
1708697,17086.97
1708794,17087.94
1708899,17088.99
1709009,17090.09
1709114,17091.14
1709226,17092.26
1709339,17093.39
1709445,17094.45
1709559,17095.59
1709670,17096.7
1709785,17097.85
1709888,17098.88
1709978,17099.78
1710065,17100.65
1710146,17101.46
1710224,17102.24
1710304,17103.04
1710392,17103.92
1710483,17104.83
1710578,17105.78
1710672,17106.72
1710762,17107.62
1710863,17108.63
1710965,17109.65
1711059,17110.59
1711168,17111.68
1711277,17112.77
1711378,17113.78
1711485,17114.85
1711592,17115.92
1711697,17116.97
1711804,17118.04
1711897,17118.97
1711992,17119.92
1712102,17121.02
1712205,17122.05
1712300,17123.0
1712401,17124.01
1712498,17124.98
1712592,17125.92
1712692,17126.92
1712795,17127.95
1712896,17128.96
1713016,17130.16
1713125,17131.25
1713223,17132.23
1713324,17133.24
1713427,17134.27
1713525,17135.25
1713623,17136.23
1713724,17137.24
1713816,17138.16
1713905,17139.05
1713986,17139.86
1714068,17140.68
1714148,17141.48
1714226,17142.26
1714307,17143.07
1714388,17143.88
1714469,17144.69
1714552,17145.52
1714635,17146.35
1714728,17147.28
1714825,17148.25
1714939,17149.39
1715045,17150.45
1715153,17151.53
1715263,17152.63
1715371,17153.71
1715489,17154.89
1715597,17155.97
1715706,17157.06
1715816,17158.16
1715921,17159.21
1716032,17160.32
1716140,17161.4
1716242,17162.42
1716354,17163.54
1716462,17164.62
1716570,17165.7
1716683,17166.83
1716791,17167.91
1716903,17169.03
1717014,17170.14
1717119,17171.19
1717234,17172.34
1717345,17173.45
1717458,17174.58
1717580,17175.8
1717699,17176.99
1717812,17178.12
1717929,17179.29
1718047,17180.47
1718172,17181.72
1718287,17182.87
1718397,17183.97
1718500,17185.0
1718586,17185.86
1718669,17186.69
1718746,17187.46
1718822,17188.22
1718899,17188.99
1718975,17189.75
1719053,17190.53
1719129,17191.29
1719205,17192.05
1719284,17192.84
1719370,17193.7
1719464,17194.64
1719566,17195.66
1719674,17196.74
1719795,17197.95
1719909,17199.09
1720024,17200.24
1720138,17201.38
1720246,17202.46
1720363,17203.63
1720478,17204.78
1720588,17205.88
1720693,17206.93
1720801,17208.01
1720909,17209.09
1721011,17210.11
1721119,17211.19
1721230,17212.3
1721341,17213.41
1721460,17214.6
1721576,17215.76
1721685,17216.85
1721794,17217.94
1721902,17219.02
1722007,17220.07
1722117,17221.17
1722230,17222.3
1722342,17223.42
1722456,17224.56
1722568,17225.68
1722681,17226.81
1722795,17227.95
1722902,17229.02
1723012,17230.12
1723128,17231.28
1723242,17232.42
1723358,17233.58
1723457,17234.57
1723545,17235.45
1723627,17236.27
1723707,17237.07
1723787,17237.87
1723867,17238.67
1723947,17239.47
1724030,17240.3
1724109,17241.09
1724190,17241.9
1724277,17242.77
1724373,17243.73
1724461,17244.61
1724550,17245.5
1724664,17246.64
1724780,17247.8
1724904,17249.04
1725026,17250.26
1725141,17251.41
1725247,17252.47
1725360,17253.6
1725471,17254.71
1725584,17255.84
1725700,17257.0
1725814,17258.14
1725924,17259.24
1726033,17260.33
1726136,17261.36
1726236,17262.36
1726340,17263.4
1726448,17264.48
1726550,17265.5
1726654,17266.54
1726760,17267.6
1726863,17268.63
1726976,17269.76
1727095,17270.95
1727209,17272.09
1727335,17273.35
1727461,17274.61
1727583,17275.83
1727702,17277.02
1727815,17278.15
1727929,17279.29
1728042,17280.42
1728165,17281.65
1728292,17282.92
1728402,17284.02
1728504,17285.04
1728591,17285.91
1728673,17286.73
1728752,17287.52
1728831,17288.31
1728908,17289.08
1728985,17289.85
1729062,17290.62
1729142,17291.42
1729220,17292.2
1729299,17292.99
1729382,17293.82
1729469,17294.69
1729564,17295.64
1729674,17296.74
1729779,17297.79
1729894,17298.94
1730003,17300.03
1730106,17301.06
1730210,17302.1
1730309,17303.09
1730403,17304.03
1730500,17305.0
1730601,17306.01
1730696,17306.96
1730793,17307.93
1730897,17308.97
1730994,17309.94
1731094,17310.94
1731203,17312.03
1731301,17313.01
1731412,17314.12
1731521,17315.21
1731629,17316.29
1731751,17317.51
1731868,17318.68
1731980,17319.8
1732105,17321.05
1732222,17322.22
1732338,17323.38
1732454,17324.54
1732563,17325.63
1732682,17326.82
1732798,17327.98
1732912,17329.12
1733027,17330.27
1733135,17331.35
1733242,17332.42
1733340,17333.4
1733429,17334.29
1733513,17335.13
1733591,17335.91
1733668,17336.68
1733746,17337.46
1733827,17338.27
1733906,17339.06
1733984,17339.84
1734062,17340.62
1734141,17341.41
1734220,17342.2
1734299,17342.99
1734383,17343.83
1734476,17344.76
1734578,17345.78
1734679,17346.79
1734783,17347.83
1734900,17349.0
1735007,17350.07
1735121,17351.21
1735239,17352.39
1735351,17353.51
1735460,17354.6
1735573,17355.73
1735676,17356.76
1735782,17357.82
1735894,17358.94
1735998,17359.98
1736099,17360.99
1736199,17361.99
1736297,17362.97
1736400,17364.0
1736513,17365.13
1736620,17366.2
1736729,17367.29
1736840,17368.4
1736948,17369.48
1737060,17370.6
1737179,17371.79
1737288,17372.88
1737406,17374.06
1737517,17375.17
1737616,17376.16
1737722,17377.22
1737822,17378.22
1737913,17379.13
1738011,17380.11
1738111,17381.11
1738204,17382.04
1738298,17382.98
1738388,17383.88
1738470,17384.7
1738551,17385.51
1738629,17386.29
1738708,17387.08
1738784,17387.84
1738860,17388.6
1738936,17389.36
1739010,17390.1
1739083,17390.83
1739159,17391.59
1739236,17392.36
1739313,17393.13
1739397,17393.97
1739482,17394.82
1739575,17395.75
1739677,17396.77
1739773,17397.73
1739879,17398.79
1739982,17399.82
1740079,17400.79
1740186,17401.86
1740295,17402.95
1740395,17403.95
1740503,17405.03
1740609,17406.09
1740707,17407.07
1740810,17408.1
1740915,17409.15
1741015,17410.15
1741119,17411.19
1741226,17412.26
1741327,17413.27
1741432,17414.32
1741543,17415.43
1741645,17416.45
1741757,17417.57
1741871,17418.71
1741975,17419.75
1742089,17420.89
1742201,17422.01
1742314,17423.14
1742433,17424.33
1742549,17425.49
1742671,17426.71
1742790,17427.9
1742908,17429.08
1743031,17430.31
1743149,17431.49
1743257,17432.57
1743355,17433.55
1743439,17434.39
1743522,17435.22
1743603,17436.03
1743682,17436.82
1743760,17437.6
1743838,17438.38
1743916,17439.16
1743994,17439.94
1744074,17440.74
1744154,17441.54
1744235,17442.35
1744321,17443.21
1744424,17444.24
1744524,17445.24
1744627,17446.27
1744746,17447.46
1744858,17448.58
1744969,17449.69
1745085,17450.85
1745200,17452.0
1745317,17453.17
1745426,17454.26
1745532,17455.32
1745640,17456.4
1745742,17457.42
1745847,17458.47
1745956,17459.56
1746061,17460.61
1746163,17461.63
1746268,17462.68
1746377,17463.77
1746479,17464.79
1746585,17465.85
1746688,17466.88
1746794,17467.94
1746910,17469.1
1747028,17470.28
1747139,17471.39
1747254,17472.54
1747365,17473.65
1747470,17474.7
1747581,17475.81
1747690,17476.9
1747793,17477.93
1747907,17479.07
1748023,17480.23
1748124,17481.24
1748223,17482.23
1748330,17483.3
1748437,17484.37
1748539,17485.39
1748639,17486.39
1748753,17487.53
1748864,17488.64
1748971,17489.71
1749072,17490.72
1749168,17491.68
1749261,17492.61
1749352,17493.52
1749458,17494.58
1749559,17495.59
1749663,17496.63
1749773,17497.73
1749876,17498.76
1749980,17499.8
1750079,17500.79
1750167,17501.67
1750250,17502.5
1750327,17503.27
1750403,17504.03
1750476,17504.76
1750550,17505.5
1750624,17506.24
1750697,17506.97
1750770,17507.7
1750842,17508.42
1750915,17509.15
1750990,17509.9
1751067,17510.67
1751153,17511.53
1751247,17512.47
1751362,17513.62
1751473,17514.73
1751584,17515.84
1751686,17516.86
1751789,17517.89
1751880,17518.8
1751977,17519.77
1752083,17520.83
1752179,17521.79
1752275,17522.75
1752385,17523.85
1752490,17524.9
1752591,17525.91
1752700,17527.0
1752808,17528.08
1752908,17529.08
1753009,17530.09
1753114,17531.14
1753212,17532.12
1753311,17533.11
1753421,17534.21
1753528,17535.28
1753641,17536.41
1753755,17537.55
1753864,17538.64
1753974,17539.74
1754083,17540.83
1754189,17541.89
1754299,17542.99
1754411,17544.11
1754512,17545.12
1754612,17546.12
1754715,17547.15
1754808,17548.08
1754898,17548.98
1754981,17549.81
1755062,17550.62
1755144,17551.44
1755225,17552.25
1755305,17553.05
1755386,17553.86
1755464,17554.64
1755542,17555.42
1755618,17556.18
1755697,17556.97
1755778,17557.78
1755868,17558.68
1755975,17559.75
1756084,17560.84
1756204,17562.04
1756315,17563.15
1756428,17564.28
1756546,17565.46
1756650,17566.5
1756755,17567.55
1756847,17568.47
1756942,17569.42
1757034,17570.34
1757128,17571.28
1757237,17572.37
1757345,17573.45
1757443,17574.43
1757550,17575.5
1757656,17576.56
1757756,17577.56
1757857,17578.57
1757957,17579.57
1758055,17580.55
1758159,17581.59
1758264,17582.64
1758366,17583.66
1758487,17584.87
1758608,17586.08
1758723,17587.23
1758829,17588.29
1758925,17589.25
1759019,17590.19
1759111,17591.11
1759205,17592.05
1759304,17593.04
1759398,17593.98
1759484,17594.84
1759569,17595.69
1759658,17596.58
1759741,17597.41
1759826,17598.26
1759913,17599.13
1759995,17599.95
1760077,17600.77
1760159,17601.59
1760243,17602.43
1760333,17603.33
1760433,17604.33
1760530,17605.3
1760629,17606.29
1760730,17607.3
1760825,17608.25
1760923,17609.23
1761031,17610.31
1761132,17611.32
1761244,17612.44
1761355,17613.55
1761457,17614.57
1761563,17615.63
1761671,17616.71
1761771,17617.71
1761874,17618.74
1761975,17619.75
1762074,17620.74
1762179,17621.79
1762297,17622.97
1762416,17624.16
1762543,17625.43
1762665,17626.65
1762783,17627.83
1762899,17628.99
1763008,17630.08
1763111,17631.11
1763183,17631.83
1763255,17632.55
1763354,17633.54
1763436,17634.36
1763518,17635.18
1763597,17635.97
1763674,17636.74
1763752,17637.52
1763834,17638.34
1763929,17639.29
1764026,17640.26
1764109,17641.09
1764192,17641.92
1764278,17642.78
1764377,17643.77
1764478,17644.78
1764588,17645.88
1764697,17646.97
1764801,17648.01
1764906,17649.06
1764995,17649.95
1765085,17650.85
1765189,17651.89
1765290,17652.9
1765400,17654.0
1765514,17655.14
1765622,17656.22
1765741,17657.41
1765850,17658.5
1765959,17659.59
1766073,17660.73
1766185,17661.85
1766291,17662.91
1766404,17664.04
1766516,17665.16
1766622,17666.22
1766742,17667.42
1766856,17668.56
1766977,17669.77
1767098,17670.98
1767210,17672.1
1767329,17673.29
1767446,17674.46
1767559,17675.59
1767681,17676.81
1767800,17678.0
1767921,17679.21
1768050,17680.5
1768147,17681.47
1768234,17682.34
1768316,17683.16
1768397,17683.97
1768477,17684.77
1768556,17685.56
1768636,17686.36
1768718,17687.18
1768797,17687.97
1768878,17688.78
1768956,17689.56
1769038,17690.38
1769120,17691.2
1769204,17692.04
1769298,17692.98
1769393,17693.93
1769498,17694.98
1769606,17696.06
1769719,17697.19
1769836,17698.36
1769940,17699.4
1770048,17700.48
1770158,17701.58
1770265,17702.65
1770376,17703.76
1770480,17704.8
1770588,17705.88
1770696,17706.96
1770796,17707.96
1770905,17709.05
1771013,17710.13
1771118,17711.18
1771224,17712.24
1771333,17713.33
1771437,17714.37
1771553,17715.53
1771674,17716.74
1771785,17717.85
1771905,17719.05
1772027,17720.27
1772132,17721.32
1772241,17722.41
1772356,17723.56
1772456,17724.56
1772569,17725.69
1772667,17726.67
1772756,17727.56
1772839,17728.39
1772922,17729.22
1773005,17730.05
1773089,17730.89
1773170,17731.7
1773252,17732.52
1773331,17733.31
1773409,17734.09
1773488,17734.88
1773571,17735.71
1773671,17736.71
1773762,17737.62
1773870,17738.7
1773979,17739.79
1774085,17740.85
1774190,17741.9
1774295,17742.95
1774406,17744.06
1774511,17745.11
1774615,17746.15
1774728,17747.28
1774838,17748.38
1774940,17749.4
1775042,17750.42
1775147,17751.47
1775245,17752.45
1775344,17753.44
1775453,17754.53
1775559,17755.59
1775660,17756.6
1775771,17757.71
1775887,17758.87
1775999,17759.99
1776121,17761.21
1776243,17762.43
1776355,17763.55
1776470,17764.7
1776582,17765.82
1776680,17766.8
1776776,17767.76
1776863,17768.63
1776947,17769.47
1777031,17770.31
1777135,17771.35
1777219,17772.19
1777302,17773.02
1777381,17773.81
1777460,17774.6
1777542,17775.42
1777633,17776.33
1777725,17777.25
1777825,17778.25
1777935,17779.35
1778046,17780.46
1778167,17781.67
1778285,17782.85
1778410,17784.1
1778529,17785.29
1778643,17786.43
1778763,17787.63
1778876,17788.76
1778978,17789.78
1779087,17790.87
1779201,17792.01
1779303,17793.03
1779405,17794.05
1779516,17795.16
1779624,17796.24
1779732,17797.32
1779845,17798.45
1779958,17799.58
1780074,17800.74
1780182,17801.82
1780297,17802.97
1780412,17804.12
1780525,17805.25
1780640,17806.4
1780746,17807.46
1780862,17808.62
1780984,17809.84
1781094,17810.94
1781219,17812.19
1781329,17813.29
1781421,17814.21
1781507,17815.07
1781593,17815.93
1781674,17816.74
1781756,17817.56
1781839,17818.39
1781919,17819.19
1781998,17819.98
1782077,17820.77
1782166,17821.66
1782251,17822.51
1782340,17823.4
1782447,17824.47
1782553,17825.53
1782672,17826.72
1782784,17827.84
1782894,17828.94
1783010,17830.1
1783116,17831.16
1783224,17832.24
1783338,17833.38
1783443,17834.43
1783545,17835.45
1783648,17836.48
1783753,17837.53
1783850,17838.5
1783949,17839.49
1784053,17840.53
1784152,17841.52
1784254,17842.54
1784358,17843.58
1784457,17844.57
1784573,17845.73
1784689,17846.89
1784800,17848.0
1784913,17849.13
1785023,17850.23
1785130,17851.3
1785242,17852.42
1785354,17853.54
1785466,17854.66
1785585,17855.85
1785701,17857.01
1785817,17858.17
1785940,17859.4
1786063,17860.63
1786175,17861.75
1786289,17862.89
1786404,17864.04
1786502,17865.02
1786594,17865.94
1786678,17866.78
1786759,17867.59
1786840,17868.4
1786924,17869.24
1787006,17870.06
1787085,17870.85
1787167,17871.67
1787248,17872.48
1787332,17873.32
1787419,17874.19
1787514,17875.14
1787620,17876.2
1787733,17877.33
1787840,17878.4
1787959,17879.59
1788069,17880.69
1788176,17881.76
1788290,17882.9
1788393,17883.93
1788496,17884.96
1788602,17886.02
1788701,17887.01
1788803,17888.03
1788908,17889.08
1789007,17890.07
1789109,17891.09
1789214,17892.14
1789308,17893.08
1789405,17894.05
1789508,17895.08
1789605,17896.05
1789707,17897.07
1789814,17898.14
1789918,17899.18
1790021,17900.21
1790132,17901.32
1790245,17902.45
1790355,17903.55
1790469,17904.69
1790571,17905.71
1790684,17906.84
1790789,17907.89
1790878,17908.78
1790963,17909.63
1791045,17910.45
1791130,17911.3
1791208,17912.08
1791287,17912.87
1791364,17913.64
1791440,17914.4
1791514,17915.14
1791587,17915.87
1791658,17916.58
1791728,17917.28
1791796,17917.96
1791865,17918.65
1791934,17919.34
1792005,17920.05
1792086,17920.86
1792172,17921.72
1792266,17922.66
1792383,17923.83
1792499,17924.99
1792615,17926.15
1792738,17927.38
1792855,17928.55
1792980,17929.8
1793102,17931.02
1793220,17932.2
1793341,17933.41
1793456,17934.56
1793565,17935.65
1793678,17936.78
1793794,17937.94
1793901,17939.01
1794008,17940.08
1794126,17941.26
1794239,17942.39
1794347,17943.47
1794465,17944.65
1794574,17945.74
1794687,17946.87
1794801,17948.01
1794917,17949.17
1795043,17950.43
1795170,17951.7
1795290,17952.9
1795418,17954.18
1795541,17955.41
1795666,17956.66
1795795,17957.95
1795916,17959.16
1796051,17960.51
1796187,17961.87
1796319,17963.19
1796450,17964.5
1796569,17965.69
1796679,17966.79
1796768,17967.68
1796850,17968.5
1796926,17969.26
1797002,17970.02
1797076,17970.76
1797147,17971.47
1797219,17972.19
1797289,17972.89
1797358,17973.58
1797427,17974.27
1797498,17974.98
1797572,17975.72
1797646,17976.46
1797722,17977.22
1797802,17978.02
1797893,17978.93
1797987,17979.87
1798100,17981.0
1798215,17982.15
1798323,17983.23
1798442,17984.42
1798557,17985.57
1798664,17986.64
1798772,17987.72
1798888,17988.88
1798991,17989.91
1799105,17991.05
1799218,17992.18
1799324,17993.24
1799434,17994.34
1799541,17995.41
1799642,17996.42
1799749,17997.49
1799857,17998.57
1799957,17999.57
1800060,18000.6
1800169,18001.69
1800273,18002.73
1800394,18003.94
1800516,18005.16
1800634,18006.34
1800752,18007.52
1800871,18008.71
1800986,18009.86
1801096,18010.96
1801198,18011.98
1801290,18012.9
1801372,18013.72
1801450,18014.5
1801528,18015.28
1801607,18016.07
1801686,18016.86
1801767,18017.67
1801850,18018.5
1801937,18019.37
1802031,18020.31
1802137,18021.37
1802240,18022.4
1802361,18023.61
1802477,18024.77
1802599,18025.99
1802720,18027.2
1802834,18028.34
1802950,18029.5
1803065,18030.65
1803173,18031.73
1803288,18032.88
1803406,18034.06
1803510,18035.1
1803610,18036.1
1803719,18037.19
1803821,18038.21
1803919,18039.19
1804021,18040.21
1804125,18041.25
1804224,18042.24
1804331,18043.31
1804441,18044.41
1804543,18045.43
1804654,18046.54
1804770,18047.7
1804889,18048.89
1805018,18050.18
1805136,18051.36
1805264,18052.64
1805390,18053.9
1805508,18055.08
1805629,18056.29
1805744,18057.44
1805860,18058.6
1805981,18059.81
1806113,18061.13
1806250,18062.5
1806389,18063.89
1806529,18065.29
1806673,18066.73
1806801,18068.01
1806927,18069.27
1807056,18070.56
1807178,18071.78
1807312,18073.12
1807447,18074.47
1807574,18075.74
1807708,18077.08
1807837,18078.37
1807960,18079.6
1808080,18080.8
1808206,18082.06
1808331,18083.31
1808463,18084.63
1808580,18085.8
1808697,18086.97
1808827,18088.27
1808944,18089.44
1809071,18090.71
1809198,18091.98
1809307,18093.07
1809417,18094.17
1809526,18095.26
1809626,18096.26
1809731,18097.31
1809841,18098.41
1809936,18099.36
1810029,18100.29
1810108,18101.08
1810181,18101.81
1810252,18102.52
1810327,18103.27
1810398,18103.98
1810468,18104.68
1810543,18105.43
1810619,18106.19
1810688,18106.88
1810755,18107.55
1810822,18108.22
1810892,18108.92
1810974,18109.74
1811057,18110.57
1811149,18111.49
1811265,18112.65
1811372,18113.72
1811476,18114.76
1811585,18115.85
1811703,18117.03
1811807,18118.07
1811907,18119.07
1812016,18120.16
1812127,18121.27
1812232,18122.32
1812349,18123.49
1812460,18124.6
1812568,18125.68
1812677,18126.77
1812784,18127.84
1812907,18129.07
1813025,18130.25
1813136,18131.36
1813262,18132.62
1813376,18133.76
1813486,18134.86
1813603,18136.03
1813717,18137.17
1813826,18138.26
1813942,18139.42
1814063,18140.63
1814171,18141.71
1814258,18142.58
1814338,18143.38
1814414,18144.14
1814494,18144.94
1814572,18145.72
1814647,18146.47
1814722,18147.22
1814790,18147.9
1814874,18148.74
1814958,18149.58
1815035,18150.35
1815109,18151.09
1815182,18151.82
1815256,18152.56
1815369,18153.69
1815480,18154.8
1815588,18155.88
1815696,18156.96
1815801,18158.01
1815906,18159.06
1816000,18160.0
1816092,18160.92
1816194,18161.94
1816308,18163.08
1816416,18164.16
1816518,18165.18
1816627,18166.27
1816743,18167.43
1816857,18168.57
1816964,18169.64
1817075,18170.75
1817188,18171.88
1817294,18172.94
1817407,18174.07
1817515,18175.15
1817617,18176.17
1817722,18177.22
1817833,18178.33
1817941,18179.41
1818054,18180.54
1818158,18181.58
1818260,18182.6
1818360,18183.6
1818459,18184.59
1818571,18185.71
1818687,18186.87
1818794,18187.94
1818902,18189.02
1818999,18189.99
1819090,18190.9
1819173,18191.73
1819252,18192.52
1819331,18193.31
1819408,18194.08
1819482,18194.82
1819556,18195.56
1819628,18196.28
1819703,18197.03
1819801,18198.01
1819900,18199.0
1819985,18199.85
1820073,18200.73
1820174,18201.74
1820272,18202.72
1820374,18203.74
1820486,18204.86
1820591,18205.91
1820694,18206.94
1820801,18208.01
1820909,18209.09
1821010,18210.1
1821114,18211.14
1821223,18212.23
1821324,18213.24
1821427,18214.27
1821533,18215.33
1821638,18216.38
1821746,18217.46
1821861,18218.61
1821967,18219.67
1822089,18220.89
1822210,18222.1
1822324,18223.24
1822450,18224.5
1822556,18225.56
1822660,18226.6
1822764,18227.64
1822884,18228.84
1823003,18230.03
1823127,18231.27
1823240,18232.4
1823324,18233.24
1823408,18234.08
1823503,18235.03
1823598,18235.98
1823679,18236.79
1823758,18237.58
1823837,18238.37
1823917,18239.17
1824004,18240.04
1824086,18240.86
1824165,18241.65
1824246,18242.46
1824323,18243.23
1824401,18244.01
1824500,18245.0
1824616,18246.16
1824725,18247.25
1824834,18248.34
1824953,18249.53
1825060,18250.6
1825167,18251.67
1825276,18252.76
1825384,18253.84
1825489,18254.89
1825593,18255.93
1825691,18256.91
1825796,18257.96
1825904,18259.04
1826009,18260.09
1826119,18261.19
1826230,18262.3
1826334,18263.34
1826445,18264.45
1826555,18265.55
1826658,18266.58
1826775,18267.75
1826890,18268.9
1827003,18270.03
1827129,18271.29
1827245,18272.45
1827357,18273.57
1827482,18274.82
1827585,18275.85
1827683,18276.83
1827769,18277.69
1827849,18278.49
1827928,18279.28
1828005,18280.05
1828080,18280.8
1828151,18281.51
1828222,18282.22
1828296,18282.96
1828415,18284.15
1828534,18285.34
1828628,18286.28
1828722,18287.22
1828828,18288.28
1828927,18289.27
1829032,18290.32
1829143,18291.43
1829256,18292.56
1829371,18293.71
1829477,18294.77
1829580,18295.8
1829694,18296.94
1829808,18298.08
1829911,18299.11
1830019,18300.19
1830132,18301.32
1830243,18302.43
1830345,18303.45
1830453,18304.53
1830563,18305.63
1830662,18306.62
1830760,18307.6
1830879,18308.79
1830983,18309.83
1831081,18310.81
1831190,18311.9
1831299,18312.99
1831403,18314.03
1831518,18315.18
1831627,18316.27
1831751,18317.51
1831867,18318.67
1831979,18319.79
1832079,18320.79
1832164,18321.64
1832247,18322.47
1832330,18323.3
1832412,18324.12
1832493,18324.93
1832577,18325.77
1832671,18326.71
1832758,18327.58
1832845,18328.45
1832941,18329.41
1833050,18330.5
1833158,18331.58
1833277,18332.77
1833387,18333.87
1833502,18335.02
1833616,18336.16
1833721,18337.21
1833830,18338.3
1833943,18339.43
1834051,18340.51
1834155,18341.55
1834266,18342.66
1834382,18343.82
1834489,18344.89
1834597,18345.97
1834701,18347.01
1834800,18348.0
1834906,18349.06
1835019,18350.19
1835124,18351.24
1835238,18352.38
1835354,18353.54
1835478,18354.78
1835596,18355.96
1835705,18357.05
1835818,18358.18
1835932,18359.32
1836052,18360.52
1836179,18361.79
1836318,18363.18
1836457,18364.57
1836597,18365.97
1836737,18367.37
1836877,18368.77
1837020,18370.2
1837145,18371.45
1837271,18372.71
1837419,18374.19
1837568,18375.68
1837713,18377.13
1837868,18378.68
1838012,18380.12
1838158,18381.58
1838289,18382.89
1838421,18384.21
1838504,18385.04
1838579,18385.79
1838649,18386.49
1838716,18387.16
1838781,18387.81
1838846,18388.46
1838911,18389.11
1838992,18389.92
1839102,18391.02
1839198,18391.98
1839288,18392.88
1839377,18393.77
1839464,18394.64
1839554,18395.54
1839644,18396.44
1839734,18397.34
1839823,18398.23
1839914,18399.14
1840004,18400.04
1840094,18400.94
1840183,18401.83
1840273,18402.73
1840366,18403.66
1840455,18404.55
1840544,18405.44
1840634,18406.34
1840722,18407.22
1840809,18408.09
1840894,18408.94
1840982,18409.82
1841066,18410.66
1841148,18411.48
1841229,18412.29
1841310,18413.1
1841389,18413.89
1841467,18414.67
1841547,18415.47
1841626,18416.26
1841705,18417.05
1841783,18417.83
1841862,18418.62
1841941,18419.41
1842016,18420.16
1842090,18420.9
1842164,18421.64
1842237,18422.37
1842323,18423.23
1842406,18424.06
1842485,18424.85
1842567,18425.67
1842648,18426.48
1842730,18427.3
1842820,18428.2
1842917,18429.17
1843015,18430.15
1843107,18431.07
1843198,18431.98
1843286,18432.86
1843374,18433.74
1843462,18434.62
1843549,18435.49
1843644,18436.44
1843737,18437.37
1843824,18438.24
1843919,18439.19
1844016,18440.16
1844118,18441.18
1844228,18442.28
1844341,18443.41
1844460,18444.6
1844586,18445.86
1844713,18447.13
1844834,18448.34
1844955,18449.55
1845073,18450.73
1845191,18451.91
1845305,18453.05
1845432,18454.32
1845556,18455.56
1845684,18456.84
1845811,18458.11
1845933,18459.33
1846056,18460.56
1846175,18461.75
1846294,18462.94
1846411,18464.11
1846515,18465.15
1846609,18466.09
1846692,18466.92
1846770,18467.7
1846847,18468.47
1846920,18469.2
1846990,18469.9
1847060,18470.6
1847130,18471.3
1847200,18472.0
1847269,18472.69
1847338,18473.38
1847405,18474.05
1847471,18474.71
1847537,18475.37
1847601,18476.01
1847664,18476.64
1847727,18477.27
1847793,18477.93
1847865,18478.65
1847942,18479.42
1848032,18480.32
1848130,18481.3
1848220,18482.2
1848315,18483.15
1848417,18484.17
1848519,18485.19
1848611,18486.11
1848704,18487.04
1848805,18488.05
1848901,18489.01
1848994,18489.94
1849092,18490.92
1849195,18491.95
1849290,18492.9
1849389,18493.89
1849503,18495.03
1849605,18496.05
1849706,18497.06
1849816,18498.16
1849918,18499.18
1850014,18500.14
1850112,18501.12
1850227,18502.27
1850335,18503.35
1850444,18504.44
1850558,18505.58
1850673,18506.73
1850793,18507.93
1850907,18509.07
1851031,18510.31
1851150,18511.5
1851265,18512.65
1851379,18513.79
1851505,18515.05
1851642,18516.42
1851788,18517.88
1851926,18519.26
1852064,18520.64
1852199,18521.99
1852336,18523.36
1852457,18524.57
1852604,18526.04
1852752,18527.52
1852895,18528.95
1853045,18530.45
1853191,18531.91
1853330,18533.3
1853478,18534.78
1853601,18536.01
1853725,18537.25
1853822,18538.22
1853898,18538.98
1853972,18539.72
1854043,18540.43
1854108,18541.08
1854172,18541.72
1854240,18542.4
1854324,18543.24
1854416,18544.16
1854500,18545.0
1854582,18545.82
1854659,18546.59
1854734,18547.34
1854806,18548.06
1854876,18548.76
1854944,18549.44
1855011,18550.11
1855079,18550.79
1855146,18551.46
1855215,18552.15
1855282,18552.82
1855350,18553.5
1855417,18554.17
1855483,18554.83
1855549,18555.49
1855615,18556.15
1855680,18556.8
1855744,18557.44
1855811,18558.11
1855886,18558.86
1855999,18559.99
1856102,18561.02
1856212,18562.12
1856321,18563.21
1856440,18564.4
1856551,18565.51
1856661,18566.61
1856770,18567.7
1856886,18568.86
1856996,18569.96
1857113,18571.13
1857231,18572.31
1857348,18573.48
1857473,18574.73
1857593,18575.93
1857708,18577.08
1857828,18578.28
1857945,18579.45
1858057,18580.57
1858162,18581.62
1858262,18582.62
1858388,18583.88
1858517,18585.17
1858646,18586.46
1858772,18587.72
1858899,18588.99
1859023,18590.23
1859142,18591.42
1859269,18592.69
1859403,18594.03
1859539,18595.39
1859674,18596.74
1859788,18597.88
1859890,18598.9
1859974,18599.74
1860053,18600.53
1860131,18601.31
1860206,18602.06
1860274,18602.74
1860343,18603.43
1860413,18604.13
1860531,18605.31
1860647,18606.47
1860767,18607.67
1860885,18608.85
1860998,18609.98
1861106,18611.06
1861214,18612.14
1861321,18613.21
1861424,18614.24
1861524,18615.24
1861622,18616.22
1861722,18617.22
1861824,18618.24
1861926,18619.26
1862025,18620.25
1862116,18621.16
1862202,18622.02
1862289,18622.89
1862383,18623.83
1862476,18624.76
1862566,18625.66
1862656,18626.56
1862757,18627.57
1862866,18628.66
1862971,18629.71
1863076,18630.76
1863188,18631.88
1863305,18633.05
1863428,18634.28
1863551,18635.51
1863673,18636.73
1863799,18637.99
1863922,18639.22
1864048,18640.48
1864170,18641.7
1864302,18643.02
1864431,18644.31
1864563,18645.63
1864697,18646.97
1864837,18648.37
1864972,18649.72
1865114,18651.14
1865254,18652.54
1865395,18653.95
1865536,18655.36
1865674,18656.74
1865812,18658.12
1865951,18659.51
1866092,18660.92
1866229,18662.29
1866350,18663.5
1866477,18664.77
1866584,18665.84
1866674,18666.74
1866755,18667.55
1866836,18668.36
1866914,18669.14
1866985,18669.85
1867054,18670.54
1867123,18671.23
1867197,18671.97
1867321,18673.21
1867442,18674.42
1867568,18675.68
1867689,18676.89
1867800,18678.0
1867903,18679.03
1868003,18680.03
1868105,18681.05
1868211,18682.11
1868318,18683.18
1868424,18684.24
1868530,18685.3
1868636,18686.36
1868740,18687.4
1868838,18688.38
1868937,18689.37
1869040,18690.4
1869145,18691.45
1869246,18692.46
1869345,18693.45
1869448,18694.48
1869549,18695.49
1869644,18696.44
1869741,18697.41
1869849,18698.49
1869952,18699.52
1870050,18700.5
1870148,18701.48
1870249,18702.49
1870354,18703.54
1870456,18704.56
1870571,18705.71
1870685,18706.85
1870796,18707.96
1870907,18709.07
1871016,18710.16
1871125,18711.25
1871225,18712.25
1871318,18713.18
1871416,18714.16
1871539,18715.39
1871657,18716.57
1871779,18717.79
1871899,18718.99
1872024,18720.24
1872141,18721.41
1872260,18722.6
1872379,18723.79
1872495,18724.95
1872609,18726.09
1872724,18727.24
1872844,18728.44
1872975,18729.75
1873109,18731.09
1873238,18732.38
1873370,18733.7
1873497,18734.97
1873618,18736.18
1873736,18737.36
1873842,18738.42
1873945,18739.45
1874031,18740.31
1874107,18741.07
1874180,18741.8
1874252,18742.52
1874324,18743.24
1874393,18743.93
1874462,18744.62
1874536,18745.36
1874611,18746.11
1874685,18746.85
1874758,18747.58
1874831,18748.31
1874904,18749.04
1874976,18749.76
1875049,18750.49
1875122,18751.22
1875196,18751.96
1875272,18752.72
1875348,18753.48
1875427,18754.27
1875508,18755.08
1875588,18755.88
1875668,18756.68
1875750,18757.5
1875833,18758.33
1875916,18759.16
1876001,18760.01
1876084,18760.84
1876167,18761.67
1876248,18762.48
1876327,18763.27
1876405,18764.05
1876482,18764.82
1876557,18765.57
1876631,18766.31
1876702,18767.02
1876771,18767.71
1876840,18768.4
1876909,18769.09
1876982,18769.82
1877060,18770.6
1877142,18771.42
1877227,18772.27
1877321,18773.21
1877415,18774.15
1877510,18775.1
1877608,18776.08
1877701,18777.01
1877794,18777.94
1877890,18778.9
1877981,18779.81
1878080,18780.8
1878185,18781.85
1878285,18782.85
1878390,18783.9
1878501,18785.01
1878612,18786.12
1878719,18787.19
1878820,18788.2
1878936,18789.36
1879049,18790.49
1879156,18791.56
1879273,18792.73
1879394,18793.94
1879516,18795.16
1879635,18796.35
1879759,18797.59
1879873,18798.73
1879988,18799.88
1880085,18800.85
1880170,18801.7
1880250,18802.5
1880329,18803.29
1880407,18804.07
1880483,18804.83
1880558,18805.58
1880642,18806.42
1880730,18807.3
1880820,18808.2
1880907,18809.07
1880994,18809.94
1881082,18810.82
1881173,18811.73
1881268,18812.68
1881361,18813.61
1881456,18814.56
1881551,18815.51
1881644,18816.44
1881736,18817.36
1881828,18818.28
1881922,18819.22
1882012,18820.12
1882104,18821.04
1882194,18821.94
1882285,18822.85
1882375,18823.75
1882466,18824.66
1882555,18825.55
1882641,18826.41
1882726,18827.26
1882811,18828.11
1882895,18828.95
1882979,18829.79
1883060,18830.6
1883138,18831.38
1883215,18832.15
1883288,18832.88
1883361,18833.61
1883432,18834.32
1883505,18835.05
1883581,18835.81
1883669,18836.69
1883767,18837.67
1883880,18838.8
1883989,18839.89
1884096,18840.96
1884202,18842.02
1884309,18843.09
1884411,18844.11
1884513,18845.13
1884612,18846.12
1884713,18847.13
1884816,18848.16
1884921,18849.21
1885033,18850.33
1885140,18851.4
1885249,18852.49
1885362,18853.62
1885475,18854.75
1885580,18855.8
1885691,18856.91
1885802,18858.02
1885917,18859.17
1886024,18860.24
1886134,18861.34
1886259,18862.59
1886390,18863.9
1886523,18865.23
1886659,18866.59
1886789,18867.89
1886925,18869.25
1887050,18870.5
1887165,18871.65
1887292,18872.92
1887437,18874.37
1887576,18875.76
1887723,18877.23
1887858,18878.58
1887958,18879.58
1888047,18880.47
1888123,18881.23
1888198,18881.98
1888271,18882.71
1888351,18883.51
1888427,18884.27
1888499,18884.99
1888565,18885.65
1888631,18886.31
1888696,18886.96
1888768,18887.68
1888887,18888.87
1889004,18890.04
1889124,18891.24
1889242,18892.42
1889352,18893.52
1889460,18894.6
1889560,18895.6
1889648,18896.48
1889738,18897.38
1889832,18898.32
1889933,18899.33
1890031,18900.31
1890137,18901.37
1890245,18902.45
1890347,18903.47
1890451,18904.51
1890562,18905.62
1890665,18906.65
1890767,18907.67
1890875,18908.75
1890986,18909.86
1891093,18910.93
1891203,18912.03
1891311,18913.11
1891420,18914.2
1891525,18915.25
1891638,18916.38
1891754,18917.54
1891869,18918.69
1891988,18919.88
1892107,18921.07
1892224,18922.24
1892345,18923.45
1892458,18924.58
1892557,18925.57
1892656,18926.56
1892771,18927.71
1892892,18928.92
1893016,18930.16
1893143,18931.43
1893270,18932.7
1893398,18933.98
1893513,18935.13
1893628,18936.28
1893759,18937.59
1893894,18938.94
1894035,18940.35
1894159,18941.59
1894284,18942.84
1894377,18943.77
1894470,18944.7
1894564,18945.64
1894658,18946.58
1894758,18947.58
1894866,18948.66
1894960,18949.6
1895061,18950.61
1895134,18951.34
1895205,18952.05
1895274,18952.74
1895342,18953.42
1895417,18954.17
1895497,18954.97
1895575,18955.75
1895651,18956.51
1895727,18957.27
1895801,18958.01
1895874,18958.74
1895950,18959.5
1896027,18960.27
1896107,18961.07
1896191,18961.91
1896275,18962.75
1896362,18963.62
1896457,18964.57
1896547,18965.47
1896639,18966.39
1896730,18967.3
1896820,18968.2
1896911,18969.11
1897000,18970.0
1897089,18970.89
1897177,18971.77
1897268,18972.68
1897358,18973.58
1897450,18974.5
1897543,18975.43
1897635,18976.35
1897727,18977.27
1897812,18978.12
1897894,18978.94
1897971,18979.71
1898049,18980.49
1898128,18981.28
1898214,18982.14
1898325,18983.25
1898428,18984.28
1898539,18985.39
1898652,18986.52
1898759,18987.59
1898873,18988.73
1898985,18989.85
1899091,18990.91
1899206,18992.06
1899322,18993.22
1899438,18994.38
1899557,18995.57
1899676,18996.76
1899798,18997.98
1899921,18999.21
1900047,19000.47
1900170,19001.7
1900291,19002.91
1900411,19004.11
1900537,19005.37
1900654,19006.54
1900765,19007.65
1900891,19008.91
1901023,19010.23
1901155,19011.55
1901291,19012.91
1901425,19014.25
1901569,19015.69
1901701,19017.01
1901835,19018.35
1901964,19019.64
1902076,19020.76
1902168,19021.68
1902248,19022.48
1902324,19023.24
1902395,19023.95
1902466,19024.66
1902534,19025.34
1902600,19026.0
1902669,19026.69
1902747,19027.47
1902826,19028.26
1902902,19029.02
1902981,19029.81
1903061,19030.61
1903149,19031.49
1903243,19032.43
1903347,19033.47
1903453,19034.53
1903560,19035.6
1903667,19036.67
1903773,19037.73
1903878,19038.78
1903982,19039.82
1904084,19040.84
1904182,19041.82
1904277,19042.77
1904370,19043.7
1904458,19044.58
1904542,19045.42
1904622,19046.22
1904701,19047.01
1904785,19047.85
1904887,19048.87
1904983,19049.83
1905083,19050.83
1905195,19051.95
1905301,19053.01
1905402,19054.02
1905511,19055.11
1905624,19056.24
1905731,19057.31
1905842,19058.42
1905954,19059.54
1906061,19060.61
1906173,19061.73
1906290,19062.9
1906399,19063.99
1906514,19065.14
1906624,19066.24
1906735,19067.35
1906843,19068.43
1906949,19069.49
1907062,19070.62
1907183,19071.83
1907303,19073.03
1907424,19074.24
1907541,19075.41
1907664,19076.64
1907777,19077.77
1907881,19078.81
1907970,19079.7
1908051,19080.51
1908130,19081.3
1908206,19082.06
1908279,19082.79
1908350,19083.5
1908421,19084.21
1908495,19084.95
1908609,19086.09
1908718,19087.18
1908821,19088.21
1908920,19089.2
1909021,19090.21
1909124,19091.24
1909228,19092.28
1909333,19093.33
1909438,19094.38
1909543,19095.43
1909645,19096.45
1909745,19097.45
1909847,19098.47
1909945,19099.45
1910043,19100.43
1910137,19101.37
1910224,19102.24
1910308,19103.08
1910391,19103.91
1910479,19104.79
1910573,19105.73
1910671,19106.71
1910759,19107.59
1910849,19108.49
1910939,19109.39
1911033,19110.33
1911118,19111.18
1911200,19112.0
1911279,19112.79
1911362,19113.62
1911450,19114.5
1911534,19115.34
1911614,19116.14
1911692,19116.92
1911769,19117.69
1911845,19118.45
1911920,19119.2
1911994,19119.94
1912067,19120.67
1912140,19121.4
1912211,19122.11
1912281,19122.81
1912350,19123.5
1912417,19124.17
1912484,19124.84
1912552,19125.52
1912626,19126.26
1912738,19127.38
1912836,19128.36
1912925,19129.25
1913013,19130.13
1913106,19131.06
1913204,19132.04
1913294,19132.94
1913379,19133.79
1913469,19134.69
1913579,19135.79
1913679,19136.79
1913771,19137.71
1913868,19138.68
1913977,19139.77
1914087,19140.87
1914206,19142.06
1914322,19143.22
1914428,19144.28
1914539,19145.39
1914651,19146.51
1914758,19147.58
1914861,19148.61
1914963,19149.63
1915058,19150.58
1915166,19151.66
1915274,19152.74
1915371,19153.71
1915475,19154.75
1915564,19155.64
1915654,19156.54
1915748,19157.48
1915833,19158.33
1915917,19159.17
1916008,19160.08
1916113,19161.13
1916207,19162.07
1916294,19162.94
1916384,19163.84
1916482,19164.82
1916585,19165.85
1916689,19166.89
1916789,19167.89
1916886,19168.86
1916980,19169.8
1917070,19170.7
1917154,19171.54
1917239,19172.39
1917327,19173.27
1917416,19174.16
1917508,19175.08
1917608,19176.08
1917714,19177.14
1917814,19178.14
1917915,19179.15
1918020,19180.2
1918126,19181.26
1918234,19182.34
1918343,19183.43
1918454,19184.54
1918562,19185.62
1918679,19186.79
1918797,19187.97
1918914,19189.14
1919034,19190.34
1919150,19191.5
1919269,19192.69
1919384,19193.84
1919493,19194.93
1919606,19196.06
1919723,19197.23
1919835,19198.35
1919956,19199.56
1920077,19200.77
1920194,19201.94
1920323,19203.23
1920443,19204.43
1920547,19205.47
1920648,19206.48
1920736,19207.36
1920822,19208.22
1920911,19209.11
1921004,19210.04
1921087,19210.87
1921169,19211.69
1921256,19212.56
1921387,19213.87
1921508,19215.08
1921626,19216.26
1921735,19217.35
1921842,19218.42
1921947,19219.47
1922051,19220.51
1922145,19221.45
1922237,19222.37
1922337,19223.37
1922446,19224.46
1922551,19225.51
1922662,19226.62
1922772,19227.72
1922882,19228.82
1922988,19229.88
1923092,19230.92
1923191,19231.91
1923292,19232.92
1923396,19233.96
1923497,19234.97
1923598,19235.98
1923709,19237.09
1923820,19238.2
1923930,19239.3
1924042,19240.42
1924151,19241.51
1924267,19242.67
1924384,19243.84
1924498,19244.98
1924614,19246.14
1924728,19247.28
1924842,19248.42
1924960,19249.6
1925080,19250.8
1925196,19251.96
1925304,19253.04
1925404,19254.04
1925524,19255.24
1925648,19256.48
1925777,19257.77
1925904,19259.04
1926028,19260.28
1926152,19261.52
1926280,19262.8
1926409,19264.09
1926537,19265.37
1926657,19266.57
1926784,19267.84
1926897,19268.97
1927026,19270.26
1927168,19271.68
1927304,19273.04
1927440,19274.4
1927573,19275.73
1927709,19277.09
1927846,19278.46
1927988,19279.88
1928130,19281.3
1928266,19282.66
1928416,19284.16
1928493,19284.93
1928570,19285.7
1928649,19286.49
1928758,19287.58
1928867,19288.67
1929016,19290.16
1929153,19291.53
1929298,19292.98
1929413,19294.13
1929501,19295.01
1929578,19295.78
1929652,19296.52
1929719,19297.19
1929784,19297.84
1929849,19298.49
1929920,19299.2
1930013,19300.13
1930098,19300.98
1930181,19301.81
1930260,19302.6
1930332,19303.32
1930402,19304.02
1930471,19304.71
1930538,19305.38
1930603,19306.03
1930669,19306.69
1930741,19307.41
1930816,19308.16
1930894,19308.94
1931007,19310.07
1931116,19311.16
1931223,19312.23
1931327,19313.27
1931443,19314.43
1931551,19315.51
1931652,19316.52
1931760,19317.6
1931878,19318.78
1931984,19319.84
1932096,19320.96
1932212,19322.12
1932325,19323.25
1932446,19324.46
1932560,19325.6
1932674,19326.74
1932793,19327.93
1932909,19329.09
1933026,19330.26
1933145,19331.45
1933260,19332.6
1933377,19333.77
1933489,19334.89
1933603,19336.03
1933711,19337.11
1933820,19338.2
1933921,19339.21
1934023,19340.23
1934122,19341.22
1934209,19342.09
1934293,19342.93
1934404,19344.04
1934503,19345.03
1934590,19345.9
1934676,19346.76
1934769,19347.69
1934864,19348.64
1934959,19349.59
1935047,19350.47
1935140,19351.4
1935268,19352.68
1935390,19353.9
1935504,19355.04
1935620,19356.2
1935733,19357.33
1935846,19358.46
1935961,19359.61
1936074,19360.74
1936190,19361.9
1936303,19363.03
1936412,19364.12
1936529,19365.29
1936643,19366.43
1936754,19367.54
1936867,19368.67
1936986,19369.86
1937104,19371.04
1937220,19372.2
1937337,19373.37
1937455,19374.55
1937575,19375.75
1937693,19376.93
1937813,19378.13
1937934,19379.34
1938052,19380.52
1938174,19381.74
1938295,19382.95
1938417,19384.17
1938541,19385.41
1938676,19386.76
1938813,19388.13
1938950,19389.5
1939075,19390.75
1939197,19391.97
1939330,19393.3
1939474,19394.74
1939600,19396.0
1939713,19397.13
1939807,19398.07
1939888,19398.88
1939964,19399.64
1940039,19400.39
1940119,19401.19
1940208,19402.08
1940283,19402.83
1940357,19403.57
1940426,19404.26
1940496,19404.96
1940573,19405.73
1940700,19407.0
1940829,19408.29
1940963,19409.63
1941097,19410.97
1941228,19412.28
1941349,19413.49
1941468,19414.68
1941584,19415.84
1941694,19416.94
1941796,19417.96
1941889,19418.89
1941989,19419.89
1942110,19421.1
1942230,19422.3
1942346,19423.46
1942463,19424.63
1942577,19425.77
1942693,19426.93
1942810,19428.1
1942920,19429.2
1943037,19430.37
1943148,19431.48
1943260,19432.6
1943372,19433.72
1943485,19434.85
1943601,19436.01
1943718,19437.18
1943833,19438.33
1943945,19439.45
1944058,19440.58
1944173,19441.73
1944287,19442.87
1944400,19444.0
1944513,19445.13
1944626,19446.26
1944743,19447.43
1944856,19448.56
1944970,19449.7
1945081,19450.81
1945195,19451.95
1945307,19453.07
1945424,19454.24
1945546,19455.46
1945645,19456.45
1945733,19457.33
1945817,19458.17
1945898,19458.98
1945978,19459.78
1946057,19460.57
1946140,19461.4
1946244,19462.44
1946345,19463.45
1946433,19464.33
1946516,19465.16
1946601,19466.01
1946687,19466.87
1946782,19467.82
1946872,19468.72
1946974,19469.74
1947084,19470.84
1947187,19471.87
1947296,19472.96
1947405,19474.05
1947509,19475.09
1947616,19476.16
1947721,19477.21
1947828,19478.28
1947938,19479.38
1948048,19480.48
1948160,19481.6
1948274,19482.74
1948387,19483.87
1948497,19484.97
1948601,19486.01
1948707,19487.07
1948801,19488.01
1948896,19488.96
1949001,19490.01
1949124,19491.24
1949254,19492.54
1949380,19493.8
1949506,19495.06
1949635,19496.35
1949765,19497.65
1949893,19498.93
1950025,19500.25
1950154,19501.54
1950288,19502.88
1950420,19504.2
1950551,19505.51
1950675,19506.75
1950793,19507.93
1950904,19509.04
1950994,19509.94
1951077,19510.77
1951158,19511.58
1951237,19512.37
1951308,19513.08
1951378,19513.78
1951448,19514.48
1951525,19515.25
1951642,19516.42
1951751,19517.51
1951859,19518.59
1951965,19519.65
1952068,19520.68
1952168,19521.68
1952268,19522.68
1952368,19523.68
1952470,19524.7
1952577,19525.77
1952680,19526.8
1952778,19527.78
1952876,19528.76
1952975,19529.75
1953074,19530.74
1953174,19531.74
1953271,19532.71
1953371,19533.71
1953469,19534.69
1953565,19535.65
1953658,19536.58
1953747,19537.47
1953833,19538.33
1953922,19539.22
1954017,19540.17
1954108,19541.08
1954203,19542.03
1954302,19543.02
1954405,19544.05
1954512,19545.12
1954620,19546.2
1954725,19547.25
1954835,19548.35
1954948,19549.48
1955062,19550.62
1955172,19551.72
1955284,19552.84
1955394,19553.94
1955506,19555.06
1955616,19556.16
1955727,19557.27
1955837,19558.37
1955952,19559.52
1956068,19560.68
1956189,19561.89
1956310,19563.1
1956424,19564.24
1956540,19565.4
1956653,19566.53
1956754,19567.54
1956856,19568.56
1956973,19569.73
1957100,19571.0
1957227,19572.27
1957354,19573.54
1957477,19574.77
1957598,19575.98
1957714,19577.14
1957831,19578.31
1957947,19579.47
1958066,19580.66
1958190,19581.9
1958314,19583.14
1958438,19584.38
1958558,19585.58
1958661,19586.61
1958754,19587.54
1958834,19588.34
1958910,19589.1
1958984,19589.84
1959060,19590.6
1959146,19591.46
1959232,19592.32
1959307,19593.07
1959380,19593.8
1959448,19594.48
1959515,19595.15
1959582,19595.82
1959655,19596.55
1959774,19597.74
1959891,19598.91
1960010,19600.1
1960119,19601.19
1960225,19602.25
1960330,19603.3
1960433,19604.33
1960529,19605.29
1960620,19606.2
1960714,19607.14
1960817,19608.17
1960920,19609.2
1961018,19610.18
1961124,19611.24
1961235,19612.35
1961342,19613.42
1961459,19614.59
1961576,19615.76
1961686,19616.86
1961802,19618.02
1961915,19619.15
1962033,19620.33
1962149,19621.49
1962271,19622.71
1962395,19623.95
1962515,19625.15
1962637,19626.37
1962755,19627.55
1962878,19628.78
1963000,19630.0
1963120,19631.2
1963238,19632.38
1963357,19633.57
1963473,19634.73
1963597,19635.97
1963726,19637.26
1963855,19638.55
1963985,19639.85
1964111,19641.11
1964240,19642.4
1964366,19643.66
1964500,19645.0
1964634,19646.34
1964760,19647.6
1964876,19648.76
1964976,19649.76
1965062,19650.62
1965142,19651.42
1965217,19652.17
1965293,19652.93
1965363,19653.63
1965431,19654.31
1965499,19654.99
1965570,19655.7
1965675,19656.75
1965780,19657.8
1965884,19658.84
1965988,19659.88
1966094,19660.94
1966198,19661.98
1966300,19663.0
1966400,19664.0
1966498,19664.98
1966594,19665.94
1966686,19666.86
1966780,19667.8
1966876,19668.76
1966974,19669.74
1967073,19670.73
1967169,19671.69
1967266,19672.66
1967363,19673.63
1967462,19674.62
1967564,19675.64
1967667,19676.67
1967771,19677.71
1967877,19678.77
1967982,19679.82
1968091,19680.91
1968200,19682.0
1968311,19683.11
1968420,19684.2
1968525,19685.25
1968628,19686.28
1968729,19687.29
1968831,19688.31
1968928,19689.28
1969026,19690.26
1969127,19691.27
1969229,19692.29
1969325,19693.25
1969415,19694.15
1969505,19695.05
1969595,19695.95
1969687,19696.87
1969781,19697.81
1969887,19698.87
1969992,19699.92
1970098,19700.98
1970204,19702.04
1970310,19703.1
1970416,19704.16
1970518,19705.18
1970624,19706.24
1970729,19707.29
1970837,19708.37
1970948,19709.48
1971060,19710.6
1971167,19711.67
1971277,19712.77
1971390,19713.9
1971506,19715.06
1971614,19716.14
1971720,19717.2
1971823,19718.23
1971922,19719.22
1972016,19720.16
1972100,19721.0
1972184,19721.84
1972260,19722.6
1972335,19723.35
1972407,19724.07
1972481,19724.81
1972554,19725.54
1972626,19726.26
1972695,19726.95
1972762,19727.62
1972829,19728.29
1972897,19728.97
1972971,19729.71
1973054,19730.54
1973140,19731.4
1973222,19732.22
1973309,19733.09
1973413,19734.13
1973519,19735.19
1973615,19736.15
1973716,19737.16
1973828,19738.28
1973933,19739.33
1974038,19740.38
1974153,19741.53
1974270,19742.7
1974387,19743.87
1974506,19745.06
1974625,19746.25
1974744,19747.44
1974862,19748.62
1974979,19749.79
1975095,19750.95
1975209,19752.09
1975325,19753.25
1975439,19754.39
1975560,19755.6
1975679,19756.79
1975804,19758.04
1975927,19759.27
1976049,19760.49
1976170,19761.7
1976290,19762.9
1976410,19764.1
1976529,19765.29
1976654,19766.54
1976781,19767.81
1976905,19769.05
1977031,19770.31
1977163,19771.63
1977296,19772.96
1977432,19774.32
1977564,19775.64
1977698,19776.98
1977816,19778.16
1977944,19779.44
1978085,19780.85
1978231,19782.31
1978363,19783.63
1978487,19784.87
1978624,19786.24
1978746,19787.46
1978874,19788.74
1978993,19789.93
1979120,19791.2
1979237,19792.37
1979358,19793.58
1979476,19794.76
1979601,19796.01
1979720,19797.2
1979841,19798.41
1979962,19799.62
1980079,19800.79
1980207,19802.07
1980327,19803.27
1980455,19804.55
1980578,19805.78
1980713,19807.13
1980830,19808.3
1980947,19809.47
1981075,19810.75
1981203,19812.03
1981301,19813.01
1981382,19813.82
1981457,19814.57
1981530,19815.3
1981600,19816.0
1981669,19816.69
1981734,19817.34
1981799,19817.99
1981866,19818.66
1981943,19819.43
1982058,19820.58
1982163,19821.63
1982271,19822.71
1982380,19823.8
1982489,19824.89
1982597,19825.97
1982702,19827.02
1982804,19828.04
1982904,19829.04
1983004,19830.04
1983104,19831.04
1983204,19832.04
1983301,19833.01
1983391,19833.91
1983479,19834.79
1983570,19835.7
1983671,19836.71
1983773,19837.73
1983876,19838.76
1983980,19839.8
1984089,19840.89
1984206,19842.06
1984326,19843.26
1984446,19844.46
1984563,19845.63
1984678,19846.78
1984792,19847.92
1984903,19849.03
1985014,19850.14
1985132,19851.32
1985250,19852.5
1985372,19853.72
1985497,19854.97
1985618,19856.18
1985741,19857.41
1985865,19858.65
1985990,19859.9
1986114,19861.14
1986247,19862.47
1986379,19863.79
1986511,19865.11
1986643,19866.43
1986768,19867.68
1986890,19868.9
1987008,19870.08
1987129,19871.29
1987251,19872.51
1987370,19873.7
1987474,19874.74
1987600,19876.0
1987726,19877.26
1987853,19878.53
1987973,19879.73
1988092,19880.92
1988205,19882.05
1988312,19883.12
1988419,19884.19
1988526,19885.26
1988637,19886.37
1988743,19887.43
1988853,19888.53
1988968,19889.68
1989074,19890.74
1989172,19891.72
1989263,19892.63
1989356,19893.56
1989458,19894.58
1989566,19895.66
1989672,19896.72
1989782,19897.82
1989893,19898.93
1990009,19900.09
1990116,19901.16
1990232,19902.32
1990344,19903.44
1990468,19904.68
1990585,19905.85
1990697,19906.97
1990807,19908.07
1990913,19909.13
1991029,19910.29
1991128,19911.28
1991220,19912.2
1991299,19912.99
1991371,19913.71
1991441,19914.41
1991520,19915.2
1991605,19916.05
1991685,19916.85
1991756,19917.56
1991826,19918.26
1991892,19918.92
1991956,19919.56
1992020,19920.2
1992092,19920.92
1992203,19922.03
1992313,19923.13
1992419,19924.19
1992515,19925.15
1992609,19926.09
1992702,19927.02
1992796,19927.96
1992891,19928.91
1992985,19929.85
1993076,19930.76
1993167,19931.67
1993254,19932.54
1993343,19933.43
1993433,19934.33
1993518,19935.18
1993601,19936.01
1993682,19936.82
1993769,19937.69
1993876,19938.76
1993973,19939.73
1994076,19940.76
1994181,19941.81
1994282,19942.82
1994397,19943.97
1994511,19945.11
1994624,19946.24
1994741,19947.41
1994855,19948.55
1994970,19949.7
1995089,19950.89
1995210,19952.1
1995341,19953.41
1995466,19954.66
1995592,19955.92
1995721,19957.21
1995852,19958.52
1995980,19959.8
1996112,19961.12
1996242,19962.42
1996379,19963.79
1996518,19965.18
1996657,19966.57
1996793,19967.93
1996930,19969.3
1997068,19970.68
1997206,19972.06
1997358,19973.58
1997436,19974.36
1997519,19975.19
1997607,19976.07
1997678,19976.78
1997793,19977.93
1997867,19978.67
1997962,19979.62
1998032,19980.32
1998099,19980.99
1998182,19981.82
1998265,19982.65
1998336,19983.36
1998404,19984.04
1998468,19984.68
1998532,19985.32
1998597,19985.97
1998709,19987.09
1998822,19988.22
1998940,19989.4
1999061,19990.61
1999183,19991.83
1999305,19993.05
1999428,19994.28
1999548,19995.48
1999664,19996.64
1999776,19997.76
1999884,19998.84
1999982,19999.82
2000072,20000.72
2000165,20001.65
2000282,20002.82
2000390,20003.9
2000505,20005.05
2000622,20006.22
2000737,20007.37
2000859,20008.59
2000976,20009.76
2001092,20010.92
2001208,20012.08
2001323,20013.23
2001443,20014.43
2001564,20015.64
2001681,20016.81
2001802,20018.02
2001924,20019.24
2002050,20020.5
2002174,20021.74
2002299,20022.99
2002427,20024.27
2002553,20025.53
2002681,20026.81
2002811,20028.11
2002945,20029.45
2003081,20030.81
2003212,20032.12
2003347,20033.47
2003476,20034.76
2003603,20036.03
2003722,20037.22
2003817,20038.17
2003901,20039.01
2003978,20039.78
2004054,20040.54
2004128,20041.28
2004197,20041.97
2004263,20042.63
2004330,20043.3
2004403,20044.03
2004522,20045.22
2004640,20046.4
2004759,20047.59
2004877,20048.77
2004992,20049.92
2005105,20051.05
2005217,20052.17
2005330,20053.3
2005440,20054.4
2005549,20055.49
2005658,20056.58
2005766,20057.66
2005873,20058.73
2005980,20059.8
2006090,20060.9
2006195,20061.95
2006300,20063.0
2006403,20064.03
2006506,20065.06
2006605,20066.05
2006701,20067.01
2006794,20067.94
2006884,20068.84
2006969,20069.69
2007051,20070.51
2007130,20071.3
2007205,20072.05
2007277,20072.77
2007346,20073.46
2007413,20074.13
2007479,20074.79
2007552,20075.52
2007667,20076.67
2007774,20077.74
2007879,20078.79
2007989,20079.89
2008102,20081.02
2008214,20082.14
2008323,20083.23
2008432,20084.32
2008543,20085.43
2008648,20086.48
2008759,20087.59
2008876,20088.76
2008990,20089.9
2009104,20091.04
2009221,20092.21
2009341,20093.41
2009458,20094.58
2009568,20095.68
2009679,20096.79
2009797,20097.97
2009913,20099.13
2010039,20100.39
2010160,20101.6
2010281,20102.81
2010408,20104.08
2010530,20105.3
2010660,20106.6
2010785,20107.85
2010908,20109.08
2011030,20110.3
2011128,20111.28
2011217,20112.17
2011311,20113.11
2011400,20114.0
2011488,20114.88
2011599,20115.99
2011721,20117.21
2011845,20118.45
2011946,20119.46
2012043,20120.43
2012152,20121.52
2012271,20122.71
2012391,20123.91
2012509,20125.09
2012622,20126.22
2012737,20127.37
2012848,20128.48
2012959,20129.59
2013069,20130.69
2013175,20131.75
2013280,20132.8
2013383,20133.83
2013484,20134.84
2013578,20135.78
2013670,20136.7
2013759,20137.59
2013849,20138.49
2013946,20139.46
2014046,20140.46
2014152,20141.52
2014253,20142.53
2014343,20143.43
2014436,20144.36
2014537,20145.37
2014646,20146.46
2014759,20147.59
2014869,20148.69
2014976,20149.76
2015083,20150.83
2015193,20151.93
2015308,20153.08
2015422,20154.22
2015536,20155.36
2015656,20156.56
2015772,20157.72
2015892,20158.92
2016002,20160.02
2016111,20161.11
2016221,20162.21
2016327,20163.27
2016449,20164.49
2016569,20165.69
2016678,20166.78
2016795,20167.95
2016911,20169.11
2017011,20170.11
2017099,20170.99
2017186,20171.86
2017284,20172.84
2017368,20173.68
2017447,20174.47
2017527,20175.27
2017621,20176.21
2017730,20177.3
2017835,20178.35
2017930,20179.3
2018017,20180.17
2018098,20180.98
2018175,20181.75
2018249,20182.49
2018320,20183.2
2018390,20183.9
2018460,20184.6
2018530,20185.3
2018600,20186.0
2018669,20186.69
2018738,20187.38
2018810,20188.1
2018892,20188.92
2019005,20190.05
2019120,20191.2
2019224,20192.24
2019326,20193.26
2019435,20194.35
2019548,20195.48
2019657,20196.57
2019764,20197.64
2019864,20198.64
2019966,20199.66
2020078,20200.78
2020186,20201.86
2020301,20203.01
2020408,20204.08
2020516,20205.16
2020629,20206.29
2020740,20207.4
2020847,20208.47
2020960,20209.6
2021072,20210.72
2021184,20211.84
2021303,20213.03
2021413,20214.13
2021524,20215.24
2021637,20216.37
2021742,20217.42
2021854,20218.54
2021968,20219.68
2022080,20220.8
2022194,20221.94
2022309,20223.09
2022433,20224.33
2022546,20225.46
2022668,20226.68
2022780,20227.8
2022870,20228.7
2022960,20229.6
2023066,20230.66
2023165,20231.65
2023253,20232.53
2023340,20233.4
2023426,20234.26
2023511,20235.11
2023600,20236.0
2023726,20237.26
2023843,20238.43
2023968,20239.68
2024084,20240.84
2024199,20241.99
2024316,20243.16
2024434,20244.34
2024557,20245.57
2024668,20246.68
2024778,20247.78
2024895,20248.95
2025015,20250.15
2025135,20251.35
2025247,20252.47
2025366,20253.66
2025485,20254.85
2025593,20255.93
2025706,20257.06
2025819,20258.19
2025927,20259.27
2026039,20260.39
2026156,20261.56
2026270,20262.7
2026389,20263.89
2026507,20265.07
2026624,20266.24
2026744,20267.44
2026858,20268.58
2026975,20269.75
2027090,20270.9
2027202,20272.02
2027331,20273.31
2027456,20274.56
2027578,20275.78
2027700,20277.0
2027824,20278.24
2027952,20279.52
2028071,20280.71
2028172,20281.72
2028265,20282.65
2028348,20283.48
2028431,20284.31
2028513,20285.13
2028593,20285.93
2028673,20286.73
2028758,20287.58
2028862,20288.62
2028959,20289.59
2029055,20290.55
2029143,20291.43
2029225,20292.25
2029305,20293.05
2029386,20293.86
2029493,20294.93
2029601,20296.01
2029707,20297.07
2029811,20298.11
2029915,20299.15
2030018,20300.18
2030121,20301.21
2030222,20302.22
2030320,20303.2
2030414,20304.14
2030504,20305.04
2030598,20305.98
2030704,20307.04
2030809,20308.09
2030916,20309.16
2031016,20310.16
2031121,20311.21
2031229,20312.29
2031332,20313.32
2031429,20314.29
2031539,20315.39
2031655,20316.55
2031763,20317.63
2031867,20318.67
2031975,20319.75
2032089,20320.89
2032192,20321.92
2032301,20323.01
2032418,20324.18
2032533,20325.33
2032649,20326.49
2032765,20327.65
2032877,20328.77
2033000,20330.0
2033120,20331.2
2033232,20332.32
2033357,20333.57
2033476,20334.76
2033591,20335.91
2033716,20337.16
2033843,20338.43
2033961,20339.61
2034084,20340.84
2034212,20342.12
2034325,20343.25
2034431,20344.31
2034525,20345.25
2034608,20346.08
2034690,20346.9
2034772,20347.72
2034853,20348.53
2034929,20349.29
2035003,20350.03
2035076,20350.76
2035155,20351.55
2035273,20352.73
2035392,20353.92
2035492,20354.92
2035584,20355.84
2035675,20356.75
2035780,20357.8
2035876,20358.76
2035984,20359.84
2036101,20361.01
2036214,20362.14
2036326,20363.26
2036436,20364.36
2036549,20365.49
2036659,20366.59
2036769,20367.69
2036876,20368.76
2036982,20369.82
2037089,20370.89
2037197,20371.97
2037302,20373.02
2037407,20374.07
2037518,20375.18
2037632,20376.32
2037749,20377.49
2037863,20378.63
2037981,20379.81
2038092,20380.92
2038207,20382.07
2038319,20383.19
2038427,20384.27
2038536,20385.36
2038646,20386.46
2038754,20387.54
2038869,20388.69
2038991,20389.91
2039115,20391.15
2039233,20392.33
2039349,20393.49
2039478,20394.78
2039604,20396.04
2039738,20397.38
2039871,20398.71
2040011,20400.11
2040147,20401.47
2040273,20402.73
2040396,20403.96
2040522,20405.22
2040648,20406.48
2040776,20407.76
2040913,20409.13
2041066,20410.66
2041230,20412.3
2041384,20413.84
2041529,20415.29
2041680,20416.8
2041832,20418.32
2041958,20419.58
2042027,20420.27
2042097,20420.97
2042176,20421.76
2042256,20422.56
2042328,20423.28
2042398,20423.98
2042464,20424.64
2042528,20425.28
2042594,20425.94
2042684,20426.84
2042785,20427.85
2042885,20428.85
2042985,20429.85
2043082,20430.82
2043182,20431.82
2043293,20432.93
2043405,20434.05
2043517,20435.17
2043626,20436.26
2043735,20437.35
2043841,20438.41
2043944,20439.44
2044047,20440.47
2044149,20441.49
2044250,20442.5
2044351,20443.51
2044448,20444.48
2044546,20445.46
2044643,20446.43
2044736,20447.36
2044825,20448.25
2044911,20449.11
2044996,20449.96
2045088,20450.88
2045208,20452.08
2045322,20453.22
2045438,20454.38
2045556,20455.56
2045670,20456.7
2045789,20457.89
2045903,20459.03
2046021,20460.21
2046137,20461.37
2046256,20462.56
2046375,20463.75
2046496,20464.96
2046619,20466.19
2046739,20467.39
2046865,20468.65
2046987,20469.87
2047109,20471.09
2047235,20472.35
2047355,20473.55
2047486,20474.86
2047613,20476.13
2047748,20477.48
2047892,20478.92
2048029,20480.29
2048168,20481.68
2048313,20483.13
2048456,20484.56
2048607,20486.07
2048752,20487.52
2048909,20489.09
2049066,20490.66
2049216,20492.16
2049367,20493.67
2049519,20495.19
2049629,20496.29
2049717,20497.17
2049795,20497.95
2049872,20498.72
2049943,20499.43
2050010,20500.1
2050075,20500.75
2050141,20501.41
2050216,20502.16
2050337,20503.37
2050454,20504.54
2050565,20505.65
2050672,20506.72
2050780,20507.8
2050887,20508.87
2050990,20509.9
2051091,20510.91
2051193,20511.93
2051294,20512.94
2051397,20513.97
2051498,20514.98
2051600,20516.0
2051700,20517.0
2051796,20517.96
2051893,20518.93
2051990,20519.9
2052085,20520.85
2052175,20521.75
2052263,20522.63
2052353,20523.53
2052447,20524.47
2052550,20525.5
2052659,20526.59
2052772,20527.72
2052888,20528.88
2053001,20530.01
2053115,20531.15
2053226,20532.26
2053341,20533.41
2053454,20534.54
2053572,20535.72
2053686,20536.86
2053805,20538.05
2053921,20539.21
2054041,20540.41
2054161,20541.61
2054285,20542.85
2054409,20544.09
2054538,20545.38
2054661,20546.61
2054785,20547.85
2054909,20549.09
2055035,20550.35
2055156,20551.56
2055278,20552.78
2055408,20554.08
2055542,20555.42
2055679,20556.79
2055782,20557.82
2055885,20558.85
2055998,20559.98
2056137,20561.37
2056277,20562.77
2056425,20564.25
2056572,20565.72
2056720,20567.2
2056867,20568.67
2057016,20570.16
2057179,20571.79
2057343,20573.43
2057481,20574.81
2057586,20575.86
2057666,20576.66
2057736,20577.36
2057805,20578.05
2057872,20578.72
2057934,20579.34
2057995,20579.95
2058056,20580.56
2058122,20581.22
2058202,20582.02
2058292,20582.92
2058378,20583.78
2058486,20584.86
2058596,20585.96
2058704,20587.04
2058813,20588.13
2058920,20589.2
2059028,20590.28
2059135,20591.35
2059241,20592.41
2059346,20593.46
2059452,20594.52
2059558,20595.58
2059665,20596.65
2059772,20597.72
2059879,20598.79
2059986,20599.86
2060094,20600.94
2060202,20602.02
2060310,20603.1
2060418,20604.18
2060526,20605.26
2060635,20606.35
2060741,20607.41
2060847,20608.47
2060954,20609.54
2061062,20610.62
2061169,20611.69
2061281,20612.81
2061392,20613.92
2061506,20615.06
2061623,20616.23
2061738,20617.38
2061858,20618.58
2061975,20619.75
2062098,20620.98
2062216,20622.16
2062341,20623.41
2062459,20624.59
2062585,20625.85
2062709,20627.09
2062837,20628.37
2062965,20629.65
2063060,20630.6
2063146,20631.46
2063228,20632.28
2063311,20633.11
2063392,20633.92
2063470,20634.7
2063547,20635.47
2063634,20636.34
2063730,20637.3
2063830,20638.3
2063926,20639.26
2064024,20640.24
2064127,20641.27
2064228,20642.28
2064332,20643.32
2064436,20644.36
2064540,20645.4
2064642,20646.42
2064747,20647.47
2064852,20648.52
2064955,20649.55
2065056,20650.56
2065155,20651.55
2065252,20652.52
2065348,20653.48
2065444,20654.44
2065539,20655.39
2065633,20656.33
2065726,20657.26
2065819,20658.19
2065913,20659.13
2066006,20660.06
2066105,20661.05
2066194,20661.94
2066277,20662.77
2066360,20663.6
2066444,20664.44
2066565,20665.65
2066678,20666.78
2066798,20667.98
2066912,20669.12
2067029,20670.29
2067149,20671.49
2067271,20672.71
2067395,20673.95
2067523,20675.23
2067647,20676.47
2067771,20677.71
2067894,20678.94
2068011,20680.11
2068136,20681.36
2068268,20682.68
2068405,20684.05
2068536,20685.36
2068667,20686.67
2068798,20687.98
2068932,20689.32
2069066,20690.66
2069201,20692.01
2069336,20693.36
2069463,20694.63
2069588,20695.88
2069717,20697.17
2069839,20698.39
2069940,20699.4
2070027,20700.27
2070110,20701.1
2070190,20701.9
2070271,20702.71
2070345,20703.45
2070418,20704.18
2070494,20704.94
2070620,20706.2
2070744,20707.44
2070869,20708.69
2070988,20709.88
2071100,20711.0
2071207,20712.07
2071313,20713.13
2071418,20714.18
2071519,20715.19
2071619,20716.19
2071711,20717.11
2071797,20717.97
2071881,20718.81
2071965,20719.65
2072060,20720.6
2072167,20721.67
2072266,20722.66
2072369,20723.69
2072484,20724.84
2072598,20725.98
2072704,20727.04
2072809,20728.09
2072916,20729.16
2073019,20730.19
2073124,20731.24
2073228,20732.28
2073335,20733.35
2073453,20734.53
2073568,20735.68
2073686,20736.86
2073803,20738.03
2073920,20739.2
2074033,20740.33
2074150,20741.5
2074264,20742.64
2074380,20743.8
2074495,20744.95
2074612,20746.12
2074737,20747.37
2074862,20748.62
2074987,20749.87
2075110,20751.1
2075234,20752.34
2075350,20753.5
2075470,20754.7
2075584,20755.84
2075688,20756.88
2075779,20757.79
2075861,20758.61
2075940,20759.4
2076020,20760.2
2076099,20760.99
2076173,20761.73
2076244,20762.44
2076315,20763.15
2076390,20763.9
2076512,20765.12
2076631,20766.31
2076755,20767.55
2076875,20768.75
2076991,20769.91
2077108,20771.08
2077222,20772.22
2077334,20773.34
2077444,20774.44
2077549,20775.49
2077650,20776.5
2077750,20777.5
2077852,20778.52
2077952,20779.52
2078050,20780.5
2078143,20781.43
2078232,20782.32
2078319,20783.19
2078410,20784.1
2078512,20785.12
2078608,20786.08
2078710,20787.1
2078821,20788.21
2078934,20789.34
2079043,20790.43
2079157,20791.57
2079266,20792.66
2079379,20793.79
2079493,20794.93
2079610,20796.1
2079732,20797.32
2079857,20798.57
2079977,20799.77
2080099,20800.99
2080222,20802.22
2080342,20803.42
2080469,20804.69
2080595,20805.95
2080723,20807.23
2080853,20808.53
2080984,20809.84
2081113,20811.13
2081240,20812.4
2081386,20813.86
2081529,20815.29
2081668,20816.68
2081802,20818.02
2081936,20819.36
2082070,20820.7
2082200,20822.0
2082337,20823.37
2082475,20824.75
2082603,20826.03
2082699,20826.99
2082788,20827.88
2082866,20828.66
2082944,20829.44
2083018,20830.18
2083092,20830.92
2083178,20831.78
2083271,20832.71
2083364,20833.64
2083446,20834.46
2083521,20835.21
2083595,20835.95
2083664,20836.64
2083737,20837.37
2083860,20838.6
2083980,20839.8
2084106,20841.06
2084233,20842.33
2084360,20843.6
2084491,20844.91
2084619,20846.19
2084746,20847.46
2084868,20848.68
2084980,20849.8
2085090,20850.9
2085208,20852.08
2085326,20853.26
2085438,20854.38
2085547,20855.47
2085663,20856.63
2085784,20857.84
2085907,20859.07
2086028,20860.28
2086154,20861.54
2086276,20862.76
2086396,20863.96
2086521,20865.21
2086644,20866.44
2086772,20867.72
2086895,20868.95
2087024,20870.24
2087147,20871.47
2087276,20872.76
2087401,20874.01
2087530,20875.3
2087663,20876.63
2087794,20877.94
2087935,20879.35
2088069,20880.69
2088205,20882.05
2088328,20883.28
2088456,20884.56
2088578,20885.78
2088681,20886.81
2088767,20887.67
2088849,20888.49
2088929,20889.29
2089015,20890.15
2089093,20890.93
2089167,20891.67
2089243,20892.43
2089367,20893.67
2089484,20894.84
2089602,20896.02
2089721,20897.21
2089840,20898.4
2089956,20899.56
2090073,20900.73
2090187,20901.87
2090297,20902.97
2090406,20904.06
2090514,20905.14
2090622,20906.22
2090728,20907.28
2090829,20908.29
2090925,20909.25
2091032,20910.32
2091149,20911.49
2091257,20912.57
2091369,20913.69
2091483,20914.83
2091594,20915.94
2091699,20916.99
2091808,20918.08
2091921,20919.21
2092024,20920.24
2092122,20921.22
2092224,20922.24
2092321,20923.21
2092416,20924.16
2092518,20925.18
2092627,20926.27
2092731,20927.31
2092842,20928.42
2092956,20929.56
2093062,20930.62
2093174,20931.74
2093289,20932.89
2093408,20934.08
2093526,20935.26
2093642,20936.42
2093759,20937.59
2093869,20938.69
2093983,20939.83
2094091,20940.91
2094202,20942.02
2094311,20943.11
2094404,20944.04
2094491,20944.91
2094572,20945.72
2094653,20946.53
2094737,20947.37
2094819,20948.19
2094898,20948.98
2094977,20949.77
2095062,20950.62
2095153,20951.53
2095235,20952.35
2095316,20953.16
2095397,20953.97
2095519,20955.19
2095643,20956.43
2095767,20957.67
2095887,20958.87
2096000,20960.0
2096108,20961.08
2096210,20962.1
2096314,20963.14
2096426,20964.26
2096533,20965.33
2096634,20966.34
2096737,20967.37
2096847,20968.47
2096958,20969.58
2097068,20970.68
2097172,20971.72
2097274,20972.74
2097385,20973.85
2097490,20974.9
2097592,20975.92
2097700,20977.0
2097812,20978.12
2097918,20979.18
2098030,20980.3
2098143,20981.43
2098252,20982.52
2098365,20983.65
2098479,20984.79
2098597,20985.97
2098715,20987.15
2098828,20988.28
2098949,20989.49
2099070,20990.7
2099184,20991.84
2099312,20993.12
2099440,20994.4
2099561,20995.61
2099686,20996.86
2099803,20998.03
2099923,20999.23
2100045,21000.45
2100161,21001.61
2100281,21002.81
2100406,21004.06
2100533,21005.33
2100655,21006.55
2100770,21007.7
2100897,21008.97
2101012,21010.12
2101113,21011.13
2101208,21012.08
2101291,21012.91
2101371,21013.71
2101450,21014.5
2101528,21015.28
2101601,21016.01
2101671,21016.71
2101741,21017.41
2101811,21018.11
2101902,21019.02
2102013,21020.13
2102113,21021.13
2102213,21022.13
2102312,21023.12
2102411,21024.11
2102512,21025.12
2102613,21026.13
2102712,21027.12
2102812,21028.12
2102907,21029.07
2102995,21029.95
2103081,21030.81
2103160,21031.6
2103237,21032.37
2103311,21033.11
2103387,21033.87
2103479,21034.79
2103574,21035.74
2103666,21036.66
2103757,21037.57
2103839,21038.39
2103924,21039.24
2104004,21040.04
2104082,21040.82
2104159,21041.59
2104235,21042.35
2104311,21043.11
2104399,21043.99
2104489,21044.89
2104583,21045.83
2104686,21046.86
2104791,21047.91
2104891,21048.91
2104998,21049.98
2105102,21051.02
2105192,21051.92
2105280,21052.8
2105370,21053.7
2105459,21054.59
2105544,21055.44
2105631,21056.31
2105714,21057.14
2105802,21058.02
2105899,21058.99
2106006,21060.06
2106104,21061.04
2106204,21062.04
2106303,21063.03
2106408,21064.08
2106512,21065.12
2106614,21066.14
2106719,21067.19
2106824,21068.24
2106929,21069.29
2107032,21070.32
2107127,21071.27
2107222,21072.22
2107318,21073.18
2107414,21074.14
2107518,21075.18
2107622,21076.22
2107724,21077.24
2107826,21078.26
2107932,21079.32
2108037,21080.37
2108151,21081.51
2108269,21082.69
2108379,21083.79
2108500,21085.0
2108625,21086.25
2108737,21087.37
2108856,21088.56
2108977,21089.77
2109108,21091.08
2109242,21092.42
2109379,21093.79
2109515,21095.15
2109644,21096.44
2109783,21097.83
2109907,21099.07
2110034,21100.34
2110158,21101.58
2110269,21102.69
2110370,21103.7
2110455,21104.55
2110537,21105.37
2110617,21106.17
2110700,21107.0
2110775,21107.75
2110846,21108.46
2110916,21109.16
2110984,21109.84
2111051,21110.51
2111116,21111.16
2111181,21111.81
2111246,21112.46
2111309,21113.09
2111373,21113.73
2111436,21114.36
2111498,21114.98
2111561,21115.61
2111622,21116.22
2111684,21116.84
2111745,21117.45
2111806,21118.06
2111866,21118.66
2111927,21119.27
2111968,21119.68
2112034,21120.34
2112101,21121.01
2112159,21121.59
2112217,21122.17
2112275,21122.75
2112332,21123.32
2112389,21123.89
2112446,21124.46
2112503,21125.03
2112559,21125.59
2112615,21126.15
2112672,21126.72
2112732,21127.32
2112816,21128.16
2112920,21129.2
2113017,21130.17
2113124,21131.24
2113240,21132.4
2113355,21133.55
2113471,21134.71
2113591,21135.91
2113709,21137.09
2113823,21138.23
2113926,21139.26
2114046,21140.46
2114156,21141.56
2114258,21142.58
2114377,21143.77
2114497,21144.97
2114611,21146.11
2114733,21147.33
2114851,21148.51
2114960,21149.6
2115070,21150.7
2115184,21151.84
2115287,21152.87
2115394,21153.94
2115491,21154.91
2115607,21156.07
2115737,21157.37
2115849,21158.49
2115957,21159.57
2116062,21160.62
2116155,21161.55
2116248,21162.48
2116383,21163.83
2116506,21165.06
2116613,21166.13
2116729,21167.29
2116838,21168.38
2116940,21169.4
2117054,21170.54
2117167,21171.67
2117282,21172.82
2117392,21173.92
2117494,21174.94
2117586,21175.86
2117676,21176.76
2117795,21177.95
2117915,21179.15
2118026,21180.26
2118124,21181.24
2118226,21182.26
2118344,21183.44
2118442,21184.42
2118543,21185.43
2118646,21186.46
2118751,21187.51
2118874,21188.74
2118982,21189.82
2119079,21190.79
2119181,21191.81
2119274,21192.74
2119361,21193.61
2119447,21194.47
2119535,21195.35
2119624,21196.24
2119710,21197.1
2119793,21197.93
2119882,21198.82
2120001,21200.01
2120120,21201.2
2120229,21202.29
2120340,21203.4
2120452,21204.52
2120557,21205.57
2120665,21206.65
2120774,21207.74
2120884,21208.84
2120999,21209.99
2121113,21211.13
2121218,21212.18
2121325,21213.25
2121427,21214.27
2121534,21215.34
2121649,21216.49
2121759,21217.59
2121869,21218.69
2121989,21219.89
2122102,21221.02
2122216,21222.16
2122321,21223.21
2122410,21224.1
2122498,21224.98
2122613,21226.13
2122728,21227.28
2122817,21228.17
2122916,21229.16
2123018,21230.18
2123118,21231.18
2123224,21232.24
2123345,21233.45
2123460,21234.6
2123585,21235.85
2123703,21237.03
2123821,21238.21
2123937,21239.37
2124048,21240.48
2124169,21241.69
2124283,21242.83
2124403,21244.03
2124519,21245.19
2124633,21246.33
2124753,21247.53
2124871,21248.71
2124976,21249.76
2125082,21250.82
2125198,21251.98
2125312,21253.12
2125430,21254.3
2125545,21255.45
2125665,21256.65
2125776,21257.76
2125879,21258.79
2125992,21259.92
2126095,21260.95
2126184,21261.84
2126267,21262.67
2126358,21263.58
2126461,21264.61
2126548,21265.48
2126641,21266.41
2126768,21267.68
2126888,21268.88
2126992,21269.92
2127085,21270.85
2127178,21271.78
2127279,21272.79
2127379,21273.79
2127493,21274.93
2127602,21276.02
2127719,21277.19
2127832,21278.32
2127943,21279.43
2128053,21280.53
2128164,21281.64
2128279,21282.79
2128395,21283.95
2128503,21285.03
2128611,21286.11
2128727,21287.27
2128849,21288.49
2128966,21289.66
2129088,21290.88
2129202,21292.02
2129308,21293.08
2129427,21294.27
2129541,21295.41
2129653,21296.53
2129771,21297.71
2129885,21298.85
2129997,21299.97
2130115,21301.15
2130237,21302.37
2130355,21303.55
2130475,21304.75
2130592,21305.92
2130697,21306.97
2130811,21308.11
2130926,21309.26
2131041,21310.41
2131145,21311.45
2131237,21312.37
2131320,21313.2
2131402,21314.02
2131490,21314.9
2131572,21315.72
2131653,21316.53
2131740,21317.4
2131870,21318.7
2131988,21319.88
2132101,21321.01
2132204,21322.04
2132301,21323.01
2132390,21323.9
2132475,21324.75
2132559,21325.59
2132645,21326.45
2132733,21327.33
2132824,21328.24
2132929,21329.29
2133042,21330.42
2133147,21331.47
2133251,21332.51
2133361,21333.61
2133465,21334.65
2133565,21335.65
2133666,21336.66
2133768,21337.68
2133866,21338.66
2133964,21339.64
2134073,21340.73
2134173,21341.73
2134272,21342.72
2134374,21343.74
2134482,21344.82
2134583,21345.83
2134683,21346.83
2134791,21347.91
2134901,21349.01
2135008,21350.08
2135118,21351.18
2135236,21352.36
2135354,21353.54
2135478,21354.78
2135604,21356.04
2135734,21357.34
2135865,21358.65
2135987,21359.87
2136114,21361.14
2136235,21362.35
2136353,21363.53
2136473,21364.73
2136596,21365.96
2136712,21367.12
2136834,21368.34
2136956,21369.56
2137050,21370.5
2137137,21371.37
2137218,21372.18
2137303,21373.03
2137397,21373.97
2137482,21374.82
2137564,21375.64
2137646,21376.46
2137737,21377.37
2137832,21378.32
2137920,21379.2
2138013,21380.13
2138134,21381.34
2138250,21382.5
2138375,21383.75
2138496,21384.96
2138608,21386.08
2138723,21387.23
2138838,21388.38
2138951,21389.51
2139067,21390.67
2139182,21391.82
2139289,21392.89
2139395,21393.95
2139510,21395.1
2139622,21396.22
2139732,21397.32
2139850,21398.5
2139968,21399.68
2140083,21400.83
2140210,21402.1
2140330,21403.3
2140440,21404.4
2140560,21405.6
2140682,21406.82
2140795,21407.95
2140917,21409.17
2141036,21410.36
2141157,21411.57
2141264,21412.64
2141362,21413.62
2141463,21414.63
2141559,21415.59
2141647,21416.47
2141731,21417.31
2141823,21418.23
2141904,21419.04
2141981,21419.81
2142056,21420.56
2142131,21421.31
2142212,21422.12
2142319,21423.19
2142427,21424.27
2142527,21425.27
2142640,21426.4
2142745,21427.45
2142867,21428.67
2142988,21429.88
2143101,21431.01
2143220,21432.2
2143339,21433.39
2143456,21434.56
2143571,21435.71
2143684,21436.84
2143799,21437.99
2143908,21439.08
2144016,21440.16
2144129,21441.29
2144236,21442.36
2144341,21443.41
2144457,21444.57
2144569,21445.69
2144674,21446.74
2144785,21447.85
2144906,21449.06
2145017,21450.17
2145130,21451.3
2145246,21452.46
2145356,21453.56
2145463,21454.63
2145564,21455.64
2145654,21456.54
2145739,21457.39
2145832,21458.32
2145938,21459.38
2146044,21460.44
2146132,21461.32
2146219,21462.19
2146307,21463.07
2146395,21463.95
2146494,21464.94
2146610,21466.1
2146719,21467.19
2146830,21468.3
2146939,21469.39
2147053,21470.53
2147159,21471.59
2147273,21472.73
2147389,21473.89
2147498,21474.98
2147615,21476.15
2147730,21477.3
2147836,21478.36
2147949,21479.49
2148070,21480.7
2148186,21481.86
2148299,21482.99
2148419,21484.19
2148531,21485.31
2148636,21486.36
2148747,21487.47
2148851,21488.51
2148953,21489.53
2149078,21490.78
2149194,21491.94
2149305,21493.05
2149400,21494.0
2149498,21494.98
2149605,21496.05
2149726,21497.26
2149848,21498.48
2149962,21499.62
2150071,21500.71
2150160,21501.6
2150244,21502.44
2150330,21503.3
2150416,21504.16
2150499,21504.99
2150589,21505.89
2150682,21506.82
2150766,21507.66
2150846,21508.46
2150926,21509.26
2151010,21510.1
2151125,21511.25
2151239,21512.39
2151352,21513.52
2151462,21514.62
2151571,21515.71
2151676,21516.76
2151779,21517.79
2151880,21518.8
2151974,21519.74
2152069,21520.69
2152173,21521.73
2152282,21522.82
2152384,21523.84
2152491,21524.91
2152609,21526.09
2152728,21527.28
2152842,21528.42
2152960,21529.6
2153076,21530.76
2153186,21531.86
2153295,21532.95
2153410,21534.1
2153521,21535.21
2153630,21536.3
2153738,21537.38
2153839,21538.39
2153943,21539.43
2154051,21540.51
2154154,21541.54
2154249,21542.49
2154349,21543.49
2154459,21544.59
2154559,21545.59
2154663,21546.63
2154772,21547.72
2154882,21548.82
2155002,21550.02
2155118,21551.18
2155226,21552.26
2155345,21553.45
2155447,21554.47
2155534,21555.34
2155619,21556.19
2155705,21557.05
2155801,21558.01
2155887,21558.87
2155968,21559.68
2156052,21560.52
2156181,21561.81
2156304,21563.04
2156416,21564.16
2156518,21565.18
2156618,21566.18
2156717,21567.17
2156807,21568.07
2156893,21568.93
2156982,21569.82
2157088,21570.88
2157183,21571.83
2157286,21572.86
2157396,21573.96
2157505,21575.05
2157612,21576.12
2157725,21577.25
2157835,21578.35
2157944,21579.44
2158051,21580.51
2158155,21581.55
2158259,21582.59
2158360,21583.6
2158460,21584.6
2158565,21585.65
2158672,21586.72
2158772,21587.72
2158872,21588.72
2158972,21589.72
2159071,21590.71
2159173,21591.73
2159288,21592.88
2159400,21594.0
2159506,21595.06
2159632,21596.32
2159753,21597.53
2159875,21598.75
2159996,21599.96
2160106,21601.06
2160215,21602.15
2160322,21603.22
2160417,21604.17
2160507,21605.07
2160596,21605.96
2160679,21606.79
2160763,21607.63
2160851,21608.51
2160937,21609.37
2161020,21610.2
2161108,21611.08
2161199,21611.99
2161288,21612.88
2161382,21613.82
2161487,21614.87
2161589,21615.89
2161704,21617.04
2161819,21618.19
2161934,21619.34
2162054,21620.54
2162170,21621.7
2162292,21622.92
2162408,21624.08
2162518,21625.18
2162635,21626.35
2162747,21627.47
2162851,21628.51
2162956,21629.56
2163063,21630.63
2163167,21631.67
2163277,21632.77
2163393,21633.93
2163502,21635.02
2163610,21636.1
2163717,21637.17
2163824,21638.24
2163928,21639.28
2164040,21640.4
2164149,21641.49
2164252,21642.52
2164375,21643.75
2164499,21644.99
2164613,21646.13
2164735,21647.35
2164833,21648.33
2164922,21649.22
2165012,21650.12
2165097,21650.97
2165180,21651.8
2165273,21652.73
2165360,21653.6
2165444,21654.44
2165529,21655.29
2165620,21656.2
2165708,21657.08
2165802,21658.02
2165910,21659.1
2166022,21660.22
2166137,21661.37
2166258,21662.58
2166375,21663.75
2166496,21664.96
2166610,21666.1
2166724,21667.24
2166844,21668.44
2166958,21669.58
2167069,21670.69
2167185,21671.85
2167297,21672.97
2167401,21674.01
2167510,21675.1
2167620,21676.2
2167726,21677.26
2167833,21678.33
2167937,21679.37
2168036,21680.36
2168137,21681.37
2168238,21682.38
2168338,21683.38
2168446,21684.46
2168562,21685.62
2168672,21686.72
2168777,21687.77
2168891,21688.91
2169002,21690.02
2169111,21691.11
2169224,21692.24
2169337,21693.37
2169441,21694.41
2169546,21695.46
2169656,21696.56
2169759,21697.59
2169863,21698.63
2169958,21699.58
2170043,21700.43
2170127,21701.27
2170213,21702.13
2170298,21702.98
2170385,21703.85
2170472,21704.72
2170554,21705.54
2170637,21706.37
2170721,21707.21
2170808,21708.08
2170898,21708.98
2171008,21710.08
2171122,21711.22
2171236,21712.36
2171361,21713.61
2171476,21714.76
2171586,21715.86
2171701,21717.01
2171810,21718.1
2171921,21719.21
2172039,21720.39
2172151,21721.51
2172259,21722.59
2172372,21723.72
2172484,21724.84
2172587,21725.87
2172693,21726.93
2172793,21727.93
2172895,21728.95
2173000,21730.0
2173103,21731.03
2173201,21732.01
2173305,21733.05
2173414,21734.14
2173519,21735.19
2173627,21736.27
2173738,21737.38
2173845,21738.45
2173952,21739.52
2174063,21740.63
2174169,21741.69
2174278,21742.78
2174394,21743.94
2174502,21745.02
2174610,21746.1
2174710,21747.1
2174798,21747.98
2174885,21748.85
2174978,21749.78
2175067,21750.67
2175152,21751.52
2175243,21752.43
2175330,21753.3
2175414,21754.14
2175498,21754.98
2175585,21755.85
2175673,21756.73
2175768,21757.68
2175880,21758.8
2175991,21759.91
2176111,21761.11
2176227,21762.27
2176341,21763.41
2176462,21764.62
2176581,21765.81
2176694,21766.94
2176809,21768.09
2176920,21769.2
2177023,21770.23
2177127,21771.27
2177241,21772.41
2177348,21773.48
2177452,21774.52
2177564,21775.64
2177671,21776.71
2177776,21777.76
2177893,21778.93
2178007,21780.07
2178118,21781.18
2178235,21782.35
2178344,21783.44
2178453,21784.53
2178565,21785.65
2178673,21786.73
2178784,21787.84
2178902,21789.02
2179013,21790.13
2179107,21791.07
2179201,21792.01
2179322,21793.22
2179427,21794.27
2179546,21795.46
2179645,21796.45
2179733,21797.33
2179819,21798.19
2179907,21799.07
2179989,21799.89
2180069,21800.69
2180150,21801.5
2180250,21802.5
2180352,21803.52
2180442,21804.42
2180526,21805.26
2180609,21806.09
2180695,21806.95
2180784,21807.84
2180878,21808.78
2180992,21809.92
2181101,21811.01
2181203,21812.03
2181310,21813.1
2181419,21814.19
2181526,21815.26
2181639,21816.39
2181755,21817.55
2181863,21818.63
2181966,21819.66
2182072,21820.72
2182189,21821.89
2182304,21823.04
2182414,21824.14
2182531,21825.31
2182654,21826.54
2182764,21827.64
2182876,21828.76
2182982,21829.82
2183079,21830.79
2183179,21831.79
2183289,21832.89
2183392,21833.92
2183497,21834.97
2183604,21836.04
2183706,21837.06
2183806,21838.06
2183914,21839.14
2184025,21840.25
2184134,21841.34
2184255,21842.55
2184361,21843.61
2184452,21844.52
2184542,21845.42
2184630,21846.3
2184714,21847.14
2184800,21848.0
2184887,21848.87
2184969,21849.69
2185052,21850.52
2185137,21851.37
2185228,21852.28
2185319,21853.19
2185425,21854.25
2185535,21855.35
2185648,21856.48
2185770,21857.7
2185888,21858.88
2186014,21860.14
2186133,21861.33
2186251,21862.51
2186371,21863.71
2186485,21864.85
2186598,21865.98
2186713,21867.13
2186820,21868.2
2186923,21869.23
2187029,21870.29
2187130,21871.3
2187229,21872.29
2187332,21873.32
2187441,21874.41
2187545,21875.45
2187656,21876.56
2187777,21877.77
2187892,21878.92
2187999,21879.99
2188117,21881.17
2188235,21882.35
2188344,21883.44
2188462,21884.62
2188580,21885.8
2188692,21886.92
2188809,21888.09
2188917,21889.17
2189018,21890.18
2189112,21891.12
2189204,21892.04
2189288,21892.88
2189374,21893.74
2189469,21894.69
2189553,21895.53
2189639,21896.39
2189724,21897.24
2189806,21898.06
2189890,21898.9
2189978,21899.78
2190070,21900.7
2190168,21901.68
2190286,21902.86
2190403,21904.03
2190519,21905.19
2190637,21906.37
2190750,21907.5
2190869,21908.69
2190987,21909.87
2191101,21911.01
2191219,21912.19
2191333,21913.33
2191443,21914.43
2191560,21915.6
2191677,21916.77
2191786,21917.86
2191896,21918.96
2192011,21920.11
2192121,21921.21
2192227,21922.27
2192336,21923.36
2192447,21924.47
2192553,21925.53
2192667,21926.67
2192782,21927.82
2192892,21928.92
2193013,21930.13
2193127,21931.27
2193234,21932.34
2193349,21933.49
2193467,21934.67
2193577,21935.77
2193697,21936.97
2193814,21938.14
2193921,21939.21
2194033,21940.33
2194140,21941.4
2194242,21942.42
2194337,21943.37
2194422,21944.22
2194506,21945.06
2194592,21945.92
2194674,21946.74
2194758,21947.58
2194844,21948.44
2194928,21949.28
2195011,21950.11
2195092,21950.92
2195174,21951.74
2195257,21952.57
2195344,21953.44
2195432,21954.32
2195526,21955.26
2195633,21956.33
2195739,21957.39
2195843,21958.43
2195952,21959.52
2196063,21960.63
2196162,21961.62
2196260,21962.6
2196363,21963.63
2196458,21964.58
2196556,21965.56
2196664,21966.64
2196767,21967.67
2196867,21968.67
2196974,21969.74
2197080,21970.8
2197180,21971.8
2197291,21972.91
2197406,21974.06
2197516,21975.16
2197627,21976.27
2197748,21977.48
2197858,21978.58
2197961,21979.61
2198072,21980.72
2198181,21981.81
2198290,21982.9
2198405,21984.05
2198518,21985.18
2198625,21986.25
2198736,21987.36
2198843,21988.43
2198943,21989.43
2199041,21990.41
2199139,21991.39
2199226,21992.26
2199311,21993.11
2199397,21993.97
2199485,21994.85
2199567,21995.67
2199649,21996.49
2199730,21997.3
2199809,21998.09
2199889,21998.89
2199970,21999.7
2200054,22000.54
2200140,22001.4
2200248,22002.48
2200368,22003.68
2200483,22004.83
2200606,22006.06
2200721,22007.21
2200835,22008.35
2200950,22009.5
2201065,22010.65
2201174,22011.74
2201283,22012.83
2201397,22013.97
2201504,22015.04
2201610,22016.1
2201718,22017.18
2201827,22018.27
2201929,22019.29
2202030,22020.3
2202136,22021.36
2202238,22022.38
2202333,22023.33
2202437,22024.37
2202556,22025.56
2202667,22026.67
2202773,22027.73
2202895,22028.95
2203012,22030.12
2203121,22031.21
2203244,22032.44
2203368,22033.68
2203467,22034.67
2203556,22035.56
2203647,22036.47
2203758,22037.58
2203869,22038.69
2203959,22039.59
2204058,22040.58
2204154,22041.54
2204264,22042.64
2204389,22043.89
2204504,22045.04
2204632,22046.32
2204751,22047.51
2204868,22048.68
2204991,22049.91
2205108,22051.08
2205223,22052.23
2205339,22053.39
2205446,22054.46
2205559,22055.59
2205673,22056.73
2205779,22057.79
2205887,22058.87
2206003,22060.03
2206114,22061.14
2206229,22062.29
2206345,22063.45
2206456,22064.56
2206562,22065.62
2206673,22066.73
2206779,22067.79
2206882,22068.82
2206994,22069.94
2207107,22071.07
2207212,22072.12
2207311,22073.11
2207399,22073.99
2207486,22074.86
2207567,22075.67
2207651,22076.51
2207748,22077.48
2207832,22078.32
2207918,22079.18
2208002,22080.02
2208084,22080.84
2208165,22081.65
2208249,22082.49
2208342,22083.42
2208435,22084.35
2208546,22085.46
2208664,22086.64
2208781,22087.81
2208905,22089.05
2209026,22090.26
2209153,22091.53
2209274,22092.74
2209390,22093.9
2209507,22095.07
2209623,22096.23
2209732,22097.32
2209846,22098.46
2209958,22099.58
2210060,22100.6
2210161,22101.61
2210270,22102.7
2210377,22103.77
2210477,22104.77
2210577,22105.77
2210681,22106.81
2210781,22107.81
2210894,22108.94
2211006,22110.06
2211117,22111.17
2211229,22112.29
2211346,22113.46
2211454,22114.54
2211563,22115.63
2211684,22116.84
2211798,22117.98
2211899,22118.99
2211996,22119.96
2212097,22120.97
2212185,22121.85
2212273,22122.73
2212377,22123.77
2212482,22124.82
2212578,22125.78
2212673,22126.73
2212764,22127.64
2212851,22128.51
2212941,22129.41
2213037,22130.37
2213130,22131.3
2213232,22132.32
2213341,22133.41
2213441,22134.41
2213549,22135.49
2213662,22136.62
2213766,22137.66
2213876,22138.76
2213993,22139.93
2214099,22140.99
2214209,22142.09
2214325,22143.25
2214431,22144.31
2214533,22145.33
2214651,22146.51
2214764,22147.64
2214869,22148.69
2214982,22149.82
2215093,22150.93
2215200,22152.0
2215321,22153.21
2215441,22154.41
2215550,22155.5
2215671,22156.71
2215778,22157.78
2215865,22158.65
2215945,22159.45
2216025,22160.25
2216109,22161.09
2216188,22161.88
2216268,22162.68
2216348,22163.48
2216429,22164.29
2216511,22165.11
2216593,22165.93
2216676,22166.76
2216760,22167.6
2216850,22168.5
2216965,22169.65
2217069,22170.69
2217185,22171.85
2217292,22172.92
2217397,22173.97
2217509,22175.09
2217620,22176.2
2217721,22177.21
2217822,22178.22
2217924,22179.24
2218020,22180.2
2218118,22181.18
2218224,22182.24
2218323,22183.23
2218417,22184.17
2218514,22185.14
2218617,22186.17
2218715,22187.15
2218817,22188.17
2218932,22189.32
2219042,22190.42
2219153,22191.53
2219268,22192.68
2219378,22193.78
2219492,22194.92
2219610,22196.1
2219723,22197.23
2219844,22198.44
2219957,22199.57
2220065,22200.65
2220182,22201.82
2220299,22202.99
2220400,22204.0
2220512,22205.12
2220603,22206.03
2220688,22206.88
2220774,22207.74
2220861,22208.61
2220947,22209.47
2221039,22210.39
2221127,22211.27
2221212,22212.12
2221297,22212.97
2221381,22213.81
2221467,22214.67
2221561,22215.61
2221658,22216.58
2221753,22217.53
2221838,22218.38
2221925,22219.25
2222020,22220.2
2222126,22221.26
2222256,22222.56
2222374,22223.74
2222502,22225.02
2222623,22226.23
2222731,22227.31
2222838,22228.38
2222949,22229.49
2223058,22230.58
2223162,22231.62
2223270,22232.7
2223381,22233.81
2223490,22234.9
2223609,22236.09
2223724,22237.24
2223830,22238.3
2223946,22239.46
2224056,22240.56
2224165,22241.65
2224283,22242.83
2224397,22243.97
2224506,22245.06
2224621,22246.21
2224732,22247.32
2224839,22248.39
2224948,22249.48
2225053,22250.53
2225147,22251.47
2225238,22252.38
2225323,22253.23
2225406,22254.06
2225495,22254.95
2225581,22255.81
2225665,22256.65
2225750,22257.5
2225833,22258.33
2225914,22259.14
2225994,22259.94
2226075,22260.75
2226157,22261.57
2226246,22262.46
2226346,22263.46
2226445,22264.45
2226559,22265.59
2226670,22266.7
2226777,22267.77
2226892,22268.92
2227007,22270.07
2227116,22271.16
2227237,22272.37
2227346,22273.46
2227448,22274.48
2227554,22275.54
2227663,22276.63
2227764,22277.64
2227874,22278.74
2227987,22279.87
2228092,22280.92
2228204,22282.04
2228319,22283.19
2228423,22284.23
2228519,22285.19
2228634,22286.34
2228746,22287.46
2228846,22288.46
2228957,22289.57
2229073,22290.73
2229182,22291.82
2229295,22292.95
2229405,22294.05
2229511,22295.11
2229627,22296.27
2229744,22297.44
2229855,22298.55
2229979,22299.79
2230104,22301.04
2230203,22302.03
2230291,22302.91
2230371,22303.71
2230450,22304.5
2230527,22305.27
2230601,22306.01
2230672,22306.72
2230740,22307.4
2230809,22308.09
2230875,22308.75
2230941,22309.41
2231008,22310.08
2231087,22310.87
2231200,22312.0
2231304,22313.04
2231424,22314.24
2231541,22315.41
2231656,22316.56
2231783,22317.83
2231895,22318.95
2232005,22320.05
2232125,22321.25
2232233,22322.33
2232343,22323.43
2232462,22324.62
2232574,22325.74
2232679,22326.79
2232789,22327.89
2232902,22329.02
2233009,22330.09
2233118,22331.18
2233235,22332.35
2233345,22333.45
2233458,22334.58
2233568,22335.68
2233663,22336.63
2233768,22337.68
2233881,22338.81
2233991,22339.91
2234116,22341.16
2234229,22342.29
2234345,22343.45
2234457,22344.57
2234546,22345.46
2234633,22346.33
2234722,22347.22
2234807,22348.07
2234893,22348.93
2234983,22349.83
2235071,22350.71
2235157,22351.57
2235244,22352.44
2235335,22353.35
2235439,22354.39
2235561,22355.61
2235676,22356.76
2235797,22357.97
2235916,22359.16
2236032,22360.32
2236150,22361.5
2236258,22362.58
2236363,22363.63
2236472,22364.72
2236584,22365.84
2236687,22366.87
2236795,22367.95
2236912,22369.12
2237019,22370.19
2237127,22371.27
2237248,22372.48
2237361,22373.61
2237474,22374.74
2237592,22375.92
2237705,22377.05
2237821,22378.21
2237937,22379.37
2238040,22380.4
2238140,22381.4
2238238,22382.38
2238325,22383.25
2238414,22384.14
2238513,22385.13
2238613,22386.13
2238701,22387.01
2238785,22387.85
2238865,22388.65
2238948,22389.48
2239038,22390.38
2239129,22391.29
2239233,22392.33
2239357,22393.57
2239474,22394.74
2239602,22396.02
2239726,22397.26
2239842,22398.42
2239962,22399.62
2240081,22400.81
2240191,22401.91
2240310,22403.1
2240431,22404.31
2240542,22405.42
2240659,22406.59
2240784,22407.84
2240896,22408.96
2241010,22410.1
2241124,22411.24
2241228,22412.28
2241334,22413.34
2241447,22414.47
2241553,22415.53
2241656,22416.56
2241774,22417.74
2241888,22418.88
2241999,22419.99
2242117,22421.17
2242237,22422.37
2242351,22423.51
2242471,22424.71
2242585,22425.85
2242702,22427.02
2242818,22428.18
2242928,22429.28
2243044,22430.44
2243156,22431.56
2243254,22432.54
2243346,22433.46
2243431,22434.31
2243515,22435.15
2243601,22436.01
2243682,22436.82
2243765,22437.65
2243850,22438.5
2243932,22439.32
2244017,22440.17
2244104,22441.04
2244197,22441.97
2244297,22442.97
2244418,22444.18
2244531,22445.31
2244646,22446.46
2244771,22447.71
2244881,22448.81
2244997,22449.97
2245118,22451.18
2245227,22452.27
2245337,22453.37
2245453,22454.53
2245565,22455.65
2245665,22456.65
2245769,22457.69
2245872,22458.72
2245966,22459.66
2246063,22460.63
2246172,22461.72
2246278,22462.78
2246378,22463.78
2246486,22464.86
2246598,22465.98
2246702,22467.02
2246811,22468.11
2246935,22469.35
2247051,22470.51
2247166,22471.66
2247286,22472.86
2247396,22473.96
2247505,22475.05
2247617,22476.17
2247730,22477.3
2247816,22478.16
2247900,22479.0
2247983,22479.83
2248062,22480.62
2248140,22481.4
2248217,22482.17
2248294,22482.94
2248370,22483.7
2248448,22484.48
2248526,22485.26
2248611,22486.11
2248733,22487.33
2248843,22488.43
2248960,22489.6
2249080,22490.8
2249189,22491.89
2249295,22492.95
2249404,22494.04
2249512,22495.12
2249616,22496.16
2249722,22497.22
2249833,22498.33
2249939,22499.39
2250051,22500.51
2250164,22501.64
2250270,22502.7
2250379,22503.79
2250490,22504.9
2250601,22506.01
2250701,22507.01
2250810,22508.1
2250925,22509.25
2251032,22510.32
2251142,22511.42
2251254,22512.54
2251364,22513.64
2251467,22514.67
2251580,22515.8
2251693,22516.93
2251801,22518.01
2251912,22519.12
2252017,22520.17
2252127,22521.27
2252248,22522.48
2252370,22523.7
2252484,22524.84
2252592,22525.92
2252700,22527.0
2252797,22527.97
2252886,22528.86
2252974,22529.74
2253065,22530.65
2253144,22531.44
2253220,22532.2
2253297,22532.97
2253384,22533.84
2253498,22534.98
2253613,22536.13
2253700,22537.0
2253789,22537.89
2253887,22538.87
2253990,22539.9
2254099,22540.99
2254224,22542.24
2254345,22543.45
2254464,22544.64
2254590,22545.9
2254704,22547.04
2254811,22548.11
2254920,22549.2
2255027,22550.27
2255124,22551.24
2255220,22552.2
2255319,22553.19
2255415,22554.15
2255516,22555.16
2255628,22556.28
2255734,22557.34
2255837,22558.37
2255946,22559.46
2256056,22560.56
2256160,22561.6
2256271,22562.71
2256387,22563.87
2256502,22565.02
2256620,22566.2
2256738,22567.38
2256851,22568.51
2256973,22569.73
2257088,22570.88
2257202,22572.02
2257324,22573.24
2257439,22574.39
2257537,22575.37
2257625,22576.25
2257707,22577.07
2257789,22577.89
2257877,22578.77
2257958,22579.58
2258045,22580.45
2258128,22581.28
2258209,22582.09
2258290,22582.9
2258370,22583.7
2258449,22584.49
2258531,22585.31
2258637,22586.37
2258741,22587.41
2258846,22588.46
2258964,22589.64
2259079,22590.79
2259200,22592.0
2259310,22593.1
2259419,22594.19
2259533,22595.33
2259639,22596.39
2259738,22597.38
2259841,22598.41
2259957,22599.57
2260060,22600.6
2260164,22601.64
2260274,22602.74
2260383,22603.83
2260485,22604.85
2260591,22605.91
2260705,22607.05
2260813,22608.13
2260919,22609.19
2261025,22610.25
2261124,22611.24
2261238,22612.38
2261359,22613.59
2261470,22614.7
2261595,22615.95
2261718,22617.18
2261840,22618.4
2261963,22619.63
2262079,22620.79
2262204,22622.04
2262327,22623.27
2262452,22624.52
2262555,22625.55
2262647,22626.47
2262729,22627.29
2262811,22628.11
2262892,22628.92
2262972,22629.72
2263059,22630.59
2263144,22631.44
2263220,22632.2
2263297,22632.97
2263369,22633.69
2263441,22634.41
2263515,22635.15
2263609,22636.09
2263714,22637.14
2263827,22638.27
2263944,22639.44
2264062,22640.62
2264177,22641.77
2264286,22642.86
2264387,22643.87
2264495,22644.95
2264614,22646.14
2264726,22647.26
2264833,22648.33
2264952,22649.52
2265064,22650.64
2265166,22651.66
2265277,22652.77
2265395,22653.95
2265505,22655.05
2265626,22656.26
2265743,22657.43
2265864,22658.64
2265986,22659.86
2266101,22661.01
2266210,22662.1
2266332,22663.32
2266447,22664.47
2266564,22665.64
2266690,22666.9
2266802,22668.02
2266901,22669.01
2267001,22670.01
2267090,22670.9
2267175,22671.75
2267259,22672.59
2267348,22673.48
2267432,22674.32
2267519,22675.19
2267608,22676.08
2267692,22676.92
2267775,22677.75
2267857,22678.57
2267939,22679.39
2268020,22680.2
2268105,22681.05
2268200,22682.0
2268294,22682.94
2268392,22683.92
2268505,22685.05
2268611,22686.11
2268719,22687.19
2268834,22688.34
2268937,22689.37
2269044,22690.44
2269154,22691.54
2269256,22692.56
2269357,22693.57
2269459,22694.59
2269559,22695.59
2269656,22696.56
2269756,22697.56
2269865,22698.65
2269964,22699.64
2270065,22700.65
2270175,22701.75
2270281,22702.81
2270388,22703.88
2270505,22705.05
2270617,22706.17
2270730,22707.3
2270848,22708.48
2270956,22709.56
2271066,22710.66
2271190,22711.9
2271308,22713.08
2271425,22714.25
2271548,22715.48
2271666,22716.66
2271790,22717.9
2271894,22718.94
2271980,22719.8
2272066,22720.66
2272155,22721.55
2272239,22722.39
2272328,22723.28
2272414,22724.14
2272497,22724.97
2272581,22725.81
2272666,22726.66
2272754,22727.54
2272855,22728.55
2272981,22729.81
2273106,22731.06
2273235,22732.35
2273355,22733.55
2273477,22734.77
2273595,22735.95
2273713,22737.13
2273835,22738.35
2273948,22739.48
2274060,22740.6
2274181,22741.81
2274292,22742.92
2274398,22743.98
2274513,22745.13
2274628,22746.28
2274732,22747.32
2274833,22748.33
2274938,22749.38
2275038,22750.38
2275134,22751.34
2275233,22752.33
2275345,22753.45
2275444,22754.44
2275548,22755.48
2275666,22756.66
2275777,22757.77
2275901,22759.01
2276022,22760.22
2276132,22761.32
2276245,22762.45
2276355,22763.55
2276459,22764.59
2276572,22765.72
2276683,22766.83
2276789,22767.89
2276894,22768.94
2276995,22769.95
2277082,22770.82
2277165,22771.65
2277247,22772.47
2277325,22773.25
2277403,22774.03
2277482,22774.82
2277557,22775.57
2277629,22776.29
2277700,22777.0
2277771,22777.71
2277850,22778.5
2277958,22779.58
2278065,22780.65
2278177,22781.77
2278290,22782.9
2278410,22784.1
2278528,22785.28
2278642,22786.42
2278751,22787.51
2278866,22788.66
2278977,22789.77
2279080,22790.8
2279189,22791.89
2279300,22793.0
2279406,22794.06
2279511,22795.11
2279622,22796.22
2279732,22797.32
2279837,22798.37
2279949,22799.49
2280066,22800.66
2280174,22801.74
2280282,22802.82
2280393,22803.93
2280499,22804.99
2280617,22806.17
2280741,22807.41
2280863,22808.63
2280985,22809.85
2281101,22811.01
2281218,22812.18
2281335,22813.35
2281446,22814.46
2281568,22815.68
2281687,22816.87
2281790,22817.9
2281903,22819.03
2282006,22820.06
2282098,22820.98
2282183,22821.83
2282261,22822.61
2282337,22823.37
2282414,22824.14
2282493,22824.93
2282573,22825.73
2282653,22826.53
2282737,22827.37
2282823,22828.23
2282907,22829.07
2282987,22829.87
2283068,22830.68
2283149,22831.49
2283226,22832.26
2283302,22833.02
2283378,22833.78
2283464,22834.64
2283581,22835.81
2283696,22836.96
2283821,22838.21
2283946,22839.46
2284067,22840.67
2284191,22841.91
2284306,22843.06
2284422,22844.22
2284530,22845.3
2284646,22846.46
2284763,22847.63
2284864,22848.64
2284968,22849.68
2285077,22850.77
2285179,22851.79
2285270,22852.7
2285355,22853.55
2285450,22854.5
2285548,22855.48
2285655,22856.55
2285771,22857.71
2285882,22858.82
2285996,22859.96
2286124,22861.24
2286243,22862.43
2286365,22863.65
2286491,22864.91
2286610,22866.1
2286730,22867.3
2286841,22868.41
2286964,22869.64
2287090,22870.9
2287205,22872.05
2287323,22873.23
2287438,22874.38
2287536,22875.36
2287627,22876.27
2287711,22877.11
2287794,22877.94
2287878,22878.78
2287960,22879.6
2288042,22880.42
2288122,22881.22
2288201,22882.01
2288283,22882.83
2288362,22883.62
2288443,22884.43
2288526,22885.26
2288619,22886.19
2288714,22887.14
2288828,22888.28
2288939,22889.39
2289057,22890.57
2289180,22891.8
2289300,22893.0
2289423,22894.23
2289539,22895.39
2289653,22896.53
2289766,22897.66
2289872,22898.72
2289988,22899.88
2290099,22900.99
2290205,22902.05
2290315,22903.15
2290423,22904.23
2290524,22905.24
2290633,22906.33
2290749,22907.49
2290861,22908.61
2290984,22909.84
2291097,22910.97
2291211,22912.11
2291337,22913.37
2291462,22914.62
2291587,22915.87
2291695,22916.95
2291808,22918.08
2291914,22919.14
2292011,22920.11
2292112,22921.12
2292202,22922.02
2292290,22922.9
2292388,22923.88
2292483,22924.83
2292569,22925.69
2292660,22926.6
2292751,22927.51
2292838,22928.38
2292925,22929.25
2293026,22930.26
2293133,22931.33
2293246,22932.46
2293368,22933.68
2293487,22934.87
2293602,22936.02
2293707,22937.07
2293822,22938.22
2293934,22939.34
2294034,22940.34
2294123,22941.23
2294217,22942.17
2294311,22943.11
2294414,22944.14
2294533,22945.33
2294644,22946.44
2294749,22947.49
2294865,22948.65
2294976,22949.76
2295088,22950.88
2295204,22952.04
2295317,22953.17
2295422,22954.22
2295537,22955.37
2295655,22956.55
2295763,22957.63
2295881,22958.81
2296001,22960.01
2296114,22961.14
2296213,22962.13
2296312,22963.12
2296450,22964.5
2296578,22965.78
2296695,22966.95
2296790,22967.9
2296879,22968.79
2296958,22969.58
2297035,22970.35
2297111,22971.11
2297184,22971.84
2297257,22972.57
2297326,22973.26
2297396,22973.96
2297467,22974.67
2297559,22975.59
2297688,22976.88
2297807,22978.07
2297923,22979.23
2298038,22980.38
2298147,22981.47
2298272,22982.72
2298397,22983.97
2298514,22985.14
2298636,22986.36
2298753,22987.53
2298862,22988.62
2298978,22989.78
2299089,22990.89
2299195,22991.95
2299308,22993.08
2299423,22994.23
2299528,22995.28
2299636,22996.36
2299754,22997.54
2299857,22998.57
2299955,22999.55
2300069,23000.69
2300178,23001.78
2300284,23002.84
2300393,23003.93
2300501,23005.01
2300605,23006.05
2300726,23007.26
2300851,23008.51
2300970,23009.7
2301087,23010.87
2301194,23011.94
2301285,23012.85
2301372,23013.72
2301458,23014.58
2301538,23015.38
2301620,23016.2
2301708,23017.08
2301790,23017.9
2301871,23018.71
2301954,23019.54
2302036,23020.36
2302120,23021.2
2302211,23022.11
2302311,23023.11
2302411,23024.11
2302520,23025.2
2302626,23026.26
2302730,23027.3
2302840,23028.4
2302948,23029.48
2303063,23030.63
2303177,23031.77
2303284,23032.84
2303391,23033.91
2303499,23034.99
2303601,23036.01
2303712,23037.12
2303826,23038.26
2303935,23039.35
2304047,23040.47
2304160,23041.6
2304268,23042.68
2304377,23043.77
2304490,23044.9
2304601,23046.01
2304706,23047.06
2304829,23048.29
2304950,23049.5
2305070,23050.7
2305192,23051.92
2305305,23053.05
2305417,23054.17
2305531,23055.31
2305644,23056.44
2305762,23057.62
2305886,23058.86
2305998,23059.98
2306098,23060.98
2306193,23061.93
2306276,23062.76
2306356,23063.56
2306435,23064.35
2306520,23065.2
2306610,23066.1
2306688,23066.88
2306766,23067.66
2306838,23068.38
2306909,23069.09
2306980,23069.8
2307054,23070.54
2307149,23071.49
2307238,23072.38
2307344,23073.44
2307454,23074.54
2307562,23075.62
2307672,23076.72
2307783,23077.83
2307900,23079.0
2308014,23080.14
2308126,23081.26
2308233,23082.33
2308346,23083.46
2308461,23084.61
2308568,23085.68
2308676,23086.76
2308786,23087.86
2308888,23088.88
2308994,23089.94
2309095,23090.95
2309197,23091.97
2309308,23093.08
2309420,23094.2
2309524,23095.24
2309637,23096.37
2309748,23097.48
2309861,23098.61
2309986,23099.86
2310104,23101.04
2310222,23102.22
2310342,23103.42
2310453,23104.53
2310575,23105.75
2310701,23107.01
2310804,23108.04
2310904,23109.04
2310992,23109.92
2311077,23110.77
2311164,23111.64
2311249,23112.49
2311335,23113.35
2311424,23114.24
2311510,23115.1
2311592,23115.92
2311673,23116.73
2311752,23117.52
2311832,23118.32
2311916,23119.16
2312020,23120.2
2312134,23121.34
2312242,23122.42
2312361,23123.61
2312476,23124.76
2312587,23125.87
2312697,23126.97
2312803,23128.03
2312906,23129.06
2313007,23130.07
2313115,23131.15
2313221,23132.21
2313332,23133.32
2313441,23134.41
2313542,23135.42
2313648,23136.48
2313758,23137.58
2313863,23138.63
2313970,23139.7
2314081,23140.81
2314179,23141.79
2314280,23142.8
2314392,23143.92
2314505,23145.05
2314620,23146.2
2314731,23147.31
2314832,23148.32
2314945,23149.45
2315058,23150.58
2315157,23151.57
2315267,23152.67
2315360,23153.6
2315449,23154.49
2315546,23155.46
2315638,23156.38
2315728,23157.28
2315827,23158.27
2315913,23159.13
2315997,23159.97
2316082,23160.82
2316172,23161.72
2316262,23162.62
2316360,23163.6
2316471,23164.71
2316582,23165.82
2316703,23167.03
2316820,23168.2
2316942,23169.42
2317060,23170.6
2317167,23171.67
2317278,23172.78
2317395,23173.95
2317502,23175.02
2317611,23176.11
2317726,23177.26
2317832,23178.32
2317934,23179.34
2318041,23180.41
2318140,23181.4
2318244,23182.44
2318357,23183.57
2318465,23184.65
2318578,23185.78
2318695,23186.95
2318802,23188.02
2318910,23189.1
2319025,23190.25
2319134,23191.34
2319245,23192.45
2319343,23193.43
2319433,23194.33
2319522,23195.22
2319609,23196.09
2319702,23197.02
2319792,23197.92
2319880,23198.8
2319970,23199.7
2320057,23200.57
2320144,23201.44
2320232,23202.32
2320322,23203.22
2320414,23204.14
2320518,23205.18
2320623,23206.23
2320738,23207.38
2320852,23208.52
2320968,23209.68
2321084,23210.84
2321198,23211.98
2321315,23213.15
2321431,23214.31
2321542,23215.42
2321659,23216.59
2321770,23217.7
2321885,23218.85
2322000,23220.0
2322109,23221.09
2322221,23222.21
2322333,23223.33
2322437,23224.37
2322547,23225.47
2322662,23226.62
2322773,23227.73
2322893,23228.93
2323012,23230.12
2323125,23231.25
2323253,23232.53
2323382,23233.82
2323504,23235.04
2323629,23236.29
2323745,23237.45
2323837,23238.37
2323926,23239.26
2324014,23240.14
2324101,23241.01
2324188,23241.88
2324273,23242.73
2324355,23243.55
2324437,23244.37
2324528,23245.28
2324619,23246.19
2324720,23247.2
2324841,23248.41
2324955,23249.55
2325081,23250.81
2325201,23252.01
2325323,23253.23
2325444,23254.44
2325557,23255.57
2325674,23256.74
2325789,23257.89
2325894,23258.94
2326001,23260.01
2326115,23261.15
2326219,23262.19
2326329,23263.29
2326443,23264.43
2326552,23265.52
2326669,23266.69
2326785,23267.85
2326891,23268.91
2327005,23270.05
2327119,23271.19
2327227,23272.27
2327346,23273.46
2327466,23274.66
2327585,23275.85
2327709,23277.09
2327828,23278.28
2327944,23279.44
2328060,23280.6
2328170,23281.7
2328288,23282.88
2328412,23284.12
2328532,23285.32
2328668,23286.68
2328791,23287.91
2328909,23289.09
2329018,23290.18
2329107,23291.07
2329191,23291.91
2329271,23292.71
2329349,23293.49
2329426,23294.26
2329501,23295.01
2329576,23295.76
2329658,23296.58
2329743,23297.43
2329825,23298.25
2329900,23299.0
2329974,23299.74
2330050,23300.5
2330125,23301.25
2330213,23302.13
2330300,23303.0
2330413,23304.13
2330529,23305.29
2330642,23306.42
2330764,23307.64
2330875,23308.75
2330982,23309.82
2331098,23310.98
2331212,23312.12
2331321,23313.21
2331435,23314.35
2331538,23315.38
2331642,23316.42
2331752,23317.52
2331857,23318.57
2331960,23319.6
2332071,23320.71
2332186,23321.86
2332288,23322.88
2332402,23324.02
2332518,23325.18
2332623,23326.23
2332731,23327.31
2332840,23328.4
2332942,23329.42
2333051,23330.51
2333162,23331.62
2333271,23332.71
2333399,23333.99
2333523,23335.23
2333646,23336.46
2333765,23337.65
2333874,23338.74
2333989,23339.89
2334106,23341.06
2334226,23342.26
2334351,23343.51
2334456,23344.56
2334554,23345.54
2334646,23346.46
2334727,23347.27
2334805,23348.05
2334885,23348.85
2334972,23349.72
2335049,23350.49
2335125,23351.25
2335201,23352.01
2335285,23352.85
2335368,23353.68
2335446,23354.46
2335527,23355.27
2335613,23356.13
2335703,23357.03
2335805,23358.05
2335935,23359.35
2336056,23360.56
2336179,23361.79
2336295,23362.95
2336411,23364.11
2336530,23365.3
2336647,23366.47
2336752,23367.52
2336857,23368.57
2336963,23369.63
2337064,23370.64
2337161,23371.61
2337269,23372.69
2337386,23373.86
2337492,23374.92
2337601,23376.01
2337720,23377.2
2337833,23378.33
2337948,23379.48
2338065,23380.65
2338174,23381.74
2338290,23382.9
2338405,23384.05
2338515,23385.15
2338631,23386.31
2338748,23387.48
2338865,23388.65
2338989,23389.89
2339111,23391.11
2339233,23392.33
2339362,23393.62
2339476,23394.76
2339607,23396.07
2339739,23397.39
2339846,23398.46
2339953,23399.53
2340044,23400.44
2340129,23401.29
2340212,23402.12
2340295,23402.95
2340376,23403.76
2340456,23404.56
2340530,23405.3
2340605,23406.05
2340676,23406.76
2340747,23407.47
2340822,23408.22
2340939,23409.39
2341053,23410.53
2341181,23411.81
2341302,23413.02
2341423,23414.23
2341548,23415.48
2341673,23416.73
2341792,23417.92
2341903,23419.03
2342019,23420.19
2342128,23421.28
2342234,23422.34
2342347,23423.47
2342462,23424.62
2342573,23425.73
2342693,23426.93
2342811,23428.11
2342918,23429.18
2343029,23430.29
2343146,23431.46
2343255,23432.55
2343369,23433.69
2343486,23434.86
2343600,23436.0
2343709,23437.09
2343828,23438.28
2343948,23439.48
2344064,23440.64
2344184,23441.84
2344296,23442.96
2344417,23444.17
2344538,23445.38
2344658,23446.58
2344780,23447.8
2344896,23448.96
2344996,23449.96
2345085,23450.85
2345167,23451.67
2345247,23452.47
2345326,23453.26
2345404,23454.04
2345476,23454.76
2345549,23455.49
2345624,23456.24
2345727,23457.27
2345820,23458.2
2345930,23459.3
2346041,23460.41
2346158,23461.58
2346282,23462.82
2346408,23464.08
2346532,23465.32
2346661,23466.61
2346780,23467.8
2346903,23469.03
2347025,23470.25
2347137,23471.37
2347252,23472.52
2347364,23473.64
2347468,23474.68
2347573,23475.73
2347683,23476.83
2347788,23477.88
2347900,23479.0
2348010,23480.1
2348117,23481.17
2348240,23482.4
2348362,23483.62
2348476,23484.76
2348587,23485.87
2348694,23486.94
2348794,23487.94
2348902,23489.02
2349026,23490.26
2349140,23491.4
2349272,23492.72
2349404,23494.04
2349523,23495.23
2349646,23496.46
2349765,23497.65
2349887,23498.87
2350007,23500.07
2350097,23500.97
2350183,23501.83
2350264,23502.64
2350342,23503.42
2350421,23504.21
2350499,23504.99
2350575,23505.75
2350654,23506.54
2350737,23507.37
2350831,23508.31
2350919,23509.19
2351016,23510.16
2351134,23511.34
2351251,23512.51
2351375,23513.75
2351491,23514.91
2351601,23516.01
2351714,23517.14
2351829,23518.29
2351946,23519.46
2352053,23520.53
2352164,23521.64
2352279,23522.79
2352391,23523.91
2352496,23524.96
2352604,23526.04
2352717,23527.17
2352820,23528.2
2352918,23529.18
2353019,23530.19
2353133,23531.33
2353240,23532.4
2353363,23533.63
2353486,23534.86
2353600,23536.0
2353729,23537.29
2353851,23538.51
2353976,23539.76
2354099,23540.99
2354207,23542.07
2354316,23543.16
2354418,23544.18
2354505,23545.05
2354590,23545.9
2354679,23546.79
2354764,23547.64
2354858,23548.58
2354963,23549.63
2355054,23550.54
2355144,23551.44
2355239,23552.39
2355336,23553.36
2355440,23554.4
2355557,23555.57
2355668,23556.68
2355792,23557.92
2355911,23559.11
2356026,23560.26
2356148,23561.48
2356261,23562.61
2356372,23563.72
2356489,23564.89
2356593,23565.93
2356699,23566.99
2356811,23568.11
2356915,23569.15
2357024,23570.24
2357136,23571.36
2357240,23572.4
2357353,23573.53
2357467,23574.67
2357575,23575.75
2357691,23576.91
2357806,23578.06
2357914,23579.14
2358038,23580.38
2358156,23581.56
2358243,23582.43
2358331,23583.31
2358445,23584.45
2358555,23585.55
2358669,23586.69
2358762,23587.62
2358853,23588.53
2358940,23589.4
2359024,23590.24
2359112,23591.12
2359196,23591.96
2359279,23592.79
2359361,23593.61
2359446,23594.46
2359532,23595.32
2359631,23596.31
2359750,23597.5
2359865,23598.65
2359989,23599.89
2360111,23601.11
2360232,23602.32
2360352,23603.52
2360476,23604.76
2360592,23605.92
2360712,23607.12
2360834,23608.34
2360946,23609.46
2361061,23610.61
2361169,23611.69
2361270,23612.7
2361373,23613.73
2361482,23614.82
2361586,23615.86
2361688,23616.88
2361803,23618.03
2361921,23619.21
2362028,23620.28
2362139,23621.39
2362251,23622.51
2362360,23623.6
2362478,23624.78
2362595,23625.95
2362710,23627.1
2362837,23628.37
2362953,23629.53
2363061,23630.61
2363181,23631.81
2363303,23633.03
2363408,23634.08
2363504,23635.04
2363590,23635.9
2363678,23636.78
2363778,23637.78
2363864,23638.64
2363950,23639.5
2364034,23640.34
2364116,23641.16
2364193,23641.93
2364271,23642.71
2364354,23643.54
2364443,23644.43
2364546,23645.46
2364675,23646.75
2364798,23647.98
2364928,23649.28
2365053,23650.53
2365182,23651.82
2365306,23653.06
2365422,23654.22
2365537,23655.37
2365649,23656.49
2365758,23657.58
2365871,23658.71
2365979,23659.79
2366089,23660.89
2366197,23661.97
2366307,23663.07
2366416,23664.16
2366518,23665.18
2366628,23666.28
2366740,23667.4
2366845,23668.45
2366966,23669.66
2367084,23670.84
2367194,23671.94
2367319,23673.19
2367441,23674.41
2367561,23675.61
2367688,23676.88
2367806,23678.06
2367941,23679.41
2368072,23680.72
2368195,23681.95
2368328,23683.28
2368452,23684.52
2368573,23685.73
2368698,23686.98
2368813,23688.13
2368912,23689.12
2369004,23690.04
2369086,23690.86
2369169,23691.69
2369250,23692.5
2369333,23693.33
2369415,23694.15
2369495,23694.95
2369575,23695.75
2369658,23696.58
2369744,23697.44
2369828,23698.28
2369910,23699.1
2369997,23699.97
2370083,23700.83
2370176,23701.76
2370297,23702.97
2370406,23704.06
2370516,23705.16
2370628,23706.28
2370735,23707.35
2370848,23708.48
2370966,23709.66
2371075,23710.75
2371181,23711.81
2371293,23712.93
2371403,23714.03
2371510,23715.1
2371623,23716.23
2371736,23717.36
2371841,23718.41
2371943,23719.43
2372052,23720.52
2372158,23721.58
2372258,23722.58
2372360,23723.6
2372465,23724.65
2372564,23725.64
2372680,23726.8
2372798,23727.98
2372903,23729.03
2373009,23730.09
2373128,23731.28
2373231,23732.31
2373335,23733.35
2373448,23734.48
2373538,23735.38
2373630,23736.3
2373730,23737.3
2373819,23738.19
2373907,23739.07
2373997,23739.97
2374082,23740.82
2374170,23741.7
2374267,23742.67
2374358,23743.58
2374453,23744.53
2374540,23745.4
2374626,23746.26
2374724,23747.24
2374833,23748.33
2374948,23749.48
2375056,23750.56
2375170,23751.7
2375285,23752.85
2375388,23753.88
2375497,23754.97
2375606,23756.06
2375712,23757.12
2375819,23758.19
2375927,23759.27
2376029,23760.29
2376145,23761.45
2376250,23762.5
2376350,23763.5
2376465,23764.65
2376580,23765.8
2376693,23766.93
2376813,23768.13
2376925,23769.25
2377047,23770.47
2377168,23771.68
2377301,23773.01
2377435,23774.35
2377556,23775.56
2377685,23776.85
2377794,23777.94
2377883,23778.83
2377967,23779.67
2378056,23780.56
2378141,23781.41
2378232,23782.32
2378322,23783.22
2378410,23784.1
2378497,23784.97
2378583,23785.83
2378678,23786.78
2378798,23787.98
2378914,23789.14
2379036,23790.36
2379158,23791.58
2379287,23792.87
2379405,23794.05
2379517,23795.17
2379631,23796.31
2379741,23797.41
2379855,23798.55
2379972,23799.72
2380089,23800.89
2380200,23802.0
2380323,23803.23
2380444,23804.44
2380554,23805.54
2380665,23806.65
2380780,23807.8
2380893,23808.93
2381010,23810.1
2381135,23811.35
2381252,23812.52
2381362,23813.62
2381479,23814.79
2381594,23815.94
2381702,23817.02
2381820,23818.2
2381937,23819.37
2382051,23820.51
2382167,23821.67
2382287,23822.87
2382424,23824.24
2382561,23825.61
2382676,23826.76
2382780,23827.8
2382867,23828.67
2382952,23829.52
2383040,23830.4
2383122,23831.22
2383208,23832.08
2383297,23832.97
2383383,23833.83
2383469,23834.69
2383560,23835.6
2383648,23836.48
2383743,23837.43
2383868,23838.68
2383981,23839.81
2384106,23841.06
2384228,23842.28
2384349,23843.49
2384478,23844.78
2384593,23845.93
2384713,23847.13
2384829,23848.29
2384946,23849.46
2385068,23850.68
2385186,23851.86
2385300,23853.0
2385416,23854.16
2385533,23855.33
2385644,23856.44
2385759,23857.59
2385880,23858.8
2385997,23859.97
2386118,23861.18
2386241,23862.41
2386354,23863.54
2386474,23864.74
2386594,23865.94
2386709,23867.09
2386818,23868.18
2386940,23869.4
2387062,23870.62
2387166,23871.66
2387282,23872.82
2387393,23873.93
2387491,23874.91
2387599,23875.99
2387691,23876.91
2387776,23877.76
2387862,23878.62
2387947,23879.47
2388029,23880.29
2388114,23881.14
2388199,23881.99
2388280,23882.8
2388361,23883.61
2388442,23884.42
2388520,23885.2
2388600,23886.0
2388689,23886.89
2388798,23887.98
2388911,23889.11
2389025,23890.25
2389140,23891.4
2389259,23892.59
2389368,23893.68
2389481,23894.81
2389596,23895.96
2389708,23897.08
2389820,23898.2
2389935,23899.35
2390041,23900.41
2390146,23901.46
2390260,23902.6
2390375,23903.75
2390485,23904.85
2390587,23905.87
2390689,23906.89
2390800,23908.0
2390903,23909.03
2391017,23910.17
2391133,23911.33
2391243,23912.43
2391371,23913.71
2391495,23914.95
2391611,23916.11
2391734,23917.34
2391849,23918.49
2391974,23919.74
2392095,23920.95
2392207,23922.07
2392330,23923.3
2392448,23924.48
2392568,23925.68
2392700,23927.0
2392819,23928.19
2392922,23929.22
2393013,23930.13
2393096,23930.96
2393177,23931.77
2393261,23932.61
2393340,23933.4
2393421,23934.21
2393502,23935.02
2393587,23935.87
2393673,23936.73
2393763,23937.63
2393851,23938.51
2393936,23939.36
2394020,23940.2
2394103,23941.03
2394187,23941.87
2394268,23942.68
2394347,23943.47
2394427,23944.27
2394512,23945.12
2394607,23946.07
2394704,23947.04
2394815,23948.15
2394930,23949.3
2395046,23950.46
2395156,23951.56
2395268,23952.68
2395381,23953.81
2395491,23954.91
2395593,23955.93
2395699,23956.99
2395820,23958.2
2395929,23959.29
2396035,23960.35
2396143,23961.43
2396249,23962.49
2396349,23963.49
2396450,23964.5
2396557,23965.57
2396658,23966.58
2396764,23967.64
2396876,23968.76
2396981,23969.81
2397092,23970.92
2397208,23972.08
2397324,23973.24
2397435,23974.35
2397551,23975.51
2397667,23976.67
2397773,23977.73
2397876,23978.76
2397964,23979.64
2398046,23980.46
2398130,23981.3
2398213,23982.13
2398294,23982.94
2398375,23983.75
2398454,23984.54
2398531,23985.31
2398607,23986.07
2398680,23986.8
2398753,23987.53
2398824,23988.24
2398894,23988.94
2398963,23989.63
2399033,23990.33
2399101,23991.01
2399169,23991.69
2399236,23992.36
2399302,23993.02
2399366,23993.66
2399430,23994.3
2399492,23994.92
2399553,23995.53
2399614,23996.14
2399674,23996.74
2399733,23997.33
2399791,23997.91
2399849,23998.49
2399907,23999.07
2399963,23999.63
2400020,24000.2
2400076,24000.76
2400131,24001.31
2400187,24001.87
2400242,24002.42
2400298,24002.98
2400354,24003.54
2400413,24004.13
2400477,24004.77
2400543,24005.43
2400611,24006.11
2400684,24006.84
2400794,24007.94
2400902,24009.02
2401012,24010.12
2401130,24011.3
2401254,24012.54
2401379,24013.79
2401501,24015.01
2401628,24016.28
2401751,24017.51
2401873,24018.73
2401980,24019.8
2402096,24020.96
2402200,24022.0
2402318,24023.18
2402434,24024.34
2402544,24025.44
2402661,24026.61
2402775,24027.75
2402882,24028.82
2402996,24029.96
2403106,24031.06
2403209,24032.09
2403316,24033.16
2403423,24034.23
2403516,24035.16
2403611,24036.11
2403705,24037.05
2403811,24038.11
2403931,24039.31
2404042,24040.42
2404164,24041.64
2404277,24042.77
2404396,24043.96
2404516,24045.16
2404635,24046.35
2404758,24047.58
2404874,24048.74
2404993,24049.93
2405107,24051.07
2405219,24052.19
2405338,24053.38
2405451,24054.51
2405554,24055.54
2405671,24056.71
2405789,24057.89
2405902,24059.02
2406024,24060.24
2406142,24061.42
2406254,24062.54
2406377,24063.77
2406501,24065.01
2406621,24066.21
2406752,24067.52
2406880,24068.8
2406983,24069.83
2407090,24070.9
2407179,24071.79
2407269,24072.69
2407365,24073.65
2407452,24074.52
2407540,24075.4
2407631,24076.31
2407716,24077.16
2407793,24077.93
2407868,24078.68
2407941,24079.41
2408014,24080.14
2408106,24081.06
2408210,24082.1
2408319,24083.19
2408439,24084.39
2408554,24085.54
2408670,24086.7
2408794,24087.94
2408910,24089.1
2409030,24090.3
2409140,24091.4
2409251,24092.51
2409365,24093.65
2409470,24094.7
2409578,24095.78
2409692,24096.92
2409805,24098.05
2409916,24099.16
2410022,24100.22
2410132,24101.32
2410245,24102.45
2410345,24103.45
2410443,24104.43
2410551,24105.51
2410654,24106.54
2410748,24107.48
2410845,24108.45
2410960,24109.6
2411069,24110.69
2411161,24111.61
2411251,24112.51
2411368,24113.68
2411470,24114.7
2411565,24115.65
2411661,24116.61
2411753,24117.53
2411863,24118.63
2411981,24119.81
2412089,24120.89
2412213,24122.13
2412332,24123.32
2412459,24124.59
2412577,24125.77
2412692,24126.92
2412812,24128.12
2412928,24129.28
2413052,24130.52
2413170,24131.7
2413277,24132.77
2413386,24133.86
2413505,24135.05
2413615,24136.15
2413730,24137.3
2413847,24138.47
2413954,24139.54
2414076,24140.76
2414198,24141.98
2414306,24143.06
2414420,24144.2
2414533,24145.33
2414641,24146.41
2414775,24147.75
2414891,24148.91
2414994,24149.94
2415093,24150.93
2415179,24151.79
2415264,24152.64
2415357,24153.57
2415442,24154.42
2415529,24155.29
2415613,24156.13
2415694,24156.94
2415778,24157.78
2415864,24158.64
2415949,24159.49
2416039,24160.39
2416149,24161.49
2416254,24162.54
2416364,24163.64
2416482,24164.82
2416593,24165.93
2416712,24167.12
2416820,24168.2
2416926,24169.26
2417037,24170.37
2417142,24171.42
2417245,24172.45
2417346,24173.46
2417448,24174.48
2417543,24175.43
2417643,24176.43
2417744,24177.44
2417839,24178.39
2417940,24179.4
2418054,24180.54
2418164,24181.64
2418266,24182.66
2418378,24183.78
2418489,24184.89
2418588,24185.88
2418686,24186.86
2418795,24187.95
2418894,24188.94
2418998,24189.98
2419108,24191.08
2419214,24192.14
2419320,24193.2
2419413,24194.13
2419496,24194.96
2419579,24195.79
2419671,24196.71
2419759,24197.59
2419846,24198.46
2419935,24199.35
2420021,24200.21
2420106,24201.06
2420193,24201.93
2420295,24202.95
2420392,24203.92
2420508,24205.08
2420624,24206.24
2420738,24207.38
2420863,24208.63
2420976,24209.76
2421099,24210.99
2421222,24212.22
2421334,24213.34
2421449,24214.49
2421568,24215.68
2421676,24216.76
2421785,24217.85
2421901,24219.01
2422013,24220.13
2422127,24221.27
2422230,24222.3
2422334,24223.34
2422451,24224.51
2422558,24225.58
2422679,24226.79
2422788,24227.88
2422885,24228.85
2422995,24229.95
2423101,24231.01
2423191,24231.91
2423287,24232.87
2423406,24234.06
2423504,24235.04
2423603,24236.03
2423704,24237.04
2423796,24237.96
2423900,24239.0
2424008,24240.08
2424119,24241.19
2424229,24242.29
2424329,24243.29
2424429,24244.29
2424541,24245.41
2424647,24246.47
2424757,24247.57
2424871,24248.71
2424976,24249.76
2425089,24250.89
2425205,24252.05
2425310,24253.1
2425420,24254.2
2425541,24255.41
2425650,24256.5
2425758,24257.58
2425868,24258.68
2425970,24259.7
2426068,24260.68
2426175,24261.75
2426290,24262.9
2426400,24264.0
2426522,24265.22
2426646,24266.46
2426749,24267.49
2426845,24268.45
2426930,24269.3
2427015,24270.15
2427103,24271.03
2427186,24271.86
2427268,24272.68
2427354,24273.54
2427444,24274.44
2427533,24275.33
2427617,24276.17
2427696,24276.96
2427776,24277.76
2427856,24278.56
2427939,24279.39
2428025,24280.25
2428129,24281.29
2428247,24282.47
2428357,24283.57
2428480,24284.8
2428597,24285.97
2428707,24287.07
2428821,24288.21
2428923,24289.23
2429029,24290.29
2429138,24291.38
2429238,24292.38
2429343,24293.43
2429456,24294.56
2429561,24295.61
2429666,24296.66
2429771,24297.71
2429869,24298.69
2429977,24299.77
2430092,24300.92
2430203,24302.03
2430306,24303.06
2430416,24304.16
2430530,24305.3
2430636,24306.36
2430751,24307.51
2430872,24308.72
2430984,24309.84
2431103,24311.03
2431219,24312.19
2431323,24313.23
2431426,24314.26
2431525,24315.25
2431611,24316.11
2431694,24316.94
2431781,24317.81
2431877,24318.77
2431973,24319.73
2432056,24320.56
2432139,24321.39
2432222,24322.22
2432302,24323.02
2432383,24323.83
2432464,24324.64
2432546,24325.46
2432637,24326.37
2432750,24327.5
2432867,24328.67
2432977,24329.77
2433080,24330.8
2433193,24331.93
2433305,24333.05
2433413,24334.13
2433527,24335.27
2433637,24336.37
2433742,24337.42
2433858,24338.58
2433971,24339.71
2434073,24340.73
2434178,24341.78
2434287,24342.87
2434391,24343.91
2434490,24344.9
2434600,24346.0
2434717,24347.17
2434832,24348.32
2434945,24349.45
2435051,24350.51
2435150,24351.5
2435252,24352.52
2435366,24353.66
2435471,24354.71
2435596,24355.96
2435717,24357.17
2435829,24358.29
2435954,24359.54
2436080,24360.8
2436180,24361.8
2436273,24362.73
2436358,24363.58
2436440,24364.4
2436525,24365.25
2436609,24366.09
2436690,24366.9
2436772,24367.72
2436854,24368.54
2436937,24369.37
2437019,24370.19
2437102,24371.02
2437187,24371.87
2437280,24372.8
2437387,24373.87
2437488,24374.88
2437596,24375.96
2437715,24377.15
2437821,24378.21
2437929,24379.29
2438043,24380.43
2438145,24381.45
2438252,24382.52
2438365,24383.65
2438474,24384.74
2438576,24385.76
2438682,24386.82
2438788,24387.88
2438887,24388.87
2438985,24389.85
2439096,24390.96
2439209,24392.09
2439312,24393.12
2439424,24394.24
2439546,24395.46
2439663,24396.63
2439788,24397.88
2439917,24399.17
2440038,24400.38
2440159,24401.59
2440283,24402.83
2440392,24403.92
2440507,24405.07
2440618,24406.18
2440725,24407.25
2440835,24408.35
2440933,24409.33
2441027,24410.27
2441111,24411.11
2441194,24411.94
2441280,24412.8
2441360,24413.6
2441443,24414.43
2441529,24415.29
2441616,24416.16
2441695,24416.95
2441776,24417.76
2441855,24418.55
2441934,24419.34
2442014,24420.14
2442096,24420.96
2442190,24421.9
2442292,24422.92
2442400,24424.0
2442515,24425.15
2442623,24426.23
2442737,24427.37
2442855,24428.55
2442964,24429.64
2443078,24430.78
2443199,24431.99
2443310,24433.1
2443428,24434.28
2443545,24435.45
2443655,24436.55
2443766,24437.66
2443881,24438.81
2443987,24439.87
2444087,24440.87
2444189,24441.89
2444293,24442.93
2444390,24443.9
2444487,24444.87
2444597,24445.97
2444706,24447.06
2444812,24448.12
2444927,24449.27
2445035,24450.35
2445136,24451.36
2445250,24452.5
2445365,24453.65
2445463,24454.63
2445562,24455.62
2445657,24456.57
2445742,24457.42
2445829,24458.29
2445915,24459.15
2445997,24459.97
2446084,24460.84
2446167,24461.67
2446248,24462.48
2446330,24463.3
2446410,24464.1
2446488,24464.88
2446565,24465.65
2446641,24466.41
2446714,24467.14
2446786,24467.86
2446857,24468.57
2446926,24469.26
2446994,24469.94
2447062,24470.62
2447129,24471.29
2447195,24471.95
2447261,24472.61
2447326,24473.26
2447394,24473.94
2447465,24474.65
2447552,24475.52
2447650,24476.5
2447748,24477.48
2447844,24478.44
2447945,24479.45
2448053,24480.53
2448161,24481.61
2448268,24482.68
2448381,24483.81
2448490,24484.9
2448595,24485.95
2448702,24487.02
2448806,24488.06
2448903,24489.03
2449006,24490.06
2449113,24491.13
2449224,24492.24
2449343,24493.43
2449457,24494.57
2449571,24495.71
2449695,24496.95
2449818,24498.18
2449932,24499.32
2450055,24500.55
2450175,24501.75
2450288,24502.88
2450413,24504.13
2450524,24505.24
2450621,24506.21
2450712,24507.12
2450807,24508.07
2450899,24508.99
2450992,24509.92
2451094,24510.94
2451197,24511.97
2451289,24512.89
2451378,24513.78
2451465,24514.65
2451558,24515.58
2451658,24516.58
2451759,24517.59
2451882,24518.82
2451993,24519.93
2452102,24521.02
2452214,24522.14
2452321,24523.21
2452434,24524.34
2452543,24525.43
2452646,24526.46
2452754,24527.54
2452865,24528.65
2452971,24529.71
2453088,24530.88
2453215,24532.15
2453332,24533.32
2453454,24534.54
2453581,24535.81
2453705,24537.05
2453831,24538.31
2453949,24539.49
2454072,24540.72
2454188,24541.88
2454297,24542.97
2454409,24544.09
2454529,24545.29
2454641,24546.41
2454766,24547.66
2454891,24548.91
2455006,24550.06
2455121,24551.21
2455237,24552.37
2455324,24553.24
2455405,24554.05
2455482,24554.82
2455560,24555.6
2455637,24556.37
2455712,24557.12
2455786,24557.86
2455855,24558.55
2455924,24559.24
2455994,24559.94
2456074,24560.74
2456185,24561.85
2456297,24562.97
2456405,24564.05
2456521,24565.21
2456632,24566.32
2456749,24567.49
2456855,24568.55
2456962,24569.62
2457068,24570.68
2457171,24571.71
2457275,24572.75
2457375,24573.75
2457475,24574.75
2457579,24575.79
2457679,24576.79
2457783,24577.83
2457892,24578.92
2457994,24579.94
2458089,24580.89
2458187,24581.87
2458291,24582.91
2458389,24583.89
2458495,24584.95
2458608,24586.08
2458713,24587.13
2458831,24588.31
2458950,24589.5
2459055,24590.55
2459170,24591.7
2459290,24592.9
2459406,24594.06
2459505,24595.05
2459597,24595.97
2459683,24596.83
2459766,24597.66
2459851,24598.51
2459941,24599.41
2460033,24600.33
2460124,24601.24
2460213,24602.13
2460299,24602.99
2460388,24603.88
2460480,24604.8
2460571,24605.71
2460678,24606.78
2460792,24607.92
2460895,24608.95
2461003,24610.03
2461116,24611.16
2461220,24612.2
2461331,24613.31
2461442,24614.42
2461543,24615.43
2461655,24616.55
2461764,24617.64
2461866,24618.66
2461967,24619.67
2462066,24620.66
2462164,24621.64
2462264,24622.64
2462377,24623.77
2462487,24624.87
2462593,24625.93
2462710,24627.1
2462828,24628.28
2462941,24629.41
2463057,24630.57
2463160,24631.6
2463262,24632.62
2463362,24633.62
2463450,24634.5
2463535,24635.35
2463622,24636.22
2463718,24637.18
2463805,24638.05
2463891,24638.91
2463979,24639.79
2464066,24640.66
2464152,24641.52
2464245,24642.45
2464354,24643.54
2464462,24644.62
2464584,24645.84
2464699,24646.99
2464822,24648.22
2464948,24649.48
2465068,24650.68
2465187,24651.87
2465304,24653.04
2465410,24654.1
2465521,24655.21
2465635,24656.35
2465739,24657.39
2465845,24658.45
2465953,24659.53
2466053,24660.53
2466161,24661.61
2466274,24662.74
2466383,24663.83
2466490,24664.9
2466594,24665.94
2466708,24667.08
2466825,24668.25
2466936,24669.36
2467053,24670.53
2467169,24671.69
2467276,24672.76
2467390,24673.9
2467504,24675.04
2467602,24676.02
2467697,24676.97
2467786,24677.86
2467869,24678.69
2467949,24679.49
2468031,24680.31
2468121,24681.21
2468200,24682.0
2468275,24682.75
2468348,24683.48
2468422,24684.22
2468495,24684.95
2468582,24685.82
2468667,24686.67
2468756,24687.56
2468862,24688.62
2468972,24689.72
2469078,24690.78
2469198,24691.98
2469310,24693.1
2469423,24694.23
2469541,24695.41
2469657,24696.57
2469776,24697.76
2469884,24698.84
2469989,24699.89
2470095,24700.95
2470199,24701.99
2470297,24702.97
2470397,24703.97
2470505,24705.05
2470608,24706.08
2470717,24707.17
2470827,24708.27
2470933,24709.33
2471044,24710.44
2471159,24711.59
2471265,24712.65
2471373,24713.73
2471483,24714.83
2471592,24715.92
2471704,24717.04
2471826,24718.26
2471941,24719.41
2472056,24720.56
2472174,24721.74
2472289,24722.89
2472392,24723.92
2472488,24724.88
2472572,24725.72
2472656,24726.56
2472738,24727.38
2472822,24728.22
2472905,24729.05
2472991,24729.91
2473078,24730.78
2473161,24731.61
2473242,24732.42
2473321,24733.21
2473401,24734.01
2473485,24734.85
2473586,24735.86
2473678,24736.78
2473780,24737.8
2473898,24738.98
2474003,24740.03
2474118,24741.18
2474239,24742.39
2474348,24743.48
2474457,24744.57
2474569,24745.69
2474674,24746.74
2474771,24747.71
2474871,24748.71
2474976,24749.76
2475078,24750.78
2475180,24751.8
2475290,24752.9
2475397,24753.97
2475498,24754.98
2475605,24756.05
2475716,24757.16
2475817,24758.17
2475927,24759.27
2476040,24760.4
2476148,24761.48
2476239,24762.39
2476331,24763.31
2476447,24764.47
2476553,24765.53
2476674,24766.74
2476796,24767.96
2476909,24769.09
2477033,24770.33
2477149,24771.49
2477250,24772.5
2477349,24773.49
2477436,24774.36
2477521,24775.21
2477608,24776.08
2477691,24776.91
2477774,24777.74
2477856,24778.56
2477936,24779.36
2478018,24780.18
2478102,24781.02
2478185,24781.85
2478276,24782.76
2478374,24783.74
2478467,24784.67
2478579,24785.79
2478702,24787.02
2478821,24788.21
2478937,24789.37
2479050,24790.5
2479160,24791.6
2479271,24792.71
2479377,24793.77
2479487,24794.87
2479599,24795.99
2479706,24797.06
2479818,24798.18
2479925,24799.25
2480028,24800.28
2480136,24801.36
2480241,24802.41
2480346,24803.46
2480450,24804.5
2480553,24805.53
2480650,24806.5
2480747,24807.47
2480845,24808.45
2480940,24809.4
2481035,24810.35
2481149,24811.49
2481269,24812.69
2481381,24813.81
2481508,24815.08
2481636,24816.36
2481745,24817.45
2481857,24818.57
2481957,24819.57
2482043,24820.43
2482128,24821.28
2482211,24822.11
2482293,24822.93
2482377,24823.77
2482461,24824.61
2482550,24825.5
2482635,24826.35
2482723,24827.23
2482823,24828.23
2482926,24829.26
2483051,24830.51
2483172,24831.72
2483300,24833.0
2483417,24834.17
2483529,24835.29
2483642,24836.42
2483747,24837.47
2483856,24838.56
2483967,24839.67
2484072,24840.72
2484172,24841.72
2484272,24842.72
2484377,24843.77
2484480,24844.8
2484588,24845.88
2484702,24847.02
2484812,24848.12
2484932,24849.32
2485047,24850.47
2485159,24851.59
2485275,24852.75
2485384,24853.84
2485492,24854.92
2485604,24856.04
2485710,24857.1
2485811,24858.11
2485909,24859.09
2485998,24859.98
2486085,24860.85
2486177,24861.77
2486282,24862.82
2486371,24863.71
2486458,24864.58
2486545,24865.45
2486628,24866.28
2486713,24867.13
2486801,24868.01
2486898,24868.98
2486996,24869.96
2487113,24871.13
2487224,24872.24
2487341,24873.41
2487458,24874.58
2487572,24875.72
2487691,24876.91
2487802,24878.02
2487910,24879.1
2488023,24880.23
2488125,24881.25
2488223,24882.23
2488326,24883.26
2488432,24884.32
2488532,24885.32
2488641,24886.41
2488750,24887.5
2488849,24888.49
2488950,24889.5
2489051,24890.51
2489150,24891.5
2489256,24892.56
2489363,24893.63
2489463,24894.63
2489573,24895.73
2489684,24896.84
2489775,24897.75
2489860,24898.6
2489949,24899.49
2490035,24900.35
2490122,24901.22
2490210,24902.1
2490303,24903.03
2490396,24903.96
2490488,24904.88
2490580,24905.8
2490683,24906.83
2490793,24907.93
2490902,24909.02
2491023,24910.23
2491141,24911.41
2491248,24912.48
2491363,24913.63
2491469,24914.69
2491567,24915.67
2491669,24916.69
2491782,24917.82
2491884,24918.84
2491992,24919.92
2492105,24921.05
2492205,24922.05
2492305,24923.05
2492412,24924.12
2492516,24925.16
2492609,24926.09
2492706,24927.06
2492808,24928.08
2492900,24929.0
2492994,24929.94
2493108,24931.08
2493210,24932.1
2493310,24933.1
2493419,24934.19
2493514,24935.14
2493608,24936.08
2493695,24936.95
2493778,24937.78
2493861,24938.61
2493948,24939.48
2494037,24940.37
2494126,24941.26
2494215,24942.15
2494303,24943.03
2494394,24943.94
2494485,24944.85
2494569,24945.69
2494651,24946.51
2494734,24947.34
2494815,24948.15
2494897,24948.97
2494980,24949.8
2495057,24950.57
2495133,24951.33
2495210,24952.1
2495290,24952.9
2495387,24953.87
2495480,24954.8
2495579,24955.79
2495694,24956.94
2495804,24958.04
2495916,24959.16
2496032,24960.32
2496145,24961.45
2496265,24962.65
2496376,24963.76
2496488,24964.88
2496605,24966.05
2496709,24967.09
2496814,24968.14
2496923,24969.23
2497026,24970.26
2497124,24971.24
2497218,24972.18
2497314,24973.14
2497408,24974.08
2497516,24975.16
2497629,24976.29
2497730,24977.3
2497840,24978.4
2497950,24979.5
2498048,24980.48
2498153,24981.53
2498245,24982.45
2498328,24983.28
2498410,24984.1
2498490,24984.9
2498570,24985.7
2498650,24986.5
2498727,24987.27
2498805,24988.05
2498885,24988.85
2498964,24989.64
2499046,24990.46
2499137,24991.37
2499230,24992.3
2499347,24993.47
2499459,24994.59
2499569,24995.69
2499674,24996.74
2499780,24997.8
2499886,24998.86
2499985,24999.85
2500089,25000.89
2500196,25001.96
2500297,25002.97
2500402,25004.02
2500512,25005.12
2500612,25006.12
2500707,25007.07
2500806,25008.06
2500915,25009.15
2501014,25010.14
2501121,25011.21
2501221,25012.21
2501330,25013.3
2501444,25014.44
2501553,25015.53
2501669,25016.69
2501791,25017.91
2501901,25019.01
2502012,25020.12
2502132,25021.32
2502240,25022.4
2502348,25023.48
2502449,25024.49
2502536,25025.36
2502622,25026.22
2502710,25027.1
2502796,25027.96
2502881,25028.81
2502966,25029.66
2503047,25030.47
2503131,25031.31
2503213,25032.13
2503298,25032.98
2503384,25033.84
2503480,25034.8
2503588,25035.88
2503697,25036.97
2503809,25038.09
2503914,25039.14
2504019,25040.19
2504133,25041.33
2504239,25042.39
2504345,25043.45
2504459,25044.59
2504563,25045.63
2504666,25046.66
2504773,25047.73
2504882,25048.82
2504983,25049.83
2505086,25050.86
2505189,25051.89
2505286,25052.86
2505385,25053.85
2505490,25054.9
2505590,25055.9
2505687,25056.87
2505790,25057.9
2505906,25059.06
2506010,25060.1
2506129,25061.29
2506238,25062.38
2506352,25063.52
2506463,25064.63
2506578,25065.78
2506674,25066.74
2506764,25067.64
2506846,25068.46
2506927,25069.27
2507016,25070.16
2507121,25071.21
2507206,25072.06
2507288,25072.88
2507367,25073.67
2507445,25074.45
2507522,25075.22
2507600,25076.0
2507684,25076.84
2507768,25077.68
2507847,25078.47
2507927,25079.27
2508010,25080.1
2508110,25081.1
2508207,25082.07
2508323,25083.23
2508442,25084.42
2508555,25085.55
2508670,25086.7
2508785,25087.85
2508896,25088.96
2509016,25090.16
2509136,25091.36
2509249,25092.49
2509366,25093.66
2509479,25094.79
2509586,25095.86
2509700,25097.0
2509803,25098.03
2509904,25099.04
2510007,25100.07
2510107,25101.07
2510203,25102.03
2510303,25103.03
2510418,25104.18
2510522,25105.22
2510637,25106.37
2510752,25107.52
2510858,25108.58
2510977,25109.77
2511093,25110.93
2511202,25112.02
2511323,25113.23
2511439,25114.39
2511544,25115.44
2511646,25116.46
2511736,25117.36
2511821,25118.21
2511904,25119.04
2512007,25120.07
2512111,25121.11
2512203,25122.03
2512293,25122.93
2512379,25123.79
2512468,25124.68
2512558,25125.58
2512645,25126.45
2512741,25127.41
2512842,25128.42
2512936,25129.36
2513041,25130.41
2513149,25131.49
2513249,25132.49
2513351,25133.51
2513459,25134.59
2513562,25135.62
2513659,25136.59
2513761,25137.61
2513865,25138.65
2513959,25139.59
2514056,25140.56
2514157,25141.57
2514259,25142.59
2514379,25143.79
2514495,25144.95
2514601,25146.01
2514712,25147.12
2514829,25148.29
2514940,25149.4
2515065,25150.65
2515184,25151.84
2515290,25152.9
2515407,25154.07
2515526,25155.26
2515646,25156.46
2515781,25157.81
2515907,25159.07
2516025,25160.25
2516142,25161.42
2516249,25162.49
2516347,25163.47
2516449,25164.49
2516536,25165.36
2516619,25166.19
2516698,25166.98
2516775,25167.75
2516851,25168.51
2516926,25169.26
2517001,25170.01
2517070,25170.7
2517139,25171.39
2517205,25172.05
2517271,25172.71
2517336,25173.36
2517401,25174.01
2517470,25174.7
2517546,25175.46
2517634,25176.34
2517738,25177.38
2517843,25178.43
2517949,25179.49
2518051,25180.51
2518150,25181.5
2518243,25182.43
2518327,25183.27
2518410,25184.1
2518495,25184.95
2518588,25185.88
2518674,25186.74
2518767,25187.67
2518861,25188.61
2518964,25189.64
2519068,25190.68
2519166,25191.66
2519273,25192.73
2519383,25193.83
2519485,25194.85
2519592,25195.92
2519696,25196.96
2519797,25197.97
2519900,25199.0
2519997,25199.97
2520092,25200.92
2520191,25201.91
2520290,25202.9
2520385,25203.85
2520479,25204.79
2520585,25205.85
2520693,25206.93
2520793,25207.93
2520898,25208.98
2521017,25210.17
2521133,25211.33
2521255,25212.55
2521375,25213.75
2521482,25214.82
2521590,25215.9
2521688,25216.88
2521774,25217.74
2521858,25218.58
2521939,25219.39
2522017,25220.17
2522095,25220.95
2522171,25221.71
2522246,25222.46
2522319,25223.19
2522389,25223.89
2522458,25224.58
2522526,25225.26
2522594,25225.94
2522667,25226.67
2522782,25227.82
2522890,25228.9
2522988,25229.88
2523099,25230.99
2523215,25232.15
2523327,25233.27
2523447,25234.47
2523566,25235.66
2523683,25236.83
2523804,25238.04
2523914,25239.14
2524021,25240.21
2524133,25241.33
2524247,25242.47
2524352,25243.52
2524455,25244.55
2524561,25245.61
2524666,25246.66
2524766,25247.66
2524865,25248.65
2524969,25249.69
2525071,25250.71
2525170,25251.7
2525279,25252.79
2525387,25253.87
2525492,25254.92
2525605,25256.05
2525717,25257.17
2525819,25258.19
2525924,25259.24
2526033,25260.33
2526135,25261.35
2526248,25262.48
2526362,25263.62
2526471,25264.71
2526582,25265.82
2526696,25266.96
2526791,25267.91
2526887,25268.87
2526973,25269.73
2527055,25270.55
2527139,25271.39
2527221,25272.21
2527302,25273.02
2527383,25273.83
2527463,25274.63
2527540,25275.4
2527613,25276.13
2527686,25276.86
2527755,25277.55
2527824,25278.24
2527895,25278.95
2527987,25279.87
2528108,25281.08
2528227,25282.27
2528349,25283.49
2528451,25284.51
2528553,25285.53
2528666,25286.66
2528776,25287.76
2528883,25288.83
2528997,25289.97
2529112,25291.12
2529224,25292.24
2529343,25293.43
2529458,25294.58
2529566,25295.66
2529676,25296.76
2529785,25297.85
2529887,25298.87
2529990,25299.9
2530098,25300.98
2530196,25301.96
2530301,25303.01
2530412,25304.12
2530515,25305.15
2530617,25306.17
2530731,25307.31
2530846,25308.46
2530950,25309.5
2531056,25310.56
2531164,25311.64
2531269,25312.69
2531379,25313.79
2531495,25314.95
2531601,25316.01
2531709,25317.09
2531818,25318.18
2531922,25319.22
2532019,25320.19
2532124,25321.24
2532215,25322.15
2532299,25322.99
2532382,25323.82
2532462,25324.62
2532539,25325.39
2532617,25326.17
2532696,25326.96
2532775,25327.75
2532851,25328.51
2532926,25329.26
2532997,25329.97
2533067,25330.67
2533135,25331.35
2533201,25332.01
2533268,25332.68
2533340,25333.4
2533427,25334.27
2533532,25335.32
2533628,25336.28
2533723,25337.23
2533836,25338.36
2533951,25339.51
2534058,25340.58
2534170,25341.7
2534282,25342.82
2534392,25343.92
2534509,25345.09
2534616,25346.16
2534724,25347.24
2534831,25348.31
2534935,25349.35
2535032,25350.32
2535136,25351.36
2535247,25352.47
2535350,25353.5
2535456,25354.56
2535568,25355.68
2535675,25356.75
2535780,25357.8
2535891,25358.91
2535992,25359.92
2536096,25360.96
2536207,25362.07
2536310,25363.1
2536404,25364.04
2536508,25365.08
2536620,25366.2
2536719,25367.19
2536818,25368.18
2536918,25369.18
2537005,25370.05
2537092,25370.92
2537186,25371.86
2537274,25372.74
2537360,25373.6
2537445,25374.45
2537528,25375.28
2537611,25376.11
2537693,25376.93
2537777,25377.77
2537863,25378.63
2537961,25379.61
2538075,25380.75
2538188,25381.88
2538307,25383.07
2538423,25384.23
2538543,25385.43
2538655,25386.55
2538772,25387.72
2538885,25388.85
2538992,25389.92
2539099,25390.99
2539208,25392.08
2539308,25393.08
2539412,25394.12
2539519,25395.19
2539621,25396.21
2539719,25397.19
2539827,25398.27
2539930,25399.3
2540032,25400.32
2540145,25401.45
2540252,25402.52
2540351,25403.51
2540466,25404.66
2540580,25405.8
2540679,25406.79
2540778,25407.78
2540890,25408.9
2540995,25409.95
2541092,25410.92
2541198,25411.98
2541305,25413.05
2541391,25413.91
2541474,25414.74
2541565,25415.65
2541673,25416.73
2541781,25417.81
2541866,25418.66
2541945,25419.45
2542019,25420.19
2542091,25420.91
2542160,25421.6
2542228,25422.28
2542297,25422.97
2542375,25423.75
2542490,25424.9
2542594,25425.94
2542687,25426.87
2542779,25427.79
2542864,25428.64
2542946,25429.46
2543024,25430.24
2543100,25431.0
2543174,25431.74
2543247,25432.47
2543319,25433.19
2543389,25433.89
2543460,25434.6
2543534,25435.34
2543621,25436.21
2543721,25437.21
2543823,25438.23
2543918,25439.18
2544018,25440.18
2544118,25441.18
2544217,25442.17
2544317,25443.17
2544421,25444.21
2544519,25445.19
2544616,25446.16
2544705,25447.05
2544793,25447.93
2544885,25448.85
2544979,25449.79
2545071,25450.71
2545171,25451.71
2545273,25452.73
2545366,25453.66
2545474,25454.74
2545576,25455.76
2545673,25456.73
2545775,25457.75
2545882,25458.82
2545985,25459.85
2546096,25460.96
2546201,25462.01
2546299,25462.99
2546410,25464.1
2546509,25465.09
2546594,25465.94
2546680,25466.8
2546764,25467.64
2546846,25468.46
2546924,25469.24
2547002,25470.02
2547079,25470.79
2547156,25471.56
2547230,25472.3
2547303,25473.03
2547375,25473.75
2547450,25474.5
2547537,25475.37
2547656,25476.56
2547776,25477.76
2547883,25478.83
2547975,25479.75
2548063,25480.63
2548161,25481.61
2548271,25482.71
2548377,25483.77
2548484,25484.84
2548596,25485.96
2548700,25487.0
2548806,25488.06
2548909,25489.09
2549008,25490.08
2549113,25491.13
2549219,25492.19
2549317,25493.17
2549418,25494.18
2549520,25495.2
2549625,25496.25
2549727,25497.27
2549825,25498.25
2549928,25499.28
2550030,25500.3
2550128,25501.28
2550232,25502.32
2550337,25503.37
2550432,25504.32
2550532,25505.32
2550636,25506.36
2550735,25507.35
2550836,25508.36
2550953,25509.53
2551069,25510.69
2551181,25511.81
2551300,25513.0
2551415,25514.15
2551534,25515.34
2551656,25516.56
2551773,25517.73
2551876,25518.76
2551966,25519.66
2552047,25520.47
2552126,25521.26
2552206,25522.06
2552283,25522.83
2552360,25523.6
2552435,25524.35
2552511,25525.11
2552592,25525.92
2552670,25526.7
2552747,25527.47
2552822,25528.22
2552896,25528.96
2552968,25529.68
2553040,25530.4
2553118,25531.18
2553209,25532.09
2553334,25533.34
2553455,25534.55
2553575,25535.75
2553698,25536.98
2553820,25538.2
2553933,25539.33
2554049,25540.49
2554163,25541.63
2554277,25542.77
2554386,25543.86
2554491,25544.91
2554589,25545.89
2554690,25546.9
2554802,25548.02
2554910,25549.1
2555017,25550.17
2555132,25551.32
2555239,25552.39
2555349,25553.49
2555463,25554.63
2555567,25555.67
2555673,25556.73
2555783,25557.83
2555887,25558.87
2555985,25559.85
2556081,25560.81
2556181,25561.81
2556278,25562.78
2556381,25563.81
2556478,25564.78
2556566,25565.66
2556651,25566.51
2556742,25567.42
2556837,25568.37
2556924,25569.24
2557019,25570.19
2557114,25571.14
2557201,25572.01
2557295,25572.95
2557394,25573.94
2557493,25574.93
2557610,25576.1
2557725,25577.25
2557840,25578.4
2557950,25579.5
2558060,25580.6
2558169,25581.69
2558280,25582.8
2558387,25583.87
2558485,25584.85
2558581,25585.81
2558677,25586.77
2558783,25587.83
2558893,25588.93
2559001,25590.01
2559115,25591.15
2559229,25592.29
2559348,25593.48
2559461,25594.61
2559573,25595.73
2559687,25596.87
2559798,25597.98
2559906,25599.06
2560021,25600.21
2560139,25601.39
2560254,25602.54
2560373,25603.73
2560495,25604.95
2560620,25606.2
2560749,25607.49
2560884,25608.84
2561014,25610.14
2561133,25611.33
2561261,25612.61
2561386,25613.86
2561518,25615.18
2561645,25616.45
2561765,25617.65
2561893,25618.93
2562018,25620.18
2562113,25621.13
2562202,25622.02
2562283,25622.83
2562361,25623.61
2562438,25624.38
2562512,25625.12
2562584,25625.84
2562653,25626.53
2562723,25627.23
2562790,25627.9
2562856,25628.56
2562925,25629.25
2563004,25630.04
2563123,25631.23
2563233,25632.33
2563349,25633.49
2563470,25634.7
2563591,25635.91
2563707,25637.07
2563814,25638.14
2563923,25639.23
2564034,25640.34
2564144,25641.44
2564251,25642.51
2564353,25643.53
2564452,25644.52
2564550,25645.5
2564648,25646.48
2564745,25647.45
2564838,25648.38
2564932,25649.32
2565038,25650.38
2565139,25651.39
2565241,25652.41
2565344,25653.44
2565446,25654.46
2565557,25655.57
2565666,25656.66
2565770,25657.7
2565883,25658.83
2565992,25659.92
2566101,25661.01
2566219,25662.19
2566337,25663.37
2566459,25664.59
2566576,25665.76
2566694,25666.94
2566812,25668.12
2566930,25669.3
2567045,25670.45
2567159,25671.59
2567268,25672.68
2567386,25673.86
2567503,25675.03
2567612,25676.12
2567719,25677.19
2567807,25678.07
2567890,25678.9
2567968,25679.68
2568044,25680.44
2568118,25681.18
2568193,25681.93
2568269,25682.69
2568342,25683.42
2568414,25684.14
2568483,25684.83
2568551,25685.51
2568622,25686.22
2568699,25686.99
2568818,25688.18
2568928,25689.28
2569045,25690.45
2569162,25691.62
2569281,25692.81
2569398,25693.98
2569507,25695.07
2569623,25696.23
2569737,25697.37
2569842,25698.42
2569950,25699.5
2570063,25700.63
2570170,25701.7
2570273,25702.73
2570384,25703.84
2570497,25704.97
2570604,25706.04
2570716,25707.16
2570830,25708.3
2570937,25709.37
2571039,25710.39
2571149,25711.49
2571260,25712.6
2571363,25713.63
2571481,25714.81
2571600,25716.0
2571725,25717.25
2571851,25718.51
2571972,25719.72
2572099,25720.99
2572221,25722.21
2572340,25723.4
2572465,25724.65
2572581,25725.81
2572695,25726.95
2572815,25728.15
2572932,25729.32
2573032,25730.32
2573132,25731.32
2573218,25732.18
2573301,25733.01
2573380,25733.8
2573457,25734.57
2573534,25735.34
2573611,25736.11
2573692,25736.92
2573775,25737.75
2573853,25738.53
2573927,25739.27
2574000,25740.0
2574072,25740.72
2574147,25741.47
2574259,25742.59
2574372,25743.72
2574482,25744.82
2574600,25746.0
2574719,25747.19
2574843,25748.43
2574962,25749.62
2575072,25750.72
2575182,25751.82
2575294,25752.94
2575400,25754.0
2575506,25755.06
2575616,25756.16
2575726,25757.26
2575834,25758.34
2575944,25759.44
2576052,25760.52
2576157,25761.57
2576271,25762.71
2576383,25763.83
2576484,25764.84
2576588,25765.88
2576693,25766.93
2576792,25767.92
2576895,25768.95
2577008,25770.08
2577119,25771.19
2577229,25772.29
2577339,25773.39
2577448,25774.48
2577553,25775.53
2577670,25776.7
2577782,25777.82
2577888,25778.88
2578005,25780.05
2578115,25781.15
2578215,25782.15
2578314,25783.14
2578401,25784.01
2578482,25784.82
2578564,25785.64
2578647,25786.47
2578728,25787.28
2578809,25788.09
2578893,25788.93
2578984,25789.84
2579077,25790.77
2579162,25791.62
2579245,25792.45
2579328,25793.28
2579409,25794.09
2579492,25794.92
2579589,25795.89
2579705,25797.05
2579814,25798.14
2579924,25799.24
2580041,25800.41
2580158,25801.58
2580273,25802.73
2580391,25803.91
2580506,25805.06
2580614,25806.14
2580721,25807.21
2580829,25808.29
2580940,25809.4
2581038,25810.38
2581140,25811.4
2581250,25812.5
2581357,25813.57
2581458,25814.58
2581565,25815.65
2581665,25816.65
2581766,25817.66
2581879,25818.79
2582003,25820.03
2582129,25821.29
2582259,25822.59
2582380,25823.8
2582503,25825.03
2582631,25826.31
2582759,25827.59
2582882,25828.82
2582992,25829.92
2583101,25831.01
2583199,25831.99
2583283,25832.83
2583365,25833.65
2583449,25834.49
2583531,25835.31
2583616,25836.16
2583713,25837.13
2583818,25838.18
2583924,25839.24
2584010,25840.1
2584096,25840.96
2584182,25841.82
2584269,25842.69
2584358,25843.58
2584470,25844.7
2584585,25845.85
2584697,25846.97
2584820,25848.2
2584937,25849.37
2585052,25850.52
2585171,25851.71
2585283,25852.83
2585400,25854.0
2585511,25855.11
2585617,25856.17
2585727,25857.27
2585837,25858.37
2585944,25859.44
2586049,25860.49
2586153,25861.53
2586262,25862.62
2586370,25863.7
2586481,25864.81
2586587,25865.87
2586700,25867.0
2586816,25868.16
2586932,25869.32
2587051,25870.51
2587173,25871.73
2587288,25872.88
2587410,25874.1
2587529,25875.29
2587643,25876.43
2587763,25877.63
2587877,25878.77
2587988,25879.88
2588106,25881.06
2588229,25882.29
2588343,25883.43
2588467,25884.67
2588586,25885.86
2588697,25886.97
2588805,25888.05
2588908,25889.08
2588997,25889.97
2589082,25890.82
2589162,25891.62
2589242,25892.42
2589323,25893.23
2589402,25894.02
2589478,25894.78
2589553,25895.53
2589630,25896.3
2589713,25897.13
2589795,25897.95
2589876,25898.76
2589961,25899.61
2590079,25900.79
2590188,25901.88
2590305,25903.05
2590425,25904.25
2590541,25905.41
2590652,25906.52
2590765,25907.65
2590878,25908.78
2590989,25909.89
2591096,25910.96
2591206,25912.06
2591319,25913.19
2591436,25914.36
2591549,25915.49
2591652,25916.52
2591756,25917.56
2591857,25918.57
2591955,25919.55
2592052,25920.52
2592159,25921.59
2592260,25922.6
2592361,25923.61
2592472,25924.72
2592589,25925.89
2592706,25927.06
2592826,25928.26
2592940,25929.4
2593056,25930.56
2593177,25931.77
2593293,25932.93
2593416,25934.16
2593538,25935.38
2593654,25936.54
2593779,25937.79
2593905,25939.05
2594030,25940.3
2594164,25941.64
2594294,25942.94
2594422,25944.22
2594543,25945.43
2594664,25946.64
2594792,25947.92
2594905,25949.05
2595016,25950.16
2595105,25951.05
2595186,25951.86
2595259,25952.59
2595332,25953.32
2595402,25954.02
2595467,25954.67
2595531,25955.31
2595595,25955.95
2595659,25956.59
2595726,25957.26
2595803,25958.03
2595915,25959.15
2596026,25960.26
2596140,25961.4
2596252,25962.52
2596357,25963.57
2596457,25964.57
2596556,25965.56
2596655,25966.55
2596759,25967.59
2596859,25968.59
2596964,25969.64
2597065,25970.65
2597167,25971.67
2597267,25972.67
2597368,25973.68
2597466,25974.66
2597564,25975.64
2597661,25976.61
2597755,25977.55
2597848,25978.48
2597941,25979.41
2598030,25980.3
2598118,25981.18
2598208,25982.08
2598297,25982.97
2598386,25983.86
2598477,25984.77
2598565,25985.65
2598654,25986.54
2598743,25987.43
2598834,25988.34
2598924,25989.24
2599012,25990.12
2599094,25990.94
2599175,25991.75
2599260,25992.6
2599346,25993.46
2599439,25994.39
2599534,25995.34
2599629,25996.29
2599735,25997.35
2599841,25998.41
2599940,25999.4
2600044,26000.44
2600145,26001.45
2600241,26002.41
2600346,26003.46
2600449,26004.49
2600562,26005.62
2600671,26006.71
2600780,26007.8
2600881,26008.81
2600986,26009.86
2601086,26010.86
2601180,26011.8
2601273,26012.73
2601361,26013.61
2601446,26014.46
2601531,26015.31
2601616,26016.16
2601698,26016.98
2601774,26017.74
2601848,26018.48
2601920,26019.2
2601991,26019.91
2602061,26020.61
2602131,26021.31
2602202,26022.02
2602272,26022.72
2602342,26023.42
2602411,26024.11
2602479,26024.79
2602546,26025.46
2602612,26026.12
2602677,26026.77
2602741,26027.41
2602804,26028.04
2602866,26028.66
2602928,26029.28
2602988,26029.88
2603048,26030.48
2603108,26031.08
2603167,26031.67
2603227,26032.27
2603286,26032.86
2603346,26033.46
2603407,26034.07
2603471,26034.71
2603537,26035.37
2603606,26036.06
2603680,26036.8
2603756,26037.56
2603835,26038.35
2603931,26039.31
2604043,26040.43
2604154,26041.54
2604266,26042.66
2604371,26043.71
2604477,26044.77
2604577,26045.77
2604680,26046.8
2604801,26048.01
2604914,26049.14
2605019,26050.19
2605127,26051.27
2605226,26052.26
2605322,26053.22
2605432,26054.32
2605534,26055.34
2605624,26056.24
2605716,26057.16
2605843,26058.43
2605955,26059.55
2606068,26060.68
2606179,26061.79
2606283,26062.83
2606378,26063.78
2606476,26064.76
2606586,26065.86
2606693,26066.93
2606810,26068.1
2606924,26069.24
2607047,26070.47
2607164,26071.64
2607274,26072.74
2607393,26073.93
2607507,26075.07
2607624,26076.24
2607751,26077.51
2607880,26078.8
2607999,26079.99
2608134,26081.34
2608260,26082.6
2608374,26083.74
2608503,26085.03
2608620,26086.2
2608711,26087.11
2608800,26088.0
2608892,26088.92
2608976,26089.76
2609063,26090.63
2609149,26091.49
2609227,26092.27
2609305,26093.05
2609378,26093.78
2609452,26094.52
2609531,26095.31
2609654,26096.54
2609777,26097.77
2609904,26099.04
2610032,26100.32
2610141,26101.41
2610247,26102.47
2610358,26103.58
2610466,26104.66
2610568,26105.68
2610678,26106.78
2610794,26107.94
2610900,26109.0
2611008,26110.08
2611122,26111.22
2611226,26112.26
2611322,26113.22
2611418,26114.18
2611524,26115.24
2611627,26116.27
2611725,26117.25
2611830,26118.3
2611947,26119.47
2612058,26120.58
2612167,26121.67
2612287,26122.87
2612407,26124.07
2612518,26125.18
2612641,26126.41
2612763,26127.63
2612873,26128.73
2612984,26129.84
2613099,26130.99
2613205,26132.05
2613319,26133.19
2613432,26134.32
2613523,26135.23
2613609,26136.09
2613703,26137.03
2613791,26137.91
2613879,26138.79
2613976,26139.76
2614083,26140.83
2614170,26141.7
2614259,26142.59
2614358,26143.58
2614468,26144.68
2614570,26145.7
2614695,26146.95
2614816,26148.16
2614935,26149.35
2615055,26150.55
2615175,26151.75
2615290,26152.9
2615400,26154.0
2615513,26155.13
2615630,26156.3
2615746,26157.46
2615851,26158.51
2615957,26159.57
2616072,26160.72
2616184,26161.84
2616296,26162.96
2616417,26164.17
2616535,26165.35
2616647,26166.47
2616769,26167.69
2616891,26168.91
2617011,26170.11
2617134,26171.34
2617250,26172.5
2617375,26173.75
2617493,26174.93
2617605,26176.05
2617732,26177.32
2617846,26178.46
2617957,26179.57
2618080,26180.8
2618197,26181.97
2618303,26183.03
2618419,26184.19
2618538,26185.38
2618644,26186.44
2618750,26187.5
2618843,26188.43
2618931,26189.31
2619021,26190.21
2619105,26191.05
2619191,26191.91
2619284,26192.84
2619372,26193.72
2619450,26194.5
2619526,26195.26
2619599,26195.99
2619673,26196.73
2619762,26197.62
2619879,26198.79
2620001,26200.01
2620124,26201.24
2620240,26202.4
2620365,26203.65
2620486,26204.86
2620614,26206.14
2620740,26207.4
2620863,26208.63
2620990,26209.9
2621113,26211.13
2621224,26212.24
2621346,26213.46
2621461,26214.61
2621581,26215.81
2621701,26217.01
2621815,26218.15
2621923,26219.23
2622041,26220.41
2622151,26221.51
2622253,26222.53
2622364,26223.64
2622482,26224.82
2622598,26225.98
2622726,26227.26
2622846,26228.46
2622971,26229.71
2623104,26231.04
2623230,26232.3
2623366,26233.66
2623491,26234.91
2623608,26236.08
2623732,26237.32
2623855,26238.55
2623966,26239.66
2624074,26240.74
2624160,26241.6
2624243,26242.43
2624321,26243.21
2624396,26243.96
2624468,26244.68
2624538,26245.38
2624609,26246.09
2624687,26246.87
2624789,26247.89
2624879,26248.79
2624962,26249.62
2625044,26250.44
2625139,26251.39
2625265,26252.65
2625378,26253.78
2625499,26254.99
2625626,26256.26
2625746,26257.46
2625866,26258.66
2625986,26259.86
2626103,26261.03
2626223,26262.23
2626342,26263.42
2626459,26264.59
2626569,26265.69
2626674,26266.74
2626786,26267.86
2626901,26269.01
2627016,26270.16
2627126,26271.26
2627244,26272.44
2627364,26273.64
2627475,26274.75
2627587,26275.87
2627704,26277.04
2627822,26278.22
2627931,26279.31
2628032,26280.32
2628143,26281.43
2628249,26282.49
2628351,26283.51
2628462,26284.62
2628576,26285.76
2628685,26286.85
2628808,26288.08
2628928,26289.28
2629043,26290.43
2629166,26291.66
2629294,26292.94
2629418,26294.18
2629550,26295.5
2629670,26296.7
2629792,26297.92
2629913,26299.13
2630015,26300.15
2630123,26301.23
2630213,26302.13
2630294,26302.94
2630372,26303.72
2630447,26304.47
2630521,26305.21
2630594,26305.94
2630668,26306.68
2630749,26307.49
2630832,26308.32
2630911,26309.11
2630986,26309.86
2631061,26310.61
2631140,26311.4
2631261,26312.61
2631382,26313.82
2631507,26315.07
2631633,26316.33
2631752,26317.52
2631870,26318.7
2631997,26319.97
2632120,26321.2
2632241,26322.41
2632365,26323.65
2632482,26324.82
2632599,26325.99
2632718,26327.18
2632833,26328.33
2632946,26329.46
2633059,26330.59
2633171,26331.71
2633274,26332.74
2633381,26333.81
2633499,26334.99
2633611,26336.11
2633715,26337.15
2633826,26338.26
2633942,26339.42
2634052,26340.52
2634164,26341.64
2634275,26342.75
2634383,26343.83
2634492,26344.92
2634607,26346.07
2634712,26347.12
2634821,26348.21
2634938,26349.38
2635049,26350.49
2635164,26351.64
2635288,26352.88
2635405,26354.05
2635527,26355.27
2635648,26356.48
2635786,26357.86
2635919,26359.19
2636049,26360.49
2636190,26361.9
2636306,26363.06
2636402,26364.02
2636489,26364.89
2636567,26365.67
2636642,26366.42
2636715,26367.15
2636786,26367.86
2636854,26368.54
2636921,26369.21
2636985,26369.85
2637050,26370.5
2637115,26371.15
2637187,26371.87
2637274,26372.74
2637393,26373.93
2637504,26375.04
2637627,26376.27
2637752,26377.52
2637881,26378.81
2638003,26380.03
2638131,26381.31
2638257,26382.57
2638378,26383.78
2638493,26384.93
2638613,26386.13
2638726,26387.26
2638831,26388.31
2638937,26389.37
2639051,26390.51
2639154,26391.54
2639256,26392.56
2639367,26393.67
2639479,26394.79
2639579,26395.79
2639687,26396.87
2639799,26397.99
2639905,26399.05
2640011,26400.11
2640122,26401.22
2640234,26402.34
2640352,26403.52
2640471,26404.71
2640572,26405.72
2640677,26406.77
2640791,26407.91
2640891,26408.91
2640986,26409.86
2641080,26410.8
2641166,26411.66
2641255,26412.55
2641378,26413.78
2641501,26415.01
2641601,26416.01
2641689,26416.89
2641771,26417.71
2641855,26418.55
2641946,26419.46
2642061,26420.61
2642173,26421.73
2642300,26423.0
2642422,26424.22
2642548,26425.48
2642671,26426.71
2642789,26427.89
2642909,26429.09
2643029,26430.29
2643142,26431.42
2643261,26432.61
2643370,26433.7
2643481,26434.81
2643591,26435.91
2643695,26436.95
2643806,26438.06
2643921,26439.21
2644031,26440.31
2644148,26441.48
2644267,26442.67
2644376,26443.76
2644493,26444.93
2644611,26446.11
2644732,26447.32
2644864,26448.64
2644996,26449.96
2645101,26451.01
2645211,26452.11
2645304,26453.04
2645391,26453.91
2645476,26454.76
2645560,26455.6
2645643,26456.43
2645731,26457.31
2645825,26458.25
2645908,26459.08
2645993,26459.93
2646079,26460.79
2646166,26461.66
2646253,26462.53
2646350,26463.5
2646470,26464.7
2646586,26465.86
2646706,26467.06
2646826,26468.26
2646941,26469.41
2647058,26470.58
2647172,26471.72
2647280,26472.8
2647386,26473.86
2647491,26474.91
2647599,26475.99
2647702,26477.02
2647808,26478.08
2647919,26479.19
2648028,26480.28
2648132,26481.32
2648236,26482.36
2648346,26483.46
2648454,26484.54
2648560,26485.6
2648671,26486.71
2648783,26487.83
2648894,26488.94
2649004,26490.04
2649112,26491.12
2649218,26492.18
2649331,26493.31
2649438,26494.38
2649544,26495.44
2649670,26496.7
2649791,26497.91
2649906,26499.06
2650031,26500.31
2650155,26501.55
2650283,26502.83
2650411,26504.11
2650538,26505.38
2650669,26506.69
2650801,26508.01
2650936,26509.36
2651067,26510.67
2651202,26512.02
2651339,26513.39
2651476,26514.76
2651614,26516.14
2651751,26517.51
2651857,26518.57
2651951,26519.51
2652032,26520.32
2652109,26521.09
2652182,26521.82
2652252,26522.52
2652326,26523.26
2652400,26524.0
2652470,26524.7
2652537,26525.37
2652603,26526.03
2652668,26526.68
2652733,26527.33
2652801,26528.01
2652876,26528.76
2652992,26529.92
2653101,26531.01
2653214,26532.14
2653329,26533.29
2653443,26534.43
2653552,26535.52
2653668,26536.68
2653786,26537.86
2653903,26539.03
2654010,26540.1
2654123,26541.23
2654241,26542.41
2654348,26543.48
2654456,26544.56
2654575,26545.75
2654688,26546.88
2654800,26548.0
2654919,26549.19
2655027,26550.27
2655142,26551.42
2655258,26552.58
2655365,26553.65
2655476,26554.76
2655591,26555.91
2655696,26556.96
2655810,26558.1
2655921,26559.21
2656026,26560.26
2656137,26561.37
2656252,26562.52
2656358,26563.58
2656465,26564.65
2656580,26565.8
2656697,26566.97
2656817,26568.17
2656926,26569.26
2657035,26570.35
2657129,26571.29
2657211,26572.11
2657294,26572.94
2657384,26573.84
2657467,26574.67
2657552,26575.52
2657644,26576.44
2657763,26577.63
2657873,26578.73
2657978,26579.78
2658070,26580.7
2658158,26581.58
2658254,26582.54
2658361,26583.61
2658461,26584.61
2658574,26585.74
2658692,26586.92
2658808,26588.08
2658921,26589.21
2659036,26590.36
2659153,26591.53
2659268,26592.68
2659378,26593.78
2659486,26594.86
2659600,26596.0
2659710,26597.1
2659814,26598.14
2659920,26599.2
2660035,26600.35
2660146,26601.46
2660265,26602.65
2660383,26603.83
2660503,26605.03
2660631,26606.31
2660751,26607.51
2660874,26608.74
2660997,26609.97
2661114,26611.14
2661243,26612.43
2661363,26613.63
2661489,26614.89
2661610,26616.1
2661722,26617.22
2661842,26618.42
2661936,26619.36
2662024,26620.24
2662112,26621.12
2662198,26621.98
2662282,26622.82
2662367,26623.67
2662453,26624.53
2662532,26625.32
2662608,26626.08
2662683,26626.83
2662754,26627.54
2662825,26628.25
2662897,26628.97
2662976,26629.76
2663097,26630.97
2663211,26632.11
2663329,26633.29
2663446,26634.46
2663564,26635.64
2663683,26636.83
2663794,26637.94
2663903,26639.03
2664012,26640.12
2664121,26641.21
2664234,26642.34
2664343,26643.43
2664446,26644.46
2664551,26645.51
2664659,26646.59
2664763,26647.63
2664862,26648.62
2664962,26649.62
2665067,26650.67
2665173,26651.73
2665284,26652.84
2665388,26653.88
2665496,26654.96
2665608,26656.08
2665714,26657.14
2665823,26658.23
2665932,26659.32
2666030,26660.3
2666128,26661.28
2666224,26662.24
2666311,26663.11
2666398,26663.98
2666500,26665.0
2666600,26666.0
2666691,26666.91
2666799,26667.99
2666902,26669.02
2666996,26669.96
2667093,26670.93
2667201,26672.01
2667311,26673.11
2667432,26674.32
2667548,26675.48
2667663,26676.63
2667785,26677.85
2667900,26679.0
2668014,26680.14
2668126,26681.26
2668228,26682.28
2668334,26683.34
2668446,26684.46
2668555,26685.55
2668666,26686.66
2668784,26687.84
2668901,26689.01
2669015,26690.15
2669130,26691.3
2669243,26692.43
2669361,26693.61
2669484,26694.84
2669603,26696.03
2669725,26697.25
2669848,26698.48
2669974,26699.74
2670098,26700.98
2670225,26702.25
2670349,26703.49
2670479,26704.79
2670609,26706.09
2670735,26707.35
2670867,26708.67
2670981,26709.81
2671088,26710.88
2671177,26711.77
2671262,26712.62
2671344,26713.44
2671422,26714.22
2671498,26714.98
2671575,26715.75
2671660,26716.6
2671788,26717.88
2671908,26719.08
2672026,26720.26
2672140,26721.4
2672249,26722.49
2672354,26723.54
2672454,26724.54
2672552,26725.52
2672651,26726.51
2672747,26727.47
2672837,26728.37
2672924,26729.24
2673009,26730.09
2673092,26730.92
2673176,26731.76
2673261,26732.61
2673347,26733.47
2673436,26734.36
2673526,26735.26
2673614,26736.14
2673701,26737.01
2673786,26737.86
2673873,26738.73
2673959,26739.59
2674047,26740.47
2674133,26741.33
2674218,26742.18
2674307,26743.07
2674392,26743.92
2674475,26744.75
2674556,26745.56
2674637,26746.37
2674717,26747.17
2674796,26747.96
2674872,26748.72
2674948,26749.48
2675022,26750.22
2675095,26750.95
2675171,26751.71
2675248,26752.48
2675339,26753.39
2675444,26754.44
2675544,26755.44
2675644,26756.44
2675753,26757.53
2675855,26758.55
2675952,26759.52
2676044,26760.44
2676133,26761.33
2676224,26762.24
2676312,26763.12
2676397,26763.97
2676482,26764.82
2676575,26765.75
2676668,26766.68
2676761,26767.61
2676857,26768.57
2676971,26769.71
2677085,26770.85
2677189,26771.89
2677304,26773.04
2677428,26774.28
2677541,26775.41
2677659,26776.59
2677772,26777.72
2677873,26778.73
2677969,26779.69
2678067,26780.67
2678156,26781.56
2678239,26782.39
2678323,26783.23
2678408,26784.08
2678491,26784.91
2678574,26785.74
2678662,26786.62
2678751,26787.51
2678831,26788.31
2678910,26789.1
2678990,26789.9
2679074,26790.74
2679173,26791.73
2679263,26792.63
2679375,26793.75
2679493,26794.93
2679613,26796.13
2679735,26797.35
2679847,26798.47
2679958,26799.58
2680070,26800.7
2680180,26801.8
2680285,26802.85
2680392,26803.92
2680500,26805.0
2680604,26806.04
2680700,26807.0
2680797,26807.97
2680888,26808.88
2680981,26809.81
2681076,26810.76
2681169,26811.69
2681265,26812.65
2681373,26813.73
2681482,26814.82
2681585,26815.85
2681684,26816.84
2681797,26817.97
2681906,26819.06
2682014,26820.14
2682125,26821.25
2682226,26822.26
2682322,26823.22
2682423,26824.23
2682519,26825.19
2682612,26826.12
2682698,26826.98
2682779,26827.79
2682861,26828.61
2682949,26829.49
2683037,26830.37
2683121,26831.21
2683206,26832.06
2683302,26833.02
2683396,26833.96
2683482,26834.82
2683567,26835.67
2683654,26836.54
2683745,26837.45
2683856,26838.56
2683977,26839.77
2684095,26840.95
2684211,26842.11
2684327,26843.27
2684434,26844.34
2684540,26845.4
2684657,26846.57
2684772,26847.72
2684877,26848.77
2684984,26849.84
2685096,26850.96
2685200,26852.0
2685309,26853.09
2685413,26854.13
2685522,26855.22
2685628,26856.28
2685731,26857.31
2685845,26858.45
2685969,26859.69
2686078,26860.78
2686189,26861.89
2686297,26862.97
2686416,26864.16
2686525,26865.25
2686637,26866.37
2686771,26867.71
2686888,26868.88
2686996,26869.96
2687089,26870.89
2687173,26871.73
2687258,26872.58
2687345,26873.45
2687428,26874.28
2687511,26875.11
2687597,26875.97
2687697,26876.97
2687787,26877.87
2687873,26878.73
2687959,26879.59
2688053,26880.53
2688147,26881.47
2688253,26882.53
2688369,26883.69
2688480,26884.8
2688589,26885.89
2688707,26887.07
2688822,26888.22
2688938,26889.38
2689057,26890.57
2689176,26891.76
2689286,26892.86
2689398,26893.98
2689512,26895.12
2689621,26896.21
2689733,26897.33
2689849,26898.49
2689955,26899.55
2690058,26900.58
2690170,26901.7
2690286,26902.86
2690395,26903.95
2690506,26905.06
2690625,26906.25
2690737,26907.37
2690866,26908.66
2690994,26909.94
2691112,26911.12
2691235,26912.35
2691367,26913.67
2691506,26915.06
2691642,26916.42
2691780,26917.8
2691921,26919.21
2692063,26920.63
2692208,26922.08
2692357,26923.57
2692501,26925.01
2692660,26926.6
2692819,26928.19
2692969,26929.69
2693113,26931.13
2693257,26932.57
2693392,26933.92
2693528,26935.28
2693661,26936.61
2693752,26937.52
2693830,26938.3
2693904,26939.04
2693972,26939.72
2694039,26940.39
2694105,26941.05
2694177,26941.77
2694273,26942.73
2694370,26943.7
2694452,26944.52
2694531,26945.31
2694608,26946.08
2694686,26946.86
2694763,26947.63
2694836,26948.36
2694909,26949.09
2694987,26949.87
2695068,26950.68
2695150,26951.5
2695236,26952.36
2695353,26953.53
2695466,26954.66
2695578,26955.78
2695690,26956.9
2695805,26958.05
2695923,26959.23
2696033,26960.33
2696151,26961.51
2696271,26962.71
2696383,26963.83
2696502,26965.02
2696622,26966.22
2696734,26967.34
2696854,26968.54
2696971,26969.71
2697086,26970.86
2697203,26972.03
2697319,26973.19
2697436,26974.36
2697555,26975.55
2697674,26976.74
2697786,26977.86
2697903,26979.03
2698025,26980.25
2698136,26981.36
2698258,26982.58
2698386,26983.86
2698511,26985.11
2698631,26986.31
2698760,26987.6
2698887,26988.87
2699025,26990.25
2699157,26991.57
2699293,26992.93
2699428,26994.28
2699566,26995.66
2699707,26997.07
2699841,26998.41
2699976,26999.76
2700107,27001.07
2700250,27002.5
2700385,27003.85
2700525,27005.25
2700663,27006.63
2700802,27008.02
2700945,27009.45
2701079,27010.79
2701216,27012.16
2701361,27013.61
2701480,27014.8
2701600,27016.0
2701698,27016.98
2701784,27017.84
2701862,27018.62
2701936,27019.36
2702008,27020.08
2702074,27020.74
2702140,27021.4
2702205,27022.05
2702270,27022.7
2702338,27023.38
2702412,27024.12
2702487,27024.87
2702561,27025.61
2702633,27026.33
2702705,27027.05
2702780,27027.8
2702863,27028.63
2702963,27029.63
2703051,27030.51
2703139,27031.39
2703228,27032.28
2703328,27033.28
2703431,27034.31
2703533,27035.33
2703640,27036.4
2703743,27037.43
2703848,27038.48
2703959,27039.59
2704067,27040.67
2704168,27041.68
2704276,27042.76
2704388,27043.88
2704497,27044.97
2704608,27046.08
2704729,27047.29
2704848,27048.48
2704966,27049.66
2705080,27050.8
2705198,27051.98
2705319,27053.19
2705434,27054.34
2705567,27055.67
2705697,27056.97
2705830,27058.3
2705956,27059.56
2706088,27060.88
2706221,27062.21
2706355,27063.55
2706494,27064.94
2706626,27066.26
2706754,27067.54
2706904,27069.04
2707054,27070.54
2707191,27071.91
2707332,27073.32
2707460,27074.6
2707583,27075.83
2707674,27076.74
2707757,27077.57
2707832,27078.32
2707905,27079.05
2707972,27079.72
2708038,27080.38
2708104,27081.04
2708177,27081.77
2708294,27082.94
2708405,27084.05
2708515,27085.15
2708603,27086.03
2708691,27086.91
2708774,27087.74
2708859,27088.59
2708958,27089.58
2709053,27090.53
2709162,27091.62
2709285,27092.85
2709406,27094.06
2709525,27095.25
2709652,27096.52
2709780,27097.8
2709910,27099.1
2710035,27100.35
2710164,27101.64
2710294,27102.94
2710417,27104.17
2710535,27105.35
2710662,27106.62
2710781,27107.81
2710889,27108.89
2711003,27110.03
2711119,27111.19
2711230,27112.3
2711338,27113.38
2711452,27114.52
2711568,27115.68
2711667,27116.67
2711770,27117.7
2711891,27118.91
2712007,27120.07
2712127,27121.27
2712242,27122.42
2712360,27123.6
2712477,27124.77
2712584,27125.84
2712691,27126.91
2712790,27127.9
2712898,27128.98
2713022,27130.22
2713148,27131.48
2713279,27132.79
2713408,27134.08
2713541,27135.41
2713676,27136.76
2713815,27138.15
2713954,27139.54
2714087,27140.87
2714222,27142.22
2714348,27143.48
2714482,27144.82
2714601,27146.01
2714678,27146.78
2714755,27147.55
2714843,27148.43
2714931,27149.31
2715004,27150.04
2715076,27150.76
2715144,27151.44
2715211,27152.11
2715276,27152.76
2715340,27153.4
2715405,27154.05
2715477,27154.77
2715571,27155.71
2715672,27156.72
2715776,27157.76
2715873,27158.73
2715968,27159.68
2716092,27160.92
2716207,27162.07
2716323,27163.23
2716438,27164.38
2716554,27165.54
2716674,27166.74
2716793,27167.93
2716910,27169.1
2717028,27170.28
2717146,27171.46
2717266,27172.66
2717383,27173.83
2717496,27174.96
2717616,27176.16
2717739,27177.39
2717853,27178.53
2717972,27179.72
2718087,27180.87
2718195,27181.95
2718312,27183.12
2718427,27184.27
2718532,27185.32
2718640,27186.4
2718759,27187.59
2718868,27188.68
2718973,27189.73
2719085,27190.85
2719181,27191.81
2719268,27192.68
2719366,27193.66
2719496,27194.96
2719612,27196.12
2719715,27197.15
2719819,27198.19
2719932,27199.32
2720040,27200.4
2720145,27201.45
2720241,27202.41
2720351,27203.51
2720473,27204.73
2720594,27205.94
2720709,27207.09
2720823,27208.23
2720936,27209.36
2721044,27210.44
2721156,27211.56
2721272,27212.72
2721383,27213.83
2721489,27214.89
2721609,27216.09
2721734,27217.34
2721858,27218.58
2721984,27219.84
2722101,27221.01
2722230,27222.3
2722360,27223.6
2722492,27224.92
2722625,27226.25
2722761,27227.61
2722893,27228.93
2723024,27230.24
2723155,27231.55
2723289,27232.89
2723420,27234.2
2723552,27235.52
2723688,27236.88
2723825,27238.25
2723967,27239.67
2724104,27241.04
2724236,27242.36
2724358,27243.58
2724458,27244.58
2724545,27245.45
2724624,27246.24
2724699,27246.99
2724769,27247.69
2724838,27248.38
2724908,27249.08
2724983,27249.83
2725098,27250.98
2725199,27251.99
2725288,27252.88
2725373,27253.73
2725454,27254.54
2725534,27255.34
2725615,27256.15
2725735,27257.35
2725851,27258.51
2725970,27259.7
2726086,27260.86
2726209,27262.09
2726332,27263.32
2726455,27264.55
2726579,27265.79
2726702,27267.02
2726822,27268.22
2726941,27269.41
2727066,27270.66
2727190,27271.9
2727315,27273.15
2727434,27274.34
2727551,27275.51
2727675,27276.75
2727794,27277.94
2727907,27279.07
2728028,27280.28
2728149,27281.49
2728278,27282.78
2728401,27284.01
2728525,27285.25
2728652,27286.52
2728768,27287.68
2728893,27288.93
2729022,27290.22
2729140,27291.4
2729249,27292.49
2729337,27293.37
2729421,27294.21
2729521,27295.21
2729621,27296.21
2729708,27297.08
2729796,27297.96
2729893,27298.93
2730019,27300.19
2730136,27301.36
2730248,27302.48
2730350,27303.5
2730446,27304.46
2730538,27305.38
2730631,27306.31
2730742,27307.42
2730857,27308.57
2730967,27309.67
2731079,27310.79
2731192,27311.92
2731306,27313.06
2731420,27314.2
2731532,27315.32
2731645,27316.45
2731761,27317.61
2731881,27318.81
2731995,27319.95
2732109,27321.09
2732228,27322.28
2732342,27323.42
2732464,27324.64
2732582,27325.82
2732705,27327.05
2732822,27328.22
2732942,27329.42
2733063,27330.63
2733189,27331.89
2733315,27333.15
2733445,27334.45
2733574,27335.74
2733703,27337.03
2733836,27338.36
2733974,27339.74
2734106,27341.06
2734245,27342.45
2734377,27343.77
2734509,27345.09
2734637,27346.37
2734773,27347.73
2734907,27349.07
2735044,27350.44
2735181,27351.81
2735328,27353.28
2735451,27354.51
2735574,27355.74
2735687,27356.87
2735773,27357.73
2735851,27358.51
2735925,27359.25
2736005,27360.05
2736078,27360.78
2736148,27361.48
2736214,27362.14
2736279,27362.79
2736344,27363.44
2736416,27364.16
2736511,27365.11
2736604,27366.04
2736703,27367.03
2736810,27368.1
2736920,27369.2
2737030,27370.3
2737139,27371.39
2737245,27372.45
2737353,27373.53
2737460,27374.6
2737567,27375.67
2737671,27376.71
2737773,27377.73
2737875,27378.75
2737974,27379.74
2738071,27380.71
2738166,27381.66
2738263,27382.63
2738360,27383.6
2738457,27384.57
2738550,27385.5
2738643,27386.43
2738736,27387.36
2738827,27388.27
2738915,27389.15
2739003,27390.03
2739090,27390.9
2739174,27391.74
2739257,27392.57
2739340,27393.4
2739420,27394.2
2739500,27395.0
2739585,27395.85
2739664,27396.64
2739739,27397.39
2739811,27398.11
2739884,27398.84
2739969,27399.69
2740084,27400.84
2740193,27401.93
2740304,27403.04
2740418,27404.18
2740521,27405.21
2740617,27406.17
2740717,27407.17
2740816,27408.16
2740910,27409.1
2741001,27410.01
2741098,27410.98
2741200,27412.0
2741295,27412.95
2741393,27413.93
2741499,27414.99
2741611,27416.11
2741723,27417.23
2741842,27418.42
2741963,27419.63
2742093,27420.93
2742226,27422.26
2742357,27423.57
2742488,27424.88
2742621,27426.21
2742763,27427.63
2742903,27429.03
2743050,27430.5
2743198,27431.98
2743341,27433.41
2743484,27434.84
2743634,27436.34
2743772,27437.72
2743921,27439.21
2744059,27440.59
2744126,27441.26
2744194,27441.94
2744285,27442.85
2744377,27443.77
2744459,27444.59
2744539,27445.39
2744612,27446.12
2744683,27446.83
2744757,27447.57
2744857,27448.57
2744951,27449.51
2745044,27450.44
2745137,27451.37
2745230,27452.3
2745326,27453.26
2745423,27454.23
2745522,27455.22
2745621,27456.21
2745713,27457.13
2745798,27457.98
2745880,27458.8
2745959,27459.59
2746035,27460.35
2746109,27461.09
2746180,27461.8
2746252,27462.52
2746325,27463.25
2746401,27464.01
2746488,27464.88
2746594,27465.94
2746697,27466.97
2746797,27467.97
2746905,27469.05
2747018,27470.18
2747126,27471.26
2747226,27472.26
2747327,27473.27
2747437,27474.37
2747544,27475.44
2747653,27476.53
2747766,27477.66
2747874,27478.74
2747988,27479.88
2748103,27481.03
2748217,27482.17
2748337,27483.37
2748454,27484.54
2748561,27485.61
2748672,27486.72
2748781,27487.81
2748891,27488.91
2749012,27490.12
2749128,27491.28
2749241,27492.41
2749361,27493.61
2749485,27494.85
2749605,27496.05
2749738,27497.38
2749872,27498.72
2750004,27500.04
2750143,27501.43
2750273,27502.73
2750403,27504.03
2750538,27505.38
2750659,27506.59
2750770,27507.7
2750859,27508.59
2750943,27509.43
2751025,27510.25
2751102,27511.02
2751175,27511.75
2751247,27512.47
2751322,27513.22
2751412,27514.12
2751526,27515.26
2751633,27516.33
2751732,27517.32
2751820,27518.2
2751906,27519.06
2751993,27519.93
2752083,27520.83
2752174,27521.74
2752267,27522.67
2752361,27523.61
2752457,27524.57
2752554,27525.54
2752651,27526.51
2752747,27527.47
2752843,27528.43
2752936,27529.36
2753030,27530.3
2753123,27531.23
2753214,27532.14
2753302,27533.02
2753386,27533.86
2753468,27534.68
2753547,27535.47
2753624,27536.24
2753697,27536.97
2753769,27537.69
2753840,27538.4
2753912,27539.12
2753992,27539.92
2754080,27540.8
2754177,27541.77
2754295,27542.95
2754408,27544.08
2754524,27545.24
2754629,27546.29
2754740,27547.4
2754852,27548.52
2754960,27549.6
2755074,27550.74
2755190,27551.9
2755299,27552.99
2755406,27554.06
2755516,27555.16
2755622,27556.22
2755727,27557.27
2755849,27558.49
2755976,27559.76
2756098,27560.98
2756231,27562.31
2756362,27563.62
2756490,27564.9
2756615,27566.15
2756742,27567.42
2756879,27568.79
2757022,27570.22
2757166,27571.66
2757304,27573.04
2757438,27574.38
2757581,27575.81
2757719,27577.19
2757867,27578.67
2758003,27580.03
2758137,27581.37
2758255,27582.55
2758377,27583.77
2758484,27584.84
2758573,27585.73
2758654,27586.54
2758730,27587.3
2758802,27588.02
2758870,27588.7
2758937,27589.37
2759003,27590.03
2759068,27590.68
2759132,27591.32
2759196,27591.96
2759259,27592.59
2759322,27593.22
2759385,27593.85
2759448,27594.48
2759510,27595.1
2759572,27595.72
2759634,27596.34
2759695,27596.95
2759757,27597.57
2759818,27598.18
2759879,27598.79
2759940,27599.4
2759999,27599.99
2760059,27600.59
2760118,27601.18
2760178,27601.78
2760239,27602.39
2760303,27603.03
2760374,27603.74
2760447,27604.47
2760522,27605.22
2760596,27605.96
2760669,27606.69
2760745,27607.45
2760835,27608.35
2760943,27609.43
2761046,27610.46
2761142,27611.42
2761249,27612.49
2761366,27613.66
2761472,27614.72
2761581,27615.81
2761690,27616.9
2761793,27617.93
2761898,27618.98
2762016,27620.16
2762133,27621.33
2762242,27622.42
2762360,27623.6
2762477,27624.77
2762594,27625.94
2762709,27627.09
2762807,27628.07
2762899,27628.99
2763032,27630.32
2763157,27631.57
2763273,27632.73
2763380,27633.8
2763487,27634.87
2763606,27636.06
2763713,27637.13
2763823,27638.23
2763933,27639.33
2764034,27640.34
2764144,27641.44
2764268,27642.68
2764385,27643.85
2764502,27645.02
2764624,27646.24
2764739,27647.39
2764850,27648.5
2764965,27649.65
2765073,27650.73
2765179,27651.79
2765289,27652.89
2765395,27653.95
2765510,27655.1
2765626,27656.26
2765734,27657.34
2765846,27658.46
2765963,27659.63
2766066,27660.66
2766173,27661.73
2766278,27662.78
2766379,27663.79
2766491,27664.91
2766595,27665.95
2766681,27666.81
2766773,27667.73
2766864,27668.64
2766947,27669.47
2767031,27670.31
2767115,27671.15
2767202,27672.02
2767282,27672.82
2767361,27673.61
2767434,27674.34
2767507,27675.07
2767584,27675.84
2767706,27677.06
2767824,27678.24
2767939,27679.39
2768058,27680.58
2768171,27681.71
2768281,27682.81
2768393,27683.93
2768505,27685.05
2768613,27686.13
2768732,27687.32
2768846,27688.46
2768961,27689.61
2769075,27690.75
2769186,27691.86
2769298,27692.98
2769412,27694.12
2769512,27695.12
2769612,27696.12
2769717,27697.17
2769822,27698.22
2769934,27699.34
2770052,27700.52
2770163,27701.63
2770288,27702.88
2770412,27704.12
2770531,27705.31
2770660,27706.6
2770787,27707.87
2770914,27709.14
2771040,27710.4
2771159,27711.59
2771283,27712.83
2771404,27714.04
2771508,27715.08
2771605,27716.05
2771692,27716.92
2771773,27717.73
2771856,27718.56
2771949,27719.49
2772034,27720.34
2772116,27721.16
2772202,27722.02
2772330,27723.3
2772452,27724.52
2772569,27725.69
2772670,27726.7
2772770,27727.7
2772883,27728.83
2773001,27730.01
2773118,27731.18
2773233,27732.33
2773344,27733.44
2773454,27734.54
2773557,27735.57
2773652,27736.52
2773749,27737.49
2773856,27738.56
2773956,27739.56
2774055,27740.55
2774157,27741.57
2774255,27742.55
2774349,27743.49
2774442,27744.42
2774536,27745.36
2774629,27746.29
2774730,27747.3
2774834,27748.34
2774937,27749.37
2775042,27750.42
2775162,27751.62
2775281,27752.81
2775397,27753.97
2775514,27755.14
2775627,27756.27
2775738,27757.38
2775851,27758.51
2775961,27759.61
2776074,27760.74
2776195,27761.95
2776317,27763.17
2776447,27764.47
2776574,27765.74
2776696,27766.96
2776828,27768.28
2776961,27769.61
2777084,27770.84
2777215,27772.15
2777343,27773.43
2777465,27774.65
2777593,27775.93
2777704,27777.04
2777808,27778.08
2777909,27779.09
2777997,27779.97
2778082,27780.82
2778164,27781.64
2778244,27782.44
2778324,27783.24
2778403,27784.03
2778485,27784.85
2778565,27785.65
2778639,27786.39
2778713,27787.13
2778783,27787.83
2778854,27788.54
2778929,27789.29
2779048,27790.48
2779162,27791.62
2779278,27792.78
2779389,27793.89
2779502,27795.02
2779617,27796.17
2779726,27797.26
2779830,27798.3
2779937,27799.37
2780044,27800.44
2780154,27801.54
2780265,27802.65
2780375,27803.75
2780482,27804.82
2780594,27805.94
2780705,27807.05
2780811,27808.11
2780916,27809.16
2781025,27810.25
2781134,27811.34
2781236,27812.36
2781344,27813.44
2781455,27814.55
2781563,27815.63
2781677,27816.77
2781805,27818.05
2781925,27819.25
2782046,27820.46
2782165,27821.65
2782277,27822.77
2782395,27823.95
2782517,27825.17
2782633,27826.33
2782759,27827.59
2782886,27828.86
2783020,27830.2
2783166,27831.66
2783303,27833.03
2783445,27834.45
2783577,27835.77
2783676,27836.76
2783766,27837.66
2783848,27838.48
2783930,27839.3
2784007,27840.07
2784082,27840.82
2784155,27841.55
2784240,27842.4
2784341,27843.41
2784434,27844.34
2784521,27845.21
2784604,27846.04
2784683,27846.83
2784760,27847.6
2784837,27848.37
2784915,27849.15
2785034,27850.34
2785148,27851.48
2785271,27852.71
2785399,27853.99
2785529,27855.29
2785661,27856.61
2785796,27857.96
2785926,27859.26
2786054,27860.54
2786179,27861.79
2786298,27862.98
2786415,27864.15
2786530,27865.3
2786635,27866.35
2786744,27867.44
2786860,27868.6
2786966,27869.66
2787075,27870.75
2787192,27871.92
2787305,27873.05
2787421,27874.21
2787548,27875.48
2787657,27876.57
2787762,27877.62
2787871,27878.71
2787967,27879.67
2788061,27880.61
2788184,27881.84
2788293,27882.93
2788405,27884.05
2788509,27885.09
2788602,27886.02
2788705,27887.05
2788804,27888.04
2788900,27889.0
2789007,27890.07
2789120,27891.2
2789222,27892.22
2789332,27893.32
2789439,27894.39
2789545,27895.45
2789655,27896.55
2789761,27897.61
2789865,27898.65
2789978,27899.78
2790090,27900.9
2790195,27901.95
2790315,27903.15
2790435,27904.35
2790537,27905.37
2790634,27906.34
2790725,27907.25
2790806,27908.06
2790887,27908.87
2790972,27909.72
2791054,27910.54
2791132,27911.32
2791211,27912.11
2791303,27913.03
2791411,27914.11
2791520,27915.2
2791608,27916.08
2791696,27916.96
2791796,27917.96
2791896,27918.96
2792005,27920.05
2792129,27921.29
2792246,27922.46
2792358,27923.58
2792470,27924.7
2792583,27925.83
2792699,27926.99
2792811,27928.11
2792916,27929.16
2793018,27930.18
2793121,27931.21
2793223,27932.23
2793319,27933.19
2793418,27934.18
2793527,27935.27
2793632,27936.32
2793729,27937.29
2793833,27938.33
2793940,27939.4
2794040,27940.4
2794144,27941.44
2794256,27942.56
2794370,27943.7
2794480,27944.8
2794603,27946.03
2794728,27947.28
2794862,27948.62
2794989,27949.89
2795109,27951.09
2795240,27952.4
2795371,27953.71
2795504,27955.04
2795628,27956.28
2795756,27957.56
2795901,27959.01
2796024,27960.24
2796124,27961.24
2796214,27962.14
2796294,27962.94
2796371,27963.71
2796446,27964.46
2796521,27965.21
2796591,27965.91
2796659,27966.59
2796725,27967.25
2796791,27967.91
2796861,27968.61
2796945,27969.45
2797061,27970.61
2797165,27971.65
2797267,27972.67
2797373,27973.73
2797482,27974.82
2797582,27975.82
2797687,27976.87
2797808,27978.08
2797922,27979.22
2798031,27980.31
2798149,27981.49
2798273,27982.73
2798387,27983.87
2798500,27985.0
2798615,27986.15
2798734,27987.34
2798852,27988.52
2798966,27989.66
2799078,27990.78
2799185,27991.85
2799293,27992.93
2799408,27994.08
2799515,27995.15
2799623,27996.23
2799737,27997.37
2799853,27998.53
2799962,27999.62
2800075,28000.75
2800186,28001.86
2800289,28002.89
2800395,28003.95
2800513,28005.13
2800626,28006.26
2800745,28007.45
2800865,28008.65
2800982,28009.82
2801103,28011.03
2801229,28012.29
2801354,28013.54
2801490,28014.9
2801622,28016.22
2801749,28017.49
2801878,28018.78
2802008,28020.08
2802123,28021.23
2802223,28022.23
2802309,28023.09
2802392,28023.92
2802469,28024.69
2802546,28025.46
2802623,28026.23
2802701,28027.01
2802784,28027.84
2802865,28028.65
2802938,28029.38
2803010,28030.1
2803080,28030.8
2803150,28031.5
2803228,28032.28
2803345,28033.45
2803456,28034.56
2803569,28035.69
2803672,28036.72
2803770,28037.7
2803867,28038.67
2803959,28039.59
2804054,28040.54
2804162,28041.62
2804272,28042.72
2804381,28043.81
2804484,28044.84
2804588,28045.88
2804696,28046.96
2804804,28048.04
2804914,28049.14
2805018,28050.18
2805117,28051.17
2805223,28052.23
2805331,28053.31
2805434,28054.34
2805536,28055.36
2805643,28056.43
2805755,28057.55
2805862,28058.62
2805970,28059.7
2806084,28060.84
2806192,28061.92
2806317,28063.17
2806439,28064.39
2806550,28065.5
2806666,28066.66
2806788,28067.88
2806900,28069.0
2807013,28070.13
2807135,28071.35
2807250,28072.5
2807380,28073.8
2807512,28075.12
2807650,28076.5
2807785,28077.85
2807922,28079.22
2808053,28080.53
2808182,28081.82
2808315,28083.15
2808434,28084.34
2808537,28085.37
2808625,28086.25
2808707,28087.07
2808788,28087.88
2808868,28088.68
2808945,28089.45
2809018,28090.18
2809090,28090.9
2809166,28091.66
2809283,28092.83
2809393,28093.93
2809499,28094.99
2809595,28095.95
2809684,28096.84
2809777,28097.77
2809896,28098.96
2810015,28100.15
2810130,28101.3
2810249,28102.49
2810370,28103.7
2810492,28104.92
2810610,28106.1
2810729,28107.29
2810848,28108.48
2810970,28109.7
2811086,28110.86
2811206,28112.06
2811325,28113.25
2811442,28114.42
2811551,28115.51
2811661,28116.61
2811772,28117.72
2811887,28118.87
2812006,28120.06
2812122,28121.22
2812232,28122.32
2812345,28123.45
2812457,28124.57
2812563,28125.63
2812672,28126.72
2812790,28127.9
2812907,28129.07
2813027,28130.27
2813149,28131.49
2813269,28132.69
2813391,28133.91
2813508,28135.08
2813630,28136.3
2813747,28137.47
2813862,28138.62
2813979,28139.79
2814094,28140.94
2814211,28142.11
2814337,28143.37
2814456,28144.56
2814554,28145.54
2814648,28146.48
2814733,28147.33
2814815,28148.15
2814897,28148.97
2814980,28149.8
2815061,28150.61
2815140,28151.4
2815223,28152.23
2815339,28153.39
2815461,28154.61
2815578,28155.78
2815692,28156.92
2815801,28158.01
2815909,28159.09
2816017,28160.17
2816124,28161.24
2816231,28162.31
2816334,28163.34
2816432,28164.32
2816522,28165.22
2816613,28166.13
2816708,28167.08
2816811,28168.11
2816920,28169.2
2817025,28170.25
2817126,28171.26
2817229,28172.29
2817335,28173.35
2817443,28174.43
2817543,28175.43
2817643,28176.43
2817741,28177.41
2817840,28178.4
2817940,28179.4
2818047,28180.47
2818152,28181.52
2818244,28182.44
2818338,28183.38
2818434,28184.34
2818529,28185.29
2818632,28186.32
2818742,28187.42
2818847,28188.47
2818961,28189.61
2819083,28190.83
2819205,28192.05
2819330,28193.3
2819454,28194.54
2819581,28195.81
2819708,28197.08
2819813,28198.13
2819914,28199.14
2820024,28200.24
2820135,28201.35
2820227,28202.27
2820313,28203.13
2820395,28203.95
2820479,28204.79
2820566,28205.66
2820653,28206.53
2820732,28207.32
2820808,28208.08
2820882,28208.82
2820957,28209.57
2821053,28210.53
2821178,28211.78
2821304,28213.04
2821433,28214.33
2821553,28215.53
2821667,28216.67
2821792,28217.92
2821913,28219.13
2822031,28220.31
2822150,28221.5
2822271,28222.71
2822390,28223.9
2822508,28225.08
2822618,28226.18
2822721,28227.21
2822830,28228.3
2822944,28229.44
2823051,28230.51
2823162,28231.62
2823279,28232.79
2823391,28233.91
2823505,28235.05
2823625,28236.25
2823735,28237.35
2823845,28238.45
2823963,28239.63
2824080,28240.8
2824193,28241.93
2824313,28243.13
2824427,28244.27
2824546,28245.46
2824666,28246.66
2824796,28247.96
2824928,28249.28
2825053,28250.53
2825177,28251.77
2825299,28252.99
2825411,28254.11
2825527,28255.27
2825644,28256.44
2825749,28257.49
2825856,28258.56
2825954,28259.54
2826038,28260.38
2826117,28261.17
2826195,28261.95
2826275,28262.75
2826351,28263.51
2826422,28264.22
2826491,28264.91
2826563,28265.63
2826665,28266.65
2826776,28267.76
2826898,28268.98
2827016,28270.16
2827125,28271.25
2827232,28272.32
2827337,28273.37
2827444,28274.44
2827550,28275.5
2827652,28276.52
2827751,28277.51
2827841,28278.41
2827926,28279.26
2828012,28280.12
2828104,28281.04
2828212,28282.12
2828313,28283.13
2828411,28284.11
2828517,28285.17
2828622,28286.22
2828722,28287.22
2828827,28288.27
2828935,28289.35
2829034,28290.34
2829134,28291.34
2829239,28292.39
2829336,28293.36
2829428,28294.28
2829526,28295.26
2829622,28296.22
2829725,28297.25
2829837,28298.37
2829945,28299.45
2830057,28300.57
2830170,28301.7
2830243,28302.43
2830317,28303.17
2830448,28304.48
2830543,28305.43
2830666,28306.66
2830799,28307.99
2830925,28309.25
2831058,28310.58
2831187,28311.87
2831319,28313.19
2831447,28314.47
2831562,28315.62
2831678,28316.78
2831783,28317.83
2831869,28318.69
2831952,28319.52
2832030,28320.3
2832106,28321.06
2832182,28321.82
2832259,28322.59
2832341,28323.41
2832420,28324.2
2832493,28324.93
2832565,28325.65
2832634,28326.34
2832705,28327.05
2832823,28328.23
2832941,28329.41
2833066,28330.66
2833193,28331.93
2833322,28333.22
2833452,28334.52
2833583,28335.83
2833705,28337.05
2833814,28338.14
2833920,28339.2
2834026,28340.26
2834133,28341.33
2834231,28342.31
2834329,28343.29
2834439,28344.39
2834558,28345.58
2834672,28346.72
2834781,28347.81
2834889,28348.89
2835010,28350.1
2835117,28351.17
2835222,28352.22
2835335,28353.35
2835443,28354.43
2835548,28355.48
2835662,28356.62
2835778,28357.78
2835886,28358.86
2836002,28360.02
2836117,28361.17
2836221,28362.21
2836331,28363.31
2836449,28364.49
2836556,28365.56
2836668,28366.68
2836788,28367.88
2836905,28369.05
2837027,28370.27
2837149,28371.49
2837262,28372.62
2837390,28373.9
2837514,28375.14
2837612,28376.12
2837703,28377.03
2837784,28377.84
2837865,28378.65
2837952,28379.52
2838042,28380.42
2838123,28381.23
2838206,28382.06
2838290,28382.9
2838385,28383.85
2838486,28384.86
2838592,28385.92
2838696,28386.96
2838787,28387.87
2838876,28388.76
2838972,28389.72
2839081,28390.81
2839182,28391.82
2839295,28392.95
2839411,28394.11
2839525,28395.25
2839644,28396.44
2839758,28397.58
2839867,28398.67
2839979,28399.79
2840091,28400.91
2840194,28401.94
2840297,28402.97
2840406,28404.06
2840507,28405.07
2840607,28406.07
2840709,28407.09
2840814,28408.14
2840922,28409.22
2841033,28410.33
2841140,28411.4
2841251,28412.51
2841366,28413.66
2841473,28414.73
2841585,28415.85
2841699,28416.99
2841807,28418.07
2841933,28419.33
2842059,28420.59
2842164,28421.64
2842261,28422.61
2842352,28423.52
2842434,28424.34
2842518,28425.18
2842611,28426.11
2842696,28426.96
2842784,28427.84
2842881,28428.81
2842988,28429.88
2843096,28430.96
2843184,28431.84
2843270,28432.7
2843365,28433.65
2843472,28434.72
2843578,28435.78
2843700,28437.0
2843824,28438.24
2843944,28439.44
2844071,28440.71
2844193,28441.93
2844312,28443.12
2844433,28444.33
2844552,28445.52
2844667,28446.67
2844782,28447.82
2844895,28448.95
2845000,28450.0
2845105,28451.05
2845206,28452.06
2845305,28453.05
2845409,28454.09
2845523,28455.23
2845633,28456.33
2845741,28457.41
2845852,28458.52
2845958,28459.58
2846059,28460.59
2846174,28461.74
2846296,28462.96
2846413,28464.13
2846544,28465.44
2846675,28466.75
2846804,28468.04
2846931,28469.31
2847049,28470.49
2847153,28471.53
2847264,28472.64
2847388,28473.88
2847533,28475.33
2847671,28476.71
2847815,28478.15
2847954,28479.54
2848088,28480.88
2848237,28482.37
2848368,28483.68
2848503,28485.03
2848634,28486.34
2848737,28487.37
2848828,28488.28
2848913,28489.13
2848995,28489.95
2849074,28490.74
2849152,28491.52
2849233,28492.33
2849306,28493.06
2849377,28493.77
2849444,28494.44
2849511,28495.11
2849581,28495.81
2849695,28496.95
2849806,28498.06
2849921,28499.21
2850040,28500.4
2850161,28501.61
2850283,28502.83
2850406,28504.06
2850523,28505.23
2850632,28506.32
2850742,28507.42
2850850,28508.5
2850956,28509.56
2851062,28510.62
2851166,28511.66
2851270,28512.7
2851370,28513.7
2851475,28514.75
2851592,28515.92
2851703,28517.03
2851808,28518.08
2851918,28519.18
2852029,28520.29
2852136,28521.36
2852251,28522.51
2852365,28523.65
2852474,28524.74
2852586,28525.86
2852694,28526.94
2852803,28528.03
2852920,28529.2
2853032,28530.32
2853146,28531.46
2853263,28532.63
2853371,28533.71
2853489,28534.89
2853604,28536.04
2853708,28537.08
2853816,28538.16
2853934,28539.34
2854055,28540.55
2854187,28541.87
2854306,28543.06
2854426,28544.26
2854524,28545.24
2854610,28546.1
2854693,28546.93
2854775,28547.75
2854858,28548.58
2854940,28549.4
2855023,28550.23
2855110,28551.1
2855211,28552.11
2855302,28553.02
2855374,28553.74
2855446,28554.46
2855529,28555.29
2855645,28556.45
2855762,28557.62
2855878,28558.78
2855989,28559.89
2856096,28560.96
2856202,28562.02
2856302,28563.02
2856399,28563.99
2856502,28565.02
2856619,28566.19
2856738,28567.38
2856851,28568.51
2856966,28569.66
2857085,28570.85
2857196,28571.96
2857304,28573.04
2857415,28574.15
2857526,28575.26
2857634,28576.34
2857734,28577.34
2857835,28578.35
2857943,28579.43
2858058,28580.58
2858177,28581.77
2858297,28582.97
2858417,28584.17
2858543,28585.43
2858665,28586.65
2858792,28587.92
2858918,28589.18
2859037,28590.37
2859150,28591.5
2859263,28592.63
2859375,28593.75
2859492,28594.92
2859619,28596.19
2859741,28597.41
2859881,28598.81
2860021,28600.21
2860157,28601.57
2860293,28602.93
2860415,28604.15
2860549,28605.49
2860683,28606.83
2860784,28607.84
2860875,28608.75
2860956,28609.56
2861035,28610.35
2861111,28611.11
2861187,28611.87
2861260,28612.6
2861328,28613.28
2861396,28613.96
2861466,28614.66
2861582,28615.82
2861698,28616.98
2861821,28618.21
2861945,28619.45
2862069,28620.69
2862191,28621.91
2862308,28623.08
2862422,28624.22
2862527,28625.27
2862627,28626.27
2862726,28627.26
2862826,28628.26
2862928,28629.28
2863024,28630.24
2863123,28631.23
2863220,28632.2
2863309,28633.09
2863395,28633.95
2863485,28634.85
2863577,28635.77
2863663,28636.63
2863745,28637.45
2863839,28638.39
2863950,28639.5
2864072,28640.72
2864189,28641.89
2864305,28643.05
2864425,28644.25
2864546,28645.46
2864661,28646.61
2864781,28647.81
2864901,28649.01
2865012,28650.12
2865126,28651.26
2865245,28652.45
2865367,28653.67
2865492,28654.92
2865610,28656.1
2865727,28657.27
2865848,28658.48
2865968,28659.68
2866093,28660.93
2866227,28662.27
2866356,28663.56
2866487,28664.87
2866613,28666.13
2866737,28667.37
2866871,28668.71
2867005,28670.05
2867112,28671.12
2867202,28672.02
2867282,28672.82
2867361,28673.61
2867438,28674.38
2867517,28675.17
2867594,28675.94
2867672,28676.72
2867756,28677.56
2867849,28678.49
2867938,28679.38
2868020,28680.2
2868101,28681.01
2868187,28681.87
2868310,28683.1
2868430,28684.3
2868544,28685.44
2868664,28686.64
2868791,28687.91
2868908,28689.08
2869024,28690.24
2869145,28691.45
2869265,28692.65
2869384,28693.84
2869501,28695.01
2869613,28696.13
2869722,28697.22
2869831,28698.31
2869942,28699.42
2870048,28700.48
2870156,28701.56
2870268,28702.68
2870377,28703.77
2870485,28704.85
2870603,28706.03
2870718,28707.18
2870827,28708.27
2870937,28709.37
2871056,28710.56
2871164,28711.64
2871265,28712.65
2871372,28713.72
2871473,28714.73
2871569,28715.69
2871668,28716.68
2871774,28717.74
2871864,28718.64
2871953,28719.53
2872056,28720.56
2872149,28721.49
2872236,28722.36
2872326,28723.26
2872429,28724.29
2872519,28725.19
2872608,28726.08
2872704,28727.04
2872805,28728.05
2872901,28729.01
2873013,28730.13
2873127,28731.27
2873241,28732.41
2873360,28733.6
2873475,28734.75
2873590,28735.9
2873707,28737.07
2873820,28738.2
2873923,28739.23
2874030,28740.3
2874138,28741.38
2874239,28742.39
2874342,28743.42
2874440,28744.4
2874544,28745.44
2874663,28746.63
2874777,28747.77
2874895,28748.95
2875019,28750.19
2875129,28751.29
2875241,28752.41
2875362,28753.62
2875479,28754.79
2875596,28755.96
2875721,28757.21
2875835,28758.35
2875966,28759.66
2876098,28760.98
2876219,28762.19
2876327,28763.27
2876415,28764.15
2876497,28764.97
2876579,28765.79
2876677,28766.77
2876776,28767.76
2876858,28768.58
2876932,28769.32
2877007,28770.07
2877082,28770.82
2877165,28771.65
2877288,28772.88
2877406,28774.06
2877527,28775.27
2877648,28776.48
2877761,28777.61
2877860,28778.6
2877957,28779.57
2878057,28780.57
2878159,28781.59
2878257,28782.57
2878357,28783.57
2878467,28784.67
2878581,28785.81
2878688,28786.88
2878796,28787.96
2878907,28789.07
2879013,28790.13
2879116,28791.16
2879226,28792.26
2879336,28793.36
2879441,28794.41
2879549,28795.49
2879665,28796.65
2879778,28797.78
2879890,28798.9
2880004,28800.04
2880124,28801.24
2880240,28802.4
2880355,28803.55
2880471,28804.71
2880584,28805.84
2880695,28806.95
2880812,28808.12
2880928,28809.28
2881049,28810.49
2881171,28811.71
2881285,28812.85
2881413,28814.13
2881541,28815.41
2881654,28816.54
2881769,28817.69
2881861,28818.61
2881947,28819.47
2882037,28820.37
2882124,28821.24
2882213,28822.13
2882308,28823.08
2882409,28824.09
2882494,28824.94
2882578,28825.78
2882664,28826.64
2882773,28827.73
2882878,28828.78
2882977,28829.77
2883090,28830.9
2883209,28832.09
2883328,28833.28
2883452,28834.52
2883569,28835.69
2883683,28836.83
2883801,28838.01
2883917,28839.17
2884028,28840.28
2884140,28841.4
2884252,28842.52
2884360,28843.6
2884463,28844.63
2884565,28845.65
2884673,28846.73
2884782,28847.82
2884883,28848.83
2884982,28849.82
2885086,28850.86
2885191,28851.91
2885295,28852.95
2885415,28854.15
2885538,28855.38
2885653,28856.53
2885781,28857.81
2885909,28859.09
2886024,28860.24
2886150,28861.5
2886281,28862.81
2886400,28864.0
2886519,28865.19
2886637,28866.37
2886730,28867.3
2886817,28868.17
2886903,28869.03
2886990,28869.9
2887076,28870.76
2887181,28871.81
2887278,28872.78
2887369,28873.69
2887460,28874.6
2887556,28875.56
2887649,28876.49
2887761,28877.61
2887887,28878.87
2888009,28880.09
2888137,28881.37
2888258,28882.58
2888370,28883.7
2888480,28884.8
2888599,28885.99
2888714,28887.14
2888828,28888.28
2888946,28889.46
2889067,28890.67
2889180,28891.8
2889293,28892.93
2889407,28894.07
2889515,28895.15
2889617,28896.17
2889731,28897.31
2889842,28898.42
2889948,28899.48
2890051,28900.51
2890160,28901.6
2890278,28902.78
2890390,28903.9
2890510,28905.1
2890627,28906.27
2890736,28907.36
2890851,28908.51
2890967,28909.67
2891080,28910.8
2891205,28912.05
2891325,28913.25
2891435,28914.35
2891541,28915.41
2891638,28916.38
2891724,28917.24
2891811,28918.11
2891905,28919.05
2891990,28919.9
2892078,28920.78
2892171,28921.71
2892258,28922.58
2892340,28923.4
2892424,28924.24
2892510,28925.1
2892603,28926.03
2892691,28926.91
2892786,28927.86
2892895,28928.95
2893002,28930.02
2893122,28931.22
2893237,28932.37
2893354,28933.54
2893474,28934.74
2893589,28935.89
2893701,28937.01
2893814,28938.14
2893927,28939.27
2894035,28940.35
2894142,28941.42
2894254,28942.54
2894364,28943.64
2894469,28944.69
2894571,28945.71
2894680,28946.8
2894787,28947.87
2894889,28948.89
2894990,28949.9
2895100,28951.0
2895216,28952.16
2895330,28953.3
2895448,28954.48
2895562,28955.62
2895665,28956.65
2895780,28957.8
2895895,28958.95
2896007,28960.07
2896128,28961.28
2896246,28962.46
2896358,28963.58
2896471,28964.71
2896584,28965.84
2896671,28966.71
2896757,28967.57
2896842,28968.42
2896925,28969.25
2897009,28970.09
2897096,28970.96
2897188,28971.88
2897269,28972.69
2897352,28973.52
2897439,28974.39
2897529,28975.29
2897622,28976.22
2897726,28977.26
2897838,28978.38
2897952,28979.52
2898063,28980.63
2898171,28981.71
2898291,28982.91
2898405,28984.05
2898518,28985.18
2898634,28986.34
2898745,28987.45
2898856,28988.56
2898970,28989.7
2899085,28990.85
2899191,28991.91
2899299,28992.99
2899404,28994.04
2899506,28995.06
2899614,28996.14
2899727,28997.27
2899836,28998.36
2899956,28999.56
2900073,29000.73
2900182,29001.82
2900289,29002.89
2900403,29004.03
2900514,29005.14
2900623,29006.23
2900738,29007.38
2900849,29008.49
2900960,29009.6
2901080,29010.8
2901197,29011.97
2901318,29013.18
2901444,29014.44
2901560,29015.6
2901682,29016.82
2901792,29017.92
2901881,29018.81
2901965,29019.65
2902049,29020.49
2902135,29021.35
2902219,29022.19
2902307,29023.07
2902389,29023.89
2902470,29024.7
2902554,29025.54
2902640,29026.4
2902728,29027.28
2902823,29028.23
2902923,29029.23
2903019,29030.19
2903129,29031.29
2903240,29032.4
2903351,29033.51
2903470,29034.7
2903583,29035.83
2903687,29036.87
2903790,29037.9
2903896,29038.96
2904005,29040.05
2904103,29041.03
2904203,29042.03
2904308,29043.08
2904409,29044.09
2904507,29045.07
2904609,29046.09
2904719,29047.19
2904824,29048.24
2904931,29049.31
2905047,29050.47
2905157,29051.57
2905263,29052.63
2905381,29053.81
2905499,29054.99
2905611,29056.11
2905730,29057.3
2905846,29058.46
2905955,29059.55
2906080,29060.8
2906202,29062.02
2906319,29063.19
2906448,29064.48
2906574,29065.74
2906689,29066.89
2906805,29068.05
2906923,29069.23
2907034,29070.34
2907131,29071.31
2907238,29072.38
2907324,29073.24
2907408,29074.08
2907489,29074.89
2907570,29075.7
2907649,29076.49
2907725,29077.25
2907800,29078.0
2907873,29078.73
2907944,29079.44
2908013,29080.13
2908081,29080.81
2908148,29081.48
2908213,29082.13
2908277,29082.77
2908341,29083.41
2908403,29084.03
2908464,29084.64
2908525,29085.25
2908585,29085.85
2908645,29086.45
2908704,29087.04
2908761,29087.61
2908818,29088.18
2908875,29088.75
2908931,29089.31
2908986,29089.86
2909042,29090.42
2909098,29090.98
2909155,29091.55
2909213,29092.13
2909275,29092.75
2909338,29093.38
2909402,29094.02
2909467,29094.67
2909534,29095.34
2909607,29096.07
2909712,29097.12
2909817,29098.17
2909924,29099.24
2910037,29100.37
2910152,29101.52
2910270,29102.7
2910386,29103.86
2910499,29104.99
2910614,29106.14
2910726,29107.26
2910832,29108.32
2910942,29109.42
2911043,29110.43
2911146,29111.46
2911254,29112.54
2911351,29113.51
2911438,29114.38
2911524,29115.24
2911635,29116.35
2911742,29117.42
2911832,29118.32
2911922,29119.22
2912048,29120.48
2912174,29121.74
2912283,29122.83
2912381,29123.81
2912489,29124.89
2912606,29126.06
2912717,29127.17
2912828,29128.28
2912945,29129.45
2913060,29130.6
2913167,29131.67
2913278,29132.78
2913388,29133.88
2913496,29134.96
2913613,29136.13
2913727,29137.27
2913830,29138.3
2913938,29139.38
2914065,29140.65
2914183,29141.83
2914310,29143.1
2914434,29144.34
2914549,29145.49
2914673,29146.73
2914783,29147.83
2914871,29148.71
2914959,29149.59
2915059,29150.59
2915159,29151.59
2915251,29152.51
2915353,29153.53
2915458,29154.58
2915548,29155.48
2915652,29156.52
2915772,29157.72
2915880,29158.8
2916000,29160.0
2916118,29161.18
2916234,29162.34
2916355,29163.55
2916469,29164.69
2916586,29165.86
2916705,29167.05
2916823,29168.23
2916934,29169.34
2917042,29170.42
2917154,29171.54
2917262,29172.62
2917372,29173.72
2917488,29174.88
2917596,29175.96
2917697,29176.97
2917805,29178.05
2917921,29179.21
2918029,29180.29
2918132,29181.32
2918254,29182.54
2918372,29183.72
2918476,29184.76
2918588,29185.88
2918683,29186.83
2918768,29187.68
2918862,29188.62
2918969,29189.69
2919077,29190.77
2919169,29191.69
2919260,29192.6
2919342,29193.42
2919422,29194.22
2919504,29195.04
2919612,29196.12
2919726,29197.26
2919844,29198.44
2919969,29199.69
2920087,29200.87
2920208,29202.08
2920325,29203.25
2920437,29204.37
2920547,29205.47
2920656,29206.56
2920761,29207.61
2920863,29208.63
2920966,29209.66
2921069,29210.69
2921181,29211.81
2921289,29212.89
2921394,29213.94
2921498,29214.98
2921606,29216.06
2921710,29217.1
2921816,29218.16
2921936,29219.36
2922049,29220.49
2922165,29221.65
2922284,29222.84
2922396,29223.96
2922514,29225.14
2922634,29226.34
2922745,29227.45
2922857,29228.57
2922973,29229.73
2923083,29230.83
2923197,29231.97
2923324,29233.24
2923441,29234.41
2923553,29235.53
2923651,29236.51
2923735,29237.35
2923818,29238.18
2923902,29239.02
2923983,29239.83
2924059,29240.59
2924134,29241.34
2924214,29242.14
2924300,29243.0
2924384,29243.84
2924474,29244.74
2924559,29245.59
2924642,29246.42
2924737,29247.37
2924854,29248.54
2924960,29249.6
2925068,29250.68
2925177,29251.77
2925283,29252.83
2925394,29253.94
2925497,29254.97
2925602,29256.02
2925706,29257.06
2925805,29258.05
2925904,29259.04
2926002,29260.02
2926101,29261.01
2926201,29262.01
2926298,29262.98
2926396,29263.96
2926501,29265.01
2926606,29266.06
2926706,29267.06
2926811,29268.11
2926925,29269.25
2927035,29270.35
2927146,29271.46
2927262,29272.62
2927369,29273.69
2927476,29274.76
2927591,29275.91
2927700,29277.0
2927814,29278.14
2927930,29279.3
2928041,29280.41
2928157,29281.57
2928274,29282.74
2928385,29283.85
2928505,29285.05
2928618,29286.18
2928716,29287.16
2928805,29288.05
2928889,29288.89
2928974,29289.74
2929069,29290.69
2929170,29291.7
2929256,29292.56
2929337,29293.37
2929416,29294.16
2929493,29294.93
2929568,29295.68
2929642,29296.42
2929715,29297.15
2929785,29297.85
2929854,29298.54
2929921,29299.21
2929989,29299.89
2930056,29300.56
2930126,29301.26
2930198,29301.98
2930271,29302.71
2930344,29303.44
2930415,29304.15
2930485,29304.85
2930556,29305.56
2930631,29306.31
2930711,29307.11
2930790,29307.9
2930869,29308.69
2930950,29309.5
2931037,29310.37
2931134,29311.34
2931233,29312.33
2931326,29313.26
2931413,29314.13
2931502,29315.02
2931597,29315.97
2931698,29316.98
2931802,29318.02
2931905,29319.05
2932002,29320.02
2932102,29321.02
2932201,29322.01
2932305,29323.05
2932403,29324.03
2932505,29325.05
2932621,29326.21
2932734,29327.34
2932840,29328.4
2932945,29329.45
2933051,29330.51
2933150,29331.5
2933251,29332.51
2933358,29333.58
2933463,29334.63
2933558,29335.58
2933645,29336.45
2933732,29337.32
2933837,29338.37
2933943,29339.43
2934036,29340.36
2934121,29341.21
2934201,29342.01
2934281,29342.81
2934360,29343.6
2934441,29344.41
2934523,29345.23
2934606,29346.06
2934688,29346.88
2934770,29347.7
2934851,29348.51
2934930,29349.3
2935006,29350.06
2935079,29350.79
2935151,29351.51
2935221,29352.21
2935289,29352.89
2935355,29353.55
2935420,29354.2
2935484,29354.84
2935549,29355.49
2935616,29356.16
2935698,29356.98
2935808,29358.08
2935918,29359.18
2936017,29360.17
2936110,29361.1
2936205,29362.05
2936304,29363.04
2936406,29364.06
2936504,29365.04
2936596,29365.96
2936688,29366.88
2936785,29367.85
2936883,29368.83
2936972,29369.72
2937057,29370.57
2937139,29371.39
2937220,29372.2
2937303,29373.03
2937385,29373.85
2937469,29374.69
2937553,29375.53
2937636,29376.36
2937716,29377.16
2937794,29377.94
2937872,29378.72
2937950,29379.5
2938028,29380.28
2938107,29381.07
2938185,29381.85
2938263,29382.63
2938340,29383.4
2938416,29384.16
2938490,29384.9
2938562,29385.62
2938632,29386.32
2938703,29387.03
2938773,29387.73
2938844,29388.44
2938916,29389.16
2938986,29389.86
2939056,29390.56
2939126,29391.26
2939195,29391.95
2939265,29392.65
2939336,29393.36
2939407,29394.07
2939477,29394.77
2939546,29395.46
2939615,29396.15
2939683,29396.83
2939750,29397.5
2939816,29398.16
2939885,29398.85
2939959,29399.59
2940038,29400.38
2940118,29401.18
2940199,29401.99
2940283,29402.83
2940373,29403.73
2940467,29404.67
2940560,29405.6
2940648,29406.48
2940729,29407.29
2940807,29408.07
2940885,29408.85
2940967,29409.67
2941053,29410.53
2941142,29411.42
2941223,29412.23
2941302,29413.02
2941380,29413.8
2941458,29414.58
2941538,29415.38
2941625,29416.25
2941711,29417.11
2941796,29417.96
2941879,29418.79
2941965,29419.65
2942054,29420.54
2942144,29421.44
2942235,29422.35
2942317,29423.17
2942394,29423.94
2942470,29424.7
2942547,29425.47
2942628,29426.28
2942712,29427.12
2942806,29428.06
2942910,29429.1
2943015,29430.15
2943109,29431.09
2943197,29431.97
2943288,29432.88
2943383,29433.83
2943476,29434.76
2943563,29435.63
2943648,29436.48
2943739,29437.39
2943840,29438.4
2943955,29439.55
2944069,29440.69
2944173,29441.73
2944272,29442.72
2944368,29443.68
2944458,29444.58
2944548,29445.48
2944639,29446.39
2944724,29447.24
2944806,29448.06
2944889,29448.89
2944981,29449.81
2945082,29450.82
2945175,29451.75
2945265,29452.65
2945354,29453.54
2945444,29454.44
2945528,29455.28
2945610,29456.1
2945691,29456.91
2945769,29457.69
2945844,29458.44
2945918,29459.18
2945990,29459.9
2946063,29460.63
2946133,29461.33
2946204,29462.04
2946274,29462.74
2946343,29463.43
2946414,29464.14
2946485,29464.85
2946558,29465.58
2946630,29466.3
2946702,29467.02
2946771,29467.71
2946842,29468.42
2946910,29469.1
2946978,29469.78
2947049,29470.49
2947122,29471.22
2947200,29472.0
2947288,29472.88
2947379,29473.79
2947467,29474.67
2947552,29475.52
2947637,29476.37
2947728,29477.28
2947821,29478.21
2947917,29479.17
2948006,29480.06
2948093,29480.93
2948183,29481.83
2948278,29482.78
2948378,29483.78
2948470,29484.7
2948558,29485.58
2948645,29486.45
2948726,29487.26
2948804,29488.04
2948881,29488.81
2948954,29489.54
2949026,29490.26
2949096,29490.96
2949170,29491.7
2949248,29492.48
2949338,29493.38
2949442,29494.42
2949546,29495.46
2949640,29496.4
2949728,29497.28
2949820,29498.2
2949912,29499.12
2950004,29500.04
2950089,29500.89
2950173,29501.73
2950259,29502.59
2950354,29503.54
2950458,29504.58
2950555,29505.55
2950650,29506.5
2950744,29507.44
2950834,29508.34
2950919,29509.19
2951001,29510.01
2951082,29510.82
2951162,29511.62
2951245,29512.45
2951331,29513.31
2951416,29514.16
2951497,29514.97
2951574,29515.74
2951649,29516.49
2951722,29517.22
2951795,29517.95
2951872,29518.72
2951958,29519.58
2952051,29520.51
2952145,29521.45
2952230,29522.3
2952317,29523.17
2952408,29524.08
2952496,29524.96
2952582,29525.82
2952665,29526.65
2952749,29527.49
2952832,29528.32
2952919,29529.19
2953004,29530.04
2953087,29530.87
2953170,29531.7
2953257,29532.57
2953352,29533.52
2953442,29534.42
2953528,29535.28
2953610,29536.1
2953696,29536.96
2953779,29537.79
2953862,29538.62
2953940,29539.4
2954017,29540.17
2954090,29540.9
2954164,29541.64
2954243,29542.43
2954325,29543.25
2954408,29544.08
2954502,29545.02
2954609,29546.09
2954716,29547.16
2954810,29548.1
2954897,29548.97
2954981,29549.81
2955067,29550.67
2955153,29551.53
2955239,29552.39
2955321,29553.21
2955402,29554.02
2955484,29554.84
2955569,29555.69
2955660,29556.6
2955749,29557.49
2955840,29558.4
2955935,29559.35
2956033,29560.33
2956122,29561.22
2956206,29562.06
2956287,29562.87
2956367,29563.67
2956449,29564.49
