sample,time_sec
66,0.66
156,1.56
248,2.48
339,3.39
430,4.3
521,5.21
613,6.13
704,7.04
793,7.93
884,8.84
974,9.74
1063,10.63
1153,11.53
1244,12.44
1335,13.35
1427,14.27
1520,15.2
1613,16.13
1705,17.05
1798,17.98
1892,18.92
1986,19.86
2078,20.78
2171,21.71
2264,22.64
2356,23.56
2448,24.48
2539,25.39
2630,26.3
2721,27.21
2813,28.13
2903,29.03
2994,29.94
3086,30.86
3178,31.78
3268,32.68
3361,33.61
3454,34.54
3546,35.46
3639,36.39
3730,37.3
3820,38.2
3911,39.11
4001,40.01
4092,40.92
4183,41.83
4275,42.75
4367,43.67
4459,44.59
4551,45.51
4642,46.42
4735,47.35
4826,48.26
4916,49.16
5007,50.07
5097,50.97
5187,51.87
5277,52.77
5368,53.68
5458,54.58
5548,55.48
5639,56.39
5730,57.3
5820,58.2
5911,59.11
6001,60.01
6091,60.91
6180,61.8
6271,62.71
6362,63.62
6452,64.52
6541,65.41
6631,66.31
6721,67.21
6809,68.09
6899,68.99
6989,69.89
7079,70.79
7170,71.7
7261,72.61
7351,73.51
7442,74.42
7533,75.33
7624,76.24
7715,77.15
7806,78.06
7898,78.98
7990,79.9
8081,80.81
8172,81.72
8264,82.64
8354,83.54
8446,84.46
8539,85.39
8630,86.3
8722,87.22
8816,88.16
8911,89.11
9004,90.04
9098,90.98
9189,91.89
9279,92.79
9370,93.7
9460,94.6
9547,95.47
9633,96.33
9723,97.23
9813,98.13
9902,99.02
9990,99.9
10078,100.78
10167,101.67
10257,102.57
10344,103.44
10431,104.31
10520,105.2
10607,106.07
10693,106.93
10777,107.77
10864,108.64
10951,109.51
11037,110.37
11123,111.23
11211,112.11
11298,112.98
11384,113.84
11471,114.71
11556,115.56
11642,116.42
11727,117.27
11812,118.12
11896,118.96
11979,119.79
12062,120.62
12147,121.47
12231,122.31
12314,123.14
12398,123.98
12482,124.82
12565,125.65
12648,126.48
12731,127.31
12812,128.12
12895,128.95
12978,129.78
13058,130.58
13141,131.41
13223,132.23
13304,133.04
13388,133.88
13470,134.7
13553,135.53
13635,136.35
13716,137.16
13799,137.99
13881,138.81
13963,139.63
14048,140.48
14130,141.3
14212,142.12
14294,142.94
14377,143.77
14459,144.59
14542,145.42
14625,146.25
14707,147.07
14791,147.91
14874,148.74
14955,149.55
15039,150.39
15121,151.21
15203,152.03
15285,152.85
15366,153.66
15446,154.46
15527,155.27
15608,156.08
15688,156.88
15768,157.68
15848,158.48
15928,159.28
16007,160.07
16086,160.86
16166,161.66
16245,162.45
16324,163.24
16406,164.06
16489,164.89
16575,165.75
16662,166.62
16752,167.52
16841,168.41
16931,169.31
17021,170.21
17110,171.1
17199,171.99
17288,172.88
17376,173.76
17463,174.63
17549,175.49
17635,176.35
17720,177.2
17805,178.05
17888,178.88
17968,179.68
18046,180.46
18125,181.25
18202,182.02
18283,182.83
18367,183.67
18457,184.57
18554,185.54
18656,186.56
18762,187.62
18868,188.68
18975,189.75
19081,190.81
19189,191.89
19296,192.96
19401,194.01
19503,195.03
19603,196.03
19700,197.0
19794,197.94
19886,198.86
19975,199.75
20062,200.62
20148,201.48
20233,202.33
20317,203.17
20399,203.99
20480,204.8
20559,205.59
20637,206.37
20714,207.14
20791,207.91
20868,208.68
20946,209.46
21027,210.27
21113,211.13
21203,212.03
21295,212.95
21390,213.9
21486,214.86
21584,215.84
21683,216.83
21780,217.8
21877,218.77
21974,219.74
22069,220.69
22164,221.64
22258,222.58
22349,223.49
22440,224.4
22529,225.29
22618,226.18
22706,227.06
22795,227.95
22883,228.83
22971,229.71
23059,230.59
23147,231.47
23236,232.36
23326,233.26
23414,234.14
23501,235.01
23586,235.86
23674,236.74
23762,237.62
23850,238.5
23938,239.38
24028,240.28
24119,241.19
24211,242.11
24303,243.03
24395,243.95
24488,244.88
24581,245.81
24673,246.73
24765,247.65
24850,248.5
24935,249.35
25024,250.24
25114,251.14
25198,251.98
25281,252.81
25362,253.62
25443,254.43
25524,255.24
25602,256.02
25683,256.83
25763,257.63
25843,258.43
25926,259.26
26009,260.09
26093,260.93
26179,261.79
26264,262.64
26348,263.48
26432,264.32
26514,265.14
26595,265.95
26676,266.76
26754,267.54
26833,268.33
26910,269.1
26987,269.87
27064,270.64
27144,271.44
27226,272.26
27308,273.08
27393,273.93
27481,274.81
27569,275.69
27657,276.57
27748,277.48
27839,278.39
27929,279.29
28019,280.19
28109,281.09
28200,282.0
28288,282.88
28378,283.78
28468,284.68
28559,285.59
28649,286.49
28739,287.39
28832,288.32
28923,289.23
29015,290.15
29107,291.07
29199,291.99
29290,292.9
29380,293.8
29472,294.72
29562,295.62
29652,296.52
29740,297.4
29829,298.29
29918,299.18
30007,300.07
30096,300.96
30186,301.86
30278,302.78
30369,303.69
30458,304.58
30550,305.5
30641,306.41
30731,307.31
30820,308.2
30909,309.09
30997,309.97
31085,310.85
31171,311.71
31258,312.58
31345,313.45
31432,314.32
31520,315.2
31608,316.08
31696,316.96
31786,317.86
31876,318.76
31966,319.66
32056,320.56
32146,321.46
32236,322.36
32325,323.25
32415,324.15
32506,325.06
32598,325.98
32689,326.89
32780,327.8
32871,328.71
32963,329.63
33055,330.55
33147,331.47
33238,332.38
33330,333.3
33410,334.1
33504,335.04
33588,335.88
33687,336.87
33765,337.65
33857,338.57
33940,339.4
34036,340.36
34124,341.24
34213,342.13
34304,343.04
34395,343.95
34487,344.87
34581,345.81
34677,346.77
34773,347.73
34868,348.68
34964,349.64
35060,350.6
35154,351.54
35247,352.47
35340,353.4
35431,354.31
35520,355.2
35610,356.1
35698,356.98
35786,357.86
35874,358.74
35963,359.63
36052,360.52
36142,361.42
36231,362.31
36320,363.2
36410,364.1
36501,365.01
36588,365.88
36676,366.76
36762,367.62
36847,368.47
36931,369.31
37014,370.14
37096,370.96
37180,371.8
37265,372.65
37349,373.49
37434,374.34
37522,375.22
37609,376.09
37696,376.96
37785,377.85
37875,378.75
37964,379.64
38054,380.54
38142,381.42
38231,382.31
38320,383.2
38409,384.09
38496,384.96
38584,385.84
38672,386.72
38761,387.61
38850,388.5
38938,389.38
39027,390.27
39117,391.17
39206,392.06
39295,392.95
39385,393.85
39474,394.74
39564,395.64
39653,396.53
39742,397.42
39832,398.32
39921,399.21
40010,400.1
40097,400.97
40183,401.83
40268,402.68
40350,403.5
40434,404.34
40519,405.19
40604,406.04
40690,406.9
40779,407.79
40868,408.68
40959,409.59
41050,410.5
41140,411.4
41231,412.31
41322,413.22
41412,414.12
41502,415.02
41593,415.93
41684,416.84
41774,417.74
41864,418.64
41956,419.56
42048,420.48
42139,421.39
42231,422.31
42324,423.24
42417,424.17
42508,425.08
42599,425.99
42689,426.89
42779,427.79
42867,428.67
42956,429.56
43045,430.45
43135,431.35
43224,432.24
43314,433.14
43405,434.05
43496,434.96
43587,435.87
43678,436.78
43769,437.69
43860,438.6
43951,439.51
44041,440.41
44131,441.31
44223,442.23
44313,443.13
44402,444.02
44491,444.91
44582,445.82
44673,446.73
44764,447.64
44854,448.54
44943,449.43
45029,450.29
45114,451.14
45198,451.98
45283,452.83
45369,453.69
45456,454.56
45542,455.42
45629,456.29
45717,457.17
45805,458.05
45892,458.92
45979,459.79
46067,460.67
46155,461.55
46243,462.43
46331,463.31
46421,464.21
46509,465.09
46598,465.98
46688,466.88
46778,467.78
46869,468.69
46960,469.6
47053,470.53
47143,471.43
47234,472.34
47326,473.26
47419,474.19
47512,475.12
47579,475.79
47647,476.47
47743,477.43
47827,478.27
47926,479.26
48017,480.17
48108,481.08
48201,482.01
48293,482.93
48384,483.84
48475,484.75
48567,485.67
48659,486.59
48751,487.51
48842,488.42
48933,489.33
49024,490.24
49115,491.15
49205,492.05
49295,492.95
49386,493.86
49476,494.76
49566,495.66
49654,496.54
49744,497.44
49834,498.34
49925,499.25
50016,500.16
50108,501.08
50200,502.0
50294,502.94
50388,503.88
50481,504.81
50576,505.76
50669,506.69
50762,507.62
50855,508.55
50946,509.46
51037,510.37
51127,511.27
51218,512.18
51306,513.06
51391,513.91
51478,514.78
51567,515.67
51654,516.54
51741,517.41
51828,518.28
51916,519.16
52005,520.05
52093,520.93
52180,521.8
52270,522.7
52359,523.59
52448,524.48
52539,525.39
52630,526.3
52722,527.22
52813,528.13
52905,529.05
52999,529.99
53093,530.93
53188,531.88
53282,532.82
53376,533.76
53471,534.71
53564,535.64
53656,536.56
53746,537.46
53834,538.34
53923,539.23
54010,540.1
54097,540.97
54185,541.85
54274,542.74
54364,543.64
54455,544.55
54545,545.45
54637,546.37
54729,547.29
54821,548.21
54912,549.12
55004,550.04
55097,550.97
55188,551.88
55279,552.79
55372,553.72
55464,554.64
55556,555.56
55648,556.48
55738,557.38
55830,558.3
55921,559.21
56012,560.12
56103,561.03
56195,561.95
56288,562.88
56381,563.81
56473,564.73
56565,565.65
56658,566.58
56751,567.51
56844,568.44
56936,569.36
57029,570.29
57122,571.22
57214,572.14
57306,573.06
57397,573.97
57487,574.87
57577,575.77
57668,576.68
57758,577.58
57848,578.48
57938,579.38
58030,580.3
58122,581.22
58213,582.13
58303,583.03
58393,583.93
58484,584.84
58575,585.75
58665,586.65
58754,587.54
58845,588.45
58936,589.36
59027,590.27
59117,591.17
59208,592.08
59300,593.0
59391,593.91
59481,594.81
59571,595.71
59661,596.61
59749,597.49
59837,598.37
59927,599.27
60019,600.19
60111,601.11
60202,602.02
60293,602.93
60386,603.86
60477,604.77
60567,605.67
60659,606.59
60752,607.52
60843,608.43
60936,609.36
61030,610.3
61122,611.22
61213,612.13
61305,613.05
61396,613.96
61487,614.87
61576,615.76
61665,616.65
61754,617.54
61842,618.42
61930,619.3
62019,620.19
62109,621.09
62198,621.98
62287,622.87
62377,623.77
62467,624.67
62556,625.56
62644,626.44
62732,627.32
62820,628.2
62908,629.08
62995,629.95
63083,630.83
63173,631.73
63262,632.62
63352,633.52
63443,634.43
63536,635.36
63628,636.28
63719,637.19
63810,638.1
63901,639.01
63991,639.91
64080,640.8
64168,641.68
64257,642.57
64346,643.46
64432,644.32
64520,645.2
64606,646.06
64691,646.91
64775,647.75
64859,648.59
64946,649.46
65033,650.33
65122,651.22
65211,652.11
65301,653.01
65392,653.92
65483,654.83
65572,655.72
65663,656.63
65754,657.54
65843,658.43
65932,659.32
66022,660.22
66111,661.11
66198,661.98
66287,662.87
66374,663.74
66461,664.61
66548,665.48
66636,666.36
66724,667.24
66812,668.12
66900,669.0
66987,669.87
67075,670.75
67162,671.62
67250,672.5
67338,673.38
67426,674.26
67515,675.15
67606,676.06
67696,676.96
67785,677.85
67875,678.75
67966,679.66
68057,680.57
68147,681.47
68237,682.37
68328,683.28
68418,684.18
68508,685.08
68598,685.98
68689,686.89
68779,687.79
68869,688.69
68960,689.6
69050,690.5
69140,691.4
69229,692.29
69319,693.19
69409,694.09
69497,694.97
69584,695.84
69669,696.69
69757,697.57
69846,698.46
69934,699.34
70023,700.23
70110,701.1
70198,701.98
70288,702.88
70376,703.76
70465,704.65
70553,705.53
70643,706.43
70732,707.32
70821,708.21
70912,709.12
71004,710.04
71096,710.96
71189,711.89
71281,712.81
71374,713.74
71467,714.67
71561,715.61
71654,716.54
71747,717.47
71840,718.4
71932,719.32
72025,720.25
72117,721.17
72210,722.1
72302,723.02
72395,723.95
72488,724.88
72582,725.82
72674,726.74
72767,727.67
72861,728.61
72954,729.54
73045,730.45
73137,731.37
73229,732.29
73321,733.21
73414,734.14
73509,735.09
73604,736.04
73698,736.98
73794,737.94
73876,738.76
73959,739.59
74073,740.73
74165,741.65
74257,742.57
74347,743.47
74437,744.37
74529,745.29
74620,746.2
74710,747.1
74802,748.02
74894,748.94
74985,749.85
75076,750.76
75167,751.67
75258,752.58
75348,753.48
75439,754.39
75529,755.29
75618,756.18
75707,757.07
75794,757.94
75883,758.83
75971,759.71
76060,760.6
76149,761.49
76238,762.38
76329,763.29
76420,764.2
76509,765.09
76599,765.99
76689,766.89
76778,767.78
76868,768.68
76959,769.59
77051,770.51
77143,771.43
77237,772.37
77331,773.31
77426,774.26
77519,775.19
77612,776.12
77703,777.03
77791,777.91
77880,778.8
77967,779.67
78053,780.53
78138,781.38
78226,782.26
78313,783.13
78403,784.03
78494,784.94
78585,785.85
78678,786.78
78771,787.71
78864,788.64
78957,789.57
79050,790.5
79143,791.43
79235,792.35
79327,793.27
79418,794.18
79509,795.09
79599,795.99
79688,796.88
79777,797.77
79867,798.67
79957,799.57
80048,800.48
80128,801.28
80208,802.08
80316,803.16
80404,804.04
80491,804.91
80580,805.8
80670,806.7
80763,807.63
80857,808.57
80952,809.52
81049,810.49
81149,811.49
81249,812.49
81350,813.5
81451,814.51
81554,815.54
81654,816.54
81756,817.56
81856,818.56
81953,819.53
82051,820.51
82147,821.47
82242,822.42
82337,823.37
82431,824.31
82525,825.25
82619,826.19
82713,827.13
82805,828.05
82896,828.96
82988,829.88
83080,830.8
83172,831.72
83266,832.66
83361,833.61
83455,834.55
83550,835.5
83645,836.45
83738,837.38
83831,838.31
83922,839.22
84014,840.14
84106,841.06
84199,841.99
84291,842.91
84383,843.83
84476,844.76
84568,845.68
84661,846.61
84753,847.53
84844,848.44
84936,849.36
85027,850.27
85117,851.17
85209,852.09
85301,853.01
85393,853.93
85486,854.86
85579,855.79
85672,856.72
85765,857.65
85858,858.58
85949,859.49
86040,860.4
86129,861.29
86220,862.2
86312,863.12
86403,864.03
86493,864.93
86581,865.81
86669,866.69
86759,867.59
86849,868.49
86939,869.39
87032,870.32
87126,871.26
87221,872.21
87318,873.18
87416,874.16
87514,875.14
87611,876.11
87709,877.09
87806,878.06
87901,879.01
87995,879.95
88088,880.88
88180,881.8
88272,882.72
88363,883.63
88454,884.54
88546,885.46
88638,886.38
88731,887.31
88825,888.25
88919,889.19
89013,890.13
89108,891.08
89201,892.01
89295,892.95
89389,893.89
89482,894.82
89576,895.76
89670,896.7
89765,897.65
89857,898.57
89950,899.5
90042,900.42
90132,901.32
90223,902.23
90315,903.15
90404,904.04
90494,904.94
90581,905.81
90667,906.67
90753,907.53
90842,908.42
90932,909.32
91025,910.25
91119,911.19
91212,912.12
91307,913.07
91400,914.0
91492,914.92
91581,915.81
91668,916.68
91755,917.55
91841,918.41
91925,919.25
92010,920.1
92095,920.95
92179,921.79
92264,922.64
92350,923.5
92437,924.37
92524,925.24
92610,926.1
92699,926.99
92789,927.89
92878,928.78
92970,929.7
93062,930.62
93156,931.56
93248,932.48
93340,933.4
93434,934.34
93529,935.29
93623,936.23
93716,937.16
93810,938.1
93905,939.05
93999,939.99
94092,940.92
94185,941.85
94279,942.79
94372,943.72
94465,944.65
94560,945.6
94657,946.57
94755,947.55
94851,948.51
94949,949.49
95048,950.48
95144,951.44
95240,952.4
95335,953.35
95426,954.26
95518,955.18
95611,956.11
95704,957.04
95796,957.96
95891,958.91
95986,959.86
96080,960.8
96175,961.75
96271,962.71
96368,963.68
96462,964.62
96557,965.57
96651,966.51
96744,967.44
96836,968.36
96928,969.28
97019,970.19
97110,971.1
97201,972.01
97291,972.91
97381,973.81
97469,974.69
97557,975.57
97646,976.46
97736,977.36
97826,978.26
97917,979.17
98010,980.1
98102,981.02
98196,981.96
98290,982.9
98383,983.83
98476,984.76
98572,985.72
98669,986.69
98765,987.65
98864,988.64
98963,989.63
99062,990.62
99160,991.6
99258,992.58
99356,993.56
99452,994.52
99547,995.47
99642,996.42
99736,997.36
99829,998.29
99921,999.21
100013,1000.13
100104,1001.04
100194,1001.94
100285,1002.85
100371,1003.71
100457,1004.57
100545,1005.45
100634,1006.34
100724,1007.24
100816,1008.16
100911,1009.11
101008,1010.08
101104,1011.04
101203,1012.03
101302,1013.02
101401,1014.01
101500,1015.0
101599,1015.99
101697,1016.97
101791,1017.91
101885,1018.85
101978,1019.78
102070,1020.7
102162,1021.62
102253,1022.53
102345,1023.45
102436,1024.36
102528,1025.28
102621,1026.21
102712,1027.12
102803,1028.03
102891,1028.91
102976,1029.76
103059,1030.59
103144,1031.44
103231,1032.31
103320,1033.2
103413,1034.13
103506,1035.06
103602,1036.02
103700,1037.0
103799,1037.99
103898,1038.98
103995,1039.95
104092,1040.92
104189,1041.89
104284,1042.84
104378,1043.78
104472,1044.72
104564,1045.64
104656,1046.56
104746,1047.46
104837,1048.37
104927,1049.27
105017,1050.17
105107,1051.07
105198,1051.98
105287,1052.87
105377,1053.77
105467,1054.67
105557,1055.57
105647,1056.47
105737,1057.37
105829,1058.29
105919,1059.19
106011,1060.11
106103,1061.03
106196,1061.96
106290,1062.9
106382,1063.82
106475,1064.75
106568,1065.68
106661,1066.61
106754,1067.54
106848,1068.48
106942,1069.42
107032,1070.32
107123,1071.23
107214,1072.14
107305,1073.05
107398,1073.98
107494,1074.94
107591,1075.91
107688,1076.88
107784,1077.84
107881,1078.81
107973,1079.73
108068,1080.68
108161,1081.61
108254,1082.54
108345,1083.45
108437,1084.37
108528,1085.28
108618,1086.18
108711,1087.11
108805,1088.05
108898,1088.98
108994,1089.94
109091,1090.91
109188,1091.88
109284,1092.84
109378,1093.78
109472,1094.72
109565,1095.65
109657,1096.57
109749,1097.49
109839,1098.39
109928,1099.28
110016,1100.16
110102,1101.02
110190,1101.9
110277,1102.77
110363,1103.63
110449,1104.49
110533,1105.33
110621,1106.21
110709,1107.09
110797,1107.97
110887,1108.87
110977,1109.77
111067,1110.67
111158,1111.58
111249,1112.49
111340,1113.4
111430,1114.3
111520,1115.2
111611,1116.11
111702,1117.02
111792,1117.92
111880,1118.8
111968,1119.68
112055,1120.55
112140,1121.4
112225,1122.25
112309,1123.09
112393,1123.93
112476,1124.76
112558,1125.58
112639,1126.39
112720,1127.2
112802,1128.02
112884,1128.84
112965,1129.65
113047,1130.47
113127,1131.27
113207,1132.07
113289,1132.89
113372,1133.72
113455,1134.55
113540,1135.4
113626,1136.26
113713,1137.13
113800,1138.0
113888,1138.88
113975,1139.75
114063,1140.63
114149,1141.49
114234,1142.34
114318,1143.18
114401,1144.01
114485,1144.85
114571,1145.71
114658,1146.58
114746,1147.46
114836,1148.36
114927,1149.27
115019,1150.19
115112,1151.12
115206,1152.06
115300,1153.0
115395,1153.95
115491,1154.91
115586,1155.86
115681,1156.81
115778,1157.78
115874,1158.74
115969,1159.69
116065,1160.65
116161,1161.61
116255,1162.55
116351,1163.51
116447,1164.47
116543,1165.43
116638,1166.38
116733,1167.33
116828,1168.28
116922,1169.22
117015,1170.15
117108,1171.08
117201,1172.01
117292,1172.92
117383,1173.83
117476,1174.76
117568,1175.68
117660,1176.6
117751,1177.51
117843,1178.43
117935,1179.35
118027,1180.27
118117,1181.17
118208,1182.08
118299,1182.99
118390,1183.9
118480,1184.8
118573,1185.73
118667,1186.67
118761,1187.61
118854,1188.54
118947,1189.47
119040,1190.4
119131,1191.31
119221,1192.21
119310,1193.1
119400,1194.0
119487,1194.87
119573,1195.73
119658,1196.58
119742,1197.42
119824,1198.24
119906,1199.06
119989,1199.89
120072,1200.72
120156,1201.56
120242,1202.42
120331,1203.31
120421,1204.21
120513,1205.13
120606,1206.06
120699,1206.99
120791,1207.91
120884,1208.84
120977,1209.77
121069,1210.69
121160,1211.6
121251,1212.51
121343,1213.43
121433,1214.33
121521,1215.21
121611,1216.11
121701,1217.01
121792,1217.92
121883,1218.83
121974,1219.74
122067,1220.67
122159,1221.59
122251,1222.51
122345,1223.45
122439,1224.39
122533,1225.33
122626,1226.26
122720,1227.2
122815,1228.15
122909,1229.09
122999,1229.99
123091,1230.91
123181,1231.81
123270,1232.7
123359,1233.59
123450,1234.5
123542,1235.42
123632,1236.32
123724,1237.24
123816,1238.16
123906,1239.06
123998,1239.98
124091,1240.91
124184,1241.84
124278,1242.78
124372,1243.72
124466,1244.66
124560,1245.6
124653,1246.53
124746,1247.46
124837,1248.37
124926,1249.26
125016,1250.16
125106,1251.06
125195,1251.95
125285,1252.85
125376,1253.76
125467,1254.67
125558,1255.58
125650,1256.5
125742,1257.42
125833,1258.33
125925,1259.25
126017,1260.17
126108,1261.08
126199,1261.99
126290,1262.9
126382,1263.82
126473,1264.73
126563,1265.63
126653,1266.53
126744,1267.44
126835,1268.35
126924,1269.24
127013,1270.13
127103,1271.03
127192,1271.92
127282,1272.82
127373,1273.73
127465,1274.65
127556,1275.56
127646,1276.46
127738,1277.38
127829,1278.29
127920,1279.2
128010,1280.1
128101,1281.01
128191,1281.91
128281,1282.81
128370,1283.7
128459,1284.59
128548,1285.48
128637,1286.37
128726,1287.26
128815,1288.15
128905,1289.05
128994,1289.94
129084,1290.84
129172,1291.72
129261,1292.61
129350,1293.5
129438,1294.38
129526,1295.26
129614,1296.14
129703,1297.03
129791,1297.91
129879,1298.79
129969,1299.69
130060,1300.6
130149,1301.49
130239,1302.39
130331,1303.31
130421,1304.21
130512,1305.12
130604,1306.04
130695,1306.95
130786,1307.86
130877,1308.77
130968,1309.68
131058,1310.58
131149,1311.49
131240,1312.4
131331,1313.31
131422,1314.22
131514,1315.14
131606,1316.06
131698,1316.98
131791,1317.91
131882,1318.82
131975,1319.75
132067,1320.67
132158,1321.58
132249,1322.49
132340,1323.4
132430,1324.3
132520,1325.2
132608,1326.08
132698,1326.98
132787,1327.87
132877,1328.77
132967,1329.67
133056,1330.56
133147,1331.47
133238,1332.38
133329,1333.29
133421,1334.21
133513,1335.13
133606,1336.06
133698,1336.98
133792,1337.92
133885,1338.85
133975,1339.75
134066,1340.66
134156,1341.56
134245,1342.45
134333,1343.33
134420,1344.2
134506,1345.06
134590,1345.9
134676,1346.76
134761,1347.61
134850,1348.5
134939,1349.39
135029,1350.29
135121,1351.21
135214,1352.14
135305,1353.05
135398,1353.98
135491,1354.91
135582,1355.82
135673,1356.73
135765,1357.65
135858,1358.58
135950,1359.5
136042,1360.42
136136,1361.36
136230,1362.3
136323,1363.23
136415,1364.15
136506,1365.06
136596,1365.96
136688,1366.88
136780,1367.8
136870,1368.7
136961,1369.61
137053,1370.53
137145,1371.45
137236,1372.36
137327,1373.27
137418,1374.18
137508,1375.08
137598,1375.98
137687,1376.87
137775,1377.75
137865,1378.65
137953,1379.53
138040,1380.4
138128,1381.28
138217,1382.17
138304,1383.04
138392,1383.92
138479,1384.79
138565,1385.65
138651,1386.51
138737,1387.37
138822,1388.22
138907,1389.07
138993,1389.93
139081,1390.81
139170,1391.7
139258,1392.58
139347,1393.47
139438,1394.38
139529,1395.29
139621,1396.21
139713,1397.13
139807,1398.07
139899,1398.99
139990,1399.9
140083,1400.83
140174,1401.74
140265,1402.65
140356,1403.56
140447,1404.47
140537,1405.37
140626,1406.26
140715,1407.15
140805,1408.05
140894,1408.94
140982,1409.82
141073,1410.73
141164,1411.64
141254,1412.54
141344,1413.44
141432,1414.32
141516,1415.16
141599,1415.99
141681,1416.81
141764,1417.64
141847,1418.47
141930,1419.3
142015,1420.15
142100,1421.0
142183,1421.83
142269,1422.69
142354,1423.54
142438,1424.38
142524,1425.24
142610,1426.1
142694,1426.94
142779,1427.79
142862,1428.62
142944,1429.44
143026,1430.26
143109,1431.09
143192,1431.92
143275,1432.75
143358,1433.58
143442,1434.42
143526,1435.26
143611,1436.11
143694,1436.94
143777,1437.77
143859,1438.59
143943,1439.43
144028,1440.28
144114,1441.14
144201,1442.01
144289,1442.89
144378,1443.78
144468,1444.68
144557,1445.57
144645,1446.45
144735,1447.35
144825,1448.25
144915,1449.15
145002,1450.02
145089,1450.89
145167,1451.67
145258,1452.58
145339,1453.39
145433,1454.33
145518,1455.18
145605,1456.05
145695,1456.95
145785,1457.85
145868,1458.68
145951,1459.51
146053,1460.53
146156,1461.56
146248,1462.48
146342,1463.42
146435,1464.35
146529,1465.29
146622,1466.22
146717,1467.17
146813,1468.13
146906,1469.06
146999,1469.99
147093,1470.93
147186,1471.86
147277,1472.77
147369,1473.69
147460,1474.6
147551,1475.51
147642,1476.42
147732,1477.32
147824,1478.24
147914,1479.14
148004,1480.04
148095,1480.95
148186,1481.86
148278,1482.78
148368,1483.68
148460,1484.6
148552,1485.52
148643,1486.43
148734,1487.34
148827,1488.27
148918,1489.18
149010,1490.1
149101,1491.01
149192,1491.92
149280,1492.8
149370,1493.7
149456,1494.56
149541,1495.41
149626,1496.26
149708,1497.08
149791,1497.91
149873,1498.73
149955,1499.55
150035,1500.35
150117,1501.17
150199,1501.99
150282,1502.82
150364,1503.64
150446,1504.46
150530,1505.3
150615,1506.15
150701,1507.01
150789,1507.89
150879,1508.79
150974,1509.74
151074,1510.74
151177,1511.77
151278,1512.78
151381,1513.81
151485,1514.85
151588,1515.88
151691,1516.91
151789,1517.89
151887,1518.87
151985,1519.85
152083,1520.83
152181,1521.81
152278,1522.78
152372,1523.72
152467,1524.67
152562,1525.62
152658,1526.58
152754,1527.54
152851,1528.51
152950,1529.5
153045,1530.45
153142,1531.42
153239,1532.39
153335,1533.35
153431,1534.31
153528,1535.28
153625,1536.25
153722,1537.22
153819,1538.19
153916,1539.16
154014,1540.14
154109,1541.09
154205,1542.05
154301,1543.01
154393,1543.93
154486,1544.86
154578,1545.78
154668,1546.68
154759,1547.59
154850,1548.5
154942,1549.42
155033,1550.33
155122,1551.22
155210,1552.1
155295,1552.95
155383,1553.83
155470,1554.7
155558,1555.58
155647,1556.47
155738,1557.38
155828,1558.28
155917,1559.17
156007,1560.07
156098,1560.98
156188,1561.88
156280,1562.8
156372,1563.72
156463,1564.63
156555,1565.55
156648,1566.48
156743,1567.43
156838,1568.38
156933,1569.33
157030,1570.3
157127,1571.27
157224,1572.24
157321,1573.21
157420,1574.2
157517,1575.17
157614,1576.14
157712,1577.12
157811,1578.11
157909,1579.09
158003,1580.03
158099,1580.99
158194,1581.94
158286,1582.86
158375,1583.75
158465,1584.65
158553,1585.53
158639,1586.39
158727,1587.27
158814,1588.14
158900,1589.0
158987,1589.87
159076,1590.76
159165,1591.65
159254,1592.54
159342,1593.42
159431,1594.31
159520,1595.2
159606,1596.06
159694,1596.94
159782,1597.82
159870,1598.7
159957,1599.57
160047,1600.47
160135,1601.35
160224,1602.24
160314,1603.14
160405,1604.05
160496,1604.96
160587,1605.87
160679,1606.79
160773,1607.73
160867,1608.67
160960,1609.6
161050,1610.5
161140,1611.4
161231,1612.31
161319,1613.19
161406,1614.06
161489,1614.89
161574,1615.74
161657,1616.57
161739,1617.39
161823,1618.23
161909,1619.09
161996,1619.96
162084,1620.84
162175,1621.75
162268,1622.68
162360,1623.6
162454,1624.54
162548,1625.48
162642,1626.42
162735,1627.35
162829,1628.29
162923,1629.23
163016,1630.16
163109,1631.09
163206,1632.06
163303,1633.03
163400,1634.0
163496,1634.96
163591,1635.91
163675,1636.75
163774,1637.74
163861,1638.61
163964,1639.64
164056,1640.56
164148,1641.48
164241,1642.41
164335,1643.35
164430,1644.3
164526,1645.26
164624,1646.24
164722,1647.22
164815,1648.15
164910,1649.1
165004,1650.04
165097,1650.97
165189,1651.89
165282,1652.82
165375,1653.75
165468,1654.68
165560,1655.6
165654,1656.54
165748,1657.48
165842,1658.42
165937,1659.37
166033,1660.33
166128,1661.28
166224,1662.24
166319,1663.19
166414,1664.14
166510,1665.1
166605,1666.05
166700,1667.0
166796,1667.96
166892,1668.92
166984,1669.84
167075,1670.75
167168,1671.68
167258,1672.58
167346,1673.46
167433,1674.33
167522,1675.22
167610,1676.1
167697,1676.97
167786,1677.86
167876,1678.76
167965,1679.65
168057,1680.57
168149,1681.49
168240,1682.4
168331,1683.31
168424,1684.24
168517,1685.17
168611,1686.11
168706,1687.06
168801,1688.01
168895,1688.95
168990,1689.9
169084,1690.84
169178,1691.78
169272,1692.72
169366,1693.66
169460,1694.6
169553,1695.53
169645,1696.45
169738,1697.38
169830,1698.3
169922,1699.22
170015,1700.15
170108,1701.08
170201,1702.01
170294,1702.94
170387,1703.87
170481,1704.81
170574,1705.74
170667,1706.67
170762,1707.62
170856,1708.56
170949,1709.49
171040,1710.4
171131,1711.31
171224,1712.24
171317,1713.17
171410,1714.1
171503,1715.03
171597,1715.97
171690,1716.9
171782,1717.82
171872,1718.72
171964,1719.64
172056,1720.56
172147,1721.47
172237,1722.37
172330,1723.3
172423,1724.23
172515,1725.15
172604,1726.04
172694,1726.94
172782,1727.82
172869,1728.69
172956,1729.56
173042,1730.42
173128,1731.28
173216,1732.16
173305,1733.05
173395,1733.95
173487,1734.87
173578,1735.78
173670,1736.7
173764,1737.64
173857,1738.57
173950,1739.5
174044,1740.44
174138,1741.38
174231,1742.31
174323,1743.23
174416,1744.16
174510,1745.1
174604,1746.04
174700,1747.0
174796,1747.96
174892,1748.92
174988,1749.88
175081,1750.81
175175,1751.75
175269,1752.69
175362,1753.62
175455,1754.55
175550,1755.5
175645,1756.45
175739,1757.39
175836,1758.36
175933,1759.33
176031,1760.31
176128,1761.28
176224,1762.24
176321,1763.21
176418,1764.18
176515,1765.15
176610,1766.1
176707,1767.07
176805,1768.05
176903,1769.03
177001,1770.01
177101,1771.01
177200,1772.0
177297,1772.97
177395,1773.95
177492,1774.92
177589,1775.89
177686,1776.86
177783,1777.83
177879,1778.79
177975,1779.75
178071,1780.71
178167,1781.67
178263,1782.63
178359,1783.59
178454,1784.54
178549,1785.49
178643,1786.43
178738,1787.38
178832,1788.32
178926,1789.26
179019,1790.19
179113,1791.13
179208,1792.08
179302,1793.02
179397,1793.97
179493,1794.93
179589,1795.89
179685,1796.85
179781,1797.81
179877,1798.77
179973,1799.73
180068,1800.68
180163,1801.63
180259,1802.59
180355,1803.55
180450,1804.5
180546,1805.46
180642,1806.42
180738,1807.38
180833,1808.33
180929,1809.29
181025,1810.25
181121,1811.21
181214,1812.14
181309,1813.09
181405,1814.05
181499,1814.99
181595,1815.95
181691,1816.91
181786,1817.86
181881,1818.81
181978,1819.78
182075,1820.75
182170,1821.7
182266,1822.66
182362,1823.62
182457,1824.57
182551,1825.51
182646,1826.46
182741,1827.41
182836,1828.36
182930,1829.3
183021,1830.21
183113,1831.13
183204,1832.04
183294,1832.94
183386,1833.86
183478,1834.78
183570,1835.7
183662,1836.62
183756,1837.56
183850,1838.5
183945,1839.45
184037,1840.37
184130,1841.3
184222,1842.22
184314,1843.14
184404,1844.04
184492,1844.92
184578,1845.78
184665,1846.65
184753,1847.53
184841,1848.41
184931,1849.31
185022,1850.22
185104,1851.04
185200,1852.0
185287,1852.87
185388,1853.88
185481,1854.81
185574,1855.74
185668,1856.68
185762,1857.62
185855,1858.55
185950,1859.5
186046,1860.46
186141,1861.41
186237,1862.37
186333,1863.33
186428,1864.28
186522,1865.22
186616,1866.16
186708,1867.08
186801,1868.01
186896,1868.96
186991,1869.91
187086,1870.86
187181,1871.81
187275,1872.75
187370,1873.7
187464,1874.64
187558,1875.58
187650,1876.5
187740,1877.4
187831,1878.31
187922,1879.22
188012,1880.12
188102,1881.02
188195,1881.95
188288,1882.88
188381,1883.81
188475,1884.75
188568,1885.68
188661,1886.61
188755,1887.55
188849,1888.49
188942,1889.42
189036,1890.36
189130,1891.3
189224,1892.24
189317,1893.17
189410,1894.1
189502,1895.02
189596,1895.96
189690,1896.9
189784,1897.84
189878,1898.78
189973,1899.73
190068,1900.68
190163,1901.63
190257,1902.57
190352,1903.52
190445,1904.45
190539,1905.39
190632,1906.32
190726,1907.26
190821,1908.21
190915,1909.15
191009,1910.09
191104,1911.04
191199,1911.99
191293,1912.93
191386,1913.86
191480,1914.8
191572,1915.72
191665,1916.65
191757,1917.57
191849,1918.49
191943,1919.43
192038,1920.38
192132,1921.32
192225,1922.25
192320,1923.2
192414,1924.14
192507,1925.07
192599,1925.99
192693,1926.93
192787,1927.87
192879,1928.79
192971,1929.71
193065,1930.65
193159,1931.59
193252,1932.52
193347,1933.47
193443,1934.43
193539,1935.39
193635,1936.35
193731,1937.31
193827,1938.27
193922,1939.22
194017,1940.17
194112,1941.12
194206,1942.06
194300,1943.0
194394,1943.94
194487,1944.87
194580,1945.8
194674,1946.74
194767,1947.67
194862,1948.62
194956,1949.56
195051,1950.51
195145,1951.45
195239,1952.39
195336,1953.36
195433,1954.33
195528,1955.28
195625,1956.25
195722,1957.22
195817,1958.17
195914,1959.14
196010,1960.1
196105,1961.05
196200,1962.0
196294,1962.94
196389,1963.89
196481,1964.81
196574,1965.74
196666,1966.66
196759,1967.59
196850,1968.5
196941,1969.41
197030,1970.3
197118,1971.18
197206,1972.06
197296,1972.96
197386,1973.86
197476,1974.76
197568,1975.68
197660,1976.6
197752,1977.52
197845,1978.45
197940,1979.4
198036,1980.36
198132,1981.32
198228,1982.28
198325,1983.25
198421,1984.21
198517,1985.17
198613,1986.13
198707,1987.07
198803,1988.03
198899,1988.99
198993,1989.93
199086,1990.86
199180,1991.8
199274,1992.74
199368,1993.68
199460,1994.6
199555,1995.55
199651,1996.51
199747,1997.47
199845,1998.45
199943,1999.43
200038,2000.38
200137,2001.37
200235,2002.35
200332,2003.32
200430,2004.3
200526,2005.26
200623,2006.23
200719,2007.19
200813,2008.13
200907,2009.07
201002,2010.02
201096,2010.96
201192,2011.92
201287,2012.87
201381,2013.81
201477,2014.77
201573,2015.73
201667,2016.67
201762,2017.62
201858,2018.58
201955,2019.55
202051,2020.51
202148,2021.48
202246,2022.46
202345,2023.45
202442,2024.42
202537,2025.37
202634,2026.34
202730,2027.3
202825,2028.25
202921,2029.21
203018,2030.18
203114,2031.14
203209,2032.09
203307,2033.07
203405,2034.05
203502,2035.02
203599,2035.99
203695,2036.95
203791,2037.91
203886,2038.86
203981,2039.81
204075,2040.75
204169,2041.69
204263,2042.63
204357,2043.57
204451,2044.51
204546,2045.46
204639,2046.39
204732,2047.32
204827,2048.27
204920,2049.2
205015,2050.15
205111,2051.11
205205,2052.05
205301,2053.01
205398,2053.98
205494,2054.94
205588,2055.88
205684,2056.84
205779,2057.79
205873,2058.73
205968,2059.68
206063,2060.63
206156,2061.56
206249,2062.49
206340,2063.4
206430,2064.3
206520,2065.2
206611,2066.11
206703,2067.03
206794,2067.94
206886,2068.86
206979,2069.79
207071,2070.71
207162,2071.62
207255,2072.55
207347,2073.47
207438,2074.38
207528,2075.28
207614,2076.14
207701,2077.01
207790,2077.9
207876,2078.76
207961,2079.61
208048,2080.48
208136,2081.36
208224,2082.24
208314,2083.14
208405,2084.05
208497,2084.97
208590,2085.9
208685,2086.85
208780,2087.8
208878,2088.78
208975,2089.75
209072,2090.72
209170,2091.7
209265,2092.65
209361,2093.61
209457,2094.57
209552,2095.52
209649,2096.49
209744,2097.44
209838,2098.38
209933,2099.33
210029,2100.29
210126,2101.26
210223,2102.23
210322,2103.22
210422,2104.22
210521,2105.21
210619,2106.19
210719,2107.19
210820,2108.2
210921,2109.21
211022,2110.22
211124,2111.24
211223,2112.23
211322,2113.22
211422,2114.22
211521,2115.21
211617,2116.17
211712,2117.12
211807,2118.07
211901,2119.01
211995,2119.95
212089,2120.89
212184,2121.84
212279,2122.79
212375,2123.75
212471,2124.71
212567,2125.67
212665,2126.65
212763,2127.63
212862,2128.62
212961,2129.61
213060,2130.6
213156,2131.56
213254,2132.54
213351,2133.51
213446,2134.46
213543,2135.43
213642,2136.42
213739,2137.39
213836,2138.36
213935,2139.35
214034,2140.34
214132,2141.32
214231,2142.31
214330,2143.3
214426,2144.26
214524,2145.24
214618,2146.18
214710,2147.1
214799,2147.99
214890,2148.9
214980,2149.8
215069,2150.69
215162,2151.62
215255,2152.55
215348,2153.48
215442,2154.42
215537,2155.37
215632,2156.32
215726,2157.26
215822,2158.22
215918,2159.18
216014,2160.14
216111,2161.11
216208,2162.08
216304,2163.04
216400,2164.0
216495,2164.95
216589,2165.89
216684,2166.84
216780,2167.8
216876,2168.76
216971,2169.71
217067,2170.67
217165,2171.65
217262,2172.62
217358,2173.58
217455,2174.55
217552,2175.52
217650,2176.5
217750,2177.5
217848,2178.48
217947,2179.47
218048,2180.48
218150,2181.5
218250,2182.5
218352,2183.52
218454,2184.54
218554,2185.54
218654,2186.54
218754,2187.54
218853,2188.53
218951,2189.51
219049,2190.49
219147,2191.47
219242,2192.42
219337,2193.37
219433,2194.33
219530,2195.3
219627,2196.27
219724,2197.24
219822,2198.22
219920,2199.2
220016,2200.16
220114,2201.14
220211,2202.11
220308,2203.08
220406,2204.06
220504,2205.04
220600,2206.0
220697,2206.97
220795,2207.95
220892,2208.92
220988,2209.88
221086,2210.86
221182,2211.82
221276,2212.76
221372,2213.72
221467,2214.67
221561,2215.61
221655,2216.55
221749,2217.49
221843,2218.43
221936,2219.36
222030,2220.3
222127,2221.27
222224,2222.24
222319,2223.19
222417,2224.17
222515,2225.15
222612,2226.12
222709,2227.09
222807,2228.07
222905,2229.05
223002,2230.02
223100,2231.0
223199,2231.99
223296,2232.96
223393,2233.93
223490,2234.9
223587,2235.87
223682,2236.82
223779,2237.79
223875,2238.75
223971,2239.71
224066,2240.66
224159,2241.59
224253,2242.53
224349,2243.49
224445,2244.45
224540,2245.4
224634,2246.34
224730,2247.3
224825,2248.25
224920,2249.2
225014,2250.14
225111,2251.11
225207,2252.07
225304,2253.04
225404,2254.04
225505,2255.05
225603,2256.03
225703,2257.03
225803,2258.03
225901,2259.01
225999,2259.99
226098,2260.98
226195,2261.95
226291,2262.91
226388,2263.88
226484,2264.84
226579,2265.79
226673,2266.73
226769,2267.69
226863,2268.63
226956,2269.56
227047,2270.47
227140,2271.4
227234,2272.34
227326,2273.26
227419,2274.19
227513,2275.13
227607,2276.07
227701,2277.01
227799,2277.99
227894,2278.94
227989,2279.89
228086,2280.86
228181,2281.81
228264,2282.64
228348,2283.48
228461,2284.61
228554,2285.54
228648,2286.48
228742,2287.42
228836,2288.36
228931,2289.31
229029,2290.29
229128,2291.28
229227,2292.27
229329,2293.29
229431,2294.31
229533,2295.33
229635,2296.35
229737,2297.37
229837,2298.37
229935,2299.35
230032,2300.32
230128,2301.28
230223,2302.23
230318,2303.18
230415,2304.15
230509,2305.09
230602,2306.02
230694,2306.94
230789,2307.89
230886,2308.86
230984,2309.84
231079,2310.79
231177,2311.77
231275,2312.75
231373,2313.73
231471,2314.71
231569,2315.69
231666,2316.66
231765,2317.65
231865,2318.65
231963,2319.63
232063,2320.63
232163,2321.63
232263,2322.63
232362,2323.62
232460,2324.6
232558,2325.58
232654,2326.54
232751,2327.51
232846,2328.46
232940,2329.4
233035,2330.35
233129,2331.29
233223,2332.23
233317,2333.17
233413,2334.13
233510,2335.1
233606,2336.06
233701,2337.01
233796,2337.96
233891,2338.91
233986,2339.86
234080,2340.8
234174,2341.74
234270,2342.7
234365,2343.65
234459,2344.59
234555,2345.55
234650,2346.5
234744,2347.44
234840,2348.4
234936,2349.36
235030,2350.3
235128,2351.28
235226,2352.26
235324,2353.24
235421,2354.21
235520,2355.2
235618,2356.18
235715,2357.15
235810,2358.1
235906,2359.06
236001,2360.01
236093,2360.93
236184,2361.84
236275,2362.75
236367,2363.67
236459,2364.59
236549,2365.49
236639,2366.39
236732,2367.32
236826,2368.26
236919,2369.19
237011,2370.11
237106,2371.06
237201,2372.01
237296,2372.96
237391,2373.91
237490,2374.9
237588,2375.88
237683,2376.83
237779,2377.79
237878,2378.78
237976,2379.76
238074,2380.74
238174,2381.74
238275,2382.75
238374,2383.74
238474,2384.74
238573,2385.73
238670,2386.7
238766,2387.66
238862,2388.62
238955,2389.55
239048,2390.48
239142,2391.42
239238,2392.38
239334,2393.34
239431,2394.31
239531,2395.31
239630,2396.3
239729,2397.29
239830,2398.3
239931,2399.31
240030,2400.3
240128,2401.28
240226,2402.26
240324,2403.24
240421,2404.21
240517,2405.17
240615,2406.15
240713,2407.13
240810,2408.1
240908,2409.08
241004,2410.04
241100,2411.0
241196,2411.96
241292,2412.92
241387,2413.87
241480,2414.8
241573,2415.73
241667,2416.67
241761,2417.61
241854,2418.54
241948,2419.48
242045,2420.45
242142,2421.42
242239,2422.39
242335,2423.35
242433,2424.33
242531,2425.31
242627,2426.27
242724,2427.24
242822,2428.22
242917,2429.17
243012,2430.12
243108,2431.08
243203,2432.03
243298,2432.98
243395,2433.95
243493,2434.93
243589,2435.89
243687,2436.87
243786,2437.86
243884,2438.84
243980,2439.8
244078,2440.78
244175,2441.75
244270,2442.7
244363,2443.63
244457,2444.57
244551,2445.51
244645,2446.45
244739,2447.39
244833,2448.33
244927,2449.27
245021,2450.21
245113,2451.13
245206,2452.06
245298,2452.98
245391,2453.91
245483,2454.83
245577,2455.77
245673,2456.73
245770,2457.7
245867,2458.67
245963,2459.63
246060,2460.6
246158,2461.58
246254,2462.54
246351,2463.51
246450,2464.5
246549,2465.49
246647,2466.47
246744,2467.44
246842,2468.42
246939,2469.39
247035,2470.35
247132,2471.32
247229,2472.29
247326,2473.26
247422,2474.22
247520,2475.2
247619,2476.19
247716,2477.16
247813,2478.13
247909,2479.09
248007,2480.07
248102,2481.02
248198,2481.98
248294,2482.94
248389,2483.89
248487,2484.87
248584,2485.84
248680,2486.8
248775,2487.75
248871,2488.71
248965,2489.65
249058,2490.58
249154,2491.54
249250,2492.5
249346,2493.46
249444,2494.44
249544,2495.44
249642,2496.42
249741,2497.41
249840,2498.4
249939,2499.39
250035,2500.35
250131,2501.31
250228,2502.28
250324,2503.24
250420,2504.2
250513,2505.13
250607,2506.07
250701,2507.01
250795,2507.95
250888,2508.88
250979,2509.79
251070,2510.7
251162,2511.62
251253,2512.53
251346,2513.46
251437,2514.37
251528,2515.28
251622,2516.22
251719,2517.19
251815,2518.15
251910,2519.1
252007,2520.07
252105,2521.05
252203,2522.03
252300,2523.0
252399,2523.99
252496,2524.96
252593,2525.93
252692,2526.92
252789,2527.89
252886,2528.86
252983,2529.83
253083,2530.83
253179,2531.79
253274,2532.74
253370,2533.7
253464,2534.64
253557,2535.57
253650,2536.5
253743,2537.43
253833,2538.33
253917,2539.17
254001,2540.01
254090,2540.9
254182,2541.82
254274,2542.74
254358,2543.58
254441,2544.41
254521,2545.21
254602,2546.02
254682,2546.82
254759,2547.59
254836,2548.36
254913,2549.13
254990,2549.9
255066,2550.66
255142,2551.42
255220,2552.2
255298,2552.98
255377,2553.77
255457,2554.57
255541,2555.41
255626,2556.26
255712,2557.12
255801,2558.01
255891,2558.91
255984,2559.84
256077,2560.77
256174,2561.74
256270,2562.7
256366,2563.66
256463,2564.63
256558,2565.58
256655,2566.55
256751,2567.51
256848,2568.48
256946,2569.46
257046,2570.46
257146,2571.46
257246,2572.46
257346,2573.46
257447,2574.47
257547,2575.47
257646,2576.46
257744,2577.44
257842,2578.42
257941,2579.41
258041,2580.41
258140,2581.4
258243,2582.43
258347,2583.47
258449,2584.49
258554,2585.54
258657,2586.57
258758,2587.58
258858,2588.58
258959,2589.59
259057,2590.57
259155,2591.55
259253,2592.53
259351,2593.51
259447,2594.47
259545,2595.45
259642,2596.42
259739,2597.39
259833,2598.33
259925,2599.25
260017,2600.17
260109,2601.09
260201,2602.01
260292,2602.92
260385,2603.85
260479,2604.79
260572,2605.72
260668,2606.68
260764,2607.64
260858,2608.58
260950,2609.5
261041,2610.41
261132,2611.32
261225,2612.25
261317,2613.17
261411,2614.11
261506,2615.06
261600,2616.0
261697,2616.97
261795,2617.95
261892,2618.92
261988,2619.88
262086,2620.86
262183,2621.83
262280,2622.8
262377,2623.77
262472,2624.72
262567,2625.67
262661,2626.61
262755,2627.55
262847,2628.47
262939,2629.39
263031,2630.31
263124,2631.24
263216,2632.16
263309,2633.09
263403,2634.03
263497,2634.97
263593,2635.93
263695,2636.95
263798,2637.98
263899,2638.99
264002,2640.02
264105,2641.05
264206,2642.06
264308,2643.08
264409,2644.09
264508,2645.08
264605,2646.05
264703,2647.03
264799,2647.99
264894,2648.94
264989,2649.89
265082,2650.82
265177,2651.77
265272,2652.72
265368,2653.68
265464,2654.64
265562,2655.62
265658,2656.58
265755,2657.55
265850,2658.5
265943,2659.43
266038,2660.38
266135,2661.35
266230,2662.3
266327,2663.27
266426,2664.26
266518,2665.18
266611,2666.11
266713,2667.13
266815,2668.15
266912,2669.12
267010,2670.1
267109,2671.09
267206,2672.06
267303,2673.03
267402,2674.02
267501,2675.01
267598,2675.98
267696,2676.96
267793,2677.93
267889,2678.89
267985,2679.85
268079,2680.79
268174,2681.74
268269,2682.69
268363,2683.63
268457,2684.57
268552,2685.52
268649,2686.49
268748,2687.48
268845,2688.45
268943,2689.43
269040,2690.4
269136,2691.36
269235,2692.35
269335,2693.35
269434,2694.34
269535,2695.35
269637,2696.37
269739,2697.39
269842,2698.42
269943,2699.43
270045,2700.45
270147,2701.47
270248,2702.48
270348,2703.48
270448,2704.48
270548,2705.48
270645,2706.45
270743,2707.43
270841,2708.41
270938,2709.38
271034,2710.34
271128,2711.28
271223,2712.23
271317,2713.17
271410,2714.1
271503,2715.03
271601,2716.01
271698,2716.98
271794,2717.94
271890,2718.9
271987,2719.87
272082,2720.82
272178,2721.78
272275,2722.75
272367,2723.67
272456,2724.56
272546,2725.46
272637,2726.37
272727,2727.27
272819,2728.19
272912,2729.12
273005,2730.05
273102,2731.02
273200,2732.0
273298,2732.98
273396,2733.96
273496,2734.96
273595,2735.95
273693,2736.93
273792,2737.92
273890,2738.9
273988,2739.88
274084,2740.84
274182,2741.82
274278,2742.78
274374,2743.74
274469,2744.69
274563,2745.63
274659,2746.59
274754,2747.54
274850,2748.5
274949,2749.49
275048,2750.48
275144,2751.44
275242,2752.42
275342,2753.42
275442,2754.42
275545,2755.45
275648,2756.48
275751,2757.51
275855,2758.55
275958,2759.58
276058,2760.58
276159,2761.59
276260,2762.6
276358,2763.58
276455,2764.55
276553,2765.53
276651,2766.51
276747,2767.47
276842,2768.42
276939,2769.39
277036,2770.36
277131,2771.31
277226,2772.26
277323,2773.23
277419,2774.19
277516,2775.16
277611,2776.11
277706,2777.06
277801,2778.01
277896,2778.96
277993,2779.93
278094,2780.94
278194,2781.94
278292,2782.92
278388,2783.88
278484,2784.84
278579,2785.79
278672,2786.72
278763,2787.63
278854,2788.54
278942,2789.42
279034,2790.34
279126,2791.26
279217,2792.17
279313,2793.13
279410,2794.1
279506,2795.06
279604,2796.04
279704,2797.04
279804,2798.04
279903,2799.03
280001,2800.01
280101,2801.01
280199,2801.99
280296,2802.96
280392,2803.92
280488,2804.88
280584,2805.84
280678,2806.78
280771,2807.71
280865,2808.65
280957,2809.57
281050,2810.5
281145,2811.45
281241,2812.41
281337,2813.37
281435,2814.35
281533,2815.33
281630,2816.3
281729,2817.29
281828,2818.28
281926,2819.26
282023,2820.23
282122,2821.22
282221,2822.21
282319,2823.19
282417,2824.17
282513,2825.13
282611,2826.11
282709,2827.09
282806,2828.06
282907,2829.07
283009,2830.09
283108,2831.08
283208,2832.08
283305,2833.05
283405,2834.05
283503,2835.03
283601,2836.01
283702,2837.02
283802,2838.02
283900,2839.0
284001,2840.01
284103,2841.03
284202,2842.02
284301,2843.01
284401,2844.01
284501,2845.01
284599,2845.99
284698,2846.98
284797,2847.97
284895,2848.95
284992,2849.92
285088,2850.88
285184,2851.84
285280,2852.8
285374,2853.74
285467,2854.67
285561,2855.61
285656,2856.56
285751,2857.51
285846,2858.46
285941,2859.41
286038,2860.38
286137,2861.37
286235,2862.35
286334,2863.34
286431,2864.31
286530,2865.3
286625,2866.25
286719,2867.19
286813,2868.13
286904,2869.04
286995,2869.95
287089,2870.89
287183,2871.83
287277,2872.77
287373,2873.73
287472,2874.72
287570,2875.7
287669,2876.69
287768,2877.68
287868,2878.68
287968,2879.68
288066,2880.66
288164,2881.64
288262,2882.62
288359,2883.59
288455,2884.55
288551,2885.51
288648,2886.48
288744,2887.44
288838,2888.38
288932,2889.32
289028,2890.28
289124,2891.24
289220,2892.2
289317,2893.17
289414,2894.14
289512,2895.12
289611,2896.11
289709,2897.09
289810,2898.1
289912,2899.12
290008,2900.08
290105,2901.05
290195,2901.95
290285,2902.85
290388,2903.88
290481,2904.81
290581,2905.81
290677,2906.77
290772,2907.72
290869,2908.69
290968,2909.68
291070,2910.7
291172,2911.72
291275,2912.75
291379,2913.79
291484,2914.84
291587,2915.87
291690,2916.9
291794,2917.94
291897,2918.97
291999,2919.99
292099,2920.99
292195,2921.95
292290,2922.9
292384,2923.84
292477,2924.77
292570,2925.7
292661,2926.61
292754,2927.54
292847,2928.47
292941,2929.41
293037,2930.37
293132,2931.32
293229,2932.29
293327,2933.27
293423,2934.23
293520,2935.2
293618,2936.18
293718,2937.18
293820,2938.2
293921,2939.21
294022,2940.22
294124,2941.24
294225,2942.25
294324,2943.24
294423,2944.23
294523,2945.23
294622,2946.22
294720,2947.2
294815,2948.15
294911,2949.11
295007,2950.07
295104,2951.04
295200,2952.0
295294,2952.94
295388,2953.88
295482,2954.82
295577,2955.77
295672,2956.72
295765,2957.65
295860,2958.6
295957,2959.57
296054,2960.54
296150,2961.5
296249,2962.49
296350,2963.5
296453,2964.53
296562,2965.62
296672,2966.72
296774,2967.74
296877,2968.77
296982,2969.82
297085,2970.85
297184,2971.84
297280,2972.8
297374,2973.74
297466,2974.66
297560,2975.6
297655,2976.55
297751,2977.51
297848,2978.48
297945,2979.45
298043,2980.43
298142,2981.42
298239,2982.39
298337,2983.37
298434,2984.34
298531,2985.31
298626,2986.26
298721,2987.21
298815,2988.15
298909,2989.09
299002,2990.02
299094,2990.94
299186,2991.86
299278,2992.78
299371,2993.71
299462,2994.62
299554,2995.54
299647,2996.47
299741,2997.41
299836,2998.36
299934,2999.34
300034,3000.34
300132,3001.32
300228,3002.28
300328,3003.28
300429,3004.29
300529,3005.29
300629,3006.29
300731,3007.31
300831,3008.31
300931,3009.31
301032,3010.32
301132,3011.32
301232,3012.32
301332,3013.32
301433,3014.33
301531,3015.31
301629,3016.29
301729,3017.29
301827,3018.27
301924,3019.24
302022,3020.22
302120,3021.2
302216,3022.16
302311,3023.11
302408,3024.08
302504,3025.04
302600,3026.0
302695,3026.95
302791,3027.91
302887,3028.87
302983,3029.83
303082,3030.82
303182,3031.82
303279,3032.79
303376,3033.76
303474,3034.74
303571,3035.71
303666,3036.66
303759,3037.59
303854,3038.54
303950,3039.5
304044,3040.44
304141,3041.41
304239,3042.39
304336,3043.36
304438,3044.38
304541,3045.41
304643,3046.43
304746,3047.46
304850,3048.5
304953,3049.53
305055,3050.55
305154,3051.54
305253,3052.53
305350,3053.5
305447,3054.47
305543,3055.43
305639,3056.39
305734,3057.34
305828,3058.28
305924,3059.24
306018,3060.18
306114,3061.14
306213,3062.13
306312,3063.12
306411,3064.11
306509,3065.09
306610,3066.1
306712,3067.12
306814,3068.14
306912,3069.12
307009,3070.09
307102,3071.02
307194,3071.94
307286,3072.86
307380,3073.8
307473,3074.73
307566,3075.66
307663,3076.63
307761,3077.61
307859,3078.59
307959,3079.59
308060,3080.6
308159,3081.59
308260,3082.6
308361,3083.61
308461,3084.61
308563,3085.63
308665,3086.65
308767,3087.67
308868,3088.68
308969,3089.69
309070,3090.7
309168,3091.68
309264,3092.64
309361,3093.61
309457,3094.57
309551,3095.51
309648,3096.48
309750,3097.5
309851,3098.51
309950,3099.5
310048,3100.48
310151,3101.51
310253,3102.53
310353,3103.53
310454,3104.54
310557,3105.57
310658,3106.58
310760,3107.6
310861,3108.61
310960,3109.6
311061,3110.61
311161,3111.61
311260,3112.6
311359,3113.59
311459,3114.59
311560,3115.6
311661,3116.61
311759,3117.59
311857,3118.57
311955,3119.55
312054,3120.54
312153,3121.53
312251,3122.51
312349,3123.49
312448,3124.48
312545,3125.45
312643,3126.43
312740,3127.4
312839,3128.39
312938,3129.38
313036,3130.36
313137,3131.37
313239,3132.39
313337,3133.37
313433,3134.33
313527,3135.27
313621,3136.21
313719,3137.19
313815,3138.15
313912,3139.12
314011,3140.11
314110,3141.1
314207,3142.07
314307,3143.07
314408,3144.08
314508,3145.08
314609,3146.09
314711,3147.11
314812,3148.12
314912,3149.12
315012,3150.12
315111,3151.11
315209,3152.09
315305,3153.05
315400,3154.0
315494,3154.94
315588,3155.88
315683,3156.83
315777,3157.77
315870,3158.7
315964,3159.64
316059,3160.59
316156,3161.56
316251,3162.51
316347,3163.47
316447,3164.47
316548,3165.48
316647,3166.47
316744,3167.44
316843,3168.43
316941,3169.41
317038,3170.38
317138,3171.38
317239,3172.39
317339,3173.39
317439,3174.39
317541,3175.41
317641,3176.41
317743,3177.43
317846,3178.46
317949,3179.49
318050,3180.5
318150,3181.5
318250,3182.5
318348,3183.48
318445,3184.45
318542,3185.42
318640,3186.4
318738,3187.38
318836,3188.36
318933,3189.33
319033,3190.33
319133,3191.33
319233,3192.33
319332,3193.32
319430,3194.3
319529,3195.29
319628,3196.28
319725,3197.25
319824,3198.24
319924,3199.24
320022,3200.22
320121,3201.21
320221,3202.21
320317,3203.17
320413,3204.13
320505,3205.05
320598,3205.98
320693,3206.93
320785,3207.85
320877,3208.77
320970,3209.7
321062,3210.62
321155,3211.55
321249,3212.49
321340,3213.4
321434,3214.34
321528,3215.28
321620,3216.2
321713,3217.13
321807,3218.07
321902,3219.02
321997,3219.97
322092,3220.92
322187,3221.87
322282,3222.82
322377,3223.77
322470,3224.7
322564,3225.64
322658,3226.58
322753,3227.53
322846,3228.46
322939,3229.39
323033,3230.33
323128,3231.28
323223,3232.23
323317,3233.17
323412,3234.12
323509,3235.09
323605,3236.05
323701,3237.01
323799,3237.99
323897,3238.97
323997,3239.97
324094,3240.94
324193,3241.93
324291,3242.91
324386,3243.86
324482,3244.82
324579,3245.79
324675,3246.75
324772,3247.72
324871,3248.71
324971,3249.71
325072,3250.72
325174,3251.74
325276,3252.76
325378,3253.78
325480,3254.8
325584,3255.84
325687,3256.87
325790,3257.9
325891,3258.91
325991,3259.91
326091,3260.91
326191,3261.91
326289,3262.89
326385,3263.85
326481,3264.81
326576,3265.76
326671,3266.71
326763,3267.63
326856,3268.56
326951,3269.51
327050,3270.5
327148,3271.48
327245,3272.45
327342,3273.42
327439,3274.39
327536,3275.36
327633,3276.33
327735,3277.35
327835,3278.35
327938,3279.38
328043,3280.43
328148,3281.48
328252,3282.52
328357,3283.57
328462,3284.62
328565,3285.65
328664,3286.64
328764,3287.64
328864,3288.64
328961,3289.61
329057,3290.57
329153,3291.53
329249,3292.49
329343,3293.43
329438,3294.38
329533,3295.33
329629,3296.29
329725,3297.25
329821,3298.21
329920,3299.2
330018,3300.18
330116,3301.16
330212,3302.12
330309,3303.09
330403,3304.03
330501,3305.01
330600,3306.0
330698,3306.98
330798,3307.98
330900,3309.0
331000,3310.0
331101,3311.01
331202,3312.02
331301,3313.01
331399,3313.99
331496,3314.96
331593,3315.93
331689,3316.89
331784,3317.84
331879,3318.79
331974,3319.74
332068,3320.68
332161,3321.61
332253,3322.53
332347,3323.47
332441,3324.41
332537,3325.37
332631,3326.31
332725,3327.25
332820,3328.2
332917,3329.17
333013,3330.13
333110,3331.1
333209,3332.09
333309,3333.09
333403,3334.03
333498,3334.98
333589,3335.89
333680,3336.8
333773,3337.73
333870,3338.7
333967,3339.67
334065,3340.65
334165,3341.65
334265,3342.65
334366,3343.66
334468,3344.68
334572,3345.72
334675,3346.75
334778,3347.78
334880,3348.8
334981,3349.81
335078,3350.78
335176,3351.76
335272,3352.72
335366,3353.66
335460,3354.6
335556,3355.56
335650,3356.5
335744,3357.44
335840,3358.4
335934,3359.34
336029,3360.29
336124,3361.24
336220,3362.2
336315,3363.15
336412,3364.12
336509,3365.09
336610,3366.1
336704,3367.04
336799,3367.99
336891,3368.91
336982,3369.82
337073,3370.73
337166,3371.66
337257,3372.57
337350,3373.5
337445,3374.45
337541,3375.41
337637,3376.37
337734,3377.34
337832,3378.32
337930,3379.3
338028,3380.28
338124,3381.24
338219,3382.19
338314,3383.14
338408,3384.08
338499,3384.99
338592,3385.92
338685,3386.85
338777,3387.77
338870,3388.7
338963,3389.63
339056,3390.56
339149,3391.49
339243,3392.43
339337,3393.37
339432,3394.32
339527,3395.27
339622,3396.22
339716,3397.16
339812,3398.12
339909,3399.09
340007,3400.07
340104,3401.04
340201,3402.01
340300,3403.0
340399,3403.99
340496,3404.96
340593,3405.93
340689,3406.89
340787,3407.87
340883,3408.83
340980,3409.8
341079,3410.79
341177,3411.77
341274,3412.74
341373,3413.73
341470,3414.7
341566,3415.66
341664,3416.64
341762,3417.62
341858,3418.58
341953,3419.53
342049,3420.49
342144,3421.44
342238,3422.38
342334,3423.34
342431,3424.31
342530,3425.3
342627,3426.27
342723,3427.23
342821,3428.21
342919,3429.19
343015,3430.15
343112,3431.12
343208,3432.08
343304,3433.04
343400,3434.0
343495,3434.95
343592,3435.92
343687,3436.87
343784,3437.84
343882,3438.82
343981,3439.81
344077,3440.77
344173,3441.73
344266,3442.66
344358,3443.58
344450,3444.5
344546,3445.46
344639,3446.39
344735,3447.35
344833,3448.33
344933,3449.33
345032,3450.32
345131,3451.31
345232,3452.32
345330,3453.3
345428,3454.28
345527,3455.27
345627,3456.27
345724,3457.24
345821,3458.21
345919,3459.19
346018,3460.18
346116,3461.16
346213,3462.13
346310,3463.1
346407,3464.07
346504,3465.04
346599,3465.99
346694,3466.94
346790,3467.9
346886,3468.86
346982,3469.82
347078,3470.78
347179,3471.79
347280,3472.8
347380,3473.8
347477,3474.77
347577,3475.77
347674,3476.74
347774,3477.74
347874,3478.74
347972,3479.72
348075,3480.75
348178,3481.78
348280,3482.8
348384,3483.84
348488,3484.88
348590,3485.9
348692,3486.92
348795,3487.95
348895,3488.95
348995,3489.95
349094,3490.94
349193,3491.93
349292,3492.92
349392,3493.92
349491,3494.91
349589,3495.89
349687,3496.87
349782,3497.82
349878,3498.78
349974,3499.74
350071,3500.71
350169,3501.69
350263,3502.63
350359,3503.59
350457,3504.57
350554,3505.54
350654,3506.54
350759,3507.59
350859,3508.59
350960,3509.6
351064,3510.64
351165,3511.65
351265,3512.65
351366,3513.66
351467,3514.67
351565,3515.65
351664,3516.64
351763,3517.63
351862,3518.62
351960,3519.6
352057,3520.57
352154,3521.54
352251,3522.51
352347,3523.47
352442,3524.42
352538,3525.38
352636,3526.36
352732,3527.32
352828,3528.28
352925,3529.25
353023,3530.23
353122,3531.22
353221,3532.21
353320,3533.2
353420,3534.2
353515,3535.15
353608,3536.08
353700,3537.0
353791,3537.91
353884,3538.84
353979,3539.79
354072,3540.72
354167,3541.67
354265,3542.65
354364,3543.64
354464,3544.64
354566,3545.66
354669,3546.69
354771,3547.71
354873,3548.73
354976,3549.76
355079,3550.79
355179,3551.79
355280,3552.8
355380,3553.8
355479,3554.79
355577,3555.77
355673,3556.73
355768,3557.68
355863,3558.63
355958,3559.58
356053,3560.53
356149,3561.49
356246,3562.46
356345,3563.45
356443,3564.43
356541,3565.41
356640,3566.4
356739,3567.39
356840,3568.4
356943,3569.43
357044,3570.44
357141,3571.41
357239,3572.39
357339,3573.39
357437,3574.37
357537,3575.37
357635,3576.35
357736,3577.36
357840,3578.4
357942,3579.42
358047,3580.47
358154,3581.54
358261,3582.61
358366,3583.66
358472,3584.72
358579,3585.79
358683,3586.83
358786,3587.86
358888,3588.88
358990,3589.9
359090,3590.9
359188,3591.88
359287,3592.87
359385,3593.85
359484,3594.84
359580,3595.8
359677,3596.77
359774,3597.74
359873,3598.73
359971,3599.71
360069,3600.69
360170,3601.7
360271,3602.71
360373,3603.73
360470,3604.7
360569,3605.69
360665,3606.65
360762,3607.62
360863,3608.63
360962,3609.62
361061,3610.61
361162,3611.62
361263,3612.63
361363,3613.63
361464,3614.64
361563,3615.63
361662,3616.62
361761,3617.61
361859,3618.59
361957,3619.57
362055,3620.55
362152,3621.52
362248,3622.48
362342,3623.42
362437,3624.37
362533,3625.33
362630,3626.3
362726,3627.26
362820,3628.2
362915,3629.15
363010,3630.1
363107,3631.07
363205,3632.05
363303,3633.03
363403,3634.03
363505,3635.05
363608,3636.08
363710,3637.1
363815,3638.15
363920,3639.2
364023,3640.23
364127,3641.27
364231,3642.31
364330,3643.3
364427,3644.27
364522,3645.22
364618,3646.18
364717,3647.17
364814,3648.14
364914,3649.14
365015,3650.15
365113,3651.13
365213,3652.13
365313,3653.13
365411,3654.11
365511,3655.11
365611,3656.11
365708,3657.08
365805,3658.05
365903,3659.03
365999,3659.99
366095,3660.95
366191,3661.91
366288,3662.88
366384,3663.84
366479,3664.79
366573,3665.73
366667,3666.67
366761,3667.61
366855,3668.55
366949,3669.49
367044,3670.44
367137,3671.37
367233,3672.33
367324,3673.24
367417,3674.17
367510,3675.1
367603,3676.03
367699,3676.99
367798,3677.98
367898,3678.98
367997,3679.97
368096,3680.96
368196,3681.96
368295,3682.95
368396,3683.96
368496,3684.96
368595,3685.95
368696,3686.96
368798,3687.98
368897,3688.97
368994,3689.94
369091,3690.91
369188,3691.88
369284,3692.84
369384,3693.84
369483,3694.83
369581,3695.81
369682,3696.82
369782,3697.82
369881,3698.81
369982,3699.82
370084,3700.84
370185,3701.85
370288,3702.88
370392,3703.92
370496,3704.96
370598,3705.98
370701,3707.01
370803,3708.03
370906,3709.06
371005,3710.05
371103,3711.03
371201,3712.01
371299,3712.99
371397,3713.97
371493,3714.93
371589,3715.89
371685,3716.85
371781,3717.81
371877,3718.77
371973,3719.73
372071,3720.71
372167,3721.67
372265,3722.65
372364,3723.64
372462,3724.62
372563,3725.63
372664,3726.64
372764,3727.64
372866,3728.66
372966,3729.66
373067,3730.67
373170,3731.7
373273,3732.73
373374,3733.74
373476,3734.76
373579,3735.79
373681,3736.81
373782,3737.82
373882,3738.82
373982,3739.82
374081,3740.81
374179,3741.79
374277,3742.77
374374,3743.74
374472,3744.72
374567,3745.67
374662,3746.62
374757,3747.57
374851,3748.51
374946,3749.46
375041,3750.41
375135,3751.35
375231,3752.31
375329,3753.29
375429,3754.29
375526,3755.26
375622,3756.22
375719,3757.19
375814,3758.14
375911,3759.11
376009,3760.09
376106,3761.06
376205,3762.05
376306,3763.06
376406,3764.06
376506,3765.06
376605,3766.05
376705,3767.05
376804,3768.04
376904,3769.04
377004,3770.04
377102,3771.02
377200,3772.0
377299,3772.99
377397,3773.97
377493,3774.93
377589,3775.89
377686,3776.86
377784,3777.84
377882,3778.82
377978,3779.78
378073,3780.73
378168,3781.68
378264,3782.64
378360,3783.6
378457,3784.57
378554,3785.54
378652,3786.52
378749,3787.49
378847,3788.47
378948,3789.48
379048,3790.48
379151,3791.51
379257,3792.57
379361,3793.61
379465,3794.65
379570,3795.7
379675,3796.75
379779,3797.79
379884,3798.84
379988,3799.88
380091,3800.91
380193,3801.93
380295,3802.95
380394,3803.94
380494,3804.94
380593,3805.93
380692,3806.92
380789,3807.89
380886,3808.86
380983,3809.83
381079,3810.79
381174,3811.74
381269,3812.69
381367,3813.67
381467,3814.67
381568,3815.68
381664,3816.64
381761,3817.61
381860,3818.6
381957,3819.57
382055,3820.55
382157,3821.57
382258,3822.58
382359,3823.59
382464,3824.64
382569,3825.69
382672,3826.72
382777,3827.77
382884,3828.84
382991,3829.91
383096,3830.96
383201,3832.01
383305,3833.05
383407,3834.07
383506,3835.06
383603,3836.03
383700,3837.0
383796,3837.96
383892,3838.92
383987,3839.87
384082,3840.82
384179,3841.79
384277,3842.77
384373,3843.73
384470,3844.7
384568,3845.68
384667,3846.67
384767,3847.67
384867,3848.67
384968,3849.68
385070,3850.7
385168,3851.68
385266,3852.66
385365,3853.65
385465,3854.65
385565,3855.65
385667,3856.67
385770,3857.7
385871,3858.71
385974,3859.74
386079,3860.79
386184,3861.84
386287,3862.87
386392,3863.92
386497,3864.97
386600,3866.0
386702,3867.02
386806,3868.06
386908,3869.08
387010,3870.1
387112,3871.12
387213,3872.13
387315,3873.15
387415,3874.15
387514,3875.14
387612,3876.12
387710,3877.1
387807,3878.07
387903,3879.03
388000,3880.0
388099,3880.99
388196,3881.96
388294,3882.94
388397,3883.97
388500,3885.0
388599,3885.99
388697,3886.97
388793,3887.93
388888,3888.88
388987,3889.87
389088,3890.88
389187,3891.87
389289,3892.89
389391,3893.91
389492,3894.92
389595,3895.95
389699,3896.99
389802,3898.02
389904,3899.04
390007,3900.07
390110,3901.1
390210,3902.1
390310,3903.1
390410,3904.1
390509,3905.09
390607,3906.07
390704,3907.04
390802,3908.02
390900,3909.0
390996,3909.96
391092,3910.92
391189,3911.89
391286,3912.86
391383,3913.83
391479,3914.79
391575,3915.75
391673,3916.73
391770,3917.7
391868,3918.68
391967,3919.67
392066,3920.66
392165,3921.65
392263,3922.63
392364,3923.64
392466,3924.66
392566,3925.66
392671,3926.71
392777,3927.77
392879,3928.79
392982,3929.82
393080,3930.8
393175,3931.75
393269,3932.69
393365,3933.65
393458,3934.58
393555,3935.55
393649,3936.49
393746,3937.46
393844,3938.44
393942,3939.42
394040,3940.4
394139,3941.39
394239,3942.39
394338,3943.38
394436,3944.36
394534,3945.34
394632,3946.32
394730,3947.3
394828,3948.28
394924,3949.24
395020,3950.2
395116,3951.16
395210,3952.1
395303,3953.03
395397,3953.97
395493,3954.93
395591,3955.91
395687,3956.87
395784,3957.84
395883,3958.83
395984,3959.84
396082,3960.82
396182,3961.82
396283,3962.83
396383,3963.83
396483,3964.83
396586,3965.86
396688,3966.88
396789,3967.89
396891,3968.91
396992,3969.92
397091,3970.91
397191,3971.91
397290,3972.9
397387,3973.87
397484,3974.84
397582,3975.82
397681,3976.81
397779,3977.79
397877,3978.77
397976,3979.76
398077,3980.77
398179,3981.79
398280,3982.8
398382,3983.82
398484,3984.84
398586,3985.86
398685,3986.85
398784,3987.84
398885,3988.85
398987,3989.87
399085,3990.85
399184,3991.84
399284,3992.84
399381,3993.81
399478,3994.78
399579,3995.79
399678,3996.78
399778,3997.78
399880,3998.8
399983,3999.83
400084,4000.84
400186,4001.86
400287,4002.87
400387,4003.87
400487,4004.87
400587,4005.87
400686,4006.86
400784,4007.84
400883,4008.83
400982,4009.82
401080,4010.8
401176,4011.76
401272,4012.72
401369,4013.69
401465,4014.65
401561,4015.61
401657,4016.57
401752,4017.52
401846,4018.46
401941,4019.41
402036,4020.36
402129,4021.29
402222,4022.22
402317,4023.17
402412,4024.12
402508,4025.08
402605,4026.05
402703,4027.03
402805,4028.05
402906,4029.06
403007,4030.07
403105,4031.05
403204,4032.04
403299,4032.99
403395,4033.95
403493,4034.93
403592,4035.92
403690,4036.9
403791,4037.91
403893,4038.93
403995,4039.95
404098,4040.98
404201,4042.01
404303,4043.03
404404,4044.04
404505,4045.05
404605,4046.05
404704,4047.04
404802,4048.02
404901,4049.01
405000,4050.0
405100,4051.0
405198,4051.98
405296,4052.96
405395,4053.95
405492,4054.92
405588,4055.88
405685,4056.85
405782,4057.82
405878,4058.78
405974,4059.74
406072,4060.72
406171,4061.71
406269,4062.69
406368,4063.68
406468,4064.68
406568,4065.68
406669,4066.69
406768,4067.68
406866,4068.66
406962,4069.62
407056,4070.56
407149,4071.49
407241,4072.41
407324,4073.24
407408,4074.08
407520,4075.2
407614,4076.14
407708,4077.08
407804,4078.04
407899,4078.99
407997,4079.97
408096,4080.96
408196,4081.96
408296,4082.96
408396,4083.96
408496,4084.96
408596,4085.96
408694,4086.94
408793,4087.93
408891,4088.91
408989,4089.89
409084,4090.84
409181,4091.81
409277,4092.77
409373,4093.73
409466,4094.66
409561,4095.61
409658,4096.58
409759,4097.59
409858,4098.58
409958,4099.58
410059,4100.59
410161,4101.61
410262,4102.62
410361,4103.61
410460,4104.6
410557,4105.57
410657,4106.57
410759,4107.59
410859,4108.59
410963,4109.63
411068,4110.68
411171,4111.71
411275,4112.75
411380,4113.8
411483,4114.83
411585,4115.85
411687,4116.87
411788,4117.88
411888,4118.88
411984,4119.84
412081,4120.81
412178,4121.78
412276,4122.76
412373,4123.73
412470,4124.7
412567,4125.67
412665,4126.65
412760,4127.6
412855,4128.55
412950,4129.5
413047,4130.47
413143,4131.43
413240,4132.4
413338,4133.38
413439,4134.39
413539,4135.39
413638,4136.38
413740,4137.4
413842,4138.42
413937,4139.37
414035,4140.35
414130,4141.3
414226,4142.26
414325,4143.25
414422,4144.22
414523,4145.23
414623,4146.23
414724,4147.24
414829,4148.29
414934,4149.34
415037,4150.37
415141,4151.41
415245,4152.45
415350,4153.5
415452,4154.52
415555,4155.55
415657,4156.57
415758,4157.58
415859,4158.59
415956,4159.56
416051,4160.51
416146,4161.46
416242,4162.42
416337,4163.37
416431,4164.31
416527,4165.27
416625,4166.25
416723,4167.23
416820,4168.2
416920,4169.2
417021,4170.21
417121,4171.21
417220,4172.2
417322,4173.22
417425,4174.25
417523,4175.23
417624,4176.24
417725,4177.25
417824,4178.24
417927,4179.27
418027,4180.27
418128,4181.28
418231,4182.31
418332,4183.32
418432,4184.32
418535,4185.35
418637,4186.37
418738,4187.38
418840,4188.4
418941,4189.41
419043,4190.43
419142,4191.42
419242,4192.42
419343,4193.43
419443,4194.43
419542,4195.42
419640,4196.4
419738,4197.38
419834,4198.34
419928,4199.28
420022,4200.22
420116,4201.16
420212,4202.12
420307,4203.07
420401,4204.01
420499,4204.99
420599,4205.99
420701,4207.01
420799,4207.99
420895,4208.95
420993,4209.93
421090,4210.9
421187,4211.87
421287,4212.87
421384,4213.84
421481,4214.81
421580,4215.8
421680,4216.8
421779,4217.79
421878,4218.78
421979,4219.79
422080,4220.8
422180,4221.8
422280,4222.8
422382,4223.82
422481,4224.81
422579,4225.79
422676,4226.76
422773,4227.73
422869,4228.69
422964,4229.64
423059,4230.59
423155,4231.55
423254,4232.54
423351,4233.51
423448,4234.48
423546,4235.46
423645,4236.45
423741,4237.41
423837,4238.37
423934,4239.34
424034,4240.34
424136,4241.36
424240,4242.4
424342,4243.42
424445,4244.45
424548,4245.48
424650,4246.5
424752,4247.52
424853,4248.53
424954,4249.54
425053,4250.53
425152,4251.52
425250,4252.5
425349,4253.49
425446,4254.46
425542,4255.42
425639,4256.39
425739,4257.39
425837,4258.37
425935,4259.35
426033,4260.33
426131,4261.31
426227,4262.27
426326,4263.26
426425,4264.25
426530,4265.3
426631,4266.31
426731,4267.31
426835,4268.35
426935,4269.35
427039,4270.39
427142,4271.42
427242,4272.42
427345,4273.45
427447,4274.47
427546,4275.46
427647,4276.47
427747,4277.47
427846,4278.46
427946,4279.46
428043,4280.43
428141,4281.41
428238,4282.38
428337,4283.37
428435,4284.35
428532,4285.32
428629,4286.29
428725,4287.25
428819,4288.19
428914,4289.14
429009,4290.09
429105,4291.05
429201,4292.01
429297,4292.97
429394,4293.94
429491,4294.91
429587,4295.87
429683,4296.83
429780,4297.8
429878,4298.78
429973,4299.73
430069,4300.69
430167,4301.67
430265,4302.65
430363,4303.63
430461,4304.61
430560,4305.6
430659,4306.59
430758,4307.58
430858,4308.58
430960,4309.6
431063,4310.63
431158,4311.58
431253,4312.53
431346,4313.46
431443,4314.43
431541,4315.41
431637,4316.37
431738,4317.38
431839,4318.39
431941,4319.41
432042,4320.42
432146,4321.46
432248,4322.48
432351,4323.51
432455,4324.55
432559,4325.59
432661,4326.61
432764,4327.64
432867,4328.67
432969,4329.69
433070,4330.7
433169,4331.69
433270,4332.7
433371,4333.71
433471,4334.71
433569,4335.69
433667,4336.67
433765,4337.65
433863,4338.63
433961,4339.61
434058,4340.58
434157,4341.57
434254,4342.54
434351,4343.51
434449,4344.49
434550,4345.5
434652,4346.52
434756,4347.56
434861,4348.61
434965,4349.65
435067,4350.67
435169,4351.69
435272,4352.72
435374,4353.74
435475,4354.75
435574,4355.74
435675,4356.75
435777,4357.77
435878,4358.78
435979,4359.79
436081,4360.81
436184,4361.84
436284,4362.84
436384,4363.84
436484,4364.84
436584,4365.84
436683,4366.83
436782,4367.82
436881,4368.81
436980,4369.8
437077,4370.77
437175,4371.75
437273,4372.73
437373,4373.73
437472,4374.72
437572,4375.72
437673,4376.73
437776,4377.76
437876,4378.76
437977,4379.77
438082,4380.82
438183,4381.83
438281,4382.81
438383,4383.83
438485,4384.85
438588,4385.88
438691,4386.91
438792,4387.92
438891,4388.91
438992,4389.92
439092,4390.92
439190,4391.9
439289,4392.89
439391,4393.91
439489,4394.89
439590,4395.9
439691,4396.91
439792,4397.92
439892,4398.92
439993,4399.93
440094,4400.94
440195,4401.95
440296,4402.96
440394,4403.94
440494,4404.94
440594,4405.94
440691,4406.91
440788,4407.88
440887,4408.87
440988,4409.88
441090,4410.9
441193,4411.93
441293,4412.93
441395,4413.95
441495,4414.95
441594,4415.94
441696,4416.96
441797,4417.97
441898,4418.98
442002,4420.02
442105,4421.05
442206,4422.06
442307,4423.07
442409,4424.09
442508,4425.08
442608,4426.08
442708,4427.08
442807,4428.07
442906,4429.06
443003,4430.03
443102,4431.02
443201,4432.01
443300,4433.0
443397,4433.97
443494,4434.94
443592,4435.92
443690,4436.9
443788,4437.88
443885,4438.85
443983,4439.83
444082,4440.82
444180,4441.8
444277,4442.77
444376,4443.76
444472,4444.72
444570,4445.7
444671,4446.71
444770,4447.7
444871,4448.71
444974,4449.74
445076,4450.76
445179,4451.79
445284,4452.84
445389,4453.89
445493,4454.93
445598,4455.98
445703,4457.03
445806,4458.06
445906,4459.06
446006,4460.06
446105,4461.05
446202,4462.02
446299,4462.99
446396,4463.96
446493,4464.93
446589,4465.89
446686,4466.86
446785,4467.85
446883,4468.83
446980,4469.8
447075,4470.75
447172,4471.72
447269,4472.69
447363,4473.63
447461,4474.61
447560,4475.6
447658,4476.58
447757,4477.57
447859,4478.59
447961,4479.61
448063,4480.63
448167,4481.67
448271,4482.71
448372,4483.72
448473,4484.73
448574,4485.74
448675,4486.75
448775,4487.75
448873,4488.73
448972,4489.72
449071,4490.71
449168,4491.68
449265,4492.65
449364,4493.64
449463,4494.63
449561,4495.61
449659,4496.59
449760,4497.6
449859,4498.59
449958,4499.58
450059,4500.59
450162,4501.62
450264,4502.64
450367,4503.67
450467,4504.67
450566,4505.66
450666,4506.66
450764,4507.64
450859,4508.59
450956,4509.56
451054,4510.54
451153,4511.53
451250,4512.5
451349,4513.49
451448,4514.48
451545,4515.45
451641,4516.41
451738,4517.38
451836,4518.36
451933,4519.33
452031,4520.31
452131,4521.31
452233,4522.33
452334,4523.34
452435,4524.35
452536,4525.36
452637,4526.37
452738,4527.38
452837,4528.37
452935,4529.35
453034,4530.34
453131,4531.31
453228,4532.28
453324,4533.24
453420,4534.2
453518,4535.18
453615,4536.15
453713,4537.13
453813,4538.13
453912,4539.12
454012,4540.12
454118,4541.18
454224,4542.24
454329,4543.29
454435,4544.35
454541,4545.41
454647,4546.47
454756,4547.56
454866,4548.66
454973,4549.73
455080,4550.8
455186,4551.86
455293,4552.93
455399,4553.99
455503,4555.03
455607,4556.07
455709,4557.09
455809,4558.09
455907,4559.07
456005,4560.05
456102,4561.02
456198,4561.98
456292,4562.92
456387,4563.87
456481,4564.81
456576,4565.76
456671,4566.71
456766,4567.66
456859,4568.59
456953,4569.53
457048,4570.48
457145,4571.45
457244,4572.44
457341,4573.41
457441,4574.41
457543,4575.43
457645,4576.45
457745,4577.45
457846,4578.46
457949,4579.49
458054,4580.54
458156,4581.56
458259,4582.59
458364,4583.64
458469,4584.69
458573,4585.73
458678,4586.78
458782,4587.82
458888,4588.88
458995,4589.95
459099,4590.99
459206,4592.06
459311,4593.11
459413,4594.13
459515,4595.15
459617,4596.17
459716,4597.16
459816,4598.16
459915,4599.15
460013,4600.13
460112,4601.12
460211,4602.11
460310,4603.1
460407,4604.07
460505,4605.05
460603,4606.03
460701,4607.01
460799,4607.99
460898,4608.98
460997,4609.97
461095,4610.95
461191,4611.91
461286,4612.86
461381,4613.81
461476,4614.76
461572,4615.72
461667,4616.67
461762,4617.62
461859,4618.59
461956,4619.56
462054,4620.54
462153,4621.53
462259,4622.59
462365,4623.65
462466,4624.66
462570,4625.7
462672,4626.72
462776,4627.76
462884,4628.84
462988,4629.88
463094,4630.94
463200,4632.0
463305,4633.05
463411,4634.11
463517,4635.17
463622,4636.22
463727,4637.27
463833,4638.33
463938,4639.38
464042,4640.42
464147,4641.47
464248,4642.48
464349,4643.49
464447,4644.47
464546,4645.46
464644,4646.44
464741,4647.41
464838,4648.38
464935,4649.35
465032,4650.32
465128,4651.28
465226,4652.26
465325,4653.25
465423,4654.23
465524,4655.24
465627,4656.27
465727,4657.27
465828,4658.28
465932,4659.32
466034,4660.34
466134,4661.34
466235,4662.35
466334,4663.34
466434,4664.34
466535,4665.35
466635,4666.35
466737,4667.37
466837,4668.37
466937,4669.37
467038,4670.38
467139,4671.39
467239,4672.39
467339,4673.39
467440,4674.4
467541,4675.41
467641,4676.41
467741,4677.41
467841,4678.41
467942,4679.42
468042,4680.42
468140,4681.4
468238,4682.38
468336,4683.36
468433,4684.33
468532,4685.32
468629,4686.29
468726,4687.26
468824,4688.24
468925,4689.25
469024,4690.24
469125,4691.25
469228,4692.28
469331,4693.31
469432,4694.32
469534,4695.34
469637,4696.37
469738,4697.38
469836,4698.36
469935,4699.35
470030,4700.3
470126,4701.26
470223,4702.23
470322,4703.22
470419,4704.19
470518,4705.18
470617,4706.17
470717,4707.17
470819,4708.19
470922,4709.22
471024,4710.24
471126,4711.26
471229,4712.29
471332,4713.32
471432,4714.32
471532,4715.32
471633,4716.33
471734,4717.34
471834,4718.34
471931,4719.31
472030,4720.3
472130,4721.3
472231,4722.31
472331,4723.31
472431,4724.31
472531,4725.31
472632,4726.32
472731,4727.31
472829,4728.29
472927,4729.27
473026,4730.26
473123,4731.23
473220,4732.2
473327,4733.27
473435,4734.35
473540,4735.4
473645,4736.45
473749,4737.49
473854,4738.54
473952,4739.52
474049,4740.49
474143,4741.43
474239,4742.39
474334,4743.34
474427,4744.27
474523,4745.23
474620,4746.2
474714,4747.14
474809,4748.09
474906,4749.06
475000,4750.0
475096,4750.96
475192,4751.92
475286,4752.86
475381,4753.81
475477,4754.77
475572,4755.72
475666,4756.66
475761,4757.61
475856,4758.56
475951,4759.51
476047,4760.47
476143,4761.43
476238,4762.38
476333,4763.33
476427,4764.27
476521,4765.21
476615,4766.15
476709,4767.09
476803,4768.03
476897,4768.97
476990,4769.9
477086,4770.86
477183,4771.83
477280,4772.8
477381,4773.81
477483,4774.83
477582,4775.82
477681,4776.81
477782,4777.82
477884,4778.84
477984,4779.84
478085,4780.85
478189,4781.89
478290,4782.9
478393,4783.93
478495,4784.95
478597,4785.97
478700,4787.0
478801,4788.01
478901,4789.01
479001,4790.01
479100,4791.0
479199,4791.99
479295,4792.95
479391,4793.91
479486,4794.86
479581,4795.81
479675,4796.75
479769,4797.69
479860,4798.6
479951,4799.51
480043,4800.43
480134,4801.34
480225,4802.25
480317,4803.17
480412,4804.12
480508,4805.08
480603,4806.03
480700,4807.0
480799,4807.99
480897,4808.97
480995,4809.95
481101,4811.01
481208,4812.08
481310,4813.1
481411,4814.11
481513,4815.13
481610,4816.1
481705,4817.05
481798,4817.98
481891,4818.91
481985,4819.85
482078,4820.78
482172,4821.72
482257,4822.57
482343,4823.43
482447,4824.47
482551,4825.51
482642,4826.42
482741,4827.41
482835,4828.35
482930,4829.3
483024,4830.24
483119,4831.19
483216,4832.16
483313,4833.13
483410,4834.1
483509,4835.09
483607,4836.07
483704,4837.04
483800,4838.0
483896,4838.96
483992,4839.92
484086,4840.86
484181,4841.81
484275,4842.75
484369,4843.69
484462,4844.62
484554,4845.54
484648,4846.48
484741,4847.41
484836,4848.36
484931,4849.31
485024,4850.24
485118,4851.18
485213,4852.13
485308,4853.08
485401,4854.01
485496,4854.96
485593,4855.93
485691,4856.91
485791,4857.91
485890,4858.9
485992,4859.92
486095,4860.95
486198,4861.98
486299,4862.99
486402,4864.02
486504,4865.04
486605,4866.05
486704,4867.04
486804,4868.04
486903,4869.03
487002,4870.02
487099,4870.99
487196,4871.96
487294,4872.94
487391,4873.91
487488,4874.88
487585,4875.85
487683,4876.83
487781,4877.81
487878,4878.78
487977,4879.77
488073,4880.73
488170,4881.7
488265,4882.65
488361,4883.61
488459,4884.59
488555,4885.55
488654,4886.54
488755,4887.55
488854,4888.54
488954,4889.54
489055,4890.55
489155,4891.55
489255,4892.55
489354,4893.54
489453,4894.53
489552,4895.52
489649,4896.49
489745,4897.45
489841,4898.41
489935,4899.35
490030,4900.3
490125,4901.25
490220,4902.2
490314,4903.14
490410,4904.1
490506,4905.06
490604,4906.04
490702,4907.02
490802,4908.02
490903,4909.03
491002,4910.02
491101,4911.01
491201,4912.01
491301,4913.01
491402,4914.02
491504,4915.04
491605,4916.05
491708,4917.08
491809,4918.09
491910,4919.1
492012,4920.12
492114,4921.14
492213,4922.13
492313,4923.13
492412,4924.12
492510,4925.1
492607,4926.07
492702,4927.02
492798,4927.98
492893,4928.93
492990,4929.9
493084,4930.84
493178,4931.78
493273,4932.73
493368,4933.68
493460,4934.6
493553,4935.53
493646,4936.46
493744,4937.44
493843,4938.43
493942,4939.42
494043,4940.43
494145,4941.45
494248,4942.48
494350,4943.5
494447,4944.47
494546,4945.46
494643,4946.43
494738,4947.38
494835,4948.35
494932,4949.32
495029,4950.29
495128,4951.28
495228,4952.28
495329,4953.29
495428,4954.28
495527,4955.27
495625,4956.25
495721,4957.21
495819,4958.19
495916,4959.16
496012,4960.12
496110,4961.1
496209,4962.09
496309,4963.09
496408,4964.08
496505,4965.05
496604,4966.04
496702,4967.02
496799,4967.99
496897,4968.97
496993,4969.93
497089,4970.89
497185,4971.85
497282,4972.82
497379,4973.79
497475,4974.75
497571,4975.71
497667,4976.67
497765,4977.65
497863,4978.63
497961,4979.61
498060,4980.6
498159,4981.59
498259,4982.59
498357,4983.57
498457,4984.57
498560,4985.6
498662,4986.62
498759,4987.59
498858,4988.58
498953,4989.53
499049,4990.49
499142,4991.42
499234,4992.34
499326,4993.26
499420,4994.2
499516,4995.16
499612,4996.12
499711,4997.11
499811,4998.11
499909,4999.09
500009,5000.09
500110,5001.1
500211,5002.11
500310,5003.1
500408,5004.08
500503,5005.03
500597,5005.97
500691,5006.91
500785,5007.85
500876,5008.76
500968,5009.68
501060,5010.6
501152,5011.52
501244,5012.44
501337,5013.37
501431,5014.31
501525,5015.25
501620,5016.2
501715,5017.15
501811,5018.11
501905,5019.05
501998,5019.98
502090,5020.9
502182,5021.82
502273,5022.73
502364,5023.64
502457,5024.57
502549,5025.49
502641,5026.41
502735,5027.35
502832,5028.32
502929,5029.29
503027,5030.27
503127,5031.27
503228,5032.28
503326,5033.26
503424,5034.24
503524,5035.24
503622,5036.22
503723,5037.23
503826,5038.26
503928,5039.28
504028,5040.28
504130,5041.3
504230,5042.3
504328,5043.28
504426,5044.26
504525,5045.25
504625,5046.25
504723,5047.23
504819,5048.19
504916,5049.16
505012,5050.12
505108,5051.08
505205,5052.05
505300,5053.0
505394,5053.94
505489,5054.89
505582,5055.82
505677,5056.77
505770,5057.7
505862,5058.62
505956,5059.56
506050,5060.5
506143,5061.43
506236,5062.36
506331,5063.31
506427,5064.27
506527,5065.27
506625,5066.25
506722,5067.22
506818,5068.18
506913,5069.13
507009,5070.09
507103,5071.03
507197,5071.97
507292,5072.92
507386,5073.86
507481,5074.81
507578,5075.78
507674,5076.74
507770,5077.7
507868,5078.68
507966,5079.66
508063,5080.63
508162,5081.62
508260,5082.6
508357,5083.57
508453,5084.53
508550,5085.5
508646,5086.46
508741,5087.41
508835,5088.35
508928,5089.28
509021,5090.21
509112,5091.12
509205,5092.05
509298,5092.98
509391,5093.91
509486,5094.86
509582,5095.82
509680,5096.8
509777,5097.77
509876,5098.76
509976,5099.76
510076,5100.76
510177,5101.77
510275,5102.75
510373,5103.73
510471,5104.71
510569,5105.69
510666,5106.66
510761,5107.61
510855,5108.55
510949,5109.49
511044,5110.44
511137,5111.37
511232,5112.32
511327,5113.27
511424,5114.24
511518,5115.18
511608,5116.08
511701,5117.01
511795,5117.95
511889,5118.89
511983,5119.83
512082,5120.82
512180,5121.8
512279,5122.79
512380,5123.8
512482,5124.82
512582,5125.82
512682,5126.82
512784,5127.84
512884,5128.84
512983,5129.83
513080,5130.8
513177,5131.77
513273,5132.73
513369,5133.69
513462,5134.62
513555,5135.55
513646,5136.46
513737,5137.37
513828,5138.28
513919,5139.19
514011,5140.11
514104,5141.04
514199,5141.99
514296,5142.96
514392,5143.92
514489,5144.89
514591,5145.91
514691,5146.91
514790,5147.9
514889,5148.89
514988,5149.88
515090,5150.9
515191,5151.91
515287,5152.87
515386,5153.86
515484,5154.84
515582,5155.82
515684,5156.84
515783,5157.83
515885,5158.85
515988,5159.88
516089,5160.89
516189,5161.89
516290,5162.9
516392,5163.92
516492,5164.92
516593,5165.93
516694,5166.94
516795,5167.95
516894,5168.94
516994,5169.94
517092,5170.92
517190,5171.9
517290,5172.9
517390,5173.9
517489,5174.89
517589,5175.89
517690,5176.9
517790,5177.9
517889,5178.89
517987,5179.87
518085,5180.85
518184,5181.84
518283,5182.83
518380,5183.8
518480,5184.8
518581,5185.81
518680,5186.8
518777,5187.77
518874,5188.74
518967,5189.67
519059,5190.59
519149,5191.49
519243,5192.43
519337,5193.37
519431,5194.31
519528,5195.28
519626,5196.26
519724,5197.24
519821,5198.21
519919,5199.19
520017,5200.17
520114,5201.14
520210,5202.1
520306,5203.06
520401,5204.01
520496,5204.96
520590,5205.9
520686,5206.86
520782,5207.82
520878,5208.78
520974,5209.74
521069,5210.69
521166,5211.66
521263,5212.63
521360,5213.6
521455,5214.55
521552,5215.52
521649,5216.49
521745,5217.45
521842,5218.42
521940,5219.4
522041,5220.41
522141,5221.41
522236,5222.36
522334,5223.34
522429,5224.29
522525,5225.25
522625,5226.25
522723,5227.23
522823,5228.23
522923,5229.23
523021,5230.21
523121,5231.21
523221,5232.21
523319,5233.19
523417,5234.17
523515,5235.15
523612,5236.12
523708,5237.08
523802,5238.02
523896,5238.96
523990,5239.9
524084,5240.84
524176,5241.76
524269,5242.69
524361,5243.61
524453,5244.53
524545,5245.45
524636,5246.36
524729,5247.29
524823,5248.23
524919,5249.19
525013,5250.13
525108,5251.08
525205,5252.05
525303,5253.03
525403,5254.03
525502,5255.02
525601,5256.01
525701,5257.01
525801,5258.01
525897,5258.97
525994,5259.94
526094,5260.94
526194,5261.94
526293,5262.93
526393,5263.93
526494,5264.94
526597,5265.97
526698,5266.98
526801,5268.01
526902,5269.02
527003,5270.03
527106,5271.06
527211,5272.11
527311,5273.11
527409,5274.09
527506,5275.06
527602,5276.02
527696,5276.96
527790,5277.9
527883,5278.83
527977,5279.77
528070,5280.7
528162,5281.62
528256,5282.56
528350,5283.5
528445,5284.45
528538,5285.38
528634,5286.34
528731,5287.31
528827,5288.27
528921,5289.21
529017,5290.17
529116,5291.16
529216,5292.16
529315,5293.15
529415,5294.15
529515,5295.15
529618,5296.18
529722,5297.22
529824,5298.24
529928,5299.28
530029,5300.29
530130,5301.3
530232,5302.32
530332,5303.32
530431,5304.31
530530,5305.3
530629,5306.29
530727,5307.27
530824,5308.24
530923,5309.23
531024,5310.24
531122,5311.22
531217,5312.17
531313,5313.13
531408,5314.08
531502,5315.02
531596,5315.96
531693,5316.93
531792,5317.92
531891,5318.91
531991,5319.91
532092,5320.92
532192,5321.92
532292,5322.92
532390,5323.9
532488,5324.88
532587,5325.87
532686,5326.86
532783,5327.83
532881,5328.81
532980,5329.8
533078,5330.78
533176,5331.76
533275,5332.75
533375,5333.75
533476,5334.76
533576,5335.76
533676,5336.76
533776,5337.76
533874,5338.74
533971,5339.71
534067,5340.67
534160,5341.6
534255,5342.55
534348,5343.48
534443,5344.43
534539,5345.39
534634,5346.34
534729,5347.29
534826,5348.26
534922,5349.22
535018,5350.18
535115,5351.15
535211,5352.11
535307,5353.07
535402,5354.02
535498,5354.98
535594,5355.94
535689,5356.89
535783,5357.83
535878,5358.78
535972,5359.72
536065,5360.65
536157,5361.57
536251,5362.51
536344,5363.44
536438,5364.38
536532,5365.32
536625,5366.25
536720,5367.2
536815,5368.15
536911,5369.11
537005,5370.05
537099,5370.99
537195,5371.95
537293,5372.93
537392,5373.92
537487,5374.87
537582,5375.82
537679,5376.79
537777,5377.77
537878,5378.78
537979,5379.79
538079,5380.79
538181,5381.81
538282,5382.82
538383,5383.83
538485,5384.85
538586,5385.86
538687,5386.87
538786,5387.86
538886,5388.86
538986,5389.86
539085,5390.85
539184,5391.84
539285,5392.85
539386,5393.86
539484,5394.84
539580,5395.8
539676,5396.76
539771,5397.71
539864,5398.64
539959,5399.59
540055,5400.55
540149,5401.49
540243,5402.43
540340,5403.4
540438,5404.38
540536,5405.36
540636,5406.36
540740,5407.4
540844,5408.44
540944,5409.44
541044,5410.44
541144,5411.44
541240,5412.4
541337,5413.37
541430,5414.3
541522,5415.22
541612,5416.12
541705,5417.05
541800,5418.0
541895,5418.95
541991,5419.91
542089,5420.89
542189,5421.89
542289,5422.89
542388,5423.88
542486,5424.86
542585,5425.85
542683,5426.83
542780,5427.8
542876,5428.76
542973,5429.73
543070,5430.7
543169,5431.69
543265,5432.65
543361,5433.61
543457,5434.57
543554,5435.54
543652,5436.52
543746,5437.46
543840,5438.4
543937,5439.37
544032,5440.32
544128,5441.28
544228,5442.28
544326,5443.26
544424,5444.24
544527,5445.27
544629,5446.29
544730,5447.3
544832,5448.32
544935,5449.35
545037,5450.37
545138,5451.38
545241,5452.41
545343,5453.43
545445,5454.45
545546,5455.46
545646,5456.46
545744,5457.44
545840,5458.4
545936,5459.36
546032,5460.32
546126,5461.26
546220,5462.2
546316,5463.16
546413,5464.13
546511,5465.11
546609,5466.09
546709,5467.09
546809,5468.09
546907,5469.07
547003,5470.03
547100,5471.0
547199,5471.99
547297,5472.97
547394,5473.94
547493,5474.93
547592,5475.92
547693,5476.93
547790,5477.9
547884,5478.84
547976,5479.76
548070,5480.7
548166,5481.66
548260,5482.6
548357,5483.57
548454,5484.54
548550,5485.5
548649,5486.49
548748,5487.48
548844,5488.44
548942,5489.42
549041,5490.41
549138,5491.38
549234,5492.34
549331,5493.31
549427,5494.27
549525,5495.25
549622,5496.22
549718,5497.18
549816,5498.16
549913,5499.13
550011,5500.11
550107,5501.07
550204,5502.04
550300,5503.0
550396,5503.96
550492,5504.92
550586,5505.86
550680,5506.8
550773,5507.73
550866,5508.66
550962,5509.62
551057,5510.57
551152,5511.52
551248,5512.48
551347,5513.47
551444,5514.44
551544,5515.44
551644,5516.44
551746,5517.46
551847,5518.47
551945,5519.45
552045,5520.45
552143,5521.43
552242,5522.42
552343,5523.43
552442,5524.42
552541,5525.41
552642,5526.42
552741,5527.41
552841,5528.41
552943,5529.43
553045,5530.45
553146,5531.46
553246,5532.46
553347,5533.47
553447,5534.47
553545,5535.45
553643,5536.43
553741,5537.41
553838,5538.38
553935,5539.35
554030,5540.3
554124,5541.24
554218,5542.18
554312,5543.12
554407,5544.07
554500,5545.0
554595,5545.95
554691,5546.91
554790,5547.9
554887,5548.87
554984,5549.84
555082,5550.82
555182,5551.82
555283,5552.83
555383,5553.83
555486,5554.86
555594,5555.94
555694,5556.94
555796,5557.96
555895,5558.95
555996,5559.96
556098,5560.98
556195,5561.95
556293,5562.93
556388,5563.88
556480,5564.8
556570,5565.7
556661,5566.61
556753,5567.53
556842,5568.42
556935,5569.35
557028,5570.28
557121,5571.21
557213,5572.13
557307,5573.07
557402,5574.02
557497,5574.97
557592,5575.92
557688,5576.88
557784,5577.84
557880,5578.8
557977,5579.77
558074,5580.74
558169,5581.69
558264,5582.64
558360,5583.6
558456,5584.56
558552,5585.52
558648,5586.48
558745,5587.45
558843,5588.43
558941,5589.41
559038,5590.38
559138,5591.38
559236,5592.36
559333,5593.33
559430,5594.3
559529,5595.29
559627,5596.27
559729,5597.29
559831,5598.31
559931,5599.31
560032,5600.32
560133,5601.33
560233,5602.33
560332,5603.32
560431,5604.31
560531,5605.31
560629,5606.29
560727,5607.27
560825,5608.25
560922,5609.22
561019,5610.19
561118,5611.18
561216,5612.16
561312,5613.12
561410,5614.1
561508,5615.08
561606,5616.06
561703,5617.03
561800,5618.0
561898,5618.98
561995,5619.95
562091,5620.91
562188,5621.88
562287,5622.87
562385,5623.85
562484,5624.84
562582,5625.82
562683,5626.83
562780,5627.8
562880,5628.8
562981,5629.81
563079,5630.79
563181,5631.81
563283,5632.83
563382,5633.82
563482,5634.82
563581,5635.81
563681,5636.81
563780,5637.8
563879,5638.79
563979,5639.79
564079,5640.79
564178,5641.78
564275,5642.75
564373,5643.73
564471,5644.71
564569,5645.69
564667,5646.67
564763,5647.63
564858,5648.58
564953,5649.53
565048,5650.48
565142,5651.42
565235,5652.35
565331,5653.31
565428,5654.28
565524,5655.24
565620,5656.2
565721,5657.21
565818,5658.18
565913,5659.13
566011,5660.11
566107,5661.07
566207,5662.07
566309,5663.09
566410,5664.1
566511,5665.11
566613,5666.13
566714,5667.14
566815,5668.15
566917,5669.17
567016,5670.16
567115,5671.15
567215,5672.15
567314,5673.14
567413,5674.13
567511,5675.11
567609,5676.09
567709,5677.09
567810,5678.1
567909,5679.09
568008,5680.08
568109,5681.09
568209,5682.09
568309,5683.09
568407,5684.07
568505,5685.05
568605,5686.05
568704,5687.04
568803,5688.03
568902,5689.02
569000,5690.0
569097,5690.97
569193,5691.93
569293,5692.93
569396,5693.96
569500,5695.0
569600,5696.0
569703,5697.03
569803,5698.03
569906,5699.06
570010,5700.1
570111,5701.11
570213,5702.13
570316,5703.16
570417,5704.17
570519,5705.19
570621,5706.21
570724,5707.24
570824,5708.24
570925,5709.25
571027,5710.27
571127,5711.27
571226,5712.26
571325,5713.25
571424,5714.24
571522,5715.22
571619,5716.19
571716,5717.16
571813,5718.13
571909,5719.09
572003,5720.03
572098,5720.98
572194,5721.94
572291,5722.91
572388,5723.88
572487,5724.87
572587,5725.87
572685,5726.85
572784,5727.84
572884,5728.84
572984,5729.84
573084,5730.84
573181,5731.81
573279,5732.79
573376,5733.76
573472,5734.72
573571,5735.71
573672,5736.72
573774,5737.74
573873,5738.73
573973,5739.73
574074,5740.74
574175,5741.75
574274,5742.74
574373,5743.73
574473,5744.73
574573,5745.73
574671,5746.71
574770,5747.7
574869,5748.69
574968,5749.68
575065,5750.65
575162,5751.62
575260,5752.6
575358,5753.58
575455,5754.55
575552,5755.52
575650,5756.5
575750,5757.5
575851,5758.51
575953,5759.53
576053,5760.53
576154,5761.54
576256,5762.56
576358,5763.58
576454,5764.54
576552,5765.52
576647,5766.47
576743,5767.43
576843,5768.43
576942,5769.42
577042,5770.42
577145,5771.45
577247,5772.47
577349,5773.49
577454,5774.54
577557,5775.57
577658,5776.58
577759,5777.59
577861,5778.61
577960,5779.6
578060,5780.6
578161,5781.61
578262,5782.62
578363,5783.63
578461,5784.61
578559,5785.59
578656,5786.56
578754,5787.54
578853,5788.53
578951,5789.51
579048,5790.48
579147,5791.47
579247,5792.47
579346,5793.46
579443,5794.43
579543,5795.43
579644,5796.44
579743,5797.43
579843,5798.43
579944,5799.44
580044,5800.44
580143,5801.43
580243,5802.43
580343,5803.43
580442,5804.42
580540,5805.4
580640,5806.4
580735,5807.35
580831,5808.31
580930,5809.3
581029,5810.29
581127,5811.27
581227,5812.27
581325,5813.25
581421,5814.21
581521,5815.21
581620,5816.2
581719,5817.19
581818,5818.18
581917,5819.17
582016,5820.16
582114,5821.14
582212,5822.12
582309,5823.09
582407,5824.07
582505,5825.05
582602,5826.02
582699,5826.99
582794,5827.94
582890,5828.9
582985,5829.85
583078,5830.78
583171,5831.71
583264,5832.64
583358,5833.58
583452,5834.52
583545,5835.45
583638,5836.38
583735,5837.35
583832,5838.32
583930,5839.3
584030,5840.3
584132,5841.32
584232,5842.32
584334,5843.34
584439,5844.39
584542,5845.42
584642,5846.42
584743,5847.43
584844,5848.44
584945,5849.45
585041,5850.41
585138,5851.38
585233,5852.33
585328,5853.28
585425,5854.25
585519,5855.19
585617,5856.17
585715,5857.15
585813,5858.13
585912,5859.12
586013,5860.13
586114,5861.14
586213,5862.13
586312,5863.12
586411,5864.11
586510,5865.1
586606,5866.06
586702,5867.02
586798,5867.98
586894,5868.94
586990,5869.9
587083,5870.83
587177,5871.77
587272,5872.72
587368,5873.68
587465,5874.65
587560,5875.6
587657,5876.57
587754,5877.54
587852,5878.52
587948,5879.48
588044,5880.44
588143,5881.43
588243,5882.43
588343,5883.43
588444,5884.44
588548,5885.48
588650,5886.5
588752,5887.52
588856,5888.56
588959,5889.59
589055,5890.55
589152,5891.52
589247,5892.47
589340,5893.4
589437,5894.37
589533,5895.33
589629,5896.29
589727,5897.27
589826,5898.26
589925,5899.25
590025,5900.25
590127,5901.27
590226,5902.26
590325,5903.25
590425,5904.25
590526,5905.26
590626,5906.26
590724,5907.24
590822,5908.22
590919,5909.19
591016,5910.16
591113,5911.13
591210,5912.1
591305,5913.05
591399,5913.99
591494,5914.94
591589,5915.89
591684,5916.84
591778,5917.78
591872,5918.72
591968,5919.68
592066,5920.66
592163,5921.63
592260,5922.6
592359,5923.59
592459,5924.59
592558,5925.58
592658,5926.58
592760,5927.6
592860,5928.6
592962,5929.62
593064,5930.64
593167,5931.67
593266,5932.66
593366,5933.66
593464,5934.64
593561,5935.61
593660,5936.6
593759,5937.59
593861,5938.61
593962,5939.62
594062,5940.62
594163,5941.63
594266,5942.66
594365,5943.65
594465,5944.65
594564,5945.64
594663,5946.63
594759,5947.59
594856,5948.56
594953,5949.53
595051,5950.51
595145,5951.45
595240,5952.4
595336,5953.36
595431,5954.31
595526,5955.26
595621,5956.21
595717,5957.17
595814,5958.14
595910,5959.1
596007,5960.07
596108,5961.08
596212,5962.12
596315,5963.15
596417,5964.17
596521,5965.21
596625,5966.25
596726,5967.26
596825,5968.25
596919,5969.19
597014,5970.14
597108,5971.08
597202,5972.02
597297,5972.97
597391,5973.91
597489,5974.89
597588,5975.88
597686,5976.86
597784,5977.84
597884,5978.84
597985,5979.85
598083,5980.83
598181,5981.81
598278,5982.78
598375,5983.75
598469,5984.69
598564,5985.64
598659,5986.59
598754,5987.54
598849,5988.49
598944,5989.44
599040,5990.4
599136,5991.36
599235,5992.35
599333,5993.33
599432,5994.32
599534,5995.34
599637,5996.37
599737,5997.37
599836,5998.36
599934,5999.34
600034,6000.34
600129,6001.29
600225,6002.25
600324,6003.24
600423,6004.23
600521,6005.21
600623,6006.23
600725,6007.25
600826,6008.26
600930,6009.3
601034,6010.34
601137,6011.37
601241,6012.41
601346,6013.46
601451,6014.51
601554,6015.54
601657,6016.57
601760,6017.6
601862,6018.62
601962,6019.62
602061,6020.61
602160,6021.6
602260,6022.6
602359,6023.59
602458,6024.58
602555,6025.55
602654,6026.54
602752,6027.52
602851,6028.51
602946,6029.46
603041,6030.41
603137,6031.37
603234,6032.34
603329,6033.29
603426,6034.26
603524,6035.24
603620,6036.2
603722,6037.22
603824,6038.24
603927,6039.27
604031,6040.31
604135,6041.35
604237,6042.37
604341,6043.41
604445,6044.45
604549,6045.49
604651,6046.51
604755,6047.55
604860,6048.6
604962,6049.62
605065,6050.65
605168,6051.68
605270,6052.7
605370,6053.7
605470,6054.7
605570,6055.7
605667,6056.67
605764,6057.64
605862,6058.62
605962,6059.62
606060,6060.6
606160,6061.6
606262,6062.62
606364,6063.64
606461,6064.61
606559,6065.59
606658,6066.58
606755,6067.55
606852,6068.52
606951,6069.51
607049,6070.49
607147,6071.47
607248,6072.48
607347,6073.47
607449,6074.49
607551,6075.51
607656,6076.56
607759,6077.59
607863,6078.63
607968,6079.68
608074,6080.74
608176,6081.76
608278,6082.78
608380,6083.8
608481,6084.81
608581,6085.81
608680,6086.8
608776,6087.76
608872,6088.72
608967,6089.67
609064,6090.64
609160,6091.6
609256,6092.56
609354,6093.54
609454,6094.54
609553,6095.53
609651,6096.51
609750,6097.5
609851,6098.51
609950,6099.5
610050,6100.5
610152,6101.52
610252,6102.52
610354,6103.54
610456,6104.56
610556,6105.56
610657,6106.57
610759,6107.59
610857,6108.57
610955,6109.55
611052,6110.52
611148,6111.48
611243,6112.43
611338,6113.38
611432,6114.32
611527,6115.27
611622,6116.22
611716,6117.16
611810,6118.1
611906,6119.06
612003,6120.03
612099,6120.99
612196,6121.96
612295,6122.95
612394,6123.94
612493,6124.93
612592,6125.92
612693,6126.93
612793,6127.93
612892,6128.92
612990,6129.9
613091,6130.91
613190,6131.9
613287,6132.87
613385,6133.85
613486,6134.86
613587,6135.87
613689,6136.89
613787,6137.87
613882,6138.82
613980,6139.8
614079,6140.79
614176,6141.76
614275,6142.75
614373,6143.73
614470,6144.7
614569,6145.69
614668,6146.68
614766,6147.66
614864,6148.64
614963,6149.63
615062,6150.62
615160,6151.6
615259,6152.59
615359,6153.59
615460,6154.6
615561,6155.61
615660,6156.6
615761,6157.61
615862,6158.62
615964,6159.64
616066,6160.66
616168,6161.68
616267,6162.67
616365,6163.65
616465,6164.65
616564,6165.64
616663,6166.63
616762,6167.62
616860,6168.6
616958,6169.58
617058,6170.58
617156,6171.56
617254,6172.54
617352,6173.52
617451,6174.51
617550,6175.5
617650,6176.5
617754,6177.54
617855,6178.55
617952,6179.52
618049,6180.49
618143,6181.43
618242,6182.42
618340,6183.4
618437,6184.37
618537,6185.37
618637,6186.37
618734,6187.34
618833,6188.33
618932,6189.32
619030,6190.3
619128,6191.28
619225,6192.25
619323,6193.23
619418,6194.18
619514,6195.14
619611,6196.11
619709,6197.09
619807,6198.07
619904,6199.04
620002,6200.02
620101,6201.01
620199,6201.99
620296,6202.96
620391,6203.91
620486,6204.86
620582,6205.82
620678,6206.78
620773,6207.73
620867,6208.67
620962,6209.62
621058,6210.58
621155,6211.55
621252,6212.52
621349,6213.49
621446,6214.46
621545,6215.45
621640,6216.4
621736,6217.36
621832,6218.32
621926,6219.26
622022,6220.22
622120,6221.2
622217,6222.17
622317,6223.17
622417,6224.17
622516,6225.16
622616,6226.16
622717,6227.17
622817,6228.17
622915,6229.15
623014,6230.14
623113,6231.13
623213,6232.13
623312,6233.12
623409,6234.09
623507,6235.07
623607,6236.07
623707,6237.07
623808,6238.08
623906,6239.06
624004,6240.04
624102,6241.02
624200,6242.0
624296,6242.96
624394,6243.94
624492,6244.92
624592,6245.92
624690,6246.9
624788,6247.88
624887,6248.87
624986,6249.86
625086,6250.86
625187,6251.87
625289,6252.89
625389,6253.89
625487,6254.87
625587,6255.87
625687,6256.87
625785,6257.85
625885,6258.85
625984,6259.84
626081,6260.81
626179,6261.79
626276,6262.76
626371,6263.71
626467,6264.67
626564,6265.64
626661,6266.61
626757,6267.57
626854,6268.54
626953,6269.53
627051,6270.51
627149,6271.49
627246,6272.46
627341,6273.41
627437,6274.37
627533,6275.33
627630,6276.3
627727,6277.27
627823,6278.23
627918,6279.18
628014,6280.14
628109,6281.09
628205,6282.05
628299,6282.99
628394,6283.94
628491,6284.91
628590,6285.9
628687,6286.87
628784,6287.84
628886,6288.86
628988,6289.88
629087,6290.87
629187,6291.87
629289,6292.89
629389,6293.89
629485,6294.85
629583,6295.83
629679,6296.79
629776,6297.76
629875,6298.75
629974,6299.74
630072,6300.72
630169,6301.69
630265,6302.65
630361,6303.61
630457,6304.57
630552,6305.52
630647,6306.47
630743,6307.43
630839,6308.39
630935,6309.35
631030,6310.3
631125,6311.25
631220,6312.2
631316,6313.16
631414,6314.14
631510,6315.1
631606,6316.06
631703,6317.03
631800,6318.0
631898,6318.98
631997,6319.97
632094,6320.94
632192,6321.92
632290,6322.9
632389,6323.89
632488,6324.88
632587,6325.87
632687,6326.87
632787,6327.87
632891,6328.91
632991,6329.91
633086,6330.86
633183,6331.83
633279,6332.79
633374,6333.74
633470,6334.7
633566,6335.66
633664,6336.64
633764,6337.64
633865,6338.65
633964,6339.64
634063,6340.63
634163,6341.63
634263,6342.63
634363,6343.63
634464,6344.64
634565,6345.65
634666,6346.66
634767,6347.67
634869,6348.69
634971,6349.71
635071,6350.71
635170,6351.7
635269,6352.69
635369,6353.69
635467,6354.67
635564,6355.64
635660,6356.6
635756,6357.56
635853,6358.53
635949,6359.49
636045,6360.45
636142,6361.42
636240,6362.4
636337,6363.37
636434,6364.34
636532,6365.32
636630,6366.3
636724,6367.24
636818,6368.18
636909,6369.09
636999,6369.99
637093,6370.93
637186,6371.86
637282,6372.82
637381,6373.81
637480,6374.8
637579,6375.79
637680,6376.8
637782,6377.82
637884,6378.84
637986,6379.86
638089,6380.89
638192,6381.92
638295,6382.95
638396,6383.96
638498,6384.98
638599,6385.99
638701,6387.01
638802,6388.02
638902,6389.02
639001,6390.01
639098,6390.98
639195,6391.95
639292,6392.92
639389,6393.89
639488,6394.88
639587,6395.87
639686,6396.86
639785,6397.85
639884,6398.84
639985,6399.85
640088,6400.88
640188,6401.88
640286,6402.86
640387,6403.87
640488,6404.88
640586,6405.86
640683,6406.83
640780,6407.8
640874,6408.74
640971,6409.71
641068,6410.68
641165,6411.65
641265,6412.65
641363,6413.63
641461,6414.61
641561,6415.61
641662,6416.62
641761,6417.61
641860,6418.6
641960,6419.6
642060,6420.6
642158,6421.58
642257,6422.57
642355,6423.55
642452,6424.52
642548,6425.48
642644,6426.44
642741,6427.41
642836,6428.36
642932,6429.32
643027,6430.27
643121,6431.21
643214,6432.14
643308,6433.08
643401,6434.01
643495,6434.95
643589,6435.89
643681,6436.81
643775,6437.75
643872,6438.72
643971,6439.71
644068,6440.68
644166,6441.66
644266,6442.66
644368,6443.68
644468,6444.68
644575,6445.75
644682,6446.82
644784,6447.84
644888,6448.88
644990,6449.9
645092,6450.92
645196,6451.96
645298,6452.98
645401,6454.01
645505,6455.05
645607,6456.07
645710,6457.1
645812,6458.12
645912,6459.12
646012,6460.12
646112,6461.12
646210,6462.1
646307,6463.07
646405,6464.05
646503,6465.03
646599,6465.99
646696,6466.96
646794,6467.94
646892,6468.92
646990,6469.9
647088,6470.88
647187,6471.87
647287,6472.87
647385,6473.85
647485,6474.85
647585,6475.85
647687,6476.87
647786,6477.86
647883,6478.83
647982,6479.82
648080,6480.8
648177,6481.77
648274,6482.74
648373,6483.73
648473,6484.73
648571,6485.71
648671,6486.71
648772,6487.72
648873,6488.73
648971,6489.71
649067,6490.67
649161,6491.61
649253,6492.53
649343,6493.43
649437,6494.37
649536,6495.36
649633,6496.33
649733,6497.33
649836,6498.36
649938,6499.38
650040,6500.4
650144,6501.44
650247,6502.47
650349,6503.49
650449,6504.49
650550,6505.5
650649,6506.49
650745,6507.45
650842,6508.42
650939,6509.39
651035,6510.35
651130,6511.3
651227,6512.27
651325,6513.25
651423,6514.23
651520,6515.2
651616,6516.16
651714,6517.14
651814,6518.14
651916,6519.16
652019,6520.19
652124,6521.24
652230,6522.3
652328,6523.28
652428,6524.28
652526,6525.26
652624,6526.24
652724,6527.24
652822,6528.22
652921,6529.21
653022,6530.22
653122,6531.22
653222,6532.22
653324,6533.24
653427,6534.27
653528,6535.28
653630,6536.3
653732,6537.32
653833,6538.33
653932,6539.32
654030,6540.3
654128,6541.28
654226,6542.26
654323,6543.23
654419,6544.19
654516,6545.16
654614,6546.14
654712,6547.12
654809,6548.09
654907,6549.07
655007,6550.07
655107,6551.07
655205,6552.05
655303,6553.03
655402,6554.02
655503,6555.03
655605,6556.05
655702,6557.02
655801,6558.01
655898,6558.98
655998,6559.98
656100,6561.0
656200,6562.0
656300,6563.0
656402,6564.02
656502,6565.02
656602,6566.02
656702,6567.02
656801,6568.01
656899,6568.99
656999,6569.99
657100,6571.0
657198,6571.98
657297,6572.97
657397,6573.97
657496,6574.96
657594,6575.94
657692,6576.92
657792,6577.92
657893,6578.93
657993,6579.93
658091,6580.91
658191,6581.91
658291,6582.91
658389,6583.89
658487,6584.87
658585,6585.85
658684,6586.84
658782,6587.82
658881,6588.81
658984,6589.84
659087,6590.87
659184,6591.84
659282,6592.82
659379,6593.79
659476,6594.76
659576,6595.76
659676,6596.76
659776,6597.76
659878,6598.78
659980,6599.8
660082,6600.82
660184,6601.84
660288,6602.88
660389,6603.89
660490,6604.9
660591,6605.91
660691,6606.91
660789,6607.89
660885,6608.85
660982,6609.82
661077,6610.77
661171,6611.71
661265,6612.65
661360,6613.6
661455,6614.55
661549,6615.49
661643,6616.43
661737,6617.37
661830,6618.3
661922,6619.22
662014,6620.14
662107,6621.07
662202,6622.02
662296,6622.96
662391,6623.91
662487,6624.87
662586,6625.86
662683,6626.83
662777,6627.77
662872,6628.72
662964,6629.64
663055,6630.55
663147,6631.47
663242,6632.42
663339,6633.39
663436,6634.36
663537,6635.37
663641,6636.41
663744,6637.44
663847,6638.47
663952,6639.52
664056,6640.56
664158,6641.58
664260,6642.6
664362,6643.62
664464,6644.64
664564,6645.64
664663,6646.63
664762,6647.62
664860,6648.6
664957,6649.57
665052,6650.52
665147,6651.47
665241,6652.41
665337,6653.37
665431,6654.31
665525,6655.25
665622,6656.22
665720,6657.2
665818,6658.18
665918,6659.18
666022,6660.22
666124,6661.24
666226,6662.26
666329,6663.29
666434,6664.34
666536,6665.36
666639,6666.39
666740,6667.4
666839,6668.39
666940,6669.4
667040,6670.4
667144,6671.44
667248,6672.48
667349,6673.49
667451,6674.51
667555,6675.55
667657,6676.57
667760,6677.6
667863,6678.63
667965,6679.65
668067,6680.67
668167,6681.67
668265,6682.65
668363,6683.63
668461,6684.61
668558,6685.58
668653,6686.53
668748,6687.48
668843,6688.43
668937,6689.37
669032,6690.32
669126,6691.26
669221,6692.21
669317,6693.17
669416,6694.16
669514,6695.14
669611,6696.11
669708,6697.08
669805,6698.05
669903,6699.03
670003,6700.03
670102,6701.02
670203,6702.03
670307,6703.07
670411,6704.11
670513,6705.13
670615,6706.15
670719,6707.19
670823,6708.23
670921,6709.21
671019,6710.19
671115,6711.15
671208,6712.08
671305,6713.05
671401,6714.01
671496,6714.96
671595,6715.95
671695,6716.95
671794,6717.94
671895,6718.95
671998,6719.98
672101,6721.01
672203,6722.03
672305,6723.05
672408,6724.08
672508,6725.08
672607,6726.07
672706,6727.06
672805,6728.05
672904,6729.04
673003,6730.03
673101,6731.01
673199,6731.99
673297,6732.97
673395,6733.95
673493,6734.93
673589,6735.89
673685,6736.85
673784,6737.84
673884,6738.84
673983,6739.83
674082,6740.82
674183,6741.83
674284,6742.84
674383,6743.83
674480,6744.8
674579,6745.79
674676,6746.76
674771,6747.71
674869,6748.69
674966,6749.66
675063,6750.63
675158,6751.58
675253,6752.53
675345,6753.45
675439,6754.39
675533,6755.33
675627,6756.27
675724,6757.24
675821,6758.21
675917,6759.17
676014,6760.14
676113,6761.13
676210,6762.1
676307,6763.07
676407,6764.07
676506,6765.06
676603,6766.03
676701,6767.01
676798,6767.98
676895,6768.95
676991,6769.91
677087,6770.87
677183,6771.83
677279,6772.79
677374,6773.74
677469,6774.69
677565,6775.65
677661,6776.61
677757,6777.57
677854,6778.54
677951,6779.51
678047,6780.47
678142,6781.42
678238,6782.38
678336,6783.36
678432,6784.32
678524,6785.24
678616,6786.16
678708,6787.08
678798,6787.98
678886,6788.86
678977,6789.77
679070,6790.7
679162,6791.62
679256,6792.56
679352,6793.52
679448,6794.48
679545,6795.45
679644,6796.44
679743,6797.43
679844,6798.44
679943,6799.43
680043,6800.43
680144,6801.44
680245,6802.45
680346,6803.46
680445,6804.45
680546,6805.46
680647,6806.47
680746,6807.46
680844,6808.44
680942,6809.42
681039,6810.39
681135,6811.35
681231,6812.31
681327,6813.27
681425,6814.25
681525,6815.25
681624,6816.24
681723,6817.23
681824,6818.24
681924,6819.24
682022,6820.22
682125,6821.25
682228,6822.28
682329,6823.29
682433,6824.33
682537,6825.37
682639,6826.39
682741,6827.41
682843,6828.43
682944,6829.44
683045,6830.45
683145,6831.45
683244,6832.44
683344,6833.44
683441,6834.41
683540,6835.4
683641,6836.41
683742,6837.42
683843,6838.43
683943,6839.43
684043,6840.43
684144,6841.44
684244,6842.44
684344,6843.44
684444,6844.44
684541,6845.41
684639,6846.39
684736,6847.36
684832,6848.32
684929,6849.29
685023,6850.23
685117,6851.17
685214,6852.14
685309,6853.09
685405,6854.05
685503,6855.03
685601,6856.01
685698,6856.98
685795,6857.95
685896,6858.96
685997,6859.97
686085,6860.85
686189,6861.89
686281,6862.81
686389,6863.89
686487,6864.87
686584,6865.84
686679,6866.79
686775,6867.75
686872,6868.72
686971,6869.71
687070,6870.7
687171,6871.71
687275,6872.75
687379,6873.79
687482,6874.82
687585,6875.85
687688,6876.88
687791,6877.91
687892,6878.92
687992,6879.92
688090,6880.9
688188,6881.88
688285,6882.85
688381,6883.81
688477,6884.77
688571,6885.71
688665,6886.65
688758,6887.58
688851,6888.51
688945,6889.45
689042,6890.42
689136,6891.36
689230,6892.3
689325,6893.25
689418,6894.18
689511,6895.11
689602,6896.02
689697,6896.97
689793,6897.93
689887,6898.87
689985,6899.85
690083,6900.83
690180,6901.8
690276,6902.76
690374,6903.74
690472,6904.72
690569,6905.69
690665,6906.65
690763,6907.63
690862,6908.62
690960,6909.6
691057,6910.57
691155,6911.55
691253,6912.53
691352,6913.52
691451,6914.51
691547,6915.47
691641,6916.41
691735,6917.35
691829,6918.29
691923,6919.23
692015,6920.15
692109,6921.09
692204,6922.04
692303,6923.03
692402,6924.02
692503,6925.03
692608,6926.08
692714,6927.14
692818,6928.18
692923,6929.23
693028,6930.28
693127,6931.27
693228,6932.28
693329,6933.29
693428,6934.28
693530,6935.3
693633,6936.33
693735,6937.35
693838,6938.38
693939,6939.39
694041,6940.41
694143,6941.43
694243,6942.43
694343,6943.43
694444,6944.44
694542,6945.42
694640,6946.4
694738,6947.38
694836,6948.36
694932,6949.32
695028,6950.28
695124,6951.24
695220,6952.2
695315,6953.15
695411,6954.11
695505,6955.05
695599,6955.99
695692,6956.92
695786,6957.86
695881,6958.81
695975,6959.75
696070,6960.7
696166,6961.66
696264,6962.64
696363,6963.63
696461,6964.61
696558,6965.58
696656,6966.56
696753,6967.53
696848,6968.48
696945,6969.45
697044,6970.44
697144,6971.44
697241,6972.41
697338,6973.38
697434,6974.34
697531,6975.31
697629,6976.29
697728,6977.28
697826,6978.26
697926,6979.26
698024,6980.24
698123,6981.23
698224,6982.24
698325,6983.25
698425,6984.25
698524,6985.24
698624,6986.24
698723,6987.23
698820,6988.2
698916,6989.16
699011,6990.11
699104,6991.04
699198,6991.98
699291,6992.91
699383,6993.83
699477,6994.77
699572,6995.72
699667,6996.67
699760,6997.6
699855,6998.55
699950,6999.5
700046,7000.46
700143,7001.43
700239,7002.39
700337,7003.37
700436,7004.36
700536,7005.36
700631,7006.31
700727,7007.27
700822,7008.22
700915,7009.15
701011,7010.11
701107,7011.07
701202,7012.02
701300,7013.0
701400,7014.0
701499,7014.99
701598,7015.98
701699,7016.99
701799,7017.99
701898,7018.98
701996,7019.96
702093,7020.93
702188,7021.88
702283,7022.83
702377,7023.77
702470,7024.7
702564,7025.64
702659,7026.59
702753,7027.53
702849,7028.49
702943,7029.43
703037,7030.37
703133,7031.33
703228,7032.28
703323,7033.23
703417,7034.17
703513,7035.13
703610,7036.1
703706,7037.06
703804,7038.04
703901,7039.01
703998,7039.98
704093,7040.93
704189,7041.89
704287,7042.87
704385,7043.85
704487,7044.87
704587,7045.87
704688,7046.88
704792,7047.92
704895,7048.95
704998,7049.98
705100,7051.0
705204,7052.04
705309,7053.09
705411,7054.11
705513,7055.13
705614,7056.14
705714,7057.14
705814,7058.14
705909,7059.09
706005,7060.05
706100,7061.0
706196,7061.96
706294,7062.94
706389,7063.89
706483,7064.83
706577,7065.77
706672,7066.72
706767,7067.67
706861,7068.61
706956,7069.56
707051,7070.51
707146,7071.46
707241,7072.41
707339,7073.39
707436,7074.36
707532,7075.32
707628,7076.28
707722,7077.22
707815,7078.15
707910,7079.1
708006,7080.06
708105,7081.05
708202,7082.02
708302,7083.02
708402,7084.02
708502,7085.02
708603,7086.03
708706,7087.06
708810,7088.1
708911,7089.11
709013,7090.13
709114,7091.14
709216,7092.16
709317,7093.17
709417,7094.17
709515,7095.15
709612,7096.12
709711,7097.11
709810,7098.1
709907,7099.07
710002,7100.02
710098,7100.98
710194,7101.94
710290,7102.9
710387,7103.87
710487,7104.87
710588,7105.88
710691,7106.91
710789,7107.89
710886,7108.86
710982,7109.82
711076,7110.76
711171,7111.71
711268,7112.68
711364,7113.64
711462,7114.62
711559,7115.59
711657,7116.57
711756,7117.56
711858,7118.58
711960,7119.6
712060,7120.6
712161,7121.61
712264,7122.64
712367,7123.67
712468,7124.68
712568,7125.68
712669,7126.69
712768,7127.68
712866,7128.66
712961,7129.61
713055,7130.55
713149,7131.49
713243,7132.43
713336,7133.36
713430,7134.3
713528,7135.28
713626,7136.26
713723,7137.23
713821,7138.21
713921,7139.21
714022,7140.22
714123,7141.23
714220,7142.2
714319,7143.19
714415,7144.15
714514,7145.14
714614,7146.14
714699,7146.99
714800,7148.0
714890,7148.9
714996,7149.96
715090,7150.9
715186,7151.86
715284,7152.84
715381,7153.81
715480,7154.8
715580,7155.8
715682,7156.82
715784,7157.84
715886,7158.86
715988,7159.88
716089,7160.89
716190,7161.9
716291,7162.91
716392,7163.92
716492,7164.92
716591,7165.91
716688,7166.88
716784,7167.84
716880,7168.8
716976,7169.76
717073,7170.73
717170,7171.7
717266,7172.66
717365,7173.65
717464,7174.64
717564,7175.64
717663,7176.63
717762,7177.62
717859,7178.59
717956,7179.56
718054,7180.54
718153,7181.53
718249,7182.49
718347,7183.47
718445,7184.45
718544,7185.44
718644,7186.44
718744,7187.44
718841,7188.41
718941,7189.41
719039,7190.39
719136,7191.36
719235,7192.35
719333,7193.33
719429,7194.29
719525,7195.25
719621,7196.21
719717,7197.17
719812,7198.12
719908,7199.08
720003,7200.03
720098,7200.98
720194,7201.94
720288,7202.88
720383,7203.83
720479,7204.79
720575,7205.75
720669,7206.69
720765,7207.65
720862,7208.62
720957,7209.57
721051,7210.51
721145,7211.45
721240,7212.4
721336,7213.36
721432,7214.32
721531,7215.31
721632,7216.32
721732,7217.32
721832,7218.32
721934,7219.34
722039,7220.39
722141,7221.41
722238,7222.38
722336,7223.36
722432,7224.32
722528,7225.28
722627,7226.27
722726,7227.26
722826,7228.26
722927,7229.27
723027,7230.27
723127,7231.27
723229,7232.29
723330,7233.3
723428,7234.28
723527,7235.27
723625,7236.25
723721,7237.21
723816,7238.16
723910,7239.1
724004,7240.04
724097,7240.97
724191,7241.91
724285,7242.85
724379,7243.79
724472,7244.72
724565,7245.65
724658,7246.58
724751,7247.51
724842,7248.42
724934,7249.34
725026,7250.26
725118,7251.18
725209,7252.09
725301,7253.01
725393,7253.93
725487,7254.87
725581,7255.81
725675,7256.75
725772,7257.72
725870,7258.7
725967,7259.67
726064,7260.64
726164,7261.64
726263,7262.63
726363,7263.63
726426,7264.26
726490,7264.9
726585,7265.85
726664,7266.64
726766,7267.66
726868,7268.68
726967,7269.67
727069,7270.69
727169,7271.69
727271,7272.71
727375,7273.75
727478,7274.78
727577,7275.77
727674,7276.74
727769,7277.69
727862,7278.62
727954,7279.54
728047,7280.47
728139,7281.39
728230,7282.3
728322,7283.22
728415,7284.15
728508,7285.08
728601,7286.01
728693,7286.93
728786,7287.86
728878,7288.78
728971,7289.71
729064,7290.64
729157,7291.57
729250,7292.5
729345,7293.45
729438,7294.38
729531,7295.31
729625,7296.25
729718,7297.18
729812,7298.12
729906,7299.06
730000,7300.0
730097,7300.97
730196,7301.96
730294,7302.94
730393,7303.93
730494,7304.94
730595,7305.95
730691,7306.91
730788,7307.88
730885,7308.85
730980,7309.8
731077,7310.77
731173,7311.73
731270,7312.7
731369,7313.69
731467,7314.67
731564,7315.64
731663,7316.63
731764,7317.64
731864,7318.64
731963,7319.63
732064,7320.64
732165,7321.65
732264,7322.64
732362,7323.62
732461,7324.61
732559,7325.59
732657,7326.57
732752,7327.52
732847,7328.47
732943,7329.43
733038,7330.38
733133,7331.33
733226,7332.26
733319,7333.19
733413,7334.13
733509,7335.09
733605,7336.05
733704,7337.04
733801,7338.01
733900,7339.0
734000,7340.0
734098,7340.98
734196,7341.96
734293,7342.93
734389,7343.89
734484,7344.84
734579,7345.79
734673,7346.73
734769,7347.69
734867,7348.67
734963,7349.63
735062,7350.62
735161,7351.61
735259,7352.59
735357,7353.57
735457,7354.57
735556,7355.56
735655,7356.55
735755,7357.55
735854,7358.54
735952,7359.52
736052,7360.52
736152,7361.52
736252,7362.52
736351,7363.51
736450,7364.5
736549,7365.49
736648,7366.48
736747,7367.47
736843,7368.43
736938,7369.38
737033,7370.33
737128,7371.28
737223,7372.23
737317,7373.17
737413,7374.13
737511,7375.11
737610,7376.1
737707,7377.07
737804,7378.04
737902,7379.02
737997,7379.97
738093,7380.93
738192,7381.92
738290,7382.9
738389,7383.89
738489,7384.89
738587,7385.87
738687,7386.87
738788,7387.88
738886,7388.86
738985,7389.85
739084,7390.84
739184,7391.84
739282,7392.82
739379,7393.79
739475,7394.75
739571,7395.71
739665,7396.65
739757,7397.57
739851,7398.51
739945,7399.45
740039,7400.39
740133,7401.33
740228,7402.28
740323,7403.23
740418,7404.18
740512,7405.12
740607,7406.07
740703,7407.03
740797,7407.97
740891,7408.91
740987,7409.87
741083,7410.83
741178,7411.78
741273,7412.73
741368,7413.68
741463,7414.63
741561,7415.61
741657,7416.57
741752,7417.52
741846,7418.46
741940,7419.4
742036,7420.36
742130,7421.3
742227,7422.27
742324,7423.24
742421,7424.21
742521,7425.21
742621,7426.21
742720,7427.2
742821,7428.21
742922,7429.22
743022,7430.22
743121,7431.21
743221,7432.21
743319,7433.19
743415,7434.15
743511,7435.11
743607,7436.07
743702,7437.02
743795,7437.95
743889,7438.89
743982,7439.82
744076,7440.76
744169,7441.69
744262,7442.62
744358,7443.58
744454,7444.54
744549,7445.49
744643,7446.43
744737,7447.37
744831,7448.31
744930,7449.3
745028,7450.28
745125,7451.25
745223,7452.23
745323,7453.23
745423,7454.23
745523,7455.23
745625,7456.25
745724,7457.24
745824,7458.24
745925,7459.25
746027,7460.27
746127,7461.27
746225,7462.25
746325,7463.25
746424,7464.24
746520,7465.2
746617,7466.17
746716,7467.16
746816,7468.16
746914,7469.14
747010,7470.1
747105,7471.05
747198,7471.98
747289,7472.89
747379,7473.79
747468,7474.68
747557,7475.57
747646,7476.46
747739,7477.39
747832,7478.32
747927,7479.27
748025,7480.25
748124,7481.24
748223,7482.23
748322,7483.22
748421,7484.21
748519,7485.19
748616,7486.16
748713,7487.13
748811,7488.11
748907,7489.07
749003,7490.03
749099,7490.99
749195,7491.95
749291,7492.91
749389,7493.89
749487,7494.87
749583,7495.83
749678,7496.78
749772,7497.72
749865,7498.65
749957,7499.57
750048,7500.48
750139,7501.39
750231,7502.31
750324,7503.24
750416,7504.16
750509,7505.09
750605,7506.05
750702,7507.02
750797,7507.97
750893,7508.93
750988,7509.88
751081,7510.81
751176,7511.76
751260,7512.6
751357,7513.57
751448,7514.48
751551,7515.51
751641,7516.41
751740,7517.4
751834,7518.34
751927,7519.27
752022,7520.22
752119,7521.19
752218,7522.18
752316,7523.16
752415,7524.15
752516,7525.16
752617,7526.17
752717,7527.17
752816,7528.16
752914,7529.14
753011,7530.11
753107,7531.07
753202,7532.02
753295,7532.95
753389,7533.89
753482,7534.82
753576,7535.76
753670,7536.7
753763,7537.63
753858,7538.58
753953,7539.53
754050,7540.5
754148,7541.48
754244,7542.44
754340,7543.4
754438,7544.38
754535,7545.35
754637,7546.37
754739,7547.39
754838,7548.38
754934,7549.34
755030,7550.3
755124,7551.24
755217,7552.17
755310,7553.1
755402,7554.02
755492,7554.92
755586,7555.86
755680,7556.8
755774,7557.74
755869,7558.69
755964,7559.64
756060,7560.6
756154,7561.54
756249,7562.49
756345,7563.45
756442,7564.42
756538,7565.38
756634,7566.34
756730,7567.3
756827,7568.27
756924,7569.24
757022,7570.22
757119,7571.19
757216,7572.16
757310,7573.1
757405,7574.05
757499,7574.99
757595,7575.95
757692,7576.92
757788,7577.88
757881,7578.81
757974,7579.74
758067,7580.67
758157,7581.57
758249,7582.49
758342,7583.42
758437,7584.37
758535,7585.35
758634,7586.34
758729,7587.29
758826,7588.26
758921,7589.21
759016,7590.16
759114,7591.14
759210,7592.1
759306,7593.06
759402,7594.02
759498,7594.98
759593,7595.93
759689,7596.89
759784,7597.84
759878,7598.78
759973,7599.73
760069,7600.69
760163,7601.63
760258,7602.58
760354,7603.54
760450,7604.5
760547,7605.47
760644,7606.44
760741,7607.41
760840,7608.4
760939,7609.39
761038,7610.38
761134,7611.34
761231,7612.31
761328,7613.28
761425,7614.25
761522,7615.22
761620,7616.2
761719,7617.19
761818,7618.18
761914,7619.14
762011,7620.11
762110,7621.1
762211,7622.11
762311,7623.11
762411,7624.11
762510,7625.1
762609,7626.09
762709,7627.09
762809,7628.09
762909,7629.09
763010,7630.1
763110,7631.1
763211,7632.11
763311,7633.11
763408,7634.08
763507,7635.07
763605,7636.05
763701,7637.01
763797,7637.97
763892,7638.92
763988,7639.88
764081,7640.81
764175,7641.75
764270,7642.7
764363,7643.63
764456,7644.56
764550,7645.5
764644,7646.44
764740,7647.4
764835,7648.35
764930,7649.3
765026,7650.26
765122,7651.22
765220,7652.2
765317,7653.17
765413,7654.13
765509,7655.09
765606,7656.06
765702,7657.02
765797,7657.97
765892,7658.92
765989,7659.89
766087,7660.87
766184,7661.84
766280,7662.8
766378,7663.78
766477,7664.77
766574,7665.74
766671,7666.71
766765,7667.65
766860,7668.6
766956,7669.56
767051,7670.51
767150,7671.5
767249,7672.49
767348,7673.48
767448,7674.48
767547,7675.47
767646,7676.46
767746,7677.46
767845,7678.45
767943,7679.43
768041,7680.41
768140,7681.4
768236,7682.36
768333,7683.33
768429,7684.29
768525,7685.25
768620,7686.2
768716,7687.16
768811,7688.11
768908,7689.08
769003,7690.03
769099,7690.99
769194,7691.94
769290,7692.9
769384,7693.84
769481,7694.81
769580,7695.8
769678,7696.78
769777,7697.77
769879,7698.79
769979,7699.79
770078,7700.78
770180,7701.8
770283,7702.83
770385,7703.85
770484,7704.84
770584,7705.84
770682,7706.82
770778,7707.78
770875,7708.75
770969,7709.69
771061,7710.61
771151,7711.51
771239,7712.39
771326,7713.26
771414,7714.14
771501,7715.01
771586,7715.86
771673,7716.73
771760,7717.6
771846,7718.46
771933,7719.33
772021,7720.21
772108,7721.08
772196,7721.96
772284,7722.84
772373,7723.73
772462,7724.62
772553,7725.53
772644,7726.44
772736,7727.36
772828,7728.28
772922,7729.22
773014,7730.14
773106,7731.06
773197,7731.97
773289,7732.89
773382,7733.82
773473,7734.73
773565,7735.65
773657,7736.57
773749,7737.49
773841,7738.41
773935,7739.35
774029,7740.29
774123,7741.23
774218,7742.18
774313,7743.13
774410,7744.1
774506,7745.06
774603,7746.03
774700,7747.0
774799,7747.99
774897,7748.97
774994,7749.94
775090,7750.9
775185,7751.85
775277,7752.77
775368,7753.68
775461,7754.61
775553,7755.53
775647,7756.47
775745,7757.45
775843,7758.43
775944,7759.44
776046,7760.46
776148,7761.48
776250,7762.5
776354,7763.54
776457,7764.57
776559,7765.59
776662,7766.62
776764,7767.64
776866,7768.66
776967,7769.67
777067,7770.67
777166,7771.66
777264,7772.64
777361,7773.61
777458,7774.58
777553,7775.53
777647,7776.47
777742,7777.42
777833,7778.33
777923,7779.23
778013,7780.13
778104,7781.04
778193,7781.93
778284,7782.84
778380,7783.8
778478,7784.78
778577,7785.77
778675,7786.75
778773,7787.73
778874,7788.74
778973,7789.73
779075,7790.75
779177,7791.77
779279,7792.79
779379,7793.79
779479,7794.79
779580,7795.8
779680,7796.8
779778,7797.78
779876,7798.76
779973,7799.73
780068,7800.68
780164,7801.64
780261,7802.61
780361,7803.61
780458,7804.58
780555,7805.55
780652,7806.52
780750,7807.5
780847,7808.47
780943,7809.43
781042,7810.42
781142,7811.42
781241,7812.41
781337,7813.37
781434,7814.34
781529,7815.29
781623,7816.23
781721,7817.21
781816,7818.16
781913,7819.13
782011,7820.11
782108,7821.08
782204,7822.04
782302,7823.02
782401,7824.01
782500,7825.0
782599,7825.99
782698,7826.98
782799,7827.99
782898,7828.98
782997,7829.97
783094,7830.94
783188,7831.88
783280,7832.8
783371,7833.71
783461,7834.61
783552,7835.52
783645,7836.45
783738,7837.38
783831,7838.31
783926,7839.26
784021,7840.21
784118,7841.18
784213,7842.13
784308,7843.08
784405,7844.05
784502,7845.02
784599,7845.99
784694,7846.94
784790,7847.9
784886,7848.86
784983,7849.83
785080,7850.8
785178,7851.78
785276,7852.76
785372,7853.72
785467,7854.67
785564,7855.64
785658,7856.58
785755,7857.55
785853,7858.53
785950,7859.5
786049,7860.49
786150,7861.5
786250,7862.5
786349,7863.49
786449,7864.49
786549,7865.49
786646,7866.46
786743,7867.43
786839,7868.39
786933,7869.33
787026,7870.26
787117,7871.17
787208,7872.08
787300,7873.0
787393,7873.93
787486,7874.86
787580,7875.8
787673,7876.73
787766,7877.66
787860,7878.6
787953,7879.53
788046,7880.46
788138,7881.38
788232,7882.32
788327,7883.27
788422,7884.22
788519,7885.19
788618,7886.18
788718,7887.18
788818,7888.18
788920,7889.2
789021,7890.21
789117,7891.17
789214,7892.14
789310,7893.1
789406,7894.06
789505,7895.05
789603,7896.03
789701,7897.01
789801,7898.01
789900,7899.0
789999,7899.99
790100,7901.0
790202,7902.02
790302,7903.02
790402,7904.02
790502,7905.02
790601,7906.01
790698,7906.98
790795,7907.95
790891,7908.91
790986,7909.86
791080,7910.8
791175,7911.75
791270,7912.7
791364,7913.64
791457,7914.57
791551,7915.51
791646,7916.46
791741,7917.41
791839,7918.39
791935,7919.35
792032,7920.32
792130,7921.3
792228,7922.28
792324,7923.24
792422,7924.22
792521,7925.21
792620,7926.2
792719,7927.19
792821,7928.21
792922,7929.22
793018,7930.18
793113,7931.13
793209,7932.09
793302,7933.02
793397,7933.97
793495,7934.95
793590,7935.9
793688,7936.88
793788,7937.88
793885,7938.85
793982,7939.82
794080,7940.8
794178,7941.78
794274,7942.74
794370,7943.7
794466,7944.66
794562,7945.62
794655,7946.55
794749,7947.49
794842,7948.42
794935,7949.35
795028,7950.28
795121,7951.21
795213,7952.13
795305,7953.05
795397,7953.97
795490,7954.9
795580,7955.8
795671,7956.71
795763,7957.63
795856,7958.56
795948,7959.48
796041,7960.41
796136,7961.36
796232,7962.32
796329,7963.29
796427,7964.27
796526,7965.26
796626,7966.26
796726,7967.26
796824,7968.24
796924,7969.24
797024,7970.24
797126,7971.26
797223,7972.23
797318,7973.18
797413,7974.13
797506,7975.06
797600,7976.0
797694,7976.94
797790,7977.9
797890,7978.9
797988,7979.88
798089,7980.89
798192,7981.92
798292,7982.92
798394,7983.94
798496,7984.96
798597,7985.97
798698,7986.98
798798,7987.98
798899,7988.99
798999,7989.99
799096,7990.96
799194,7991.94
799291,7992.91
799388,7993.88
799485,7994.85
799582,7995.82
799678,7996.78
799772,7997.72
799865,7998.65
799957,7999.57
800050,8000.5
800143,8001.43
800234,8002.34
800325,8003.25
800418,8004.18
800512,8005.12
800608,8006.08
800704,8007.04
800804,8008.04
800904,8009.04
801005,8010.05
801106,8011.06
801201,8012.01
801294,8012.94
801385,8013.85
801473,8014.73
801565,8015.65
801659,8016.59
801752,8017.52
801849,8018.49
801948,8019.48
802047,8020.47
802147,8021.47
802248,8022.48
802350,8023.5
802450,8024.5
802551,8025.51
802653,8026.53
802753,8027.53
802852,8028.52
802951,8029.51
803050,8030.5
803149,8031.49
803247,8032.47
803343,8033.43
803439,8034.39
803535,8035.35
803631,8036.31
803726,8037.26
803823,8038.23
803920,8039.2
804017,8040.17
804113,8041.13
804210,8042.1
804309,8043.09
804406,8044.06
804505,8045.05
804603,8046.03
804702,8047.02
804803,8048.03
804902,8049.02
805000,8050.0
805095,8050.95
805191,8051.91
805288,8052.88
805383,8053.83
805481,8054.81
805579,8055.79
805678,8056.78
805777,8057.77
805876,8058.76
805973,8059.73
806071,8060.71
806169,8061.69
806266,8062.66
806361,8063.61
806457,8064.57
806553,8065.53
806650,8066.5
806745,8067.45
806841,8068.41
806937,8069.37
807034,8070.34
807132,8071.32
807230,8072.3
807327,8073.27
807423,8074.23
807520,8075.2
807618,8076.18
807717,8077.17
807813,8078.13
807909,8079.09
808007,8080.07
808105,8081.05
808201,8082.01
808298,8082.98
808397,8083.97
808494,8084.94
808591,8085.91
808687,8086.87
808785,8087.85
808880,8088.8
808972,8089.72
809067,8090.67
809160,8091.6
809255,8092.55
809352,8093.52
809447,8094.47
809545,8095.45
809643,8096.43
809739,8097.39
809836,8098.36
809933,8099.33
810029,8100.29
810123,8101.23
810218,8102.18
810313,8103.13
810408,8104.08
810501,8105.01
810596,8105.96
810691,8106.91
810787,8107.87
810882,8108.82
810977,8109.77
811072,8110.72
811167,8111.67
811260,8112.6
811352,8113.52
811446,8114.46
811540,8115.4
811634,8116.34
811725,8117.25
811818,8118.18
811912,8119.12
812009,8120.09
812105,8121.05
812202,8122.02
812300,8123.0
812401,8124.01
812501,8125.01
812600,8126.0
812700,8127.0
812802,8128.02
812902,8129.02
812996,8129.96
813092,8130.92
813185,8131.85
813280,8132.8
813377,8133.77
813473,8134.73
813571,8135.71
813669,8136.69
813764,8137.64
813860,8138.6
813957,8139.57
814053,8140.53
814149,8141.49
814245,8142.45
814340,8143.4
814436,8144.36
814531,8145.31
814627,8146.27
814721,8147.21
814816,8148.16
814911,8149.11
815007,8150.07
815101,8151.01
815195,8151.95
815288,8152.88
815380,8153.8
815472,8154.72
815564,8155.64
815657,8156.57
815751,8157.51
815846,8158.46
815941,8159.41
816036,8160.36
816132,8161.32
816230,8162.3
816329,8163.29
816427,8164.27
816524,8165.24
816623,8166.23
816723,8167.23
816818,8168.18
816914,8169.14
817010,8170.1
817106,8171.06
817204,8172.04
817302,8173.02
817400,8174.0
817500,8175.0
817599,8175.99
817697,8176.97
817797,8177.97
817897,8178.97
817995,8179.95
818094,8180.94
818192,8181.92
818289,8182.89
818384,8183.84
818480,8184.8
818574,8185.74
818669,8186.69
818765,8187.65
818860,8188.6
818954,8189.54
819048,8190.48
819143,8191.43
819236,8192.36
819328,8193.28
819422,8194.22
819516,8195.16
819609,8196.09
819701,8197.01
819794,8197.94
819888,8198.88
819980,8199.8
820073,8200.73
820164,8201.64
820255,8202.55
820344,8203.44
820435,8204.35
820528,8205.28
820619,8206.19
820714,8207.14
820810,8208.1
820906,8209.06
821004,8210.04
821103,8211.03
821202,8212.02
821301,8213.01
821400,8214.0
821497,8214.97
821595,8215.95
821693,8216.93
821790,8217.9
821886,8218.86
821982,8219.82
822077,8220.77
822172,8221.72
822266,8222.66
822361,8223.61
822455,8224.55
822549,8225.49
822643,8226.43
822738,8227.38
822833,8228.33
822929,8229.29
823024,8230.24
823120,8231.2
823214,8232.14
823307,8233.07
823402,8234.02
823495,8234.95
823586,8235.86
823678,8236.78
823771,8237.71
823863,8238.63
823956,8239.56
824047,8240.47
824142,8241.42
824236,8242.36
824330,8243.3
824427,8244.27
824519,8245.19
824611,8246.11
824704,8247.04
824795,8247.95
824888,8248.88
824982,8249.82
825075,8250.75
825170,8251.7
825266,8252.66
825362,8253.62
825457,8254.57
825553,8255.53
825649,8256.49
825744,8257.44
825839,8258.39
825934,8259.34
826029,8260.29
826125,8261.25
826220,8262.2
826315,8263.15
826409,8264.09
826501,8265.01
826593,8265.93
826685,8266.85
826777,8267.77
826868,8268.68
826961,8269.61
827056,8270.56
827149,8271.49
827244,8272.44
827340,8273.4
827437,8274.37
827534,8275.34
827630,8276.3
827725,8277.25
827819,8278.19
827910,8279.1
828003,8280.03
828094,8280.94
828184,8281.84
828277,8282.77
828371,8283.71
828465,8284.65
828561,8285.61
828659,8286.59
828757,8287.57
828856,8288.56
828956,8289.56
829056,8290.56
829155,8291.55
829253,8292.53
829350,8293.5
829446,8294.46
829542,8295.42
829638,8296.38
829731,8297.31
829824,8298.24
829918,8299.18
830010,8300.1
830103,8301.03
830195,8301.95
830285,8302.85
830376,8303.76
830467,8304.67
830559,8305.59
830654,8306.54
830748,8307.48
830843,8308.43
830942,8309.42
831042,8310.42
831140,8311.4
831239,8312.39
831339,8313.39
831437,8314.37
831536,8315.36
831633,8316.33
831729,8317.29
831822,8318.22
831916,8319.16
832010,8320.1
832103,8321.03
832199,8321.99
832296,8322.96
832392,8323.92
832489,8324.89
832587,8325.87
832684,8326.84
832781,8327.81
832878,8328.78
832973,8329.73
833067,8330.67
833162,8331.62
833256,8332.56
833350,8333.5
833443,8334.43
833536,8335.36
833629,8336.29
833723,8337.23
833818,8338.18
833914,8339.14
834009,8340.09
834105,8341.05
834199,8341.99
834293,8342.93
834384,8343.84
834474,8344.74
834563,8345.63
834653,8346.53
834742,8347.42
834832,8348.32
834923,8349.23
835015,8350.15
835110,8351.1
835205,8352.05
835301,8353.01
835398,8353.98
835497,8354.97
835595,8355.95
835693,8356.93
835793,8357.93
835894,8358.94
835991,8359.91
836086,8360.86
836180,8361.8
836271,8362.71
836361,8363.61
836453,8364.53
836544,8365.44
836638,8366.38
836733,8367.33
836828,8368.28
836925,8369.25
837023,8370.23
837121,8371.21
837218,8372.18
837317,8373.17
837415,8374.15
837511,8375.11
837607,8376.07
837703,8377.03
837797,8377.97
837890,8378.9
837981,8379.81
838071,8380.71
838161,8381.61
838250,8382.5
838339,8383.39
838428,8384.28
838518,8385.18
838606,8386.06
838695,8386.95
838784,8387.84
838873,8388.73
838963,8389.63
839055,8390.55
839147,8391.47
839241,8392.41
839338,8393.38
839433,8394.33
839530,8395.3
839625,8396.25
839721,8397.21
839817,8398.17
839910,8399.1
840005,8400.05
840100,8401.0
840195,8401.95
840294,8402.94
840391,8403.91
840489,8404.89
840588,8405.88
840688,8406.88
840786,8407.86
840884,8408.84
840983,8409.83
841082,8410.82
841178,8411.78
841275,8412.75
841372,8413.72
841469,8414.69
841565,8415.65
841660,8416.6
841756,8417.56
841853,8418.53
841950,8419.5
842045,8420.45
842141,8421.41
842237,8422.37
842333,8423.33
842428,8424.28
842522,8425.22
842616,8426.16
842709,8427.09
842802,8428.02
842893,8428.93
842986,8429.86
843078,8430.78
843168,8431.68
843261,8432.61
843353,8433.53
843446,8434.46
843543,8435.43
843638,8436.38
843734,8437.34
843832,8438.32
843928,8439.28
844024,8440.24
844121,8441.21
844217,8442.17
844312,8443.12
844407,8444.07
844503,8445.03
844599,8445.99
844694,8446.94
844789,8447.89
844885,8448.85
844980,8449.8
845075,8450.75
845168,8451.68
845260,8452.6
845352,8453.52
845445,8454.45
845535,8455.35
845626,8456.26
845718,8457.18
845812,8458.12
845907,8459.07
846002,8460.02
846097,8460.97
846193,8461.93
846289,8462.89
846384,8463.84
846480,8464.8
846576,8465.76
846674,8466.74
846770,8467.7
846862,8468.62
846954,8469.54
847043,8470.43
847130,8471.3
847218,8472.18
847309,8473.09
847399,8473.99
847491,8474.91
847585,8475.85
847679,8476.79
847773,8477.73
847868,8478.68
847965,8479.65
848059,8480.59
848154,8481.54
848249,8482.49
848344,8483.44
848438,8484.38
848531,8485.31
848624,8486.24
848717,8487.17
848810,8488.1
848904,8489.04
848997,8489.97
849090,8490.9
849183,8491.83
849276,8492.76
849370,8493.7
849462,8494.62
849555,8495.55
849647,8496.47
849740,8497.4
849832,8498.32
849925,8499.25
850022,8500.22
850118,8501.18
850212,8502.12
850309,8503.09
850407,8504.07
850506,8505.06
850607,8506.07
850709,8507.09
850810,8508.1
850912,8509.12
851012,8510.12
851113,8511.13
851214,8512.14
851313,8513.13
851412,8514.12
851512,8515.12
851611,8516.11
851709,8517.09
851806,8518.06
851904,8519.04
852002,8520.02
852099,8520.99
852195,8521.95
852289,8522.89
852383,8523.83
852475,8524.75
852569,8525.69
852663,8526.63
852756,8527.56
852849,8528.49
852943,8529.43
853037,8530.37
853133,8531.33
853227,8532.27
853321,8533.21
853417,8534.17
853514,8535.14
853611,8536.11
853707,8537.07
853805,8538.05
853900,8539.0
853994,8539.94
854090,8540.9
854183,8541.83
854280,8542.8
854379,8543.79
854477,8544.77
854577,8545.77
854679,8546.79
854778,8547.78
854879,8548.79
854980,8549.8
855079,8550.79
855178,8551.78
855277,8552.77
855375,8553.75
855472,8554.72
855569,8555.69
855666,8556.66
855761,8557.61
855856,8558.56
855952,8559.52
856048,8560.48
856145,8561.45
856242,8562.42
856339,8563.39
856433,8564.33
856528,8565.28
856621,8566.21
856714,8567.14
856807,8568.07
856897,8568.97
856987,8569.87
857079,8570.79
857173,8571.73
857266,8572.66
857358,8573.58
857453,8574.53
857548,8575.48
857642,8576.42
857739,8577.39
857836,8578.36
857931,8579.31
858028,8580.28
858124,8581.24
858220,8582.2
858315,8583.15
858411,8584.11
858507,8585.07
858604,8586.04
858700,8587.0
858798,8587.98
858897,8588.97
858995,8589.95
859092,8590.92
859188,8591.88
859284,8592.84
859380,8593.8
859476,8594.76
859570,8595.7
859664,8596.64
859757,8597.57
859851,8598.51
859944,8599.44
860038,8600.38
860137,8601.37
860235,8602.35
860331,8603.31
860427,8604.27
860525,8605.25
860619,8606.19
860712,8607.12
860803,8608.03
860893,8608.93
860981,8609.81
861073,8610.73
861165,8611.65
861257,8612.57
861354,8613.54
861451,8614.51
861547,8615.47
861646,8616.46
861743,8617.43
861839,8618.39
861933,8619.33
862027,8620.27
862120,8621.2
862213,8622.13
862304,8623.04
862396,8623.96
862488,8624.88
862581,8625.81
862675,8626.75
862771,8627.71
862865,8628.65
862960,8629.6
863055,8630.55
863151,8631.51
863247,8632.47
863343,8633.43
863436,8634.36
863530,8635.3
863624,8636.24
863718,8637.18
863812,8638.12
863908,8639.08
864005,8640.05
864104,8641.04
864203,8642.03
864299,8642.99
864393,8643.93
864484,8644.84
864572,8645.72
864662,8646.62
864754,8647.54
864846,8648.46
864941,8649.41
865040,8650.4
865140,8651.4
865241,8652.41
865345,8653.45
865449,8654.49
865552,8655.52
865658,8656.58
865764,8657.64
865868,8658.68
865974,8659.74
866079,8660.79
866183,8661.83
866285,8662.85
866384,8663.84
866482,8664.82
866578,8665.78
866674,8666.74
866767,8667.67
866860,8668.6
866954,8669.54
867047,8670.47
867141,8671.41
867235,8672.35
867330,8673.3
867425,8674.25
867519,8675.19
867613,8676.13
867708,8677.08
867800,8678.0
867892,8678.92
867983,8679.83
868073,8680.73
868165,8681.65
868256,8682.56
868348,8683.48
868442,8684.42
868537,8685.37
868631,8686.31
868728,8687.28
868825,8688.25
868921,8689.21
869019,8690.19
869119,8691.19
869220,8692.2
869321,8693.21
869422,8694.22
869524,8695.24
869625,8696.25
869724,8697.24
869824,8698.24
869923,8699.23
870021,8700.21
870118,8701.18
870215,8702.15
870312,8703.12
870410,8704.1
870505,8705.05
870600,8706.0
870694,8706.94
870787,8707.87
870880,8708.8
870972,8709.72
871065,8710.65
871159,8711.59
871252,8712.52
871347,8713.47
871440,8714.4
871537,8715.37
871634,8716.34
871732,8717.32
871831,8718.31
871930,8719.3
872028,8720.28
872126,8721.26
872225,8722.25
872323,8723.23
872419,8724.19
872515,8725.15
872611,8726.11
872704,8727.04
872799,8727.99
872893,8728.93
872989,8729.89
873083,8730.83
873179,8731.79
873274,8732.74
873371,8733.71
873465,8734.65
873562,8735.62
873659,8736.59
873756,8737.56
873853,8738.53
873950,8739.5
874048,8740.48
874144,8741.44
874239,8742.39
874335,8743.35
874431,8744.31
874527,8745.27
874622,8746.22
874719,8747.19
874816,8748.16
874912,8749.12
875010,8750.1
875112,8751.12
875211,8752.11
875308,8753.08
875407,8754.07
875502,8755.02
875600,8756.0
875697,8756.97
875792,8757.92
875889,8758.89
875984,8759.84
876079,8760.79
876174,8761.74
876270,8762.7
876365,8763.65
876460,8764.6
876555,8765.55
876649,8766.49
876742,8767.42
876836,8768.36
876930,8769.3
877023,8770.23
877117,8771.17
877211,8772.11
877304,8773.04
877397,8773.97
877488,8774.88
877581,8775.81
877673,8776.73
877763,8777.63
877853,8778.53
877944,8779.44
878035,8780.35
878127,8781.27
878219,8782.19
878314,8783.14
878409,8784.09
878505,8785.05
878600,8786.0
878695,8786.95
878791,8787.91
878885,8788.85
878979,8789.79
879077,8790.77
879172,8791.72
879269,8792.69
879369,8793.69
879464,8794.64
879559,8795.59
879655,8796.55
879747,8797.47
879841,8798.41
879934,8799.34
880025,8800.25
880117,8801.17
880209,8802.09
880301,8803.01
880393,8803.93
880484,8804.84
880574,8805.74
880664,8806.64
880753,8807.53
880843,8808.43
880932,8809.32
881021,8810.21
881110,8811.1
881201,8812.01
881291,8812.91
881382,8813.82
881473,8814.73
881564,8815.64
881656,8816.56
881750,8817.5
881845,8818.45
881940,8819.4
882035,8820.35
882133,8821.33
882231,8822.31
882327,8823.27
882426,8824.26
882524,8825.24
882618,8826.18
882713,8827.13
882806,8828.06
882899,8828.99
882995,8829.95
883088,8830.88
883185,8831.85
883282,8832.82
883378,8833.78
883476,8834.76
883573,8835.73
883670,8836.7
883766,8837.66
883863,8838.63
883961,8839.61
884057,8840.57
884153,8841.53
884249,8842.49
884344,8843.44
884438,8844.38
884533,8845.33
884628,8846.28
884723,8847.23
884817,8848.17
884910,8849.1
885003,8850.03
885098,8850.98
885193,8851.93
885286,8852.86
885379,8853.79
885474,8854.74
885571,8855.71
885666,8856.66
885762,8857.62
885859,8858.59
885955,8859.55
886050,8860.5
886146,8861.46
886241,8862.41
886338,8863.38
886434,8864.34
886530,8865.3
886626,8866.26
886722,8867.22
886814,8868.14
886905,8869.05
886997,8869.97
887089,8870.89
887181,8871.81
887273,8872.73
887368,8873.68
887466,8874.66
887563,8875.63
887662,8876.62
887764,8877.64
887865,8878.65
887965,8879.65
888066,8880.66
888167,8881.67
888267,8882.67
888365,8883.65
888463,8884.63
888560,8885.6
888655,8886.55
888749,8887.49
888843,8888.43
888934,8889.34
889024,8890.24
889115,8891.15
889206,8892.06
889299,8892.99
889391,8893.91
889483,8894.83
889576,8895.76
889671,8896.71
889764,8897.64
889859,8898.59
889954,8899.54
890052,8900.52
890150,8901.5
890249,8902.49
890348,8903.48
890442,8904.42
890539,8905.39
890633,8906.33
890729,8907.29
890826,8908.26
890920,8909.2
891017,8910.17
891114,8911.14
891211,8912.11
891308,8913.08
891407,8914.07
891504,8915.04
891602,8916.02
891699,8916.99
891795,8917.95
891891,8918.91
891988,8919.88
892085,8920.85
892182,8921.82
892277,8922.77
892372,8923.72
892468,8924.68
892564,8925.64
892659,8926.59
892753,8927.53
892846,8928.46
892940,8929.4
893035,8930.35
893130,8931.3
893224,8932.24
893318,8933.18
893413,8934.13
893508,8935.08
893601,8936.01
893695,8936.95
893790,8937.9
893886,8938.86
893980,8939.8
894076,8940.76
894174,8941.74
894272,8942.72
894369,8943.69
894465,8944.65
894562,8945.62
894654,8946.54
894746,8947.46
894836,8948.36
894924,8949.24
895010,8950.1
895097,8950.97
895187,8951.87
895277,8952.77
895367,8953.67
895461,8954.61
895557,8955.57
895653,8956.53
895750,8957.5
895849,8958.49
895951,8959.51
896051,8960.51
896153,8961.53
896255,8962.55
896357,8963.57
896456,8964.56
896554,8965.54
896653,8966.53
896751,8967.51
896849,8968.49
896944,8969.44
897039,8970.39
897133,8971.33
897228,8972.28
897322,8973.22
897418,8974.18
897516,8975.16
897614,8976.14
897711,8977.11
897807,8978.07
897904,8979.04
897999,8979.99
898094,8980.94
898189,8981.89
898281,8982.81
898372,8983.72
898462,8984.62
898552,8985.52
898641,8986.41
898733,8987.33
898824,8988.24
898917,8989.17
899012,8990.12
899107,8991.07
899202,8992.02
899298,8992.98
899394,8993.94
899488,8994.88
899582,8995.82
899677,8996.77
899771,8997.71
899864,8998.64
899957,8999.57
900050,9000.5
900144,9001.44
900238,9002.38
900332,9003.32
900426,9004.26
900523,9005.23
900619,9006.19
900715,9007.15
900810,9008.1
900905,9009.05
901001,9010.01
901097,9010.97
901192,9011.92
901289,9012.89
901387,9013.87
901484,9014.84
901580,9015.8
901678,9016.78
901775,9017.75
901870,9018.7
901963,9019.63
902057,9020.57
902148,9021.48
902242,9022.42
902338,9023.38
902431,9024.31
902528,9025.28
902625,9026.25
902721,9027.21
902817,9028.17
902913,9029.13
903008,9030.08
903102,9031.02
903197,9031.97
903292,9032.92
903386,9033.86
903481,9034.81
903577,9035.77
903672,9036.72
903767,9037.67
903862,9038.62
903958,9039.58
904053,9040.53
904146,9041.46
904239,9042.39
904332,9043.32
904424,9044.24
904514,9045.14
904605,9046.05
904697,9046.97
904789,9047.89
904882,9048.82
904977,9049.77
905074,9050.74
905172,9051.72
905270,9052.7
905371,9053.71
905471,9054.71
905568,9055.68
905666,9056.66
905763,9057.63
905858,9058.58
905954,9059.54
906053,9060.53
906150,9061.5
906250,9062.5
906351,9063.51
906449,9064.49
906550,9065.5
906651,9066.51
906749,9067.49
906848,9068.48
906946,9069.46
907044,9070.44
907140,9071.4
907236,9072.36
907332,9073.32
907426,9074.26
907519,9075.19
907612,9076.12
907705,9077.05
907798,9077.98
907890,9078.9
907981,9079.81
908072,9080.72
908162,9081.62
908253,9082.53
908344,9083.44
908435,9084.35
908527,9085.27
908622,9086.22
908719,9087.19
908817,9088.17
908914,9089.14
909016,9090.16
909118,9091.18
909218,9092.18
909316,9093.16
909414,9094.14
909508,9095.08
909603,9096.03
909700,9097.0
909796,9097.96
909895,9098.95
909994,9099.94
910093,9100.93
910193,9101.93
910292,9102.92
910387,9103.87
910483,9104.83
910578,9105.78
910672,9106.72
910766,9107.66
910861,9108.61
910956,9109.56
911050,9110.5
911144,9111.44
911240,9112.4
911337,9113.37
911434,9114.34
911532,9115.32
911630,9116.3
911726,9117.26
911822,9118.22
911919,9119.19
912016,9120.16
912111,9121.11
912204,9122.04
912298,9122.98
912392,9123.92
912487,9124.87
912581,9125.81
912675,9126.75
912770,9127.7
912868,9128.68
912961,9129.61
913052,9130.52
913144,9131.44
913232,9132.32
913324,9133.24
913417,9134.17
913510,9135.1
913603,9136.03
913697,9136.97
913804,9138.04
913904,9139.04
914006,9140.06
914108,9141.08
914210,9142.1
914312,9143.12
914411,9144.11
914509,9145.09
914606,9146.06
914704,9147.04
914802,9148.02
914898,9148.98
914996,9149.96
915093,9150.93
915189,9151.89
915285,9152.85
915381,9153.81
915478,9154.78
915573,9155.73
915667,9156.67
915763,9157.63
915859,9158.59
915954,9159.54
916049,9160.49
916146,9161.46
916243,9162.43
916338,9163.38
916435,9164.35
916533,9165.33
916630,9166.3
916726,9167.26
916822,9168.22
916919,9169.19
917016,9170.16
917114,9171.14
917212,9172.12
917313,9173.13
917411,9174.11
917509,9175.09
917607,9176.07
917705,9177.05
917801,9178.01
917897,9178.97
917993,9179.93
918085,9180.85
918178,9181.78
918266,9182.66
918357,9183.57
918448,9184.48
918537,9185.37
918627,9186.27
918718,9187.18
918807,9188.07
918898,9188.98
918989,9189.89
919080,9190.8
919170,9191.7
919262,9192.62
919353,9193.53
919444,9194.44
919535,9195.35
919626,9196.26
919718,9197.18
919809,9198.09
919901,9199.01
919992,9199.92
920084,9200.84
920175,9201.75
920268,9202.68
920360,9203.6
920454,9204.54
920548,9205.48
920643,9206.43
920737,9207.37
920830,9208.3
920923,9209.23
921018,9210.18
921116,9211.16
921214,9212.14
921312,9213.12
921411,9214.11
921511,9215.11
921612,9216.12
921707,9217.07
921804,9218.04
921903,9219.03
921998,9219.98
922095,9220.95
922193,9221.93
922290,9222.9
922388,9223.88
922487,9224.87
922587,9225.87
922687,9226.87
922786,9227.86
922886,9228.86
922986,9229.86
923083,9230.83
923180,9231.8
923277,9232.77
923374,9233.74
923470,9234.7
923566,9235.66
923661,9236.61
923755,9237.55
923851,9238.51
923946,9239.46
924041,9240.41
924137,9241.37
924234,9242.34
924329,9243.29
924424,9244.24
924519,9245.19
924614,9246.14
924710,9247.1
924804,9248.04
924899,9248.99
924996,9249.96
925096,9250.96
925193,9251.93
925287,9252.87
925380,9253.8
925471,9254.71
925564,9255.64
925659,9256.59
925753,9257.53
925847,9258.47
925944,9259.44
926042,9260.42
926139,9261.39
926239,9262.39
926339,9263.39
926438,9264.38
926538,9265.38
926638,9266.38
926738,9267.38
926837,9268.37
926935,9269.35
927032,9270.32
927127,9271.27
927221,9272.21
927315,9273.15
927408,9274.08
927501,9275.01
927593,9275.93
927684,9276.84
927778,9277.78
927873,9278.73
927970,9279.7
928067,9280.67
928165,9281.65
928266,9282.66
928367,9283.67
928465,9284.65
928565,9285.65
928666,9286.66
928767,9287.67
928865,9288.65
928964,9289.64
929063,9290.63
929159,9291.59
929254,9292.54
929347,9293.47
929439,9294.39
929533,9295.33
929628,9296.28
929722,9297.22
929819,9298.19
929918,9299.18
930017,9300.17
930115,9301.15
930215,9302.15
930314,9303.14
930411,9304.11
930508,9305.08
930604,9306.04
930700,9307.0
930794,9307.94
930889,9308.89
930985,9309.85
931082,9310.82
931176,9311.76
931271,9312.71
931365,9313.65
931460,9314.6
931553,9315.53
931646,9316.46
931740,9317.4
931835,9318.35
931930,9319.3
932026,9320.26
932122,9321.22
932219,9322.19
932317,9323.17
932414,9324.14
932510,9325.1
932608,9326.08
932706,9327.06
932800,9328.0
932895,9328.95
932988,9329.88
933083,9330.83
933179,9331.79
933276,9332.76
933375,9333.75
933473,9334.73
933572,9335.72
933673,9336.73
933772,9337.72
933872,9338.72
933971,9339.71
934068,9340.68
934165,9341.65
934262,9342.62
934358,9343.58
934454,9344.54
934550,9345.5
934646,9346.46
934741,9347.41
934836,9348.36
934930,9349.3
935025,9350.25
935120,9351.2
935217,9352.17
935313,9353.13
935409,9354.09
935505,9355.05
935603,9356.03
935702,9357.02
935800,9358.0
935901,9359.01
936003,9360.03
936102,9361.02
936202,9362.02
936302,9363.02
936395,9363.95
936490,9364.9
936583,9365.83
936675,9366.75
936769,9367.69
936863,9368.63
936958,9369.58
937053,9370.53
937147,9371.47
937243,9372.43
937340,9373.4
937435,9374.35
937530,9375.3
937625,9376.25
937720,9377.2
937813,9378.13
937908,9379.08
938002,9380.02
938098,9380.98
938192,9381.92
938286,9382.86
938382,9383.82
938478,9384.78
938574,9385.74
938669,9386.69
938765,9387.65
938860,9388.6
938955,9389.55
939049,9390.49
939141,9391.41
939234,9392.34
939328,9393.28
939421,9394.21
939515,9395.15
939607,9396.07
939700,9397.0
939792,9397.92
939885,9398.85
939981,9399.81
940079,9400.79
940178,9401.78
940280,9402.8
940386,9403.86
940490,9404.9
940593,9405.93
940697,9406.97
940800,9408.0
940897,9408.97
940993,9409.93
941091,9410.91
941189,9411.89
941288,9412.88
941386,9413.86
941484,9414.84
941584,9415.84
941681,9416.81
941779,9417.79
941877,9418.77
941974,9419.74
942070,9420.7
942165,9421.65
942259,9422.59
942351,9423.51
942443,9424.43
942535,9425.35
942626,9426.26
942716,9427.16
942807,9428.07
942898,9428.98
942990,9429.9
943083,9430.83
943176,9431.76
943270,9432.7
943363,9433.63
943457,9434.57
943549,9435.49
943639,9436.39
943728,9437.28
943818,9438.18
943908,9439.08
943998,9439.98
944089,9440.89
944182,9441.82
944277,9442.77
944371,9443.71
944467,9444.67
944563,9445.63
944659,9446.59
944754,9447.54
944849,9448.49
944947,9449.47
945047,9450.47
945147,9451.47
945245,9452.45
945344,9453.44
945441,9454.41
945536,9455.36
945634,9456.34
945732,9457.32
945828,9458.28
945924,9459.24
946021,9460.21
946117,9461.17
946214,9462.14
946312,9463.12
946411,9464.11
946512,9465.12
946611,9466.11
946710,9467.1
946807,9468.07
946903,9469.03
947000,9470.0
947097,9470.97
947195,9471.95
947293,9472.93
947392,9473.92
947489,9474.89
947586,9475.86
947684,9476.84
947782,9477.82
947879,9478.79
947974,9479.74
948071,9480.71
948169,9481.69
948267,9482.67
948363,9483.63
948460,9484.6
948558,9485.58
948656,9486.56
948753,9487.53
948852,9488.52
948952,9489.52
949047,9490.47
949141,9491.41
949237,9492.37
949333,9493.33
949430,9494.3
949526,9495.26
949623,9496.23
949721,9497.21
949818,9498.18
949916,9499.16
950013,9500.13
950108,9501.08
950204,9502.04
950300,9503.0
950394,9503.94
950490,9504.9
950584,9505.84
950679,9506.79
950773,9507.73
950867,9508.67
950960,9509.6
951053,9510.53
951147,9511.47
951243,9512.43
951337,9513.37
951431,9514.31
951527,9515.27
951622,9516.22
951716,9517.16
951811,9518.11
951909,9519.09
952006,9520.06
952102,9521.02
952197,9521.97
952293,9522.93
952385,9523.85
952478,9524.78
952569,9525.69
952660,9526.6
952755,9527.55
952849,9528.49
952947,9529.47
953045,9530.45
953143,9531.43
953242,9532.42
953344,9533.44
953445,9534.45
953545,9535.45
953646,9536.46
953743,9537.43
953839,9538.39
953934,9539.34
954027,9540.27
954119,9541.19
954211,9542.11
954303,9543.03
954395,9543.95
954488,9544.88
954581,9545.81
954673,9546.73
954765,9547.65
954857,9548.57
954950,9549.5
955044,9550.44
955137,9551.37
955232,9552.32
955328,9553.28
955423,9554.23
955514,9555.14
955606,9556.06
955695,9556.95
955784,9557.84
955877,9558.77
955971,9559.71
956067,9560.67
956166,9561.66
956266,9562.66
956368,9563.68
956473,9564.73
956578,9565.78
956684,9566.84
956789,9567.89
956891,9568.91
956992,9569.92
957092,9570.92
957191,9571.91
957290,9572.9
957390,9573.9
957490,9574.9
957588,9575.88
957688,9576.88
957787,9577.87
957886,9578.86
957982,9579.82
958079,9580.79
958176,9581.76
958272,9582.72
958367,9583.67
958462,9584.62
958560,9585.6
958656,9586.56
958750,9587.5
958845,9588.45
958942,9589.42
959038,9590.38
959135,9591.35
959230,9592.3
959327,9593.27
959424,9594.24
959521,9595.21
959617,9596.17
959714,9597.14
959812,9598.12
959908,9599.08
960005,9600.05
960101,9601.01
960198,9601.98
960294,9602.94
960391,9603.91
960489,9604.89
960586,9605.86
960682,9606.82
960778,9607.78
960875,9608.75
960972,9609.72
961068,9610.68
961164,9611.64
961262,9612.62
961360,9613.6
961458,9614.58
961555,9615.55
961652,9616.52
961753,9617.53
961852,9618.52
961949,9619.49
962048,9620.48
962143,9621.43
962237,9622.37
962333,9623.33
962428,9624.28
962526,9625.26
962622,9626.22
962719,9627.19
962818,9628.18
962914,9629.14
963011,9630.11
963107,9631.07
963201,9632.01
963294,9632.94
963386,9633.86
963479,9634.79
963570,9635.7
963663,9636.63
963755,9637.55
963849,9638.49
963941,9639.41
964033,9640.33
964125,9641.25
964217,9642.17
964309,9643.09
964401,9644.01
964491,9644.91
964581,9645.81
964672,9646.72
964763,9647.63
964854,9648.54
964946,9649.46
965037,9650.37
965129,9651.29
965222,9652.22
965314,9653.14
965406,9654.06
965499,9654.99
965593,9655.93
965687,9656.87
965781,9657.81
965876,9658.76
965971,9659.71
966070,9660.7
966166,9661.66
966261,9662.61
966357,9663.57
966450,9664.5
966545,9665.45
966638,9666.38
966730,9667.3
966824,9668.24
966916,9669.16
967008,9670.08
967102,9671.02
967197,9671.97
967291,9672.91
967386,9673.86
967483,9674.83
967581,9675.81
967677,9676.77
967774,9677.74
967871,9678.71
967968,9679.68
968065,9680.65
968161,9681.61
968257,9682.57
968351,9683.51
968445,9684.45
968541,9685.41
968636,9686.36
968730,9687.3
968824,9688.24
968918,9689.18
969014,9690.14
969107,9691.07
969202,9692.02
969298,9692.98
969396,9693.96
969495,9694.95
969592,9695.92
969689,9696.89
969786,9697.86
969880,9698.8
969974,9699.74
970067,9700.67
970158,9701.58
970251,9702.51
970345,9703.45
970437,9704.37
970530,9705.3
970620,9706.2
970712,9707.12
970804,9708.04
970894,9708.94
970986,9709.86
971077,9710.77
971167,9711.67
971258,9712.58
971349,9713.49
971441,9714.41
971532,9715.32
971623,9716.23
971713,9717.13
971803,9718.03
971891,9718.91
971979,9719.79
972068,9720.68
972155,9721.55
972242,9722.42
972329,9723.29
972417,9724.17
972506,9725.06
972595,9725.95
972684,9726.84
972774,9727.74
972865,9728.65
972959,9729.59
973052,9730.52
973147,9731.47
973246,9732.46
973346,9733.46
973444,9734.44
973544,9735.44
973645,9736.45
973739,9737.39
973834,9738.34
973927,9739.27
974020,9740.2
974116,9741.16
974210,9742.1
974306,9743.06
974403,9744.03
974500,9745.0
974597,9745.97
974694,9746.94
974790,9747.9
974887,9748.87
974985,9749.85
975082,9750.82
975179,9751.79
975278,9752.78
975376,9753.76
975473,9754.73
975570,9755.7
975667,9756.67
975764,9757.64
975860,9758.6
975954,9759.54
976049,9760.49
976145,9761.45
976242,9762.42
976338,9763.38
976435,9764.35
976531,9765.31
976629,9766.29
976728,9767.28
976825,9768.25
976924,9769.24
977022,9770.22
977116,9771.16
977211,9772.11
977302,9773.02
977394,9773.94
977488,9774.88
977582,9775.82
977679,9776.79
977780,9777.8
977882,9778.82
977984,9779.84
978089,9780.89
978195,9781.95
978301,9783.01
978405,9784.05
978510,9785.1
978614,9786.14
978716,9787.16
978815,9788.15
978914,9789.14
979012,9790.12
979108,9791.08
979204,9792.04
979300,9793.0
979396,9793.96
979493,9794.93
979591,9795.91
979691,9796.91
979789,9797.89
979887,9798.87
979985,9799.85
980080,9800.8
980175,9801.75
980272,9802.72
980367,9803.67
980464,9804.64
980560,9805.6
980654,9806.54
980749,9807.49
980842,9808.42
980934,9809.34
981028,9810.28
981122,9811.22
981214,9812.14
981308,9813.08
981401,9814.01
981493,9814.93
981586,9815.86
981679,9816.79
981773,9817.73
981867,9818.67
981959,9819.59
982053,9820.53
982147,9821.47
982241,9822.41
982335,9823.35
982429,9824.29
982523,9825.23
982617,9826.17
982709,9827.09
982801,9828.01
982893,9828.93
982987,9829.87
983081,9830.81
983174,9831.74
983268,9832.68
983364,9833.64
983461,9834.61
983558,9835.58
983657,9836.57
983756,9837.56
983851,9838.51
983943,9839.43
984037,9840.37
984128,9841.28
984220,9842.2
984314,9843.14
984408,9844.08
984502,9845.02
984598,9845.98
984694,9846.94
984790,9847.9
984886,9848.86
984982,9849.82
985077,9850.77
985170,9851.7
985264,9852.64
985358,9853.58
985451,9854.51
985544,9855.44
985637,9856.37
985731,9857.31
985824,9858.24
985917,9859.17
986010,9860.1
986102,9861.02
986194,9861.94
986285,9862.85
986377,9863.77
986469,9864.69
986561,9865.61
986655,9866.55
986749,9867.49
986844,9868.44
986938,9869.38
987033,9870.33
987128,9871.28
987226,9872.26
987322,9873.22
987418,9874.18
987514,9875.14
987611,9876.11
987707,9877.07
987802,9878.02
987897,9878.97
987989,9879.89
988079,9880.79
988172,9881.72
988263,9882.63
988355,9883.55
988449,9884.49
988545,9885.45
988641,9886.41
988736,9887.36
988830,9888.3
988923,9889.23
989015,9890.15
989105,9891.05
989195,9891.95
989286,9892.86
989376,9893.76
989467,9894.67
989558,9895.58
989650,9896.5
989743,9897.43
989836,9898.36
989931,9899.31
990026,9900.26
990120,9901.2
990215,9902.15
990311,9903.11
990407,9904.07
990503,9905.03
990600,9906.0
990694,9906.94
990788,9907.88
990881,9908.81
990976,9909.76
991060,9910.6
991160,9911.6
991251,9912.51
991357,9913.57
991454,9914.54
991551,9915.51
991651,9916.51
991752,9917.52
991855,9918.55
991959,9919.59
992058,9920.58
992154,9921.54
992251,9922.51
992347,9923.47
992441,9924.41
992537,9925.37
992632,9926.32
992727,9927.27
992823,9928.23
992920,9929.2
993016,9930.16
993112,9931.12
993208,9932.08
993302,9933.02
993396,9933.96
993489,9934.89
993582,9935.82
993674,9936.74
993766,9937.66
993857,9938.57
993948,9939.48
994039,9940.39
994131,9941.31
994223,9942.23
994316,9943.16
994409,9944.09
994503,9945.03
994595,9945.95
994688,9946.88
994781,9947.81
994874,9948.74
994966,9949.66
995058,9950.58
995150,9951.5
995243,9952.43
995337,9953.37
995432,9954.32
995525,9955.25
995620,9956.2
995715,9957.15
995809,9958.09
995903,9959.03
995997,9959.97
996092,9960.92
996187,9961.87
996284,9962.84
996382,9963.82
996479,9964.79
996573,9965.73
996669,9966.69
996763,9967.63
996858,9968.58
996957,9969.57
997054,9970.54
997152,9971.52
997252,9972.52
997350,9973.5
997449,9974.49
997549,9975.49
997647,9976.47
997745,9977.45
997844,9978.44
997940,9979.4
998036,9980.36
998132,9981.32
998228,9982.28
998323,9983.23
998419,9984.19
998515,9985.15
998612,9986.12
998710,9987.1
998808,9988.08
998905,9989.05
999002,9990.02
999100,9991.0
999195,9991.95
999290,9992.9
999386,9993.86
999481,9994.81
999576,9995.76
999670,9996.7
999765,9997.65
999831,9998.31
999902,9999.02
999972,9999.72
1000057,10000.57
1000140,10001.4
1000234,10002.34
1000326,10003.26
1000420,10004.2
1000512,10005.12
1000605,10006.05
1000699,10006.99
1000791,10007.91
1000886,10008.86
1000980,10009.8
1001073,10010.73
1001168,10011.68
1001264,10012.64
1001359,10013.59
1001455,10014.55
1001551,10015.51
1001647,10016.47
1001742,10017.42
1001837,10018.37
1001933,10019.33
1002026,10020.26
1002119,10021.19
1002213,10022.13
1002307,10023.07
1002401,10024.01
1002494,10024.94
1002586,10025.86
1002680,10026.8
1002774,10027.74
1002869,10028.69
1002963,10029.63
1003057,10030.57
1003151,10031.51
1003248,10032.48
1003343,10033.43
1003437,10034.37
1003534,10035.34
1003630,10036.3
1003725,10037.25
1003823,10038.23
1003918,10039.18
1004017,10040.17
1004117,10041.17
1004214,10042.14
1004314,10043.14
1004415,10044.15
1004515,10045.15
1004613,10046.13
1004711,10047.11
1004809,10048.09
1004905,10049.05
1005001,10050.01
1005097,10050.97
1005193,10051.93
1005289,10052.89
1005385,10053.85
1005479,10054.79
1005573,10055.73
1005668,10056.68
1005762,10057.62
1005855,10058.55
1005948,10059.48
1006042,10060.42
1006136,10061.36
1006230,10062.3
1006323,10063.23
1006419,10064.19
1006515,10065.15
1006610,10066.1
1006702,10067.02
1006796,10067.96
1006890,10068.9
1006984,10069.84
1007082,10070.82
1007179,10071.79
1007275,10072.75
1007373,10073.73
1007469,10074.69
1007566,10075.66
1007663,10076.63
1007760,10077.6
1007856,10078.56
1007952,10079.52
1008048,10080.48
1008144,10081.44
1008240,10082.4
1008335,10083.35
1008432,10084.32
1008529,10085.29
1008627,10086.27
1008727,10087.27
1008825,10088.25
1008922,10089.22
1009021,10090.21
1009119,10091.19
1009217,10092.17
1009314,10093.14
1009412,10094.12
1009511,10095.11
1009607,10096.07
1009704,10097.04
1009802,10098.02
1009902,10099.02
1009999,10099.99
1010096,10100.96
1010192,10101.92
1010285,10102.85
1010378,10103.78
1010472,10104.72
1010565,10105.65
1010660,10106.6
1010756,10107.56
1010854,10108.54
1010954,10109.54
1011053,10110.53
1011153,10111.53
1011254,10112.54
1011354,10113.54
1011452,10114.52
1011550,10115.5
1011649,10116.49
1011746,10117.46
1011843,10118.43
1011942,10119.42
1012041,10120.41
1012138,10121.38
1012235,10122.35
1012332,10123.32
1012430,10124.3
1012528,10125.28
1012627,10126.27
1012724,10127.24
1012822,10128.22
1012921,10129.21
1013018,10130.18
1013114,10131.14
1013211,10132.11
1013311,10133.11
1013410,10134.1
1013508,10135.08
1013608,10136.08
1013708,10137.08
1013807,10138.07
1013904,10139.04
1014001,10140.01
1014094,10140.94
1014186,10141.86
1014280,10142.8
1014372,10143.72
1014467,10144.67
1014563,10145.63
1014658,10146.58
1014756,10147.56
1014856,10148.56
1014955,10149.55
1015054,10150.54
1015154,10151.54
1015253,10152.53
1015352,10153.52
1015451,10154.51
1015552,10155.52
1015650,10156.5
1015748,10157.48
1015847,10158.47
1015947,10159.47
1016046,10160.46
1016144,10161.44
1016241,10162.41
1016337,10163.37
1016433,10164.33
1016528,10165.28
1016622,10166.22
1016717,10167.17
1016811,10168.11
1016905,10169.05
1016998,10169.98
1017093,10170.93
1017190,10171.9
1017289,10172.89
1017387,10173.87
1017482,10174.82
1017577,10175.77
1017671,10176.71
1017763,10177.63
1017860,10178.6
1017956,10179.56
1018051,10180.51
1018148,10181.48
1018243,10182.43
1018339,10183.39
1018435,10184.35
1018532,10185.32
1018627,10186.27
1018720,10187.2
1018815,10188.15
1018908,10189.08
1019000,10190.0
1019091,10190.91
1019181,10191.81
1019267,10192.67
1019355,10193.55
1019441,10194.41
1019527,10195.27
1019612,10196.12
1019696,10196.96
1019778,10197.78
1019859,10198.59
1019939,10199.39
1020018,10200.18
1020097,10200.97
1020174,10201.74
1020250,10202.5
1020326,10203.26
1020402,10204.02
1020476,10204.76
1020551,10205.51
1020625,10206.25
1020699,10206.99
1020774,10207.74
1020850,10208.5
1020926,10209.26
1021005,10210.05
1021086,10210.86
1021171,10211.71
1021261,10212.61
1021354,10213.54
1021450,10214.5
1021549,10215.49
1021650,10216.5
1021752,10217.52
1021855,10218.55
1021960,10219.6
1022062,10220.62
1022164,10221.64
1022266,10222.66
1022367,10223.67
1022467,10224.67
1022566,10225.66
1022663,10226.63
1022760,10227.6
1022854,10228.54
1022949,10229.49
1023045,10230.45
1023140,10231.4
1023236,10232.36
1023332,10233.32
1023426,10234.26
1023519,10235.19
1023613,10236.13
1023706,10237.06
1023798,10237.98
1023894,10238.94
1023990,10239.9
1024087,10240.87
1024184,10241.84
1024282,10242.82
1024380,10243.8
1024478,10244.78
1024577,10245.77
1024675,10246.75
1024773,10247.73
1024872,10248.72
1024970,10249.7
1025067,10250.67
1025164,10251.64
1025260,10252.6
1025357,10253.57
1025453,10254.53
1025549,10255.49
1025647,10256.47
1025744,10257.44
1025841,10258.41
1025939,10259.39
1026038,10260.38
1026134,10261.34
1026231,10262.31
1026326,10263.26
1026422,10264.22
1026516,10265.16
1026609,10266.09
1026698,10266.98
1026787,10267.87
1026874,10268.74
1026960,10269.6
1027046,10270.46
1027130,10271.3
1027216,10272.16
1027300,10273.0
1027379,10273.79
1027458,10274.58
1027544,10275.44
1027630,10276.3
1027712,10277.12
1027796,10277.96
1027878,10278.78
1027962,10279.62
1028047,10280.47
1028133,10281.33
1028219,10282.19
1028306,10283.06
1028395,10283.95
1028486,10284.86
1028579,10285.79
1028675,10286.75
1028772,10287.72
1028869,10288.69
1028967,10289.67
1029067,10290.67
1029169,10291.69
1029270,10292.7
1029371,10293.71
1029471,10294.71
1029572,10295.72
1029672,10296.72
1029768,10297.68
1029863,10298.63
1029955,10299.55
1030047,10300.47
1030136,10301.36
1030224,10302.24
1030313,10303.13
1030401,10304.01
1030488,10304.88
1030574,10305.74
1030662,10306.62
1030750,10307.5
1030837,10308.37
1030923,10309.23
1031012,10310.12
1031100,10311.0
1031188,10311.88
1031276,10312.76
1031364,10313.64
1031454,10314.54
1031544,10315.44
1031634,10316.34
1031725,10317.25
1031815,10318.15
1031907,10319.07
1031998,10319.98
1032090,10320.9
1032183,10321.83
1032276,10322.76
1032368,10323.68
1032461,10324.61
1032555,10325.55
1032650,10326.5
1032743,10327.43
1032837,10328.37
1032931,10329.31
1033025,10330.25
1033119,10331.19
1033214,10332.14
1033307,10333.07
1033400,10334.0
1033490,10334.9
1033580,10335.8
1033669,10336.69
1033756,10337.56
1033842,10338.42
1033928,10339.28
1034016,10340.16
1034105,10341.05
1034194,10341.94
1034284,10342.84
1034375,10343.75
1034467,10344.67
1034559,10345.59
1034651,10346.51
1034744,10347.44
1034837,10348.37
1034931,10349.31
1035024,10350.24
1035117,10351.17
1035212,10352.12
1035306,10353.06
1035401,10354.01
1035498,10354.98
1035595,10355.95
1035692,10356.92
1035789,10357.89
1035887,10358.87
1035985,10359.85
1036082,10360.82
1036179,10361.79
1036275,10362.75
1036371,10363.71
1036464,10364.64
1036556,10365.56
1036648,10366.48
1036740,10367.4
1036833,10368.33
1036928,10369.28
1037024,10370.24
1037123,10371.23
1037222,10372.22
1037320,10373.2
1037420,10374.2
1037519,10375.19
1037617,10376.17
1037713,10377.13
1037810,10378.1
1037906,10379.06
1038000,10380.0
1038092,10380.92
1038185,10381.85
1038276,10382.76
1038363,10383.63
1038452,10384.52
1038537,10385.37
1038622,10386.22
1038705,10387.05
1038789,10387.89
1038872,10388.72
1038955,10389.55
1039037,10390.37
1039118,10391.18
1039200,10392.0
1039282,10392.82
1039363,10393.63
1039443,10394.43
1039523,10395.23
1039603,10396.03
1039681,10396.81
1039758,10397.58
1039834,10398.34
1039911,10399.11
1039987,10399.87
1040063,10400.63
1040138,10401.38
1040215,10402.15
1040293,10402.93
1040373,10403.73
1040455,10404.55
1040539,10405.39
1040627,10406.27
1040717,10407.17
1040809,10408.09
1040901,10409.01
1040994,10409.94
1041087,10410.87
1041180,10411.8
1041273,10412.73
1041366,10413.66
1041459,10414.59
1041551,10415.51
1041644,10416.44
1041737,10417.37
1041832,10418.32
1041927,10419.27
1042022,10420.22
1042115,10421.15
1042211,10422.11
1042307,10423.07
1042401,10424.01
1042495,10424.95
1042586,10425.86
1042676,10426.76
1042764,10427.64
1042851,10428.51
1042940,10429.4
1043029,10430.29
1043117,10431.17
1043206,10432.06
1043296,10432.96
1043387,10433.87
1043478,10434.78
1043567,10435.67
1043658,10436.58
1043748,10437.48
1043840,10438.4
1043930,10439.3
1044023,10440.23
1044116,10441.16
1044209,10442.09
1044302,10443.02
1044396,10443.96
1044491,10444.91
1044584,10445.84
1044676,10446.76
1044768,10447.68
1044860,10448.6
1044952,10449.52
1045043,10450.43
1045133,10451.33
1045221,10452.21
1045309,10453.09
1045395,10453.95
1045480,10454.8
1045566,10455.66
1045653,10456.53
1045741,10457.41
1045829,10458.29
1045922,10459.22
1046016,10460.16
1046110,10461.1
1046205,10462.05
1046301,10463.01
1046396,10463.96
1046491,10464.91
1046584,10465.84
1046678,10466.78
1046770,10467.7
1046860,10468.6
1046950,10469.5
1047041,10470.41
1047131,10471.31
1047221,10472.21
1047312,10473.12
1047402,10474.02
1047494,10474.94
1047588,10475.88
1047683,10476.83
1047777,10477.77
1047870,10478.7
1047965,10479.65
1048062,10480.62
1048161,10481.61
1048261,10482.61
1048361,10483.61
1048460,10484.6
1048559,10485.59
1048656,10486.56
1048751,10487.51
1048845,10488.45
1048939,10489.39
1049032,10490.32
1049125,10491.25
1049216,10492.16
1049307,10493.07
1049398,10493.98
1049488,10494.88
1049577,10495.77
1049667,10496.67
1049758,10497.58
1049848,10498.48
1049937,10499.37
1050028,10500.28
1050120,10501.2
1050211,10502.11
1050304,10503.04
1050395,10503.95
1050488,10504.88
1050580,10505.8
1050673,10506.73
1050765,10507.65
1050858,10508.58
1050951,10509.51
1051044,10510.44
1051137,10511.37
1051229,10512.29
1051323,10513.23
1051416,10514.16
1051510,10515.1
1051604,10516.04
1051698,10516.98
1051792,10517.92
1051885,10518.85
1051978,10519.78
1052071,10520.71
1052165,10521.65
1052259,10522.59
1052352,10523.52
1052445,10524.45
1052538,10525.38
1052633,10526.33
1052727,10527.27
1052820,10528.2
1052912,10529.12
1053005,10530.05
1053099,10530.99
1053191,10531.91
1053283,10532.83
1053375,10533.75
1053467,10534.67
1053558,10535.58
1053648,10536.48
1053739,10537.39
1053833,10538.33
1053927,10539.27
1054021,10540.21
1054115,10541.15
1054211,10542.11
1054305,10543.05
1054398,10543.98
1054493,10544.93
1054588,10545.88
1054685,10546.85
1054782,10547.82
1054880,10548.8
1054978,10549.78
1055076,10550.76
1055174,10551.74
1055272,10552.72
1055370,10553.7
1055466,10554.66
1055558,10555.58
1055649,10556.49
1055740,10557.4
1055829,10558.29
1055916,10559.16
1056001,10560.01
1056085,10560.85
1056170,10561.7
1056255,10562.55
1056340,10563.4
1056427,10564.27
1056516,10565.16
1056605,10566.05
1056695,10566.95
1056786,10567.86
1056878,10568.78
1056970,10569.7
1057061,10570.61
1057153,10571.53
1057246,10572.46
1057339,10573.39
1057430,10574.3
1057523,10575.23
1057615,10576.15
1057708,10577.08
1057800,10578.0
1057892,10578.92
1057984,10579.84
1058077,10580.77
1058169,10581.69
1058261,10582.61
1058352,10583.52
1058445,10584.45
1058537,10585.37
1058629,10586.29
1058721,10587.21
1058813,10588.13
1058906,10589.06
1059000,10590.0
1059093,10590.93
1059187,10591.87
1059280,10592.8
1059374,10593.74
1059469,10594.69
1059563,10595.63
1059656,10596.56
1059748,10597.48
1059842,10598.42
1059937,10599.37
1060032,10600.32
1060126,10601.26
1060221,10602.21
1060317,10603.17
1060413,10604.13
1060507,10605.07
1060601,10606.01
1060695,10606.95
1060789,10607.89
1060882,10608.82
1060974,10609.74
1061067,10610.67
1061161,10611.61
1061255,10612.55
1061349,10613.49
1061442,10614.42
1061537,10615.37
1061633,10616.33
1061725,10617.25
1061818,10618.18
1061912,10619.12
1062004,10620.04
1062094,10620.94
1062186,10621.86
1062278,10622.78
1062369,10623.69
1062459,10624.59
1062549,10625.49
1062639,10626.39
1062729,10627.29
1062819,10628.19
1062909,10629.09
1062998,10629.98
1063087,10630.87
1063176,10631.76
1063265,10632.65
1063353,10633.53
1063443,10634.43
1063532,10635.32
1063620,10636.2
1063709,10637.09
1063798,10637.98
1063887,10638.87
1063976,10639.76
1064065,10640.65
1064155,10641.55
1064244,10642.44
1064334,10643.34
1064423,10644.23
1064514,10645.14
1064605,10646.05
1064695,10646.95
1064786,10647.86
1064877,10648.77
1064970,10649.7
1065060,10650.6
1065151,10651.51
1065242,10652.42
1065332,10653.32
1065422,10654.22
1065512,10655.12
1065602,10656.02
1065691,10656.91
1065779,10657.79
1065869,10658.69
1065958,10659.58
1066046,10660.46
1066133,10661.33
1066222,10662.22
1066310,10663.1
1066399,10663.99
1066488,10664.88
1066577,10665.77
1066668,10666.68
1066758,10667.58
1066847,10668.47
1066936,10669.36
1067026,10670.26
1067115,10671.15
1067203,10672.03
1067292,10672.92
1067381,10673.81
1067470,10674.7
1067558,10675.58
1067647,10676.47
1067734,10677.34
1067820,10678.2
1067906,10679.06
1067992,10679.92
1068076,10680.76
1068160,10681.6
1068245,10682.45
1068330,10683.3
1068415,10684.15
1068499,10684.99
1068584,10685.84
1068669,10686.69
1068754,10687.54
1068839,10688.39
1068923,10689.23
1069009,10690.09
1069093,10690.93
1069177,10691.77
1069262,10692.62
1069347,10693.47
1069434,10694.34
1069521,10695.21
1069610,10696.1
1069699,10696.99
1069788,10697.88
1069878,10698.78
1069968,10699.68
1070057,10700.57
1070147,10701.47
1070236,10702.36
1070324,10703.24
1070410,10704.1
1070497,10704.97
1070583,10705.83
1070669,10706.69
1070756,10707.56
1070843,10708.43
1070932,10709.32
1071021,10710.21
1071111,10711.11
1071202,10712.02
1071294,10712.94
1071386,10713.86
1071478,10714.78
1071570,10715.7
1071664,10716.64
1071756,10717.56
1071847,10718.47
1071937,10719.37
1072025,10720.25
1072112,10721.12
1072198,10721.98
1072283,10722.83
1072366,10723.66
1072451,10724.51
1072535,10725.35
1072619,10726.19
1072703,10727.03
1072788,10727.88
1072875,10728.75
1072961,10729.61
1073047,10730.47
1073135,10731.35
1073222,10732.22
1073309,10733.09
1073396,10733.96
1073485,10734.85
1073575,10735.75
1073665,10736.65
1073757,10737.57
1073849,10738.49
1073943,10739.43
1074037,10740.37
1074133,10741.33
1074228,10742.28
1074323,10743.23
1074418,10744.18
1074513,10745.13
1074608,10746.08
1074702,10747.02
1074795,10747.95
1074889,10748.89
1074983,10749.83
1075078,10750.78
1075172,10751.72
1075266,10752.66
1075362,10753.62
1075459,10754.59
1075554,10755.54
1075647,10756.47
1075739,10757.39
1075831,10758.31
1075920,10759.2
1076007,10760.07
1076093,10760.93
1076180,10761.8
1076268,10762.68
1076357,10763.57
1076448,10764.48
1076539,10765.39
1076631,10766.31
1076722,10767.22
1076813,10768.13
1076905,10769.05
1076997,10769.97
1077088,10770.88
1077179,10771.79
1077271,10772.71
1077361,10773.61
1077451,10774.51
1077541,10775.41
1077632,10776.32
1077721,10777.21
1077811,10778.11
1077902,10779.02
1077992,10779.92
1078082,10780.82
1078171,10781.71
1078261,10782.61
1078351,10783.51
1078440,10784.4
1078529,10785.29
1078620,10786.2
1078712,10787.12
1078804,10788.04
1078896,10788.96
1078989,10789.89
1079084,10790.84
1079181,10791.81
1079278,10792.78
1079374,10793.74
1079469,10794.69
1079565,10795.65
1079661,10796.61
1079757,10797.57
1079852,10798.52
1079946,10799.46
1080041,10800.41
1080136,10801.36
1080229,10802.29
1080322,10803.22
1080415,10804.15
1080508,10805.08
1080601,10806.01
1080695,10806.95
1080788,10807.88
1080882,10808.82
1080976,10809.76
1081071,10810.71
1081166,10811.66
1081261,10812.61
1081355,10813.55
1081449,10814.49
1081543,10815.43
1081637,10816.37
1081731,10817.31
1081827,10818.27
1081922,10819.22
1082017,10820.17
1082114,10821.14
1082212,10822.12
1082310,10823.1
1082410,10824.1
1082512,10825.12
1082610,10826.1
1082707,10827.07
1082805,10828.05
1082903,10829.03
1082999,10829.99
1083095,10830.95
1083192,10831.92
1083286,10832.86
1083380,10833.8
1083474,10834.74
1083568,10835.68
1083661,10836.61
1083752,10837.52
1083844,10838.44
1083936,10839.36
1084026,10840.26
1084115,10841.15
1084204,10842.04
1084291,10842.91
1084379,10843.79
1084468,10844.68
1084556,10845.56
1084643,10846.43
1084732,10847.32
1084821,10848.21
1084909,10849.09
1084998,10849.98
1085088,10850.88
1085178,10851.78
1085268,10852.68
1085358,10853.58
1085449,10854.49
1085540,10855.4
1085632,10856.32
1085725,10857.25
1085817,10858.17
1085908,10859.08
1086000,10860.0
1086092,10860.92
1086183,10861.83
1086276,10862.76
1086368,10863.68
1086460,10864.6
1086551,10865.51
1086643,10866.43
1086736,10867.36
1086830,10868.3
1086925,10869.25
1087020,10870.2
1087113,10871.13
1087207,10872.07
1087303,10873.03
1087398,10873.98
1087492,10874.92
1087586,10875.86
1087682,10876.82
1087765,10877.65
1087849,10878.49
1087962,10879.62
1088054,10880.54
1088146,10881.46
1088236,10882.36
1088327,10883.27
1088420,10884.2
1088513,10885.13
1088607,10886.07
1088702,10887.02
1088798,10887.98
1088894,10888.94
1088988,10889.88
1089082,10890.82
1089176,10891.76
1089269,10892.69
1089360,10893.6
1089451,10894.51
1089542,10895.42
1089633,10896.33
1089722,10897.22
1089814,10898.14
1089904,10899.04
1089992,10899.92
1090081,10900.81
1090171,10901.71
1090261,10902.61
1090351,10903.51
1090441,10904.41
1090530,10905.3
1090621,10906.21
1090714,10907.14
1090807,10908.07
1090900,10909.0
1090994,10909.94
1091089,10910.89
1091184,10911.84
1091279,10912.79
1091374,10913.74
1091469,10914.69
1091565,10915.65
1091660,10916.6
1091755,10917.55
1091851,10918.51
1091945,10919.45
1092039,10920.39
1092135,10921.35
1092230,10922.3
1092324,10923.24
1092418,10924.18
1092512,10925.12
1092606,10926.06
1092698,10926.98
1092792,10927.92
1092886,10928.86
1092979,10929.79
1093073,10930.73
1093169,10931.69
1093264,10932.64
1093361,10933.61
1093455,10934.55
1093550,10935.5
1093644,10936.44
1093739,10937.39
1093833,10938.33
1093925,10939.25
1094018,10940.18
1094111,10941.11
1094205,10942.05
1094297,10942.97
1094389,10943.89
1094482,10944.82
1094574,10945.74
1094667,10946.67
1094758,10947.58
1094851,10948.51
1094944,10949.44
1095037,10950.37
1095129,10951.29
1095221,10952.21
1095313,10953.13
1095404,10954.04
1095495,10954.95
1095586,10955.86
1095676,10956.76
1095769,10957.69
1095862,10958.62
1095953,10959.53
1096044,10960.44
1096136,10961.36
1096228,10962.28
1096320,10963.2
1096412,10964.12
1096505,10965.05
1096599,10965.99
1096691,10966.91
1096784,10967.84
1096876,10968.76
1096968,10969.68
1097058,10970.58
1097148,10971.48
1097238,10972.38
1097328,10973.28
1097417,10974.17
1097507,10975.07
1097598,10975.98
1097690,10976.9
1097783,10977.83
1097875,10978.75
1097970,10979.7
1098066,10980.66
1098161,10981.61
1098257,10982.57
1098353,10983.53
1098450,10984.5
1098544,10985.44
1098639,10986.39
1098735,10987.35
1098832,10988.32
1098928,10989.28
1099027,10990.27
1099126,10991.26
1099223,10992.23
1099321,10993.21
1099419,10994.19
1099516,10995.16
1099614,10996.14
1099711,10997.11
1099808,10998.08
1099904,10999.04
1100000,11000.0
1100096,11000.96
1100189,11001.89
1100282,11002.82
1100374,11003.74
1100465,11004.65
1100556,11005.56
1100645,11006.45
1100734,11007.34
1100825,11008.25
1100917,11009.17
1101010,11010.1
1101106,11011.06
1101202,11012.02
1101298,11012.98
1101396,11013.96
1101495,11014.95
1101593,11015.93
1101690,11016.9
1101787,11017.87
1101883,11018.83
1101977,11019.77
1102071,11020.71
1102165,11021.65
1102257,11022.57
1102349,11023.49
1102439,11024.39
1102528,11025.28
1102618,11026.18
1102708,11027.08
1102800,11028.0
1102892,11028.92
1102984,11029.84
1103076,11030.76
1103165,11031.65
1103253,11032.53
1103341,11033.41
1103428,11034.28
1103514,11035.14
1103601,11036.01
1103688,11036.88
1103775,11037.75
1103864,11038.64
1103955,11039.55
1104048,11040.48
1104141,11041.41
1104235,11042.35
1104331,11043.31
1104427,11044.27
1104524,11045.24
1104620,11046.2
1104716,11047.16
1104812,11048.12
1104907,11049.07
1105002,11050.02
1105095,11050.95
1105189,11051.89
1105282,11052.82
1105375,11053.75
1105469,11054.69
1105563,11055.63
1105657,11056.57
1105751,11057.51
1105846,11058.46
1105940,11059.4
1106034,11060.34
1106130,11061.3
1106226,11062.26
1106320,11063.2
1106416,11064.16
1106512,11065.12
1106607,11066.07
1106702,11067.02
1106796,11067.96
1106891,11068.91
1106986,11069.86
1107080,11070.8
1107174,11071.74
1107268,11072.68
1107360,11073.6
1107453,11074.53
1107545,11075.45
1107636,11076.36
1107727,11077.27
1107820,11078.2
1107913,11079.13
1108006,11080.06
1108098,11080.98
1108193,11081.93
1108288,11082.88
1108384,11083.84
1108480,11084.8
1108576,11085.76
1108671,11086.71
1108766,11087.66
1108861,11088.61
1108955,11089.55
1109049,11090.49
1109143,11091.43
1109237,11092.37
1109327,11093.27
1109418,11094.18
1109508,11095.08
1109598,11095.98
1109689,11096.89
1109781,11097.81
1109874,11098.74
1109969,11099.69
1110063,11100.63
1110159,11101.59
1110255,11102.55
1110350,11103.5
1110446,11104.46
1110543,11105.43
1110638,11106.38
1110732,11107.32
1110827,11108.27
1110922,11109.22
1111015,11110.15
1111109,11111.09
1111202,11112.02
1111297,11112.97
1111391,11113.91
1111485,11114.85
1111579,11115.79
1111674,11116.74
1111768,11117.68
1111863,11118.63
1111958,11119.58
1112052,11120.52
1112147,11121.47
1112241,11122.41
1112334,11123.34
1112425,11124.25
1112517,11125.17
1112609,11126.09
1112701,11127.01
1112794,11127.94
1112890,11128.9
1112986,11129.86
1113081,11130.81
1113178,11131.78
1113275,11132.75
1113372,11133.72
1113469,11134.69
1113565,11135.65
1113661,11136.61
1113756,11137.56
1113851,11138.51
1113944,11139.44
1114038,11140.38
1114131,11141.31
1114223,11142.23
1114315,11143.15
1114406,11144.06
1114495,11144.95
1114584,11145.84
1114674,11146.74
1114765,11147.65
1114857,11148.57
1114951,11149.51
1115046,11150.46
1115141,11151.41
1115238,11152.38
1115337,11153.37
1115437,11154.37
1115537,11155.37
1115635,11156.35
1115734,11157.34
1115833,11158.33
1115931,11159.31
1116029,11160.29
1116126,11161.26
1116222,11162.22
1116318,11163.18
1116412,11164.12
1116506,11165.06
1116600,11166.0
1116692,11166.92
1116784,11167.84
1116873,11168.73
1116965,11169.65
1117057,11170.57
1117149,11171.49
1117244,11172.44
1117340,11173.4
1117438,11174.38
1117534,11175.34
1117633,11176.33
1117732,11177.32
1117830,11178.3
1117927,11179.27
1118024,11180.24
1118121,11181.21
1118216,11182.16
1118311,11183.11
1118405,11184.05
1118498,11184.98
1118590,11185.9
1118681,11186.81
1118772,11187.72
1118860,11188.6
1118948,11189.48
1119034,11190.34
1119120,11191.2
1119205,11192.05
1119287,11192.87
1119370,11193.7
1119451,11194.51
1119531,11195.31
1119611,11196.11
1119690,11196.9
1119768,11197.68
1119846,11198.46
1119922,11199.22
1119999,11199.99
1120076,11200.76
1120154,11201.54
1120232,11202.32
1120311,11203.11
1120391,11203.91
1120471,11204.71
1120552,11205.52
1120637,11206.37
1120721,11207.21
1120807,11208.07
1120893,11208.93
1120984,11209.84
1121076,11210.76
1121169,11211.69
1121263,11212.63
1121358,11213.58
1121455,11214.55
1121553,11215.53
1121651,11216.51
1121748,11217.48
1121846,11218.46
1121944,11219.44
1122043,11220.43
1122142,11221.42
1122239,11222.39
1122338,11223.38
1122438,11224.38
1122536,11225.36
1122632,11226.32
1122730,11227.3
1122829,11228.29
1122928,11229.28
1123026,11230.26
1123127,11231.27
1123228,11232.28
1123328,11233.28
1123428,11234.28
1123529,11235.29
1123628,11236.28
1123726,11237.26
1123822,11238.22
1123917,11239.17
1124011,11240.11
1124104,11241.04
1124194,11241.94
1124284,11242.84
1124373,11243.73
1124459,11244.59
1124544,11245.44
1124629,11246.29
1124713,11247.13
1124796,11247.96
1124878,11248.78
1124958,11249.58
1125042,11250.42
1125125,11251.25
1125209,11252.09
1125295,11252.95
1125384,11253.84
1125474,11254.74
1125566,11255.66
1125658,11256.58
1125749,11257.49
1125840,11258.4
1125933,11259.33
1126025,11260.25
1126116,11261.16
1126209,11262.09
1126303,11263.03
1126396,11263.96
1126490,11264.9
1126585,11265.85
1126679,11266.79
1126774,11267.74
1126871,11268.71
1126968,11269.68
1127065,11270.65
1127163,11271.63
1127261,11272.61
1127358,11273.58
1127456,11274.56
1127554,11275.54
1127652,11276.52
1127749,11277.49
1127846,11278.46
1127943,11279.43
1128040,11280.4
1128136,11281.36
1128234,11282.34
1128335,11283.35
1128434,11284.34
1128532,11285.32
1128633,11286.33
1128734,11287.34
1128833,11288.33
1128933,11289.33
1129030,11290.3
1129127,11291.27
1129224,11292.24
1129320,11293.2
1129417,11294.17
1129512,11295.12
1129610,11296.1
1129709,11297.09
1129805,11298.05
1129903,11299.03
1130002,11300.02
1130098,11300.98
1130191,11301.91
1130286,11302.86
1130377,11303.77
1130471,11304.71
1130565,11305.65
1130659,11306.59
1130755,11307.55
1130852,11308.52
1130949,11309.49
1131046,11310.46
1131144,11311.44
1131241,11312.41
1131336,11313.36
1131433,11314.33
1131529,11315.29
1131626,11316.26
1131723,11317.23
1131820,11318.2
1131914,11319.14
1132010,11320.1
1132105,11321.05
1132202,11322.02
1132299,11322.99
1132395,11323.95
1132491,11324.91
1132589,11325.89
1132687,11326.87
1132785,11327.85
1132884,11328.84
1132982,11329.82
1133078,11330.78
1133174,11331.74
1133269,11332.69
1133363,11333.63
1133457,11334.57
1133551,11335.51
1133645,11336.45
1133740,11337.4
1133836,11338.36
1133933,11339.33
1134029,11340.29
1134127,11341.27
1134226,11342.26
1134320,11343.2
1134415,11344.15
1134506,11345.06
1134596,11345.96
1134685,11346.85
1134776,11347.76
1134867,11348.67
1134956,11349.56
1135048,11350.48
1135141,11351.41
1135235,11352.35
1135329,11353.29
1135425,11354.25
1135522,11355.22
1135617,11356.17
1135712,11357.12
1135807,11358.07
1135902,11359.02
1135996,11359.96
1136090,11360.9
1136184,11361.84
1136279,11362.79
1136375,11363.75
1136471,11364.71
1136568,11365.68
1136667,11366.67
1136766,11367.66
1136865,11368.65
1136962,11369.62
1137059,11370.59
1137157,11371.57
1137254,11372.54
1137349,11373.49
1137445,11374.45
1137540,11375.4
1137638,11376.38
1137737,11377.37
1137835,11378.35
1137935,11379.35
1138036,11380.36
1138136,11381.36
1138235,11382.35
1138334,11383.34
1138433,11384.33
1138529,11385.29
1138625,11386.25
1138720,11387.2
1138816,11388.16
1138910,11389.1
1139003,11390.03
1139097,11390.97
1139191,11391.91
1139284,11392.84
1139379,11393.79
1139475,11394.75
1139572,11395.72
1139668,11396.68
1139763,11397.63
1139860,11398.6
1139958,11399.58
1140054,11400.54
1140151,11401.51
1140250,11402.5
1140347,11403.47
1140446,11404.46
1140545,11405.45
1140643,11406.43
1140741,11407.41
1140840,11408.4
1140939,11409.39
1141036,11410.36
1141133,11411.33
1141230,11412.3
1141326,11413.26
1141421,11414.21
1141517,11415.17
1141615,11416.15
1141712,11417.12
1141808,11418.08
1141904,11419.04
1142000,11420.0
1142096,11420.96
1142192,11421.92
1142290,11422.9
1142387,11423.87
1142484,11424.84
1142581,11425.81
1142679,11426.79
1142778,11427.78
1142877,11428.77
1142974,11429.74
1143072,11430.72
1143170,11431.7
1143267,11432.67
1143363,11433.63
1143458,11434.58
1143553,11435.53
1143648,11436.48
1143742,11437.42
1143835,11438.35
1143928,11439.28
1144022,11440.22
1144114,11441.14
1144206,11442.06
1144299,11442.99
1144393,11443.93
1144485,11444.85
1144578,11445.78
1144673,11446.73
1144767,11447.67
1144863,11448.63
1144961,11449.61
1145060,11450.6
1145159,11451.59
1145257,11452.57
1145356,11453.56
1145457,11454.57
1145555,11455.55
1145653,11456.53
1145751,11457.51
1145849,11458.49
1145945,11459.45
1146040,11460.4
1146135,11461.35
1146230,11462.3
1146324,11463.24
1146417,11464.17
1146510,11465.1
1146604,11466.04
1146697,11466.97
1146790,11467.9
1146881,11468.81
1146973,11469.73
1147066,11470.66
1147158,11471.58
1147252,11472.52
1147347,11473.47
1147445,11474.45
1147541,11475.41
1147640,11476.4
1147739,11477.39
1147837,11478.37
1147934,11479.34
1148032,11480.32
1148129,11481.29
1148226,11482.26
1148320,11483.2
1148414,11484.14
1148508,11485.08
1148602,11486.02
1148695,11486.95
1148788,11487.88
1148883,11488.83
1148979,11489.79
1149073,11490.73
1149167,11491.67
1149263,11492.63
1149360,11493.6
1149454,11494.54
1149549,11495.49
1149646,11496.46
1149741,11497.41
1149836,11498.36
1149933,11499.33
1150030,11500.3
1150128,11501.28
1150224,11502.24
1150323,11503.23
1150423,11504.23
1150522,11505.22
1150620,11506.2
1150717,11507.17
1150815,11508.15
1150912,11509.12
1151010,11510.1
1151106,11511.06
1151200,11512.0
1151294,11512.94
1151388,11513.88
1151481,11514.81
1151574,11515.74
1151670,11516.7
1151766,11517.66
1151863,11518.63
1151957,11519.57
1152053,11520.53
1152149,11521.49
1152244,11522.44
1152338,11523.38
1152433,11524.33
1152529,11525.29
1152626,11526.26
1152721,11527.21
1152818,11528.18
1152915,11529.15
1153012,11530.12
1153108,11531.08
1153202,11532.02
1153297,11532.97
1153392,11533.92
1153487,11534.87
1153582,11535.82
1153675,11536.75
1153771,11537.71
1153868,11538.68
1153963,11539.63
1154058,11540.58
1154153,11541.53
1154247,11542.47
1154339,11543.39
1154431,11544.31
1154523,11545.23
1154615,11546.15
1154705,11547.05
1154796,11547.96
1154888,11548.88
1154981,11549.81
1155072,11550.72
1155166,11551.66
1155260,11552.6
1155355,11553.55
1155450,11554.5
1155543,11555.43
1155637,11556.37
1155730,11557.3
1155822,11558.22
1155914,11559.14
1156007,11560.07
1156101,11561.01
1156193,11561.93
1156285,11562.85
1156379,11563.79
1156474,11564.74
1156571,11565.71
1156668,11566.68
1156764,11567.64
1156860,11568.6
1156957,11569.57
1157053,11570.53
1157148,11571.48
1157241,11572.41
1157336,11573.36
1157432,11574.32
1157526,11575.26
1157620,11576.2
1157716,11577.16
1157812,11578.12
1157907,11579.07
1158001,11580.01
1158096,11580.96
1158190,11581.9
1158285,11582.85
1158379,11583.79
1158474,11584.74
1158569,11585.69
1158663,11586.63
1158756,11587.56
1158851,11588.51
1158946,11589.46
1159040,11590.4
1159134,11591.34
1159228,11592.28
1159322,11593.22
1159416,11594.16
1159510,11595.1
1159604,11596.04
1159698,11596.98
1159795,11597.95
1159889,11598.89
1159982,11599.82
1160077,11600.77
1160172,11601.72
1160267,11602.67
1160362,11603.62
1160460,11604.6
1160560,11605.6
1160658,11606.58
1160759,11607.59
1160860,11608.6
1160964,11609.64
1161063,11610.63
1161164,11611.64
1161264,11612.64
1161364,11613.64
1161460,11614.6
1161557,11615.57
1161653,11616.53
1161749,11617.49
1161843,11618.43
1161937,11619.37
1162033,11620.33
1162129,11621.29
1162225,11622.25
1162321,11623.21
1162418,11624.18
1162512,11625.12
1162604,11626.04
1162698,11626.98
1162791,11627.91
1162885,11628.85
1162978,11629.78
1163073,11630.73
1163169,11631.69
1163266,11632.66
1163362,11633.62
1163457,11634.57
1163555,11635.55
1163653,11636.53
1163750,11637.5
1163845,11638.45
1163940,11639.4
1164035,11640.35
1164131,11641.31
1164225,11642.25
1164319,11643.19
1164415,11644.15
1164510,11645.1
1164603,11646.03
1164696,11646.96
1164790,11647.9
1164885,11648.85
1164979,11649.79
1165072,11650.72
1165166,11651.66
1165260,11652.6
1165352,11653.52
1165445,11654.45
1165538,11655.38
1165632,11656.32
1165724,11657.24
1165815,11658.15
1165908,11659.08
1166000,11660.0
1166093,11660.93
1166184,11661.84
1166275,11662.75
1166368,11663.68
1166462,11664.62
1166555,11665.55
1166648,11666.48
1166743,11667.43
1166839,11668.39
1166933,11669.33
1167028,11670.28
1167125,11671.25
1167223,11672.23
1167320,11673.2
1167416,11674.16
1167513,11675.13
1167610,11676.1
1167705,11677.05
1167799,11677.99
1167893,11678.93
1167986,11679.86
1168078,11680.78
1168168,11681.68
1168260,11682.6
1168352,11683.52
1168445,11684.45
1168536,11685.36
1168620,11686.2
1168704,11687.04
1168817,11688.17
1168911,11689.11
1169003,11690.03
1169097,11690.97
1169191,11691.91
1169286,11692.86
1169380,11693.8
1169475,11694.75
1169570,11695.7
1169667,11696.67
1169762,11697.62
1169856,11698.56
1169951,11699.51
1170046,11700.46
1170139,11701.39
1170234,11702.34
1170330,11703.3
1170427,11704.27
1170522,11705.22
1170617,11706.17
1170713,11707.13
1170809,11708.09
1170905,11709.05
1171000,11710.0
1171096,11710.96
1171192,11711.92
1171285,11712.85
1171378,11713.78
1171472,11714.72
1171566,11715.66
1171659,11716.59
1171753,11717.53
1171849,11718.49
1171946,11719.46
1172041,11720.41
1172139,11721.39
1172237,11722.37
1172335,11723.35
1172432,11724.32
1172531,11725.31
1172629,11726.29
1172725,11727.25
1172820,11728.2
1172913,11729.13
1173007,11730.07
1173100,11731.0
1173192,11731.92
1173285,11732.85
1173380,11733.8
1173475,11734.75
1173568,11735.68
1173664,11736.64
1173760,11737.6
1173853,11738.53
1173945,11739.45
1174039,11740.39
1174134,11741.34
1174228,11742.28
1174324,11743.24
1174421,11744.21
1174519,11745.19
1174616,11746.16
1174714,11747.14
1174812,11748.12
1174908,11749.08
1175005,11750.05
1175102,11751.02
1175197,11751.97
1175291,11752.91
1175387,11753.87
1175483,11754.83
1175578,11755.78
1175673,11756.73
1175767,11757.67
1175861,11758.61
1175956,11759.56
1176050,11760.5
1176144,11761.44
1176240,11762.4
1176338,11763.38
1176435,11764.35
1176534,11765.34
1176633,11766.33
1176730,11767.3
1176828,11768.28
1176928,11769.28
1177026,11770.26
1177122,11771.22
1177220,11772.2
1177317,11773.17
1177414,11774.14
1177510,11775.1
1177603,11776.03
1177698,11776.98
1177793,11777.93
1177889,11778.89
1177982,11779.82
1178075,11780.75
1178168,11781.68
1178263,11782.63
1178356,11783.56
1178449,11784.49
1178545,11785.45
1178640,11786.4
1178736,11787.36
1178833,11788.33
1178931,11789.31
1179029,11790.29
1179126,11791.26
1179222,11792.22
1179320,11793.2
1179418,11794.18
1179514,11795.14
1179610,11796.1
1179704,11797.04
1179796,11797.96
1179888,11798.88
1179981,11799.81
1180073,11800.73
1180166,11801.66
1180263,11802.63
1180362,11803.62
1180461,11804.61
1180560,11805.6
1180660,11806.6
1180762,11807.62
1180863,11808.63
1180962,11809.62
1181061,11810.61
1181158,11811.58
1181254,11812.54
1181347,11813.47
1181440,11814.4
1181533,11815.33
1181628,11816.28
1181721,11817.21
1181814,11818.14
1181911,11819.11
1182007,11820.07
1182102,11821.02
1182199,11821.99
1182297,11822.97
1182393,11823.93
1182488,11824.88
1182583,11825.83
1182679,11826.79
1182772,11827.72
1182866,11828.66
1182961,11829.61
1183057,11830.57
1183151,11831.51
1183246,11832.46
1183341,11833.41
1183437,11834.37
1183532,11835.32
1183626,11836.26
1183722,11837.22
1183818,11838.18
1183913,11839.13
1184007,11840.07
1184104,11841.04
1184201,11842.01
1184297,11842.97
1184393,11843.93
1184488,11844.88
1184583,11845.83
1184675,11846.75
1184769,11847.69
1184865,11848.65
1184960,11849.6
1185056,11850.56
1185156,11851.56
1185256,11852.56
1185355,11853.55
1185456,11854.56
1185558,11855.58
1185658,11856.58
1185758,11857.58
1185859,11858.59
1185961,11859.61
1186060,11860.6
1186160,11861.6
1186261,11862.61
1186362,11863.62
1186461,11864.61
1186559,11865.59
1186658,11866.58
1186755,11867.55
1186850,11868.5
1186933,11869.33
1187016,11870.16
1187127,11871.27
1187216,11872.16
1187305,11873.05
1187393,11873.93
1187485,11874.85
1187580,11875.8
1187676,11876.76
1187773,11877.73
1187874,11878.74
1187977,11879.77
1188078,11880.78
1188183,11881.83
1188285,11882.85
1188385,11883.85
1188483,11884.83
1188583,11885.83
1188682,11886.82
1188780,11887.8
1188879,11888.79
1188978,11889.78
1189079,11890.79
1189177,11891.77
1189277,11892.77
1189378,11893.78
1189476,11894.76
1189572,11895.72
1189671,11896.71
1189771,11897.71
1189860,11898.6
1189949,11899.49
1190062,11900.62
1190157,11901.57
1190249,11902.49
1190341,11903.41
1190436,11904.36
1190532,11905.32
1190627,11906.27
1190724,11907.24
1190823,11908.23
1190922,11909.22
1191023,11910.23
1191121,11911.21
1191218,11912.18
1191316,11913.16
1191412,11914.12
1191505,11915.05
1191599,11915.99
1191695,11916.95
1191792,11917.92
1191888,11918.88
1191984,11919.84
1192081,11920.81
1192178,11921.78
1192273,11922.73
1192368,11923.68
1192465,11924.65
1192561,11925.61
1192655,11926.55
1192751,11927.51
1192847,11928.47
1192942,11929.42
1193037,11930.37
1193133,11931.33
1193230,11932.3
1193327,11933.27
1193423,11934.23
1193519,11935.19
1193617,11936.17
1193715,11937.15
1193811,11938.11
1193907,11939.07
1194004,11940.04
1194101,11941.01
1194197,11941.97
1194292,11942.92
1194385,11943.85
1194479,11944.79
1194573,11945.73
1194667,11946.67
1194761,11947.61
1194858,11948.58
1194953,11949.53
1195050,11950.5
1195148,11951.48
1195248,11952.48
1195347,11953.47
1195445,11954.45
1195545,11955.45
1195644,11956.44
1195742,11957.42
1195839,11958.39
1195936,11959.36
1196032,11960.32
1196126,11961.26
1196219,11962.19
1196311,11963.11
1196403,11964.03
1196494,11964.94
1196584,11965.84
1196677,11966.77
1196771,11967.71
1196866,11968.66
1196962,11969.62
1197061,11970.61
1197162,11971.62
1197262,11972.62
1197363,11973.63
1197466,11974.66
1197569,11975.69
1197669,11976.69
1197771,11977.71
1197873,11978.73
1197971,11979.71
1198071,11980.71
1198170,11981.7
1198267,11982.67
1198362,11983.62
1198458,11984.58
1198553,11985.53
1198646,11986.46
1198738,11987.38
1198831,11988.31
1198924,11989.24
1199016,11990.16
1199110,11991.1
1199204,11992.04
1199299,11992.99
1199394,11993.94
1199489,11994.89
1199584,11995.84
1199680,11996.8
1199774,11997.74
1199870,11998.7
1199967,11999.67
1200062,12000.62
1200159,12001.59
1200257,12002.57
1200353,12003.53
1200448,12004.48
1200546,12005.46
1200644,12006.44
1200742,12007.42
1200837,12008.37
1200933,12009.33
1201029,12010.29
1201125,12011.25
1201220,12012.2
1201315,12013.15
1201410,12014.1
1201505,12015.05
1201599,12015.99
1201693,12016.93
1201787,12017.87
1201880,12018.8
1201974,12019.74
1202069,12020.69
1202164,12021.64
1202261,12022.61
1202361,12023.61
1202462,12024.62
1202561,12025.61
1202661,12026.61
1202762,12027.62
1202863,12028.63
1202961,12029.61
1203057,12030.57
1203153,12031.53
1203248,12032.48
1203342,12033.42
1203435,12034.35
1203527,12035.27
1203620,12036.2
1203710,12037.1
1203800,12038.0
1203892,12038.92
1203982,12039.82
1204073,12040.73
1204166,12041.66
1204259,12042.59
1204351,12043.51
1204445,12044.45
1204541,12045.41
1204637,12046.37
1204732,12047.32
1204829,12048.29
1204925,12049.25
1205021,12050.21
1205116,12051.16
1205212,12052.12
1205309,12053.09
1205406,12054.06
1205501,12055.01
1205596,12055.96
1205693,12056.93
1205790,12057.9
1205887,12058.87
1205982,12059.82
1206078,12060.78
1206176,12061.76
1206271,12062.71
1206367,12063.67
1206464,12064.64
1206562,12065.62
1206661,12066.61
1206758,12067.58
1206855,12068.55
1206954,12069.54
1207051,12070.51
1207148,12071.48
1207245,12072.45
1207342,12073.42
1207437,12074.37
1207533,12075.33
1207629,12076.29
1207724,12077.24
1207818,12078.18
1207914,12079.14
1208010,12080.1
1208105,12081.05
1208201,12082.01
1208298,12082.98
1208396,12083.96
1208492,12084.92
1208588,12085.88
1208686,12086.86
1208783,12087.83
1208879,12088.79
1208975,12089.75
1209071,12090.71
1209168,12091.68
1209264,12092.64
1209364,12093.64
1209464,12094.64
1209563,12095.63
1209663,12096.63
1209765,12097.65
1209866,12098.66
1209965,12099.65
1210065,12100.65
1210164,12101.64
1210263,12102.63
1210360,12103.6
1210458,12104.58
1210559,12105.59
1210658,12106.58
1210755,12107.55
1210852,12108.52
1210949,12109.49
1211046,12110.46
1211142,12111.42
1211240,12112.4
1211339,12113.39
1211436,12114.36
1211531,12115.31
1211626,12116.26
1211719,12117.19
1211811,12118.11
1211903,12119.03
1211994,12119.94
1212086,12120.86
1212179,12121.79
1212274,12122.74
1212368,12123.68
1212465,12124.65
1212563,12125.63
1212663,12126.63
1212762,12127.62
1212863,12128.63
1212965,12129.65
1213066,12130.66
1213165,12131.65
1213266,12132.66
1213365,12133.65
1213464,12134.64
1213560,12135.6
1213657,12136.57
1213753,12137.53
1213848,12138.48
1213942,12139.42
1214037,12140.37
1214133,12141.33
1214227,12142.27
1214323,12143.23
1214424,12144.24
1214525,12145.25
1214624,12146.24
1214724,12147.24
1214825,12148.25
1214927,12149.27
1215028,12150.28
1215131,12151.31
1215232,12152.32
1215332,12153.32
1215433,12154.33
1215533,12155.33
1215630,12156.3
1215728,12157.28
1215826,12158.26
1215922,12159.22
1216018,12160.18
1216115,12161.15
1216212,12162.12
1216308,12163.08
1216405,12164.05
1216503,12165.03
1216603,12166.03
1216701,12167.01
1216799,12167.99
1216897,12168.97
1216995,12169.95
1217091,12170.91
1217187,12171.87
1217283,12172.83
1217378,12173.78
1217475,12174.75
1217573,12175.73
1217669,12176.69
1217765,12177.65
1217862,12178.62
1217960,12179.6
1218056,12180.56
1218154,12181.54
1218254,12182.54
1218352,12183.52
1218450,12184.5
1218549,12185.49
1218647,12186.47
1218743,12187.43
1218841,12188.41
1218939,12189.39
1219037,12190.37
1219135,12191.35
1219231,12192.31
1219329,12193.29
1219426,12194.26
1219522,12195.22
1219618,12196.18
1219715,12197.15
1219812,12198.12
1219907,12199.07
1220003,12200.03
1220100,12201.0
1220199,12201.99
1220295,12202.95
1220394,12203.94
1220492,12204.92
1220590,12205.9
1220687,12206.87
1220785,12207.85
1220883,12208.83
1220979,12209.79
1221075,12210.75
1221172,12211.72
1221270,12212.7
1221366,12213.66
1221461,12214.61
1221558,12215.58
1221656,12216.56
1221751,12217.51
1221846,12218.46
1221941,12219.41
1222036,12220.36
1222129,12221.29
1222224,12222.24
1222319,12223.19
1222415,12224.15
1222508,12225.08
1222603,12226.03
1222699,12226.99
1222796,12227.96
1222892,12228.92
1222988,12229.88
1223084,12230.84
1223180,12231.8
1223276,12232.76
1223369,12233.69
1223465,12234.65
1223561,12235.61
1223656,12236.56
1223751,12237.51
1223850,12238.5
1223948,12239.48
1224044,12240.44
1224139,12241.39
1224235,12242.35
1224328,12243.28
1224421,12244.21
1224515,12245.15
1224608,12246.08
1224702,12247.02
1224796,12247.96
1224892,12248.92
1224987,12249.87
1225084,12250.84
1225182,12251.82
1225282,12252.82
1225381,12253.81
1225480,12254.8
1225579,12255.79
1225680,12256.8
1225778,12257.78
1225877,12258.77
1225977,12259.77
1226075,12260.75
1226170,12261.7
1226267,12262.67
1226363,12263.63
1226457,12264.57
1226551,12265.51
1226646,12266.46
1226743,12267.43
1226838,12268.38
1226933,12269.33
1227030,12270.3
1227128,12271.28
1227224,12272.24
1227320,12273.2
1227419,12274.19
1227517,12275.17
1227614,12276.14
1227713,12277.13
1227813,12278.13
1227911,12279.11
1228007,12280.07
1228106,12281.06
1228205,12282.05
1228302,12283.02
1228399,12283.99
1228498,12284.98
1228596,12285.96
1228693,12286.93
1228789,12287.89
1228886,12288.86
1228982,12289.82
1229076,12290.76
1229170,12291.7
1229265,12292.65
1229361,12293.61
1229458,12294.58
1229553,12295.53
1229651,12296.51
1229749,12297.49
1229846,12298.46
1229941,12299.41
1230037,12300.37
1230134,12301.34
1230231,12302.31
1230326,12303.26
1230424,12304.24
1230522,12305.22
1230618,12306.18
1230712,12307.12
1230807,12308.07
1230900,12309.0
1230993,12309.93
1231087,12310.87
1231181,12311.81
1231277,12312.77
1231375,12313.75
1231473,12314.73
1231572,12315.72
1231672,12316.72
1231773,12317.73
1231873,12318.73
1231974,12319.74
1232076,12320.76
1232175,12321.75
1232274,12322.74
1232373,12323.73
1232471,12324.71
1232569,12325.69
1232666,12326.66
1232763,12327.63
1232860,12328.6
1232955,12329.55
1233049,12330.49
1233145,12331.45
1233242,12332.42
1233337,12333.37
1233432,12334.32
1233528,12335.28
1233623,12336.23
1233717,12337.17
1233812,12338.12
1233908,12339.08
1234004,12340.04
1234098,12340.98
1234194,12341.94
1234290,12342.9
1234388,12343.88
1234484,12344.84
1234580,12345.8
1234678,12346.78
1234777,12347.77
1234873,12348.73
1234970,12349.7
1235069,12350.69
1235169,12351.69
1235266,12352.66
1235363,12353.63
1235461,12354.61
1235560,12355.6
1235657,12356.57
1235754,12357.54
1235852,12358.52
1235948,12359.48
1236043,12360.43
1236140,12361.4
1236236,12362.36
1236333,12363.33
1236428,12364.28
1236525,12365.25
1236623,12366.23
1236720,12367.2
1236815,12368.15
1236911,12369.11
1237007,12370.07
1237102,12371.02
1237197,12371.97
1237292,12372.92
1237389,12373.89
1237487,12374.87
1237583,12375.83
1237679,12376.79
1237776,12377.76
1237875,12378.75
1237973,12379.73
1238069,12380.69
1238165,12381.65
1238258,12382.58
1238351,12383.51
1238445,12384.45
1238541,12385.41
1238636,12386.36
1238732,12387.32
1238829,12388.29
1238925,12389.25
1239022,12390.22
1239120,12391.2
1239218,12392.18
1239315,12393.15
1239410,12394.1
1239506,12395.06
1239603,12396.03
1239700,12397.0
1239796,12397.96
1239890,12398.9
1239986,12399.86
1240082,12400.82
1240178,12401.78
1240273,12402.73
1240368,12403.68
1240465,12404.65
1240564,12405.64
1240659,12406.59
1240755,12407.55
1240850,12408.5
1240946,12409.46
1241040,12410.4
1241134,12411.34
1241230,12412.3
1241328,12413.28
1241425,12414.25
1241523,12415.23
1241621,12416.21
1241721,12417.21
1241819,12418.19
1241916,12419.16
1242013,12420.13
1242109,12421.09
1242203,12422.03
1242295,12422.95
1242390,12423.9
1242485,12424.85
1242578,12425.78
1242670,12426.7
1242767,12427.67
1242862,12428.62
1242956,12429.56
1243049,12430.49
1243144,12431.44
1243239,12432.39
1243332,12433.32
1243426,12434.26
1243522,12435.22
1243619,12436.19
1243714,12437.14
1243809,12438.09
1243906,12439.06
1244003,12440.03
1244099,12440.99
1244194,12441.94
1244291,12442.91
1244389,12443.89
1244485,12444.85
1244580,12445.8
1244675,12446.75
1244771,12447.71
1244867,12448.67
1244961,12449.61
1245057,12450.57
1245152,12451.52
1245245,12452.45
1245339,12453.39
1245433,12454.33
1245526,12455.26
1245619,12456.19
1245713,12457.13
1245808,12458.08
1245902,12459.02
1245996,12459.96
1246091,12460.91
1246186,12461.86
1246278,12462.78
1246372,12463.72
1246465,12464.65
1246558,12465.58
1246649,12466.49
1246740,12467.4
1246832,12468.32
1246925,12469.25
1247017,12470.17
1247110,12471.1
1247205,12472.05
1247301,12473.01
1247396,12473.96
1247491,12474.91
1247588,12475.88
1247684,12476.84
1247780,12477.8
1247874,12478.74
1247968,12479.68
1248062,12480.62
1248155,12481.55
1248251,12482.51
1248348,12483.48
1248446,12484.46
1248542,12485.42
1248641,12486.41
1248741,12487.41
1248839,12488.39
1248936,12489.36
1249032,12490.32
1249129,12491.29
1249225,12492.25
1249319,12493.19
1249412,12494.12
1249508,12495.08
1249602,12496.02
1249695,12496.95
1249788,12497.88
1249883,12498.83
1249978,12499.78
1250073,12500.73
1250166,12501.66
1250261,12502.61
1250357,12503.57
1250451,12504.51
1250545,12505.45
1250640,12506.4
1250738,12507.38
1250834,12508.34
1250931,12509.31
1251029,12510.29
1251127,12511.27
1251224,12512.24
1251322,12513.22
1251420,12514.2
1251518,12515.18
1251614,12516.14
1251708,12517.08
1251802,12518.02
1251896,12518.96
1251989,12519.89
1252081,12520.81
1252175,12521.75
1252270,12522.7
1252363,12523.63
1252457,12524.57
1252552,12525.52
1252646,12526.46
1252740,12527.4
1252834,12528.34
1252928,12529.28
1253025,12530.25
1253119,12531.19
1253215,12532.15
1253312,12533.12
1253409,12534.09
1253505,12535.05
1253602,12536.02
1253700,12537.0
1253795,12537.95
1253891,12538.91
1253988,12539.88
1254085,12540.85
1254181,12541.81
1254277,12542.77
1254373,12543.73
1254470,12544.7
1254564,12545.64
1254659,12546.59
1254754,12547.54
1254849,12548.49
1254944,12549.44
1255041,12550.41
1255138,12551.38
1255234,12552.34
1255330,12553.3
1255427,12554.27
1255524,12555.24
1255618,12556.18
1255715,12557.15
1255813,12558.13
1255910,12559.1
1256006,12560.06
1256104,12561.04
1256203,12562.03
1256301,12563.01
1256400,12564.0
1256500,12565.0
1256600,12566.0
1256696,12566.96
1256794,12567.94
1256892,12568.92
1256988,12569.88
1257081,12570.81
1257176,12571.76
1257271,12572.71
1257364,12573.64
1257455,12574.55
1257548,12575.48
1257644,12576.44
1257737,12577.37
1257830,12578.3
1257922,12579.22
1258014,12580.14
1258108,12581.08
1258199,12581.99
1258290,12582.9
1258383,12583.83
1258476,12584.76
1258569,12585.69
1258664,12586.64
1258761,12587.61
1258857,12588.57
1258953,12589.53
1259051,12590.51
1259149,12591.49
1259247,12592.47
1259344,12593.44
1259442,12594.42
1259540,12595.4
1259638,12596.38
1259733,12597.33
1259828,12598.28
1259924,12599.24
1260021,12600.21
1260116,12601.16
1260210,12602.1
1260305,12603.05
1260400,12604.0
1260494,12604.94
1260589,12605.89
1260686,12606.86
1260783,12607.83
1260878,12608.78
1260975,12609.75
1261072,12610.72
1261167,12611.67
1261262,12612.62
1261357,12613.57
1261453,12614.53
1261547,12615.47
1261641,12616.41
1261738,12617.38
1261836,12618.36
1261932,12619.32
1262026,12620.26
1262119,12621.19
1262213,12622.13
1262306,12623.06
1262398,12623.98
1262491,12624.91
1262583,12625.83
1262675,12626.75
1262768,12627.68
1262861,12628.61
1262956,12629.56
1263050,12630.5
1263145,12631.45
1263241,12632.41
1263335,12633.35
1263430,12634.3
1263525,12635.25
1263621,12636.21
1263717,12637.17
1263812,12638.12
1263907,12639.07
1264003,12640.03
1264097,12640.97
1264190,12641.9
1264283,12642.83
1264377,12643.77
1264471,12644.71
1264564,12645.64
1264656,12646.56
1264749,12647.49
1264844,12648.44
1264938,12649.38
1265033,12650.33
1265130,12651.3
1265226,12652.26
1265322,12653.22
1265419,12654.19
1265517,12655.17
1265614,12656.14
1265711,12657.11
1265810,12658.1
1265908,12659.08
1266006,12660.06
1266101,12661.01
1266198,12661.98
1266294,12662.94
1266390,12663.9
1266484,12664.84
1266580,12665.8
1266676,12666.76
1266772,12667.72
1266866,12668.66
1266960,12669.6
1267055,12670.55
1267150,12671.5
1267245,12672.45
1267340,12673.4
1267437,12674.37
1267533,12675.33
1267630,12676.3
1267728,12677.28
1267826,12678.26
1267923,12679.23
1268023,12680.23
1268122,12681.22
1268219,12682.19
1268317,12683.17
1268417,12684.17
1268515,12685.15
1268613,12686.13
1268712,12687.12
1268811,12688.11
1268909,12689.09
1269006,12690.06
1269103,12691.03
1269201,12692.01
1269294,12692.94
1269387,12693.87
1269484,12694.84
1269581,12695.81
1269676,12696.76
1269770,12697.7
1269867,12698.67
1269963,12699.63
1270057,12700.57
1270150,12701.5
1270245,12702.45
1270340,12703.4
1270433,12704.33
1270528,12705.28
1270624,12706.24
1270721,12707.21
1270816,12708.16
1270915,12709.15
1271013,12710.13
1271111,12711.11
1271209,12712.09
1271308,12713.08
1271406,12714.06
1271502,12715.02
1271600,12716.0
1271698,12716.98
1271793,12717.93
1271887,12718.87
1271984,12719.84
1272082,12720.82
1272179,12721.79
1272276,12722.76
1272374,12723.74
1272472,12724.72
1272570,12725.7
1272668,12726.68
1272767,12727.67
1272864,12728.64
1272961,12729.61
1273058,12730.58
1273156,12731.56
1273251,12732.51
1273348,12733.48
1273444,12734.44
1273539,12735.39
1273635,12736.35
1273732,12737.32
1273827,12738.27
1273921,12739.21
1274017,12740.17
1274110,12741.1
1274203,12742.03
1274296,12742.96
1274391,12743.91
1274488,12744.88
1274584,12745.84
1274679,12746.79
1274776,12747.76
1274874,12748.74
1274969,12749.69
1275065,12750.65
1275162,12751.62
1275260,12752.6
1275355,12753.55
1275452,12754.52
1275549,12755.49
1275645,12756.45
1275741,12757.41
1275837,12758.37
1275933,12759.33
1276027,12760.27
1276122,12761.22
1276217,12762.17
1276309,12763.09
1276402,12764.02
1276496,12764.96
1276592,12765.92
1276688,12766.88
1276783,12767.83
1276880,12768.8
1276976,12769.76
1277071,12770.71
1277166,12771.66
1277260,12772.6
1277353,12773.53
1277444,12774.44
1277536,12775.36
1277627,12776.27
1277717,12777.17
1277808,12778.08
1277901,12779.01
1277993,12779.93
1278085,12780.85
1278177,12781.77
1278269,12782.69
1278360,12783.6
1278452,12784.52
1278545,12785.45
1278638,12786.38
1278730,12787.3
1278821,12788.21
1278914,12789.14
1279007,12790.07
1279099,12790.99
1279191,12791.91
1279285,12792.85
1279380,12793.8
1279474,12794.74
1279566,12795.66
1279659,12796.59
1279752,12797.52
1279847,12798.47
1279941,12799.41
1280035,12800.35
1280131,12801.31
1280228,12802.28
1280323,12803.23
1280419,12804.19
1280515,12805.15
1280611,12806.11
1280705,12807.05
1280799,12807.99
1280894,12808.94
1280991,12809.91
1281086,12810.86
1281181,12811.81
1281278,12812.78
1281377,12813.77
1281475,12814.75
1281572,12815.72
1281670,12816.7
1281766,12817.66
1281861,12818.61
1281956,12819.56
1282052,12820.52
1282149,12821.49
1282244,12822.44
1282339,12823.39
1282436,12824.36
1282531,12825.31
1282625,12826.25
1282721,12827.21
1282816,12828.16
1282910,12829.1
1283005,12830.05
1283101,12831.01
1283197,12831.97
1283291,12832.91
1283387,12833.87
1283484,12834.84
1283579,12835.79
1283674,12836.74
1283769,12837.69
1283865,12838.65
1283961,12839.61
1284057,12840.57
1284154,12841.54
1284249,12842.49
1284347,12843.47
1284445,12844.45
1284543,12845.43
1284640,12846.4
1284738,12847.38
1284836,12848.36
1284931,12849.31
1285026,12850.26
1285121,12851.21
1285217,12852.17
1285311,12853.11
1285406,12854.06
1285504,12855.04
1285603,12856.03
1285700,12857.0
1285798,12857.98
1285898,12858.98
1285995,12859.95
1286093,12860.93
1286190,12861.9
1286289,12862.89
1286386,12863.86
1286483,12864.83
1286581,12865.81
1286681,12866.81
1286778,12867.78
1286875,12868.75
1286974,12869.74
1287072,12870.72
1287168,12871.68
1287266,12872.66
1287363,12873.63
1287459,12874.59
1287554,12875.54
1287650,12876.5
1287747,12877.47
1287842,12878.42
1287936,12879.36
1288032,12880.32
1288129,12881.29
1288224,12882.24
1288320,12883.2
1288417,12884.17
1288515,12885.15
1288612,12886.12
1288708,12887.08
1288806,12888.06
1288904,12889.04
1289002,12890.02
1289102,12891.02
1289199,12891.99
1289297,12892.97
1289395,12893.95
1289494,12894.94
1289591,12895.91
1289688,12896.88
1289786,12897.86
1289882,12898.82
1289978,12899.78
1290075,12900.75
1290171,12901.71
1290266,12902.66
1290360,12903.6
1290456,12904.56
1290554,12905.54
1290650,12906.5
1290746,12907.46
1290844,12908.44
1290944,12909.44
1291043,12910.43
1291143,12911.43
1291244,12912.44
1291344,12913.44
1291444,12914.44
1291544,12915.44
1291644,12916.44
1291741,12917.41
1291839,12918.39
1291937,12919.37
1292034,12920.34
1292127,12921.27
1292223,12922.23
1292319,12923.19
1292411,12924.11
1292503,12925.03
1292602,12926.02
1292699,12926.99
1292794,12927.94
1292890,12928.9
1292987,12929.87
1293081,12930.81
1293175,12931.75
1293271,12932.71
1293368,12933.68
1293462,12934.62
1293557,12935.57
1293654,12936.54
1293751,12937.51
1293848,12938.48
1293944,12939.44
1294040,12940.4
1294136,12941.36
1294231,12942.31
1294326,12943.26
1294421,12944.21
1294517,12945.17
1294612,12946.12
1294707,12947.07
1294800,12948.0
1294894,12948.94
1294988,12949.88
1295082,12950.82
1295175,12951.75
1295272,12952.72
1295372,12953.72
1295469,12954.69
1295568,12955.68
1295670,12956.7
1295771,12957.71
1295870,12958.7
1295970,12959.7
1296071,12960.71
1296170,12961.7
1296266,12962.66
1296363,12963.63
1296458,12964.58
1296551,12965.51
1296647,12966.47
1296744,12967.44
1296841,12968.41
1296937,12969.37
1297036,12970.36
1297135,12971.35
1297231,12972.31
1297326,12973.26
1297422,12974.22
1297517,12975.17
1297612,12976.12
1297706,12977.06
1297799,12977.99
1297888,12978.88
1297978,12979.78
1298067,12980.67
1298156,12981.56
1298246,12982.46
1298336,12983.36
1298424,12984.24
1298515,12985.15
1298605,12986.05
1298694,12986.94
1298785,12987.85
1298876,12988.76
1298966,12989.66
1299055,12990.55
1299146,12991.46
1299237,12992.37
1299330,12993.3
1299421,12994.21
1299513,12995.13
1299605,12996.05
1299699,12996.99
1299791,12997.91
1299885,12998.85
1299979,12999.79
1300073,13000.73
1300166,13001.66
1300260,13002.6
1300356,13003.56
1300452,13004.52
1300547,13005.47
1300642,13006.42
1300736,13007.36
1300831,13008.31
1300927,13009.27
1301021,13010.21
1301118,13011.18
1301215,13012.15
1301310,13013.1
1301405,13014.05
1301502,13015.02
1301599,13015.99
1301695,13016.95
1301793,13017.93
1301890,13018.9
1301985,13019.85
1302080,13020.8
1302175,13021.75
1302270,13022.7
1302363,13023.63
1302458,13024.58
1302554,13025.54
1302650,13026.5
1302745,13027.45
1302842,13028.42
1302939,13029.39
1303035,13030.35
1303130,13031.3
1303227,13032.27
1303324,13033.24
1303419,13034.19
1303517,13035.17
1303615,13036.15
1303712,13037.12
1303808,13038.08
1303905,13039.05
1304002,13040.02
1304098,13040.98
1304196,13041.96
1304294,13042.94
1304393,13043.93
1304491,13044.91
1304591,13045.91
1304692,13046.92
1304790,13047.9
1304889,13048.89
1304988,13049.88
1305087,13050.87
1305184,13051.84
1305282,13052.82
1305381,13053.81
1305482,13054.82
1305580,13055.8
1305679,13056.79
1305777,13057.77
1305873,13058.73
1305967,13059.67
1306062,13060.62
1306157,13061.57
1306250,13062.5
1306345,13063.45
1306441,13064.41
1306538,13065.38
1306634,13066.34
1306733,13067.33
1306833,13068.33
1306932,13069.32
1307031,13070.31
1307131,13071.31
1307230,13072.3
1307324,13073.24
1307419,13074.19
1307516,13075.16
1307614,13076.14
1307709,13077.09
1307804,13078.04
1307901,13079.01
1308002,13080.02
1308101,13081.01
1308198,13081.98
1308297,13082.97
1308397,13083.97
1308495,13084.95
1308594,13085.94
1308695,13086.95
1308795,13087.95
1308895,13088.95
1308996,13089.96
1309096,13090.96
1309194,13091.94
1309293,13092.93
1309392,13093.92
1309488,13094.88
1309585,13095.85
1309683,13096.83
1309779,13097.79
1309875,13098.75
1309970,13099.7
1310067,13100.67
1310163,13101.63
1310255,13102.55
1310348,13103.48
1310444,13104.44
1310540,13105.4
1310631,13106.31
1310724,13107.24
1310817,13108.17
1310911,13109.11
1311004,13110.04
1311098,13110.98
1311193,13111.93
1311290,13112.9
1311386,13113.86
1311484,13114.84
1311584,13115.84
1311685,13116.85
1311783,13117.83
1311881,13118.81
1311978,13119.78
1312074,13120.74
1312168,13121.68
1312264,13122.64
1312360,13123.6
1312455,13124.55
1312549,13125.49
1312645,13126.45
1312743,13127.43
1312841,13128.41
1312937,13129.37
1313034,13130.34
1313128,13131.28
1313222,13132.22
1313315,13133.15
1313409,13134.09
1313505,13135.05
1313600,13136.0
1313694,13136.94
1313788,13137.88
1313885,13138.85
1313980,13139.8
1314073,13140.73
1314166,13141.66
1314259,13142.59
1314351,13143.51
1314441,13144.41
1314531,13145.31
1314623,13146.23
1314716,13147.16
1314809,13148.09
1314900,13149.0
1314993,13149.93
1315086,13150.86
1315182,13151.82
1315276,13152.76
1315370,13153.7
1315466,13154.66
1315562,13155.62
1315656,13156.56
1315750,13157.5
1315847,13158.47
1315944,13159.44
1316041,13160.41
1316138,13161.38
1316236,13162.36
1316334,13163.34
1316431,13164.31
1316530,13165.3
1316627,13166.27
1316723,13167.23
1316821,13168.21
1316919,13169.19
1317016,13170.16
1317115,13171.15
1317214,13172.14
1317314,13173.14
1317412,13174.12
1317510,13175.1
1317607,13176.07
1317704,13177.04
1317798,13177.98
1317893,13178.93
1317992,13179.92
1318088,13180.88
1318183,13181.83
1318278,13182.78
1318374,13183.74
1318472,13184.72
1318568,13185.68
1318665,13186.65
1318763,13187.63
1318860,13188.6
1318956,13189.56
1319054,13190.54
1319153,13191.53
1319250,13192.5
1319348,13193.48
1319448,13194.48
1319547,13195.47
1319645,13196.45
1319744,13197.44
1319843,13198.43
1319942,13199.42
1320036,13200.36
1320132,13201.32
1320226,13202.26
1320320,13203.2
1320414,13204.14
1320510,13205.1
1320607,13206.07
1320702,13207.02
1320801,13208.01
1320902,13209.02
1321002,13210.02
1321100,13211.0
1321198,13211.98
1321295,13212.95
1321389,13213.89
1321485,13214.85
1321580,13215.8
1321674,13216.74
1321770,13217.7
1321867,13218.67
1321966,13219.66
1322065,13220.65
1322167,13221.67
1322271,13222.71
1322374,13223.74
1322478,13224.78
1322581,13225.81
1322681,13226.81
1322780,13227.8
1322879,13228.79
1322976,13229.76
1323069,13230.69
1323163,13231.63
1323262,13232.62
1323360,13233.6
1323457,13234.57
1323554,13235.54
1323652,13236.52
1323751,13237.51
1323848,13238.48
1323945,13239.45
1324043,13240.43
1324136,13241.36
1324230,13242.3
1324324,13243.24
1324418,13244.18
1324511,13245.11
1324606,13246.06
1324703,13247.03
1324798,13247.98
1324895,13248.95
1324994,13249.94
1325092,13250.92
1325190,13251.9
1325286,13252.86
1325384,13253.84
1325483,13254.83
1325579,13255.79
1325675,13256.75
1325773,13257.73
1325872,13258.72
1325969,13259.69
1326065,13260.65
1326162,13261.62
1326259,13262.59
1326354,13263.54
1326449,13264.49
1326544,13265.44
1326639,13266.39
1326733,13267.33
1326829,13268.29
1326925,13269.25
1327020,13270.2
1327117,13271.17
1327217,13272.17
1327318,13273.18
1327416,13274.16
1327515,13275.15
1327615,13276.15
1327714,13277.14
1327811,13278.11
1327910,13279.1
1328009,13280.09
1328106,13281.06
1328201,13282.01
1328298,13282.98
1328396,13283.96
1328492,13284.92
1328590,13285.9
1328690,13286.9
1328788,13287.88
1328885,13288.85
1328981,13289.81
1329076,13290.76
1329172,13291.72
1329269,13292.69
1329364,13293.64
1329461,13294.61
1329559,13295.59
1329657,13296.57
1329753,13297.53
1329851,13298.51
1329951,13299.51
1330050,13300.5
1330148,13301.48
1330248,13302.48
1330348,13303.48
1330445,13304.45
1330541,13305.41
1330636,13306.36
1330733,13307.33
1330827,13308.27
1330922,13309.22
1331018,13310.18
1331115,13311.15
1331200,13312.0
1331285,13312.85
1331388,13313.88
1331492,13314.92
1331583,13315.83
1331681,13316.81
1331773,13317.73
1331863,13318.63
1331955,13319.55
1332051,13320.51
1332146,13321.46
1332244,13322.44
1332343,13323.43
1332443,13324.43
1332543,13325.43
1332646,13326.46
1332749,13327.49
1332851,13328.51
1332955,13329.55
1333060,13330.6
1333163,13331.63
1333267,13332.67
1333372,13333.72
1333471,13334.71
1333572,13335.72
1333671,13336.71
1333772,13337.72
1333873,13338.73
1333974,13339.74
1334070,13340.7
1334168,13341.68
1334268,13342.68
1334370,13343.7
1334467,13344.67
1334565,13345.65
1334667,13346.67
1334769,13347.69
1334870,13348.7
1334973,13349.73
1335077,13350.77
1335175,13351.75
1335273,13352.73
1335370,13353.7
1335465,13354.65
1335560,13355.6
1335653,13356.53
1335746,13357.46
1335840,13358.4
1335935,13359.35
1336030,13360.3
1336125,13361.25
1336221,13362.21
1336318,13363.18
1336416,13364.16
1336512,13365.12
1336610,13366.1
1336708,13367.08
1336806,13368.06
1336903,13369.03
1337000,13370.0
1337097,13370.97
1337194,13371.94
1337290,13372.9
1337385,13373.85
1337481,13374.81
1337578,13375.78
1337676,13376.76
1337773,13377.73
1337873,13378.73
1337974,13379.74
1338073,13380.73
1338175,13381.75
1338277,13382.77
1338374,13383.74
1338473,13384.73
1338572,13385.72
1338672,13386.72
1338774,13387.74
1338876,13388.76
1338977,13389.77
1339077,13390.77
1339178,13391.78
1339278,13392.78
1339374,13393.74
1339466,13394.66
1339555,13395.55
1339642,13396.42
1339728,13397.28
1339813,13398.13
1339899,13398.99
1339987,13399.87
1340074,13400.74
1340165,13401.65
1340258,13402.58
1340353,13403.53
1340449,13404.49
1340543,13405.43
1340639,13406.39
1340735,13407.35
1340830,13408.3
1340924,13409.24
1341017,13410.17
1341112,13411.12
1341209,13412.09
1341308,13413.08
1341405,13414.05
1341502,13415.02
1341601,13416.01
1341700,13417.0
1341800,13418.0
1341901,13419.01
1342004,13420.04
1342107,13421.07
1342211,13422.11
1342316,13423.16
1342420,13424.2
1342524,13425.24
1342628,13426.28
1342731,13427.31
1342832,13428.32
1342927,13429.27
1343023,13430.23
1343118,13431.18
1343211,13432.11
1343306,13433.06
1343406,13434.06
1343505,13435.05
1343603,13436.03
1343707,13437.07
1343809,13438.09
1343909,13439.09
1344010,13440.1
1344112,13441.12
1344215,13442.15
1344314,13443.14
1344411,13444.11
1344509,13445.09
1344606,13446.06
1344701,13447.01
1344797,13447.97
1344894,13448.94
1344990,13449.9
1345088,13450.88
1345188,13451.88
1345288,13452.88
1345389,13453.89
1345492,13454.92
1345596,13455.96
1345697,13456.97
1345799,13457.99
1345900,13459.0
1345998,13459.98
1346095,13460.95
1346194,13461.94
1346293,13462.93
1346390,13463.9
1346486,13464.86
1346582,13465.82
1346679,13466.79
1346776,13467.76
1346871,13468.71
1346969,13469.69
1347067,13470.67
1347164,13471.64
1347261,13472.61
1347362,13473.62
1347462,13474.62
1347561,13475.61
1347662,13476.62
1347765,13477.65
1347868,13478.68
1347970,13479.7
1348074,13480.74
1348179,13481.79
1348283,13482.83
1348382,13483.82
1348481,13484.81
1348579,13485.79
1348678,13486.78
1348773,13487.73
1348868,13488.68
1348965,13489.65
1349063,13490.63
1349159,13491.59
1349256,13492.56
1349357,13493.57
1349458,13494.58
1349558,13495.58
1349659,13496.59
1349761,13497.61
1349859,13498.59
1349958,13499.58
1350059,13500.59
1350160,13501.6
1350260,13502.6
1350357,13503.57
1350457,13504.57
1350555,13505.55
1350654,13506.54
1350751,13507.51
1350850,13508.5
1350949,13509.49
1351046,13510.46
1351142,13511.42
1351239,13512.39
1351336,13513.36
1351430,13514.3
1351524,13515.24
1351619,13516.19
1351715,13517.15
1351810,13518.1
1351905,13519.05
1352003,13520.03
1352101,13521.01
1352197,13521.97
1352294,13522.94
1352393,13523.93
1352488,13524.88
1352584,13525.84
1352681,13526.81
1352779,13527.79
1352876,13528.76
1352975,13529.75
1353075,13530.75
1353175,13531.75
1353272,13532.72
1353372,13533.72
1353470,13534.7
1353567,13535.67
1353662,13536.62
1353758,13537.58
1353854,13538.54
1353948,13539.48
1354041,13540.41
1354135,13541.35
1354229,13542.29
1354323,13543.23
1354417,13544.17
1354513,13545.13
1354610,13546.1
1354707,13547.07
1354803,13548.03
1354898,13548.98
1354993,13549.93
1355088,13550.88
1355181,13551.81
1355275,13552.75
1355370,13553.7
1355465,13554.65
1355559,13555.59
1355653,13556.53
1355748,13557.48
1355843,13558.43
1355939,13559.39
1356032,13560.32
1356129,13561.29
1356226,13562.26
1356325,13563.25
1356422,13564.22
1356519,13565.19
1356617,13566.17
1356714,13567.14
1356809,13568.09
1356905,13569.05
1357002,13570.02
1357099,13570.99
1357193,13571.93
1357287,13572.87
1357382,13573.82
1357477,13574.77
1357569,13575.69
1357663,13576.63
1357758,13577.58
1357853,13578.53
1357947,13579.47
1358041,13580.41
1358137,13581.37
1358232,13582.32
1358326,13583.26
1358421,13584.21
1358515,13585.15
1358608,13586.08
1358700,13587.0
1358793,13587.93
1358887,13588.87
1358982,13589.82
1359076,13590.76
1359171,13591.71
1359268,13592.68
1359366,13593.66
1359462,13594.62
1359558,13595.58
1359654,13596.54
1359750,13597.5
1359844,13598.44
1359938,13599.38
1360034,13600.34
1360131,13601.31
1360225,13602.25
1360319,13603.19
1360415,13604.15
1360511,13605.11
1360603,13606.03
1360696,13606.96
1360791,13607.91
1360886,13608.86
1360977,13609.77
1361070,13610.7
1361166,13611.66
1361263,13612.63
1361355,13613.55
1361447,13614.47
1361542,13615.42
1361637,13616.37
1361729,13617.29
1361821,13618.21
1361912,13619.12
1362008,13620.08
1362105,13621.05
1362198,13621.98
1362292,13622.92
1362390,13623.9
1362488,13624.88
1362583,13625.83
1362679,13626.79
1362779,13627.79
1362879,13628.79
1362976,13629.76
1363074,13630.74
1363172,13631.72
1363269,13632.69
1363365,13633.65
1363460,13634.6
1363555,13635.55
1363648,13636.48
1363738,13637.38
1363832,13638.32
1363926,13639.26
1364019,13640.19
1364110,13641.1
1364205,13642.05
1364301,13643.01
1364400,13644.0
1364494,13644.94
1364588,13645.88
1364683,13646.83
1364778,13647.78
1364869,13648.69
1364960,13649.6
1365053,13650.53
1365148,13651.48
1365240,13652.4
1365331,13653.31
1365426,13654.26
1365523,13655.23
1365619,13656.19
1365713,13657.13
1365808,13658.08
1365903,13659.03
1365997,13659.97
1366092,13660.92
1366188,13661.88
1366286,13662.86
1366381,13663.81
1366477,13664.77
1366573,13665.73
1366670,13666.7
1366766,13667.66
1366863,13668.63
1366959,13669.59
1367054,13670.54
1367147,13671.47
1367241,13672.41
1367336,13673.36
1367431,13674.31
1367524,13675.24
1367620,13676.2
1367716,13677.16
1367810,13678.1
1367904,13679.04
1367995,13679.95
1368087,13680.87
1368177,13681.77
1368263,13682.63
1368351,13683.51
1368438,13684.38
1368524,13685.24
1368612,13686.12
1368701,13687.01
1368787,13687.87
1368873,13688.73
1368958,13689.58
1369045,13690.45
1369133,13691.33
1369222,13692.22
1369313,13693.13
1369403,13694.03
1369494,13694.94
1369587,13695.87
1369680,13696.8
1369773,13697.73
1369864,13698.64
1369957,13699.57
1370051,13700.51
1370144,13701.44
1370237,13702.37
1370331,13703.31
1370427,13704.27
1370525,13705.25
1370621,13706.21
1370716,13707.16
1370812,13708.12
1370906,13709.06
1371002,13710.02
1371098,13710.98
1371193,13711.93
1371290,13712.9
1371387,13713.87
1371482,13714.82
1371580,13715.8
1371680,13716.8
1371779,13717.79
1371879,13718.79
1371982,13719.82
1372085,13720.85
1372187,13721.87
1372291,13722.91
1372394,13723.94
1372495,13724.95
1372595,13725.95
1372695,13726.95
1372791,13727.91
1372887,13728.87
1372984,13729.84
1373081,13730.81
1373178,13731.78
1373274,13732.74
1373374,13733.74
1373475,13734.75
1373576,13735.76
1373674,13736.74
1373774,13737.74
1373872,13738.72
1373970,13739.7
1374067,13740.67
1374164,13741.64
1374260,13742.6
1374357,13743.57
1374454,13744.54
1374553,13745.53
1374652,13746.52
1374752,13747.52
1374854,13748.54
1374955,13749.55
1375054,13750.54
1375154,13751.54
1375254,13752.54
1375352,13753.52
1375449,13754.49
1375547,13755.47
1375644,13756.44
1375739,13757.39
1375834,13758.34
1375931,13759.31
1376025,13760.25
1376119,13761.19
1376216,13762.16
1376314,13763.14
1376413,13764.13
1376512,13765.12
1376613,13766.13
1376712,13767.12
1376811,13768.11
1376912,13769.12
1377011,13770.11
1377111,13771.11
1377212,13772.12
1377311,13773.11
1377408,13774.08
1377507,13775.07
1377606,13776.06
1377704,13777.04
1377798,13777.98
1377893,13778.93
1377989,13779.89
1378086,13780.86
1378179,13781.79
1378272,13782.72
1378370,13783.7
1378467,13784.67
1378561,13785.61
1378656,13786.56
1378752,13787.52
1378849,13788.49
1378945,13789.45
1379044,13790.44
1379143,13791.43
1379238,13792.38
1379333,13793.33
1379429,13794.29
1379525,13795.25
1379619,13796.19
1379713,13797.13
1379807,13798.07
1379900,13799.0
1379993,13799.93
1380087,13800.87
1380181,13801.81
1380275,13802.75
1380368,13803.68
1380464,13804.64
1380560,13805.6
1380654,13806.54
1380750,13807.5
1380847,13808.47
1380945,13809.45
1381042,13810.42
1381140,13811.4
1381239,13812.39
1381338,13813.38
1381435,13814.35
1381532,13815.32
1381629,13816.29
1381723,13817.23
1381816,13818.16
1381912,13819.12
1382008,13820.08
1382104,13821.04
1382201,13822.01
1382300,13823.0
1382399,13823.99
1382497,13824.97
1382594,13825.94
1382692,13826.92
1382790,13827.9
1382886,13828.86
1382980,13829.8
1383077,13830.77
1383174,13831.74
1383268,13832.68
1383363,13833.63
1383460,13834.6
1383555,13835.55
1383648,13836.48
1383741,13837.41
1383835,13838.35
1383928,13839.28
1384020,13840.2
1384114,13841.14
1384208,13842.08
1384304,13843.04
1384398,13843.98
1384494,13844.94
1384592,13845.92
1384689,13846.89
1384785,13847.85
1384883,13848.83
1384981,13849.81
1385078,13850.78
1385173,13851.73
1385270,13852.7
1385365,13853.65
1385459,13854.59
1385554,13855.54
1385650,13856.5
1385748,13857.48
1385844,13858.44
1385942,13859.42
1386040,13860.4
1386139,13861.39
1386236,13862.36
1386334,13863.34
1386432,13864.32
1386530,13865.3
1386626,13866.26
1386724,13867.24
1386822,13868.22
1386917,13869.17
1387013,13870.13
1387110,13871.1
1387207,13872.07
1387302,13873.02
1387396,13873.96
1387492,13874.92
1387589,13875.89
1387684,13876.84
1387779,13877.79
1387877,13878.77
1387975,13879.75
1388071,13880.71
1388166,13881.66
1388263,13882.63
1388361,13883.61
1388454,13884.54
1388548,13885.48
1388645,13886.45
1388742,13887.42
1388827,13888.27
1388913,13889.13
1389015,13890.15
1389118,13891.18
1389207,13892.07
1389296,13892.96
1389382,13893.82
1389470,13894.7
1389559,13895.59
1389647,13896.47
1389740,13897.4
1389833,13898.33
1389925,13899.25
1390017,13900.17
1390107,13901.07
1390196,13901.96
1390283,13902.83
1390368,13903.68
1390455,13904.55
1390543,13905.43
1390633,13906.33
1390721,13907.21
1390811,13908.11
1390906,13909.06
1390998,13909.98
1391093,13910.93
1391185,13911.85
1391278,13912.78
1391372,13913.72
1391467,13914.67
1391562,13915.62
1391659,13916.59
1391756,13917.56
1391853,13918.53
1391952,13919.52
1392051,13920.51
1392149,13921.49
1392249,13922.49
1392351,13923.51
1392452,13924.52
1392552,13925.52
1392655,13926.55
1392756,13927.56
1392855,13928.55
1392954,13929.54
1393050,13930.5
1393146,13931.46
1393242,13932.42
1393339,13933.39
1393435,13934.35
1393527,13935.27
1393623,13936.23
1393721,13937.21
1393820,13938.2
1393916,13939.16
1394014,13940.14
1394112,13941.12
1394210,13942.1
1394306,13943.06
1394406,13944.06
1394507,13945.07
1394607,13946.07
1394704,13947.04
1394802,13948.02
1394905,13949.05
1395004,13950.04
1395101,13951.01
1395202,13952.02
1395306,13953.06
1395406,13954.06
1395506,13955.06
1395608,13956.08
1395709,13957.09
1395808,13958.08
1395907,13959.07
1396006,13960.06
1396102,13961.02
1396198,13961.98
1396294,13962.94
1396390,13963.9
1396486,13964.86
1396582,13965.82
1396679,13966.79
1396776,13967.76
1396872,13968.72
1396969,13969.69
1397067,13970.67
1397164,13971.64
1397261,13972.61
1397358,13973.58
1397457,13974.57
1397553,13975.53
1397650,13976.5
1397748,13977.48
1397848,13978.48
1397945,13979.45
1398045,13980.45
1398146,13981.46
1398245,13982.45
1398344,13983.44
1398444,13984.44
1398545,13985.45
1398643,13986.43
1398742,13987.42
1398840,13988.4
1398936,13989.36
1399033,13990.33
1399130,13991.3
1399225,13992.25
1399321,13993.21
1399417,13994.17
1399514,13995.14
1399609,13996.09
1399704,13997.04
1399800,13998.0
1399897,13998.97
1399991,13999.91
1400086,14000.86
1400181,14001.81
1400276,14002.76
1400369,14003.69
1400463,14004.63
1400559,14005.59
1400654,14006.54
1400748,14007.48
1400844,14008.44
1400940,14009.4
1401036,14010.36
1401131,14011.31
1401228,14012.28
1401325,14013.25
1401423,14014.23
1401519,14015.19
1401617,14016.17
1401715,14017.15
1401810,14018.1
1401906,14019.06
1402002,14020.02
1402096,14020.96
1402190,14021.9
1402285,14022.85
1402380,14023.8
1402475,14024.75
1402568,14025.68
1402663,14026.63
1402757,14027.57
1402850,14028.5
1402944,14029.44
1403036,14030.36
1403129,14031.29
1403223,14032.23
1403316,14033.16
1403407,14034.07
1403499,14034.99
1403593,14035.93
1403684,14036.84
1403776,14037.76
1403870,14038.7
1403965,14039.65
1404059,14040.59
1404152,14041.52
1404248,14042.48
1404346,14043.46
1404444,14044.44
1404539,14045.39
1404634,14046.34
1404731,14047.31
1404828,14048.28
1404923,14049.23
1405016,14050.16
1405111,14051.11
1405207,14052.07
1405300,14053.0
1405394,14053.94
1405492,14054.92
1405589,14055.89
1405686,14056.86
1405781,14057.81
1405877,14058.77
1405972,14059.72
1406070,14060.7
1406169,14061.69
1406267,14062.67
1406367,14063.67
1406465,14064.65
1406563,14065.63
1406661,14066.61
1406758,14067.58
1406854,14068.54
1406951,14069.51
1407048,14070.48
1407145,14071.45
1407240,14072.4
1407338,14073.38
1407437,14074.37
1407536,14075.36
1407633,14076.33
1407730,14077.3
1407829,14078.29
1407928,14079.28
1408028,14080.28
1408125,14081.25
1408222,14082.22
1408318,14083.18
1408412,14084.12
1408505,14085.05
1408598,14085.98
1408694,14086.94
1408789,14087.89
1408885,14088.85
1408985,14089.85
1409086,14090.86
1409186,14091.86
1409288,14092.88
1409391,14093.91
1409490,14094.9
1409590,14095.9
1409689,14096.89
1409785,14097.85
1409880,14098.8
1409977,14099.77
1410074,14100.74
1410169,14101.69
1410265,14102.65
1410362,14103.62
1410459,14104.59
1410556,14105.56
1410652,14106.52
1410749,14107.49
1410845,14108.45
1410943,14109.43
1411040,14110.4
1411140,14111.4
1411239,14112.39
1411336,14113.36
1411433,14114.33
1411531,14115.31
1411630,14116.3
1411728,14117.28
1411830,14118.3
1411933,14119.33
1412036,14120.36
1412138,14121.38
1412239,14122.39
1412340,14123.4
1412436,14124.36
1412534,14125.34
1412630,14126.3
1412726,14127.26
1412823,14128.23
1412918,14129.18
1413015,14130.15
1413113,14131.13
1413209,14132.09
1413305,14133.05
1413403,14134.03
1413503,14135.03
1413602,14136.02
1413700,14137.0
1413800,14138.0
1413900,14139.0
1413999,14139.99
1414095,14140.95
1414193,14141.93
1414291,14142.91
1414388,14143.88
1414485,14144.85
1414582,14145.82
1414680,14146.8
1414778,14147.78
1414872,14148.72
1414967,14149.67
1415062,14150.62
1415158,14151.58
1415254,14152.54
1415350,14153.5
1415450,14154.5
1415550,14155.5
1415650,14156.5
1415748,14157.48
1415847,14158.47
1415942,14159.42
1416040,14160.4
1416136,14161.36
1416234,14162.34
1416331,14163.31
1416428,14164.28
1416528,14165.28
1416627,14166.27
1416726,14167.26
1416827,14168.27
1416929,14169.29
1417032,14170.32
1417134,14171.34
1417237,14172.37
1417341,14173.41
1417442,14174.42
1417539,14175.39
1417637,14176.37
1417736,14177.36
1417835,14178.35
1417932,14179.32
1418029,14180.29
1418128,14181.28
1418226,14182.26
1418322,14183.22
1418413,14184.13
1418509,14185.09
1418604,14186.04
1418697,14186.97
1418790,14187.9
1418886,14188.86
1418982,14189.82
1419079,14190.79
1419177,14191.77
1419275,14192.75
1419373,14193.73
1419472,14194.72
1419569,14195.69
1419666,14196.66
1419764,14197.64
1419862,14198.62
1419958,14199.58
1420055,14200.55
1420153,14201.53
1420251,14202.51
1420350,14203.5
1420448,14204.48
1420547,14205.47
1420647,14206.47
1420746,14207.46
1420843,14208.43
1420940,14209.4
1421037,14210.37
1421135,14211.35
1421230,14212.3
1421325,14213.25
1421421,14214.21
1421518,14215.18
1421613,14216.13
1421708,14217.08
1421807,14218.07
1421906,14219.06
1422005,14220.05
1422104,14221.04
1422202,14222.02
1422298,14222.98
1422395,14223.95
1422492,14224.92
1422588,14225.88
1422685,14226.85
1422782,14227.82
1422881,14228.81
1422979,14229.79
1423078,14230.78
1423179,14231.79
1423279,14232.79
1423378,14233.78
1423479,14234.79
1423578,14235.78
1423676,14236.76
1423776,14237.76
1423876,14238.76
1423974,14239.74
1424069,14240.69
1424166,14241.66
1424263,14242.63
1424358,14243.58
1424453,14244.53
1424551,14245.51
1424650,14246.5
1424748,14247.48
1424845,14248.45
1424944,14249.44
1425041,14250.41
1425136,14251.36
1425233,14252.33
1425328,14253.28
1425423,14254.23
1425517,14255.17
1425614,14256.14
1425711,14257.11
1425807,14258.07
1425905,14259.05
1426004,14260.04
1426102,14261.02
1426198,14261.98
1426294,14262.94
1426391,14263.91
1426488,14264.88
1426586,14265.86
1426686,14266.86
1426786,14267.86
1426884,14268.84
1426985,14269.85
1427086,14270.86
1427181,14271.81
1427277,14272.77
1427372,14273.72
1427466,14274.66
1427563,14275.63
1427660,14276.6
1427759,14277.59
1427859,14278.59
1427957,14279.57
1428056,14280.56
1428157,14281.57
1428258,14282.58
1428355,14283.55
1428453,14284.53
1428551,14285.51
1428647,14286.47
1428742,14287.42
1428839,14288.39
1428937,14289.37
1429034,14290.34
1429129,14291.29
1429226,14292.26
1429323,14293.23
1429420,14294.2
1429516,14295.16
1429610,14296.1
1429706,14297.06
1429803,14298.03
1429900,14299.0
1429996,14299.96
1430093,14300.93
1430193,14301.93
1430294,14302.94
1430391,14303.91
1430489,14304.89
1430588,14305.88
1430687,14306.87
1430785,14307.85
1430885,14308.85
1430983,14309.83
1431081,14310.81
1431181,14311.81
1431279,14312.79
1431377,14313.77
1431475,14314.75
1431573,14315.73
1431672,14316.72
1431772,14317.72
1431873,14318.73
1431974,14319.74
1432074,14320.74
1432174,14321.74
1432275,14322.75
1432376,14323.76
1432475,14324.75
1432573,14325.73
1432671,14326.71
1432768,14327.68
1432862,14328.62
1432955,14329.55
1433050,14330.5
1433147,14331.47
1433245,14332.45
1433342,14333.42
1433441,14334.41
1433541,14335.41
1433638,14336.38
1433736,14337.36
1433834,14338.34
1433930,14339.3
1434026,14340.26
1434121,14341.21
1434216,14342.16
1434311,14343.11
1434405,14344.05
1434501,14345.01
1434598,14345.98
1434694,14346.94
1434794,14347.94
1434894,14348.94
1434995,14349.95
1435095,14350.95
1435196,14351.96
1435297,14352.97
1435397,14353.97
1435495,14354.95
1435593,14355.93
1435690,14356.9
1435786,14357.86
1435881,14358.81
1435976,14359.76
1436072,14360.72
1436169,14361.69
1436263,14362.63
1436358,14363.58
1436454,14364.54
1436552,14365.52
1436649,14366.49
1436748,14367.48
1436848,14368.48
1436945,14369.45
1437043,14370.43
1437142,14371.42
1437240,14372.4
1437341,14373.41
1437443,14374.43
1437543,14375.43
1437643,14376.43
1437742,14377.42
1437842,14378.42
1437942,14379.42
1438038,14380.38
1438135,14381.35
1438231,14382.31
1438328,14383.28
1438423,14384.23
1438519,14385.19
1438618,14386.18
1438716,14387.16
1438814,14388.14
1438910,14389.1
1439007,14390.07
1439106,14391.06
1439205,14392.05
1439302,14393.02
1439401,14394.01
1439499,14394.99
1439594,14395.94
1439689,14396.89
1439786,14397.86
1439883,14398.83
1439980,14399.8
1440080,14400.8
1440182,14401.82
1440285,14402.85
1440385,14403.85
1440485,14404.85
1440587,14405.87
1440686,14406.86
1440786,14407.86
1440884,14408.84
1440982,14409.82
1441082,14410.82
1441180,14411.8
1441278,14412.78
1441377,14413.77
1441476,14414.76
1441574,14415.74
1441675,14416.75
1441777,14417.77
1441878,14418.78
1441981,14419.81
1442083,14420.83
1442185,14421.85
1442285,14422.85
1442385,14423.85
1442483,14424.83
1442582,14425.82
1442679,14426.79
1442774,14427.74
1442868,14428.68
1442963,14429.63
1443058,14430.58
1443152,14431.52
1443245,14432.45
1443341,14433.41
1443439,14434.39
1443537,14435.37
1443634,14436.34
1443735,14437.35
1443837,14438.37
1443937,14439.37
1444034,14440.34
1444133,14441.33
1444229,14442.29
1444327,14443.27
1444426,14444.26
1444523,14445.23
1444620,14446.2
1444717,14447.17
1444814,14448.14
1444913,14449.13
1445013,14450.13
1445111,14451.11
1445209,14452.09
1445309,14453.09
1445408,14454.08
1445505,14455.05
1445604,14456.04
1445703,14457.03
1445802,14458.02
1445900,14459.0
1445999,14459.99
1446097,14460.97
1446196,14461.96
1446293,14462.93
1446390,14463.9
1446486,14464.86
1446583,14465.83
1446679,14466.79
1446775,14467.75
1446870,14468.7
1446965,14469.65
1447062,14470.62
1447160,14471.6
1447258,14472.58
1447356,14473.56
1447456,14474.56
1447554,14475.54
1447652,14476.52
1447752,14477.52
1447852,14478.52
1447951,14479.51
1448050,14480.5
1448148,14481.48
1448245,14482.45
1448344,14483.44
1448443,14484.43
1448541,14485.41
1448641,14486.41
1448743,14487.43
1448846,14488.46
1448949,14489.49
1449051,14490.51
1449155,14491.55
1449258,14492.58
1449359,14493.59
1449459,14494.59
1449560,14495.6
1449660,14496.6
1449759,14497.59
1449856,14498.56
1449955,14499.55
1450054,14500.54
1450153,14501.53
1450250,14502.5
1450347,14503.47
1450446,14504.46
1450547,14505.47
1450647,14506.47
1450749,14507.49
1450850,14508.5
1450949,14509.49
1451049,14510.49
1451146,14511.46
1451243,14512.43
1451341,14513.41
1451437,14514.37
1451535,14515.35
1451633,14516.33
1451731,14517.31
1451828,14518.28
1451925,14519.25
1452023,14520.23
1452120,14521.2
1452220,14522.2
1452319,14523.19
1452417,14524.17
1452517,14525.17
1452616,14526.16
1452716,14527.16
1452816,14528.16
1452913,14529.13
1453012,14530.12
1453111,14531.11
1453211,14532.11
1453310,14533.1
1453411,14534.11
1453509,14535.09
1453608,14536.08
1453703,14537.03
1453798,14537.98
1453894,14538.94
1453990,14539.9
1454087,14540.87
1454183,14541.83
1454282,14542.82
1454381,14543.81
1454481,14544.81
1454580,14545.8
1454679,14546.79
1454775,14547.75
1454872,14548.72
1454969,14549.69
1455066,14550.66
1455163,14551.63
1455260,14552.6
1455356,14553.56
1455454,14554.54
1455551,14555.51
1455650,14556.5
1455747,14557.47
1455846,14558.46
1455946,14559.46
1456045,14560.45
1456143,14561.43
1456241,14562.41
1456339,14563.39
1456437,14564.37
1456532,14565.32
1456629,14566.29
1456726,14567.26
1456824,14568.24
1456921,14569.21
1457017,14570.17
1457116,14571.16
1457215,14572.15
1457312,14573.12
1457411,14574.11
1457511,14575.11
1457609,14576.09
1457705,14577.05
1457803,14578.03
1457899,14578.99
1457996,14579.96
1458095,14580.95
1458192,14581.92
1458292,14582.92
1458393,14583.93
1458493,14584.93
1458593,14585.93
1458694,14586.94
1458794,14587.94
1458895,14588.95
1458996,14589.96
1459096,14590.96
1459195,14591.95
1459295,14592.95
1459394,14593.94
1459494,14594.94
1459593,14595.93
1459693,14596.93
1459792,14597.92
1459892,14598.92
1459991,14599.91
1460088,14600.88
1460187,14601.87
1460286,14602.86
1460385,14603.85
1460480,14604.8
1460572,14605.72
1460666,14606.66
1460761,14607.61
1460857,14608.57
1460953,14609.53
1461052,14610.52
1461152,14611.52
1461252,14612.52
1461354,14613.54
1461457,14614.57
1461559,14615.59
1461661,14616.61
1461764,14617.64
1461864,14618.64
1461964,14619.64
1462064,14620.64
1462164,14621.64
1462261,14622.61
1462358,14623.58
1462457,14624.57
1462555,14625.55
1462654,14626.54
1462751,14627.51
1462849,14628.49
1462945,14629.45
1463041,14630.41
1463137,14631.37
1463237,14632.37
1463337,14633.37
1463438,14634.38
1463538,14635.38
1463639,14636.39
1463741,14637.41
1463844,14638.44
1463945,14639.45
1464047,14640.47
1464151,14641.51
1464253,14642.53
1464355,14643.55
1464458,14644.58
1464562,14645.62
1464665,14646.65
1464766,14647.66
1464868,14648.68
1464968,14649.68
1465068,14650.68
1465168,14651.68
1465268,14652.68
1465365,14653.65
1465461,14654.61
1465559,14655.59
1465658,14656.58
1465756,14657.56
1465857,14658.57
1465958,14659.58
1466057,14660.57
1466154,14661.54
1466253,14662.53
1466349,14663.49
1466446,14664.46
1466546,14665.46
1466646,14666.46
1466746,14667.46
1466847,14668.47
1466948,14669.48
1467050,14670.5
1467153,14671.53
1467256,14672.56
1467357,14673.57
1467460,14674.6
1467562,14675.62
1467662,14676.62
1467760,14677.6
1467858,14678.58
1467955,14679.55
1468051,14680.51
1468145,14681.45
1468242,14682.42
1468340,14683.4
1468437,14684.37
1468533,14685.33
1468628,14686.28
1468725,14687.25
1468822,14688.22
1468918,14689.18
1469016,14690.16
1469113,14691.13
1469209,14692.09
1469306,14693.06
1469404,14694.04
1469502,14695.02
1469598,14695.98
1469694,14696.94
1469789,14697.89
1469886,14698.86
1469984,14699.84
1470081,14700.81
1470180,14701.8
1470280,14702.8
1470380,14703.8
1470480,14704.8
1470579,14705.79
1470678,14706.78
1470778,14707.78
1470878,14708.78
1470977,14709.77
1471077,14710.77
1471177,14711.77
1471278,14712.78
1471378,14713.78
1471476,14714.76
1471576,14715.76
1471675,14716.75
1471775,14717.75
1471874,14718.74
1471971,14719.71
1472069,14720.69
1472167,14721.67
1472264,14722.64
1472362,14723.62
1472459,14724.59
1472556,14725.56
1472652,14726.52
1472748,14727.48
1472847,14728.47
1472947,14729.47
1473047,14730.47
1473152,14731.52
1473257,14732.57
1473358,14733.58
1473461,14734.61
1473561,14735.61
1473659,14736.59
1473759,14737.59
1473855,14738.55
1473951,14739.51
1474044,14740.44
1474138,14741.38
1474234,14742.34
1474329,14743.29
1474424,14744.24
1474522,14745.22
1474619,14746.19
1474719,14747.19
1474820,14748.2
1474923,14749.23
1475024,14750.24
1475125,14751.25
1475226,14752.26
1475328,14753.28
1475428,14754.28
1475529,14755.29
1475627,14756.27
1475726,14757.26
1475826,14758.26
1475924,14759.24
1476023,14760.23
1476120,14761.2
1476216,14762.16
1476313,14763.13
1476413,14764.13
1476512,14765.12
1476611,14766.11
1476713,14767.13
1476816,14768.16
1476919,14769.19
1477022,14770.22
1477124,14771.24
1477227,14772.27
1477329,14773.29
1477427,14774.27
1477526,14775.26
1477623,14776.23
1477720,14777.2
1477819,14778.19
1477916,14779.16
1478016,14780.16
1478118,14781.18
1478218,14782.18
1478320,14783.2
1478423,14784.23
1478526,14785.26
1478627,14786.27
1478729,14787.29
1478831,14788.31
1478932,14789.32
1479030,14790.3
1479130,14791.3
1479228,14792.28
1479327,14793.27
1479426,14794.26
1479524,14795.24
1479622,14796.22
1479720,14797.2
1479818,14798.18
1479914,14799.14
1480010,14800.1
1480107,14801.07
1480204,14802.04
1480300,14803.0
1480397,14803.97
1480494,14804.94
1480593,14805.93
1480693,14806.93
1480791,14807.91
1480891,14808.91
1480992,14809.92
1481086,14810.86
1481180,14811.8
1481287,14812.87
1481382,14813.82
1481485,14814.85
1481582,14815.82
1481677,14816.77
1481774,14817.74
1481871,14818.71
1481966,14819.66
1482065,14820.65
1482162,14821.62
1482260,14822.6
1482359,14823.59
1482459,14824.59
1482558,14825.58
1482658,14826.58
1482757,14827.57
1482856,14828.56
1482956,14829.56
1483056,14830.56
1483156,14831.56
1483255,14832.55
1483354,14833.54
1483453,14834.53
1483551,14835.51
1483649,14836.49
1483746,14837.46
1483843,14838.43
1483939,14839.39
1484034,14840.34
1484128,14841.28
1484223,14842.23
1484319,14843.19
1484415,14844.15
1484510,14845.1
1484610,14846.1
1484710,14847.1
1484809,14848.09
1484908,14849.08
1485009,14850.09
1485108,14851.08
1485206,14852.06
1485305,14853.05
1485404,14854.04
1485501,14855.01
1485598,14855.98
1485695,14856.95
1485792,14857.92
1485891,14858.91
1485988,14859.88
1486085,14860.85
1486184,14861.84
1486283,14862.83
1486380,14863.8
1486479,14864.79
1486578,14865.78
1486675,14866.75
1486774,14867.74
1486873,14868.73
1486973,14869.73
1487072,14870.72
1487171,14871.71
1487271,14872.71
1487372,14873.72
1487472,14874.72
1487571,14875.71
1487669,14876.69
1487767,14877.67
1487866,14878.66
1487966,14879.66
1488067,14880.67
1488166,14881.66
1488266,14882.66
1488368,14883.68
1488469,14884.69
1488569,14885.69
1488670,14886.7
1488773,14887.73
1488875,14888.75
1488978,14889.78
1489082,14890.82
1489186,14891.86
1489287,14892.87
1489390,14893.9
1489491,14894.91
1489592,14895.92
1489691,14896.91
1489788,14897.88
1489883,14898.83
1489980,14899.8
1490075,14900.75
1490174,14901.74
1490273,14902.73
1490373,14903.73
1490475,14904.75
1490577,14905.77
1490679,14906.79
1490784,14907.84
1490889,14908.89
1490992,14909.92
1491097,14910.97
1491203,14912.03
1491307,14913.07
1491411,14914.11
1491514,14915.14
1491617,14916.17
1491718,14917.18
1491819,14918.19
1491918,14919.18
1492013,14920.13
1492110,14921.1
1492208,14922.08
1492305,14923.05
1492401,14924.01
1492495,14924.95
1492591,14925.91
1492688,14926.88
1492783,14927.83
1492879,14928.79
1492977,14929.77
1493076,14930.76
1493175,14931.75
1493274,14932.74
1493374,14933.74
1493472,14934.72
1493570,14935.7
1493670,14936.7
1493767,14937.67
1493865,14938.65
1493959,14939.59
1494053,14940.53
1494147,14941.47
1494238,14942.38
1494330,14943.3
1494419,14944.19
1494504,14945.04
1494589,14945.89
1494672,14946.72
1494752,14947.52
1494831,14948.31
1494910,14949.1
1494987,14949.87
1495062,14950.62
1495136,14951.36
1495209,14952.09
1495281,14952.81
1495353,14953.53
1495425,14954.25
1495496,14954.96
1495567,14955.67
1495641,14956.41
1495715,14957.15
1495792,14957.92
1495872,14958.72
1495955,14959.55
1496043,14960.43
1496136,14961.36
1496233,14962.33
1496334,14963.34
1496436,14964.36
1496539,14965.39
1496643,14966.43
1496747,14967.47
1496850,14968.5
1496953,14969.53
1497056,14970.56
1497154,14971.54
1497250,14972.5
1497342,14973.42
1497434,14974.34
1497525,14975.25
1497620,14976.2
1497719,14977.19
1497818,14978.18
1497921,14979.21
1498028,14980.28
1498132,14981.32
1498239,14982.39
1498346,14983.46
1498453,14984.53
1498560,14985.6
1498667,14986.67
1498773,14987.73
1498878,14988.78
1498981,14989.81
1499081,14990.81
1499182,14991.82
1499283,14992.83
1499385,14993.85
1499486,14994.86
1499587,14995.87
1499688,14996.88
1499788,14997.88
1499887,14998.87
1499987,14999.87
1500088,15000.88
1500190,15001.9
1500293,15002.93
1500397,15003.97
1500497,15004.97
1500600,15006.0
1500703,15007.03
1500806,15008.06
1500914,15009.14
1501022,15010.22
1501128,15011.28
1501237,15012.37
1501345,15013.45
1501450,15014.5
1501558,15015.58
1501665,15016.65
1501769,15017.69
1501871,15018.71
1501974,15019.74
1502076,15020.76
1502178,15021.78
1502278,15022.78
1502378,15023.78
1502480,15024.8
1502583,15025.83
1502686,15026.86
1502788,15027.88
1502889,15028.89
1502987,15029.87
1503085,15030.85
1503182,15031.82
1503279,15032.79
1503376,15033.76
1503473,15034.73
1503570,15035.7
1503669,15036.69
1503767,15037.67
1503865,15038.65
1503966,15039.66
1504065,15040.65
1504166,15041.66
1504272,15042.72
1504376,15043.76
1504480,15044.8
1504583,15045.83
1504686,15046.86
1504790,15047.9
1504892,15048.92
1504992,15049.92
1505092,15050.92
1505192,15051.92
1505291,15052.91
1505391,15053.91
1505491,15054.91
1505591,15055.91
1505692,15056.92
1505794,15057.94
1505897,15058.97
1505999,15059.99
1506098,15060.98
1506197,15061.97
1506295,15062.95
1506393,15063.93
1506491,15064.91
1506589,15065.89
1506684,15066.84
1506781,15067.81
1506877,15068.77
1506973,15069.73
1507069,15070.69
1507169,15071.69
1507270,15072.7
1507366,15073.66
1507464,15074.64
1507564,15075.64
1507662,15076.62
1507762,15077.62
1507862,15078.62
1507961,15079.61
1508061,15080.61
1508162,15081.62
1508262,15082.62
1508361,15083.61
1508460,15084.6
1508558,15085.58
1508654,15086.54
1508752,15087.52
1508851,15088.51
1508949,15089.49
1509047,15090.47
1509145,15091.45
1509244,15092.44
1509344,15093.44
1509444,15094.44
1509545,15095.45
1509644,15096.44
1509745,15097.45
1509845,15098.45
1509942,15099.42
1510040,15100.4
1510137,15101.37
1510235,15102.35
1510334,15103.34
1510431,15104.31
1510526,15105.26
1510623,15106.23
1510720,15107.2
1510816,15108.16
1510914,15109.14
1511013,15110.13
1511111,15111.11
1511211,15112.11
1511310,15113.1
1511409,15114.09
1511509,15115.09
1511609,15116.09
1511708,15117.08
1511807,15118.07
1511906,15119.06
1512005,15120.05
1512101,15121.01
1512198,15121.98
1512294,15122.94
1512390,15123.9
1512484,15124.84
1512578,15125.78
1512675,15126.75
1512772,15127.72
1512868,15128.68
1512965,15129.65
1513063,15130.63
1513162,15131.62
1513260,15132.6
1513359,15133.59
1513459,15134.59
1513559,15135.59
1513660,15136.6
1513760,15137.6
1513862,15138.62
1513958,15139.58
1514054,15140.54
1514149,15141.49
1514242,15142.42
1514335,15143.35
1514433,15144.33
1514529,15145.29
1514629,15146.29
1514730,15147.3
1514830,15148.3
1514930,15149.3
1515031,15150.31
1515131,15151.31
1515230,15152.3
1515330,15153.3
1515429,15154.29
1515528,15155.28
1515629,15156.29
1515731,15157.31
1515831,15158.31
1515930,15159.3
1516031,15160.31
1516131,15161.31
1516231,15162.31
1516330,15163.3
1516427,15164.27
1516525,15165.25
1516623,15166.23
1516721,15167.21
1516817,15168.17
1516915,15169.15
1517009,15170.09
1517103,15171.03
1517202,15172.02
1517302,15173.02
1517399,15173.99
1517497,15174.97
1517595,15175.95
1517696,15176.96
1517797,15177.97
1517897,15178.97
1518000,15180.0
1518104,15181.04
1518207,15182.07
1518311,15183.11
1518414,15184.14
1518515,15185.15
1518614,15186.14
1518714,15187.14
1518813,15188.13
1518912,15189.12
1519012,15190.12
1519111,15191.11
1519211,15192.11
1519311,15193.11
1519411,15194.11
1519511,15195.11
1519611,15196.11
1519711,15197.11
1519808,15198.08
1519906,15199.06
1520004,15200.04
1520102,15201.02
1520200,15202.0
1520302,15203.02
1520402,15204.02
1520503,15205.03
1520606,15206.06
1520707,15207.07
1520807,15208.07
1520909,15209.09
1521012,15210.12
1521112,15211.12
1521212,15212.12
1521313,15213.13
1521414,15214.14
1521514,15215.14
1521611,15216.11
1521710,15217.1
1521809,15218.09
1521907,15219.07
1522005,15220.05
1522104,15221.04
1522204,15222.04
1522304,15223.04
1522403,15224.03
1522502,15225.02
1522605,15226.05
1522706,15227.06
1522807,15228.07
1522908,15229.08
1523007,15230.07
1523107,15231.07
1523208,15232.08
1523307,15233.07
1523406,15234.06
1523508,15235.08
1523607,15236.07
1523707,15237.07
1523808,15238.08
1523907,15239.07
1524008,15240.08
1524110,15241.1
1524210,15242.1
1524310,15243.1
1524411,15244.11
1524511,15245.11
1524611,15246.11
1524711,15247.11
1524811,15248.11
1524912,15249.12
1525013,15250.13
1525112,15251.12
1525211,15252.11
1525310,15253.1
1525409,15254.09
1525507,15255.07
1525604,15256.04
1525703,15257.03
1525801,15258.01
1525897,15258.97
1525994,15259.94
1526092,15260.92
1526190,15261.9
1526288,15262.88
1526387,15263.87
1526486,15264.86
1526583,15265.83
1526680,15266.8
1526778,15267.78
1526875,15268.75
1526976,15269.76
1527081,15270.81
1527185,15271.85
1527289,15272.89
1527394,15273.94
1527497,15274.97
1527599,15275.99
1527700,15277.0
1527801,15278.01
1527900,15279.0
1527999,15279.99
1528099,15280.99
1528199,15281.99
1528297,15282.97
1528397,15283.97
1528497,15284.97
1528600,15286.0
1528701,15287.01
1528807,15288.07
1528912,15289.12
1529015,15290.15
1529120,15291.2
1529223,15292.23
1529325,15293.25
1529426,15294.26
1529528,15295.28
1529626,15296.26
1529725,15297.25
1529825,15298.25
1529924,15299.24
1530027,15300.27
1530130,15301.3
1530231,15302.31
1530334,15303.34
1530438,15304.38
1530541,15305.41
1530645,15306.45
1530746,15307.46
1530847,15308.47
1530948,15309.48
1531050,15310.5
1531150,15311.5
1531252,15312.52
1531353,15313.53
1531455,15314.55
1531555,15315.55
1531655,15316.55
1531752,15317.52
1531850,15318.5
1531948,15319.48
1532045,15320.45
1532140,15321.4
1532237,15322.37
1532335,15323.35
1532434,15324.34
1532532,15325.32
1532630,15326.3
1532729,15327.29
1532829,15328.29
1532928,15329.28
1533028,15330.28
1533130,15331.3
1533227,15332.27
1533324,15333.24
1533422,15334.22
1533519,15335.19
1533619,15336.19
1533719,15337.19
1533822,15338.22
1533926,15339.26
1534028,15340.28
1534131,15341.31
1534234,15342.34
1534337,15343.37
1534439,15344.39
1534542,15345.42
1534642,15346.42
1534743,15347.43
1534845,15348.45
1534947,15349.47
1535047,15350.47
1535148,15351.48
1535248,15352.48
1535348,15353.48
1535448,15354.48
1535546,15355.46
1535643,15356.43
1535741,15357.41
1535838,15358.38
1535933,15359.33
1536028,15360.28
1536125,15361.25
1536223,15362.23
1536322,15363.22
1536422,15364.22
1536523,15365.23
1536620,15366.2
1536717,15367.17
1536812,15368.12
1536907,15369.07
1537005,15370.05
1537103,15371.03
1537202,15372.02
1537301,15373.01
1537399,15373.99
1537497,15374.97
1537597,15375.97
1537694,15376.94
1537793,15377.93
1537892,15378.92
1537992,15379.92
1538091,15380.91
1538190,15381.9
1538291,15382.91
1538391,15383.91
1538492,15384.92
1538591,15385.91
1538690,15386.9
1538789,15387.89
1538889,15388.89
1538986,15389.86
1539084,15390.84
1539183,15391.83
1539284,15392.84
1539383,15393.83
1539482,15394.82
1539583,15395.83
1539684,15396.84
1539786,15397.86
1539887,15398.87
1539989,15399.89
1540091,15400.91
1540190,15401.9
1540287,15402.87
1540387,15403.87
1540485,15404.85
1540587,15405.87
1540689,15406.89
1540790,15407.9
1540893,15408.93
1540994,15409.94
1541095,15410.95
1541197,15411.97
1541299,15412.99
1541399,15413.99
1541499,15414.99
1541600,15416.0
1541699,15416.99
1541799,15417.99
1541900,15419.0
1542002,15420.02
1542103,15421.03
1542204,15422.04
1542305,15423.05
1542406,15424.06
1542506,15425.06
1542605,15426.05
1542704,15427.04
1542803,15428.03
1542902,15429.02
1543000,15430.0
1543100,15431.0
1543200,15432.0
1543300,15433.0
1543398,15433.98
1543499,15434.99
1543600,15436.0
1543698,15436.98
1543797,15437.97
1543895,15438.95
1543993,15439.93
1544096,15440.96
1544198,15441.98
1544302,15443.02
1544404,15444.04
1544506,15445.06
1544609,15446.09
1544711,15447.11
1544813,15448.13
1544916,15449.16
1545019,15450.19
1545119,15451.19
1545220,15452.2
1545320,15453.2
1545420,15454.2
1545520,15455.2
1545617,15456.17
1545716,15457.16
1545815,15458.15
1545916,15459.16
1546016,15460.16
1546117,15461.17
1546220,15462.2
1546327,15463.27
1546432,15464.32
1546535,15465.35
1546636,15466.36
1546736,15467.36
1546832,15468.32
1546926,15469.26
1547018,15470.18
1547115,15471.15
1547216,15472.16
1547316,15473.16
1547421,15474.21
1547526,15475.26
1547631,15476.31
1547736,15477.36
1547843,15478.43
1547948,15479.48
1548054,15480.54
1548161,15481.61
1548267,15482.67
1548371,15483.71
1548476,15484.76
1548581,15485.81
1548687,15486.87
1548792,15487.92
1548895,15488.95
1548995,15489.95
1549095,15490.95
1549194,15491.94
1549292,15492.92
1549388,15493.88
1549484,15494.84
1549580,15495.8
1549679,15496.79
1549779,15497.79
1549878,15498.78
1549980,15499.8
1550086,15500.86
1550191,15501.91
1550298,15502.98
1550397,15503.97
1550496,15504.96
1550596,15505.96
1550694,15506.94
1550795,15507.95
1550896,15508.96
1550994,15509.94
1551090,15510.9
1551184,15511.84
1551276,15512.76
1551368,15513.68
1551462,15514.62
1551555,15515.55
1551649,15516.49
1551746,15517.46
1551844,15518.44
1551943,15519.43
1552041,15520.41
1552140,15521.4
1552240,15522.4
1552340,15523.4
1552439,15524.39
1552537,15525.37
1552637,15526.37
1552736,15527.36
1552837,15528.37
1552938,15529.38
1553039,15530.39
1553138,15531.38
1553237,15532.37
1553338,15533.38
1553439,15534.39
1553538,15535.38
1553637,15536.37
1553738,15537.38
1553840,15538.4
1553940,15539.4
1554040,15540.4
1554142,15541.42
1554243,15542.43
1554340,15543.4
1554438,15544.38
1554534,15545.34
1554630,15546.3
1554727,15547.27
1554827,15548.27
1554926,15549.26
1555028,15550.28
1555129,15551.29
1555232,15552.32
1555336,15553.36
1555441,15554.41
1555545,15555.45
1555650,15556.5
1555754,15557.54
1555856,15558.56
1555955,15559.55
1556056,15560.56
1556156,15561.56
1556257,15562.57
1556358,15563.58
1556459,15564.59
1556558,15565.58
1556657,15566.57
1556756,15567.56
1556855,15568.55
1556954,15569.54
1557051,15570.51
1557149,15571.49
1557248,15572.48
1557348,15573.48
1557445,15574.45
1557543,15575.43
1557638,15576.38
1557733,15577.33
1557828,15578.28
1557922,15579.22
1558021,15580.21
1558120,15581.2
1558219,15582.19
1558323,15583.23
1558427,15584.27
1558530,15585.3
1558634,15586.34
1558738,15587.38
1558839,15588.39
1558942,15589.42
1559044,15590.44
1559148,15591.48
1559251,15592.51
1559354,15593.54
1559459,15594.59
1559563,15595.63
1559666,15596.66
1559769,15597.69
1559871,15598.71
1559972,15599.72
1560073,15600.73
1560172,15601.72
1560272,15602.72
1560372,15603.72
1560472,15604.72
1560571,15605.71
1560671,15606.71
1560773,15607.73
1560875,15608.75
1560972,15609.72
1561071,15610.71
1561167,15611.67
1561264,15612.64
1561363,15613.63
1561462,15614.62
1561561,15615.61
1561662,15616.62
1561762,15617.62
1561863,15618.63
1561966,15619.66
1562068,15620.68
1562170,15621.7
1562273,15622.73
1562378,15623.78
1562482,15624.82
1562584,15625.84
1562687,15626.87
1562790,15627.9
1562893,15628.93
1562995,15629.95
1563097,15630.97
1563197,15631.97
1563297,15632.97
1563398,15633.98
1563498,15634.98
1563600,15636.0
1563700,15637.0
1563800,15638.0
1563902,15639.02
1564006,15640.06
1564110,15641.1
1564215,15642.15
1564318,15643.18
1564419,15644.19
1564519,15645.19
1564621,15646.21
1564724,15647.24
1564827,15648.27
1564933,15649.33
1565036,15650.36
1565138,15651.38
1565242,15652.42
1565346,15653.46
1565448,15654.48
1565551,15655.51
1565657,15656.57
1565761,15657.61
1565866,15658.66
1565971,15659.71
1566078,15660.78
1566182,15661.82
1566286,15662.86
1566390,15663.9
1566495,15664.95
1566598,15665.98
1566700,15667.0
1566802,15668.02
1566906,15669.06
1567010,15670.1
1567112,15671.12
1567213,15672.13
1567316,15673.16
1567419,15674.19
1567521,15675.21
1567622,15676.22
1567724,15677.24
1567826,15678.26
1567924,15679.24
1568022,15680.22
1568120,15681.2
1568220,15682.2
1568320,15683.2
1568419,15684.19
1568520,15685.2
1568620,15686.2
1568720,15687.2
1568822,15688.22
1568924,15689.24
1569027,15690.27
1569132,15691.32
1569237,15692.37
1569341,15693.41
1569447,15694.47
1569554,15695.54
1569660,15696.6
1569766,15697.66
1569869,15698.69
1569972,15699.72
1570072,15700.72
1570170,15701.7
1570268,15702.68
1570366,15703.66
1570462,15704.62
1570559,15705.59
1570658,15706.58
1570755,15707.55
1570852,15708.52
1570949,15709.49
1571048,15710.48
1571147,15711.47
1571246,15712.46
1571345,15713.45
1571444,15714.44
1571542,15715.42
1571638,15716.38
1571737,15717.37
1571831,15718.31
1571928,15719.28
1572024,15720.24
1572121,15721.21
1572221,15722.21
1572319,15723.19
1572416,15724.16
1572514,15725.14
1572613,15726.13
1572710,15727.1
1572809,15728.09
1572907,15729.07
1573004,15730.04
1573102,15731.02
1573200,15732.0
1573298,15732.98
1573397,15733.97
1573497,15734.97
1573598,15735.98
1573699,15736.99
1573797,15737.97
1573896,15738.96
1573994,15739.94
1574092,15740.92
1574190,15741.9
1574288,15742.88
1574385,15743.85
1574484,15744.84
1574582,15745.82
1574679,15746.79
1574775,15747.75
1574875,15748.75
1574975,15749.75
1575074,15750.74
1575172,15751.72
1575272,15752.72
1575372,15753.72
1575476,15754.76
1575580,15755.8
1575685,15756.85
1575791,15757.91
1575893,15758.93
1575996,15759.96
1576100,15761.0
1576203,15762.03
1576306,15763.06
1576410,15764.1
1576513,15765.13
1576615,15766.15
1576718,15767.18
1576823,15768.23
1576928,15769.28
1577030,15770.3
1577131,15771.31
1577231,15772.31
1577332,15773.32
1577432,15774.32
1577530,15775.3
1577631,15776.31
1577732,15777.32
1577831,15778.31
1577932,15779.32
1578034,15780.34
1578134,15781.34
1578234,15782.34
1578336,15783.36
1578437,15784.37
1578533,15785.33
1578629,15786.29
1578727,15787.27
1578823,15788.23
1578919,15789.19
1579017,15790.17
1579114,15791.14
1579213,15792.13
1579313,15793.13
1579412,15794.12
1579513,15795.13
1579615,15796.15
1579716,15797.16
1579818,15798.18
1579921,15799.21
1580024,15800.24
1580125,15801.25
1580227,15802.27
1580330,15803.3
1580433,15804.33
1580535,15805.35
1580636,15806.36
1580738,15807.38
1580841,15808.41
1580944,15809.44
1581045,15810.45
1581147,15811.47
1581250,15812.5
1581353,15813.53
1581454,15814.54
1581556,15815.56
1581659,15816.59
1581760,15817.6
1581861,15818.61
1581965,15819.65
1582070,15820.7
1582174,15821.74
1582279,15822.79
1582385,15823.85
1582486,15824.86
1582588,15825.88
1582688,15826.88
1582789,15827.89
1582892,15828.92
1582993,15829.93
1583094,15830.94
1583197,15831.97
1583300,15833.0
1583403,15834.03
1583504,15835.04
1583606,15836.06
1583708,15837.08
1583809,15838.09
1583909,15839.09
1584011,15840.11
1584111,15841.11
1584209,15842.09
1584307,15843.07
1584406,15844.06
1584505,15845.05
1584604,15846.04
1584702,15847.02
1584800,15848.0
1584900,15849.0
1585003,15850.03
1585105,15851.05
1585208,15852.08
1585317,15853.17
1585428,15854.28
1585542,15855.42
1585657,15856.57
1585773,15857.73
1585894,15858.94
1586014,15860.14
1586135,15861.35
1586254,15862.54
1586370,15863.7
1586486,15864.86
1586601,15866.01
1586713,15867.13
1586823,15868.23
1586933,15869.33
1587040,15870.4
1587147,15871.47
1587254,15872.54
1587360,15873.6
1587464,15874.64
1587569,15875.69
1587673,15876.73
1587773,15877.73
1587872,15878.72
1587966,15879.66
1588062,15880.62
1588154,15881.54
1588249,15882.49
1588344,15883.44
1588440,15884.4
1588536,15885.36
1588635,15886.35
1588735,15887.35
1588836,15888.36
1588940,15889.4
1589045,15890.45
1589150,15891.5
1589254,15892.54
1589358,15893.58
1589462,15894.62
1589563,15895.63
1589664,15896.64
1589764,15897.64
1589864,15898.64
1589964,15899.64
1590063,15900.63
1590162,15901.62
1590262,15902.62
1590362,15903.62
1590461,15904.61
1590560,15905.6
1590659,15906.59
1590760,15907.6
1590862,15908.62
1590964,15909.64
1591066,15910.66
1591170,15911.7
1591275,15912.75
1591380,15913.8
1591487,15914.87
1591595,15915.95
1591701,15917.01
1591808,15918.08
1591915,15919.15
1592022,15920.22
1592129,15921.29
1592238,15922.38
1592348,15923.48
1592455,15924.55
1592563,15925.63
1592677,15926.77
1592788,15927.88
1592898,15928.98
1593009,15930.09
1593119,15931.19
1593226,15932.26
1593333,15933.33
1593440,15934.4
1593545,15935.45
1593650,15936.5
1593756,15937.56
1593866,15938.66
1593978,15939.78
1594088,15940.88
1594198,15941.98
1594310,15943.1
1594421,15944.21
1594532,15945.32
1594644,15946.44
1594758,15947.58
1594870,15948.7
1594984,15949.84
1595098,15950.98
1595207,15952.07
1595313,15953.13
1595422,15954.22
1595529,15955.29
1595633,15956.33
1595741,15957.41
1595851,15958.51
1595958,15959.58
1596067,15960.67
1596177,15961.77
1596282,15962.82
1596387,15963.87
1596496,15964.96
1596602,15966.02
1596705,15967.05
1596812,15968.12
1596919,15969.19
1597020,15970.2
1597122,15971.22
1597226,15972.26
1597328,15973.28
1597430,15974.3
1597538,15975.38
1597646,15976.46
1597754,15977.54
1597867,15978.67
1597980,15979.8
1598091,15980.91
1598205,15982.05
1598316,15983.16
1598432,15984.32
1598543,15985.43
1598650,15986.5
1598760,15987.6
1598865,15988.65
1598964,15989.64
1599065,15990.65
1599157,15991.57
1599248,15992.48
1599336,15993.36
1599423,15994.23
1599506,15995.06
1599591,15995.91
1599673,15996.73
1599753,15997.53
1599836,15998.36
1599917,15999.17
1599997,15999.97
1600077,16000.77
1600158,16001.58
1600239,16002.39
1600320,16003.2
1600402,16004.02
1600485,16004.85
1600568,16005.68
1600653,16006.53
1600737,16007.37
1600822,16008.22
1600906,16009.06
1600991,16009.91
1601075,16010.75
1601159,16011.59
1601244,16012.44
1601326,16013.26
1601409,16014.09
1601491,16014.91
1601574,16015.74
1601657,16016.57
1601742,16017.42
1601827,16018.27
1601914,16019.14
1602005,16020.05
1602101,16021.01
1602200,16022.0
1602300,16023.0
1602404,16024.04
1602510,16025.1
1602617,16026.17
1602722,16027.22
1602828,16028.28
1602936,16029.36
1603040,16030.4
1603144,16031.44
1603249,16032.49
1603348,16033.48
1603448,16034.48
1603546,16035.46
1603642,16036.42
1603741,16037.41
1603840,16038.4
1603938,16039.38
1604038,16040.38
1604138,16041.38
1604236,16042.36
1604336,16043.36
1604437,16044.37
1604539,16045.39
1604641,16046.41
1604742,16047.42
1604845,16048.45
1604947,16049.47
1605050,16050.5
1605156,16051.56
1605264,16052.64
1605373,16053.73
1605483,16054.83
1605597,16055.97
1605713,16057.13
1605831,16058.31
1605947,16059.47
1606065,16060.65
1606185,16061.85
1606302,16063.02
1606420,16064.2
1606537,16065.37
1606653,16066.53
1606774,16067.74
1606894,16068.94
1607015,16070.15
1607136,16071.36
1607255,16072.55
1607372,16073.72
1607486,16074.86
1607600,16076.0
1607711,16077.11
1607819,16078.19
1607925,16079.25
1608031,16080.31
1608133,16081.33
1608233,16082.33
1608335,16083.35
1608436,16084.36
1608534,16085.34
1608633,16086.33
1608733,16087.33
1608831,16088.31
1608929,16089.29
1609022,16090.22
1609117,16091.17
1609206,16092.06
1609293,16092.93
1609379,16093.79
1609466,16094.66
1609549,16095.49
1609633,16096.33
1609719,16097.19
1609805,16098.05
1609890,16098.9
1609979,16099.79
1610071,16100.71
1610166,16101.66
1610263,16102.63
1610362,16103.62
1610462,16104.62
1610560,16105.6
1610660,16106.6
1610760,16107.6
1610860,16108.6
1610959,16109.59
1611057,16110.57
1611154,16111.54
1611251,16112.51
1611347,16113.47
1611441,16114.41
1611536,16115.36
1611630,16116.3
1611724,16117.24
1611818,16118.18
1611910,16119.1
1612002,16120.02
1612098,16120.98
1612197,16121.97
1612295,16122.95
1612394,16123.94
1612495,16124.95
1612593,16125.93
1612692,16126.92
1612793,16127.93
1612894,16128.94
1612993,16129.93
1613093,16130.93
1613193,16131.93
1613292,16132.92
1613390,16133.9
1613488,16134.88
1613586,16135.86
1613684,16136.84
1613781,16137.81
1613879,16138.79
1613978,16139.78
1614076,16140.76
1614174,16141.74
1614275,16142.75
1614374,16143.74
1614475,16144.75
1614576,16145.76
1614676,16146.76
1614777,16147.77
1614880,16148.8
1614985,16149.85
1615089,16150.89
1615195,16151.95
1615305,16153.05
1615416,16154.16
1615522,16155.22
1615629,16156.29
1615734,16157.34
1615838,16158.38
1615942,16159.42
1616046,16160.46
1616149,16161.49
1616252,16162.52
1616356,16163.56
1616453,16164.53
1616550,16165.5
1616644,16166.44
1616737,16167.37
1616825,16168.25
1616915,16169.15
1617003,16170.03
1617093,16170.93
1617181,16171.81
1617274,16172.74
1617369,16173.69
1617468,16174.68
1617566,16175.66
1617667,16176.67
1617770,16177.7
1617874,16178.74
1617978,16179.78
1618079,16180.79
1618179,16181.79
1618278,16182.78
1618376,16183.76
1618473,16184.73
1618571,16185.71
1618668,16186.68
1618764,16187.64
1618859,16188.59
1618956,16189.56
1619053,16190.53
1619149,16191.49
1619245,16192.45
1619341,16193.41
1619438,16194.38
1619535,16195.35
1619632,16196.32
1619728,16197.28
1619825,16198.25
1619923,16199.23
1620019,16200.19
1620115,16201.15
1620199,16201.99
1620284,16202.84
1620397,16203.97
1620489,16204.89
1620579,16205.79
1620669,16206.69
1620761,16207.61
1620853,16208.53
1620951,16209.51
1621048,16210.48
1621149,16211.49
1621253,16212.53
1621356,16213.56
1621462,16214.62
1621569,16215.69
1621672,16216.72
1621777,16217.77
1621881,16218.81
1621985,16219.85
1622087,16220.87
1622189,16221.89
1622290,16222.9
1622390,16223.9
1622491,16224.91
1622591,16225.91
1622692,16226.92
1622791,16227.91
1622892,16228.92
1622994,16229.94
1623095,16230.95
1623197,16231.97
1623301,16233.01
1623405,16234.05
1623510,16235.1
1623619,16236.19
1623731,16237.31
1623842,16238.42
1623953,16239.53
1624068,16240.68
1624181,16241.81
1624293,16242.93
1624405,16244.05
1624514,16245.14
1624620,16246.2
1624727,16247.27
1624835,16248.35
1624940,16249.4
1625044,16250.44
1625150,16251.5
1625255,16252.55
1625358,16253.58
1625459,16254.59
1625557,16255.57
1625654,16256.54
1625751,16257.51
1625846,16258.46
1625943,16259.43
1626039,16260.39
1626135,16261.35
1626233,16262.33
1626331,16263.31
1626429,16264.29
1626529,16265.29
1626629,16266.29
1626731,16267.31
1626831,16268.31
1626933,16269.33
1627035,16270.35
1627137,16271.37
1627239,16272.39
1627339,16273.39
1627437,16274.37
1627537,16275.37
1627637,16276.37
1627736,16277.36
1627835,16278.35
1627935,16279.35
1628033,16280.33
1628133,16281.33
1628234,16282.34
1628338,16283.38
1628443,16284.43
1628551,16285.51
1628661,16286.61
1628773,16287.73
1628887,16288.87
1628998,16289.98
1629110,16291.1
1629218,16292.18
1629326,16293.26
1629435,16294.35
1629542,16295.42
1629649,16296.49
1629754,16297.54
1629856,16298.56
1629953,16299.53
1630049,16300.49
1630142,16301.42
1630236,16302.36
1630330,16303.3
1630421,16304.21
1630515,16305.15
1630608,16306.08
1630701,16307.01
1630795,16307.95
1630891,16308.91
1630987,16309.87
1631085,16310.85
1631185,16311.85
1631285,16312.85
1631386,16313.86
1631485,16314.85
1631584,16315.84
1631684,16316.84
1631783,16317.83
1631882,16318.82
1631981,16319.81
1632078,16320.78
1632176,16321.76
1632274,16322.74
1632372,16323.72
1632469,16324.69
1632566,16325.66
1632664,16326.64
1632762,16327.62
1632859,16328.59
1632957,16329.57
1633056,16330.56
1633154,16331.54
1633252,16332.52
1633351,16333.51
1633450,16334.5
1633548,16335.48
1633650,16336.5
1633747,16337.47
1633846,16338.46
1633946,16339.46
1634045,16340.45
1634145,16341.45
1634245,16342.45
1634344,16343.44
1634444,16344.44
1634546,16345.46
1634646,16346.46
1634748,16347.48
1634850,16348.5
1634953,16349.53
1635055,16350.55
1635155,16351.55
1635257,16352.57
1635359,16353.59
1635461,16354.61
1635563,16355.63
1635664,16356.64
1635766,16357.66
1635869,16358.69
1635970,16359.7
1636071,16360.71
1636173,16361.73
1636274,16362.74
1636375,16363.75
1636477,16364.77
1636578,16365.78
1636678,16366.78
1636778,16367.78
1636881,16368.81
1636984,16369.84
1637086,16370.86
1637188,16371.88
1637290,16372.9
1637387,16373.87
1637480,16374.8
1637574,16375.74
1637668,16376.68
1637759,16377.59
1637853,16378.53
1637947,16379.47
1638039,16380.39
1638134,16381.34
1638231,16382.31
1638327,16383.27
1638425,16384.25
1638525,16385.25
1638624,16386.24
1638722,16387.22
1638822,16388.22
1638922,16389.22
1639021,16390.21
1639120,16391.2
1639219,16392.19
1639318,16393.18
1639415,16394.15
1639512,16395.12
1639610,16396.1
1639708,16397.08
1639805,16398.05
1639901,16399.01
1639999,16399.99
1640098,16400.98
1640198,16401.98
1640298,16402.98
1640398,16403.98
1640501,16405.01
1640606,16406.06
1640709,16407.09
1640814,16408.14
1640922,16409.22
1641028,16410.28
1641136,16411.36
1641245,16412.45
1641349,16413.49
1641452,16414.52
1641553,16415.53
1641654,16416.54
1641754,16417.54
1641850,16418.5
1641947,16419.47
1642041,16420.41
1642136,16421.36
1642232,16422.32
1642331,16423.31
1642428,16424.28
1642528,16425.28
1642629,16426.29
1642732,16427.32
1642831,16428.31
1642931,16429.31
1643031,16430.31
1643131,16431.31
1643231,16432.31
1643329,16433.29
1643428,16434.28
1643527,16435.27
1643629,16436.29
1643731,16437.31
1643838,16438.38
1643946,16439.46
1644056,16440.56
1644167,16441.67
1644275,16442.75
1644384,16443.84
1644495,16444.95
1644604,16446.04
1644712,16447.12
1644821,16448.21
1644930,16449.3
1645036,16450.36
1645144,16451.44
1645253,16452.53
1645366,16453.66
1645475,16454.75
1645586,16455.86
1645699,16456.99
1645810,16458.1
1645923,16459.23
1646036,16460.36
1646146,16461.46
1646254,16462.54
1646365,16463.65
1646473,16464.73
1646580,16465.8
1646690,16466.9
1646799,16467.99
1646906,16469.06
1647015,16470.15
1647124,16471.24
1647231,16472.31
1647343,16473.43
1647455,16474.55
1647564,16475.64
1647674,16476.74
1647785,16477.85
1647891,16478.91
1647998,16479.98
1648107,16481.07
1648213,16482.13
1648322,16483.22
1648433,16484.33
1648540,16485.4
1648644,16486.44
1648752,16487.52
1648861,16488.61
1648965,16489.65
1649069,16490.69
1649177,16491.77
1649284,16492.84
1649387,16493.87
1649497,16494.97
1649606,16496.06
1649719,16497.19
1649830,16498.3
1649946,16499.46
1650057,16500.57
1650168,16501.68
1650276,16502.76
1650380,16503.8
1650485,16504.85
1650583,16505.83
1650677,16506.77
1650771,16507.71
1650859,16508.59
1650949,16509.49
1651034,16510.34
1651122,16511.22
1651209,16512.09
1651293,16512.93
1651377,16513.77
1651463,16514.63
1651546,16515.46
1651630,16516.3
1651716,16517.16
1651800,16518.0
1651885,16518.85
1651972,16519.72
1652058,16520.58
1652142,16521.42
1652225,16522.25
1652307,16523.07
1652389,16523.89
1652471,16524.71
1652553,16525.53
1652638,16526.38
1652724,16527.24
1652812,16528.12
1652902,16529.02
1652993,16529.93
1653086,16530.86
1653180,16531.8
1653273,16532.73
1653366,16533.66
1653460,16534.6
1653555,16535.55
1653648,16536.48
1653742,16537.42
1653836,16538.36
1653930,16539.3
1654024,16540.24
1654116,16541.16
1654210,16542.1
1654304,16543.04
1654399,16543.99
1654492,16544.92
1654586,16545.86
1654682,16546.82
1654777,16547.77
1654872,16548.72
1654970,16549.7
1655069,16550.69
1655167,16551.67
1655267,16552.67
1655368,16553.68
1655468,16554.68
1655567,16555.67
1655663,16556.63
1655760,16557.6
1655859,16558.59
1655956,16559.56
1656054,16560.54
1656150,16561.5
1656247,16562.47
1656347,16563.47
1656445,16564.45
1656544,16565.44
1656646,16566.46
1656748,16567.48
1656849,16568.49
1656949,16569.49
1657051,16570.51
1657152,16571.52
1657253,16572.53
1657354,16573.54
1657454,16574.54
1657555,16575.55
1657655,16576.55
1657754,16577.54
1657851,16578.51
1657949,16579.49
1658045,16580.45
1658143,16581.43
1658243,16582.43
1658345,16583.45
1658449,16584.49
1658551,16585.51
1658656,16586.56
1658761,16587.61
1658865,16588.65
1658972,16589.72
1659079,16590.79
1659184,16591.84
1659288,16592.88
1659393,16593.93
1659495,16594.95
1659597,16595.97
1659699,16596.99
1659797,16597.97
1659897,16598.97
1659992,16599.92
1660088,16600.88
1660183,16601.83
1660279,16602.79
1660374,16603.74
1660469,16604.69
1660566,16605.66
1660661,16606.61
1660759,16607.59
1660857,16608.57
1660954,16609.54
1661053,16610.53
1661154,16611.54
1661255,16612.55
1661355,16613.55
1661454,16614.54
1661553,16615.53
1661652,16616.52
1661749,16617.49
1661845,16618.45
1661942,16619.42
1662037,16620.37
1662133,16621.33
1662227,16622.27
1662319,16623.19
1662411,16624.11
1662506,16625.06
1662603,16626.03
1662701,16627.01
1662802,16628.02
1662906,16629.06
1663009,16630.09
1663113,16631.13
1663219,16632.19
1663322,16633.22
1663426,16634.26
1663530,16635.3
1663634,16636.34
1663737,16637.37
1663841,16638.41
1663946,16639.46
1664050,16640.5
1664153,16641.53
1664256,16642.56
1664361,16643.61
1664464,16644.64
1664568,16645.68
1664673,16646.73
1664780,16647.8
1664886,16648.86
1664994,16649.94
1665101,16651.01
1665206,16652.06
1665312,16653.12
1665421,16654.21
1665530,16655.3
1665637,16656.37
1665745,16657.45
1665854,16658.54
1665958,16659.58
1666063,16660.63
1666168,16661.68
1666268,16662.68
1666369,16663.69
1666468,16664.68
1666566,16665.66
1666664,16666.64
1666759,16667.59
1666854,16668.54
1666947,16669.47
1667040,16670.4
1667133,16671.33
1667224,16672.24
1667317,16673.17
1667408,16674.08
1667497,16674.97
1667588,16675.88
1667680,16676.8
1667771,16677.71
1667864,16678.64
1667958,16679.58
1668053,16680.53
1668147,16681.47
1668244,16682.44
1668341,16683.41
1668438,16684.38
1668536,16685.36
1668634,16686.34
1668732,16687.32
1668828,16688.28
1668923,16689.23
1669018,16690.18
1669111,16691.11
1669202,16692.02
1669294,16692.94
1669386,16693.86
1669479,16694.79
1669575,16695.75
1669670,16696.7
1669768,16697.68
1669867,16698.67
1669965,16699.65
1670064,16700.64
1670163,16701.63
1670262,16702.62
1670359,16703.59
1670456,16704.56
1670554,16705.54
1670651,16706.51
1670747,16707.47
1670846,16708.46
1670946,16709.46
1671044,16710.44
1671141,16711.41
1671240,16712.4
1671337,16713.37
1671436,16714.36
1671533,16715.33
1671630,16716.3
1671728,16717.28
1671825,16718.25
1671923,16719.23
1672020,16720.2
1672115,16721.15
1672210,16722.1
1672305,16723.05
1672401,16724.01
1672495,16724.95
1672590,16725.9
1672685,16726.85
1672780,16727.8
1672876,16728.76
1672971,16729.71
1673067,16730.67
1673164,16731.64
1673260,16732.6
1673356,16733.56
1673453,16734.53
1673548,16735.48
1673643,16736.43
1673738,16737.38
1673830,16738.3
1673923,16739.23
1674017,16740.17
1674113,16741.13
1674211,16742.11
1674309,16743.09
1674408,16744.08
1674509,16745.09
1674606,16746.06
1674703,16747.03
1674799,16747.99
1674895,16748.95
1674992,16749.92
1675087,16750.87
1675184,16751.84
1675278,16752.78
1675373,16753.73
1675471,16754.71
1675570,16755.7
1675668,16756.68
1675768,16757.68
1675870,16758.7
1675972,16759.72
1676073,16760.73
1676173,16761.73
1676273,16762.73
1676372,16763.72
1676472,16764.72
1676570,16765.7
1676669,16766.69
1676767,16767.67
1676865,16768.65
1676961,16769.61
1677056,16770.56
1677153,16771.53
1677251,16772.51
1677350,16773.5
1677449,16774.49
1677548,16775.48
1677649,16776.49
1677750,16777.5
1677847,16778.47
1677946,16779.46
1678047,16780.47
1678148,16781.48
1678250,16782.5
1678353,16783.53
1678458,16784.58
1678562,16785.62
1678668,16786.68
1678774,16787.74
1678877,16788.77
1678982,16789.82
1679086,16790.86
1679188,16791.88
1679287,16792.87
1679388,16793.88
1679487,16794.87
1679583,16795.83
1679681,16796.81
1679779,16797.79
1679876,16798.76
1679972,16799.72
1680071,16800.71
1680172,16801.72
1680274,16802.74
1680375,16803.75
1680476,16804.76
1680574,16805.74
1680672,16806.72
1680768,16807.68
1680865,16808.65
1680964,16809.64
1681066,16810.66
1681169,16811.69
1681272,16812.72
1681375,16813.75
1681478,16814.78
1681583,16815.83
1681686,16816.86
1681788,16817.88
1681890,16818.9
1681992,16819.92
1682091,16820.91
1682190,16821.9
1682289,16822.89
1682388,16823.88
1682486,16824.86
1682583,16825.83
1682681,16826.81
1682778,16827.78
1682874,16828.74
1682971,16829.71
1683069,16830.69
1683168,16831.68
1683262,16832.62
1683358,16833.58
1683453,16834.53
1683549,16835.49
1683648,16836.48
1683746,16837.46
1683847,16838.47
1683950,16839.5
1684053,16840.53
1684156,16841.56
1684261,16842.61
1684367,16843.67
1684470,16844.7
1684574,16845.74
1684677,16846.77
1684779,16847.79
1684881,16848.81
1684981,16849.81
1685082,16850.82
1685184,16851.84
1685283,16852.83
1685383,16853.83
1685485,16854.85
1685587,16855.87
1685691,16856.91
1685795,16857.95
1685897,16858.97
1685998,16859.98
1686101,16861.01
1686202,16862.02
1686304,16863.04
1686408,16864.08
1686511,16865.11
1686616,16866.16
1686722,16867.22
1686822,16868.22
1686924,16869.24
1687024,16870.24
1687124,16871.24
1687224,16872.24
1687322,16873.22
1687420,16874.2
1687518,16875.18
1687615,16876.15
1687713,16877.13
1687812,16878.12
1687913,16879.13
1688013,16880.13
1688113,16881.13
1688215,16882.15
1688316,16883.16
1688416,16884.16
1688514,16885.14
1688612,16886.12
1688710,16887.1
1688808,16888.08
1688906,16889.06
1689002,16890.02
1689101,16891.01
1689200,16892.0
1689298,16892.98
1689397,16893.97
1689497,16894.97
1689598,16895.98
1689698,16896.98
1689801,16898.01
1689904,16899.04
1690004,16900.04
1690104,16901.04
1690206,16902.06
1690306,16903.06
1690404,16904.04
1690503,16905.03
1690600,16906.0
1690699,16906.99
1690799,16907.99
1690897,16908.97
1690997,16909.97
1691097,16910.97
1691198,16911.98
1691301,16913.01
1691405,16914.05
1691508,16915.08
1691611,16916.11
1691715,16917.15
1691819,16918.19
1691921,16919.21
1692023,16920.23
1692127,16921.27
1692230,16922.3
1692331,16923.31
1692432,16924.32
1692535,16925.35
1692638,16926.38
1692738,16927.38
1692839,16928.39
1692941,16929.41
1693043,16930.43
1693144,16931.44
1693247,16932.47
1693349,16933.49
1693449,16934.49
1693551,16935.51
1693656,16936.56
1693760,16937.6
1693863,16938.63
1693968,16939.68
1694075,16940.75
1694178,16941.78
1694279,16942.79
1694377,16943.77
1694475,16944.75
1694569,16945.69
1694665,16946.65
1694760,16947.6
1694855,16948.55
1694951,16949.51
1695046,16950.46
1695142,16951.42
1695240,16952.4
1695337,16953.37
1695434,16954.34
1695533,16955.33
1695632,16956.32
1695729,16957.29
1695826,16958.26
1695924,16959.24
1696021,16960.21
1696116,16961.16
1696212,16962.12
1696308,16963.08
1696404,16964.04
1696502,16965.02
1696600,16966.0
1696699,16966.99
1696795,16967.95
1696890,16968.9
1696985,16969.85
1697081,16970.81
1697181,16971.81
1697282,16972.82
1697385,16973.85
1697492,16974.92
1697599,16975.99
1697706,16977.06
1697815,16978.15
1697924,16979.24
1698030,16980.3
1698137,16981.37
1698242,16982.42
1698347,16983.47
1698451,16984.51
1698550,16985.5
1698647,16986.47
1698744,16987.44
1698839,16988.39
1698936,16989.36
1699035,16990.35
1699135,16991.35
1699240,16992.4
1699347,16993.47
1699452,16994.52
1699559,16995.59
1699669,16996.69
1699776,16997.76
1699882,16998.82
1699990,16999.9
1700097,17000.97
1700201,17002.01
1700306,17003.06
1700410,17004.1
1700512,17005.12
1700611,17006.11
1700710,17007.1
1700810,17008.1
1700910,17009.1
1701009,17010.09
1701111,17011.11
1701214,17012.14
1701315,17013.15
1701417,17014.17
1701519,17015.19
1701619,17016.19
1701719,17017.19
1701816,17018.16
1701914,17019.14
1702013,17020.13
1702110,17021.1
1702207,17022.07
1702305,17023.05
1702401,17024.01
1702499,17024.99
1702599,17025.99
1702698,17026.98
1702799,17027.99
1702901,17029.01
1703004,17030.04
1703104,17031.04
1703204,17032.04
1703303,17033.03
1703404,17034.04
1703504,17035.04
1703604,17036.04
1703703,17037.03
1703802,17038.02
1703898,17038.98
1703994,17039.94
1704090,17040.9
1704186,17041.86
1704282,17042.82
1704379,17043.79
1704478,17044.78
1704578,17045.78
1704677,17046.77
1704778,17047.78
1704881,17048.81
1704986,17049.86
1705089,17050.89
1705193,17051.93
1705297,17052.97
1705399,17053.99
1705504,17055.04
1705609,17056.09
1705710,17057.1
1705810,17058.1
1705911,17059.11
1706009,17060.09
1706106,17061.06
1706201,17062.01
1706298,17062.98
1706396,17063.96
1706495,17064.95
1706595,17065.95
1706693,17066.93
1706793,17067.93
1706893,17068.93
1706991,17069.91
1707091,17070.91
1707189,17071.89
1707286,17072.86
1707383,17073.83
1707481,17074.81
1707579,17075.79
1707676,17076.76
1707773,17077.73
1707871,17078.71
1707968,17079.68
1708066,17080.66
1708164,17081.64
1708262,17082.62
1708360,17083.6
1708457,17084.57
1708552,17085.52
1708647,17086.47
1708744,17087.44
1708843,17088.43
1708940,17089.4
1709038,17090.38
1709139,17091.39
1709243,17092.43
1709345,17093.45
1709447,17094.47
1709550,17095.5
1709652,17096.52
1709753,17097.53
1709854,17098.54
1709956,17099.56
1710059,17100.59
1710159,17101.59
1710259,17102.59
1710356,17103.56
1710451,17104.51
1710545,17105.45
1710641,17106.41
1710738,17107.38
1710836,17108.36
1710933,17109.33
1711033,17110.33
1711134,17111.34
1711235,17112.35
1711335,17113.35
1711439,17114.39
1711543,17115.43
1711645,17116.45
1711748,17117.48
1711852,17118.52
1711952,17119.52
1712053,17120.53
1712153,17121.53
1712254,17122.54
1712352,17123.52
1712451,17124.51
1712550,17125.5
1712648,17126.48
1712745,17127.45
1712843,17128.43
1712941,17129.41
1713039,17130.39
1713137,17131.37
1713236,17132.36
1713334,17133.34
1713430,17134.3
1713527,17135.27
1713627,17136.27
1713725,17137.25
1713825,17138.25
1713929,17139.29
1714033,17140.33
1714137,17141.37
1714242,17142.42
1714346,17143.46
1714449,17144.49
1714553,17145.53
1714652,17146.52
1714749,17147.49
1714845,17148.45
1714940,17149.4
1715036,17150.36
1715135,17151.35
1715236,17152.36
1715337,17153.37
1715441,17154.41
1715544,17155.44
1715647,17156.47
1715751,17157.51
1715855,17158.55
1715957,17159.57
1716058,17160.58
1716157,17161.57
1716257,17162.57
1716354,17163.54
1716452,17164.52
1716549,17165.49
1716647,17166.47
1716744,17167.44
1716842,17168.42
1716942,17169.42
1717041,17170.41
1717139,17171.39
1717236,17172.36
1717336,17173.36
1717436,17174.36
1717537,17175.37
1717638,17176.38
1717740,17177.4
1717840,17178.4
1717937,17179.37
1718034,17180.34
1718132,17181.32
1718229,17182.29
1718328,17183.28
1718429,17184.29
1718529,17185.29
1718631,17186.31
1718735,17187.35
1718839,17188.39
1718942,17189.42
1719045,17190.45
1719148,17191.48
1719250,17192.5
1719349,17193.49
1719448,17194.48
1719548,17195.48
1719647,17196.47
1719746,17197.46
1719842,17198.42
1719937,17199.37
1720031,17200.31
1720126,17201.26
1720222,17202.22
1720316,17203.16
1720412,17204.12
1720510,17205.1
1720611,17206.11
1720712,17207.12
1720814,17208.14
1720916,17209.16
1721015,17210.15
1721113,17211.13
1721208,17212.08
1721305,17213.05
1721400,17214.0
1721496,17214.96
1721594,17215.94
1721691,17216.91
1721790,17217.9
1721892,17218.92
1721993,17219.93
1722095,17220.95
1722197,17221.97
1722300,17223.0
1722400,17224.0
1722500,17225.0
1722599,17225.99
1722697,17226.97
1722793,17227.93
1722889,17228.89
1722984,17229.84
1723079,17230.79
1723172,17231.72
1723264,17232.64
1723358,17233.58
1723453,17234.53
1723546,17235.46
1723641,17236.41
1723737,17237.37
1723834,17238.34
1723933,17239.33
1724034,17240.34
1724137,17241.37
1724236,17242.36
1724334,17243.34
1724432,17244.32
1724529,17245.29
1724627,17246.27
1724729,17247.29
1724835,17248.35
1724941,17249.41
1725050,17250.5
1725158,17251.58
1725269,17252.69
1725381,17253.81
1725491,17254.91
1725600,17256.0
1725708,17257.08
1725815,17258.15
1725918,17259.18
1726020,17260.2
1726121,17261.21
1726221,17262.21
1726318,17263.18
1726416,17264.16
1726513,17265.13
1726608,17266.08
1726700,17267.0
1726792,17267.92
1726886,17268.86
1726981,17269.81
1727080,17270.8
1727180,17271.8
1727280,17272.8
1727383,17273.83
1727484,17274.84
1727586,17275.86
1727689,17276.89
1727789,17277.89
1727889,17278.89
1727988,17279.88
1728085,17280.85
1728181,17281.81
1728278,17282.78
1728375,17283.75
1728471,17284.71
1728567,17285.67
1728663,17286.63
1728758,17287.58
1728853,17288.53
1728950,17289.5
1729047,17290.47
1729143,17291.43
1729241,17292.41
1729341,17293.41
1729439,17294.39
1729538,17295.38
1729638,17296.38
1729737,17297.37
1729838,17298.38
1729940,17299.4
1730040,17300.4
1730141,17301.41
1730241,17302.41
1730339,17303.39
1730438,17304.38
1730538,17305.38
1730637,17306.37
1730739,17307.39
1730841,17308.41
1730939,17309.39
1731037,17310.37
1731130,17311.3
1731225,17312.25
1731317,17313.17
1731409,17314.09
1731503,17315.03
1731595,17315.95
1731689,17316.89
1731779,17317.79
1731870,17318.7
1731961,17319.61
1732050,17320.5
1732138,17321.38
1732226,17322.26
1732313,17323.13
1732398,17323.98
1732482,17324.82
1732564,17325.64
1732644,17326.44
1732723,17327.23
1732802,17328.02
1732879,17328.79
1732954,17329.54
1733029,17330.29
1733101,17331.01
1733175,17331.75
1733248,17332.48
1733320,17333.2
1733392,17333.92
1733465,17334.65
1733538,17335.38
1733612,17336.12
1733689,17336.89
1733770,17337.7
1733855,17338.55
1733943,17339.43
1734035,17340.35
1734129,17341.29
1734225,17342.25
1734319,17343.19
1734419,17344.19
1734519,17345.19
1734617,17346.17
1734715,17347.15
1734816,17348.16
1734915,17349.15
1735013,17350.13
1735110,17351.1
1735206,17352.06
1735307,17353.07
1735411,17354.11
1735518,17355.18
1735626,17356.26
1735732,17357.32
1735836,17358.36
1735940,17359.4
1736043,17360.43
1736146,17361.46
1736249,17362.49
1736352,17363.52
1736453,17364.53
1736553,17365.53
1736656,17366.56
1736760,17367.6
1736864,17368.64
1736966,17369.66
1737068,17370.68
1737171,17371.71
1737272,17372.72
1737375,17373.75
1737478,17374.78
1737581,17375.81
1737685,17376.85
1737787,17377.87
1737891,17378.91
1737995,17379.95
1738098,17380.98
1738200,17382.0
1738301,17383.01
1738403,17384.03
1738503,17385.03
1738605,17386.05
1738706,17387.06
1738808,17388.08
1738910,17389.1
1739012,17390.12
1739113,17391.13
1739214,17392.14
1739315,17393.15
1739415,17394.15
1739512,17395.12
1739608,17396.08
1739705,17397.05
1739804,17398.04
1739904,17399.04
1740003,17400.03
1740104,17401.04
1740207,17402.07
1740311,17403.11
1740411,17404.11
1740510,17405.1
1740610,17406.1
1740708,17407.08
1740807,17408.07
1740905,17409.05
1741006,17410.06
1741107,17411.07
1741207,17412.07
1741310,17413.1
1741415,17414.15
1741518,17415.18
1741623,17416.23
1741729,17417.29
1741834,17418.34
1741936,17419.36
1742040,17420.4
1742143,17421.43
1742245,17422.45
1742347,17423.47
1742445,17424.45
1742543,17425.43
1742640,17426.4
1742738,17427.38
1742834,17428.34
1742928,17429.28
1743023,17430.23
1743119,17431.19
1743218,17432.18
1743316,17433.16
1743415,17434.15
1743515,17435.15
1743616,17436.16
1743716,17437.16
1743817,17438.17
1743914,17439.14
1744012,17440.12
1744111,17441.11
1744208,17442.08
1744308,17443.08
1744408,17444.08
1744508,17445.08
1744610,17446.1
1744712,17447.12
1744814,17448.14
1744917,17449.17
1745018,17450.18
1745120,17451.2
1745221,17452.21
1745320,17453.2
1745420,17454.2
1745520,17455.2
1745618,17456.18
1745719,17457.19
1745820,17458.2
1745922,17459.22
1746024,17460.24
1746125,17461.25
1746225,17462.25
1746323,17463.23
1746422,17464.22
1746520,17465.2
1746616,17466.16
1746712,17467.12
1746810,17468.1
1746907,17469.07
1747006,17470.06
1747105,17471.05
1747206,17472.06
1747308,17473.08
1747405,17474.05
1747504,17475.04
1747600,17476.0
1747697,17476.97
1747797,17477.97
1747898,17478.98
1748001,17480.01
1748105,17481.05
1748207,17482.07
1748309,17483.09
1748413,17484.13
1748515,17485.15
1748616,17486.16
1748719,17487.19
1748822,17488.22
1748925,17489.25
1749026,17490.26
1749127,17491.27
1749229,17492.29
1749329,17493.29
1749428,17494.28
1749525,17495.25
1749624,17496.24
1749723,17497.23
1749823,17498.23
1749922,17499.22
1750021,17500.21
1750122,17501.22
1750222,17502.22
1750320,17503.2
1750419,17504.19
1750519,17505.19
1750617,17506.17
1750715,17507.15
1750814,17508.14
1750914,17509.14
1751015,17510.15
1751114,17511.14
1751215,17512.15
1751316,17513.16
1751416,17514.16
1751518,17515.18
1751621,17516.21
1751721,17517.21
1751822,17518.22
1751922,17519.22
1752021,17520.21
1752119,17521.19
1752217,17522.17
1752315,17523.15
1752414,17524.14
1752513,17525.13
1752614,17526.14
1752713,17527.13
1752812,17528.12
1752912,17529.12
1753011,17530.11
1753109,17531.09
1753206,17532.06
1753301,17533.01
1753396,17533.96
1753491,17534.91
1753588,17535.88
1753685,17536.85
1753784,17537.84
1753884,17538.84
1753984,17539.84
1754085,17540.85
1754182,17541.82
1754280,17542.8
1754378,17543.78
1754477,17544.77
1754580,17545.8
1754682,17546.82
1754787,17547.87
1754893,17548.93
1755000,17550.0
1755105,17551.05
1755211,17552.11
1755319,17553.19
1755424,17554.24
1755529,17555.29
1755634,17556.34
1755738,17557.38
1755839,17558.39
1755941,17559.41
1756042,17560.42
1756141,17561.41
1756239,17562.39
1756338,17563.38
1756436,17564.36
1756533,17565.33
1756629,17566.29
1756724,17567.24
1756820,17568.2
1756914,17569.14
1757009,17570.09
1757106,17571.06
1757201,17572.01
1757295,17572.95
1757391,17573.91
1757488,17574.88
1757584,17575.84
1757682,17576.82
1757779,17577.79
1757878,17578.78
1757978,17579.78
1758076,17580.76
1758174,17581.74
1758272,17582.72
1758370,17583.7
1758466,17584.66
1758564,17585.64
1758663,17586.63
1758760,17587.6
1758858,17588.58
1758957,17589.57
1759057,17590.57
1759156,17591.56
1759255,17592.55
1759352,17593.52
1759450,17594.5
1759547,17595.47
1759643,17596.43
1759737,17597.37
1759830,17598.3
1759923,17599.23
1760017,17600.17
1760113,17601.13
1760208,17602.08
1760304,17603.04
1760403,17604.03
1760500,17605.0
1760595,17605.95
1760691,17606.91
1760784,17607.84
1760878,17608.78
1760973,17609.73
1761071,17610.71
1761167,17611.67
1761265,17612.65
1761365,17613.65
1761466,17614.66
1761566,17615.66
1761666,17616.66
1761767,17617.67
1761867,17618.67
1761966,17619.66
1762066,17620.66
1762165,17621.65
1762264,17622.64
1762361,17623.61
1762459,17624.59
1762558,17625.58
1762656,17626.56
1762752,17627.52
1762848,17628.48
1762945,17629.45
1763044,17630.44
1763143,17631.43
1763244,17632.44
1763346,17633.46
1763447,17634.47
1763547,17635.47
1763648,17636.48
1763747,17637.47
1763843,17638.43
1763939,17639.39
1764037,17640.37
1764136,17641.36
1764237,17642.37
1764338,17643.38
1764440,17644.4
1764544,17645.44
1764646,17646.46
1764751,17647.51
1764856,17648.56
1764960,17649.6
1765064,17650.64
1765166,17651.66
1765267,17652.67
1765366,17653.66
1765465,17654.65
1765564,17655.64
1765664,17656.64
1765763,17657.63
1765863,17658.63
1765963,17659.63
1766063,17660.63
1766162,17661.62
1766260,17662.6
1766361,17663.61
1766462,17664.62
1766561,17665.61
1766661,17666.61
1766764,17667.64
1766866,17668.66
1766966,17669.66
1767070,17670.7
1767174,17671.74
1767277,17672.77
1767379,17673.79
1767478,17674.78
1767577,17675.77
1767674,17676.74
1767773,17677.73
1767869,17678.69
1767966,17679.66
1768062,17680.62
1768159,17681.59
1768255,17682.55
1768353,17683.53
1768451,17684.51
1768549,17685.49
1768646,17686.46
1768745,17687.45
1768845,17688.45
1768943,17689.43
1769042,17690.42
1769142,17691.42
1769243,17692.43
1769343,17693.43
1769443,17694.43
1769542,17695.42
1769642,17696.42
1769742,17697.42
1769842,17698.42
1769941,17699.41
1770039,17700.39
1770135,17701.35
1770228,17702.28
1770321,17703.21
1770414,17704.14
1770508,17705.08
1770602,17706.02
1770698,17706.98
1770797,17707.97
1770896,17708.96
1770991,17709.91
1771088,17710.88
1771185,17711.85
1771282,17712.82
1771382,17713.82
1771483,17714.83
1771584,17715.84
1771689,17716.89
1771793,17717.93
1771896,17718.96
1771999,17719.99
1772102,17721.02
1772205,17722.05
1772305,17723.05
1772404,17724.04
1772503,17725.03
1772602,17726.02
1772700,17727.0
1772796,17727.96
1772894,17728.94
1772992,17729.92
1773092,17730.92
1773194,17731.94
1773294,17732.94
1773393,17733.93
1773493,17734.93
1773592,17735.92
1773690,17736.9
1773786,17737.86
1773882,17738.82
1773977,17739.77
1774074,17740.74
1774171,17741.71
1774268,17742.68
1774367,17743.67
1774465,17744.65
1774561,17745.61
1774658,17746.58
1774752,17747.52
1774843,17748.43
1774938,17749.38
1775033,17750.33
1775127,17751.27
1775225,17752.25
1775322,17753.22
1775419,17754.19
1775519,17755.19
1775618,17756.18
1775717,17757.17
1775816,17758.16
1775915,17759.15
1776014,17760.14
1776112,17761.12
1776209,17762.09
1776306,17763.06
1776403,17764.03
1776499,17764.99
1776596,17765.96
1776693,17766.93
1776788,17767.88
1776885,17768.85
1776983,17769.83
1777082,17770.82
1777180,17771.8
1777278,17772.78
1777377,17773.77
1777475,17774.75
1777574,17775.74
1777671,17776.71
1777766,17777.66
1777862,17778.62
1777962,17779.62
1778063,17780.63
1778163,17781.63
1778266,17782.66
1778369,17783.69
1778474,17784.74
1778579,17785.79
1778683,17786.83
1778788,17787.88
1778892,17788.92
1778997,17789.97
1779099,17790.99
1779202,17792.02
1779306,17793.06
1779410,17794.1
1779514,17795.14
1779616,17796.16
1779716,17797.16
1779815,17798.15
1779915,17799.15
1780015,17800.15
1780114,17801.14
1780213,17802.13
1780313,17803.13
1780410,17804.1
1780505,17805.05
1780602,17806.02
1780698,17806.98
1780795,17807.95
1780894,17808.94
1780993,17809.93
1781097,17810.97
1781202,17812.02
1781305,17813.05
1781409,17814.09
1781513,17815.13
1781613,17816.13
1781714,17817.14
1781814,17818.14
1781916,17819.16
1782016,17820.16
1782118,17821.18
1782221,17822.21
1782326,17823.26
1782430,17824.3
1782534,17825.34
1782636,17826.36
1782738,17827.38
1782836,17828.36
1782932,17829.32
1783029,17830.29
1783125,17831.25
1783221,17832.21
1783318,17833.18
1783416,17834.16
1783514,17835.14
1783610,17836.1
1783708,17837.08
1783807,17838.07
1783907,17839.07
1784010,17840.1
1784112,17841.12
1784217,17842.17
1784322,17843.22
1784424,17844.24
1784528,17845.28
1784631,17846.31
1784733,17847.33
1784835,17848.35
1784939,17849.39
1785042,17850.42
1785143,17851.43
1785245,17852.45
1785347,17853.47
1785449,17854.49
1785551,17855.51
1785653,17856.53
1785754,17857.54
1785853,17858.53
1785953,17859.53
1786053,17860.53
1786152,17861.52
1786251,17862.51
1786351,17863.51
1786451,17864.51
1786550,17865.5
1786649,17866.49
1786748,17867.48
1786848,17868.48
1786946,17869.46
1787041,17870.41
1787135,17871.35
1787230,17872.3
1787328,17873.28
1787430,17874.3
1787530,17875.3
1787633,17876.33
1787738,17877.38
1787842,17878.42
1787946,17879.46
1788051,17880.51
1788154,17881.54
1788254,17882.54
1788355,17883.55
1788454,17884.54
1788554,17885.54
1788653,17886.53
1788750,17887.5
1788849,17888.49
1788949,17889.49
1789050,17890.5
1789150,17891.5
1789249,17892.49
1789349,17893.49
1789448,17894.48
1789546,17895.46
1789643,17896.43
1789738,17897.38
1789834,17898.34
1789932,17899.32
1790030,17900.3
1790130,17901.3
1790230,17902.3
1790328,17903.28
1790427,17904.27
1790527,17905.27
1790626,17906.26
1790727,17907.27
1790828,17908.28
1790929,17909.29
1791030,17910.3
1791129,17911.29
1791226,17912.26
1791325,17913.25
1791424,17914.24
1791522,17915.22
1791622,17916.22
1791721,17917.21
1791818,17918.18
1791913,17919.13
1792008,17920.08
1792103,17921.03
1792196,17921.96
1792290,17922.9
1792382,17923.82
1792475,17924.75
1792569,17925.69
1792663,17926.63
1792759,17927.59
1792857,17928.57
1792957,17929.57
1793056,17930.56
1793154,17931.54
1793254,17932.54
1793354,17933.54
1793455,17934.55
1793554,17935.54
1793653,17936.53
1793751,17937.51
1793845,17938.45
1793941,17939.41
1794038,17940.38
1794136,17941.36
1794236,17942.36
1794338,17943.38
1794440,17944.4
1794540,17945.4
1794641,17946.41
1794742,17947.42
1794844,17948.44
1794944,17949.44
1795044,17950.44
1795144,17951.44
1795244,17952.44
1795343,17953.43
1795442,17954.42
1795541,17955.41
1795641,17956.41
1795741,17957.41
1795841,17958.41
1795939,17959.39
1796036,17960.36
1796135,17961.35
1796234,17962.34
1796332,17963.32
1796430,17964.3
1796529,17965.29
1796629,17966.29
1796731,17967.31
1796832,17968.32
1796932,17969.32
1797034,17970.34
1797134,17971.34
1797234,17972.34
1797335,17973.35
1797435,17974.35
1797533,17975.33
1797630,17976.3
1797729,17977.29
1797826,17978.26
1797922,17979.22
1798013,17980.13
1798105,17981.05
1798195,17981.95
1798283,17982.83
1798370,17983.7
1798458,17984.58
1798542,17985.42
1798626,17986.26
1798710,17987.1
1798795,17987.95
1798877,17988.77
1798961,17989.61
1799045,17990.45
1799130,17991.3
1799216,17992.16
1799306,17993.06
1799401,17994.01
1799499,17994.99
1799601,17996.01
1799706,17997.06
1799811,17998.11
1799919,17999.19
1800025,18000.25
1800129,18001.29
1800231,18002.31
1800329,18003.29
1800428,18004.28
1800527,18005.27
1800628,18006.28
1800730,18007.3
1800831,18008.31
1800933,18009.33
1801036,18010.36
1801140,18011.4
1801246,18012.46
1801351,18013.51
1801455,18014.55
1801560,18015.6
1801665,18016.65
1801768,18017.68
1801873,18018.73
1801976,18019.76
1802077,18020.77
1802175,18021.75
1802275,18022.75
1802374,18023.74
1802473,18024.73
1802576,18025.76
1802678,18026.78
1802780,18027.8
1802883,18028.83
1802986,18029.86
1803087,18030.87
1803189,18031.89
1803288,18032.88
1803387,18033.87
1803487,18034.87
1803588,18035.88
1803690,18036.9
1803792,18037.92
1803894,18038.94
1803996,18039.96
1804097,18040.97
1804198,18041.98
1804299,18042.99
1804400,18044.0
1804502,18045.02
1804602,18046.02
1804702,18047.02
1804803,18048.03
1804904,18049.04
1805002,18050.02
1805100,18051.0
1805199,18051.99
1805295,18052.95
1805391,18053.91
1805491,18054.91
1805589,18055.89
1805689,18056.89
1805793,18057.93
1805896,18058.96
1806001,18060.01
1806107,18061.07
1806211,18062.11
1806315,18063.15
1806419,18064.19
1806521,18065.21
1806622,18066.22
1806722,18067.22
1806823,18068.23
1806924,18069.24
1807023,18070.23
1807124,18071.24
1807225,18072.25
1807327,18073.27
1807428,18074.28
1807530,18075.3
1807631,18076.31
1807729,18077.29
1807827,18078.27
1807926,18079.26
1808027,18080.27
1808126,18081.26
1808226,18082.26
1808326,18083.26
1808423,18084.23
1808521,18085.21
1808619,18086.19
1808716,18087.16
1808817,18088.17
1808920,18089.2
1809023,18090.23
1809128,18091.28
1809234,18092.34
1809339,18093.39
1809445,18094.45
1809551,18095.51
1809657,18096.57
1809760,18097.6
1809865,18098.65
1809969,18099.69
1810073,18100.73
1810175,18101.75
1810276,18102.76
1810376,18103.76
1810477,18104.77
1810578,18105.78
1810678,18106.78
1810776,18107.76
1810874,18108.74
1810974,18109.74
1811073,18110.73
1811173,18111.73
1811277,18112.77
1811379,18113.79
1811479,18114.79
1811581,18115.81
1811685,18116.85
1811788,18117.88
1811894,18118.94
1812001,18120.01
1812105,18121.05
1812210,18122.1
1812316,18123.16
1812419,18124.19
1812522,18125.22
1812625,18126.25
1812726,18127.26
1812824,18128.24
1812923,18129.23
1813021,18130.21
1813118,18131.18
1813214,18132.14
1813312,18133.12
1813410,18134.1
1813509,18135.09
1813611,18136.11
1813714,18137.14
1813815,18138.15
1813917,18139.17
1814020,18140.2
1814122,18141.22
1814224,18142.24
1814327,18143.27
1814431,18144.31
1814536,18145.36
1814640,18146.4
1814740,18147.4
1814837,18148.37
1814936,18149.36
1815033,18150.33
1815132,18151.32
1815234,18152.34
1815335,18153.35
1815434,18154.34
1815537,18155.37
1815640,18156.4
1815741,18157.41
1815843,18158.43
1815945,18159.45
1816045,18160.45
1816145,18161.45
1816244,18162.44
1816340,18163.4
1816433,18164.33
1816524,18165.24
1816614,18166.14
1816701,18167.01
1816788,18167.88
1816877,18168.77
1816966,18169.66
1817056,18170.56
1817149,18171.49
1817243,18172.43
1817339,18173.39
1817437,18174.37
1817537,18175.37
1817637,18176.37
1817737,18177.37
1817839,18178.39
1817939,18179.39
1818039,18180.39
1818140,18181.4
1818242,18182.42
1818344,18183.44
1818448,18184.48
1818553,18185.53
1818656,18186.56
1818760,18187.6
1818864,18188.64
1818970,18189.7
1819074,18190.74
1819178,18191.78
1819281,18192.81
1819381,18193.81
1819483,18194.83
1819586,18195.86
1819687,18196.87
1819792,18197.92
1819897,18198.97
1820001,18200.01
1820105,18201.05
1820209,18202.09
1820312,18203.12
1820414,18204.14
1820513,18205.13
1820612,18206.12
1820711,18207.11
1820808,18208.08
1820905,18209.05
1821001,18210.01
1821099,18210.99
1821196,18211.96
1821294,18212.94
1821392,18213.92
1821490,18214.9
1821588,18215.88
1821685,18216.85
1821781,18217.81
1821878,18218.78
1821973,18219.73
1822066,18220.66
1822161,18221.61
1822256,18222.56
1822351,18223.51
1822446,18224.46
1822540,18225.4
1822636,18226.36
1822732,18227.32
1822829,18228.29
1822928,18229.28
1823026,18230.26
1823126,18231.26
1823226,18232.26
1823324,18233.24
1823424,18234.24
1823523,18235.23
1823621,18236.21
1823722,18237.22
1823824,18238.24
1823926,18239.26
1824027,18240.27
1824130,18241.3
1824231,18242.31
1824332,18243.32
1824432,18244.32
1824531,18245.31
1824629,18246.29
1824726,18247.26
1824823,18248.23
1824920,18249.2
1825016,18250.16
1825112,18251.12
1825209,18252.09
1825303,18253.03
1825397,18253.97
1825492,18254.92
1825587,18255.87
1825686,18256.86
1825786,18257.86
1825888,18258.88
1825991,18259.91
1826089,18260.89
1826186,18261.86
1826281,18262.81
1826374,18263.74
1826469,18264.69
1826567,18265.67
1826667,18266.67
1826767,18267.67
1826871,18268.71
1826975,18269.75
1827079,18270.79
1827183,18271.83
1827287,18272.87
1827389,18273.89
1827487,18274.87
1827586,18275.86
1827683,18276.83
1827778,18277.78
1827873,18278.73
1827967,18279.67
1828062,18280.62
1828158,18281.58
1828254,18282.54
1828352,18283.52
1828450,18284.5
1828549,18285.49
1828651,18286.51
1828754,18287.54
1828856,18288.56
1828958,18289.58
1829061,18290.61
1829163,18291.63
1829262,18292.62
1829358,18293.58
1829456,18294.56
1829551,18295.51
1829647,18296.47
1829745,18297.45
1829842,18298.42
1829943,18299.43
1830047,18300.47
1830149,18301.49
1830253,18302.53
1830356,18303.56
1830458,18304.58
1830558,18305.58
1830659,18306.59
1830760,18307.6
1830860,18308.6
1830959,18309.59
1831058,18310.58
1831158,18311.58
1831258,18312.58
1831357,18313.57
1831454,18314.54
1831552,18315.52
1831650,18316.5
1831749,18317.49
1831846,18318.46
1831943,18319.43
1832040,18320.4
1832136,18321.36
1832230,18322.3
1832325,18323.25
1832423,18324.23
1832522,18325.22
1832621,18326.21
1832721,18327.21
1832821,18328.21
1832921,18329.21
1833022,18330.22
1833123,18331.23
1833225,18332.25
1833327,18333.27
1833431,18334.31
1833533,18335.33
1833636,18336.36
1833740,18337.4
1833843,18338.43
1833945,18339.45
1834047,18340.47
1834150,18341.5
1834252,18342.52
1834354,18343.54
1834456,18344.56
1834557,18345.57
1834658,18346.58
1834760,18347.6
1834862,18348.62
1834962,18349.62
1835063,18350.63
1835162,18351.62
1835257,18352.57
1835353,18353.53
1835450,18354.5
1835547,18355.47
1835648,18356.48
1835749,18357.49
1835853,18358.53
1835961,18359.61
1836068,18360.68
1836174,18361.74
1836281,18362.81
1836385,18363.85
1836488,18364.88
1836592,18365.92
1836693,18366.93
1836793,18367.93
1836891,18368.91
1836987,18369.87
1837082,18370.82
1837178,18371.78
1837273,18372.73
1837367,18373.67
1837463,18374.63
1837561,18375.61
1837660,18376.6
1837761,18377.61
1837863,18378.63
1837967,18379.67
1838068,18380.68
1838170,18381.7
1838273,18382.73
1838375,18383.75
1838476,18384.76
1838577,18385.77
1838678,18386.78
1838776,18387.76
1838874,18388.74
1838973,18389.73
1839071,18390.71
1839167,18391.67
1839264,18392.64
1839363,18393.63
1839462,18394.62
1839564,18395.64
1839669,18396.69
1839773,18397.73
1839879,18398.79
1839982,18399.82
1840086,18400.86
1840191,18401.91
1840296,18402.96
1840399,18403.99
1840503,18405.03
1840607,18406.07
1840711,18407.11
1840814,18408.14
1840916,18409.16
1841018,18410.18
1841120,18411.2
1841221,18412.21
1841319,18413.19
1841419,18414.19
1841518,18415.18
1841618,18416.18
1841715,18417.15
1841811,18418.11
1841908,18419.08
1842005,18420.05
1842099,18420.99
1842195,18421.95
1842291,18422.91
1842385,18423.85
1842481,18424.81
1842577,18425.77
1842674,18426.74
1842772,18427.72
1842873,18428.73
1842973,18429.73
1843075,18430.75
1843176,18431.76
1843276,18432.76
1843378,18433.78
1843482,18434.82
1843586,18435.86
1843691,18436.91
1843795,18437.95
1843900,18439.0
1844006,18440.06
1844110,18441.1
1844214,18442.14
1844316,18443.16
1844418,18444.18
1844519,18445.19
1844619,18446.19
1844719,18447.19
1844817,18448.17
1844915,18449.15
1845012,18450.12
1845107,18451.07
1845204,18452.04
1845302,18453.02
1845401,18454.01
1845499,18454.99
1845599,18455.99
1845701,18457.01
1845801,18458.01
1845901,18459.01
1845998,18459.98
1846093,18460.93
1846186,18461.86
1846278,18462.78
1846372,18463.72
1846471,18464.71
1846569,18465.69
1846670,18466.7
1846773,18467.73
1846875,18468.75
1846979,18469.79
1847085,18470.85
1847189,18471.89
1847292,18472.92
1847396,18473.96
1847500,18475.0
1847602,18476.02
1847704,18477.04
1847807,18478.07
1847910,18479.1
1848001,18480.01
1848103,18481.03
1848200,18482.0
1848307,18483.07
1848409,18484.09
1848509,18485.09
1848610,18486.1
1848712,18487.12
1848814,18488.14
1848916,18489.16
1849019,18490.19
1849117,18491.17
1849216,18492.16
1849318,18493.18
1849420,18494.2
1849519,18495.19
1849618,18496.18
1849719,18497.19
1849819,18498.19
1849922,18499.22
1850025,18500.25
1850128,18501.28
1850233,18502.33
1850334,18503.34
1850435,18504.35
1850534,18505.34
1850631,18506.31
1850728,18507.28
1850825,18508.25
1850921,18509.21
1851017,18510.17
1851114,18511.14
1851213,18512.13
1851312,18513.12
1851413,18514.13
1851513,18515.13
1851614,18516.14
1851714,18517.14
1851815,18518.15
1851915,18519.15
1852016,18520.16
1852119,18521.19
1852218,18522.18
1852316,18523.16
1852415,18524.15
1852514,18525.14
1852612,18526.12
1852712,18527.12
1852810,18528.1
1852907,18529.07
1853003,18530.03
1853100,18531.0
1853195,18531.95
1853292,18532.92
1853390,18533.9
1853488,18534.88
1853588,18535.88
1853689,18536.89
1853790,18537.9
1853892,18538.92
1853994,18539.94
1854095,18540.95
1854194,18541.94
1854294,18542.94
1854394,18543.94
1854493,18544.93
1854593,18545.93
1854691,18546.91
1854791,18547.91
1854891,18548.91
1854993,18549.93
1855094,18550.94
1855195,18551.95
1855295,18552.95
1855393,18553.93
1855492,18554.92
1855590,18555.9
1855686,18556.86
1855783,18557.83
1855881,18558.81
1855977,18559.77
1856073,18560.73
1856169,18561.69
1856264,18562.64
1856354,18563.54
1856443,18564.43
1856532,18565.32
1856620,18566.2
1856706,18567.06
1856793,18567.93
1856879,18568.79
1856963,18569.63
1857047,18570.47
1857131,18571.31
1857214,18572.14
1857295,18572.95
1857376,18573.76
1857459,18574.59
1857540,18575.4
1857623,18576.23
1857707,18577.07
1857794,18577.94
1857885,18578.85
1857982,18579.82
1858083,18580.83
1858188,18581.88
1858295,18582.95
1858404,18584.04
1858512,18585.12
1858619,18586.19
1858725,18587.25
1858830,18588.3
1858931,18589.31
1859032,18590.32
1859133,18591.33
1859232,18592.32
1859331,18593.31
1859428,18594.28
1859528,18595.28
1859630,18596.3
1859730,18597.3
1859835,18598.35
1859939,18599.39
1860042,18600.42
1860148,18601.48
1860252,18602.52
1860354,18603.54
1860458,18604.58
1860561,18605.61
1860662,18606.62
1860763,18607.63
1860863,18608.63
1860964,18609.64
1861064,18610.64
1861164,18611.64
1861266,18612.66
1861367,18613.67
1861470,18614.7
1861572,18615.72
1861672,18616.72
1861772,18617.72
1861872,18618.72
1861971,18619.71
1862068,18620.68
1862165,18621.65
1862263,18622.63
1862360,18623.6
1862456,18624.56
1862552,18625.52
1862648,18626.48
1862744,18627.44
1862843,18628.43
1862942,18629.42
1863041,18630.41
1863142,18631.42
1863243,18632.43
1863343,18633.43
1863445,18634.45
1863547,18635.47
1863646,18636.46
1863746,18637.46
1863844,18638.44
1863943,18639.43
1864041,18640.41
1864139,18641.39
1864236,18642.36
1864334,18643.34
1864433,18644.33
1864533,18645.33
1864633,18646.33
1864735,18647.35
1864836,18648.36
1864939,18649.39
1865043,18650.43
1865147,18651.47
1865249,18652.49
1865350,18653.5
1865453,18654.53
1865552,18655.52
1865648,18656.48
1865746,18657.46
1865842,18658.42
1865941,18659.41
1866046,18660.46
1866152,18661.52
1866258,18662.58
1866365,18663.65
1866470,18664.7
1866578,18665.78
1866687,18666.87
1866794,18667.94
1866902,18669.02
1867011,18670.11
1867119,18671.19
1867225,18672.25
1867332,18673.32
1867439,18674.39
1867547,18675.47
1867654,18676.54
1867756,18677.56
1867858,18678.58
1867959,18679.59
1868060,18680.6
1868157,18681.57
1868255,18682.55
1868352,18683.52
1868453,18684.53
1868555,18685.55
1868654,18686.54
1868751,18687.51
1868850,18688.5
1868947,18689.47
1869045,18690.45
1869142,18691.42
1869242,18692.42
1869342,18693.42
1869444,18694.44
1869548,18695.48
1869656,18696.56
1869762,18697.62
1869869,18698.69
1869978,18699.78
1870086,18700.86
1870193,18701.93
1870298,18702.98
1870403,18704.03
1870507,18705.07
1870611,18706.11
1870714,18707.14
1870816,18708.16
1870920,18709.2
1871025,18710.25
1871129,18711.29
1871231,18712.31
1871334,18713.34
1871438,18714.38
1871543,18715.43
1871646,18716.46
1871751,18717.51
1871858,18718.58
1871966,18719.66
1872070,18720.7
1872172,18721.72
1872272,18722.72
1872369,18723.69
1872468,18724.68
1872565,18725.65
1872664,18726.64
1872762,18727.62
1872860,18728.6
1872961,18729.61
1873064,18730.64
1873166,18731.66
1873270,18732.7
1873375,18733.75
1873478,18734.78
1873582,18735.82
1873687,18736.87
1873792,18737.92
1873894,18738.94
1873995,18739.95
1874096,18740.96
1874197,18741.97
1874298,18742.98
1874398,18743.98
1874498,18744.98
1874598,18745.98
1874697,18746.97
1874794,18747.94
1874891,18748.91
1874990,18749.9
1875089,18750.89
1875188,18751.88
1875288,18752.88
1875390,18753.9
1875494,18754.94
1875596,18755.96
1875699,18756.99
1875803,18758.03
1875902,18759.02
1876000,18760.0
1876098,18760.98
1876194,18761.94
1876290,18762.9
1876389,18763.89
1876486,18764.86
1876586,18765.86
1876685,18766.85
1876786,18767.86
1876889,18768.89
1876990,18769.9
1877092,18770.92
1877195,18771.95
1877298,18772.98
1877398,18773.98
1877500,18775.0
1877600,18776.0
1877700,18777.0
1877798,18777.98
1877896,18778.96
1877993,18779.93
1878091,18780.91
1878188,18781.88
1878285,18782.85
1878382,18783.82
1878479,18784.79
1878574,18785.74
1878669,18786.69
1878766,18787.66
1878865,18788.65
1878965,18789.65
1879066,18790.66
1879171,18791.71
1879276,18792.76
1879378,18793.78
1879477,18794.77
1879577,18795.77
1879678,18796.78
1879781,18797.81
1879889,18798.89
1879998,18799.98
1880104,18801.04
1880211,18802.11
1880316,18803.16
1880421,18804.21
1880526,18805.26
1880631,18806.31
1880734,18807.34
1880837,18808.37
1880940,18809.4
1881044,18810.44
1881146,18811.46
1881248,18812.48
1881352,18813.52
1881455,18814.55
1881556,18815.56
1881659,18816.59
1881763,18817.63
1881865,18818.65
1881965,18819.65
1882065,18820.65
1882164,18821.64
1882262,18822.62
1882359,18823.59
1882456,18824.56
1882550,18825.5
1882642,18826.42
1882731,18827.31
1882821,18828.21
1882916,18829.16
1883013,18830.13
1883112,18831.12
1883217,18832.17
1883322,18833.22
1883426,18834.26
1883532,18835.32
1883638,18836.38
1883742,18837.42
1883847,18838.47
1883952,18839.52
1884058,18840.58
1884162,18841.62
1884264,18842.64
1884367,18843.67
1884470,18844.7
1884571,18845.71
1884671,18846.71
1884768,18847.68
1884866,18848.66
1884963,18849.63
1885060,18850.6
1885158,18851.58
1885256,18852.56
1885353,18853.53
1885452,18854.52
1885555,18855.55
1885657,18856.57
1885759,18857.59
1885863,18858.63
1885963,18859.63
1886059,18860.59
1886155,18861.55
1886254,18862.54
1886352,18863.52
1886454,18864.54
1886560,18865.6
1886664,18866.64
1886770,18867.7
1886878,18868.78
1886985,18869.85
1887090,18870.9
1887196,18871.96
1887301,18873.01
1887405,18874.05
1887507,18875.07
1887609,18876.09
1887711,18877.11
1887812,18878.12
1887910,18879.1
1888007,18880.07
1888106,18881.06
1888205,18882.05
1888306,18883.06
1888405,18884.05
1888505,18885.05
1888607,18886.07
1888710,18887.1
1888813,18888.13
1888914,18889.14
1889016,18890.16
1889119,18891.19
1889223,18892.23
1889325,18893.25
1889429,18894.29
1889527,18895.27
1889625,18896.25
1889723,18897.23
1889820,18898.2
1889919,18899.19
1890019,18900.19
1890120,18901.2
1890222,18902.22
1890324,18903.24
1890426,18904.26
1890530,18905.3
1890633,18906.33
1890736,18907.36
1890840,18908.4
1890945,18909.45
1891048,18910.48
1891153,18911.53
1891259,18912.59
1891365,18913.65
1891470,18914.7
1891574,18915.74
1891679,18916.79
1891783,18917.83
1891885,18918.85
1891976,18919.76
1892068,18920.68
1892162,18921.62
1892256,18922.56
1892353,18923.53
1892451,18924.51
1892547,18925.47
1892647,18926.47
1892746,18927.46
1892845,18928.45
1892944,18929.44
1893044,18930.44
1893145,18931.45
1893244,18932.44
1893345,18933.45
1893446,18934.46
1893548,18935.48
1893651,18936.51
1893753,18937.53
1893855,18938.55
1893956,18939.56
1894056,18940.56
1894157,18941.57
1894259,18942.59
1894359,18943.59
1894459,18944.59
1894560,18945.6
1894659,18946.59
1894758,18947.58
1894857,18948.57
1894957,18949.57
1895056,18950.56
1895155,18951.55
1895253,18952.53
1895350,18953.5
1895447,18954.47
1895543,18955.43
1895640,18956.4
1895739,18957.39
1895837,18958.37
1895936,18959.36
1896039,18960.39
1896142,18961.42
1896244,18962.44
1896348,18963.48
1896452,18964.52
1896552,18965.52
1896653,18966.53
1896753,18967.53
1896848,18968.48
1896944,18969.44
1897040,18970.4
1897134,18971.34
1897230,18972.3
1897326,18973.26
1897422,18974.22
1897521,18975.21
1897623,18976.23
1897723,18977.23
1897824,18978.24
1897925,18979.25
1898025,18980.25
1898124,18981.24
1898223,18982.23
1898322,18983.22
1898421,18984.21
1898519,18985.19
1898618,18986.18
1898717,18987.17
1898815,18988.15
1898912,18989.12
1899009,18990.09
1899106,18991.06
1899202,18992.02
1899298,18992.98
1899394,18993.94
1899490,18994.9
1899584,18995.84
1899678,18996.78
1899773,18997.73
1899870,18998.7
1899969,18999.69
1900066,19000.66
1900163,19001.63
1900263,19002.63
1900362,19003.62
1900460,19004.6
1900558,19005.58
1900658,19006.58
1900758,19007.58
1900858,19008.58
1900957,19009.57
1901056,19010.56
1901152,19011.52
1901251,19012.51
1901347,19013.47
1901445,19014.45
1901545,19015.45
1901644,19016.44
1901743,19017.43
1901841,19018.41
1901938,19019.38
1902035,19020.35
1902133,19021.33
1902230,19022.3
1902329,19023.29
1902427,19024.27
1902526,19025.26
1902626,19026.26
1902727,19027.27
1902827,19028.27
1902928,19029.28
1903030,19030.3
1903132,19031.32
1903234,19032.34
1903337,19033.37
1903439,19034.39
1903542,19035.42
1903643,19036.43
1903742,19037.42
1903839,19038.39
1903936,19039.36
1904033,19040.33
1904128,19041.28
1904223,19042.23
1904319,19043.19
1904418,19044.18
1904521,19045.21
1904625,19046.25
1904728,19047.28
1904833,19048.33
1904934,19049.34
1905033,19050.33
1905132,19051.32
1905229,19052.29
1905326,19053.26
1905425,19054.25
1905524,19055.24
1905626,19056.26
1905726,19057.26
1905827,19058.27
1905930,19059.3
1906034,19060.34
1906135,19061.35
1906237,19062.37
1906340,19063.4
1906442,19064.42
1906544,19065.44
1906647,19066.47
1906751,19067.51
1906855,19068.55
1906959,19069.59
1907060,19070.6
1907163,19071.63
1907265,19072.65
1907367,19073.67
1907468,19074.68
1907569,19075.69
1907670,19076.7
1907770,19077.7
1907867,19078.67
1907964,19079.64
1908061,19080.61
1908158,19081.58
1908253,19082.53
1908349,19083.49
1908447,19084.47
1908545,19085.45
1908640,19086.4
1908737,19087.37
1908833,19088.33
1908928,19089.28
1909027,19090.27
1909130,19091.3
1909232,19092.32
1909335,19093.35
1909439,19094.39
1909545,19095.45
1909649,19096.49
1909754,19097.54
1909859,19098.59
1909961,19099.61
1910062,19100.62
1910162,19101.62
1910258,19102.58
1910354,19103.54
1910449,19104.49
1910543,19105.43
1910638,19106.38
1910734,19107.34
1910831,19108.31
1910928,19109.28
1911028,19110.28
1911129,19111.29
1911233,19112.33
1911338,19113.38
1911443,19114.43
1911550,19115.5
1911657,19116.57
1911761,19117.61
1911865,19118.65
1911970,19119.7
1912074,19120.74
1912176,19121.76
1912277,19122.77
1912380,19123.8
1912481,19124.81
1912582,19125.82
1912680,19126.8
1912777,19127.77
1912871,19128.71
1912965,19129.65
1913060,19130.6
1913154,19131.54
1913250,19132.5
1913345,19133.45
1913440,19134.4
1913538,19135.38
1913637,19136.37
1913736,19137.36
1913837,19138.37
1913939,19139.39
1914041,19140.41
1914142,19141.42
1914244,19142.44
1914345,19143.45
1914447,19144.47
1914548,19145.48
1914649,19146.49
1914750,19147.5
1914851,19148.51
1914952,19149.52
1915050,19150.5
1915149,19151.49
1915247,19152.47
1915346,19153.46
1915445,19154.45
1915542,19155.42
1915640,19156.4
1915738,19157.38
1915837,19158.37
1915934,19159.34
1916033,19160.33
1916134,19161.34
1916234,19162.34
1916330,19163.3
1916428,19164.28
1916524,19165.24
1916621,19166.21
1916718,19167.18
1916814,19168.14
1916912,19169.12
1917011,19170.11
1917111,19171.11
1917210,19172.1
1917311,19173.11
1917413,19174.13
1917516,19175.16
1917615,19176.15
1917715,19177.15
1917815,19178.15
1917916,19179.16
1918016,19180.16
1918115,19181.15
1918214,19182.14
1918314,19183.14
1918414,19184.14
1918514,19185.14
1918614,19186.14
1918712,19187.12
1918809,19188.09
1918906,19189.06
1919004,19190.04
1919102,19191.02
1919201,19192.01
1919298,19192.98
1919397,19193.97
1919497,19194.97
1919595,19195.95
1919694,19196.94
1919795,19197.95
1919897,19198.97
1919999,19199.99
1920101,19201.01
1920201,19202.01
1920297,19202.97
1920392,19203.92
1920486,19204.86
1920579,19205.79
1920673,19206.73
1920771,19207.71
1920868,19208.68
1920969,19209.69
1921071,19210.71
1921172,19211.72
1921276,19212.76
1921380,19213.8
1921483,19214.83
1921587,19215.87
1921690,19216.9
1921794,19217.94
1921897,19218.97
1921997,19219.97
1922097,19220.97
1922196,19221.96
1922295,19222.95
1922393,19223.93
1922492,19224.92
1922589,19225.89
1922686,19226.86
1922781,19227.81
1922874,19228.74
1922969,19229.69
1923064,19230.64
1923161,19231.61
1923258,19232.58
1923357,19233.57
1923457,19234.57
1923559,19235.59
1923659,19236.59
1923759,19237.59
1923858,19238.58
1923952,19239.52
1924045,19240.45
1924137,19241.37
1924228,19242.28
1924321,19243.21
1924416,19244.16
1924510,19245.1
1924607,19246.07
1924705,19247.05
1924803,19248.03
1924900,19249.0
1924994,19249.94
1925087,19250.87
1925179,19251.79
1925272,19252.72
1925364,19253.64
1925456,19254.56
1925548,19255.48
1925643,19256.43
1925741,19257.41
1925842,19258.42
1925944,19259.44
1926046,19260.46
1926149,19261.49
1926251,19262.51
1926353,19263.53
1926455,19264.55
1926556,19265.56
1926657,19266.57
1926757,19267.57
1926856,19268.56
1926956,19269.56
1927053,19270.53
1927151,19271.51
1927250,19272.5
1927351,19273.51
1927454,19274.54
1927555,19275.55
1927659,19276.59
1927763,19277.63
1927867,19278.67
1927969,19279.69
1928071,19280.71
1928172,19281.72
1928268,19282.68
1928365,19283.65
1928460,19284.6
1928555,19285.55
1928653,19286.53
1928749,19287.49
1928848,19288.48
1928946,19289.46
1929045,19290.45
1929145,19291.45
1929245,19292.45
1929345,19293.45
1929446,19294.46
1929548,19295.48
1929648,19296.48
1929748,19297.48
1929848,19298.48
1929949,19299.49
1930048,19300.48
1930148,19301.48
1930246,19302.46
1930344,19303.44
1930442,19304.42
1930540,19305.4
1930637,19306.37
1930735,19307.35
1930832,19308.32
1930929,19309.29
1931027,19310.27
1931126,19311.26
1931225,19312.25
1931325,19313.25
1931428,19314.28
1931533,19315.33
1931638,19316.38
1931743,19317.43
1931849,19318.49
1931953,19319.53
1932052,19320.52
1932151,19321.51
1932246,19322.46
1932340,19323.4
1932433,19324.33
1932529,19325.29
1932624,19326.24
1932718,19327.18
1932816,19328.16
1932915,19329.15
1933013,19330.13
1933112,19331.12
1933211,19332.11
1933307,19333.07
1933403,19334.03
1933500,19335.0
1933595,19335.95
1933691,19336.91
1933787,19337.87
1933883,19338.83
1933979,19339.79
1934074,19340.74
1934170,19341.7
1934265,19342.65
1934360,19343.6
1934455,19344.55
1934551,19345.51
1934647,19346.47
1934744,19347.44
1934841,19348.41
1934940,19349.4
1935040,19350.4
1935141,19351.41
1935243,19352.43
1935345,19353.45
1935448,19354.48
1935553,19355.53
1935657,19356.57
1935760,19357.6
1935865,19358.65
1935971,19359.71
1936074,19360.74
1936172,19361.72
1936269,19362.69
1936364,19363.64
1936458,19364.58
1936549,19365.49
1936640,19366.4
1936730,19367.3
1936823,19368.23
1936917,19369.17
1937010,19370.1
1937106,19371.06
1937205,19372.05
1937305,19373.05
1937404,19374.04
1937502,19375.02
1937600,19376.0
1937697,19376.97
1937793,19377.93
1937888,19378.88
1937982,19379.82
1938077,19380.77
1938171,19381.71
1938266,19382.66
1938361,19383.61
1938458,19384.58
1938556,19385.56
1938653,19386.53
1938752,19387.52
1938851,19388.51
1938951,19389.51
1939052,19390.52
1939151,19391.51
1939251,19392.51
1939352,19393.52
1939455,19394.55
1939556,19395.56
1939656,19396.56
1939759,19397.59
1939862,19398.62
1939965,19399.65
1940067,19400.67
1940171,19401.71
1940269,19402.69
1940368,19403.68
1940467,19404.67
1940564,19405.64
1940661,19406.61
1940759,19407.59
1940856,19408.56
1940954,19409.54
1941050,19410.5
1941149,19411.49
1941249,19412.49
1941347,19413.47
1941447,19414.47
1941547,19415.47
1941644,19416.44
1941741,19417.41
1941838,19418.38
1941935,19419.35
1942031,19420.31
1942129,19421.29
1942225,19422.25
1942322,19423.22
1942419,19424.19
1942516,19425.16
1942615,19426.15
1942713,19427.13
1942812,19428.12
1942911,19429.11
1943009,19430.09
1943107,19431.07
1943203,19432.03
1943299,19432.99
1943396,19433.96
1943494,19434.94
1943594,19435.94
1943693,19436.93
1943794,19437.94
1943897,19438.97
1944001,19440.01
1944101,19441.01
1944202,19442.02
1944298,19442.98
1944395,19443.95
1944491,19444.91
1944586,19445.86
1944684,19446.84
1944782,19447.82
1944881,19448.81
1944983,19449.83
1945084,19450.84
1945184,19451.84
1945285,19452.85
1945383,19453.83
1945479,19454.79
1945576,19455.76
1945672,19456.72
1945766,19457.66
1945860,19458.6
1945953,19459.53
1946046,19460.46
1946136,19461.36
1946228,19462.28
1946319,19463.19
1946410,19464.1
1946503,19465.03
1946597,19465.97
1946693,19466.93
1946789,19467.89
1946886,19468.86
1946984,19469.84
1947083,19470.83
1947181,19471.81
1947279,19472.79
1947378,19473.78
1947477,19474.77
1947573,19475.73
1947670,19476.7
1947768,19477.68
1947867,19478.67
1947965,19479.65
1948066,19480.66
1948171,19481.71
1948279,19482.79
1948385,19483.85
1948492,19484.92
1948599,19485.99
1948698,19486.98
1948797,19487.97
1948894,19488.94
1948992,19489.92
1949090,19490.9
1949188,19491.88
1949286,19492.86
1949380,19493.8
1949474,19494.74
1949566,19495.66
1949658,19496.58
1949751,19497.51
1949845,19498.45
1949939,19499.39
1950036,19500.36
1950133,19501.33
1950232,19502.32
1950332,19503.32
1950430,19504.3
1950528,19505.28
1950626,19506.26
1950723,19507.23
1950821,19508.21
1950917,19509.17
1951014,19510.14
1951110,19511.1
1951207,19512.07
1951303,19513.03
1951398,19513.98
1951493,19514.93
1951590,19515.9
1951688,19516.88
1951788,19517.88
1951886,19518.86
1951984,19519.84
1952084,19520.84
1952186,19521.86
1952287,19522.87
1952388,19523.88
1952490,19524.9
1952587,19525.87
1952684,19526.84
1952779,19527.79
1952876,19528.76
1952974,19529.74
1953071,19530.71
1953170,19531.7
1953266,19532.66
1953363,19533.63
1953462,19534.62
1953559,19535.59
1953656,19536.56
1953754,19537.54
1953851,19538.51
1953947,19539.47
1954041,19540.41
1954136,19541.36
1954231,19542.31
1954324,19543.24
1954417,19544.17
1954509,19545.09
1954597,19545.97
1954685,19546.85
1954772,19547.72
1954861,19548.61
1954950,19549.5
1955038,19550.38
1955128,19551.28
1955220,19552.2
1955312,19553.12
1955404,19554.04
1955499,19554.99
1955595,19555.95
1955690,19556.9
1955785,19557.85
1955879,19558.79
1955973,19559.73
1956068,19560.68
1956162,19561.62
1956258,19562.58
1956355,19563.55
1956452,19564.52
1956551,19565.51
1956650,19566.5
1956751,19567.51
1956851,19568.51
1956950,19569.5
1957047,19570.47
1957146,19571.46
1957246,19572.46
1957346,19573.46
1957445,19574.45
1957546,19575.46
1957648,19576.48
1957748,19577.48
1957845,19578.45
1957943,19579.43
1958039,19580.39
1958135,19581.35
1958233,19582.33
1958329,19583.29
1958427,19584.27
1958526,19585.26
1958628,19586.28
1958729,19587.29
1958832,19588.32
1958936,19589.36
1959040,19590.4
1959143,19591.43
1959248,19592.48
1959352,19593.52
1959456,19594.56
1959560,19595.6
1959662,19596.62
1959764,19597.64
1959865,19598.65
1959966,19599.66
1960066,19600.66
1960164,19601.64
1960260,19602.6
1960359,19603.59
1960458,19604.58
1960554,19605.54
1960649,19606.49
1960744,19607.44
1960841,19608.41
1960936,19609.36
1961035,19610.35
1961137,19611.37
1961238,19612.38
1961340,19613.4
1961442,19614.42
1961542,19615.42
1961641,19616.41
1961740,19617.4
1961837,19618.37
1961934,19619.34
1962031,19620.31
1962128,19621.28
1962226,19622.26
1962323,19623.23
1962421,19624.21
1962520,19625.2
1962620,19626.2
1962721,19627.21
1962824,19628.24
1962925,19629.25
1963028,19630.28
1963127,19631.27
1963225,19632.25
1963324,19633.24
1963422,19634.22
1963520,19635.2
1963618,19636.18
1963719,19637.19
1963821,19638.21
1963924,19639.24
1964027,19640.27
1964127,19641.27
1964224,19642.24
1964322,19643.22
1964418,19644.18
1964515,19645.15
1964613,19646.13
1964710,19647.1
1964809,19648.09
1964909,19649.09
1965007,19650.07
1965107,19651.07
1965208,19652.08
1965307,19653.07
1965406,19654.06
1965505,19655.05
1965602,19656.02
1965696,19656.96
1965790,19657.9
1965882,19658.82
1965972,19659.72
1966060,19660.6
1966147,19661.47
1966233,19662.33
1966316,19663.16
1966399,19663.99
1966482,19664.82
1966564,19665.64
1966644,19666.44
1966724,19667.24
1966804,19668.04
1966883,19668.83
1966960,19669.6
1967037,19670.37
1967114,19671.14
1967191,19671.91
1967269,19672.69
1967350,19673.5
1967436,19674.36
1967528,19675.28
1967627,19676.27
1967730,19677.3
1967837,19678.37
1967945,19679.45
1968054,19680.54
1968165,19681.65
1968276,19682.76
1968385,19683.85
1968494,19684.94
1968602,19686.02
1968710,19687.1
1968815,19688.15
1968920,19689.2
1969026,19690.26
1969129,19691.29
1969233,19692.33
1969345,19693.45
1969455,19694.55
1969563,19695.63
1969674,19696.74
1969782,19697.82
1969890,19698.9
1970000,19700.0
1970109,19701.09
1970216,19702.16
1970323,19703.23
1970430,19704.3
1970536,19705.36
1970639,19706.39
1970742,19707.42
1970844,19708.44
1970947,19709.47
1971049,19710.49
1971150,19711.5
1971252,19712.52
1971353,19713.53
1971455,19714.55
1971556,19715.56
1971657,19716.57
1971756,19717.56
1971857,19718.57
1971956,19719.56
1972055,19720.55
1972158,19721.58
1972260,19722.6
1972362,19723.62
1972464,19724.64
1972563,19725.63
1972661,19726.61
1972761,19727.61
1972859,19728.59
1972961,19729.61
1973065,19730.65
1973167,19731.67
1973270,19732.7
1973373,19733.73
1973474,19734.74
1973578,19735.78
1973682,19736.82
1973786,19737.86
1973889,19738.89
1973993,19739.93
1974097,19740.97
1974200,19742.0
1974302,19743.02
1974403,19744.03
1974503,19745.03
1974602,19746.02
1974700,19747.0
1974798,19747.98
1974897,19748.97
1974997,19749.97
1975099,19750.99
1975199,19751.99
1975297,19752.97
1975397,19753.97
1975498,19754.98
1975600,19756.0
1975701,19757.01
1975802,19758.02
1975903,19759.03
1976004,19760.04
1976100,19761.0
1976198,19761.98
1976296,19762.96
1976395,19763.95
1976495,19764.95
1976595,19765.95
1976694,19766.94
1976796,19767.96
1976898,19768.98
1976998,19769.98
1977101,19771.01
1977204,19772.04
1977305,19773.05
1977406,19774.06
1977509,19775.09
1977613,19776.13
1977718,19777.18
1977823,19778.23
1977926,19779.26
1978025,19780.25
1978123,19781.23
1978221,19782.21
1978321,19783.21
1978422,19784.22
1978527,19785.27
1978631,19786.31
1978737,19787.37
1978843,19788.43
1978950,19789.5
1979057,19790.57
1979162,19791.62
1979266,19792.66
1979369,19793.69
1979473,19794.73
1979573,19795.73
1979673,19796.73
1979775,19797.75
1979878,19798.78
1979980,19799.8
1980082,19800.82
1980184,19801.84
1980280,19802.8
1980374,19803.74
1980465,19804.65
1980557,19805.57
1980648,19806.48
1980743,19807.43
1980842,19808.42
1980939,19809.39
1981040,19810.4
1981144,19811.44
1981246,19812.46
1981350,19813.5
1981456,19814.56
1981562,19815.62
1981667,19816.67
1981775,19817.75
1981884,19818.84
1981992,19819.92
1982099,19820.99
1982205,19822.05
1982312,19823.12
1982418,19824.18
1982524,19825.24
1982628,19826.28
1982731,19827.31
1982835,19828.35
1982941,19829.41
1983044,19830.44
1983145,19831.45
1983246,19832.46
1983344,19833.44
1983439,19834.39
1983533,19835.33
1983627,19836.27
1983723,19837.23
1983824,19838.24
1983924,19839.24
1984025,19840.25
1984129,19841.29
1984231,19842.31
1984337,19843.37
1984445,19844.45
1984551,19845.51
1984658,19846.58
1984766,19847.66
1984872,19848.72
1984978,19849.78
1985084,19850.84
1985188,19851.88
1985292,19852.92
1985395,19853.95
1985497,19854.97
1985597,19855.97
1985697,19856.97
1985798,19857.98
1985900,19859.0
1986002,19860.02
1986102,19861.02
1986201,19862.01
1986301,19863.01
1986400,19864.0
1986498,19864.98
1986596,19865.96
1986697,19866.97
1986796,19867.96
1986893,19868.93
1986992,19869.92
1987091,19870.91
1987190,19871.9
1987292,19872.92
1987393,19873.93
1987495,19874.95
1987598,19875.98
1987700,19877.0
1987803,19878.03
1987906,19879.06
1988006,19880.06
1988106,19881.06
1988206,19882.06
1988306,19883.06
1988404,19884.04
1988503,19885.03
1988604,19886.04
1988706,19887.06
1988809,19888.09
1988913,19889.13
1989016,19890.16
1989119,19891.19
1989221,19892.21
1989322,19893.22
1989422,19894.22
1989521,19895.21
1989621,19896.21
1989718,19897.18
1989814,19898.14
1989912,19899.12
1990010,19900.1
1990103,19901.03
1990197,19901.97
1990293,19902.93
1990389,19903.89
1990491,19904.91
1990592,19905.92
1990694,19906.94
1990798,19907.98
1990902,19909.02
1991008,19910.08
1991116,19911.16
1991224,19912.24
1991330,19913.3
1991438,19914.38
1991546,19915.46
1991653,19916.53
1991758,19917.58
1991861,19918.61
1991963,19919.63
1992064,19920.64
1992166,19921.66
1992266,19922.66
1992365,19923.65
1992464,19924.64
1992564,19925.64
1992660,19926.6
1992756,19927.56
1992853,19928.53
1992950,19929.5
1993045,19930.45
1993141,19931.41
1993239,19932.39
1993338,19933.38
1993441,19934.41
1993543,19935.43
1993646,19936.46
1993750,19937.5
1993855,19938.55
1993959,19939.59
1994064,19940.64
1994170,19941.7
1994275,19942.75
1994379,19943.79
1994485,19944.85
1994589,19945.89
1994692,19946.92
1994796,19947.96
1994899,19948.99
1995001,19950.01
1995102,19951.02
1995203,19952.03
1995305,19953.05
1995409,19954.09
1995511,19955.11
1995614,19956.14
1995717,19957.17
1995819,19958.19
1995919,19959.19
1996020,19960.2
1996121,19961.21
1996217,19962.17
1996314,19963.14
1996415,19964.15
1996515,19965.15
1996620,19966.2
1996725,19967.25
1996831,19968.31
1996938,19969.38
1997045,19970.45
1997151,19971.51
1997257,19972.57
1997364,19973.64
1997468,19974.68
1997572,19975.72
1997677,19976.77
1997780,19977.8
1997881,19978.81
1997984,19979.84
1998088,19980.88
1998191,19981.91
1998294,19982.94
1998397,19983.97
1998500,19985.0
1998600,19986.0
1998701,19987.01
1998803,19988.03
1998904,19989.04
1999002,19990.02
1999098,19990.98
1999194,19991.94
1999295,19992.95
1999399,19993.99
1999502,19995.02
1999606,19996.06
1999711,19997.11
1999812,19998.12
1999913,19999.13
2000014,20000.14
2000114,20001.14
2000217,20002.17
2000318,20003.18
2000419,20004.19
2000521,20005.21
2000622,20006.22
2000725,20007.25
2000828,20008.28
2000930,20009.3
2001035,20010.35
2001140,20011.4
2001242,20012.42
2001344,20013.44
2001445,20014.45
2001544,20015.44
2001645,20016.45
2001747,20017.47
2001850,20018.5
2001953,20019.53
2002057,20020.57
2002158,20021.58
2002262,20022.62
2002366,20023.66
2002470,20024.7
2002571,20025.71
2002671,20026.71
2002770,20027.7
2002868,20028.68
2002966,20029.66
2003064,20030.64
2003162,20031.62
2003258,20032.58
2003353,20033.53
2003450,20034.5
2003548,20035.48
2003644,20036.44
2003743,20037.43
2003843,20038.43
2003943,20039.43
2004046,20040.46
2004151,20041.51
2004255,20042.55
2004362,20043.62
2004468,20044.68
2004575,20045.75
2004683,20046.83
2004788,20047.88
2004894,20048.94
2004999,20049.99
2005104,20051.04
2005208,20052.08
2005312,20053.12
2005416,20054.16
2005519,20055.19
2005621,20056.21
2005723,20057.23
2005823,20058.23
2005925,20059.25
2006027,20060.27
2006128,20061.28
2006228,20062.28
2006330,20063.3
2006433,20064.33
2006539,20065.39
2006644,20066.44
2006750,20067.5
2006857,20068.57
2006961,20069.61
2007064,20070.64
2007168,20071.68
2007273,20072.73
2007378,20073.78
2007481,20074.81
2007586,20075.86
2007684,20076.84
2007782,20077.82
2007876,20078.76
2007970,20079.7
2008063,20080.63
2008160,20081.6
2008257,20082.57
2008358,20083.58
2008462,20084.62
2008565,20085.65
2008668,20086.68
2008772,20087.72
2008877,20088.77
2008981,20089.81
2009087,20090.87
2009191,20091.91
2009296,20092.96
2009403,20094.03
2009510,20095.1
2009617,20096.17
2009722,20097.22
2009828,20098.28
2009936,20099.36
2010043,20100.43
2010151,20101.51
2010259,20102.59
2010368,20103.68
2010476,20104.76
2010581,20105.81
2010684,20106.84
2010788,20107.88
2010892,20108.92
2010998,20109.98
2011102,20111.02
2011206,20112.06
2011312,20113.12
2011419,20114.19
2011524,20115.24
2011629,20116.29
2011733,20117.33
2011833,20118.33
2011933,20119.33
2012035,20120.35
2012137,20121.37
2012239,20122.39
2012338,20123.38
2012435,20124.35
2012529,20125.29
2012626,20126.26
2012724,20127.24
2012823,20128.23
2012922,20129.22
2013024,20130.24
2013128,20131.28
2013230,20132.3
2013334,20133.34
2013437,20134.37
2013540,20135.4
2013643,20136.43
2013744,20137.44
2013844,20138.44
2013944,20139.44
2014042,20140.42
2014141,20141.41
2014241,20142.41
2014341,20143.41
2014441,20144.41
2014544,20145.44
2014648,20146.48
2014753,20147.53
2014856,20148.56
2014958,20149.58
2015060,20150.6
2015158,20151.58
2015256,20152.56
2015355,20153.55
2015456,20154.56
2015558,20155.58
2015662,20156.62
2015762,20157.62
2015863,20158.63
2015965,20159.65
2016065,20160.65
2016168,20161.68
2016272,20162.72
2016375,20163.75
2016478,20164.78
2016583,20165.83
2016689,20166.89
2016794,20167.94
2016897,20168.97
2017000,20170.0
2017102,20171.02
2017203,20172.03
2017300,20173.0
2017398,20173.98
2017495,20174.95
2017591,20175.91
2017687,20176.87
2017783,20177.83
2017881,20178.81
2017982,20179.82
2018082,20180.82
2018183,20181.83
2018284,20182.84
2018382,20183.82
2018480,20184.8
2018575,20185.75
2018671,20186.71
2018769,20187.69
2018866,20188.66
2018966,20189.66
2019067,20190.67
2019168,20191.68
2019271,20192.71
2019376,20193.76
2019479,20194.79
2019582,20195.82
2019686,20196.86
2019787,20197.87
2019889,20198.89
2019991,20199.91
2020090,20200.9
2020191,20201.91
2020291,20202.91
2020392,20203.92
2020491,20204.91
2020590,20205.9
2020689,20206.89
2020789,20207.89
2020889,20208.89
2020989,20209.89
2021089,20210.89
2021191,20211.91
2021292,20212.92
2021392,20213.92
2021491,20214.91
2021591,20215.91
2021688,20216.88
2021785,20217.85
2021883,20218.83
2021981,20219.81
2022083,20220.83
2022184,20221.84
2022286,20222.86
2022390,20223.9
2022494,20224.94
2022599,20225.99
2022704,20227.04
2022807,20228.07
2022910,20229.1
2023012,20230.12
2023112,20231.12
2023214,20232.14
2023315,20233.15
2023417,20234.17
2023518,20235.18
2023621,20236.21
2023724,20237.24
2023828,20238.28
2023931,20239.31
2024034,20240.34
2024137,20241.37
2024239,20242.39
2024341,20243.41
2024440,20244.4
2024537,20245.37
2024635,20246.35
2024734,20247.34
2024831,20248.31
2024929,20249.29
2025029,20250.29
2025130,20251.3
2025229,20252.29
2025329,20253.29
2025431,20254.31
2025532,20255.32
2025636,20256.36
2025740,20257.4
2025844,20258.44
2025949,20259.49
2026052,20260.52
2026157,20261.57
2026260,20262.6
2026361,20263.61
2026463,20264.63
2026565,20265.65
2026667,20266.67
2026768,20267.68
2026872,20268.72
2026977,20269.77
2027083,20270.83
2027188,20271.88
2027292,20272.92
2027395,20273.95
2027498,20274.98
2027600,20276.0
2027702,20277.02
2027802,20278.02
2027900,20279.0
2027999,20279.99
2028099,20280.99
2028197,20281.97
2028296,20282.96
2028395,20283.95
2028495,20284.95
2028592,20285.92
2028689,20286.89
2028787,20287.87
2028886,20288.86
2028988,20289.88
2029090,20290.9
2029194,20291.94
2029301,20293.01
2029407,20294.07
2029512,20295.12
2029617,20296.17
2029720,20297.2
2029822,20298.22
2029924,20299.24
2030025,20300.25
2030125,20301.25
2030226,20302.26
2030328,20303.28
2030430,20304.3
2030531,20305.31
2030632,20306.32
2030732,20307.32
2030833,20308.33
2030935,20309.35
2031035,20310.35
2031135,20311.35
2031233,20312.33
2031329,20313.29
2031422,20314.22
2031515,20315.15
2031607,20316.07
2031701,20317.01
2031797,20317.97
2031893,20318.93
2031993,20319.93
2032095,20320.95
2032196,20321.96
2032301,20323.01
2032407,20324.07
2032512,20325.12
2032618,20326.18
2032724,20327.24
2032829,20328.29
2032931,20329.31
2033035,20330.35
2033139,20331.39
2033242,20332.42
2033342,20333.42
2033444,20334.44
2033546,20335.46
2033648,20336.48
2033748,20337.48
2033846,20338.46
2033946,20339.46
2034045,20340.45
2034142,20341.42
2034239,20342.39
2034337,20343.37
2034434,20344.34
2034527,20345.27
2034622,20346.22
2034716,20347.16
2034810,20348.1
2034908,20349.08
2035005,20350.05
2035104,20351.04
2035204,20352.04
2035303,20353.03
2035405,20354.05
2035507,20355.07
2035610,20356.1
2035712,20357.12
2035813,20358.13
2035910,20359.1
2036005,20360.05
2036100,20361.0
2036193,20361.93
2036285,20362.85
2036375,20363.75
2036464,20364.64
2036551,20365.51
2036639,20366.39
2036728,20367.28
2036817,20368.17
2036906,20369.06
2036996,20369.96
2037087,20370.87
2037179,20371.79
2037272,20372.72
2037366,20373.66
2037460,20374.6
2037556,20375.56
2037654,20376.54
2037752,20377.52
2037852,20378.52
2037953,20379.53
2038055,20380.55
2038157,20381.57
2038259,20382.59
2038359,20383.59
2038460,20384.6
2038562,20385.62
2038664,20386.64
2038766,20387.66
2038871,20388.71
2038976,20389.76
2039076,20390.76
2039175,20391.75
2039276,20392.76
2039375,20393.75
2039475,20394.75
2039581,20395.81
2039685,20396.85
2039789,20397.89
2039891,20398.91
2039993,20399.93
2040095,20400.95
2040194,20401.94
2040295,20402.95
2040395,20403.95
2040494,20404.94
2040592,20405.92
2040688,20406.88
2040783,20407.83
2040876,20408.76
2040967,20409.67
2041057,20410.57
2041150,20411.5
2041244,20412.44
2041339,20413.39
2041436,20414.36
2041536,20415.36
2041638,20416.38
2041741,20417.41
2041844,20418.44
2041948,20419.48
2042051,20420.51
2042154,20421.54
2042257,20422.57
2042358,20423.58
2042460,20424.6
2042561,20425.61
2042661,20426.61
2042760,20427.6
2042861,20428.61
2042964,20429.64
2043067,20430.67
2043169,20431.69
2043273,20432.73
2043375,20433.75
2043473,20434.73
2043572,20435.72
2043672,20436.72
2043769,20437.69
2043867,20438.67
2043967,20439.67
2044065,20440.65
2044164,20441.64
2044264,20442.64
2044365,20443.65
2044465,20444.65
2044567,20445.67
2044669,20446.69
2044769,20447.69
2044869,20448.69
2044969,20449.69
2045068,20450.68
2045166,20451.66
2045264,20452.64
2045360,20453.6
2045457,20454.57
2045556,20455.56
2045656,20456.56
2045755,20457.55
2045856,20458.56
2045959,20459.59
2046063,20460.63
2046166,20461.66
2046269,20462.69
2046374,20463.74
2046480,20464.8
2046585,20465.85
2046690,20466.9
2046794,20467.94
2046898,20468.98
2047000,20470.0
2047101,20471.01
2047198,20471.98
2047293,20472.93
2047387,20473.87
2047477,20474.77
2047569,20475.69
2047663,20476.63
2047756,20477.56
2047853,20478.53
2047951,20479.51
2048051,20480.51
2048152,20481.52
2048252,20482.52
2048351,20483.51
2048447,20484.47
2048545,20485.45
2048642,20486.42
2048739,20487.39
2048836,20488.36
2048934,20489.34
2049032,20490.32
2049130,20491.3
2049229,20492.29
2049328,20493.28
2049426,20494.26
2049522,20495.22
2049617,20496.17
2049712,20497.12
2049807,20498.07
2049904,20499.04
2050002,20500.02
2050099,20500.99
2050198,20501.98
2050299,20502.99
2050399,20503.99
2050501,20505.01
2050601,20506.01
2050699,20506.99
2050797,20507.97
2050897,20508.97
2050996,20509.96
2051097,20510.97
2051198,20511.98
2051297,20512.97
2051395,20513.95
2051491,20514.91
2051589,20515.89
2051686,20516.86
2051781,20517.81
2051876,20518.76
2051972,20519.72
2052068,20520.68
2052163,20521.63
2052257,20522.57
2052352,20523.52
2052448,20524.48
2052542,20525.42
2052637,20526.37
2052733,20527.33
2052829,20528.29
2052925,20529.25
2053021,20530.21
2053116,20531.16
2053210,20532.1
2053304,20533.04
2053399,20533.99
2053495,20534.95
2053590,20535.9
2053685,20536.85
2053778,20537.78
2053859,20538.59
2053950,20539.5
2054035,20540.35
2054130,20541.3
2054213,20542.13
2054302,20543.02
2054385,20543.85
2054467,20544.67
2054547,20545.47
2054627,20546.27
2054707,20547.07
2054787,20547.87
2054868,20548.68
2054949,20549.49
2055029,20550.29
2055110,20551.1
2055192,20551.92
2055273,20552.73
2055354,20553.54
2055436,20554.36
2055519,20555.19
2055604,20556.04
2055689,20556.89
2055778,20557.78
2055870,20558.7
2055967,20559.67
2056067,20560.67
2056171,20561.71
2056275,20562.75
2056381,20563.81
2056488,20564.88
2056594,20565.94
2056699,20566.99
2056802,20568.02
2056905,20569.05
2057008,20570.08
2057112,20571.12
2057216,20572.16
2057319,20573.19
2057420,20574.2
2057519,20575.19
2057621,20576.21
2057723,20577.23
2057827,20578.27
2057935,20579.35
2058041,20580.41
2058147,20581.47
2058252,20582.52
2058354,20583.54
2058457,20584.57
2058559,20585.59
2058660,20586.6
2058762,20587.62
2058864,20588.64
2058966,20589.66
2059066,20590.66
2059167,20591.67
2059269,20592.69
2059372,20593.72
2059476,20594.76
2059580,20595.8
2059684,20596.84
2059789,20597.89
2059894,20598.94
2059996,20599.96
2060097,20600.97
2060197,20601.97
2060297,20602.97
2060397,20603.97
2060497,20604.97
2060596,20605.96
2060696,20606.96
2060797,20607.97
2060900,20609.0
2061001,20610.01
2061102,20611.02
2061204,20612.04
2061305,20613.05
2061402,20614.02
2061497,20614.97
2061592,20615.92
2061684,20616.84
2061778,20617.78
2061873,20618.73
2061967,20619.67
2062062,20620.62
2062159,20621.59
2062255,20622.55
2062353,20623.53
2062454,20624.54
2062555,20625.55
2062655,20626.55
2062757,20627.57
2062861,20628.61
2062962,20629.62
2063062,20630.62
2063159,20631.59
2063256,20632.56
2063352,20633.52
2063446,20634.46
2063539,20635.39
2063631,20636.31
2063724,20637.24
2063816,20638.16
2063906,20639.06
2063995,20639.95
2064085,20640.85
2064176,20641.76
2064268,20642.68
2064358,20643.58
2064448,20644.48
2064536,20645.36
2064625,20646.25
2064713,20647.13
2064803,20648.03
2064894,20648.94
2064985,20649.85
2065078,20650.78
2065174,20651.74
2065272,20652.72
2065374,20653.74
2065478,20654.78
2065583,20655.83
2065690,20656.9
2065797,20657.97
2065905,20659.05
2066012,20660.12
2066119,20661.19
2066225,20662.25
2066329,20663.29
2066433,20664.33
2066534,20665.34
2066632,20666.32
2066730,20667.3
2066829,20668.29
2066926,20669.26
2067024,20670.24
2067123,20671.23
2067223,20672.23
2067320,20673.2
2067418,20674.18
2067518,20675.18
2067617,20676.17
2067715,20677.15
2067816,20678.16
2067918,20679.18
2068018,20680.18
2068119,20681.19
2068221,20682.21
2068321,20683.21
2068421,20684.21
2068522,20685.22
2068622,20686.22
2068720,20687.2
2068817,20688.17
2068915,20689.15
2069012,20690.12
2069110,20691.1
2069207,20692.07
2069304,20693.04
2069401,20694.01
2069499,20694.99
2069598,20695.98
2069694,20696.94
2069790,20697.9
2069889,20698.89
2069988,20699.88
2070086,20700.86
2070184,20701.84
2070282,20702.82
2070381,20703.81
2070478,20704.78
2070573,20705.73
2070672,20706.72
2070769,20707.69
2070867,20708.67
2070970,20709.7
2071070,20710.7
2071170,20711.7
2071271,20712.71
2071371,20713.71
2071471,20714.71
2071572,20715.72
2071674,20716.74
2071773,20717.73
2071874,20718.74
2071975,20719.75
2072075,20720.75
2072174,20721.74
2072274,20722.74
2072375,20723.75
2072477,20724.77
2072580,20725.8
2072682,20726.82
2072785,20727.85
2072887,20728.87
2072988,20729.88
2073090,20730.9
2073192,20731.92
2073291,20732.91
2073390,20733.9
2073490,20734.9
2073590,20735.9
2073687,20736.87
2073787,20737.87
2073891,20738.91
2073995,20739.95
2074099,20740.99
2074205,20742.05
2074309,20743.09
2074415,20744.15
2074521,20745.21
2074625,20746.25
2074728,20747.28
2074831,20748.31
2074933,20749.33
2075033,20750.33
2075132,20751.32
2075231,20752.31
2075330,20753.3
2075427,20754.27
2075525,20755.25
2075624,20756.24
2075723,20757.23
2075821,20758.21
2075921,20759.21
2076020,20760.2
2076119,20761.19
2076217,20762.17
2076315,20763.15
2076413,20764.13
2076511,20765.11
2076609,20766.09
2076707,20767.07
2076806,20768.06
2076902,20769.02
2076995,20769.95
2077078,20770.78
2077176,20771.76
2077265,20772.65
2077369,20773.69
2077464,20774.64
2077560,20775.6
2077653,20776.53
2077745,20777.45
2077836,20778.36
2077928,20779.28
2078024,20780.24
2078122,20781.22
2078219,20782.19
2078321,20783.21
2078426,20784.26
2078533,20785.33
2078640,20786.4
2078747,20787.47
2078853,20788.53
2078958,20789.58
2079063,20790.63
2079168,20791.68
2079270,20792.7
2079372,20793.72
2079473,20794.73
2079572,20795.72
2079671,20796.71
2079769,20797.69
2079868,20798.68
2079964,20799.64
2080060,20800.6
2080158,20801.58
2080260,20802.6
2080360,20803.6
2080462,20804.62
2080566,20805.66
2080671,20806.71
2080775,20807.75
2080880,20808.8
2080983,20809.83
2081083,20810.83
2081185,20811.85
2081285,20812.85
2081384,20813.84
2081484,20814.84
2081582,20815.82
2081682,20816.82
2081782,20817.82
2081881,20818.81
2081982,20819.82
2082083,20820.83
2082185,20821.85
2082286,20822.86
2082389,20823.89
2082493,20824.93
2082595,20825.95
2082697,20826.97
2082800,20828.0
2082901,20829.01
2083002,20830.02
2083103,20831.03
2083204,20832.04
2083304,20833.04
2083405,20834.05
2083505,20835.05
2083603,20836.03
2083701,20837.01
2083799,20837.99
2083898,20838.98
2083996,20839.96
2084093,20840.93
2084192,20841.92
2084293,20842.93
2084393,20843.93
2084493,20844.93
2084595,20845.95
2084697,20846.97
2084798,20847.98
2084899,20848.99
2084999,20849.99
2085095,20850.95
2085192,20851.92
2085288,20852.88
2085383,20853.83
2085481,20854.81
2085580,20855.8
2085679,20856.79
2085780,20857.8
2085881,20858.81
2085981,20859.81
2086082,20860.82
2086184,20861.84
2086285,20862.85
2086386,20863.86
2086488,20864.88
2086589,20865.89
2086688,20866.88
2086788,20867.88
2086887,20868.87
2086987,20869.87
2087086,20870.86
2087182,20871.82
2087279,20872.79
2087376,20873.76
2087473,20874.73
2087570,20875.7
2087668,20876.68
2087765,20877.65
2087862,20878.62
2087959,20879.59
2088058,20880.58
2088155,20881.55
2088252,20882.52
2088350,20883.5
2088449,20884.49
2088548,20885.48
2088646,20886.46
2088746,20887.46
2088846,20888.46
2088948,20889.48
2089050,20890.5
2089147,20891.47
2089245,20892.45
2089340,20893.4
2089437,20894.37
2089498,20894.98
2089560,20895.6
2089649,20896.49
2089729,20897.29
2089826,20898.26
2089923,20899.23
2090020,20900.2
2090117,20901.17
2090214,20902.14
2090313,20903.13
2090415,20904.15
2090517,20905.17
2090623,20906.23
2090731,20907.31
2090840,20908.4
2090950,20909.5
2091059,20910.59
2091167,20911.67
2091275,20912.75
2091380,20913.8
2091484,20914.84
2091585,20915.85
2091686,20916.86
2091788,20917.88
2091889,20918.89
2091987,20919.87
2092087,20920.87
2092188,20921.88
2092289,20922.89
2092388,20923.88
2092489,20924.89
2092594,20925.94
2092702,20927.02
2092810,20928.1
2092916,20929.16
2093021,20930.21
2093121,20931.21
2093221,20932.21
2093319,20933.19
2093415,20934.15
2093508,20935.08
2093602,20936.02
2093697,20936.97
2093791,20937.91
2093886,20938.86
2093982,20939.82
2094081,20940.81
2094178,20941.78
2094278,20942.78
2094379,20943.79
2094481,20944.81
2094583,20945.83
2094687,20946.87
2094791,20947.91
2094896,20948.96
2094999,20949.99
2095103,20951.03
2095204,20952.04
2095305,20953.05
2095405,20954.05
2095505,20955.05
2095604,20956.04
2095701,20957.01
2095801,20958.01
2095901,20959.01
2096000,20960.0
2096100,20961.0
2096202,20962.02
2096308,20963.08
2096414,20964.14
2096518,20965.18
2096618,20966.18
2096719,20967.19
2096819,20968.19
2096918,20969.18
2097018,20970.18
2097120,20971.2
2097221,20972.21
2097324,20973.24
2097425,20974.25
2097526,20975.26
2097628,20976.28
2097729,20977.29
2097830,20978.3
2097931,20979.31
2098032,20980.32
2098132,20981.32
2098232,20982.32
2098332,20983.32
2098432,20984.32
2098532,20985.32
2098632,20986.32
2098732,20987.32
2098831,20988.31
2098929,20989.29
2099025,20990.25
2099122,20991.22
2099221,20992.21
2099322,20993.22
2099421,20994.21
2099519,20995.19
2099618,20996.18
2099720,20997.2
2099822,20998.22
2099923,20999.23
2100020,21000.2
2100119,21001.19
2100216,21002.16
2100314,21003.14
2100413,21004.13
2100510,21005.1
2100608,21006.08
2100707,21007.07
2100805,21008.05
2100905,21009.05
2101006,21010.06
2101106,21011.06
2101207,21012.07
2101310,21013.1
2101412,21014.12
2101513,21015.13
2101614,21016.14
2101715,21017.15
2101817,21018.17
2101919,21019.19
2102021,21020.21
2102121,21021.21
2102220,21022.2
2102320,21023.2
2102419,21024.19
2102517,21025.17
2102614,21026.14
2102710,21027.1
2102804,21028.04
2102900,21029.0
2102999,21029.99
2103100,21031.0
2103202,21032.02
2103304,21033.04
2103408,21034.08
2103512,21035.12
2103618,21036.18
2103724,21037.24
2103823,21038.23
2103924,21039.24
2104021,21040.21
2104118,21041.18
2104217,21042.17
2104315,21043.15
2104415,21044.15
2104516,21045.16
2104615,21046.15
2104716,21047.16
2104817,21048.17
2104918,21049.18
2105018,21050.18
2105121,21051.21
2105224,21052.24
2105329,21053.29
2105433,21054.33
2105538,21055.38
2105643,21056.43
2105747,21057.47
2105851,21058.51
2105953,21059.53
2106056,21060.56
2106155,21061.55
2106255,21062.55
2106355,21063.55
2106456,21064.56
2106554,21065.54
2106651,21066.51
2106749,21067.49
2106848,21068.48
2106947,21069.47
2107046,21070.46
2107147,21071.47
2107250,21072.5
2107352,21073.52
2107455,21074.55
2107558,21075.58
2107657,21076.57
2107756,21077.56
2107859,21078.59
2107964,21079.64
2108069,21080.69
2108173,21081.73
2108277,21082.77
2108380,21083.8
2108485,21084.85
2108590,21085.9
2108693,21086.93
2108798,21087.98
2108901,21089.01
2109003,21090.03
2109107,21091.07
2109210,21092.1
2109311,21093.11
2109412,21094.12
2109512,21095.12
2109613,21096.13
2109713,21097.13
2109812,21098.12
2109908,21099.08
2110005,21100.05
2110101,21101.01
2110198,21101.98
2110296,21102.96
2110395,21103.95
2110497,21104.97
2110598,21105.98
2110699,21106.99
2110799,21107.99
2110898,21108.98
2110993,21109.93
2111090,21110.9
2111186,21111.86
2111284,21112.84
2111387,21113.87
2111489,21114.89
2111593,21115.93
2111697,21116.97
2111799,21117.99
2111903,21119.03
2112006,21120.06
2112106,21121.06
2112207,21122.07
2112305,21123.05
2112402,21124.02
2112498,21124.98
2112593,21125.93
2112687,21126.87
2112781,21127.81
2112877,21128.77
2112974,21129.74
2113071,21130.71
2113170,21131.7
2113269,21132.69
2113367,21133.67
2113466,21134.66
2113566,21135.66
2113664,21136.64
2113763,21137.63
2113864,21138.64
2113965,21139.65
2114064,21140.64
2114165,21141.65
2114266,21142.66
2114367,21143.67
2114466,21144.66
2114564,21145.64
2114663,21146.63
2114762,21147.62
2114862,21148.62
2114964,21149.64
2115065,21150.65
2115168,21151.68
2115272,21152.72
2115373,21153.73
2115475,21154.75
2115578,21155.78
2115682,21156.82
2115784,21157.84
2115888,21158.88
2115992,21159.92
2116094,21160.94
2116196,21161.96
2116299,21162.99
2116401,21164.01
2116502,21165.02
2116602,21166.02
2116704,21167.04
2116805,21168.05
2116905,21169.05
2117006,21170.06
2117108,21171.08
2117212,21172.12
2117313,21173.13
2117414,21174.14
2117514,21175.14
2117610,21176.1
2117708,21177.08
2117807,21178.07
2117904,21179.04
2118004,21180.04
2118104,21181.04
2118203,21182.03
2118303,21183.03
2118405,21184.05
2118505,21185.05
2118606,21186.06
2118708,21187.08
2118809,21188.09
2118910,21189.1
2119011,21190.11
2119113,21191.13
2119214,21192.14
2119316,21193.16
2119418,21194.18
2119519,21195.19
2119619,21196.19
2119720,21197.2
2119822,21198.22
2119925,21199.25
2120029,21200.29
2120134,21201.34
2120237,21202.37
2120338,21203.38
2120442,21204.42
2120547,21205.47
2120651,21206.51
2120759,21207.59
2120867,21208.67
2120971,21209.71
2121071,21210.71
2121172,21211.72
2121268,21212.68
2121366,21213.66
2121466,21214.66
2121564,21215.64
2121665,21216.65
2121768,21217.68
2121869,21218.69
2121973,21219.73
2122078,21220.78
2122183,21221.83
2122289,21222.89
2122396,21223.96
2122502,21225.02
2122606,21226.06
2122709,21227.09
2122812,21228.12
2122915,21229.15
2123016,21230.16
2123116,21231.16
2123216,21232.16
2123317,21233.17
2123416,21234.16
2123513,21235.13
2123610,21236.1
2123708,21237.08
2123806,21238.06
2123903,21239.03
2123999,21239.99
2124096,21240.96
2124193,21241.93
2124288,21242.88
2124384,21243.84
2124484,21244.84
2124582,21245.82
2124685,21246.85
2124792,21247.92
2124898,21248.98
2125003,21250.03
2125109,21251.09
2125215,21252.15
2125321,21253.21
2125427,21254.27
2125532,21255.32
2125636,21256.36
2125738,21257.38
2125840,21258.4
2125942,21259.42
2126041,21260.41
2126141,21261.41
2126240,21262.4
2126340,21263.4
2126439,21264.39
2126537,21265.37
2126637,21266.37
2126739,21267.39
2126843,21268.43
2126944,21269.44
2127045,21270.45
2127147,21271.47
2127247,21272.47
2127345,21273.45
2127445,21274.45
2127545,21275.45
2127643,21276.43
2127739,21277.39
2127835,21278.35
2127932,21279.32
2128028,21280.28
2128127,21281.27
2128226,21282.26
2128327,21283.27
2128430,21284.3
2128535,21285.35
2128638,21286.38
2128742,21287.42
2128847,21288.47
2128952,21289.52
2129055,21290.55
2129159,21291.59
2129264,21292.64
2129369,21293.69
2129473,21294.73
2129577,21295.77
2129682,21296.82
2129788,21297.88
2129894,21298.94
2129996,21299.96
2130098,21300.98
2130202,21302.02
2130307,21303.07
2130412,21304.12
2130519,21305.19
2130623,21306.23
2130721,21307.21
2130821,21308.21
2130920,21309.2
2131016,21310.16
2131114,21311.14
2131213,21312.13
2131311,21313.11
2131413,21314.13
2131516,21315.16
2131620,21316.2
2131726,21317.26
2131832,21318.32
2131937,21319.37
2132045,21320.45
2132153,21321.53
2132260,21322.6
2132364,21323.64
2132468,21324.68
2132572,21325.72
2132675,21326.75
2132777,21327.77
2132880,21328.8
2132981,21329.81
2133081,21330.81
2133183,21331.83
2133284,21332.84
2133384,21333.84
2133484,21334.84
2133586,21335.86
2133689,21336.89
2133793,21337.93
2133896,21338.96
2134002,21340.02
2134108,21341.08
2134212,21342.12
2134316,21343.16
2134420,21344.2
2134518,21345.18
2134616,21346.16
2134711,21347.11
2134807,21348.07
2134906,21349.06
2135005,21350.05
2135106,21351.06
2135209,21352.09
2135313,21353.13
2135420,21354.2
2135525,21355.25
2135629,21356.29
2135735,21357.35
2135841,21358.41
2135945,21359.45
2136051,21360.51
2136155,21361.55
2136261,21362.61
2136365,21363.65
2136466,21364.66
2136565,21365.65
2136665,21366.65
2136764,21367.64
2136864,21368.64
2136963,21369.63
2137061,21370.61
2137160,21371.6
2137260,21372.6
2137360,21373.6
2137460,21374.6
2137559,21375.59
2137660,21376.6
2137761,21377.61
2137861,21378.61
2137960,21379.6
2138063,21380.63
2138163,21381.63
2138259,21382.59
2138355,21383.55
2138449,21384.49
2138541,21385.41
2138636,21386.36
2138733,21387.33
2138828,21388.28
2138927,21389.27
2139026,21390.26
2139125,21391.25
2139227,21392.27
2139332,21393.32
2139422,21394.22
2139529,21395.29
2139627,21396.27
2139742,21397.42
2139846,21398.46
2139949,21399.49
2140054,21400.54
2140160,21401.6
2140265,21402.65
2140370,21403.7
2140474,21404.74
2140580,21405.8
2140687,21406.87
2140796,21407.96
2140902,21409.02
2141006,21410.06
2141112,21411.12
2141218,21412.18
2141321,21413.21
2141424,21414.24
2141525,21415.25
2141622,21416.22
2141722,21417.22
2141823,21418.23
2141925,21419.25
2142024,21420.24
2142127,21421.27
2142214,21422.14
2142302,21423.02
2142410,21424.1
2142519,21425.19
2142615,21426.15
2142708,21427.08
2142802,21428.02
2142894,21428.94
2142989,21429.89
2143085,21430.85
2143185,21431.85
2143287,21432.87
2143392,21433.92
2143499,21434.99
2143609,21436.09
2143718,21437.18
2143826,21438.26
2143933,21439.33
2144038,21440.38
2144142,21441.42
2144245,21442.45
2144346,21443.46
2144446,21444.46
2144543,21445.43
2144640,21446.4
2144737,21447.37
2144833,21448.33
2144930,21449.3
2145027,21450.27
2145126,21451.26
2145228,21452.28
2145331,21453.31
2145434,21454.34
2145537,21455.37
2145634,21456.34
2145732,21457.32
2145829,21458.29
2145926,21459.26
2146026,21460.26
2146128,21461.28
2146230,21462.3
2146333,21463.33
2146434,21464.34
2146537,21465.37
2146642,21466.42
2146748,21467.48
2146853,21468.53
2146960,21469.6
2147065,21470.65
2147169,21471.69
2147274,21472.74
2147379,21473.79
2147482,21474.82
2147585,21475.85
2147690,21476.9
2147793,21477.93
2147896,21478.96
2147998,21479.98
2148100,21481.0
2148202,21482.02
2148307,21483.07
2148411,21484.11
2148513,21485.13
2148615,21486.15
2148720,21487.2
2148825,21488.25
2148926,21489.26
2149028,21490.28
2149128,21491.28
2149226,21492.26
2149325,21493.25
2149422,21494.22
2149522,21495.22
2149622,21496.22
2149723,21497.23
2149824,21498.24
2149925,21499.25
2150028,21500.28
2150131,21501.31
2150233,21502.33
2150335,21503.35
2150438,21504.38
2150540,21505.4
2150640,21506.4
2150741,21507.41
2150843,21508.43
2150944,21509.44
2151046,21510.46
2151148,21511.48
2151251,21512.51
2151354,21513.54
2151457,21514.57
2151559,21515.59
2151659,21516.59
2151759,21517.59
2151860,21518.6
2151961,21519.61
2152061,21520.61
2152162,21521.62
2152265,21522.65
2152367,21523.67
2152469,21524.69
2152576,21525.76
2152682,21526.82
2152789,21527.89
2152899,21528.99
2153008,21530.08
2153116,21531.16
2153220,21532.2
2153321,21533.21
2153418,21534.18
2153516,21535.16
2153612,21536.12
2153709,21537.09
2153809,21538.09
2153911,21539.11
2154012,21540.12
2154116,21541.16
2154220,21542.2
2154326,21543.26
2154433,21544.33
2154540,21545.4
2154646,21546.46
2154754,21547.54
2154861,21548.61
2154966,21549.66
2155070,21550.7
2155174,21551.74
2155277,21552.77
2155379,21553.79
2155481,21554.81
2155583,21555.83
2155683,21556.83
2155782,21557.82
2155882,21558.82
2155983,21559.83
2156081,21560.81
2156180,21561.8
2156279,21562.79
2156380,21563.8
2156479,21564.79
2156578,21565.78
2156680,21566.8
2156783,21567.83
2156883,21568.83
2156981,21569.81
2157080,21570.8
2157177,21571.77
2157275,21572.75
2157374,21573.74
2157472,21574.72
2157572,21575.72
2157671,21576.71
2157772,21577.72
2157875,21578.75
2157977,21579.77
2158079,21580.79
2158183,21581.83
2158286,21582.86
2158388,21583.88
2158490,21584.9
2158593,21585.93
2158695,21586.95
2158795,21587.95
2158897,21588.97
2158998,21589.98
2159100,21591.0
2159202,21592.02
2159303,21593.03
2159407,21594.07
2159512,21595.12
2159618,21596.18
2159723,21597.23
2159826,21598.26
2159931,21599.31
2160037,21600.37
2160141,21601.41
2160246,21602.46
2160354,21603.54
2160459,21604.59
2160567,21605.67
2160674,21606.74
2160778,21607.78
2160881,21608.81
2160981,21609.81
2161078,21610.78
2161173,21611.73
2161266,21612.66
2161358,21613.58
2161453,21614.53
2161550,21615.5
2161646,21616.46
2161746,21617.46
2161849,21618.49
2161951,21619.51
2162053,21620.53
2162157,21621.57
2162260,21622.6
2162361,21623.61
2162463,21624.63
2162565,21625.65
2162666,21626.66
2162768,21627.68
2162871,21628.71
2162976,21629.76
2163079,21630.79
2163183,21631.83
2163287,21632.87
2163393,21633.93
2163499,21634.99
2163601,21636.01
2163703,21637.03
2163807,21638.07
2163910,21639.1
2164011,21640.11
2164115,21641.15
2164220,21642.2
2164322,21643.22
2164424,21644.24
2164525,21645.25
2164622,21646.22
2164720,21647.2
2164817,21648.17
2164916,21649.16
2165016,21650.16
2165114,21651.14
2165215,21652.15
2165318,21653.18
2165419,21654.19
2165522,21655.22
2165626,21656.26
2165729,21657.29
2165834,21658.34
2165937,21659.37
2166038,21660.38
2166139,21661.39
2166241,21662.41
2166342,21663.42
2166441,21664.41
2166541,21665.41
2166641,21666.41
2166741,21667.41
2166841,21668.41
2166942,21669.42
2167044,21670.44
2167146,21671.46
2167245,21672.45
2167346,21673.46
2167447,21674.47
2167550,21675.5
2167650,21676.5
2167750,21677.5
2167849,21678.49
2167948,21679.48
2168048,21680.48
2168150,21681.5
2168251,21682.51
2168354,21683.54
2168459,21684.59
2168560,21685.6
2168661,21686.61
2168762,21687.62
2168861,21688.61
2168961,21689.61
2169062,21690.62
2169165,21691.65
2169269,21692.69
2169372,21693.72
2169475,21694.75
2169579,21695.79
2169684,21696.84
2169786,21697.86
2169890,21698.9
2169995,21699.95
2170099,21700.99
2170202,21702.02
2170306,21703.06
2170410,21704.1
2170513,21705.13
2170616,21706.16
2170719,21707.19
2170821,21708.21
2170923,21709.23
2171023,21710.23
2171124,21711.24
2171225,21712.25
2171326,21713.26
2171427,21714.27
2171529,21715.29
2171632,21716.32
2171737,21717.37
2171840,21718.4
2171946,21719.46
2172055,21720.55
2172167,21721.67
2172279,21722.79
2172391,21723.91
2172507,21725.07
2172624,21726.24
2172735,21727.35
2172848,21728.48
2172960,21729.6
2173069,21730.69
2173176,21731.76
2173277,21732.77
2173378,21733.78
2173475,21734.75
2173572,21735.72
2173671,21736.71
2173769,21737.69
2173869,21738.69
2173967,21739.67
2174066,21740.66
2174165,21741.65
2174264,21742.64
2174365,21743.65
2174466,21744.66
2174566,21745.66
2174668,21746.68
2174769,21747.69
2174865,21748.65
2174961,21749.61
2175055,21750.55
2175148,21751.48
2175239,21752.39
2175331,21753.31
2175423,21754.23
2175518,21755.18
2175614,21756.14
2175712,21757.12
2175812,21758.12
2175912,21759.12
2176013,21760.13
2176112,21761.12
2176209,21762.09
2176308,21763.08
2176405,21764.05
2176501,21765.01
2176597,21765.97
2176694,21766.94
2176792,21767.92
2176891,21768.91
2176992,21769.92
2177094,21770.94
2177197,21771.97
2177298,21772.98
2177397,21773.97
2177496,21774.96
2177596,21775.96
2177695,21776.95
2177795,21777.95
2177896,21778.96
2177997,21779.97
2178100,21781.0
2178203,21782.03
2178309,21783.09
2178416,21784.16
2178521,21785.21
2178628,21786.28
2178736,21787.36
2178842,21788.42
2178947,21789.47
2179053,21790.53
2179158,21791.58
2179263,21792.63
2179366,21793.66
2179467,21794.67
2179569,21795.69
2179672,21796.72
2179775,21797.75
2179876,21798.76
2179976,21799.76
2180077,21800.77
2180178,21801.78
2180278,21802.78
2180378,21803.78
2180477,21804.77
2180572,21805.72
2180668,21806.68
2180767,21807.67
2180867,21808.67
2180966,21809.66
2181067,21810.67
2181169,21811.69
2181270,21812.7
2181373,21813.73
2181475,21814.75
2181579,21815.79
2181684,21816.84
2181787,21817.87
2181890,21818.9
2181994,21819.94
2182096,21820.96
2182197,21821.97
2182300,21823.0
2182401,21824.01
2182502,21825.02
2182604,21826.04
2182708,21827.08
2182812,21828.12
2182913,21829.13
2183015,21830.15
2183119,21831.19
2183224,21832.24
2183326,21833.26
2183427,21834.27
2183529,21835.29
2183628,21836.28
2183725,21837.25
2183820,21838.2
2183912,21839.12
2184005,21840.05
2184096,21840.96
2184191,21841.91
2184286,21842.86
2184381,21843.81
2184479,21844.79
2184579,21845.79
2184679,21846.79
2184783,21847.83
2184889,21848.89
2184996,21849.96
2185101,21851.01
2185209,21852.09
2185317,21853.17
2185423,21854.23
2185529,21855.29
2185635,21856.35
2185740,21857.4
2185845,21858.45
2185950,21859.5
2186053,21860.53
2186156,21861.56
2186257,21862.57
2186355,21863.55
2186454,21864.54
2186555,21865.55
2186656,21866.56
2186756,21867.56
2186856,21868.56
2186957,21869.57
2187056,21870.56
2187155,21871.55
2187254,21872.54
2187350,21873.5
2187446,21874.46
2187543,21875.43
2187639,21876.39
2187738,21877.38
2187838,21878.38
2187939,21879.39
2188044,21880.44
2188149,21881.49
2188254,21882.54
2188363,21883.63
2188473,21884.73
2188582,21885.82
2188690,21886.9
2188801,21888.01
2188911,21889.11
2189021,21890.21
2189127,21891.27
2189234,21892.34
2189341,21893.41
2189446,21894.46
2189550,21895.5
2189654,21896.54
2189757,21897.57
2189860,21898.6
2189965,21899.65
2190070,21900.7
2190174,21901.74
2190281,21902.81
2190390,21903.9
2190499,21904.99
2190610,21906.1
2190721,21907.21
2190829,21908.29
2190936,21909.36
2191045,21910.45
2191150,21911.5
2191255,21912.55
2191361,21913.61
2191468,21914.68
2191573,21915.73
2191681,21916.81
2191785,21917.85
2191888,21918.88
2191990,21919.9
2192088,21920.88
2192189,21921.89
2192287,21922.87
2192389,21923.89
2192491,21924.91
2192594,21925.94
2192700,21927.0
2192806,21928.06
2192912,21929.12
2193020,21930.2
2193129,21931.29
2193235,21932.35
2193341,21933.41
2193447,21934.47
2193550,21935.5
2193653,21936.53
2193756,21937.56
2193860,21938.6
2193963,21939.63
2194066,21940.66
2194167,21941.67
2194269,21942.69
2194372,21943.72
2194474,21944.74
2194576,21945.76
2194677,21946.77
2194778,21947.78
2194881,21948.81
2194984,21949.84
2195092,21950.92
2195199,21951.99
2195307,21953.07
2195416,21954.16
2195524,21955.24
2195630,21956.3
2195735,21957.35
2195840,21958.4
2195946,21959.46
2196050,21960.5
2196156,21961.56
2196257,21962.57
2196359,21963.59
2196463,21964.63
2196564,21965.64
2196666,21966.66
2196767,21967.67
2196866,21968.66
2196967,21969.67
2197066,21970.66
2197165,21971.65
2197263,21972.63
2197360,21973.6
2197456,21974.56
2197552,21975.52
2197647,21976.47
2197744,21977.44
2197844,21978.44
2197949,21979.49
2198055,21980.55
2198163,21981.63
2198273,21982.73
2198385,21983.85
2198497,21984.97
2198606,21986.06
2198712,21987.12
2198818,21988.18
2198922,21989.22
2199027,21990.27
2199129,21991.29
2199228,21992.28
2199327,21993.27
2199422,21994.22
2199515,21995.15
2199609,21996.09
2199703,21997.03
2199799,21997.99
2199894,21998.94
2199992,21999.92
2200093,22000.93
2200194,22001.94
2200296,22002.96
2200401,22004.01
2200506,22005.06
2200610,22006.1
2200714,22007.14
2200819,22008.19
2200924,22009.24
2201027,22010.27
2201131,22011.31
2201236,22012.36
2201339,22013.39
2201443,22014.43
2201546,22015.46
2201649,22016.49
2201750,22017.5
2201851,22018.51
2201952,22019.52
2202053,22020.53
2202154,22021.54
2202257,22022.57
2202362,22023.62
2202470,22024.7
2202580,22025.8
2202693,22026.93
2202810,22028.1
2202926,22029.26
2203042,22030.42
2203161,22031.61
2203278,22032.78
2203393,22033.93
2203511,22035.11
2203631,22036.31
2203748,22037.48
2203865,22038.65
2203985,22039.85
2204102,22041.02
2204216,22042.16
2204332,22043.32
2204446,22044.46
2204559,22045.59
2204674,22046.74
2204788,22047.88
2204899,22048.99
2205013,22050.13
2205126,22051.26
2205239,22052.39
2205355,22053.55
2205470,22054.7
2205587,22055.87
2205700,22057.0
2205813,22058.13
2205927,22059.27
2206037,22060.37
2206146,22061.46
2206257,22062.57
2206364,22063.64
2206472,22064.72
2206584,22065.84
2206696,22066.96
2206809,22068.09
2206921,22069.21
2207035,22070.35
2207145,22071.45
2207252,22072.52
2207362,22073.62
2207467,22074.67
2207570,22075.7
2207675,22076.75
2207781,22077.81
2207883,22078.83
2207984,22079.84
2208086,22080.86
2208188,22081.88
2208289,22082.89
2208388,22083.88
2208488,22084.88
2208593,22085.93
2208700,22087.0
2208809,22088.09
2208917,22089.17
2209025,22090.25
2209129,22091.29
2209234,22092.34
2209335,22093.35
2209432,22094.32
2209529,22095.29
2209617,22096.17
2209709,22097.09
2209794,22097.94
2209880,22098.8
2209965,22099.65
2210046,22100.46
2210131,22101.31
2210213,22102.13
2210295,22102.95
2210381,22103.81
2210466,22104.66
2210551,22105.51
2210637,22106.37
2210726,22107.26
2210815,22108.15
2210903,22109.03
2210992,22109.92
2211082,22110.82
2211170,22111.7
2211259,22112.59
2211346,22113.46
2211433,22114.33
2211519,22115.19
2211604,22116.04
2211690,22116.9
2211774,22117.74
2211860,22118.6
2211947,22119.47
2212035,22120.35
2212125,22121.25
2212218,22122.18
2212313,22123.13
2212412,22124.12
2212512,22125.12
2212613,22126.13
2212717,22127.17
2212820,22128.2
2212922,22129.22
2213026,22130.26
2213133,22131.33
2213240,22132.4
2213341,22133.41
2213461,22134.61
2213575,22135.75
2213693,22136.93
2213810,22138.1
2213928,22139.28
2214044,22140.44
2214162,22141.62
2214278,22142.78
2214389,22143.89
2214500,22145.0
2214608,22146.08
2214713,22147.13
2214818,22148.18
2214916,22149.16
2215015,22150.15
2215107,22151.07
2215202,22152.02
2215292,22152.92
2215382,22153.82
2215472,22154.72
2215560,22155.6
2215648,22156.48
2215739,22157.39
2215830,22158.3
2215924,22159.24
2216017,22160.17
2216113,22161.13
2216211,22162.11
2216309,22163.09
2216408,22164.08
2216508,22165.08
2216607,22166.07
2216705,22167.05
2216802,22168.02
2216898,22168.98
2216993,22169.93
2217086,22170.86
2217178,22171.78
2217270,22172.7
2217361,22173.61
2217453,22174.53
2217545,22175.45
2217637,22176.37
2217732,22177.32
2217829,22178.29
2217926,22179.26
2218027,22180.27
2218129,22181.29
2218235,22182.35
2218340,22183.4
2218446,22184.46
2218553,22185.53
2218660,22186.6
2218770,22187.7
2218882,22188.82
2218993,22189.93
2219106,22191.06
2219220,22192.2
2219328,22193.28
2219439,22194.39
2219552,22195.52
2219664,22196.64
2219772,22197.72
2219876,22198.76
2219980,22199.8
2220081,22200.81
2220183,22201.83
2220283,22202.83
2220380,22203.8
2220477,22204.77
2220573,22205.73
2220669,22206.69
2220765,22207.65
2220864,22208.64
2220964,22209.64
2221063,22210.63
2221162,22211.62
2221262,22212.62
2221362,22213.62
2221461,22214.61
2221558,22215.58
2221655,22216.55
2221750,22217.5
2221843,22218.43
2221937,22219.37
2222032,22220.32
2222127,22221.27
2222222,22222.22
2222321,22223.21
2222419,22224.19
2222517,22225.17
2222615,22226.15
2222715,22227.15
2222812,22228.12
2222910,22229.1
2223009,22230.09
2223109,22231.09
2223207,22232.07
2223305,22233.05
2223403,22234.03
2223502,22235.02
2223598,22235.98
2223693,22236.93
2223784,22237.84
2223874,22238.74
2223960,22239.6
2224047,22240.47
2224132,22241.32
2224215,22242.15
2224300,22243.0
2224385,22243.85
2224470,22244.7
2224557,22245.57
2224645,22246.45
2224735,22247.35
2224827,22248.27
2224921,22249.21
2225017,22250.17
2225115,22251.15
2225214,22252.14
2225313,22253.13
2225412,22254.12
2225511,22255.11
2225608,22256.08
2225706,22257.06
2225802,22258.02
2225898,22258.98
2225994,22259.94
2226091,22260.91
2226190,22261.9
2226290,22262.9
2226391,22263.91
2226493,22264.93
2226594,22265.94
2226698,22266.98
2226803,22268.03
2226908,22269.08
2227013,22270.13
2227117,22271.17
2227220,22272.2
2227324,22273.24
2227427,22274.27
2227529,22275.29
2227631,22276.31
2227734,22277.34
2227839,22278.39
2227946,22279.46
2228054,22280.54
2228164,22281.64
2228273,22282.73
2228382,22283.82
2228493,22284.93
2228606,22286.06
2228719,22287.19
2228832,22288.32
2228947,22289.47
2229060,22290.6
2229173,22291.73
2229287,22292.87
2229399,22293.99
2229513,22295.13
2229628,22296.28
2229739,22297.39
2229850,22298.5
2229958,22299.58
2230064,22300.64
2230169,22301.69
2230272,22302.72
2230373,22303.73
2230475,22304.75
2230571,22305.71
2230666,22306.66
2230757,22307.57
2230846,22308.46
2230935,22309.35
2231021,22310.21
2231109,22311.09
2231196,22311.96
2231282,22312.82
2231370,22313.7
2231460,22314.6
2231550,22315.5
2231644,22316.44
2231738,22317.38
2231835,22318.35
2231933,22319.33
2232030,22320.3
2232125,22321.25
2232220,22322.2
2232315,22323.15
2232411,22324.11
2232506,22325.06
2232603,22326.03
2232699,22326.99
2232795,22327.95
2232890,22328.9
2232983,22329.83
2233075,22330.75
2233167,22331.67
2233261,22332.61
2233357,22333.57
2233454,22334.54
2233554,22335.54
2233655,22336.55
2233758,22337.58
2233860,22338.6
2233962,22339.62
2234067,22340.67
2234173,22341.73
2234279,22342.79
2234384,22343.84
2234491,22344.91
2234599,22345.99
2234704,22347.04
2234809,22348.09
2234915,22349.15
2235019,22350.19
2235124,22351.24
2235229,22352.29
2235334,22353.34
2235441,22354.41
2235551,22355.51
2235660,22356.6
2235775,22357.75
2235889,22358.89
2236005,22360.05
2236121,22361.21
2236235,22362.35
2236349,22363.49
2236458,22364.58
2236566,22365.66
2236673,22366.73
2236777,22367.77
2236878,22368.78
2236980,22369.8
2237080,22370.8
2237177,22371.77
2237274,22372.74
2237371,22373.71
2237467,22374.67
2237561,22375.61
2237655,22376.55
2237744,22377.44
2237833,22378.33
2237918,22379.18
2238001,22380.01
2238085,22380.85
2238165,22381.65
2238246,22382.46
2238329,22383.29
2238408,22384.08
2238488,22384.88
2238570,22385.7
2238653,22386.53
2238737,22387.37
2238822,22388.22
2238910,22389.1
2239000,22390.0
2239091,22390.91
2239182,22391.82
2239275,22392.75
2239367,22393.67
2239459,22394.59
2239551,22395.51
2239643,22396.43
2239735,22397.35
2239828,22398.28
2239920,22399.2
2240014,22400.14
2240107,22401.07
2240202,22402.02
2240299,22402.99
2240396,22403.96
2240495,22404.95
2240595,22405.95
2240693,22406.93
2240794,22407.94
2240896,22408.96
2240997,22409.97
2241100,22411.0
2241203,22412.03
2241305,22413.05
2241409,22414.09
2241514,22415.14
2241617,22416.17
2241721,22417.21
2241827,22418.27
2241932,22419.32
2242037,22420.37
2242143,22421.43
2242250,22422.5
2242356,22423.56
2242464,22424.64
2242572,22425.72
2242684,22426.84
2242796,22427.96
2242910,22429.1
2243025,22430.25
2243139,22431.39
2243253,22432.53
2243364,22433.64
2243476,22434.76
2243585,22435.85
2243694,22436.94
2243803,22438.03
2243910,22439.1
2244019,22440.19
2244121,22441.21
2244224,22442.24
2244336,22443.36
2244449,22444.49
2244549,22445.49
2244650,22446.5
2244750,22447.5
2244848,22448.48
2244948,22449.48
2245048,22450.48
2245146,22451.46
2245246,22452.46
2245347,22453.47
2245445,22454.45
2245544,22455.44
2245644,22456.44
2245742,22457.42
2245838,22458.38
2245938,22459.38
2246037,22460.37
2246131,22461.31
2246228,22462.28
2246316,22463.16
2246405,22464.05
2246487,22464.87
2246569,22465.69
2246649,22466.49
2246725,22467.25
2246805,22468.05
2246883,22468.83
2246959,22469.59
2247038,22470.38
2247120,22471.2
2247205,22472.05
2247292,22472.92
2247383,22473.83
2247476,22474.76
2247569,22475.69
2247664,22476.64
2247761,22477.61
2247858,22478.58
2247956,22479.56
2248054,22480.54
2248151,22481.51
2248249,22482.49
2248346,22483.46
2248444,22484.44
2248542,22485.42
2248637,22486.37
2248729,22487.29
2248823,22488.23
2248917,22489.17
2249007,22490.07
2249099,22490.99
2249192,22491.92
2249284,22492.84
2249381,22493.81
2249480,22494.8
2249583,22495.83
2249688,22496.88
2249793,22497.93
2249902,22499.02
2250012,22500.12
2250122,22501.22
2250235,22502.35
2250345,22503.45
2250457,22504.57
2250568,22505.68
2250678,22506.78
2250791,22507.91
2250904,22509.04
2251018,22510.18
2251134,22511.34
2251248,22512.48
2251365,22513.65
2251483,22514.83
2251596,22515.96
2251710,22517.1
2251826,22518.26
2251939,22519.39
2252056,22520.56
2252175,22521.75
2252288,22522.88
2252405,22524.05
2252518,22525.18
2252629,22526.29
2252744,22527.44
2252854,22528.54
2252967,22529.67
2253079,22530.79
2253190,22531.9
2253300,22533.0
2253413,22534.13
2253525,22535.25
2253638,22536.38
2253748,22537.48
2253860,22538.6
2253970,22539.7
2254074,22540.74
2254178,22541.78
2254277,22542.77
2254374,22543.74
2254465,22544.65
2254556,22545.56
2254642,22546.42
2254729,22547.29
2254816,22548.16
2254899,22548.99
2254986,22549.86
2255071,22550.71
2255156,22551.56
2255245,22552.45
2255335,22553.35
2255429,22554.29
2255525,22555.25
2255622,22556.22
2255720,22557.2
2255820,22558.2
2255921,22559.21
2256022,22560.22
2256123,22561.23
2256222,22562.22
2256320,22563.2
2256418,22564.18
2256515,22565.15
2256612,22566.12
2256707,22567.07
2256800,22568.0
2256892,22568.92
2256982,22569.82
2257074,22570.74
2257168,22571.68
2257261,22572.61
2257356,22573.56
2257454,22574.54
2257551,22575.51
2257653,22576.53
2257754,22577.54
2257857,22578.57
2257959,22579.59
2258061,22580.61
2258165,22581.65
2258269,22582.69
2258373,22583.73
2258476,22584.76
2258581,22585.81
2258685,22586.85
2258791,22587.91
2258897,22588.97
2259002,22590.02
2259109,22591.09
2259214,22592.14
2259318,22593.18
2259424,22594.24
2259530,22595.3
2259633,22596.33
2259738,22597.38
2259844,22598.44
2259951,22599.51
2260062,22600.62
2260171,22601.71
2260279,22602.79
2260389,22603.89
2260498,22604.98
2260605,22606.05
2260714,22607.14
2260824,22608.24
2260934,22609.34
2261045,22610.45
2261155,22611.55
2261267,22612.67
2261376,22613.76
2261486,22614.86
2261594,22615.94
2261699,22616.99
2261806,22618.06
2261913,22619.13
2262015,22620.15
2262115,22621.15
2262217,22622.17
2262318,22623.18
2262416,22624.16
2262514,22625.14
2262614,22626.14
2262709,22627.09
2262804,22628.04
2262894,22628.94
2262984,22629.84
2263072,22630.72
2263157,22631.57
2263243,22632.43
2263328,22633.28
2263412,22634.12
2263498,22634.98
2263585,22635.85
2263671,22636.71
2263759,22637.59
2263849,22638.49
2263941,22639.41
2264035,22640.35
2264130,22641.3
2264225,22642.25
2264321,22643.21
2264416,22644.16
2264512,22645.12
2264606,22646.06
2264700,22647.0
2264793,22647.93
2264886,22648.86
2264978,22649.78
2265070,22650.7
2265161,22651.61
2265252,22652.52
2265342,22653.42
2265431,22654.31
2265522,22655.22
2265614,22656.14
2265706,22657.06
2265800,22658.0
2265895,22658.95
2265989,22659.89
2266084,22660.84
2266181,22661.81
2266279,22662.79
2266374,22663.74
2266469,22664.69
2266565,22665.65
2266660,22666.6
2266758,22667.58
2266858,22668.58
2266958,22669.58
2267061,22670.61
2267168,22671.68
2267277,22672.77
2267389,22673.89
2267503,22675.03
2267615,22676.15
2267726,22677.26
2267836,22678.36
2267943,22679.43
2268050,22680.5
2268163,22681.63
2268278,22682.78
2268397,22683.97
2268518,22685.18
2268639,22686.39
2268757,22687.57
2268869,22688.69
2268980,22689.8
2269087,22690.87
2269192,22691.92
2269296,22692.96
2269401,22694.01
2269502,22695.02
2269602,22696.02
2269702,22697.02
2269802,22698.02
2269900,22699.0
2269999,22699.99
2270100,22701.0
2270200,22702.0
2270299,22702.99
2270399,22703.99
2270497,22704.97
2270592,22705.92
2270687,22706.87
2270777,22707.77
2270867,22708.67
2270951,22709.51
2271034,22710.34
2271117,22711.17
2271197,22711.97
2271278,22712.78
2271359,22713.59
2271440,22714.4
2271520,22715.2
2271603,22716.03
2271686,22716.86
2271771,22717.71
2271858,22718.58
2271945,22719.45
2272034,22720.34
2272125,22721.25
2272217,22722.17
2272309,22723.09
2272402,22724.02
2272495,22724.95
2272587,22725.87
2272679,22726.79
2272770,22727.7
2272861,22728.61
2272951,22729.51
2273039,22730.39
2273128,22731.28
2273215,22732.15
2273304,22733.04
2273396,22733.96
2273487,22734.87
2273580,22735.8
2273675,22736.75
2273773,22737.73
2273872,22738.72
2273973,22739.73
2274075,22740.75
2274176,22741.76
2274278,22742.78
2274381,22743.81
2274483,22744.83
2274585,22745.85
2274684,22746.84
2274785,22747.85
2274885,22748.85
2274985,22749.85
2275085,22750.85
2275182,22751.82
2275280,22752.8
2275375,22753.75
2275471,22754.71
2275569,22755.69
2275666,22756.66
2275765,22757.65
2275864,22758.64
2275966,22759.66
2276066,22760.66
2276168,22761.68
2276272,22762.72
2276376,22763.76
2276481,22764.81
2276586,22765.86
2276691,22766.91
2276795,22767.95
2276897,22768.97
2276997,22769.97
2277098,22770.98
2277197,22771.97
2277297,22772.97
2277397,22773.97
2277495,22774.95
2277592,22775.92
2277690,22776.9
2277788,22777.88
2277883,22778.83
2277980,22779.8
2278079,22780.79
2278177,22781.77
2278274,22782.74
2278372,22783.72
2278469,22784.69
2278566,22785.66
2278667,22786.67
2278766,22787.66
2278864,22788.64
2278965,22789.65
2279067,22790.67
2279169,22791.69
2279269,22792.69
2279371,22793.71
2279474,22794.74
2279575,22795.75
2279678,22796.78
2279782,22797.82
2279885,22798.85
2279984,22799.84
2280084,22800.84
2280183,22801.83
2280280,22802.8
2280378,22803.78
2280475,22804.75
2280571,22805.71
2280669,22806.69
2280766,22807.66
2280862,22808.62
2280958,22809.58
2281055,22810.55
2281147,22811.47
2281240,22812.4
2281334,22813.34
2281427,22814.27
2281521,22815.21
2281617,22816.17
2281712,22817.12
2281809,22818.09
2281906,22819.06
2282004,22820.04
2282103,22821.03
2282202,22822.02
2282300,22823.0
2282399,22823.99
2282499,22824.99
2282599,22825.99
2282699,22826.99
2282798,22827.98
2282896,22828.96
2282993,22829.93
2283090,22830.9
2283186,22831.86
2283282,22832.82
2283378,22833.78
2283473,22834.73
2283566,22835.66
2283660,22836.6
2283755,22837.55
2283850,22838.5
2283949,22839.49
2284050,22840.5
2284153,22841.53
2284256,22842.56
2284361,22843.61
2284470,22844.7
2284577,22845.77
2284683,22846.83
2284791,22847.91
2284898,22848.98
2285005,22850.05
2285114,22851.14
2285223,22852.23
2285332,22853.32
2285442,22854.42
2285550,22855.5
2285658,22856.58
2285767,22857.67
2285874,22858.74
2285980,22859.8
2286090,22860.9
2286203,22862.03
2286314,22863.14
2286427,22864.27
2286539,22865.39
2286654,22866.54
2286770,22867.7
2286887,22868.87
2287003,22870.03
2287119,22871.19
2287233,22872.33
2287347,22873.47
2287462,22874.62
2287573,22875.73
2287683,22876.83
2287794,22877.94
2287906,22879.06
2288017,22880.17
2288127,22881.27
2288240,22882.4
2288353,22883.53
2288468,22884.68
2288583,22885.83
2288698,22886.98
2288816,22888.16
2288932,22889.32
2289047,22890.47
2289163,22891.63
2289276,22892.76
2289389,22893.89
2289504,22895.04
2289616,22896.16
2289729,22897.29
2289842,22898.42
2289950,22899.5
2290060,22900.6
2290169,22901.69
2290269,22902.69
2290368,22903.68
2290462,22904.62
2290554,22905.54
2290646,22906.46
2290736,22907.36
2290827,22908.27
2290920,22909.2
2291012,22910.12
2291105,22911.05
2291199,22911.99
2291292,22912.92
2291385,22913.85
2291480,22914.8
2291575,22915.75
2291669,22916.69
2291762,22917.62
2291855,22918.55
2291948,22919.48
2292039,22920.39
2292131,22921.31
2292223,22922.23
2292315,22923.15
2292405,22924.05
2292496,22924.96
2292586,22925.86
2292676,22926.76
2292765,22927.65
2292856,22928.56
2292948,22929.48
2293044,22930.44
2293140,22931.4
2293238,22932.38
2293340,22933.4
2293442,22934.42
2293542,22935.42
2293643,22936.43
2293745,22937.45
2293846,22938.46
2293946,22939.46
2294044,22940.44
2294142,22941.42
2294237,22942.37
2294332,22943.32
2294426,22944.26
2294516,22945.16
2294608,22946.08
2294698,22946.98
2294788,22947.88
2294878,22948.78
2294969,22949.69
2295059,22950.59
2295151,22951.51
2295245,22952.45
2295339,22953.39
2295433,22954.33
2295530,22955.3
2295628,22956.28
2295726,22957.26
2295825,22958.25
2295924,22959.24
2296023,22960.23
2296122,22961.22
2296220,22962.2
2296319,22963.19
2296419,22964.19
2296521,22965.21
2296623,22966.23
2296723,22967.23
2296825,22968.25
2296927,22969.27
2297027,22970.27
2297128,22971.28
2297228,22972.28
2297330,22973.3
2297431,22974.31
2297533,22975.33
2297638,22976.38
2297744,22977.44
2297850,22978.5
2297958,22979.58
2298067,22980.67
2298172,22981.72
2298278,22982.78
2298384,22983.84
2298488,22984.88
2298593,22985.93
2298700,22987.0
2298807,22988.07
2298912,22989.12
2299017,22990.17
2299120,22991.2
2299221,22992.21
2299321,22993.21
2299422,22994.22
2299519,22995.19
2299617,22996.17
2299714,22997.14
2299808,22998.08
2299902,22999.02
2299992,22999.92
2300083,23000.83
2300170,23001.7
2300257,23002.57
2300345,23003.45
2300431,23004.31
2300519,23005.19
2300609,23006.09
2300699,23006.99
2300791,23007.91
2300885,23008.85
2300981,23009.81
2301076,23010.76
2301173,23011.73
2301269,23012.69
2301365,23013.65
2301460,23014.6
2301555,23015.55
2301649,23016.49
2301743,23017.43
2301837,23018.37
2301931,23019.31
2302025,23020.25
2302120,23021.2
2302214,23022.14
2302308,23023.08
2302402,23024.02
2302495,23024.95
2302587,23025.87
2302680,23026.8
2302771,23027.71
2302861,23028.61
2302952,23029.52
2303045,23030.45
2303140,23031.4
2303238,23032.38
2303338,23033.38
2303439,23034.39
2303540,23035.4
2303643,23036.43
2303748,23037.48
2303852,23038.52
2303957,23039.57
2304061,23040.61
2304162,23041.62
2304265,23042.65
2304366,23043.66
2304465,23044.65
2304563,23045.63
2304661,23046.61
2304758,23047.58
2304854,23048.54
2304952,23049.52
2305051,23050.51
2305150,23051.5
2305251,23052.51
2305351,23053.51
2305455,23054.55
2305560,23055.6
2305663,23056.63
2305767,23057.67
2305870,23058.7
2305972,23059.72
2306074,23060.74
2306174,23061.74
2306276,23062.76
2306378,23063.78
2306478,23064.78
2306578,23065.78
2306680,23066.8
2306781,23067.81
2306883,23068.83
2306983,23069.83
2307081,23070.81
2307180,23071.8
2307278,23072.78
2307377,23073.77
2307476,23074.76
2307576,23075.76
2307678,23076.78
2307783,23077.83
2307886,23078.86
2307991,23079.91
2308098,23080.98
2308203,23082.03
2308308,23083.08
2308413,23084.13
2308518,23085.18
2308623,23086.23
2308726,23087.26
2308826,23088.26
2308923,23089.23
2309020,23090.2
2309113,23091.13
2309209,23092.09
2309307,23093.07
2309404,23094.04
2309501,23095.01
2309601,23096.01
2309701,23097.01
2309803,23098.03
2309906,23099.06
2310008,23100.08
2310110,23101.1
2310211,23102.11
2310311,23103.11
2310411,23104.11
2310513,23105.13
2310615,23106.15
2310717,23107.17
2310815,23108.15
2310914,23109.14
2311013,23110.13
2311112,23111.12
2311210,23112.1
2311309,23113.09
2311409,23114.09
2311507,23115.07
2311604,23116.04
2311704,23117.04
2311803,23118.03
2311901,23119.01
2312000,23120.0
2312099,23120.99
2312198,23121.98
2312297,23122.97
2312398,23123.98
2312500,23125.0
2312602,23126.02
2312705,23127.05
2312811,23128.11
2312917,23129.17
2313024,23130.24
2313132,23131.32
2313237,23132.37
2313345,23133.45
2313453,23134.53
2313558,23135.58
2313664,23136.64
2313771,23137.71
2313875,23138.75
2313980,23139.8
2314085,23140.85
2314189,23141.89
2314294,23142.94
2314397,23143.97
2314492,23144.92
2314588,23145.88
2314684,23146.84
2314778,23147.78
2314878,23148.78
2314978,23149.78
2315079,23150.79
2315180,23151.8
2315284,23152.84
2315387,23153.87
2315493,23154.93
2315599,23155.99
2315705,23157.05
2315813,23158.13
2315922,23159.22
2316031,23160.31
2316141,23161.41
2316249,23162.49
2316353,23163.53
2316457,23164.57
2316559,23165.59
2316661,23166.61
2316761,23167.61
2316861,23168.61
2316958,23169.58
2317054,23170.54
2317152,23171.52
2317251,23172.51
2317350,23173.5
2317451,23174.51
2317554,23175.54
2317656,23176.56
2317761,23177.61
2317866,23178.66
2317969,23179.69
2318071,23180.71
2318172,23181.72
2318274,23182.74
2318375,23183.75
2318474,23184.74
2318574,23185.74
2318673,23186.73
2318771,23187.71
2318870,23188.7
2318970,23189.7
2319069,23190.69
2319169,23191.69
2319270,23192.7
2319369,23193.69
2319469,23194.69
2319567,23195.67
2319667,23196.67
2319766,23197.66
2319865,23198.65
2319963,23199.63
2320062,23200.62
2320161,23201.61
2320259,23202.59
2320360,23203.6
2320461,23204.61
2320563,23205.63
2320666,23206.66
2320768,23207.68
2320870,23208.7
2320973,23209.73
2321073,23210.73
2321171,23211.71
2321268,23212.68
2321367,23213.67
2321464,23214.64
2321563,23215.63
2321663,23216.63
2321762,23217.62
2321862,23218.62
2321962,23219.62
2322060,23220.6
2322159,23221.59
2322254,23222.54
2322349,23223.49
2322444,23224.44
2322539,23225.39
2322633,23226.33
2322729,23227.29
2322826,23228.26
2322926,23229.26
2323027,23230.27
2323128,23231.28
2323231,23232.31
2323334,23233.34
2323435,23234.35
2323535,23235.35
2323634,23236.34
2323733,23237.33
2323831,23238.31
2323927,23239.27
2324025,23240.25
2324120,23241.2
2324216,23242.16
2324312,23243.12
2324408,23244.08
2324506,23245.06
2324602,23246.02
2324699,23246.99
2324798,23247.98
2324897,23248.97
2324995,23249.95
2325095,23250.95
2325195,23251.95
2325298,23252.98
2325402,23254.02
2325506,23255.06
2325611,23256.11
2325714,23257.14
2325817,23258.17
2325920,23259.2
2326020,23260.2
2326119,23261.19
2326219,23262.19
2326316,23263.16
2326412,23264.12
2326508,23265.08
2326605,23266.05
2326703,23267.03
2326798,23267.98
2326893,23268.93
2326989,23269.89
2327084,23270.84
2327179,23271.79
2327276,23272.76
2327376,23273.76
2327478,23274.78
2327579,23275.79
2327684,23276.84
2327786,23277.86
2327890,23278.9
2327991,23279.91
2328090,23280.9
2328188,23281.88
2328282,23282.82
2328378,23283.78
2328470,23284.7
2328564,23285.64
2328655,23286.55
2328749,23287.49
2328844,23288.44
2328937,23289.37
2329031,23290.31
2329126,23291.26
2329221,23292.21
2329315,23293.15
2329410,23294.1
2329505,23295.05
2329599,23295.99
2329694,23296.94
2329789,23297.89
2329885,23298.85
2329981,23299.81
2330075,23300.75
2330170,23301.7
2330266,23302.66
2330362,23303.62
2330458,23304.58
2330554,23305.54
2330650,23306.5
2330746,23307.46
2330842,23308.42
2330938,23309.38
2331033,23310.33
2331129,23311.29
2331226,23312.26
2331326,23313.26
2331427,23314.27
2331528,23315.28
2331630,23316.3
2331735,23317.35
2331843,23318.43
2331949,23319.49
2332058,23320.58
2332168,23321.68
2332274,23322.74
2332380,23323.8
2332487,23324.87
2332592,23325.92
2332700,23327.0
2332809,23328.09
2332918,23329.18
2333031,23330.31
2333145,23331.45
2333262,23332.62
2333378,23333.78
2333493,23334.93
2333610,23336.1
2333727,23337.27
2333845,23338.45
2333963,23339.63
2334077,23340.77
2334193,23341.93
2334307,23343.07
2334420,23344.2
2334535,23345.35
2334654,23346.54
2334771,23347.71
2334890,23348.9
2335006,23350.06
2335121,23351.21
2335236,23352.36
2335350,23353.5
2335462,23354.62
2335575,23355.75
2335689,23356.89
2335799,23357.99
2335910,23359.1
2336019,23360.19
2336126,23361.26
2336233,23362.33
2336340,23363.4
2336445,23364.45
2336548,23365.48
2336652,23366.52
2336754,23367.54
2336850,23368.5
2336946,23369.46
2337039,23370.39
2337130,23371.3
2337218,23372.18
2337306,23373.06
2337394,23373.94
2337483,23374.83
2337572,23375.72
2337662,23376.62
2337752,23377.52
2337845,23378.45
2337939,23379.39
2338034,23380.34
2338129,23381.29
2338225,23382.25
2338321,23383.21
2338418,23384.18
2338513,23385.13
2338608,23386.08
2338703,23387.03
2338794,23387.94
2338886,23388.86
2338977,23389.77
2339067,23390.67
2339158,23391.58
2339249,23392.49
2339342,23393.42
2339434,23394.34
2339524,23395.24
2339616,23396.16
2339709,23397.09
2339802,23398.02
2339895,23398.95
2339988,23399.88
2340082,23400.82
2340177,23401.77
2340272,23402.72
2340366,23403.66
2340461,23404.61
2340557,23405.57
2340654,23406.54
2340751,23407.51
2340852,23408.52
2340956,23409.56
2341058,23410.58
2341161,23411.61
2341265,23412.65
2341365,23413.65
2341465,23414.65
2341562,23415.62
2341662,23416.62
2341762,23417.62
2341860,23418.6
2341960,23419.6
2342062,23420.62
2342163,23421.63
2342264,23422.64
2342366,23423.66
2342467,23424.67
2342566,23425.66
2342665,23426.65
2342764,23427.64
2342864,23428.64
2342965,23429.65
2343066,23430.66
2343166,23431.66
2343265,23432.65
2343364,23433.64
2343464,23434.64
2343563,23435.63
2343663,23436.63
2343759,23437.59
2343858,23438.58
2343956,23439.56
2344054,23440.54
2344151,23441.51
2344249,23442.49
2344347,23443.47
2344448,23444.48
2344547,23445.47
2344646,23446.46
2344748,23447.48
2344846,23448.46
2344945,23449.45
2345045,23450.45
2345143,23451.43
2345242,23452.42
2345342,23453.42
2345440,23454.4
2345539,23455.39
2345638,23456.38
2345737,23457.37
2345835,23458.35
2345933,23459.33
2346031,23460.31
2346129,23461.29
2346226,23462.26
2346324,23463.24
2346421,23464.21
2346516,23465.16
2346612,23466.12
2346708,23467.08
2346803,23468.03
2346897,23468.97
2346994,23469.94
2347093,23470.93
2347191,23471.91
2347290,23472.9
2347389,23473.89
2347489,23474.89
2347586,23475.86
2347683,23476.83
2347780,23477.8
2347877,23478.77
2347973,23479.73
2348068,23480.68
2348165,23481.65
2348260,23482.6
2348355,23483.55
2348452,23484.52
2348547,23485.47
2348644,23486.44
2348742,23487.42
2348839,23488.39
2348936,23489.36
2349035,23490.35
2349132,23491.32
2349230,23492.3
2349328,23493.28
2349426,23494.26
2349523,23495.23
2349621,23496.21
2349717,23497.17
2349813,23498.13
2349910,23499.1
2350005,23500.05
2350100,23501.0
2350197,23501.97
2350292,23502.92
2350388,23503.88
2350484,23504.84
2350582,23505.82
2350681,23506.81
2350781,23507.81
2350883,23508.83
2350983,23509.83
2351081,23510.81
2351181,23511.81
2351282,23512.82
2351381,23513.81
2351482,23514.82
2351586,23515.86
2351686,23516.86
2351786,23517.86
2351886,23518.86
2351983,23519.83
2352080,23520.8
2352175,23521.75
2352269,23522.69
2352362,23523.62
2352456,23524.56
2352552,23525.52
2352649,23526.49
2352745,23527.45
2352843,23528.43
2352941,23529.41
2353040,23530.4
2353140,23531.4
2353238,23532.38
2353334,23533.34
2353431,23534.31
2353527,23535.27
2353621,23536.21
2353715,23537.15
2353810,23538.1
2353904,23539.04
2353998,23539.98
2354091,23540.91
2354186,23541.86
2354281,23542.81
2354378,23543.78
2354475,23544.75
2354572,23545.72
2354673,23546.73
2354774,23547.74
2354873,23548.73
2354973,23549.73
2355074,23550.74
2355175,23551.75
2355272,23552.72
2355368,23553.68
2355464,23554.64
2355560,23555.6
2355654,23556.54
2355749,23557.49
2355844,23558.44
2355939,23559.39
2356033,23560.33
2356130,23561.3
2356225,23562.25
2356320,23563.2
2356414,23564.14
2356509,23565.09
2356603,23566.03
2356698,23566.98
2356795,23567.95
2356888,23568.88
2356982,23569.82
2357074,23570.74
2357164,23571.64
2357256,23572.56
2357348,23573.48
2357442,23574.42
2357539,23575.39
2357634,23576.34
2357731,23577.31
2357830,23578.3
2357930,23579.3
2358029,23580.29
2358129,23581.29
2358228,23582.28
2358326,23583.26
2358423,23584.23
2358520,23585.2
2358615,23586.15
2358708,23587.08
2358801,23588.01
2358893,23588.93
2358985,23589.85
2359076,23590.76
2359169,23591.69
2359262,23592.62
2359355,23593.55
2359450,23594.5
2359543,23595.43
2359636,23596.36
2359731,23597.31
2359827,23598.27
2359923,23599.23
2360021,23600.21
2360121,23601.21
2360222,23602.22
2360321,23603.21
2360420,23604.2
2360522,23605.22
2360623,23606.23
2360726,23607.26
2360830,23608.3
2360935,23609.35
2361038,23610.38
2361142,23611.42
2361244,23612.44
2361344,23613.44
2361446,23614.46
2361548,23615.48
2361649,23616.49
2361750,23617.5
2361852,23618.52
2361952,23619.52
2362052,23620.52
2362153,23621.53
2362252,23622.52
2362352,23623.52
2362452,23624.52
2362551,23625.51
2362650,23626.5
2362746,23627.46
2362844,23628.44
2362942,23629.42
2363039,23630.39
2363135,23631.35
2363231,23632.31
2363328,23633.28
2363425,23634.25
2363522,23635.22
2363620,23636.2
2363717,23637.17
2363813,23638.13
2363908,23639.08
2364005,23640.05
2364104,23641.04
2364199,23641.99
2364294,23642.94
2364377,23643.77
2364461,23644.61
2364570,23645.7
2364659,23646.59
2364764,23647.64
2364859,23648.59
2364952,23649.52
2365045,23650.45
2365140,23651.4
2365233,23652.33
2365328,23653.28
2365426,23654.26
2365522,23655.22
2365619,23656.19
2365718,23657.18
2365817,23658.17
2365915,23659.15
2366014,23660.14
2366113,23661.13
2366210,23662.1
2366305,23663.05
2366398,23663.98
2366491,23664.91
2366583,23665.83
2366673,23666.73
2366763,23667.63
2366853,23668.53
2366944,23669.44
2367035,23670.35
2367127,23671.27
2367219,23672.19
2367313,23673.13
2367407,23674.07
2367500,23675.0
2367594,23675.94
2367691,23676.91
2367791,23677.91
2367889,23678.89
2367992,23679.92
2368093,23680.93
2368196,23681.96
2368296,23682.96
2368396,23683.96
2368494,23684.94
2368590,23685.9
2368687,23686.87
2368784,23687.84
2368880,23688.8
2368977,23689.77
2369074,23690.74
2369172,23691.72
2369269,23692.69
2369368,23693.68
2369470,23694.7
2369570,23695.7
2369671,23696.71
2369772,23697.72
2369875,23698.75
2369979,23699.79
2370086,23700.86
2370195,23701.95
2370306,23703.06
2370420,23704.2
2370534,23705.34
2370649,23706.49
2370768,23707.68
2370888,23708.88
2371005,23710.05
2371122,23711.22
2371242,23712.42
2371354,23713.54
2371467,23714.67
2371581,23715.81
2371695,23716.95
2371805,23718.05
2371914,23719.14
2372023,23720.23
2372132,23721.32
2372240,23722.4
2372353,23723.53
2372465,23724.65
2372579,23725.79
2372694,23726.94
2372808,23728.08
2372921,23729.21
2373035,23730.35
2373146,23731.46
2373256,23732.56
2373367,23733.67
2373476,23734.76
2373584,23735.84
2373690,23736.9
2373798,23737.98
2373902,23739.02
2374007,23740.07
2374113,23741.13
2374219,23742.19
2374323,23743.23
2374428,23744.28
2374532,23745.32
2374629,23746.29
2374727,23747.27
2374821,23748.21
2374916,23749.16
2375008,23750.08
2375101,23751.01
2375193,23751.93
2375287,23752.87
2375379,23753.79
2375474,23754.74
2375570,23755.7
2375664,23756.64
2375760,23757.6
2375857,23758.57
2375954,23759.54
2376049,23760.49
2376145,23761.45
2376242,23762.42
2376337,23763.37
2376432,23764.32
2376525,23765.25
2376617,23766.17
2376710,23767.1
2376800,23768.0
2376891,23768.91
2376982,23769.82
2377073,23770.73
2377163,23771.63
2377254,23772.54
2377345,23773.45
2377438,23774.38
2377531,23775.31
2377625,23776.25
2377721,23777.21
2377816,23778.16
2377910,23779.1
2378006,23780.06
2378104,23781.04
2378202,23782.02
2378300,23783.0
2378400,23784.0
2378499,23784.99
2378600,23786.0
2378699,23786.99
2378797,23787.97
2378897,23788.97
2378999,23789.99
2379100,23791.0
2379204,23792.04
2379309,23793.09
2379413,23794.13
2379518,23795.18
2379625,23796.25
2379728,23797.28
2379832,23798.32
2379935,23799.35
2380037,23800.37
2380135,23801.35
2380235,23802.35
2380335,23803.35
2380433,23804.33
2380529,23805.29
2380624,23806.24
2380719,23807.19
2380815,23808.15
2380909,23809.09
2381007,23810.07
2381106,23811.06
2381204,23812.04
2381303,23813.03
2381406,23814.06
2381508,23815.08
2381611,23816.11
2381715,23817.15
2381816,23818.16
2381917,23819.17
2382019,23820.19
2382118,23821.18
2382212,23822.12
2382307,23823.07
2382403,23824.03
2382498,23824.98
2382593,23825.93
2382690,23826.9
2382787,23827.87
2382886,23828.86
2382985,23829.85
2383084,23830.84
2383185,23831.85
2383285,23832.85
2383384,23833.84
2383485,23834.85
2383585,23835.85
2383683,23836.83
2383780,23837.8
2383878,23838.78
2383975,23839.75
2384072,23840.72
2384170,23841.7
2384266,23842.66
2384363,23843.63
2384460,23844.6
2384559,23845.59
2384657,23846.57
2384755,23847.55
2384852,23848.52
2384948,23849.48
2385044,23850.44
2385140,23851.4
2385237,23852.37
2385332,23853.32
2385429,23854.29
2385527,23855.27
2385626,23856.26
2385724,23857.24
2385824,23858.24
2385922,23859.22
2386021,23860.21
2386121,23861.21
2386219,23862.19
2386319,23863.19
2386420,23864.2
2386519,23865.19
2386617,23866.17
2386713,23867.13
2386811,23868.11
2386910,23869.1
2387009,23870.09
2387109,23871.09
2387211,23872.11
2387311,23873.11
2387411,23874.11
2387512,23875.12
2387613,23876.13
2387711,23877.11
2387809,23878.09
2387906,23879.06
2388003,23880.03
2388098,23880.98
2388194,23881.94
2388291,23882.91
2388388,23883.88
2388483,23884.83
2388580,23885.8
2388678,23886.78
2388777,23887.77
2388874,23888.74
2388975,23889.75
2389077,23890.77
2389177,23891.77
2389277,23892.77
2389380,23893.8
2389483,23894.83
2389583,23895.83
2389684,23896.84
2389786,23897.86
2389887,23898.87
2389989,23899.89
2390089,23900.89
2390191,23901.91
2390293,23902.93
2390393,23903.93
2390494,23904.94
2390596,23905.96
2390695,23906.95
2390795,23907.95
2390895,23908.95
2390993,23909.93
2391092,23910.92
2391191,23911.91
2391290,23912.9
2391387,23913.87
2391484,23914.84
2391581,23915.81
2391678,23916.78
2391775,23917.75
2391872,23918.72
2391967,23919.67
2392063,23920.63
2392160,23921.6
2392259,23922.59
2392357,23923.57
2392455,23924.55
2392554,23925.54
2392653,23926.53
2392751,23927.51
2392849,23928.49
2392950,23929.5
2393051,23930.51
2393149,23931.49
2393248,23932.48
2393346,23933.46
2393443,23934.43
2393542,23935.42
2393639,23936.39
2393738,23937.38
2393835,23938.35
2393931,23939.31
2394027,23940.27
2394119,23941.19
2394214,23942.14
2394307,23943.07
2394399,23943.99
2394490,23944.9
2394583,23945.83
2394676,23946.76
2394770,23947.7
2394863,23948.63
2394958,23949.58
2395054,23950.54
2395151,23951.51
2395248,23952.48
2395346,23953.46
2395445,23954.45
2395543,23955.43
2395641,23956.41
2395740,23957.4
2395839,23958.39
2395936,23959.36
2396033,23960.33
2396129,23961.29
2396224,23962.24
2396319,23963.19
2396412,23964.12
2396505,23965.05
2396599,23965.99
2396696,23966.96
2396794,23967.94
2396892,23968.92
2396991,23969.91
2397090,23970.9
2397187,23971.87
2397283,23972.83
2397378,23973.78
2397471,23974.71
2397566,23975.66
2397660,23976.6
2397754,23977.54
2397849,23978.49
2397945,23979.45
2398039,23980.39
2398131,23981.31
2398225,23982.25
2398320,23983.2
2398414,23984.14
2398508,23985.08
2398603,23986.03
2398699,23986.99
2398794,23987.94
2398892,23988.92
2398990,23989.9
2399088,23990.88
2399187,23991.87
2399285,23992.85
2399381,23993.81
2399478,23994.78
2399574,23995.74
2399671,23996.71
2399770,23997.7
2399873,23998.73
2399975,23999.75
2400077,24000.77
2400182,24001.82
2400288,24002.88
2400392,24003.92
2400496,24004.96
2400600,24006.0
2400700,24007.0
2400801,24008.01
2400902,24009.02
2401001,24010.01
2401102,24011.02
2401205,24012.05
2401305,24013.05
2401406,24014.06
2401509,24015.09
2401610,24016.1
2401712,24017.12
2401815,24018.15
2401915,24019.15
2402015,24020.15
2402115,24021.15
2402215,24022.15
2402312,24023.12
2402411,24024.11
2402510,24025.1
2402610,24026.1
2402707,24027.07
2402804,24028.04
2402902,24029.02
2403000,24030.0
2403096,24030.96
2403193,24031.93
2403294,24032.94
2403397,24033.97
2403498,24034.98
2403600,24036.0
2403704,24037.04
2403810,24038.1
2403914,24039.14
2404022,24040.22
2404130,24041.3
2404232,24042.32
2404335,24043.35
2404438,24044.38
2404541,24045.41
2404646,24046.46
2404753,24047.53
2404855,24048.55
2404960,24049.6
2405065,24050.65
2405168,24051.68
2405272,24052.72
2405377,24053.77
2405477,24054.77
2405578,24055.78
2405678,24056.78
2405776,24057.76
2405872,24058.72
2405970,24059.7
2406068,24060.68
2406167,24061.67
2406264,24062.64
2406361,24063.61
2406458,24064.58
2406555,24065.55
2406651,24066.51
2406747,24067.47
2406845,24068.45
2406945,24069.45
2407043,24070.43
2407146,24071.46
2407249,24072.49
2407353,24073.53
2407457,24074.57
2407556,24075.56
2407654,24076.54
2407753,24077.53
2407850,24078.5
2407948,24079.48
2408045,24080.45
2408142,24081.42
2408239,24082.39
2408335,24083.35
2408432,24084.32
2408529,24085.29
2408625,24086.25
2408721,24087.21
2408818,24088.18
2408915,24089.15
2409011,24090.11
2409107,24091.07
2409204,24092.04
2409301,24093.01
2409398,24093.98
2409495,24094.95
2409591,24095.91
2409686,24096.86
2409780,24097.8
2409872,24098.72
2409965,24099.65
2410058,24100.58
2410152,24101.52
2410245,24102.45
2410339,24103.39
2410434,24104.34
2410530,24105.3
2410628,24106.28
2410730,24107.3
2410830,24108.3
2410931,24109.31
2411034,24110.34
2411137,24111.37
2411235,24112.35
2411334,24113.34
2411432,24114.32
2411529,24115.29
2411628,24116.28
2411728,24117.28
2411829,24118.29
2411929,24119.29
2412028,24120.28
2412129,24121.29
2412231,24122.31
2412331,24123.31
2412431,24124.31
2412532,24125.32
2412630,24126.3
2412728,24127.28
2412825,24128.25
2412921,24129.21
2413017,24130.17
2413114,24131.14
2413210,24132.1
2413305,24133.05
2413399,24133.99
2413494,24134.94
2413588,24135.88
2413683,24136.83
2413779,24137.79
2413873,24138.73
2413967,24139.67
2414063,24140.63
2414158,24141.58
2414254,24142.54
2414352,24143.52
2414453,24144.53
2414556,24145.56
2414659,24146.59
2414765,24147.65
2414871,24148.71
2414975,24149.75
2415079,24150.79
2415184,24151.84
2415282,24152.82
2415382,24153.82
2415478,24154.78
2415575,24155.75
2415673,24156.73
2415772,24157.72
2415872,24158.72
2415971,24159.71
2416071,24160.71
2416172,24161.72
2416271,24162.71
2416372,24163.72
2416473,24164.73
2416573,24165.73
2416672,24166.72
2416773,24167.73
2416873,24168.73
2416970,24169.7
2417067,24170.67
2417164,24171.64
2417260,24172.6
2417356,24173.56
2417452,24174.52
2417547,24175.47
2417643,24176.43
2417739,24177.39
2417832,24178.32
2417926,24179.26
2418021,24180.21
2418116,24181.16
2418210,24182.1
2418302,24183.02
2418397,24183.97
2418492,24184.92
2418588,24185.88
2418683,24186.83
2418781,24187.81
2418879,24188.79
2418977,24189.77
2419077,24190.77
2419176,24191.76
2419275,24192.75
2419374,24193.74
2419474,24194.74
2419571,24195.71
2419668,24196.68
2419763,24197.63
2419861,24198.61
2419959,24199.59
2420058,24200.58
2420157,24201.57
2420251,24202.51
2420345,24203.45
2420437,24204.37
2420531,24205.31
2420623,24206.23
2420714,24207.14
2420807,24208.07
2420900,24209.0
2420992,24209.92
2421085,24210.85
2421179,24211.79
2421275,24212.75
2421372,24213.72
2421469,24214.69
2421567,24215.67
2421667,24216.67
2421768,24217.68
2421870,24218.7
2421973,24219.73
2422076,24220.76
2422180,24221.8
2422281,24222.81
2422383,24223.83
2422486,24224.86
2422587,24225.87
2422687,24226.87
2422787,24227.87
2422888,24228.88
2422990,24229.9
2423093,24230.93
2423197,24231.97
2423300,24233.0
2423398,24233.98
2423498,24234.98
2423600,24236.0
2423702,24237.02
2423806,24238.06
2423912,24239.12
2424016,24240.16
2424122,24241.22
2424227,24242.27
2424331,24243.31
2424436,24244.36
2424540,24245.4
2424642,24246.42
2424743,24247.43
2424844,24248.44
2424944,24249.44
2425041,24250.41
2425139,24251.39
2425236,24252.36
2425331,24253.31
2425428,24254.28
2425523,24255.23
2425620,24256.2
2425718,24257.18
2425816,24258.16
2425913,24259.13
2426012,24260.12
2426113,24261.13
2426214,24262.14
2426314,24263.14
2426416,24264.16
2426519,24265.19
2426620,24266.2
2426722,24267.22
2426824,24268.24
2426927,24269.27
2427028,24270.28
2427129,24271.29
2427229,24272.29
2427326,24273.26
2427423,24274.23
2427518,24275.18
2427613,24276.13
2427709,24277.09
2427807,24278.07
2427903,24279.03
2428001,24280.01
2428102,24281.02
2428205,24282.05
2428308,24283.08
2428413,24284.13
2428518,24285.18
2428622,24286.22
2428724,24287.24
2428826,24288.26
2428925,24289.25
2429024,24290.24
2429121,24291.21
2429218,24292.18
2429314,24293.14
2429408,24294.08
2429502,24295.02
2429597,24295.97
2429694,24296.94
2429792,24297.92
2429890,24298.9
2429992,24299.92
2430094,24300.94
2430196,24301.96
2430298,24302.98
2430400,24304.0
2430500,24305.0
2430601,24306.01
2430701,24307.01
2430802,24308.02
2430902,24309.02
2431001,24310.01
2431102,24311.02
2431204,24312.04
2431304,24313.04
2431405,24314.05
2431507,24315.07
2431608,24316.08
2431707,24317.07
2431807,24318.07
2431908,24319.08
2432008,24320.08
2432105,24321.05
2432203,24322.03
2432300,24323.0
2432397,24323.97
2432493,24324.93
2432589,24325.89
2432686,24326.86
2432783,24327.83
2432878,24328.78
2432974,24329.74
2433071,24330.71
2433169,24331.69
2433267,24332.67
2433367,24333.67
2433470,24334.7
2433571,24335.71
2433673,24336.73
2433776,24337.76
2433877,24338.77
2433977,24339.77
2434078,24340.78
2434180,24341.8
2434280,24342.8
2434380,24343.8
2434477,24344.77
2434576,24345.76
2434675,24346.75
2434773,24347.73
2434873,24348.73
2434972,24349.72
2435071,24350.71
2435172,24351.72
2435273,24352.73
2435372,24353.72
2435472,24354.72
2435573,24355.73
2435673,24356.73
2435772,24357.72
2435872,24358.72
2435972,24359.72
2436072,24360.72
2436174,24361.74
2436276,24362.76
2436377,24363.77
2436478,24364.78
2436577,24365.77
2436675,24366.75
2436774,24367.74
2436874,24368.74
2436975,24369.75
2437075,24370.75
2437177,24371.77
2437281,24372.81
2437384,24373.84
2437486,24374.86
2437590,24375.9
2437689,24376.89
2437788,24377.88
2437886,24378.86
2437983,24379.83
2438082,24380.82
2438183,24381.83
2438285,24382.85
2438390,24383.9
2438497,24384.97
2438602,24386.02
2438707,24387.07
2438814,24388.14
2438919,24389.19
2439022,24390.22
2439125,24391.25
2439229,24392.29
2439331,24393.31
2439431,24394.31
2439533,24395.33
2439633,24396.33
2439733,24397.33
2439832,24398.32
2439930,24399.3
2440025,24400.25
2440120,24401.2
2440215,24402.15
2440310,24403.1
2440405,24404.05
2440500,24405.0
2440598,24405.98
2440701,24407.01
2440802,24408.02
2440904,24409.04
2441012,24410.12
2441118,24411.18
2441226,24412.26
2441332,24413.32
2441436,24414.36
2441538,24415.38
2441641,24416.41
2441745,24417.45
2441847,24418.47
2441948,24419.48
2442046,24420.46
2442146,24421.46
2442246,24422.46
2442346,24423.46
2442446,24424.46
2442549,24425.49
2442653,24426.53
2442759,24427.59
2442863,24428.63
2442970,24429.7
2443077,24430.77
2443184,24431.84
2443291,24432.91
2443394,24433.94
2443494,24434.94
2443592,24435.92
2443689,24436.89
2443786,24437.86
2443882,24438.82
2443979,24439.79
2444075,24440.75
2444174,24441.74
2444275,24442.75
2444377,24443.77
2444479,24444.79
2444584,24445.84
2444690,24446.9
2444794,24447.94
2444899,24448.99
2445005,24450.05
2445107,24451.07
2445208,24452.08
2445311,24453.11
2445412,24454.12
2445513,24455.13
2445617,24456.17
2445720,24457.2
2445822,24458.22
2445926,24459.26
2446031,24460.31
2446134,24461.34
2446237,24462.37
2446340,24463.4
2446442,24464.42
2446543,24465.43
2446645,24466.45
2446749,24467.49
2446851,24468.51
2446952,24469.52
2447053,24470.53
2447155,24471.55
2447255,24472.55
2447356,24473.56
2447457,24474.57
2447554,24475.54
2447653,24476.53
2447753,24477.53
2447851,24478.51
2447949,24479.49
2448049,24480.49
2448147,24481.47
2448246,24482.46
2448344,24483.44
2448441,24484.41
2448540,24485.4
2448637,24486.37
2448733,24487.33
2448831,24488.31
2448930,24489.3
2449026,24490.26
2449123,24491.23
2449220,24492.2
2449318,24493.18
2449417,24494.17
2449515,24495.15
2449613,24496.13
2449712,24497.12
2449810,24498.1
2449908,24499.08
2450005,24500.05
2450102,24501.02
2450198,24501.98
2450293,24502.93
2450389,24503.89
2450487,24504.87
2450587,24505.87
2450687,24506.87
2450787,24507.87
2450889,24508.89
2450992,24509.92
2451094,24510.94
2451196,24511.96
2451299,24512.99
2451397,24513.97
2451497,24514.97
2451597,24515.97
2451696,24516.96
2451797,24517.97
2451898,24518.98
2452000,24520.0
2452103,24521.03
2452205,24522.05
2452307,24523.07
2452410,24524.1
2452513,24525.13
2452613,24526.13
2452714,24527.14
2452814,24528.14
2452914,24529.14
2453013,24530.13
2453111,24531.11
2453208,24532.08
2453305,24533.05
2453402,24534.02
2453498,24534.98
2453597,24535.97
2453696,24536.96
2453795,24537.95
2453894,24538.94
2453996,24539.96
2454100,24541.0
2454203,24542.03
2454304,24543.04
2454407,24544.07
2454513,24545.13
2454617,24546.17
2454726,24547.26
2454835,24548.35
2454939,24549.39
2455044,24550.44
2455150,24551.5
2455254,24552.54
2455360,24553.6
2455466,24554.66
2455569,24555.69
2455672,24556.72
2455775,24557.75
2455876,24558.76
2455975,24559.75
2456076,24560.76
2456174,24561.74
2456273,24562.73
2456373,24563.73
2456472,24564.72
2456572,24565.72
2456674,24566.74
2456775,24567.75
2456875,24568.75
2456976,24569.76
2457072,24570.72
2457169,24571.69
2457265,24572.65
2457362,24573.62
2457462,24574.62
2457562,24575.62
2457661,24576.61
2457763,24577.63
2457865,24578.65
2457966,24579.66
2458069,24580.69
2458172,24581.72
2458276,24582.76
2458376,24583.76
2458478,24584.78
2458579,24585.79
2458678,24586.78
2458776,24587.76
2458873,24588.73
2458971,24589.71
2459068,24590.68
2459166,24591.66
2459265,24592.65
2459367,24593.67
2459466,24594.66
2459566,24595.66
2459669,24596.69
2459771,24597.71
2459872,24598.72
2459977,24599.77
2460082,24600.82
2460184,24601.84
2460286,24602.86
2460391,24603.91
2460493,24604.93
2460597,24605.97
2460701,24607.01
2460801,24608.01
2460906,24609.06
2461013,24610.13
2461117,24611.17
2461224,24612.24
2461331,24613.31
2461435,24614.35
2461539,24615.39
2461644,24616.44
2461746,24617.46
2461847,24618.47
2461949,24619.49
2462051,24620.51
2462152,24621.52
2462252,24622.52
2462355,24623.55
2462459,24624.59
2462565,24625.65
2462667,24626.67
2462772,24627.72
2462877,24628.77
2462985,24629.85
2463089,24630.89
2463193,24631.93
2463298,24632.98
2463404,24634.04
2463507,24635.07
2463611,24636.11
2463716,24637.16
2463818,24638.18
2463920,24639.2
2464022,24640.22
2464122,24641.22
2464218,24642.18
2464316,24643.16
2464412,24644.12
2464508,24645.08
2464609,24646.09
2464710,24647.1
2464813,24648.13
2464918,24649.18
2465022,24650.22
2465127,24651.27
2465231,24652.31
2465334,24653.34
2465436,24654.36
2465537,24655.37
2465636,24656.36
2465735,24657.35
2465833,24658.33
2465932,24659.32
2466029,24660.29
2466125,24661.25
2466223,24662.23
2466322,24663.22
2466420,24664.2
2466519,24665.19
2466618,24666.18
2466718,24667.18
2466816,24668.16
2466916,24669.16
2467017,24670.17
2467116,24671.16
2467217,24672.17
2467320,24673.2
2467420,24674.2
2467519,24675.19
2467620,24676.2
2467720,24677.2
2467822,24678.22
2467924,24679.24
2468027,24680.27
2468130,24681.3
2468231,24682.31
2468332,24683.32
2468433,24684.33
2468534,24685.34
2468634,24686.34
2468733,24687.33
2468833,24688.33
2468933,24689.33
2469034,24690.34
2469134,24691.34
2469233,24692.33
2469334,24693.34
2469435,24694.35
2469537,24695.37
2469639,24696.39
2469739,24697.39
2469841,24698.41
2469939,24699.39
2470038,24700.38
2470141,24701.41
2470245,24702.45
2470345,24703.45
2470445,24704.45
2470549,24705.49
2470651,24706.51
2470756,24707.56
2470861,24708.61
2470963,24709.63
2471067,24710.67
2471169,24711.69
2471270,24712.7
2471372,24713.72
2471475,24714.75
2471577,24715.77
2471681,24716.81
2471785,24717.85
2471889,24718.89
2471990,24719.9
2472093,24720.93
2472194,24721.94
2472292,24722.92
2472391,24723.91
2472490,24724.9
2472589,24725.89
2472686,24726.86
2472784,24727.84
2472883,24728.83
2472981,24729.81
2473079,24730.79
2473179,24731.79
2473276,24732.76
2473374,24733.74
2473476,24734.76
2473578,24735.78
2473680,24736.8
2473783,24737.83
2473885,24738.85
2473989,24739.89
2474093,24740.93
2474195,24741.95
2474298,24742.98
2474401,24744.01
2474502,24745.02
2474602,24746.02
2474702,24747.02
2474800,24748.0
2474899,24748.99
2474998,24749.98
2475095,24750.95
2475194,24751.94
2475292,24752.92
2475392,24753.92
2475492,24754.92
2475593,24755.93
2475694,24756.94
2475793,24757.93
2475892,24758.92
2475992,24759.92
2476092,24760.92
2476191,24761.91
2476291,24762.91
2476392,24763.92
2476493,24764.93
2476595,24765.95
2476700,24767.0
2476807,24768.07
2476910,24769.1
2477013,24770.13
2477113,24771.13
2477215,24772.15
2477315,24773.15
2477417,24774.17
2477518,24775.18
2477617,24776.17
2477718,24777.18
2477817,24778.17
2477915,24779.15
2478013,24780.13
2478111,24781.11
2478208,24782.08
2478306,24783.06
2478404,24784.04
2478502,24785.02
2478600,24786.0
2478700,24787.0
2478800,24788.0
2478901,24789.01
2479002,24790.02
2479105,24791.05
2479207,24792.07
2479310,24793.1
2479411,24794.11
2479513,24795.13
2479615,24796.15
2479717,24797.17
2479818,24798.18
2479917,24799.17
2480018,24800.18
2480120,24801.2
2480221,24802.21
2480321,24803.21
2480423,24804.23
2480525,24805.25
2480623,24806.23
2480722,24807.22
2480825,24808.25
2480930,24809.3
2481035,24810.35
2481100,24811.0
2481166,24811.66
2481255,24812.55
2481346,24813.46
2481446,24814.46
2481546,24815.46
2481647,24816.47
2481749,24817.49
2481853,24818.53
2481960,24819.6
2482068,24820.68
2482174,24821.74
2482282,24822.82
2482389,24823.89
2482493,24824.93
2482597,24825.97
2482702,24827.02
2482805,24828.05
2482906,24829.06
2483005,24830.05
2483103,24831.03
2483201,24832.01
2483299,24832.99
2483394,24833.94
2483489,24834.89
2483586,24835.86
2483684,24836.84
2483781,24837.81
2483880,24838.8
2483981,24839.81
2484078,24840.78
2484176,24841.76
2484277,24842.77
2484377,24843.77
2484483,24844.83
2484588,24845.88
2484695,24846.95
2484801,24848.01
2484909,24849.09
2485015,24850.15
2485121,24851.21
2485226,24852.26
2485328,24853.28
2485432,24854.32
2485536,24855.36
2485639,24856.39
2485740,24857.4
2485842,24858.42
2485946,24859.46
2486049,24860.49
2486151,24861.51
2486255,24862.55
2486359,24863.59
2486462,24864.62
2486563,24865.63
2486666,24866.66
2486771,24867.71
2486876,24868.76
2486979,24869.79
2487084,24870.84
2487188,24871.88
2487291,24872.91
2487393,24873.93
2487495,24874.95
2487593,24875.93
2487693,24876.93
2487791,24877.91
2487890,24878.9
2487992,24879.92
2488092,24880.92
2488194,24881.94
2488295,24882.95
2488393,24883.93
2488492,24884.92
2488588,24885.88
2488685,24886.85
2488782,24887.82
2488880,24888.8
2488977,24889.77
2489075,24890.75
2489175,24891.75
2489275,24892.75
2489373,24893.73
2489473,24894.73
2489573,24895.73
2489674,24896.74
2489776,24897.76
2489877,24898.77
2489978,24899.78
2490079,24900.79
2490180,24901.8
2490281,24902.81
2490379,24903.79
2490480,24904.8
2490581,24905.81
2490681,24906.81
2490780,24907.8
2490881,24908.81
2490983,24909.83
2491082,24910.82
2491181,24911.81
2491284,24912.84
2491383,24913.83
2491482,24914.82
2491582,24915.82
2491678,24916.78
2491772,24917.72
2491865,24918.65
2491957,24919.57
2492051,24920.51
2492145,24921.45
2492239,24922.39
2492333,24923.33
2492428,24924.28
2492523,24925.23
2492617,24926.17
2492712,24927.12
2492807,24928.07
2492903,24929.03
2492998,24929.98
2493093,24930.93
2493188,24931.88
2493283,24932.83
2493379,24933.79
2493476,24934.76
2493573,24935.73
2493670,24936.7
2493768,24937.68
2493868,24938.68
2493968,24939.68
2494071,24940.71
2494173,24941.73
2494277,24942.77
2494379,24943.79
2494478,24944.78
2494580,24945.8
2494678,24946.78
2494779,24947.79
2494880,24948.8
2494980,24949.8
2495082,24950.82
2495184,24951.84
2495286,24952.86
2495388,24953.88
2495488,24954.88
2495589,24955.89
2495689,24956.89
2495788,24957.88
2495887,24958.87
2495987,24959.87
2496088,24960.88
2496188,24961.88
2496289,24962.89
2496391,24963.91
2496492,24964.92
2496594,24965.94
2496696,24966.96
2496797,24967.97
2496896,24968.96
2496995,24969.95
2497095,24970.95
2497195,24971.95
2497298,24972.98
2497402,24974.02
2497509,24975.09
2497612,24976.12
2497713,24977.13
2497815,24978.15
2497913,24979.13
2498011,24980.11
2498109,24981.09
2498206,24982.06
2498307,24983.07
2498406,24984.06
2498506,24985.06
2498604,24986.04
2498700,24987.0
2498796,24987.96
2498890,24988.9
2498984,24989.84
2499080,24990.8
2499176,24991.76
2499275,24992.75
2499373,24993.73
2499474,24994.74
2499575,24995.75
2499677,24996.77
2499778,24997.78
2499879,24998.79
2499979,24999.79
2500079,25000.79
2500179,25001.79
2500279,25002.79
2500379,25003.79
2500481,25004.81
2500583,25005.83
2500685,25006.85
2500785,25007.85
2500886,25008.86
2500988,25009.88
2501093,25010.93
2501197,25011.97
2501302,25013.02
2501405,25014.05
2501506,25015.06
2501606,25016.06
2501708,25017.08
2501809,25018.09
2501910,25019.1
2502014,25020.14
2502114,25021.14
2502214,25022.14
2502311,25023.11
2502409,25024.09
2502508,25025.08
2502607,25026.07
2502706,25027.06
2502806,25028.06
2502904,25029.04
2503001,25030.01
2503099,25030.99
2503197,25031.97
2503296,25032.96
2503396,25033.96
2503497,25034.97
2503597,25035.97
2503697,25036.97
2503797,25037.97
2503897,25038.97
2503999,25039.99
2504101,25041.01
2504201,25042.01
2504300,25043.0
2504398,25043.98
2504495,25044.95
2504593,25045.93
2504690,25046.9
2504790,25047.9
2504890,25048.9
2504990,25049.9
2505091,25050.91
2505189,25051.89
2505286,25052.86
2505385,25053.85
2505484,25054.84
2505586,25055.86
2505692,25056.92
2505796,25057.96
2505903,25059.03
2506008,25060.08
2506114,25061.14
2506220,25062.2
2506324,25063.24
2506427,25064.27
2506529,25065.29
2506630,25066.3
2506730,25067.3
2506831,25068.31
2506932,25069.32
2507034,25070.34
2507136,25071.36
2507238,25072.38
2507340,25073.4
2507442,25074.42
2507544,25075.44
2507646,25076.46
2507747,25077.47
2507847,25078.47
2507946,25079.46
2508042,25080.42
2508140,25081.4
2508237,25082.37
2508334,25083.34
2508431,25084.31
2508531,25085.31
2508631,25086.31
2508732,25087.32
2508831,25088.31
2508931,25089.31
2509028,25090.28
2509127,25091.27
2509225,25092.25
2509325,25093.25
2509425,25094.25
2509523,25095.23
2509624,25096.24
2509725,25097.25
2509825,25098.25
2509928,25099.28
2510031,25100.31
2510132,25101.32
2510235,25102.35
2510338,25103.38
2510441,25104.41
2510544,25105.44
2510649,25106.49
2510753,25107.53
2510857,25108.57
2510960,25109.6
2511061,25110.61
2511162,25111.62
2511261,25112.61
2511359,25113.59
2511456,25114.56
2511553,25115.53
2511652,25116.52
2511751,25117.51
2511851,25118.51
2511952,25119.52
2512058,25120.58
2512162,25121.62
2512267,25122.67
2512373,25123.73
2512480,25124.8
2512588,25125.88
2512695,25126.95
2512798,25127.98
2512898,25128.98
2512999,25129.99
2513099,25130.99
2513196,25131.96
2513290,25132.9
2513380,25133.8
2513470,25134.7
2513557,25135.57
2513639,25136.39
2513722,25137.22
2513802,25138.02
2513880,25138.8
2513956,25139.56
2514030,25140.3
2514104,25141.04
2514177,25141.77
2514249,25142.49
2514320,25143.2
2514391,25143.91
2514460,25144.6
2514529,25145.29
2514600,25146.0
2514670,25146.7
2514740,25147.4
2514812,25148.12
2514885,25148.85
2514960,25149.6
2515037,25150.37
2515116,25151.16
2515198,25151.98
2515281,25152.81
2515365,25153.65
2515452,25154.52
2515539,25155.39
2515628,25156.28
2515718,25157.18
2515809,25158.09
2515902,25159.02
2515995,25159.95
2516089,25160.89
2516185,25161.85
2516284,25162.84
2516381,25163.81
2516481,25164.81
2516582,25165.82
2516683,25166.83
2516787,25167.87
2516893,25168.93
2516998,25169.98
2517103,25171.03
2517205,25172.05
2517308,25173.08
2517409,25174.09
2517509,25175.09
2517611,25176.11
2517712,25177.12
2517814,25178.14
2517916,25179.16
2518016,25180.16
2518118,25181.18
2518221,25182.21
2518323,25183.23
2518424,25184.24
2518527,25185.27
2518630,25186.3
2518733,25187.33
2518839,25188.39
2518942,25189.42
2519042,25190.42
2519146,25191.46
2519250,25192.5
2519353,25193.53
2519454,25194.54
2519557,25195.57
2519657,25196.57
2519754,25197.54
2519854,25198.54
2519955,25199.55
2520056,25200.56
2520159,25201.59
2520264,25202.64
2520369,25203.69
2520473,25204.73
2520577,25205.77
2520678,25206.78
2520779,25207.79
2520880,25208.8
2520979,25209.79
2521079,25210.79
2521178,25211.78
2521276,25212.76
2521374,25213.74
2521471,25214.71
2521566,25215.66
2521661,25216.61
2521760,25217.6
2521857,25218.57
2521958,25219.58
2522064,25220.64
2522167,25221.67
2522274,25222.74
2522381,25223.81
2522485,25224.85
2522591,25225.91
2522697,25226.97
2522800,25228.0
2522906,25229.06
2523011,25230.11
2523116,25231.16
2523221,25232.21
2523324,25233.24
2523427,25234.27
2523529,25235.29
2523631,25236.31
2523733,25237.33
2523833,25238.33
2523933,25239.33
2524034,25240.34
2524135,25241.35
2524234,25242.34
2524333,25243.33
2524435,25244.35
2524537,25245.37
2524636,25246.36
2524737,25247.37
2524841,25248.41
2524943,25249.43
2525046,25250.46
2525151,25251.51
2525256,25252.56
2525360,25253.6
2525464,25254.64
2525566,25255.66
2525669,25256.69
2525770,25257.7
2525869,25258.69
2525968,25259.68
2526069,25260.69
2526169,25261.69
2526270,25262.7
2526372,25263.72
2526476,25264.76
2526579,25265.79
2526684,25266.84
2526789,25267.89
2526894,25268.94
2526999,25269.99
2527103,25271.03
2527209,25272.09
2527314,25273.14
2527418,25274.18
2527521,25275.21
2527623,25276.23
2527724,25277.24
2527821,25278.21
2527919,25279.19
2528018,25280.18
2528118,25281.18
2528222,25282.22
2528325,25283.25
2528429,25284.29
2528534,25285.34
2528640,25286.4
2528745,25287.45
2528852,25288.52
2528959,25289.59
2529065,25290.65
2529170,25291.7
2529276,25292.76
2529378,25293.78
2529481,25294.81
2529583,25295.83
2529685,25296.85
2529788,25297.88
2529892,25298.92
2529996,25299.96
2530100,25301.0
2530202,25302.02
2530302,25303.02
2530403,25304.03
2530503,25305.03
2530604,25306.04
2530702,25307.02
2530801,25308.01
2530902,25309.02
2531004,25310.04
2531104,25311.04
2531200,25312.0
2531298,25312.98
2531394,25313.94
2531491,25314.91
2531591,25315.91
2531689,25316.89
2531791,25317.91
2531895,25318.95
2531999,25319.99
2532105,25321.05
2532211,25322.11
2532316,25323.16
2532423,25324.23
2532530,25325.3
2532636,25326.36
2532740,25327.4
2532844,25328.44
2532948,25329.48
2533052,25330.52
2533155,25331.55
2533258,25332.58
2533359,25333.59
2533458,25334.58
2533557,25335.57
2533655,25336.55
2533756,25337.56
2533858,25338.58
2533959,25339.59
2534058,25340.58
2534156,25341.56
2534252,25342.52
2534349,25343.49
2534447,25344.47
2534548,25345.48
2534648,25346.48
2534753,25347.53
2534856,25348.56
2534962,25349.62
2535070,25350.7
2535176,25351.76
2535282,25352.82
2535387,25353.87
2535490,25354.9
2535592,25355.92
2535692,25356.92
2535793,25357.93
2535891,25358.91
2535988,25359.88
2536084,25360.84
2536180,25361.8
2536276,25362.76
2536373,25363.73
2536469,25364.69
2536566,25365.66
2536664,25366.64
2536762,25367.62
2536852,25368.52
2536943,25369.43
2537048,25370.48
2537153,25371.53
2537255,25372.55
2537354,25373.54
2537453,25374.53
2537551,25375.51
2537650,25376.5
2537749,25377.49
2537849,25378.49
2537950,25379.5
2538049,25380.49
2538150,25381.5
2538247,25382.47
2538342,25383.42
2538437,25384.37
2538530,25385.3
2538625,25386.25
2538720,25387.2
2538812,25388.12
2538904,25389.04
2538997,25389.97
2539088,25390.88
2539180,25391.8
2539272,25392.72
2539364,25393.64
2539456,25394.56
2539548,25395.48
2539641,25396.41
2539736,25397.36
2539830,25398.3
2539926,25399.26
2540023,25400.23
2540123,25401.23
2540224,25402.24
2540327,25403.27
2540431,25404.31
2540537,25405.37
2540643,25406.43
2540749,25407.49
2540856,25408.56
2540961,25409.61
2541062,25410.62
2541164,25411.64
2541262,25412.62
2541361,25413.61
2541463,25414.63
2541564,25415.64
2541667,25416.67
2541775,25417.75
2541884,25418.84
2541992,25419.92
2542102,25421.02
2542213,25422.13
2542323,25423.23
2542430,25424.3
2542537,25425.37
2542643,25426.43
2542749,25427.49
2542853,25428.53
2542958,25429.58
2543062,25430.62
2543165,25431.65
2543268,25432.68
2543370,25433.7
2543473,25434.73
2543575,25435.75
2543676,25436.76
2543777,25437.77
2543876,25438.76
2543974,25439.74
2544075,25440.75
2544176,25441.76
2544278,25442.78
2544385,25443.85
2544490,25444.9
2544594,25445.94
2544700,25447.0
2544803,25448.03
2544905,25449.05
2545006,25450.06
2545106,25451.06
2545202,25452.02
2545298,25452.98
2545394,25453.94
2545470,25454.7
2545562,25455.62
2545648,25456.48
2545750,25457.5
2545839,25458.39
2545938,25459.38
2546030,25460.3
2546124,25461.24
2546218,25462.18
2546316,25463.16
2546416,25464.16
2546516,25465.16
2546617,25466.17
2546717,25467.17
2546813,25468.13
2546911,25469.11
2547007,25470.07
2547103,25471.03
2547203,25472.03
2547301,25473.01
2547403,25474.03
2547506,25475.06
2547608,25476.08
2547712,25477.12
2547816,25478.16
2547918,25479.18
2548021,25480.21
2548122,25481.22
2548223,25482.23
2548323,25483.23
2548422,25484.22
2548521,25485.21
2548619,25486.19
2548717,25487.17
2548815,25488.15
2548913,25489.13
2549012,25490.12
2549110,25491.1
2549208,25492.08
2549308,25493.08
2549410,25494.1
2549509,25495.09
2549609,25496.09
2549710,25497.1
2549809,25498.09
2549905,25499.05
2550001,25500.01
2550098,25500.98
2550196,25501.96
2550296,25502.96
2550394,25503.94
2550494,25504.94
2550596,25505.96
2550696,25506.96
2550798,25507.98
2550900,25509.0
2551001,25510.01
2551104,25511.04
2551206,25512.06
2551308,25513.08
2551410,25514.1
2551513,25515.13
2551614,25516.14
2551716,25517.16
2551818,25518.18
2551918,25519.18
2552018,25520.18
2552118,25521.18
2552217,25522.17
2552313,25523.13
2552411,25524.11
2552510,25525.1
2552610,25526.1
2552709,25527.09
2552808,25528.08
2552908,25529.08
2553004,25530.04
2553101,25531.01
2553200,25532.0
2553298,25532.98
2553402,25534.02
2553505,25535.05
2553608,25536.08
2553713,25537.13
2553816,25538.16
2553921,25539.21
2554026,25540.26
2554132,25541.32
2554237,25542.37
2554342,25543.42
2554446,25544.46
2554550,25545.5
2554652,25546.52
2554754,25547.54
2554855,25548.55
2554959,25549.59
2555063,25550.63
2555168,25551.68
2555274,25552.74
2555378,25553.78
2555481,25554.81
2555582,25555.82
2555681,25556.81
2555780,25557.8
2555880,25558.8
2555979,25559.79
2556080,25560.8
2556181,25561.81
2556279,25562.79
2556378,25563.78
2556478,25564.78
2556577,25565.77
2556679,25566.79
2556781,25567.81
2556882,25568.82
2556985,25569.85
2557087,25570.87
2557188,25571.88
2557289,25572.89
2557388,25573.88
2557485,25574.85
2557581,25575.81
2557676,25576.76
2557772,25577.72
2557869,25578.69
2557968,25579.68
2558068,25580.68
2558170,25581.7
2558273,25582.73
2558376,25583.76
2558478,25584.78
2558579,25585.79
2558679,25586.79
2558778,25587.78
2558876,25588.76
2558973,25589.73
2559067,25590.67
2559162,25591.62
2559257,25592.57
2559355,25593.55
2559452,25594.52
2559551,25595.51
2559653,25596.53
2559755,25597.55
2559853,25598.53
2559953,25599.53
2560053,25600.53
2560152,25601.52
2560252,25602.52
2560353,25603.53
2560453,25604.53
2560553,25605.53
2560653,25606.53
2560754,25607.54
2560853,25608.53
2560950,25609.5
2561045,25610.45
2561137,25611.37
2561228,25612.28
2561317,25613.17
2561409,25614.09
2561502,25615.02
2561599,25615.99
2561699,25616.99
2561802,25618.02
2561906,25619.06
2562010,25620.1
2562114,25621.14
2562218,25622.18
2562321,25623.21
2562424,25624.24
2562527,25625.27
2562626,25626.26
2562726,25627.26
2562828,25628.28
2562931,25629.31
2563033,25630.33
2563134,25631.34
2563237,25632.37
2563340,25633.4
2563439,25634.39
2563541,25635.41
2563642,25636.42
2563742,25637.42
2563846,25638.46
2563950,25639.5
2564054,25640.54
2564159,25641.59
2564264,25642.64
2564367,25643.67
2564473,25644.73
2564579,25645.79
2564683,25646.83
2564789,25647.89
2564892,25648.92
2564995,25649.95
2565099,25650.99
2565201,25652.01
2565303,25653.03
2565405,25654.05
2565506,25655.06
2565609,25656.09
2565710,25657.1
2565808,25658.08
2565908,25659.08
2566008,25660.08
2566109,25661.09
2566209,25662.09
2566310,25663.1
2566412,25664.12
2566510,25665.1
2566605,25666.05
2566698,25666.98
2566791,25667.91
2566888,25668.88
2566983,25669.83
2567080,25670.8
2567181,25671.81
2567280,25672.8
2567381,25673.81
2567484,25674.84
2567586,25675.86
2567688,25676.88
2567790,25677.9
2567892,25678.92
2567991,25679.91
2568090,25680.9
2568188,25681.88
2568284,25682.84
2568380,25683.8
2568476,25684.76
2568574,25685.74
2568674,25686.74
2568775,25687.75
2568878,25688.78
2568981,25689.81
2569084,25690.84
2569188,25691.88
2569291,25692.91
2569394,25693.94
2569495,25694.95
2569596,25695.96
2569697,25696.97
2569795,25697.95
2569890,25698.9
2569988,25699.88
2570088,25700.88
2570187,25701.87
2570287,25702.87
2570390,25703.9
2570491,25704.91
2570595,25705.95
2570702,25707.02
2570809,25708.09
2570914,25709.14
2571019,25710.19
2571125,25711.25
2571230,25712.3
2571333,25713.33
2571436,25714.36
2571539,25715.39
2571642,25716.42
2571744,25717.44
2571846,25718.46
2571948,25719.48
2572048,25720.48
2572147,25721.47
2572246,25722.46
2572344,25723.44
2572441,25724.41
2572539,25725.39
2572637,25726.37
2572734,25727.34
2572833,25728.33
2572930,25729.3
2573027,25730.27
2573123,25731.23
2573219,25732.19
2573314,25733.14
2573413,25734.13
2573514,25735.14
2573613,25736.13
2573716,25737.16
2573821,25738.21
2573928,25739.28
2574033,25740.33
2574138,25741.38
2574242,25742.42
2574345,25743.45
2574447,25744.47
2574546,25745.46
2574646,25746.46
2574745,25747.45
2574843,25748.43
2574942,25749.42
2575041,25750.41
2575140,25751.4
2575237,25752.37
2575335,25753.35
2575435,25754.35
2575537,25755.37
2575640,25756.4
2575743,25757.43
2575846,25758.46
2575947,25759.47
2576043,25760.43
2576141,25761.41
2576240,25762.4
2576338,25763.38
2576440,25764.4
2576542,25765.42
2576643,25766.43
2576748,25767.48
2576853,25768.53
2576957,25769.57
2577062,25770.62
2577166,25771.66
2577269,25772.69
2577372,25773.72
2577474,25774.74
2577576,25775.76
2577678,25776.78
2577779,25777.79
2577879,25778.79
2577980,25779.8
2578081,25780.81
2578182,25781.82
2578285,25782.85
2578390,25783.9
2578492,25784.92
2578594,25785.94
2578696,25786.96
2578801,25788.01
2578905,25789.05
2579011,25790.11
2579114,25791.14
2579217,25792.17
2579322,25793.22
2579424,25794.24
2579525,25795.25
2579627,25796.27
2579727,25797.27
2579826,25798.26
2579927,25799.27
2580028,25800.28
2580130,25801.3
2580231,25802.31
2580330,25803.3
2580430,25804.3
2580529,25805.29
2580627,25806.27
2580727,25807.27
2580828,25808.28
2580932,25809.32
2581036,25810.36
2581140,25811.4
2581245,25812.45
2581350,25813.5
2581454,25814.54
2581557,25815.57
2581659,25816.59
2581760,25817.6
2581859,25818.59
2581958,25819.58
2582056,25820.56
2582152,25821.52
2582249,25822.49
2582346,25823.46
2582445,25824.45
2582544,25825.44
2582644,25826.44
2582748,25827.48
2582855,25828.55
2582961,25829.61
2583066,25830.66
2583172,25831.72
2583280,25832.8
2583387,25833.87
2583493,25834.93
2583599,25835.99
2583697,25836.97
2583797,25837.97
2583894,25838.94
2583991,25839.91
2584090,25840.9
2584188,25841.88
2584286,25842.86
2584386,25843.86
2584485,25844.85
2584586,25845.86
2584688,25846.88
2584788,25847.88
2584890,25848.9
2584993,25849.93
2585093,25850.93
2585191,25851.91
2585290,25852.9
2585389,25853.89
2585489,25854.89
2585588,25855.88
2585687,25856.87
2585785,25857.85
2585883,25858.83
2585980,25859.8
2586078,25860.78
2586177,25861.77
2586275,25862.75
2586373,25863.73
2586470,25864.7
2586569,25865.69
2586671,25866.71
2586772,25867.72
2586873,25868.73
2586977,25869.77
2587083,25870.83
2587188,25871.88
2587294,25872.94
2587400,25874.0
2587504,25875.04
2587607,25876.07
2587713,25877.13
2587814,25878.14
2587913,25879.13
2588012,25880.12
2588108,25881.08
2588206,25882.06
2588302,25883.02
2588399,25883.99
2588500,25885.0
2588601,25886.01
2588702,25887.02
2588805,25888.05
2588910,25889.1
2589015,25890.15
2589119,25891.19
2589224,25892.24
2589329,25893.29
2589433,25894.33
2589535,25895.35
2589637,25896.37
2589740,25897.4
2589843,25898.43
2589946,25899.46
2590050,25900.5
2590153,25901.53
2590257,25902.57
2590359,25903.59
2590461,25904.61
2590563,25905.63
2590666,25906.66
2590769,25907.69
2590868,25908.68
2590967,25909.67
2591066,25910.66
2591166,25911.66
2591265,25912.65
2591366,25913.66
2591470,25914.7
2591575,25915.75
2591676,25916.76
2591778,25917.78
2591878,25918.78
2591978,25919.78
2592079,25920.79
2592182,25921.82
2592285,25922.85
2592389,25923.89
2592494,25924.94
2592598,25925.98
2592701,25927.01
2592804,25928.04
2592908,25929.08
2593009,25930.09
2593109,25931.09
2593210,25932.1
2593312,25933.12
2593411,25934.11
2593510,25935.1
2593612,25936.12
2593717,25937.17
2593821,25938.21
2593923,25939.23
2594029,25940.29
2594135,25941.35
2594237,25942.37
2594338,25943.38
2594424,25944.24
2594511,25945.11
2594618,25946.18
2594726,25947.26
2594825,25948.25
2594923,25949.23
2595023,25950.23
2595127,25951.27
2595229,25952.29
2595332,25953.32
2595436,25954.36
2595536,25955.36
2595635,25956.35
2595733,25957.33
2595828,25958.28
2595924,25959.24
2596018,25960.18
2596112,25961.12
2596206,25962.06
2596302,25963.02
2596396,25963.96
2596493,25964.93
2596590,25965.9
2596687,25966.87
2596783,25967.83
2596880,25968.8
2596978,25969.78
2597078,25970.78
2597178,25971.78
2597277,25972.77
2597377,25973.77
2597476,25974.76
2597576,25975.76
2597676,25976.76
2597773,25977.73
2597871,25978.71
2597968,25979.68
2598065,25980.65
2598162,25981.62
2598260,25982.6
2598361,25983.61
2598461,25984.61
2598561,25985.61
2598665,25986.65
2598767,25987.67
2598871,25988.71
2598973,25989.73
2599077,25990.77
2599177,25991.77
2599277,25992.77
2599378,25993.78
2599479,25994.79
2599579,25995.79
2599679,25996.79
2599779,25997.79
2599877,25998.77
2599976,25999.76
2600077,26000.77
2600179,26001.79
2600281,26002.81
2600382,26003.82
2600483,26004.83
2600584,26005.84
2600685,26006.85
2600783,26007.83
2600880,26008.8
2600978,26009.78
2601079,26010.79
2601175,26011.75
2601270,26012.7
2601366,26013.66
2601459,26014.59
2601552,26015.52
2601647,26016.47
2601740,26017.4
2601836,26018.36
2601934,26019.34
2602032,26020.32
2602133,26021.33
2602235,26022.35
2602339,26023.39
2602441,26024.41
2602545,26025.45
2602648,26026.48
2602749,26027.49
2602850,26028.5
2602948,26029.48
2603046,26030.46
2603143,26031.43
2603240,26032.4
2603338,26033.38
2603435,26034.35
2603532,26035.32
2603631,26036.31
2603731,26037.31
2603829,26038.29
2603929,26039.29
2604033,26040.33
2604138,26041.38
2604241,26042.41
2604344,26043.44
2604448,26044.48
2604549,26045.49
2604648,26046.48
2604750,26047.5
2604851,26048.51
2604950,26049.5
2605053,26050.53
2605155,26051.55
2605256,26052.56
2605358,26053.58
2605460,26054.6
2605562,26055.62
2605662,26056.62
2605763,26057.63
2605865,26058.65
2605969,26059.69
2606070,26060.7
2606170,26061.7
2606270,26062.7
2606371,26063.71
2606469,26064.69
2606567,26065.67
2606664,26066.64
2606763,26067.63
2606864,26068.64
2606963,26069.63
2607067,26070.67
2607175,26071.75
2607283,26072.83
2607384,26073.84
2607489,26074.89
2607591,26075.91
2607691,26076.91
2607794,26077.94
2607896,26078.96
2607999,26079.99
2608105,26081.05
2608208,26082.08
2608312,26083.12
2608416,26084.16
2608519,26085.19
2608616,26086.16
2608715,26087.15
2608813,26088.13
2608908,26089.08
2609002,26090.02
2609098,26090.98
2609194,26091.94
2609290,26092.9
2609385,26093.85
2609483,26094.83
2609582,26095.82
2609680,26096.8
2609778,26097.78
2609879,26098.79
2609979,26099.79
2610078,26100.78
2610178,26101.78
2610280,26102.8
2610379,26103.79
2610477,26104.77
2610579,26105.79
2610680,26106.8
2610781,26107.81
2610881,26108.81
2610982,26109.82
2611083,26110.83
2611184,26111.84
2611282,26112.82
2611382,26113.82
2611480,26114.8
2611580,26115.8
2611681,26116.81
2611780,26117.8
2611879,26118.79
2611980,26119.8
2612084,26120.84
2612187,26121.87
2612289,26122.89
2612392,26123.92
2612489,26124.89
2612587,26125.87
2612671,26126.71
2612756,26127.56
2612870,26128.7
2612961,26129.61
2613052,26130.52
2613141,26131.41
2613233,26132.33
2613326,26133.26
2613422,26134.22
2613519,26135.19
2613620,26136.2
2613724,26137.24
2613829,26138.29
2613933,26139.33
2614038,26140.38
2614140,26141.4
2614240,26142.4
2614337,26143.37
2614433,26144.33
2614527,26145.27
2614620,26146.2
2614713,26147.13
2614803,26148.03
2614894,26148.94
2614986,26149.86
2615079,26150.79
2615174,26151.74
2615267,26152.67
2615364,26153.64
2615462,26154.62
2615559,26155.59
2615660,26156.6
2615758,26157.58
2615857,26158.57
2615953,26159.53
2616051,26160.51
2616151,26161.51
2616251,26162.51
2616353,26163.53
2616457,26164.57
2616564,26165.64
2616669,26166.69
2616774,26167.74
2616878,26168.78
2616982,26169.82
2617087,26170.87
2617192,26171.92
2617295,26172.95
2617397,26173.97
2617502,26175.02
2617607,26176.07
2617710,26177.1
2617812,26178.12
2617919,26179.19
2618026,26180.26
2618129,26181.29
2618235,26182.35
2618336,26183.36
2618436,26184.36
2618534,26185.34
2618631,26186.31
2618727,26187.27
2618823,26188.23
2618922,26189.22
2619022,26190.22
2619125,26191.25
2619228,26192.28
2619333,26193.33
2619439,26194.39
2619543,26195.43
2619648,26196.48
2619752,26197.52
2619855,26198.55
2619957,26199.57
2620059,26200.59
2620158,26201.58
2620257,26202.57
2620356,26203.56
2620455,26204.55
2620554,26205.54
2620651,26206.51
2620749,26207.49
2620851,26208.51
2620957,26209.57
2621062,26210.62
2621166,26211.66
2621275,26212.75
2621385,26213.85
2621491,26214.91
2621599,26215.99
2621705,26217.05
2621810,26218.1
2621914,26219.14
2622013,26220.13
2622113,26221.13
2622216,26222.16
2622318,26223.18
2622422,26224.22
2622528,26225.28
2622636,26226.36
2622743,26227.43
2622853,26228.53
2622963,26229.63
2623069,26230.69
2623175,26231.75
2623279,26232.79
2623383,26233.83
2623487,26234.87
2623588,26235.88
2623687,26236.87
2623788,26237.88
2623889,26238.89
2623989,26239.89
2624089,26240.89
2624191,26241.91
2624292,26242.92
2624392,26243.92
2624493,26244.93
2624596,26245.96
2624697,26246.97
2624797,26247.97
2624900,26249.0
2625003,26250.03
2625104,26251.04
2625204,26252.04
2625306,26253.06
2625409,26254.09
2625510,26255.1
2625612,26256.12
2625716,26257.16
2625821,26258.21
2625923,26259.23
2626026,26260.26
2626102,26261.02
2626207,26262.07
2626292,26262.92
2626406,26264.06
2626499,26264.99
2626590,26265.9
2626682,26266.82
2626776,26267.76
2626874,26268.74
2626973,26269.73
2627076,26270.76
2627183,26271.83
2627293,26272.93
2627402,26274.02
2627512,26275.12
2627623,26276.23
2627730,26277.3
2627836,26278.36
2627942,26279.42
2628046,26280.46
2628147,26281.47
2628246,26282.46
2628345,26283.45
2628443,26284.43
2628540,26285.4
2628636,26286.36
2628731,26287.31
2628829,26288.29
2628929,26289.29
2629027,26290.27
2629125,26291.25
2629226,26292.26
2629327,26293.27
2629427,26294.27
2629528,26295.28
2629631,26296.31
2629732,26297.32
2629835,26298.35
2629939,26299.39
2630042,26300.42
2630147,26301.47
2630253,26302.53
2630358,26303.58
2630462,26304.62
2630567,26305.67
2630673,26306.73
2630779,26307.79
2630883,26308.83
2630986,26309.86
2631090,26310.9
2631194,26311.94
2631298,26312.98
2631405,26314.05
2631513,26315.13
2631618,26316.18
2631722,26317.22
2631821,26318.21
2631921,26319.21
2632020,26320.2
2632117,26321.17
2632203,26322.03
2632290,26322.9
2632409,26324.09
2632506,26325.06
2632604,26326.04
2632704,26327.04
2632803,26328.03
2632905,26329.05
2633009,26330.09
2633116,26331.16
2633224,26332.24
2633331,26333.31
2633438,26334.38
2633544,26335.44
2633648,26336.48
2633749,26337.49
2633850,26338.5
2633949,26339.49
2634049,26340.49
2634147,26341.47
2634244,26342.44
2634341,26343.41
2634440,26344.4
2634537,26345.37
2634634,26346.34
2634733,26347.33
2634834,26348.34
2634934,26349.34
2635034,26350.34
2635138,26351.38
2635240,26352.4
2635341,26353.41
2635443,26354.43
2635547,26355.47
2635648,26356.48
2635751,26357.51
2635855,26358.55
2635956,26359.56
2636057,26360.57
2636144,26361.44
2636232,26362.32
2636353,26363.53
2636452,26364.52
2636551,26365.51
2636648,26366.48
2636747,26367.47
2636845,26368.45
2636942,26369.42
2637043,26370.43
2637147,26371.47
2637248,26372.48
2637352,26373.52
2637456,26374.56
2637559,26375.59
2637663,26376.63
2637767,26377.67
2637868,26378.68
2637969,26379.69
2638070,26380.7
2638170,26381.7
2638267,26382.67
2638364,26383.64
2638460,26384.6
2638556,26385.56
2638651,26386.51
2638745,26387.45
2638838,26388.38
2638931,26389.31
2639025,26390.25
2639121,26391.21
2639218,26392.18
2639315,26393.15
2639414,26394.14
2639516,26395.16
2639618,26396.18
2639720,26397.2
2639825,26398.25
2639929,26399.29
2640030,26400.3
2640131,26401.31
2640230,26402.3
2640325,26403.25
2640422,26404.22
2640517,26405.17
2640612,26406.12
2640711,26407.11
2640808,26408.08
2640907,26409.07
2641008,26410.08
2641110,26411.1
2641214,26412.14
2641320,26413.2
2641424,26414.24
2641532,26415.32
2641640,26416.4
2641747,26417.47
2641854,26418.54
2641960,26419.6
2642067,26420.67
2642173,26421.73
2642279,26422.79
2642384,26423.84
2642488,26424.88
2642589,26425.89
2642689,26426.89
2642790,26427.9
2642890,26428.9
2642989,26429.89
2643090,26430.9
2643192,26431.92
2643293,26432.93
2643394,26433.94
2643499,26434.99
2643599,26435.99
2643696,26436.96
2643795,26437.95
2643892,26438.92
2643989,26439.89
2644087,26440.87
2644186,26441.86
2644285,26442.85
2644384,26443.84
2644487,26444.87
2644590,26445.9
2644694,26446.94
2644799,26447.99
2644906,26449.06
2645010,26450.1
2645114,26451.14
2645218,26452.18
2645321,26453.21
2645423,26454.23
2645525,26455.25
2645627,26456.27
2645729,26457.29
2645831,26458.31
2645933,26459.33
2646033,26460.33
2646132,26461.32
2646232,26462.32
2646332,26463.32
2646432,26464.32
2646531,26465.31
2646634,26466.34
2646741,26467.41
2646847,26468.47
2646954,26469.54
2647061,26470.61
2647161,26471.61
2647263,26472.63
2647364,26473.64
2647462,26474.62
2647562,26475.62
2647663,26476.63
2647763,26477.63
2647866,26478.66
2647971,26479.71
2648076,26480.76
2648180,26481.8
2648288,26482.88
2648394,26483.94
2648499,26484.99
2648606,26486.06
2648712,26487.12
2648818,26488.18
2648923,26489.23
2649028,26490.28
2649132,26491.32
2649235,26492.35
2649337,26493.37
2649438,26494.38
2649539,26495.39
2649636,26496.36
2649732,26497.32
2649828,26498.28
2649925,26499.25
2650023,26500.23
2650121,26501.21
2650219,26502.19
2650321,26503.21
2650423,26504.23
2650525,26505.25
2650628,26506.28
2650729,26507.29
2650830,26508.3
2650933,26509.33
2651037,26510.37
2651140,26511.4
2651245,26512.45
2651351,26513.51
2651455,26514.55
2651560,26515.6
2651664,26516.64
2651767,26517.67
2651869,26518.69
2651967,26519.67
2652066,26520.66
2652163,26521.63
2652260,26522.6
2652355,26523.55
2652451,26524.51
2652548,26525.48
2652645,26526.45
2652742,26527.42
2652840,26528.4
2652937,26529.37
2653034,26530.34
2653132,26531.32
2653230,26532.3
2653327,26533.27
2653424,26534.24
2653520,26535.2
2653616,26536.16
2653713,26537.13
2653811,26538.11
2653909,26539.09
2654007,26540.07
2654106,26541.06
2654204,26542.04
2654304,26543.04
2654401,26544.01
2654499,26544.99
2654596,26545.96
2654695,26546.95
2654792,26547.92
2654888,26548.88
2654987,26549.87
2655086,26550.86
2655183,26551.83
2655282,26552.82
2655381,26553.81
2655476,26554.76
2655572,26555.72
2655670,26556.7
2655767,26557.67
2655867,26558.67
2655965,26559.65
2656065,26560.65
2656165,26561.65
2656265,26562.65
2656367,26563.67
2656468,26564.68
2656568,26565.68
2656668,26566.68
2656768,26567.68
2656866,26568.66
2656963,26569.63
2657059,26570.59
2657156,26571.56
2657253,26572.53
2657350,26573.5
2657447,26574.47
2657543,26575.43
2657638,26576.38
2657732,26577.32
2657824,26578.24
2657916,26579.16
2658010,26580.1
2658107,26581.07
2658204,26582.04
2658307,26583.07
2658412,26584.12
2658517,26585.17
2658620,26586.2
2658727,26587.27
2658834,26588.34
2658940,26589.4
2659047,26590.47
2659151,26591.51
2659250,26592.5
2659348,26593.48
2659443,26594.43
2659539,26595.39
2659634,26596.34
2659728,26597.28
2659824,26598.24
2659919,26599.19
2660015,26600.15
2660111,26601.11
2660209,26602.09
2660305,26603.05
2660404,26604.04
2660503,26605.03
2660602,26606.02
2660703,26607.03
2660805,26608.05
2660908,26609.08
2661010,26610.1
2661111,26611.11
2661212,26612.12
2661312,26613.12
2661411,26614.11
2661509,26615.09
2661608,26616.08
2661706,26617.06
2661804,26618.04
2661902,26619.02
2662001,26620.01
2662098,26620.98
2662196,26621.96
2662296,26622.96
2662398,26623.98
2662502,26625.02
2662605,26626.05
2662709,26627.09
2662816,26628.16
2662923,26629.23
2663028,26630.28
2663136,26631.36
2663244,26632.44
2663349,26633.49
2663453,26634.53
2663557,26635.57
2663655,26636.55
2663756,26637.56
2663854,26638.54
2663953,26639.53
2664055,26640.55
2664154,26641.54
2664255,26642.55
2664356,26643.56
2664455,26644.55
2664555,26645.55
2664655,26646.55
2664754,26647.54
2664853,26648.53
2664951,26649.51
2665048,26650.48
2665145,26651.45
2665240,26652.4
2665336,26653.36
2665432,26654.32
2665528,26655.28
2665625,26656.25
2665721,26657.21
2665818,26658.18
2665915,26659.15
2666012,26660.12
2666110,26661.1
2666208,26662.08
2666306,26663.06
2666403,26664.03
2666498,26664.98
2666595,26665.95
2666691,26666.91
2666788,26667.88
2666883,26668.83
2666980,26669.8
2667078,26670.78
2667176,26671.76
2667274,26672.74
2667376,26673.76
2667479,26674.79
2667581,26675.81
2667683,26676.83
2667785,26677.85
2667883,26678.83
2667982,26679.82
2668079,26680.79
2668176,26681.76
2668276,26682.76
2668375,26683.75
2668475,26684.75
2668577,26685.77
2668677,26686.77
2668779,26687.79
2668883,26688.83
2668988,26689.88
2669092,26690.92
2669196,26691.96
2669300,26693.0
2669405,26694.05
2669510,26695.1
2669612,26696.12
2669714,26697.14
2669817,26698.17
2669918,26699.18
2670020,26700.2
2670122,26701.22
2670224,26702.24
2670325,26703.25
2670427,26704.27
2670529,26705.29
2670629,26706.29
2670729,26707.29
2670833,26708.33
2670935,26709.35
2671037,26710.37
2671142,26711.42
2671246,26712.46
2671352,26713.52
2671461,26714.61
2671569,26715.69
2671676,26716.76
2671785,26717.85
2671892,26718.92
2671999,26719.99
2672105,26721.05
2672194,26721.94
2672301,26723.01
2672396,26723.96
2672508,26725.08
2672601,26726.01
2672696,26726.96
2672789,26727.89
2672883,26728.83
2672980,26729.8
2673076,26730.76
2673177,26731.77
2673279,26732.79
2673380,26733.8
2673481,26734.81
2673584,26735.84
2673686,26736.86
2673786,26737.86
2673885,26738.85
2673983,26739.83
2674079,26740.79
2674173,26741.73
2674266,26742.66
2674356,26743.56
2674445,26744.45
2674533,26745.33
2674620,26746.2
2674706,26747.06
2674794,26747.94
2674882,26748.82
2674971,26749.71
2675062,26750.62
2675155,26751.55
2675249,26752.49
2675345,26753.45
2675443,26754.43
2675542,26755.42
2675642,26756.42
2675742,26757.42
2675842,26758.42
2675940,26759.4
2676036,26760.36
2676133,26761.33
2676230,26762.3
2676324,26763.24
2676420,26764.2
2676516,26765.16
2676611,26766.11
2676708,26767.08
2676804,26768.04
2676901,26769.01
2676998,26769.98
2677096,26770.96
2677191,26771.91
2677285,26772.85
2677380,26773.8
2677474,26774.74
2677564,26775.64
2677653,26776.53
2677740,26777.4
2677825,26778.25
2677907,26779.07
2677989,26779.89
2678070,26780.7
2678149,26781.49
2678227,26782.27
2678303,26783.03
2678380,26783.8
2678456,26784.56
2678530,26785.3
2678605,26786.05
2678680,26786.8
2678756,26787.56
2678833,26788.33
2678911,26789.11
2678992,26789.92
2679076,26790.76
2679164,26791.64
2679254,26792.54
2679348,26793.48
2679445,26794.45
2679542,26795.42
2679643,26796.43
2679747,26797.47
2679854,26798.54
2679965,26799.65
2680072,26800.72
2680180,26801.8
2680287,26802.87
2680396,26803.96
2680503,26805.03
2680610,26806.1
2680717,26807.17
2680823,26808.23
2680926,26809.26
2681024,26810.24
2681125,26811.25
2681228,26812.28
2681331,26813.31
2681432,26814.32
2681538,26815.38
2681644,26816.44
2681749,26817.49
2681855,26818.55
2681959,26819.59
2682060,26820.6
2682163,26821.63
2682266,26822.66
2682369,26823.69
2682472,26824.72
2682576,26825.76
2682681,26826.81
2682786,26827.86
2682890,26828.9
2682994,26829.94
2683099,26830.99
2683201,26832.01
2683303,26833.03
2683408,26834.08
2683514,26835.14
2683619,26836.19
2683726,26837.26
2683827,26838.27
2683926,26839.26
2684024,26840.24
2684120,26841.2
2684216,26842.16
2684315,26843.15
2684416,26844.16
2684521,26845.21
2684625,26846.25
2684733,26847.33
2684842,26848.42
2684948,26849.48
2685055,26850.55
2685162,26851.62
2685269,26852.69
2685374,26853.74
2685480,26854.8
2685584,26855.84
2685689,26856.89
2685794,26857.94
2685898,26858.98
2686003,26860.03
2686107,26861.07
2686211,26862.11
2686313,26863.13
2686416,26864.16
2686520,26865.2
2686622,26866.22
2686724,26867.24
2686827,26868.27
2686929,26869.29
2687032,26870.32
2687134,26871.34
2687232,26872.32
2687332,26873.32
2687434,26874.34
2687535,26875.35
2687638,26876.38
2687741,26877.41
2687843,26878.43
2687947,26879.47
2688052,26880.52
2688156,26881.56
2688260,26882.6
2688367,26883.67
2688474,26884.74
2688580,26885.8
2688687,26886.87
2688793,26887.93
2688897,26888.97
2689000,26890.0
2689104,26891.04
2689207,26892.07
2689310,26893.1
2689413,26894.13
2689517,26895.17
2689619,26896.19
2689722,26897.22
2689823,26898.23
2689924,26899.24
2690027,26900.27
2690130,26901.3
2690231,26902.31
2690331,26903.31
2690431,26904.31
2690532,26905.32
2690630,26906.3
2690725,26907.25
2690821,26908.21
2690915,26909.15
2691011,26910.11
2691109,26911.09
2691206,26912.06
2691307,26913.07
2691410,26914.1
2691515,26915.15
2691619,26916.19
2691726,26917.26
2691834,26918.34
2691942,26919.42
2692053,26920.53
2692163,26921.63
2692272,26922.72
2692380,26923.8
2692486,26924.86
2692591,26925.91
2692695,26926.95
2692798,26927.98
2692903,26929.03
2693006,26930.06
2693108,26931.08
2693211,26932.11
2693313,26933.13
2693414,26934.14
2693516,26935.16
2693620,26936.2
2693725,26937.25
2693829,26938.29
2693933,26939.33
2694039,26940.39
2694147,26941.47
2694254,26942.54
2694355,26943.55
2694456,26944.56
2694554,26945.54
2694652,26946.52
2694751,26947.51
2694848,26948.48
2694947,26949.47
2695046,26950.46
2695144,26951.44
2695243,26952.43
2695343,26953.43
2695441,26954.41
2695541,26955.41
2695641,26956.41
2695741,26957.41
2695840,26958.4
2695939,26959.39
2696038,26960.38
2696138,26961.38
2696237,26962.37
2696338,26963.38
2696439,26964.39
2696540,26965.4
2696642,26966.42
2696744,26967.44
2696847,26968.47
2696951,26969.51
2697053,26970.53
2697153,26971.53
2697253,26972.53
2697353,26973.53
2697454,26974.54
2697554,26975.54
2697657,26976.57
2697762,26977.62
2697865,26978.65
2697967,26979.67
2698071,26980.71
2698176,26981.76
2698278,26982.78
2698382,26983.82
2698483,26984.83
2698579,26985.79
2698676,26986.76
2698773,26987.73
2698869,26988.69
2698969,26989.69
2699068,26990.68
2699167,26991.67
2699268,26992.68
2699369,26993.69
2699470,26994.7
2699573,26995.73
2699677,26996.77
2699779,26997.79
2699883,26998.83
2699986,26999.86
2700090,27000.9
2700190,27001.9
2700290,27002.9
2700389,27003.89
2700489,27004.89
2700588,27005.88
2700686,27006.86
2700786,27007.86
2700886,27008.86
2700985,27009.85
2701084,27010.84
2701183,27011.83
2701283,27012.83
2701385,27013.85
2701487,27014.87
2701587,27015.87
2701688,27016.88
2701791,27017.91
2701892,27018.92
2701994,27019.94
2702096,27020.96
2702198,27021.98
2702296,27022.96
2702396,27023.96
2702492,27024.92
2702588,27025.88
2702684,27026.84
2702781,27027.81
2702876,27028.76
2702971,27029.71
2703065,27030.65
2703160,27031.6
2703256,27032.56
2703350,27033.5
2703445,27034.45
2703541,27035.41
2703636,27036.36
2703730,27037.3
2703825,27038.25
2703917,27039.17
2704008,27040.08
2704097,27040.97
2704185,27041.85
2704272,27042.72
2704358,27043.58
2704443,27044.43
2704527,27045.27
2704609,27046.09
2704688,27046.88
2704768,27047.68
2704848,27048.48
2704926,27049.26
2705003,27050.03
2705079,27050.79
2705156,27051.56
2705232,27052.32
2705308,27053.08
2705383,27053.83
2705459,27054.59
2705536,27055.36
2705615,27056.15
2705698,27056.98
2705787,27057.87
2705881,27058.81
2705983,27059.83
2706089,27060.89
2706199,27061.99
2706312,27063.12
2706427,27064.27
2706544,27065.44
2706660,27066.6
2706776,27067.76
2706893,27068.93
2707007,27070.07
2707119,27071.19
2707227,27072.27
2707333,27073.33
2707437,27074.37
2707545,27075.45
2707653,27076.53
2707761,27077.61
2707869,27078.69
2707978,27079.78
2708085,27080.85
2708192,27081.92
2708300,27083.0
2708409,27084.09
2708518,27085.18
2708626,27086.26
2708735,27087.35
2708840,27088.4
2708946,27089.46
2709051,27090.51
2709155,27091.55
2709258,27092.58
2709360,27093.6
2709463,27094.63
2709565,27095.65
2709665,27096.65
2709767,27097.67
2709870,27098.7
2709971,27099.71
2710072,27100.72
2710174,27101.74
2710278,27102.78
2710379,27103.79
2710480,27104.8
2710581,27105.81
2710680,27106.8
2710779,27107.79
2710880,27108.8
2710982,27109.82
2711087,27110.87
2711190,27111.9
2711295,27112.95
2711403,27114.03
2711510,27115.1
2711617,27116.17
2711723,27117.23
2711826,27118.26
2711929,27119.29
2712031,27120.31
2712132,27121.32
2712235,27122.35
2712338,27123.38
2712441,27124.41
2712546,27125.46
2712650,27126.5
2712755,27127.55
2712859,27128.59
2712961,27129.61
2713062,27130.62
2713165,27131.65
2713270,27132.7
2713373,27133.73
2713477,27134.77
2713584,27135.84
2713691,27136.91
2713792,27137.92
2713894,27138.94
2713993,27139.93
2714093,27140.93
2714193,27141.93
2714291,27142.91
2714391,27143.91
2714490,27144.9
2714590,27145.9
2714692,27146.92
2714794,27147.94
2714895,27148.95
2714997,27149.97
2715100,27151.0
2715200,27152.0
2715301,27153.01
2715402,27154.02
2715501,27155.01
2715602,27156.02
2715702,27157.02
2715802,27158.02
2715903,27159.03
2716004,27160.04
2716104,27161.04
2716204,27162.04
2716305,27163.05
2716405,27164.05
2716507,27165.07
2716608,27166.08
2716707,27167.07
2716806,27168.06
2716910,27169.1
2717014,27170.14
2717116,27171.16
2717219,27172.19
2717326,27173.26
2717434,27174.34
2717542,27175.42
2717650,27176.5
2717759,27177.59
2717867,27178.67
2717967,27179.67
2718067,27180.67
2718163,27181.63
2718260,27182.6
2718357,27183.57
2718453,27184.53
2718550,27185.5
2718648,27186.48
2718745,27187.45
2718844,27188.44
2718943,27189.43
2719041,27190.41
2719140,27191.4
2719239,27192.39
2719336,27193.36
2719435,27194.35
2719533,27195.33
2719631,27196.31
2719729,27197.29
2719828,27198.28
2719925,27199.25
2720022,27200.22
2720117,27201.17
2720213,27202.13
2720309,27203.09
2720406,27204.06
2720504,27205.04
2720603,27206.03
2720704,27207.04
2720804,27208.04
2720905,27209.05
2721007,27210.07
2721110,27211.1
2721213,27212.13
2721313,27213.13
2721416,27214.16
2721517,27215.17
2721618,27216.18
2721720,27217.2
2721827,27218.27
2721933,27219.33
2722040,27220.4
2722149,27221.49
2722254,27222.54
2722359,27223.59
2722464,27224.64
2722566,27225.66
2722670,27226.7
2722770,27227.7
2722870,27228.7
2722970,27229.7
2723070,27230.7
2723168,27231.68
2723268,27232.68
2723366,27233.66
2723464,27234.64
2723561,27235.61
2723660,27236.6
2723759,27237.59
2723856,27238.56
2723954,27239.54
2724052,27240.52
2724149,27241.49
2724246,27242.46
2724344,27243.44
2724442,27244.42
2724538,27245.38
2724635,27246.35
2724731,27247.31
2724830,27248.3
2724930,27249.3
2725031,27250.31
2725133,27251.33
2725234,27252.34
2725338,27253.38
2725442,27254.42
2725543,27255.43
2725646,27256.46
2725749,27257.49
2725851,27258.51
2725951,27259.51
2726053,27260.53
2726155,27261.55
2726258,27262.58
2726358,27263.58
2726459,27264.59
2726559,27265.59
2726659,27266.59
2726758,27267.58
2726858,27268.58
2726957,27269.57
2727057,27270.57
2727158,27271.58
2727258,27272.58
2727356,27273.56
2727452,27274.52
2727549,27275.49
2727648,27276.48
2727747,27277.47
2727848,27278.48
2727949,27279.49
2728051,27280.51
2728153,27281.53
2728254,27282.54
2728358,27283.58
2728462,27284.62
2728566,27285.66
2728670,27286.7
2728772,27287.72
2728872,27288.72
2728973,27289.73
2729075,27290.75
2729177,27291.77
2729280,27292.8
2729385,27293.85
2729490,27294.9
2729593,27295.93
2729697,27296.97
2729801,27298.01
2729903,27299.03
2730003,27300.03
2730102,27301.02
2730202,27302.02
2730300,27303.0
2730400,27304.0
2730499,27304.99
2730599,27305.99
2730699,27306.99
2730798,27307.98
2730894,27308.94
2730990,27309.9
2731086,27310.86
2731184,27311.84
2731281,27312.81
2731380,27313.8
2731479,27314.79
2731577,27315.77
2731676,27316.76
2731775,27317.75
2731869,27318.69
2731964,27319.64
2732059,27320.59
2732155,27321.55
2732256,27322.56
2732357,27323.57
2732457,27324.57
2732559,27325.59
2732660,27326.6
2732763,27327.63
2732866,27328.66
2732967,27329.67
2733069,27330.69
2733170,27331.7
2733271,27332.71
2733369,27333.69
2733468,27334.68
2733566,27335.66
2733665,27336.65
2733765,27337.65
2733863,27338.63
2733962,27339.62
2734059,27340.59
2734155,27341.55
2734250,27342.5
2734345,27343.45
2734439,27344.39
2734532,27345.32
2734625,27346.25
2734721,27347.21
2734815,27348.15
2734909,27349.09
2735004,27350.04
2735097,27350.97
2735189,27351.89
2735284,27352.84
2735383,27353.83
2735484,27354.84
2735585,27355.85
2735689,27356.89
2735791,27357.91
2735895,27358.95
2736000,27360.0
2736105,27361.05
2736208,27362.08
2736308,27363.08
2736409,27364.09
2736509,27365.09
2736609,27366.09
2736709,27367.09
2736808,27368.08
2736909,27369.09
2737010,27370.1
2737112,27371.12
2737215,27372.15
2737317,27373.17
2737421,27374.21
2737524,27375.24
2737629,27376.29
2737732,27377.32
2737832,27378.32
2737932,27379.32
2738031,27380.31
2738131,27381.31
2738231,27382.31
2738336,27383.36
2738441,27384.41
2738545,27385.45
2738649,27386.49
2738747,27387.47
2738846,27388.46
2738945,27389.45
2739043,27390.43
2739145,27391.45
2739247,27392.47
2739351,27393.51
2739458,27394.58
2739563,27395.63
2739667,27396.67
2739771,27397.71
2739874,27398.74
2739976,27399.76
2740079,27400.79
2740180,27401.8
2740281,27402.81
2740381,27403.81
2740482,27404.82
2740583,27405.83
2740682,27406.82
2740781,27407.81
2740880,27408.8
2740977,27409.77
2741074,27410.74
2741171,27411.71
2741268,27412.68
2741362,27413.62
2741458,27414.58
2741556,27415.56
2741654,27416.54
2741753,27417.53
2741855,27418.55
2741960,27419.6
2742069,27420.69
2742176,27421.76
2742283,27422.83
2742384,27423.84
2742483,27424.83
2742584,27425.84
2742683,27426.83
2742784,27427.84
2742886,27428.86
2742987,27429.87
2743089,27430.89
2743187,27431.87
2743285,27432.85
2743381,27433.81
2743475,27434.75
2743569,27435.69
2743665,27436.65
2743762,27437.62
2743861,27438.61
2743959,27439.59
2744059,27440.59
2744160,27441.6
2744260,27442.6
2744361,27443.61
2744461,27444.61
2744561,27445.61
2744661,27446.61
2744760,27447.6
2744860,27448.6
2744961,27449.61
2745063,27450.63
2745163,27451.63
2745265,27452.65
2745368,27453.68
2745473,27454.73
2745577,27455.77
2745681,27456.81
2745790,27457.9
2745901,27459.01
2746012,27460.12
2746123,27461.23
2746235,27462.35
2746342,27463.42
2746445,27464.45
2746550,27465.5
2746652,27466.52
2746754,27467.54
2746858,27468.58
2746959,27469.59
2747061,27470.61
2747162,27471.62
2747264,27472.64
2747365,27473.65
2747465,27474.65
2747565,27475.65
2747666,27476.66
2747766,27477.66
2747866,27478.66
2747968,27479.68
2748071,27480.71
2748174,27481.74
2748277,27482.77
2748380,27483.8
2748483,27484.83
2748585,27485.85
2748687,27486.87
2748788,27487.88
2748888,27488.88
2748986,27489.86
2749085,27490.85
2749184,27491.84
2749284,27492.84
2749383,27493.83
2749481,27494.81
2749581,27495.81
2749682,27496.82
2749779,27497.79
2749877,27498.77
2749979,27499.79
2750081,27500.81
2750185,27501.85
2750287,27502.87
2750388,27503.88
2750490,27504.9
2750590,27505.9
2750693,27506.93
2750798,27507.98
2750901,27509.01
2751007,27510.07
2751115,27511.15
2751221,27512.21
2751329,27513.29
2751437,27514.37
2751543,27515.43
2751650,27516.5
2751757,27517.57
2751863,27518.63
2751967,27519.67
2752069,27520.69
2752173,27521.73
2752277,27522.77
2752379,27523.79
2752480,27524.8
2752584,27525.84
2752689,27526.89
2752794,27527.94
2752897,27528.97
2753000,27530.0
2753098,27530.98
2753195,27531.95
2753291,27532.91
2753387,27533.87
2753487,27534.87
2753587,27535.87
2753688,27536.88
2753788,27537.88
2753890,27538.9
2753995,27539.95
2754098,27540.98
2754201,27542.01
2754304,27543.04
2754405,27544.05
2754505,27545.05
2754605,27546.05
2754705,27547.05
2754805,27548.05
2754904,27549.04
2755004,27550.04
2755103,27551.03
2755203,27552.03
2755303,27553.03
2755402,27554.02
2755500,27555.0
2755597,27555.97
2755696,27556.96
2755795,27557.95
2755892,27558.92
2755989,27559.89
2756089,27560.89
2756189,27561.89
2756289,27562.89
2756392,27563.92
2756496,27564.96
2756598,27565.98
2756698,27566.98
2756803,27568.03
2756907,27569.07
2757012,27570.12
2757119,27571.19
2757224,27572.24
2757332,27573.32
2757440,27574.4
2757546,27575.46
2757652,27576.52
2757756,27577.56
2757862,27578.62
2757967,27579.67
2758071,27580.71
2758174,27581.74
2758278,27582.78
2758384,27583.84
2758490,27584.9
2758596,27585.96
2758698,27586.98
2758801,27588.01
2758902,27589.02
2759003,27590.03
2759102,27591.02
2759197,27591.97
2759291,27592.91
2759384,27593.84
2759480,27594.8
2759577,27595.77
2759674,27596.74
2759772,27597.72
2759869,27598.69
2759964,27599.64
2760061,27600.61
2760159,27601.59
2760258,27602.58
2760361,27603.61
2760464,27604.64
2760570,27605.7
2760677,27606.77
2760782,27607.82
2760886,27608.86
2760990,27609.9
2761092,27610.92
2761194,27611.94
2761294,27612.94
2761395,27613.95
2761494,27614.94
2761591,27615.91
2761689,27616.89
2761787,27617.87
2761886,27618.86
2761985,27619.85
2762081,27620.81
2762179,27621.79
2762275,27622.75
2762370,27623.7
2762465,27624.65
2762560,27625.6
2762656,27626.56
2762753,27627.53
2762852,27628.52
2762950,27629.5
2763049,27630.49
2763148,27631.48
2763244,27632.44
2763340,27633.4
2763435,27634.35
2763528,27635.28
2763624,27636.24
2763724,27637.24
2763822,27638.22
2763923,27639.23
2764026,27640.26
2764128,27641.28
2764232,27642.32
2764336,27643.36
2764438,27644.38
2764542,27645.42
2764646,27646.46
2764751,27647.51
2764854,27648.54
2764958,27649.58
2765062,27650.62
2765167,27651.67
2765271,27652.71
2765376,27653.76
2765482,27654.82
2765590,27655.9
2765696,27656.96
2765800,27658.0
2765904,27659.04
2766008,27660.08
2766109,27661.09
2766210,27662.1
2766313,27663.13
2766418,27664.18
2766521,27665.21
2766620,27666.2
2766721,27667.21
2766820,27668.2
2766919,27669.19
2767024,27670.24
2767127,27671.27
2767231,27672.31
2767337,27673.37
2767441,27674.41
2767547,27675.47
2767654,27676.54
2767760,27677.6
2767866,27678.66
2767975,27679.75
2768084,27680.84
2768191,27681.91
2768298,27682.98
2768405,27684.05
2768510,27685.1
2768614,27686.14
2768717,27687.17
2768820,27688.2
2768922,27689.22
2769022,27690.22
2769122,27691.22
2769224,27692.24
2769325,27693.25
2769426,27694.26
2769525,27695.25
2769626,27696.26
2769728,27697.28
2769829,27698.29
2769928,27699.28
2770029,27700.29
2770125,27701.25
2770222,27702.22
2770322,27703.22
2770421,27704.21
2770524,27705.24
2770628,27706.28
2770731,27707.31
2770835,27708.35
2770936,27709.36
2771038,27710.38
2771139,27711.39
2771239,27712.39
2771340,27713.4
2771441,27714.41
2771542,27715.42
2771643,27716.43
2771746,27717.46
2771848,27718.48
2771950,27719.5
2772050,27720.5
2772152,27721.52
2772253,27722.53
2772353,27723.53
2772455,27724.55
2772555,27725.55
2772656,27726.56
2772757,27727.57
2772858,27728.58
2772959,27729.59
2773057,27730.57
2773155,27731.55
2773253,27732.53
2773354,27733.54
2773453,27734.53
2773551,27735.51
2773650,27736.5
2773750,27737.5
2773850,27738.5
2773951,27739.51
2774056,27740.56
2774160,27741.6
2774265,27742.65
2774372,27743.72
2774480,27744.8
2774585,27745.85
2774692,27746.92
2774798,27747.98
2774904,27749.04
2775008,27750.08
2775111,27751.11
2775213,27752.13
2775314,27753.14
2775414,27754.14
2775514,27755.14
2775612,27756.12
2775711,27757.11
2775811,27758.11
2775911,27759.11
2776010,27760.1
2776109,27761.09
2776208,27762.08
2776307,27763.07
2776406,27764.06
2776509,27765.09
2776614,27766.14
2776717,27767.17
2776820,27768.2
2776925,27769.25
2777025,27770.25
2777122,27771.22
2777222,27772.22
2777321,27773.21
2777421,27774.21
2777524,27775.24
2777627,27776.27
2777731,27777.31
2777839,27778.39
2777945,27779.45
2778051,27780.51
2778158,27781.58
2778265,27782.65
2778369,27783.69
2778472,27784.72
2778574,27785.74
2778675,27786.75
2778776,27787.76
2778874,27788.74
2778970,27789.7
2779066,27790.66
2779161,27791.61
2779257,27792.57
2779352,27793.52
2779447,27794.47
2779542,27795.42
2779637,27796.37
2779732,27797.32
2779829,27798.29
2779927,27799.27
2780024,27800.24
2780125,27801.25
2780229,27802.29
2780332,27803.32
2780434,27804.34
2780537,27805.37
2780639,27806.39
2780736,27807.36
2780833,27808.33
2780928,27809.28
2781025,27810.25
2781124,27811.24
2781222,27812.22
2781322,27813.22
2781423,27814.23
2781523,27815.23
2781625,27816.25
2781727,27817.27
2781829,27818.29
2781931,27819.31
2782031,27820.31
2782130,27821.3
2782231,27822.31
2782331,27823.31
2782429,27824.29
2782528,27825.28
2782628,27826.28
2782728,27827.28
2782828,27828.28
2782928,27829.28
2783028,27830.28
2783127,27831.27
2783227,27832.27
2783328,27833.28
2783427,27834.27
2783527,27835.27
2783627,27836.27
2783726,27837.26
2783824,27838.24
2783923,27839.23
2784021,27840.21
2784119,27841.19
2784215,27842.15
2784308,27843.08
2784401,27844.01
2784496,27844.96
2784592,27845.92
2784693,27846.93
2784793,27847.93
2784896,27848.96
2785001,27850.01
2785106,27851.06
2785212,27852.12
2785320,27853.2
2785429,27854.29
2785535,27855.35
2785642,27856.42
2785749,27857.49
2785854,27858.54
2785958,27859.58
2786061,27860.61
2786163,27861.63
2786265,27862.65
2786367,27863.67
2786468,27864.68
2786568,27865.68
2786668,27866.68
2786766,27867.66
2786864,27868.64
2786963,27869.63
2787061,27870.61
2787159,27871.59
2787257,27872.57
2787357,27873.57
2787461,27874.61
2787563,27875.63
2787665,27876.65
2787766,27877.66
2787863,27878.63
2787959,27879.59
2788051,27880.51
2788143,27881.43
2788236,27882.36
2788330,27883.3
2788424,27884.24
2788520,27885.2
2788618,27886.18
2788715,27887.15
2788813,27888.13
2788914,27889.14
2789016,27890.16
2789117,27891.17
2789220,27892.2
2789323,27893.23
2789427,27894.27
2789529,27895.29
2789632,27896.32
2789734,27897.34
2789835,27898.35
2789935,27899.35
2790035,27900.35
2790135,27901.35
2790235,27902.35
2790335,27903.35
2790433,27904.33
2790532,27905.32
2790632,27906.32
2790733,27907.33
2790833,27908.33
2790935,27909.35
2791038,27910.38
2791139,27911.39
2791240,27912.4
2791342,27913.42
2791445,27914.45
2791549,27915.49
2791653,27916.53
2791757,27917.57
2791855,27918.55
2791954,27919.54
2792050,27920.5
2792148,27921.48
2792247,27922.47
2792343,27923.43
2792442,27924.42
2792542,27925.42
2792640,27926.4
2792741,27927.41
2792843,27928.43
2792943,27929.43
2793044,27930.44
2793145,27931.45
2793247,27932.47
2793347,27933.47
2793447,27934.47
2793548,27935.48
2793648,27936.48
2793749,27937.49
2793851,27938.51
2793951,27939.51
2794051,27940.51
2794151,27941.51
2794252,27942.52
2794352,27943.52
2794452,27944.52
2794552,27945.52
2794653,27946.53
2794753,27947.53
2794853,27948.53
2794954,27949.54
2795057,27950.57
2795161,27951.61
2795265,27952.65
2795368,27953.68
2795471,27954.71
2795573,27955.73
2795670,27956.7
2795768,27957.68
2795866,27958.66
2795963,27959.63
2796064,27960.64
2796163,27961.63
2796264,27962.64
2796366,27963.66
2796468,27964.68
2796571,27965.71
2796674,27966.74
2796775,27967.75
2796876,27968.76
2796977,27969.77
2797077,27970.77
2797177,27971.77
2797274,27972.74
2797372,27973.72
2797470,27974.7
2797569,27975.69
2797668,27976.68
2797769,27977.69
2797870,27978.7
2797971,27979.71
2798070,27980.7
2798168,27981.68
2798268,27982.68
2798367,27983.67
2798465,27984.65
2798561,27985.61
2798657,27986.57
2798753,27987.53
2798847,27988.47
2798942,27989.42
2799040,27990.4
2799137,27991.37
2799237,27992.37
2799340,27993.4
2799442,27994.42
2799544,27995.44
2799647,27996.47
2799748,27997.48
2799850,27998.5
2799949,27999.49
2800049,28000.49
2800148,28001.48
2800245,28002.45
2800343,28003.43
2800441,28004.41
2800539,28005.39
2800636,28006.36
2800735,28007.35
2800835,28008.35
2800936,28009.36
2801036,28010.36
2801134,28011.34
2801233,28012.33
2801333,28013.33
2801435,28014.35
2801535,28015.35
2801634,28016.34
2801734,28017.34
2801833,28018.33
2801933,28019.33
2802032,28020.32
2802132,28021.32
2802233,28022.33
2802335,28023.35
2802433,28024.33
2802529,28025.29
2802625,28026.25
2802721,28027.21
2802818,28028.18
2802917,28029.17
2803016,28030.16
2803115,28031.15
2803216,28032.16
2803316,28033.16
2803417,28034.17
2803519,28035.19
2803620,28036.2
2803722,28037.22
2803824,28038.24
2803926,28039.26
2804028,28040.28
2804129,28041.29
2804228,28042.28
2804326,28043.26
2804422,28044.22
2804519,28045.19
2804615,28046.15
2804712,28047.12
2804807,28048.07
2804903,28049.03
2805000,28050.0
2805096,28050.96
2805191,28051.91
2805288,28052.88
2805387,28053.87
2805484,28054.84
2805582,28055.82
2805683,28056.83
2805783,28057.83
2805883,28058.83
2805981,28059.81
2806079,28060.79
2806172,28061.72
2806267,28062.67
2806361,28063.61
2806456,28064.56
2806554,28065.54
2806653,28066.53
2806752,28067.52
2806855,28068.55
2806960,28069.6
2807064,28070.64
2807170,28071.7
2807277,28072.77
2807381,28073.81
2807486,28074.86
2807591,28075.91
2807696,28076.96
2807799,28077.99
2807900,28079.0
2808000,28080.0
2808099,28080.99
2808198,28081.98
2808295,28082.95
2808392,28083.92
2808489,28084.89
2808586,28085.86
2808681,28086.81
2808776,28087.76
2808873,28088.73
2808972,28089.72
2809073,28090.73
2809178,28091.78
2809284,28092.84
2809385,28093.85
2809486,28094.86
2809582,28095.82
2809675,28096.75
2809769,28097.69
2809866,28098.66
2809961,28099.61
2810056,28100.56
2810154,28101.54
2810251,28102.51
2810348,28103.48
2810446,28104.46
2810546,28105.46
2810644,28106.44
2810743,28107.43
2810843,28108.43
2810943,28109.43
2811044,28110.44
2811143,28111.43
2811244,28112.44
2811346,28113.46
2811449,28114.49
2811552,28115.52
2811656,28116.56
2811759,28117.59
2811861,28118.61
2811962,28119.62
2812062,28120.62
2812161,28121.61
2812257,28122.57
2812353,28123.53
2812450,28124.5
2812547,28125.47
2812643,28126.43
2812741,28127.41
2812839,28128.39
2812939,28129.39
2813039,28130.39
2813141,28131.41
2813243,28132.43
2813344,28133.44
2813443,28134.43
2813539,28135.39
2813633,28136.33
2813727,28137.27
2813820,28138.2
2813915,28139.15
2814012,28140.12
2814109,28141.09
2814209,28142.09
2814312,28143.12
2814416,28144.16
2814519,28145.19
2814624,28146.24
2814730,28147.3
2814835,28148.35
2814941,28149.41
2815046,28150.46
2815150,28151.5
2815253,28152.53
2815356,28153.56
2815459,28154.59
2815560,28155.6
2815660,28156.6
2815758,28157.58
2815855,28158.55
2815950,28159.5
2816044,28160.44
2816135,28161.35
2816228,28162.28
2816320,28163.2
2816412,28164.12
2816505,28165.05
2816599,28165.99
2816694,28166.94
2816791,28167.91
2816889,28168.89
2816989,28169.89
2817093,28170.93
2817198,28171.98
2817300,28173.0
2817402,28174.02
2817506,28175.06
2817610,28176.1
2817712,28177.12
2817815,28178.15
2817919,28179.19
2818021,28180.21
2818123,28181.23
2818227,28182.27
2818329,28183.29
2818431,28184.31
2818530,28185.3
2818626,28186.26
2818722,28187.22
2818817,28188.17
2818911,28189.11
2819005,28190.05
2819101,28191.01
2819199,28191.99
2819299,28192.99
2819400,28194.0
2819502,28195.02
2819604,28196.04
2819706,28197.06
2819808,28198.08
2819909,28199.09
2820008,28200.08
2820107,28201.07
2820205,28202.05
2820303,28203.03
2820399,28203.99
2820493,28204.93
2820589,28205.89
2820683,28206.83
2820777,28207.77
2820870,28208.7
2820965,28209.65
2821060,28210.6
2821155,28211.55
2821249,28212.49
2821346,28213.46
2821442,28214.42
2821537,28215.37
2821637,28216.37
2821736,28217.36
2821833,28218.33
2821932,28219.32
2822031,28220.31
2822130,28221.3
2822228,28222.28
2822325,28223.25
2822420,28224.2
2822516,28225.16
2822613,28226.13
2822711,28227.11
2822808,28228.08
2822907,28229.07
2823007,28230.07
2823107,28231.07
2823209,28232.09
2823310,28233.1
2823411,28234.11
2823513,28235.13
2823613,28236.13
2823712,28237.12
2823811,28238.11
2823911,28239.11
2824009,28240.09
2824106,28241.06
2824206,28242.06
2824309,28243.09
2824414,28244.14
2824519,28245.19
2824624,28246.24
2824725,28247.25
2824824,28248.24
2824918,28249.18
2825013,28250.13
2825110,28251.1
2825205,28252.05
2825301,28253.01
2825398,28253.98
2825497,28254.97
2825597,28255.97
2825697,28256.97
2825799,28257.99
2825901,28259.01
2826003,28260.03
2826103,28261.03
2826204,28262.04
2826305,28263.05
2826406,28264.06
2826508,28265.08
2826608,28266.08
2826707,28267.07
2826804,28268.04
2826901,28269.01
2826998,28269.98
2827094,28270.94
2827188,28271.88
2827282,28272.82
2827378,28273.78
2827476,28274.76
2827573,28275.73
2827675,28276.75
2827778,28277.78
2827880,28278.8
2827981,28279.81
2828083,28280.83
2828179,28281.79
2828277,28282.77
2828374,28283.74
2828472,28284.72
2828569,28285.69
2828669,28286.69
2828767,28287.67
2828865,28288.65
2828965,28289.65
2829064,28290.64
2829162,28291.62
2829261,28292.61
2829362,28293.62
2829463,28294.63
2829563,28295.63
2829666,28296.66
2829769,28297.69
2829872,28298.72
2829974,28299.74
2830075,28300.75
2830174,28301.74
2830274,28302.74
2830373,28303.73
2830473,28304.73
2830572,28305.72
2830671,28306.71
2830770,28307.7
2830866,28308.66
2830963,28309.63
2831062,28310.62
2831161,28311.61
2831258,28312.58
2831355,28313.55
2831452,28314.52
2831548,28315.48
2831641,28316.41
2831735,28317.35
2831830,28318.3
2831928,28319.28
2832023,28320.23
2832117,28321.17
2832209,28322.09
2832302,28323.02
2832392,28323.92
2832484,28324.84
2832576,28325.76
2832667,28326.67
2832758,28327.58
2832852,28328.52
2832946,28329.46
2833039,28330.39
2833135,28331.35
2833232,28332.32
2833330,28333.3
2833428,28334.28
2833528,28335.28
2833628,28336.28
2833728,28337.28
2833828,28338.28
2833927,28339.27
2834027,28340.27
2834126,28341.26
2834225,28342.25
2834325,28343.25
2834422,28344.22
2834521,28345.21
2834622,28346.22
2834724,28347.24
2834825,28348.25
2834926,28349.26
2835030,28350.3
2835134,28351.34
2835236,28352.36
2835340,28353.4
2835445,28354.45
2835544,28355.44
2835643,28356.43
2835743,28357.43
2835841,28358.41
2835942,28359.42
2836043,28360.43
2836143,28361.43
2836244,28362.44
2836344,28363.44
2836444,28364.44
2836544,28365.44
2836643,28366.43
2836742,28367.42
2836841,28368.41
2836942,28369.42
2837042,28370.42
2837141,28371.41
2837241,28372.41
2837341,28373.41
2837441,28374.41
2837541,28375.41
2837642,28376.42
2837743,28377.43
2837844,28378.44
2837945,28379.45
2838046,28380.46
2838146,28381.46
2838245,28382.45
2838345,28383.45
2838446,28384.46
2838546,28385.46
2838644,28386.44
2838742,28387.42
2838842,28388.42
2838944,28389.44
2839048,28390.48
2839146,28391.46
2839245,28392.45
2839343,28393.43
2839439,28394.39
2839538,28395.38
2839642,28396.42
2839743,28397.43
2839844,28398.44
2839947,28399.47
2840047,28400.47
2840148,28401.48
2840248,28402.48
2840348,28403.48
2840447,28404.47
2840545,28405.45
2840643,28406.43
2840741,28407.41
2840838,28408.38
2840936,28409.36
2841031,28410.31
2841128,28411.28
2841224,28412.24
2841320,28413.2
2841415,28414.15
2841510,28415.1
2841606,28416.06
2841703,28417.03
2841802,28418.02
2841900,28419.0
2841997,28419.97
2842094,28420.94
2842188,28421.88
2842282,28422.82
2842379,28423.79
2842477,28424.77
2842575,28425.75
2842679,28426.79
2842781,28427.81
2842886,28428.86
2842993,28429.93
2843097,28430.97
2843203,28432.03
2843309,28433.09
2843413,28434.13
2843517,28435.17
2843620,28436.2
2843723,28437.23
2843824,28438.24
2843925,28439.25
2844024,28440.24
2844123,28441.23
2844222,28442.22
2844322,28443.22
2844421,28444.21
2844521,28445.21
2844621,28446.21
2844721,28447.21
2844820,28448.2
2844916,28449.16
2845012,28450.12
2845110,28451.1
2845208,28452.08
2845307,28453.07
2845405,28454.05
2845505,28455.05
2845604,28456.04
2845702,28457.02
2845801,28458.01
2845902,28459.02
2846002,28460.02
2846105,28461.05
2846209,28462.09
2846311,28463.11
2846415,28464.15
2846520,28465.2
2846622,28466.22
2846725,28467.25
2846829,28468.29
2846931,28469.31
2847034,28470.34
2847137,28471.37
2847238,28472.38
2847339,28473.39
2847441,28474.41
2847542,28475.42
2847643,28476.43
2847743,28477.43
2847843,28478.43
2847942,28479.42
2848040,28480.4
2848138,28481.38
2848235,28482.35
2848333,28483.33
2848431,28484.31
2848528,28485.28
2848624,28486.24
2848721,28487.21
2848821,28488.21
2848921,28489.21
2849021,28490.21
2849123,28491.23
2849225,28492.25
2849326,28493.26
2849427,28494.27
2849525,28495.25
2849625,28496.25
2849721,28497.21
2849819,28498.19
2849916,28499.16
2850013,28500.13
2850112,28501.12
2850211,28502.11
2850310,28503.1
2850411,28504.11
2850512,28505.12
2850613,28506.13
2850714,28507.14
2850816,28508.16
2850917,28509.17
2851018,28510.18
2851116,28511.16
2851214,28512.14
2851311,28513.11
2851408,28514.08
2851504,28515.04
2851599,28515.99
2851693,28516.93
2851787,28517.87
2851880,28518.8
2851973,28519.73
2852067,28520.67
2852162,28521.62
2852257,28522.57
2852353,28523.53
2852448,28524.48
2852545,28525.45
2852640,28526.4
2852735,28527.35
2852834,28528.34
2852934,28529.34
2853035,28530.35
2853139,28531.39
2853243,28532.43
2853332,28533.32
2853422,28534.22
2853535,28535.35
2853648,28536.48
2853748,28537.48
2853846,28538.46
2853945,28539.45
2854045,28540.45
2854146,28541.46
2854247,28542.47
2854351,28543.51
2854456,28544.56
2854562,28545.62
2854666,28546.66
2854768,28547.68
2854870,28548.7
2854971,28549.71
2855069,28550.69
2855165,28551.65
2855260,28552.6
2855355,28553.55
2855448,28554.48
2855539,28555.39
2855632,28556.32
2855723,28557.23
2855816,28558.16
2855914,28559.14
2856010,28560.1
2856109,28561.09
2856211,28562.11
2856314,28563.14
2856421,28564.21
2856529,28565.29
2856635,28566.35
2856742,28567.42
2856850,28568.5
2856959,28569.59
2857065,28570.65
2857169,28571.69
2857270,28572.7
2857371,28573.71
2857470,28574.7
2857569,28575.69
2857668,28576.68
2857768,28577.68
2857866,28578.66
2857964,28579.64
2858063,28580.63
2858164,28581.64
2858267,28582.67
2858368,28583.68
2858470,28584.7
2858570,28585.7
2858667,28586.67
2858764,28587.64
2858863,28588.63
2858962,28589.62
2859049,28590.49
2859136,28591.36
2859243,28592.43
2859350,28593.5
2859444,28594.44
2859536,28595.36
2859630,28596.3
2859724,28597.24
2859819,28598.19
2859917,28599.17
2860017,28600.17
2860119,28601.19
2860224,28602.24
2860331,28603.31
2860439,28604.39
2860545,28605.45
2860649,28606.49
2860752,28607.52
2860853,28608.53
2860952,28609.52
2861051,28610.51
2861148,28611.48
2861243,28612.43
2861339,28613.39
2861434,28614.34
2861528,28615.28
2861620,28616.2
2861713,28617.13
2861808,28618.08
2861904,28619.04
2861999,28619.99
2862095,28620.95
2862194,28621.94
2862295,28622.95
2862395,28623.95
2862496,28624.96
2862597,28625.97
2862695,28626.95
2862795,28627.95
2862895,28628.95
2862994,28629.94
2863096,28630.96
2863198,28631.98
2863296,28632.96
2863396,28633.96
2863493,28634.93
2863590,28635.9
2863688,28636.88
2863786,28637.86
2863885,28638.85
2863985,28639.85
2864087,28640.87
2864189,28641.89
2864291,28642.91
2864394,28643.94
2864497,28644.97
2864601,28646.01
2864703,28647.03
2864804,28648.04
2864905,28649.05
2865005,28650.05
2865106,28651.06
2865206,28652.06
2865305,28653.05
2865404,28654.04
2865502,28655.02
2865601,28656.01
2865701,28657.01
2865801,28658.01
2865904,28659.04
2866006,28660.06
2866110,28661.1
2866218,28662.18
2866325,28663.25
2866432,28664.32
2866541,28665.41
2866651,28666.51
2866758,28667.58
2866866,28668.66
2866972,28669.72
2867074,28670.74
2867174,28671.74
2867269,28672.69
2867364,28673.64
2867456,28674.56
2867550,28675.5
2867646,28676.46
2867740,28677.4
2867839,28678.39
2867938,28679.38
2868039,28680.39
2868141,28681.41
2868243,28682.43
2868344,28683.44
2868447,28684.47
2868550,28685.5
2868654,28686.54
2868756,28687.56
2868860,28688.6
2868964,28689.64
2869069,28690.69
2869173,28691.73
2869275,28692.75
2869377,28693.77
2869478,28694.78
2869578,28695.78
2869675,28696.75
2869772,28697.72
2869870,28698.7
2869969,28699.69
2870068,28700.68
2870166,28701.66
2870263,28702.63
2870361,28703.61
2870457,28704.57
2870555,28705.55
2870651,28706.51
2870747,28707.47
2870841,28708.41
2870936,28709.36
2871035,28710.35
2871132,28711.32
2871231,28712.31
2871331,28713.31
2871432,28714.32
2871535,28715.35
2871637,28716.37
2871742,28717.42
2871847,28718.47
2871951,28719.51
2872055,28720.55
2872159,28721.59
2872263,28722.63
2872364,28723.64
2872465,28724.65
2872565,28725.65
2872666,28726.66
2872765,28727.65
2872865,28728.65
2872963,28729.63
2873061,28730.61
2873158,28731.58
2873255,28732.55
2873352,28733.52
2873448,28734.48
2873543,28735.43
2873638,28736.38
2873735,28737.35
2873832,28738.32
2873930,28739.3
2874032,28740.32
2874139,28741.39
2874246,28742.46
2874352,28743.52
2874459,28744.59
2874563,28745.63
2874664,28746.64
2874766,28747.66
2874865,28748.65
2874964,28749.64
2875065,28750.65
2875164,28751.64
2875263,28752.63
2875363,28753.63
2875460,28754.6
2875558,28755.58
2875657,28756.57
2875754,28757.54
2875852,28758.52
2875952,28759.52
2876051,28760.51
2876152,28761.52
2876254,28762.54
2876357,28763.57
2876460,28764.6
2876562,28765.62
2876664,28766.64
2876764,28767.64
2876863,28768.63
2876960,28769.6
2877057,28770.57
2877153,28771.53
2877247,28772.47
2877341,28773.41
2877436,28774.36
2877533,28775.33
2877632,28776.32
2877729,28777.29
2877827,28778.27
2877925,28779.25
2878024,28780.24
2878122,28781.22
2878222,28782.22
2878320,28783.2
2878415,28784.15
2878510,28785.1
2878605,28786.05
2878702,28787.02
2878804,28788.04
2878907,28789.07
2879011,28790.11
2879116,28791.16
2879219,28792.19
2879324,28793.24
2879430,28794.3
2879534,28795.34
2879638,28796.38
2879743,28797.43
2879848,28798.48
2879950,28799.5
2880052,28800.52
2880155,28801.55
2880258,28802.58
2880361,28803.61
2880462,28804.62
2880563,28805.63
2880661,28806.61
2880760,28807.6
2880860,28808.6
2880961,28809.61
2881060,28810.6
2881158,28811.58
2881257,28812.57
2881357,28813.57
2881456,28814.56
2881554,28815.54
2881653,28816.53
2881750,28817.5
2881845,28818.45
2881938,28819.38
2882034,28820.34
2882130,28821.3
2882226,28822.26
2882326,28823.26
2882426,28824.26
2882527,28825.27
2882631,28826.31
2882733,28827.33
2882838,28828.38
2882942,28829.42
2883045,28830.45
2883147,28831.47
2883249,28832.49
2883352,28833.52
2883455,28834.55
2883559,28835.59
2883661,28836.61
2883762,28837.62
2883863,28838.63
2883963,28839.63
2884061,28840.61
2884159,28841.59
2884256,28842.56
2884352,28843.52
2884449,28844.49
2884546,28845.46
2884644,28846.44
2884741,28847.41
2884838,28848.38
2884939,28849.39
2885040,28850.4
2885137,28851.37
2885234,28852.34
2885336,28853.36
2885440,28854.4
2885544,28855.44
2885650,28856.5
2885754,28857.54
2885859,28858.59
2885966,28859.66
2886071,28860.71
2886178,28861.78
2886286,28862.86
2886391,28863.91
2886495,28864.95
2886600,28866.0
2886705,28867.05
2886810,28868.1
2886912,28869.12
2887014,28870.14
2887116,28871.16
2887219,28872.19
2887322,28873.22
2887425,28874.25
2887527,28875.27
2887628,28876.28
2887731,28877.31
2887835,28878.35
2887938,28879.38
2888040,28880.4
2888141,28881.41
2888241,28882.41
2888336,28883.36
2888432,28884.32
2888529,28885.29
2888624,28886.24
2888723,28887.23
2888823,28888.23
2888923,28889.23
2889025,28890.25
2889125,28891.25
2889225,28892.25
2889326,28893.26
2889427,28894.27
2889528,28895.28
2889629,28896.29
2889731,28897.31
2889831,28898.31
2889932,28899.32
2890034,28900.34
2890135,28901.35
2890234,28902.34
2890334,28903.34
2890432,28904.32
2890528,28905.28
2890624,28906.24
2890721,28907.21
2890817,28908.17
2890916,28909.16
2891014,28910.14
2891111,28911.11
2891210,28912.1
2891310,28913.1
2891412,28914.12
2891514,28915.14
2891616,28916.16
2891719,28917.19
2891821,28918.21
2891921,28919.21
2892021,28920.21
2892127,28921.27
2892233,28922.33
2892338,28923.38
2892444,28924.44
2892547,28925.47
2892650,28926.5
2892752,28927.52
2892853,28928.53
2892957,28929.57
2893063,28930.63
2893167,28931.67
2893274,28932.74
2893381,28933.81
2893489,28934.89
2893596,28935.96
2893701,28937.01
2893806,28938.06
2893910,28939.1
2894014,28940.14
2894116,28941.16
2894218,28942.18
2894319,28943.19
2894416,28944.16
2894513,28945.13
2894610,28946.1
2894710,28947.1
2894808,28948.08
2894906,28949.06
2895004,28950.04
2895102,28951.02
2895199,28951.99
2895297,28952.97
2895398,28953.98
2895501,28955.01
2895602,28956.02
2895707,28957.07
2895808,28958.08
2895911,28959.11
2896014,28960.14
2896115,28961.15
2896215,28962.15
2896316,28963.16
2896415,28964.15
2896513,28965.13
2896610,28966.1
2896708,28967.08
2896806,28968.06
2896905,28969.05
2897004,28970.04
2897102,28971.02
2897201,28972.01
2897300,28973.0
2897398,28973.98
2897496,28974.96
2897594,28975.94
2897690,28976.9
2897786,28977.86
2897884,28978.84
2897982,28979.82
2898080,28980.8
2898178,28981.78
2898277,28982.77
2898378,28983.78
2898479,28984.79
2898580,28985.8
2898681,28986.81
2898776,28987.76
2898875,28988.75
2898971,28989.71
2899067,28990.67
2899167,28991.67
2899265,28992.65
2899365,28993.65
2899466,28994.66
2899566,28995.66
2899668,28996.68
2899773,28997.73
2899876,28998.76
2899980,28999.8
2900085,29000.85
2900189,29001.89
2900292,29002.92
2900395,29003.95
2900499,29004.99
2900601,29006.01
2900702,29007.02
2900801,29008.01
2900900,29009.0
2900998,29009.98
2901094,29010.94
2901189,29011.89
2901284,29012.84
2901379,29013.79
2901472,29014.72
2901565,29015.65
2901659,29016.59
2901757,29017.57
2901856,29018.56
2901956,29019.56
2902056,29020.56
2902157,29021.57
2902256,29022.56
2902355,29023.55
2902458,29024.58
2902564,29025.64
2902669,29026.69
2902775,29027.75
2902881,29028.81
2902984,29029.84
2903089,29030.89
2903194,29031.94
2903297,29032.97
2903402,29034.02
2903508,29035.08
2903612,29036.12
2903718,29037.18
2903824,29038.24
2903929,29039.29
2904033,29040.33
2904137,29041.37
2904243,29042.43
2904349,29043.49
2904456,29044.56
2904562,29045.62
2904666,29046.66
2904766,29047.66
2904865,29048.65
2904962,29049.62
2905059,29050.59
2905158,29051.58
2905261,29052.61
2905362,29053.62
2905461,29054.61
2905559,29055.59
2905659,29056.59
2905757,29057.57
2905855,29058.55
2905956,29059.56
2906059,29060.59
2906162,29061.62
2906268,29062.68
2906374,29063.74
2906478,29064.78
2906583,29065.83
2906687,29066.87
2906791,29067.91
2906893,29068.93
2906994,29069.94
2907095,29070.95
2907196,29071.96
2907298,29072.98
2907399,29073.99
2907499,29074.99
2907598,29075.98
2907696,29076.96
2907795,29077.95
2907894,29078.94
2907992,29079.92
2908092,29080.92
2908193,29081.93
2908295,29082.95
2908396,29083.96
2908497,29084.97
2908597,29085.97
2908692,29086.92
2908788,29087.88
2908882,29088.82
2908977,29089.77
2909073,29090.73
2909170,29091.7
2909269,29092.69
2909365,29093.65
2909460,29094.6
2909553,29095.53
2909648,29096.48
2909744,29097.44
2909840,29098.4
2909938,29099.38
2910037,29100.37
2910135,29101.35
2910235,29102.35
2910334,29103.34
2910432,29104.32
2910531,29105.31
2910630,29106.3
2910728,29107.28
2910824,29108.24
2910921,29109.21
2911017,29110.17
2911112,29111.12
2911209,29112.09
2911308,29113.08
2911408,29114.08
2911510,29115.1
2911612,29116.12
2911716,29117.16
2911817,29118.17
2911916,29119.16
2912017,29120.17
2912118,29121.18
2912218,29122.18
2912320,29123.2
2912423,29124.23
2912525,29125.25
2912628,29126.28
2912729,29127.29
2912831,29128.31
2912933,29129.33
2913036,29130.36
2913137,29131.37
2913239,29132.39
2913341,29133.41
2913445,29134.45
2913546,29135.46
2913647,29136.47
2913750,29137.5
2913854,29138.54
2913959,29139.59
2914064,29140.64
2914168,29141.68
2914271,29142.71
2914372,29143.72
2914474,29144.74
2914577,29145.77
2914681,29146.81
2914784,29147.84
2914891,29148.91
2914998,29149.98
2915101,29151.01
2915204,29152.04
2915304,29153.04
2915400,29154.0
2915494,29154.94
2915587,29155.87
2915677,29156.77
2915769,29157.69
2915861,29158.61
2915953,29159.53
2916044,29160.44
2916138,29161.38
2916232,29162.32
2916326,29163.26
2916422,29164.22
2916520,29165.2
2916618,29166.18
2916716,29167.16
2916817,29168.17
2916918,29169.18
2917019,29170.19
2917121,29171.21
2917221,29172.21
2917322,29173.22
2917425,29174.25
2917528,29175.28
2917632,29176.32
2917736,29177.36
2917840,29178.4
2917942,29179.42
2918047,29180.47
2918152,29181.52
2918258,29182.58
2918363,29183.63
2918465,29184.65
2918569,29185.69
2918668,29186.68
2918768,29187.68
2918871,29188.71
2918972,29189.72
2919076,29190.76
2919182,29191.82
2919287,29192.87
2919395,29193.95
2919504,29195.04
2919610,29196.1
2919718,29197.18
2919825,29198.25
2919932,29199.32
2920035,29200.35
2920138,29201.38
2920242,29202.42
2920344,29203.44
2920446,29204.46
2920547,29205.47
2920647,29206.47
2920748,29207.48
2920847,29208.47
2920945,29209.45
2921043,29210.43
2921143,29211.43
2921243,29212.43
2921345,29213.45
2921446,29214.46
2921550,29215.5
2921648,29216.48
2921747,29217.47
2921846,29218.46
2921947,29219.47
2922055,29220.55
2922162,29221.62
2922272,29222.72
2922385,29223.85
2922494,29224.94
2922604,29226.04
2922716,29227.16
2922826,29228.26
2922933,29229.33
2923041,29230.41
2923148,29231.48
2923254,29232.54
2923357,29233.57
2923460,29234.6
2923564,29235.64
2923668,29236.68
2923771,29237.71
2923873,29238.73
2923977,29239.77
2924081,29240.81
2924185,29241.85
2924286,29242.86
2924388,29243.88
2924488,29244.88
2924584,29245.84
2924680,29246.8
2924776,29247.76
2924871,29248.71
2924971,29249.71
2925069,29250.69
2925171,29251.71
2925276,29252.76
2925379,29253.79
2925485,29254.85
2925592,29255.92
2925698,29256.98
2925808,29258.08
2925917,29259.17
2926027,29260.27
2926134,29261.34
2926240,29262.4
2926345,29263.45
2926450,29264.5
2926554,29265.54
2926657,29266.57
2926760,29267.6
2926861,29268.61
2926960,29269.6
2927056,29270.56
2927150,29271.5
2927245,29272.45
2927341,29273.41
2927439,29274.39
2927538,29275.38
2927637,29276.37
2927739,29277.39
2927841,29278.41
2927947,29279.47
2928053,29280.53
2928157,29281.57
2928258,29282.58
2928358,29283.58
2928455,29284.55
2928554,29285.54
2928651,29286.51
2928748,29287.48
2928847,29288.47
2928945,29289.45
2929045,29290.45
2929147,29291.47
2929249,29292.49
2929353,29293.53
2929458,29294.58
2929563,29295.63
2929669,29296.69
2929776,29297.76
2929881,29298.81
2929986,29299.86
2930090,29300.9
2930191,29301.91
2930290,29302.9
2930390,29303.9
2930487,29304.87
2930582,29305.82
2930675,29306.75
2930767,29307.67
2930857,29308.57
2930949,29309.49
2931039,29310.39
2931129,29311.29
2931218,29312.18
2931307,29313.07
2931396,29313.96
2931483,29314.83
2931569,29315.69
2931654,29316.54
2931741,29317.41
2931827,29318.27
2931912,29319.12
2931999,29319.99
2932086,29320.86
2932176,29321.76
2932264,29322.64
2932352,29323.52
2932443,29324.43
2932531,29325.31
2932619,29326.19
2932707,29327.07
2932795,29327.95
2932884,29328.84
2932974,29329.74
2933064,29330.64
2933154,29331.54
2933244,29332.44
2933335,29333.35
2933426,29334.26
2933518,29335.18
2933611,29336.11
2933704,29337.04
2933798,29337.98
2933893,29338.93
2933986,29339.86
2934079,29340.79
2934171,29341.71
2934262,29342.62
2934351,29343.51
2934441,29344.41
2934530,29345.3
2934618,29346.18
2934704,29347.04
2934790,29347.9
2934874,29348.74
2934958,29349.58
2935040,29350.4
2935122,29351.22
2935203,29352.03
2935283,29352.83
2935362,29353.62
2935441,29354.41
2935519,29355.19
2935597,29355.97
2935675,29356.75
2935754,29357.54
2935833,29358.33
2935912,29359.12
2935994,29359.94
2936078,29360.78
2936165,29361.65
2936253,29362.53
2936342,29363.42
2936430,29364.3
2936520,29365.2
2936612,29366.12
2936704,29367.04
2936796,29367.96
2936888,29368.88
2936980,29369.8
2937072,29370.72
2937164,29371.64
2937255,29372.55
2937347,29373.47
2937440,29374.4
2937532,29375.32
2937626,29376.26
2937721,29377.21
2937816,29378.16
2937910,29379.1
2938004,29380.04
2938097,29380.97
2938186,29381.86
2938275,29382.75
2938363,29383.63
2938451,29384.51
2938542,29385.42
2938633,29386.33
2938726,29387.26
2938819,29388.19
2938914,29389.14
2939009,29390.09
2939105,29391.05
2939202,29392.02
2939298,29392.98
2939392,29393.92
2939485,29394.85
2939576,29395.76
2939668,29396.68
2939762,29397.62
2939857,29398.57
2939953,29399.53
2940050,29400.5
2940145,29401.45
2940241,29402.41
2940336,29403.36
2940431,29404.31
2940526,29405.26
2940621,29406.21
2940715,29407.15
2940808,29408.08
2940900,29409.0
2940993,29409.93
2941086,29410.86
2941180,29411.8
2941274,29412.74
2941369,29413.69
2941464,29414.64
2941560,29415.6
2941657,29416.57
2941753,29417.53
2941849,29418.49
2941944,29419.44
2942037,29420.37
2942131,29421.31
2942223,29422.23
2942313,29423.13
2942403,29424.03
2942493,29424.93
2942583,29425.83
2942673,29426.73
2942761,29427.61
2942849,29428.49
2942936,29429.36
2943025,29430.25
2943115,29431.15
2943208,29432.08
2943302,29433.02
2943394,29433.94
2943488,29434.88
2943584,29435.84
2943679,29436.79
2943773,29437.73
2943870,29438.7
2943968,29439.68
2944065,29440.65
2944163,29441.63
2944263,29442.63
2944364,29443.64
2944464,29444.64
2944564,29445.64
2944664,29446.64
2944763,29447.63
2944860,29448.6
2944955,29449.55
2945048,29450.48
2945143,29451.43
2945236,29452.36
2945328,29453.28
2945419,29454.19
2945510,29455.1
2945601,29456.01
2945691,29456.91
2945782,29457.82
2945872,29458.72
2945964,29459.64
2946057,29460.57
2946151,29461.51
2946244,29462.44
2946339,29463.39
2946431,29464.31
2946523,29465.23
2946611,29466.11
2946699,29466.99
2946785,29467.85
2946871,29468.71
2946958,29469.58
2947045,29470.45
2947132,29471.32
2947221,29472.21
2947309,29473.09
2947398,29473.98
2947487,29474.87
2947579,29475.79
2947672,29476.72
2947767,29477.67
2947861,29478.61
2947954,29479.54
2948050,29480.5
2948146,29481.46
2948243,29482.43
2948340,29483.4
2948439,29484.39
2948537,29485.37
2948636,29486.36
2948733,29487.33
2948830,29488.3
2948928,29489.28
2949023,29490.23
2949117,29491.17
2949213,29492.13
2949308,29493.08
2949403,29494.03
2949497,29494.97
2949592,29495.92
2949688,29496.88
2949784,29497.84
2949880,29498.8
2949976,29499.76
2950072,29500.72
2950168,29501.68
2950263,29502.63
2950358,29503.58
2950452,29504.52
2950548,29505.48
2950642,29506.42
2950735,29507.35
2950829,29508.29
2950925,29509.25
2951020,29510.2
2951113,29511.13
2951207,29512.07
2951300,29513.0
2951393,29513.93
2951484,29514.84
2951578,29515.78
2951670,29516.7
2951762,29517.62
2951854,29518.54
2951948,29519.48
2952042,29520.42
2952137,29521.37
2952230,29522.3
2952325,29523.25
2952420,29524.2
2952515,29525.15
2952608,29526.08
2952700,29527.0
2952793,29527.93
2952884,29528.84
2952975,29529.75
2953066,29530.66
2953158,29531.58
2953251,29532.51
2953343,29533.43
2953436,29534.36
2953529,29535.29
2953623,29536.23
2953717,29537.17
2953811,29538.11
2953904,29539.04
2953998,29539.98
2954092,29540.92
2954184,29541.84
2954274,29542.74
2954366,29543.66
2954457,29544.57
2954547,29545.47
2954637,29546.37
2954728,29547.28
2954819,29548.19
2954909,29549.09
2954999,29549.99
2955090,29550.9
2955182,29551.82
2955273,29552.73
2955363,29553.63
2955454,29554.54
2955544,29555.44
2955636,29556.36
2955727,29557.27
2955819,29558.19
2955911,29559.11
2956005,29560.05
2956099,29560.99
2956192,29561.92
2956285,29562.85
2956377,29563.77
