sample,time_sec
51,0.51
127,1.27
203,2.03
279,2.79
357,3.57
436,4.36
516,5.16
597,5.97
677,6.77
756,7.56
834,8.34
916,9.16
1001,10.01
1084,10.84
1165,11.65
1245,12.45
1325,13.25
1404,14.04
1484,14.84
1563,15.63
1641,16.41
1719,17.19
1796,17.96
1874,18.74
1952,19.52
2028,20.28
2104,21.04
2180,21.8
2256,22.56
2332,23.32
2408,24.08
2483,24.83
2558,25.58
2634,26.34
2710,27.1
2786,27.86
2862,28.62
2939,29.39
3016,30.16
3092,30.92
3168,31.68
3244,32.44
3322,33.22
3399,33.99
3476,34.76
3552,35.52
3628,36.28
3705,37.05
3783,37.83
3861,38.61
3940,39.4
4017,40.17
4094,40.94
4172,41.72
4250,42.5
4327,43.27
4403,44.03
4479,44.79
4554,45.54
4627,46.27
4700,47.0
4773,47.73
4847,48.47
4921,49.21
4994,49.94
5066,50.66
5139,51.39
5211,52.11
5284,52.84
5356,53.56
5429,54.29
5502,55.02
5576,55.76
5651,56.51
5726,57.26
5801,58.01
5877,58.77
5955,59.55
6034,60.34
6115,61.15
6195,61.95
6274,62.74
6352,63.52
6431,64.31
6510,65.1
6590,65.9
6670,66.7
6749,67.49
6828,68.28
6904,69.04
6980,69.8
7055,70.55
7130,71.3
7205,72.05
7280,72.8
7353,73.53
7426,74.26
7499,74.99
7571,75.71
7643,76.43
7717,77.17
7794,77.94
7875,78.75
7956,79.56
8032,80.32
8110,81.1
8187,81.87
8263,82.63
8337,83.37
8411,84.11
8486,84.86
8562,85.62
8638,86.38
8713,87.13
8789,87.89
8866,88.66
8945,89.45
9024,90.24
9105,91.05
9185,91.85
9264,92.64
9344,93.44
9424,94.24
9505,95.05
9587,95.87
9668,96.68
9749,97.49
9831,98.31
9912,99.12
9992,99.92
10072,100.72
10151,101.51
10227,102.27
10303,103.03
10377,103.77
10452,104.52
10526,105.26
10600,106.0
10675,106.75
10748,107.48
10820,108.2
10890,108.9
10962,109.62
11033,110.33
11104,111.04
11178,111.78
11257,112.57
11337,113.37
11415,114.15
11491,114.91
11569,115.69
11644,116.44
11717,117.17
11790,117.9
11866,118.66
11948,119.48
12027,120.27
12104,121.04
12179,121.79
12252,122.52
12327,123.27
12406,124.06
12490,124.9
12582,125.82
12672,126.72
12761,127.61
12850,128.5
12937,129.37
13023,130.23
13108,131.08
13194,131.94
13278,132.78
13361,133.61
13444,134.44
13526,135.26
13608,136.08
13689,136.89
13769,137.69
13848,138.48
13927,139.27
14006,140.06
14083,140.83
14162,141.62
14240,142.4
14320,143.2
14400,144.0
14480,144.8
14560,145.6
14641,146.41
14724,147.24
14804,148.04
14882,148.82
14957,149.57
15032,150.32
15107,151.07
15182,151.82
15256,152.56
15330,153.3
15405,154.05
15480,154.8
15555,155.55
15630,156.3
15705,157.05
15782,157.82
15860,158.6
15939,159.39
16019,160.19
16099,160.99
16177,161.77
16255,162.55
16335,163.35
16415,164.15
16495,164.95
16575,165.75
16653,166.53
16731,167.31
16808,168.08
16885,168.85
16961,169.61
17038,170.38
17115,171.15
17190,171.9
17263,172.63
17336,173.36
17408,174.08
17481,174.81
17556,175.56
17633,176.33
17711,177.11
17787,177.87
17861,178.61
17935,179.35
18009,180.09
18083,180.83
18156,181.56
18229,182.29
18302,183.02
18376,183.76
18449,184.49
18522,185.22
18595,185.95
18671,186.71
18747,187.47
18824,188.24
18901,189.01
18982,189.82
19065,190.65
19149,191.49
19232,192.32
19316,193.16
19401,194.01
19485,194.85
19570,195.7
19654,196.54
19737,197.37
19820,198.2
19901,199.01
19982,199.82
20063,200.63
20144,201.44
20224,202.24
20305,203.05
20387,203.87
20469,204.69
20551,205.51
20633,206.33
20715,207.15
20798,207.98
20879,208.79
20959,209.59
21040,210.4
21119,211.19
21197,211.97
21275,212.75
21351,213.51
21427,214.27
21503,215.03
21579,215.79
21656,216.56
21734,217.34
21810,218.1
21885,218.85
21959,219.59
22033,220.33
22108,221.08
22184,221.84
22260,222.6
22337,223.37
22415,224.15
22494,224.94
22573,225.73
22651,226.51
22728,227.28
22806,228.06
22884,228.84
22964,229.64
23043,230.43
23120,231.2
23196,231.96
23274,232.74
23352,233.52
23431,234.31
23511,235.11
23590,235.9
23667,236.67
23744,237.44
23821,238.21
23901,239.01
23980,239.8
24058,240.58
24136,241.36
24215,242.15
24293,242.93
24370,243.7
24445,244.45
24521,245.21
24597,245.97
24674,246.74
24751,247.51
24828,248.28
24905,249.05
24981,249.81
25058,250.58
25136,251.36
25215,252.15
25291,252.91
25365,253.65
25439,254.39
25515,255.15
25590,255.9
25665,256.65
25742,257.42
25820,258.2
25898,258.98
25977,259.77
26056,260.56
26135,261.35
26214,262.14
26294,262.94
26374,263.74
26453,264.53
26533,265.33
26613,266.13
26694,266.94
26776,267.76
26859,268.59
26942,269.42
27027,270.27
27110,271.1
27193,271.93
27276,272.76
27358,273.58
27442,274.42
27526,275.26
27609,276.09
27693,276.93
27776,277.76
27857,278.57
27936,279.36
28013,280.13
28090,280.9
28166,281.66
28243,282.43
28321,283.21
28397,283.97
28471,284.71
28543,285.43
28616,286.16
28689,286.89
28762,287.62
28835,288.35
28908,289.08
28982,289.82
29057,290.57
29131,291.31
29205,292.05
29280,292.8
29356,293.56
29434,294.34
29512,295.12
29592,295.92
29673,296.73
29760,297.6
29847,298.47
29933,299.33
30019,300.19
30104,301.04
30187,301.87
30269,302.69
30350,303.5
30431,304.31
30514,305.14
30596,305.96
30679,306.79
30761,307.61
30842,308.42
30922,309.22
31001,310.01
31080,310.8
31159,311.59
31239,312.39
31318,313.18
31395,313.95
31471,314.71
31547,315.47
31623,316.23
31700,317.0
31777,317.77
31853,318.53
31928,319.28
32003,320.03
32080,320.8
32158,321.58
32235,322.35
32310,323.1
32385,323.85
32459,324.59
32533,325.33
32609,326.09
32683,326.83
32757,327.57
32830,328.3
32904,329.04
32978,329.78
33052,330.52
33124,331.24
33196,331.96
33268,332.68
33340,333.4
33411,334.11
33481,334.81
33551,335.51
33622,336.22
33694,336.94
33771,337.71
33851,338.51
33938,339.38
34027,340.27
34114,341.14
34202,342.02
34287,342.87
34373,343.73
34459,344.59
34543,345.43
34627,346.27
34710,347.1
34793,347.93
34876,348.76
34956,349.56
35035,350.35
35114,351.14
35192,351.92
35272,352.72
35350,353.5
35427,354.27
35504,355.04
35581,355.81
35658,356.58
35734,357.34
35811,358.11
35888,358.88
35965,359.65
36041,360.41
36116,361.16
36192,361.92
36268,362.68
36342,363.42
36416,364.16
36490,364.9
36563,365.63
36637,366.37
36711,367.11
36784,367.84
36856,368.56
36929,369.29
37003,370.03
37077,370.77
37152,371.52
37229,372.29
37306,373.06
37383,373.83
37461,374.61
37539,375.39
37618,376.18
37698,376.98
37779,377.79
37860,378.6
37942,379.42
38024,380.24
38106,381.06
38187,381.87
38266,382.66
38347,383.47
38426,384.26
38507,385.07
38587,385.87
38667,386.67
38745,387.45
38820,388.2
38896,388.96
38973,389.73
39048,390.48
39124,391.24
39199,391.99
39274,392.74
39351,393.51
39428,394.28
39504,395.04
39580,395.8
39659,396.59
39739,397.39
39819,398.19
39900,399.0
39982,399.82
40064,400.64
40146,401.46
40227,402.27
40308,403.08
40390,403.9
40469,404.69
40546,405.46
40625,406.25
40704,407.04
40784,407.84
40863,408.63
40944,409.44
41024,410.24
41103,411.03
41181,411.81
41261,412.61
41340,413.4
41420,414.2
41500,415.0
41581,415.81
41663,416.63
41744,417.44
41824,418.24
41904,419.04
41983,419.83
42063,420.63
42144,421.44
42225,422.25
42305,423.05
42385,423.85
42465,424.65
42544,425.44
42621,426.21
42698,426.98
42775,427.75
42851,428.51
42927,429.27
43002,430.02
43079,430.79
43157,431.57
43235,432.35
43313,433.13
43391,433.91
43471,434.71
43552,435.52
43632,436.32
43711,437.11
43790,437.9
43872,438.72
43958,439.58
44043,440.43
44128,441.28
44211,442.11
44293,442.93
44375,443.75
44458,444.58
44540,445.4
44622,446.22
44704,447.04
44785,447.85
44865,448.65
44944,449.44
45023,450.23
45099,450.99
45177,451.77
45254,452.54
45331,453.31
45408,454.08
45486,454.86
45563,455.63
45640,456.4
45718,457.18
45795,457.95
45873,458.73
45951,459.51
46030,460.3
46110,461.1
46187,461.87
46261,462.61
46335,463.35
46410,464.1
46488,464.88
46567,465.67
46647,466.47
46727,467.27
46808,468.08
46890,468.9
46973,469.73
47057,470.57
47139,471.39
47222,472.22
47304,473.04
47385,473.85
47466,474.66
47546,475.46
47625,476.25
47703,477.03
47782,477.82
47860,478.6
47936,479.36
48012,480.12
48088,480.88
48163,481.63
48236,482.36
48311,483.11
48385,483.85
48459,484.59
48534,485.34
48610,486.1
48686,486.86
48762,487.62
48839,488.39
48917,489.17
48996,489.96
49074,490.74
49152,491.52
49230,492.3
49308,493.08
49387,493.87
49468,494.68
49549,495.49
49630,496.3
49709,497.09
49789,497.89
49870,498.7
49950,499.5
50030,500.3
50110,501.1
50189,501.89
50267,502.67
50343,503.43
50421,504.21
50500,505.0
50579,505.79
50659,506.59
50740,507.4
50820,508.2
50901,509.01
50982,509.82
51063,510.63
51144,511.44
51225,512.25
51305,513.05
51385,513.85
51466,514.66
51547,515.47
51628,516.28
51708,517.08
51789,517.89
51870,518.7
51948,519.48
52025,520.25
52102,521.02
52178,521.78
52254,522.54
52329,523.29
52404,524.04
52477,524.77
52551,525.51
52625,526.25
52697,526.97
52769,527.69
52839,528.39
52909,529.09
52980,529.8
53050,530.5
53122,531.22
53196,531.96
53272,532.72
53349,533.49
53426,534.26
53503,535.03
53582,535.82
53661,536.61
53743,537.43
53823,538.23
53904,539.04
53985,539.85
54065,540.65
54145,541.45
54226,542.26
54306,543.06
54385,543.85
54464,544.64
54543,545.43
54623,546.23
54704,547.04
54783,547.83
54860,548.6
54936,549.36
55013,550.13
55089,550.89
55166,551.66
55243,552.43
55318,553.18
55392,553.92
55468,554.68
55543,555.43
55619,556.19
55693,556.93
55766,557.66
55840,558.4
55915,559.15
55990,559.9
56064,560.64
56139,561.39
56215,562.15
56292,562.92
56371,563.71
56449,564.49
56529,565.29
56610,566.1
56691,566.91
56770,567.7
56851,568.51
56933,569.33
57013,570.13
57093,570.93
57172,571.72
57249,572.49
57327,573.27
57404,574.04
57481,574.81
57557,575.57
57633,576.33
57707,577.07
57782,577.82
57858,578.58
57935,579.35
58014,580.14
58091,580.91
58166,581.66
58241,582.41
58316,583.16
58393,583.93
58468,584.68
58543,585.43
58618,586.18
58697,586.97
58779,587.79
58862,588.62
58943,589.43
59025,590.25
59107,591.07
59189,591.89
59268,592.68
59348,593.48
59429,594.29
59513,595.13
59597,595.97
59679,596.79
59759,597.59
59837,598.37
59912,599.12
59986,599.86
60062,600.62
60139,601.39
60218,602.18
60297,602.97
60377,603.77
60459,604.59
60541,605.41
60624,606.24
60709,607.09
60794,607.94
60878,608.78
60962,609.62
61046,610.46
61130,611.3
61214,612.14
61297,612.97
61379,613.79
61461,614.61
61543,615.43
61623,616.23
61701,617.01
61777,617.77
61851,618.51
61925,619.25
62000,620.0
62076,620.76
62152,621.52
62228,622.28
62304,623.04
62380,623.8
62455,624.55
62529,625.29
62604,626.04
62679,626.79
62756,627.56
62833,628.33
62910,629.1
62989,629.89
63070,630.7
63153,631.53
63237,632.37
63319,633.19
63401,634.01
63483,634.83
63565,635.65
63647,636.47
63729,637.29
63811,638.11
63892,638.92
63973,639.73
64053,640.53
64131,641.31
64207,642.07
64285,642.85
64363,643.63
64444,644.44
64524,645.24
64604,646.04
64681,646.81
64757,647.57
64830,648.3
64902,649.02
64976,649.76
65048,650.48
65120,651.2
65191,651.91
65264,652.64
65339,653.39
65412,654.12
65484,654.84
65556,655.56
65629,656.29
65700,657.0
65771,657.71
65842,658.42
65914,659.14
65988,659.88
66065,660.65
66142,661.42
66221,662.21
66304,663.04
66392,663.92
66485,664.85
66576,665.76
66666,666.66
66753,667.53
66840,668.4
66926,669.26
67010,670.1
67092,670.92
67169,671.69
67247,672.47
67326,673.26
67402,674.02
67477,674.77
67552,675.52
67626,676.26
67701,677.01
67775,677.75
67849,678.49
67925,679.25
68000,680.0
68076,680.76
68152,681.52
68228,682.28
68305,683.05
68382,683.82
68459,684.59
68536,685.36
68614,686.14
68691,686.91
68768,687.68
68845,688.45
68921,689.21
68997,689.97
69071,690.71
69144,691.44
69217,692.17
69291,692.91
69367,693.67
69443,694.43
69521,695.21
69600,696.0
69682,696.82
69767,697.67
69851,698.51
69935,699.35
70020,700.2
70104,701.04
70188,701.88
70271,702.71
70353,703.53
70434,704.34
70517,705.17
70599,705.99
70682,706.82
70765,707.65
70846,708.46
70925,709.25
71005,710.05
71083,710.83
71162,711.62
71240,712.4
71316,713.16
71392,713.92
71468,714.68
71544,715.44
71620,716.2
71695,716.95
71770,717.7
71847,718.47
71925,719.25
72004,720.04
72083,720.83
72160,721.6
72240,722.4
72320,723.2
72402,724.02
72483,724.83
72562,725.62
72642,726.42
72722,727.22
72803,728.03
72883,728.83
72960,729.6
73038,730.38
73116,731.16
73193,731.93
73272,732.72
73351,733.51
73428,734.28
73504,735.04
73578,735.78
73651,736.51
73723,737.23
73795,737.95
73866,738.66
73939,739.39
74015,740.15
74091,740.91
74167,741.67
74242,742.42
74319,743.19
74397,743.97
74473,744.73
74549,745.49
74626,746.26
74705,747.05
74786,747.86
74867,748.67
74945,749.45
75024,750.24
75104,751.04
75186,751.86
75269,752.69
75353,753.53
75434,754.34
75513,755.13
75593,755.93
75674,756.74
75756,757.56
75839,758.39
75921,759.21
76002,760.02
76081,760.81
76161,761.61
76240,762.4
76320,763.2
76398,763.98
76475,764.75
76550,765.5
76624,766.24
76696,766.96
76769,767.69
76844,768.44
76922,769.22
77000,770.0
77077,770.77
77155,771.55
77234,772.34
77313,773.13
77390,773.9
77466,774.66
77541,775.41
77616,776.16
77692,776.92
77766,777.66
77841,778.41
77918,779.18
77998,779.98
78083,780.83
78168,781.68
78253,782.53
78342,783.42
78432,784.32
78519,785.19
78606,786.06
78693,786.93
78778,787.78
78863,788.63
78948,789.48
79033,790.33
79118,791.18
79203,792.03
79287,792.87
79370,793.7
79452,794.52
79535,795.35
79617,796.17
79697,796.97
79776,797.76
79852,798.52
79929,799.29
80006,800.06
80085,800.85
80165,801.65
80243,802.43
80318,803.18
80397,803.97
80479,804.79
80563,805.63
80644,806.44
80723,807.23
80802,808.02
80883,808.83
80964,809.64
81045,810.45
81125,811.25
81207,812.07
81290,812.9
81376,813.76
81464,814.64
81553,815.53
81638,816.38
81724,817.24
81810,818.1
81894,818.94
81977,819.77
82058,820.58
82137,821.37
82216,822.16
82292,822.92
82369,823.69
82444,824.44
82519,825.19
82593,825.93
82668,826.68
82743,827.43
82819,828.19
82894,828.94
82970,829.7
83047,830.47
83124,831.24
83202,832.02
83280,832.8
83359,833.59
83440,834.4
83519,835.19
83599,835.99
83678,836.78
83757,837.57
83835,838.35
83914,839.14
83991,839.91
84067,840.67
84143,841.43
84217,842.17
84289,842.89
84361,843.61
84435,844.35
84509,845.09
84586,845.86
84665,846.65
84743,847.43
84822,848.22
84900,849.0
84979,849.79
85056,850.56
85134,851.34
85211,852.11
85289,852.89
85367,853.67
85444,854.44
85521,855.21
85597,855.97
85672,856.72
85747,857.47
85823,858.23
85898,858.98
85975,859.75
86051,860.51
86129,861.29
86206,862.06
86281,862.81
86356,863.56
86431,864.31
86505,865.05
86580,865.8
86656,866.56
86730,867.3
86805,868.05
86880,868.8
86957,869.57
87034,870.34
87111,871.11
87190,871.9
87268,872.68
87344,873.44
87421,874.21
87498,874.98
87573,875.73
87649,876.49
87723,877.23
87796,877.96
87868,878.68
87938,879.38
88010,880.1
88082,880.82
88156,881.56
88231,882.31
88306,883.06
88381,883.81
88457,884.57
88534,885.34
88610,886.1
88686,886.86
88763,887.63
88840,888.4
88918,889.18
88996,889.96
89075,890.75
89153,891.53
89231,892.31
89308,893.08
89383,893.83
89457,894.57
89531,895.31
89605,896.05
89679,896.79
89753,897.53
89827,898.27
89901,899.01
89975,899.75
90047,900.47
90121,901.21
90195,901.95
90270,902.7
90345,903.45
90421,904.21
90497,904.97
90575,905.75
90654,906.54
90734,907.34
90813,908.13
90891,908.91
90968,909.68
91046,910.46
91123,911.23
91200,912.0
91277,912.77
91354,913.54
91430,914.3
91505,915.05
91581,915.81
91656,916.56
91731,917.31
91806,918.06
91881,918.81
91958,919.58
92034,920.34
92110,921.1
92186,921.86
92264,922.64
92340,923.4
92416,924.16
92490,924.9
92563,925.63
92637,926.37
92711,927.11
92785,927.85
92859,928.59
92934,929.34
93006,930.06
93079,930.79
93150,931.5
93222,932.22
93295,932.95
93367,933.67
93440,934.4
93514,935.14
93589,935.89
93663,936.63
93736,937.36
93807,938.07
93877,938.77
93947,939.47
94018,940.18
94089,940.89
94161,941.61
94234,942.34
94309,943.09
94385,943.85
94461,944.61
94537,945.37
94612,946.12
94688,946.88
94763,947.63
94839,948.39
94916,949.16
94991,949.91
95066,950.66
95141,951.41
95215,952.15
95289,952.89
95365,953.65
95441,954.41
95516,955.16
95591,955.91
95665,956.65
95738,957.38
95811,958.11
95883,958.83
95955,959.55
96028,960.28
96103,961.03
96178,961.78
96253,962.53
96327,963.27
96401,964.01
96477,964.77
96553,965.53
96630,966.3
96707,967.07
96783,967.83
96858,968.58
96934,969.34
97010,970.1
97086,970.86
97161,971.61
97236,972.36
97311,973.11
97385,973.85
97459,974.59
97534,975.34
97609,976.09
97685,976.85
97761,977.61
97838,978.38
97914,979.14
97990,979.9
98065,980.65
98140,981.4
98214,982.14
98288,982.88
98361,983.61
98432,984.32
98503,985.03
98573,985.73
98644,986.44
98716,987.16
98789,987.89
98861,988.61
98932,989.32
99004,990.04
99075,990.75
99145,991.45
99214,992.14
99283,992.83
99353,993.53
99423,994.23
99496,994.96
99572,995.72
99654,996.54
99736,997.36
99818,998.18
99901,999.01
99985,999.85
100068,1000.68
100152,1001.52
100235,1002.35
100318,1003.18
100399,1003.99
100478,1004.78
100558,1005.58
100640,1006.4
100725,1007.25
100809,1008.09
100891,1008.91
100972,1009.72
101052,1010.52
101132,1011.32
101211,1012.11
101289,1012.89
101366,1013.66
101442,1014.42
101517,1015.17
101592,1015.92
101667,1016.67
101742,1017.42
101818,1018.18
101894,1018.94
101969,1019.69
102043,1020.43
102116,1021.16
102192,1021.92
102269,1022.69
102346,1023.46
102424,1024.24
102503,1025.03
102581,1025.81
102660,1026.6
102740,1027.4
102821,1028.21
102903,1029.03
102985,1029.85
103067,1030.67
103149,1031.49
103232,1032.32
103315,1033.15
103397,1033.97
103478,1034.78
103559,1035.59
103640,1036.4
103718,1037.18
103795,1037.95
103870,1038.7
103946,1039.46
104021,1040.21
104095,1040.95
104170,1041.7
104244,1042.44
104318,1043.18
104392,1043.92
104465,1044.65
104539,1045.39
104613,1046.13
104687,1046.87
104762,1047.62
104836,1048.36
104911,1049.11
104985,1049.85
105058,1050.58
105132,1051.32
105206,1052.06
105281,1052.81
105356,1053.56
105431,1054.31
105506,1055.06
105581,1055.81
105657,1056.57
105731,1057.31
105806,1058.06
105880,1058.8
105954,1059.54
106028,1060.28
106103,1061.03
106176,1061.76
106249,1062.49
106322,1063.22
106394,1063.94
106465,1064.65
106537,1065.37
106607,1066.07
106676,1066.76
106745,1067.45
106814,1068.14
106883,1068.83
106953,1069.53
107027,1070.27
107100,1071.0
107177,1071.77
107254,1072.54
107334,1073.34
107415,1074.15
107498,1074.98
107580,1075.8
107662,1076.62
107742,1077.42
107822,1078.22
107902,1079.02
107981,1079.81
108061,1080.61
108140,1081.4
108220,1082.2
108300,1083.0
108378,1083.78
108455,1084.55
108533,1085.33
108610,1086.1
108688,1086.88
108766,1087.66
108842,1088.42
108918,1089.18
108994,1089.94
109071,1090.71
109148,1091.48
109226,1092.26
109303,1093.03
109379,1093.79
109455,1094.55
109531,1095.31
109607,1096.07
109684,1096.84
109760,1097.6
109835,1098.35
109911,1099.11
109986,1099.86
110062,1100.62
110139,1101.39
110215,1102.15
110291,1102.91
110369,1103.69
110446,1104.46
110524,1105.24
110602,1106.02
110679,1106.79
110758,1107.58
110836,1108.36
110914,1109.14
110991,1109.91
111068,1110.68
111145,1111.45
111223,1112.23
111302,1113.02
111381,1113.81
111459,1114.59
111536,1115.36
111613,1116.13
111691,1116.91
111770,1117.7
111849,1118.49
111928,1119.28
112005,1120.05
112081,1120.81
112156,1121.56
112232,1122.32
112308,1123.08
112385,1123.85
112460,1124.6
112536,1125.36
112613,1126.13
112689,1126.89
112767,1127.67
112843,1128.43
112919,1129.19
112997,1129.97
113074,1130.74
113152,1131.52
113229,1132.29
113305,1133.05
113381,1133.81
113457,1134.57
113535,1135.35
113613,1136.13
113691,1136.91
113771,1137.71
113851,1138.51
113930,1139.3
114008,1140.08
114085,1140.85
114163,1141.63
114239,1142.39
114316,1143.16
114393,1143.93
114470,1144.7
114549,1145.49
114629,1146.29
114709,1147.09
114787,1147.87
114863,1148.63
114939,1149.39
115013,1150.13
115088,1150.88
115162,1151.62
115237,1152.37
115311,1153.11
115384,1153.84
115456,1154.56
115529,1155.29
115600,1156.0
115670,1156.7
115739,1157.39
115808,1158.08
115878,1158.78
115950,1159.5
116023,1160.23
116098,1160.98
116173,1161.73
116251,1162.51
116333,1163.33
116416,1164.16
116500,1165.0
116583,1165.83
116666,1166.66
116748,1167.48
116832,1168.32
116914,1169.14
116992,1169.92
117070,1170.7
117146,1171.46
117221,1172.21
117297,1172.97
117371,1173.71
117447,1174.47
117524,1175.24
117603,1176.03
117684,1176.84
117765,1177.65
117844,1178.44
117921,1179.21
117999,1179.99
118076,1180.76
118155,1181.55
118236,1182.36
118318,1183.18
118400,1184.0
118483,1184.83
118568,1185.68
118652,1186.52
118735,1187.35
118816,1188.16
118896,1188.96
118976,1189.76
119055,1190.55
119136,1191.36
119215,1192.15
119294,1192.94
119373,1193.73
119449,1194.49
119525,1195.25
119599,1195.99
119673,1196.73
119747,1197.47
119821,1198.21
119895,1198.95
119969,1199.69
120042,1200.42
120116,1201.16
120192,1201.92
120266,1202.66
120342,1203.42
120417,1204.17
120494,1204.94
120570,1205.7
120647,1206.47
120725,1207.25
120803,1208.03
120881,1208.81
120958,1209.58
121032,1210.32
121105,1211.05
121176,1211.76
121248,1212.48
121321,1213.21
121396,1213.96
121472,1214.72
121548,1215.48
121624,1216.24
121699,1216.99
121774,1217.74
121848,1218.48
121925,1219.25
122004,1220.04
122087,1220.87
122167,1221.67
122247,1222.47
122327,1223.27
122408,1224.08
122490,1224.9
122573,1225.73
122657,1226.57
122743,1227.43
122829,1228.29
122914,1229.14
122999,1229.99
123081,1230.81
123164,1231.64
123246,1232.46
123326,1233.26
123407,1234.07
123486,1234.86
123568,1235.68
123650,1236.5
123734,1237.34
123818,1238.18
123904,1239.04
123988,1239.88
124071,1240.71
124153,1241.53
124233,1242.33
124312,1243.12
124391,1243.91
124471,1244.71
124552,1245.52
124633,1246.33
124712,1247.12
124790,1247.9
124869,1248.69
124948,1249.48
125029,1250.29
125110,1251.1
125191,1251.91
125273,1252.73
125353,1253.53
125434,1254.34
125512,1255.12
125589,1255.89
125666,1256.66
125745,1257.45
125822,1258.22
125900,1259.0
125977,1259.77
126055,1260.55
126133,1261.33
126210,1262.1
126289,1262.89
126366,1263.66
126445,1264.45
126524,1265.24
126603,1266.03
126682,1266.82
126761,1267.61
126841,1268.41
126920,1269.2
126998,1269.98
127076,1270.76
127153,1271.53
127231,1272.31
127309,1273.09
127386,1273.86
127462,1274.62
127539,1275.39
127616,1276.16
127693,1276.93
127770,1277.7
127844,1278.44
127919,1279.19
127992,1279.92
128065,1280.65
128136,1281.36
128206,1282.06
128277,1282.77
128348,1283.48
128420,1284.2
128493,1284.93
128567,1285.67
128642,1286.42
128717,1287.17
128792,1287.92
128868,1288.68
128944,1289.44
129021,1290.21
129098,1290.98
129173,1291.73
129248,1292.48
129323,1293.23
129398,1293.98
129474,1294.74
129550,1295.5
129625,1296.25
129701,1297.01
129778,1297.78
129854,1298.54
129930,1299.3
130004,1300.04
130078,1300.78
130152,1301.52
130227,1302.27
130302,1303.02
130376,1303.76
130450,1304.5
130524,1305.24
130599,1305.99
130674,1306.74
130750,1307.5
130827,1308.27
130903,1309.03
130978,1309.78
131053,1310.53
131130,1311.3
131208,1312.08
131286,1312.86
131363,1313.63
131441,1314.41
131521,1315.21
131604,1316.04
131687,1316.87
131769,1317.69
131849,1318.49
131930,1319.3
132009,1320.09
132088,1320.88
132166,1321.66
132242,1322.42
132318,1323.18
132392,1323.92
132466,1324.66
132542,1325.42
132616,1326.16
132692,1326.92
132767,1327.67
132843,1328.43
132919,1329.19
132995,1329.95
133072,1330.72
133148,1331.48
133223,1332.23
133297,1332.97
133371,1333.71
133443,1334.43
133515,1335.15
133585,1335.85
133655,1336.55
133725,1337.25
133797,1337.97
133869,1338.69
133941,1339.41
134013,1340.13
134084,1340.84
134156,1341.56
134229,1342.29
134303,1343.03
134379,1343.79
134457,1344.57
134537,1345.37
134617,1346.17
134696,1346.96
134777,1347.77
134857,1348.57
134937,1349.37
135017,1350.17
135096,1350.96
135174,1351.74
135252,1352.52
135329,1353.29
135406,1354.06
135484,1354.84
135561,1355.61
135638,1356.38
135717,1357.17
135795,1357.95
135871,1358.71
135947,1359.47
136024,1360.24
136100,1361.0
136177,1361.77
136254,1362.54
136331,1363.31
136410,1364.1
136488,1364.88
136567,1365.67
136644,1366.44
136721,1367.21
136798,1367.98
136875,1368.75
136952,1369.52
137029,1370.29
137107,1371.07
137184,1371.84
137260,1372.6
137335,1373.35
137410,1374.1
137485,1374.85
137560,1375.6
137636,1376.36
137712,1377.12
137788,1377.88
137863,1378.63
137937,1379.37
138011,1380.11
138084,1380.84
138158,1381.58
138231,1382.31
138304,1383.04
138379,1383.79
138453,1384.53
138527,1385.27
138602,1386.02
138677,1386.77
138751,1387.51
138827,1388.27
138905,1389.05
138986,1389.86
139067,1390.67
139147,1391.47
139226,1392.26
139301,1393.01
139377,1393.77
139450,1394.5
139524,1395.24
139599,1395.99
139672,1396.72
139745,1397.45
139819,1398.19
139896,1398.96
139973,1399.73
140049,1400.49
140127,1401.27
140209,1402.09
140294,1402.94
140380,1403.8
140466,1404.66
140548,1405.48
140631,1406.31
140712,1407.12
140792,1407.92
140872,1408.72
140952,1409.52
141031,1410.31
141110,1411.1
141188,1411.88
141265,1412.65
141342,1413.42
141422,1414.22
141500,1415.0
141578,1415.78
141655,1416.55
141733,1417.33
141810,1418.1
141885,1418.85
141961,1419.61
142037,1420.37
142114,1421.14
142190,1421.9
142265,1422.65
142340,1423.4
142414,1424.14
142488,1424.88
142563,1425.63
142636,1426.36
142709,1427.09
142782,1427.82
142856,1428.56
142928,1429.28
143001,1430.01
143074,1430.74
143148,1431.48
143223,1432.23
143296,1432.96
143370,1433.7
143445,1434.45
143520,1435.2
143596,1435.96
143674,1436.74
143752,1437.52
143833,1438.33
143916,1439.16
143999,1439.99
144082,1440.82
144163,1441.63
144244,1442.44
144326,1443.26
144408,1444.08
144489,1444.89
144569,1445.69
144648,1446.48
144726,1447.26
144803,1448.03
144879,1448.79
144956,1449.56
145034,1450.34
145109,1451.09
145182,1451.82
145254,1452.54
145324,1453.24
145393,1453.93
145461,1454.61
145529,1455.29
145598,1455.98
145668,1456.68
145739,1457.39
145810,1458.1
145885,1458.85
145963,1459.63
146043,1460.43
146127,1461.27
146211,1462.11
146291,1462.91
146372,1463.72
146455,1464.55
146538,1465.38
146621,1466.21
146703,1467.03
146785,1467.85
146865,1468.65
146944,1469.44
147023,1470.23
147101,1471.01
147180,1471.8
147258,1472.58
147335,1473.35
147411,1474.11
147487,1474.87
147564,1475.64
147642,1476.42
147721,1477.21
147802,1478.02
147882,1478.82
147961,1479.61
148040,1480.4
148118,1481.18
148196,1481.96
148273,1482.73
148352,1483.52
148430,1484.3
148508,1485.08
148587,1485.87
148664,1486.64
148742,1487.42
148821,1488.21
148898,1488.98
148976,1489.76
149052,1490.52
149128,1491.28
149204,1492.04
149281,1492.81
149358,1493.58
149435,1494.35
149510,1495.1
149585,1495.85
149660,1496.6
149734,1497.34
149809,1498.09
149885,1498.85
149959,1499.59
150034,1500.34
150109,1501.09
150184,1501.84
150260,1502.6
150336,1503.36
150413,1504.13
150489,1504.89
150563,1505.63
150638,1506.38
150713,1507.13
150790,1507.9
150867,1508.67
150944,1509.44
151022,1510.22
151098,1510.98
151173,1511.73
151246,1512.46
151318,1513.18
151390,1513.9
151463,1514.63
151536,1515.36
151609,1516.09
151681,1516.81
151754,1517.54
151827,1518.27
151901,1519.01
151975,1519.75
152049,1520.49
152123,1521.23
152197,1521.97
152273,1522.73
152348,1523.48
152423,1524.23
152499,1524.99
152577,1525.77
152655,1526.55
152732,1527.32
152810,1528.1
152887,1528.87
152965,1529.65
153043,1530.43
153120,1531.2
153197,1531.97
153274,1532.74
153352,1533.52
153431,1534.31
153507,1535.07
153582,1535.82
153658,1536.58
153736,1537.36
153813,1538.13
153890,1538.9
153966,1539.66
154042,1540.42
154117,1541.17
154192,1541.92
154268,1542.68
154343,1543.43
154418,1544.18
154491,1544.91
154564,1545.64
154637,1546.37
154710,1547.1
154782,1547.82
154853,1548.53
154924,1549.24
154993,1549.93
155064,1550.64
155136,1551.36
155208,1552.08
155280,1552.8
155354,1553.54
155428,1554.28
155502,1555.02
155575,1555.75
155649,1556.49
155723,1557.23
155799,1557.99
155875,1558.75
155947,1559.47
156019,1560.19
156089,1560.89
156160,1561.6
156231,1562.31
156306,1563.06
156382,1563.82
156461,1564.61
156543,1565.43
156626,1566.26
156710,1567.1
156790,1567.9
156870,1568.7
156949,1569.49
157026,1570.26
157103,1571.03
157179,1571.79
157256,1572.56
157333,1573.33
157411,1574.11
157488,1574.88
157564,1575.64
157640,1576.4
157716,1577.16
157793,1577.93
157872,1578.72
157950,1579.5
158030,1580.3
158109,1581.09
158188,1581.88
158266,1582.66
158345,1583.45
158426,1584.26
158506,1585.06
158587,1585.87
158668,1586.68
158748,1587.48
158828,1588.28
158908,1589.08
158988,1589.88
159069,1590.69
159150,1591.5
159231,1592.31
159311,1593.11
159390,1593.9
159469,1594.69
159549,1595.49
159629,1596.29
159711,1597.11
159794,1597.94
159878,1598.78
159960,1599.6
160041,1600.41
160121,1601.21
160200,1602.0
160279,1602.79
160358,1603.58
160435,1604.35
160508,1605.08
160581,1605.81
160655,1606.55
160729,1607.29
160804,1608.04
160878,1608.78
160952,1609.52
161027,1610.27
161103,1611.03
161177,1611.77
161251,1612.51
161325,1613.25
161401,1614.01
161476,1614.76
161552,1615.52
161630,1616.3
161709,1617.09
161790,1617.9
161873,1618.73
161956,1619.56
162038,1620.38
162119,1621.19
162199,1621.99
162279,1622.79
162358,1623.58
162437,1624.37
162514,1625.14
162590,1625.9
162667,1626.67
162744,1627.44
162820,1628.2
162897,1628.97
162974,1629.74
163048,1630.48
163122,1631.22
163196,1631.96
163270,1632.7
163344,1633.44
163419,1634.19
163493,1634.93
163568,1635.68
163644,1636.44
163720,1637.2
163795,1637.95
163870,1638.7
163946,1639.46
164023,1640.23
164101,1641.01
164179,1641.79
164257,1642.57
164339,1643.39
164422,1644.22
164508,1645.08
164595,1645.95
164679,1646.79
164764,1647.64
164848,1648.48
164931,1649.31
165016,1650.16
165101,1651.01
165185,1651.85
165269,1652.69
165351,1653.51
165434,1654.34
165516,1655.16
165598,1655.98
165680,1656.8
165761,1657.61
165841,1658.41
165918,1659.18
165993,1659.93
166067,1660.67
166141,1661.41
166216,1662.16
166295,1662.95
166371,1663.71
166448,1664.48
166523,1665.23
166598,1665.98
166671,1666.71
166743,1667.43
166814,1668.14
166886,1668.86
166960,1669.6
167035,1670.35
167112,1671.12
167193,1671.93
167274,1672.74
167355,1673.55
167438,1674.38
167524,1675.24
167610,1676.1
167695,1676.95
167778,1677.78
167860,1678.6
167942,1679.42
168024,1680.24
168105,1681.05
168184,1681.84
168262,1682.62
168341,1683.41
168420,1684.2
168497,1684.97
168575,1685.75
168652,1686.52
168731,1687.31
168810,1688.1
168888,1688.88
168966,1689.66
169045,1690.45
169123,1691.23
169200,1692.0
169278,1692.78
169357,1693.57
169436,1694.36
169512,1695.12
169590,1695.9
169668,1696.68
169746,1697.46
169822,1698.22
169898,1698.98
169976,1699.76
170055,1700.55
170136,1701.36
170219,1702.19
170302,1703.02
170387,1703.87
170471,1704.71
170554,1705.54
170637,1706.37
170720,1707.2
170802,1708.02
170885,1708.85
170967,1709.67
171048,1710.48
171129,1711.29
171208,1712.08
171285,1712.85
171360,1713.6
171434,1714.34
171508,1715.08
171582,1715.82
171657,1716.57
171733,1717.33
171808,1718.08
171883,1718.83
171957,1719.57
172032,1720.32
172107,1721.07
172181,1721.81
172255,1722.55
172331,1723.31
172408,1724.08
172486,1724.86
172565,1725.65
172647,1726.47
172731,1727.31
172818,1728.18
172903,1729.03
172989,1729.89
173074,1730.74
173157,1731.57
173239,1732.39
173321,1733.21
173402,1734.02
173484,1734.84
173566,1735.66
173648,1736.48
173729,1737.29
173811,1738.11
173890,1738.9
173970,1739.7
174050,1740.5
174130,1741.3
174211,1742.11
174294,1742.94
174377,1743.77
174462,1744.62
174547,1745.47
174633,1746.33
174716,1747.16
174798,1747.98
174879,1748.79
174960,1749.6
175041,1750.41
175120,1751.2
175197,1751.97
175272,1752.72
175347,1753.47
175422,1754.22
175497,1754.97
175573,1755.73
175646,1756.46
175717,1757.17
175788,1757.88
175859,1758.59
175930,1759.3
176003,1760.03
176076,1760.76
176150,1761.5
176223,1762.23
176298,1762.98
176373,1763.73
176448,1764.48
176523,1765.23
176598,1765.98
176675,1766.75
176750,1767.5
176827,1768.27
176905,1769.05
176982,1769.82
177058,1770.58
177134,1771.34
177209,1772.09
177284,1772.84
177357,1773.57
177431,1774.31
177503,1775.03
177576,1775.76
177649,1776.49
177722,1777.22
177793,1777.93
177864,1778.64
177936,1779.36
178007,1780.07
178077,1780.77
178147,1781.47
178219,1782.19
178292,1782.92
178365,1783.65
178437,1784.37
178510,1785.1
178583,1785.83
178655,1786.55
178728,1787.28
178801,1788.01
178875,1788.75
178949,1789.49
179022,1790.22
179095,1790.95
179167,1791.67
179239,1792.39
179312,1793.12
179383,1793.83
179453,1794.53
179522,1795.22
179591,1795.91
179661,1796.61
179733,1797.33
179806,1798.06
179880,1798.8
179954,1799.54
180030,1800.3
180105,1801.05
180179,1801.79
180255,1802.55
180329,1803.29
180403,1804.03
180477,1804.77
180550,1805.5
180623,1806.23
180697,1806.97
180770,1807.7
180845,1808.45
180919,1809.19
180995,1809.95
181070,1810.7
181146,1811.46
181221,1812.21
181297,1812.97
181372,1813.72
181446,1814.46
181522,1815.22
181598,1815.98
181674,1816.74
181752,1817.52
181830,1818.3
181908,1819.08
181985,1819.85
182062,1820.62
182139,1821.39
182217,1822.17
182295,1822.95
182373,1823.73
182452,1824.52
182529,1825.29
182605,1826.05
182679,1826.79
182753,1827.53
182828,1828.28
182904,1829.04
182979,1829.79
183053,1830.53
183125,1831.25
183197,1831.97
183270,1832.7
183345,1833.45
183422,1834.22
183499,1834.99
183577,1835.77
183657,1836.57
183738,1837.38
183819,1838.19
183901,1839.01
183983,1839.83
184063,1840.63
184145,1841.45
184226,1842.26
184307,1843.07
184388,1843.88
184470,1844.7
184551,1845.51
184630,1846.3
184707,1847.07
184782,1847.82
184856,1848.56
184930,1849.3
185004,1850.04
185078,1850.78
185153,1851.53
185229,1852.29
185306,1853.06
185382,1853.82
185458,1854.58
185535,1855.35
185612,1856.12
185690,1856.9
185768,1857.68
185847,1858.47
185927,1859.27
186007,1860.07
186086,1860.86
186164,1861.64
186242,1862.42
186320,1863.2
186397,1863.97
186476,1864.76
186553,1865.53
186632,1866.32
186710,1867.1
186788,1867.88
186865,1868.65
186941,1869.41
187017,1870.17
187094,1870.94
187171,1871.71
187248,1872.48
187326,1873.26
187403,1874.03
187480,1874.8
187556,1875.56
187633,1876.33
187709,1877.09
187786,1877.86
187863,1878.63
187940,1879.4
188018,1880.18
188096,1880.96
188174,1881.74
188252,1882.52
188329,1883.29
188407,1884.07
188484,1884.84
188560,1885.6
188636,1886.36
188711,1887.11
188788,1887.88
188864,1888.64
188940,1889.4
189015,1890.15
189090,1890.9
189164,1891.64
189239,1892.39
189314,1893.14
189388,1893.88
189461,1894.61
189535,1895.35
189609,1896.09
189685,1896.85
189759,1897.59
189834,1898.34
189910,1899.1
189986,1899.86
190063,1900.63
190140,1901.4
190216,1902.16
190294,1902.94
190372,1903.72
190450,1904.5
190529,1905.29
190609,1906.09
190688,1906.88
190765,1907.65
190841,1908.41
190915,1909.15
190987,1909.87
191058,1910.58
191129,1911.29
191200,1912.0
191273,1912.73
191348,1913.48
191424,1914.24
191501,1915.01
191582,1915.82
191663,1916.63
191744,1917.44
191825,1918.25
191904,1919.04
191983,1919.83
192063,1920.63
192144,1921.44
192224,1922.24
192303,1923.03
192380,1923.8
192457,1924.57
192535,1925.35
192608,1926.08
192682,1926.82
192755,1927.55
192827,1928.27
192901,1929.01
192976,1929.76
193051,1930.51
193126,1931.26
193202,1932.02
193277,1932.77
193352,1933.52
193427,1934.27
193503,1935.03
193578,1935.78
193653,1936.53
193728,1937.28
193803,1938.03
193877,1938.77
193953,1939.53
194031,1940.31
194110,1941.1
194191,1941.91
194270,1942.7
194350,1943.5
194429,1944.29
194509,1945.09
194591,1945.91
194674,1946.74
194757,1947.57
194839,1948.39
194919,1949.19
194998,1949.98
195077,1950.77
195155,1951.55
195234,1952.34
195315,1953.15
195396,1953.96
195476,1954.76
195555,1955.55
195632,1956.32
195708,1957.08
195783,1957.83
195857,1958.57
195933,1959.33
196006,1960.06
196079,1960.79
196153,1961.53
196227,1962.27
196300,1963.0
196372,1963.72
196443,1964.43
196514,1965.14
196584,1965.84
196654,1966.54
196723,1967.23
196789,1967.89
196855,1968.55
196923,1969.23
196991,1969.91
197057,1970.57
197124,1971.24
197189,1971.89
197255,1972.55
197323,1973.23
197387,1973.87
197452,1974.52
197515,1975.15
197579,1975.79
197643,1976.43
197706,1977.06
197769,1977.69
197831,1978.31
197894,1978.94
197958,1979.58
198022,1980.22
198087,1980.87
198152,1981.52
198218,1982.18
198285,1982.85
198353,1983.53
198422,1984.22
198491,1984.91
198562,1985.62
198634,1986.34
198707,1987.07
198782,1987.82
198856,1988.56
198932,1989.32
199008,1990.08
199086,1990.86
199163,1991.63
199241,1992.41
199320,1993.2
199398,1993.98
199475,1994.75
199552,1995.52
199626,1996.26
199701,1997.01
199776,1997.76
199852,1998.52
199929,1999.29
200006,2000.06
200082,2000.82
200158,2001.58
200235,2002.35
200311,2003.11
200387,2003.87
200461,2004.61
200535,2005.35
200609,2006.09
200684,2006.84
200760,2007.6
200835,2008.35
200909,2009.09
200983,2009.83
201059,2010.59
201135,2011.35
201211,2012.11
201286,2012.86
201360,2013.6
201434,2014.34
201509,2015.09
201584,2015.84
201658,2016.58
201733,2017.33
201807,2018.07
201883,2018.83
201959,2019.59
202035,2020.35
202110,2021.1
202185,2021.85
202261,2022.61
202338,2023.38
202415,2024.15
202491,2024.91
202567,2025.67
202643,2026.43
202721,2027.21
202799,2027.99
202878,2028.78
202955,2029.55
203031,2030.31
203109,2031.09
203187,2031.87
203264,2032.64
203342,2033.42
203418,2034.18
203496,2034.96
203574,2035.74
203652,2036.52
203726,2037.26
203799,2037.99
203872,2038.72
203947,2039.47
204022,2040.22
204095,2040.95
204168,2041.68
204244,2042.44
204322,2043.22
204402,2044.02
204481,2044.81
204560,2045.6
204639,2046.39
204720,2047.2
204800,2048.0
204880,2048.8
204959,2049.59
205038,2050.38
205117,2051.17
205197,2051.97
205277,2052.77
205357,2053.57
205438,2054.38
205519,2055.19
205602,2056.02
205686,2056.86
205769,2057.69
205850,2058.5
205932,2059.32
206012,2060.12
206093,2060.93
206172,2061.72
206249,2062.49
206328,2063.28
206407,2064.07
206487,2064.87
206567,2065.67
206646,2066.46
206725,2067.25
206803,2068.03
206882,2068.82
206960,2069.6
207040,2070.4
207118,2071.18
207195,2071.95
207270,2072.7
207344,2073.44
207416,2074.16
207488,2074.88
207559,2075.59
207630,2076.3
207704,2077.04
207779,2077.79
207857,2078.57
207935,2079.35
208012,2080.12
208092,2080.92
208175,2081.75
208258,2082.58
208343,2083.43
208426,2084.26
208508,2085.08
208592,2085.92
208676,2086.76
208761,2087.61
208843,2088.43
208925,2089.25
209008,2090.08
209090,2090.9
209171,2091.71
209249,2092.49
209329,2093.29
209408,2094.08
209491,2094.91
209572,2095.72
209652,2096.52
209733,2097.33
209814,2098.14
209897,2098.97
209980,2099.8
210062,2100.62
210141,2101.41
210220,2102.2
210299,2102.99
210378,2103.78
210457,2104.57
210534,2105.34
210612,2106.12
210691,2106.91
210770,2107.7
210852,2108.52
210934,2109.34
211012,2110.12
211091,2110.91
211171,2111.71
211250,2112.5
211330,2113.3
211408,2114.08
211485,2114.85
211562,2115.62
211639,2116.39
211716,2117.16
211794,2117.94
211873,2118.73
211949,2119.49
212027,2120.27
212105,2121.05
212184,2121.84
212264,2122.64
212342,2123.42
212420,2124.2
212499,2124.99
212577,2125.77
212657,2126.57
212737,2127.37
212815,2128.15
212893,2128.93
212971,2129.71
213050,2130.5
213130,2131.3
213210,2132.1
213287,2132.87
213365,2133.65
213443,2134.43
213522,2135.22
213603,2136.03
213683,2136.83
213763,2137.63
213840,2138.4
213918,2139.18
213996,2139.96
214075,2140.75
214154,2141.54
214233,2142.33
214311,2143.11
214390,2143.9
214469,2144.69
214549,2145.49
214630,2146.3
214709,2147.09
214787,2147.87
214866,2148.66
214945,2149.45
215026,2150.26
215106,2151.06
215185,2151.85
215263,2152.63
215342,2153.42
215421,2154.21
215502,2155.02
215583,2155.83
215665,2156.65
215744,2157.44
215824,2158.24
215903,2159.03
215982,2159.82
216061,2160.61
216138,2161.38
216215,2162.15
216292,2162.92
216370,2163.7
216449,2164.49
216529,2165.29
216607,2166.07
216683,2166.83
216761,2167.61
216839,2168.39
216917,2169.17
216997,2169.97
217076,2170.76
217155,2171.55
217232,2172.32
217309,2173.09
217388,2173.88
217467,2174.67
217550,2175.5
217631,2176.31
217711,2177.11
217792,2177.92
217873,2178.73
217955,2179.55
218037,2180.37
218117,2181.17
218195,2181.95
218273,2182.73
218351,2183.51
218430,2184.3
218509,2185.09
218587,2185.87
218664,2186.64
218742,2187.42
218821,2188.21
218902,2189.02
218980,2189.8
219058,2190.58
219137,2191.37
219216,2192.16
219295,2192.95
219375,2193.75
219453,2194.53
219530,2195.3
219608,2196.08
219685,2196.85
219765,2197.65
219844,2198.44
219922,2199.22
220001,2200.01
220082,2200.82
220163,2201.63
220245,2202.45
220326,2203.26
220406,2204.06
220484,2204.84
220563,2205.63
220643,2206.43
220722,2207.22
220799,2207.99
220876,2208.76
220952,2209.52
221028,2210.28
221105,2211.05
221181,2211.81
221256,2212.56
221331,2213.31
221407,2214.07
221485,2214.85
221563,2215.63
221641,2216.41
221717,2217.17
221795,2217.95
221873,2218.73
221952,2219.52
222030,2220.3
222108,2221.08
222187,2221.87
222266,2222.66
222347,2223.47
222426,2224.26
222504,2225.04
222584,2225.84
222665,2226.65
222747,2227.47
222826,2228.26
222905,2229.05
222985,2229.85
223065,2230.65
223144,2231.44
223222,2232.22
223302,2233.02
223382,2233.82
223464,2234.64
223545,2235.45
223625,2236.25
223706,2237.06
223788,2237.88
223871,2238.71
223954,2239.54
224035,2240.35
224116,2241.16
224198,2241.98
224281,2242.81
224364,2243.64
224448,2244.48
224532,2245.32
224615,2246.15
224696,2246.96
224776,2247.76
224855,2248.55
224936,2249.36
225017,2250.17
225096,2250.96
225173,2251.73
225250,2252.5
225328,2253.28
225406,2254.06
225483,2254.83
225560,2255.6
225635,2256.35
225711,2257.11
225789,2257.89
225867,2258.67
225944,2259.44
226021,2260.21
226098,2260.98
226177,2261.77
226257,2262.57
226337,2263.37
226416,2264.16
226496,2264.96
226578,2265.78
226660,2266.6
226744,2267.44
226826,2268.26
226907,2269.07
226988,2269.88
227070,2270.7
227151,2271.51
227231,2272.31
227310,2273.1
227390,2273.9
227470,2274.7
227552,2275.52
227633,2276.33
227712,2277.12
227790,2277.9
227869,2278.69
227948,2279.48
228027,2280.27
228106,2281.06
228183,2281.83
228260,2282.6
228337,2283.37
228415,2284.15
228493,2284.93
228571,2285.71
228648,2286.48
228725,2287.25
228802,2288.02
228880,2288.8
228958,2289.58
229036,2290.36
229112,2291.12
229188,2291.88
229264,2292.64
229340,2293.4
229415,2294.15
229489,2294.89
229561,2295.61
229633,2296.33
229707,2297.07
229782,2297.82
229859,2298.59
229936,2299.36
230011,2300.11
230087,2300.87
230163,2301.63
230240,2302.4
230317,2303.17
230394,2303.94
230469,2304.69
230542,2305.42
230614,2306.14
230685,2306.85
230758,2307.58
230832,2308.32
230908,2309.08
230988,2309.88
231069,2310.69
231148,2311.48
231226,2312.26
231304,2313.04
231382,2313.82
231460,2314.6
231537,2315.37
231613,2316.13
231688,2316.88
231763,2317.63
231838,2318.38
231913,2319.13
231988,2319.88
232062,2320.62
232136,2321.36
232209,2322.09
232282,2322.82
232354,2323.54
232424,2324.24
232495,2324.95
232568,2325.68
232641,2326.41
232714,2327.14
232790,2327.9
232868,2328.68
232947,2329.47
233027,2330.27
233106,2331.06
233183,2331.83
233261,2332.61
233339,2333.39
233418,2334.18
233495,2334.95
233572,2335.72
233648,2336.48
233725,2337.25
233803,2338.03
233881,2338.81
233959,2339.59
234035,2340.35
234112,2341.12
234189,2341.89
234267,2342.67
234345,2343.45
234422,2344.22
234498,2344.98
234575,2345.75
234652,2346.52
234729,2347.29
234806,2348.06
234883,2348.83
234959,2349.59
235036,2350.36
235114,2351.14
235192,2351.92
235270,2352.7
235348,2353.48
235425,2354.25
235502,2355.02
235580,2355.8
235657,2356.57
235732,2357.32
235807,2358.07
235883,2358.83
235959,2359.59
236036,2360.36
236113,2361.13
236189,2361.89
236264,2362.64
236340,2363.4
236415,2364.15
236491,2364.91
236567,2365.67
236642,2366.42
236717,2367.17
236793,2367.93
236870,2368.7
236947,2369.47
237024,2370.24
237100,2371.0
237175,2371.75
237250,2372.5
237326,2373.26
237403,2374.03
237479,2374.79
237553,2375.53
237627,2376.27
237702,2377.02
237777,2377.77
237852,2378.52
237926,2379.26
237999,2379.99
238074,2380.74
238149,2381.49
238226,2382.26
238305,2383.05
238384,2383.84
238461,2384.61
238539,2385.39
238616,2386.16
238695,2386.95
238773,2387.73
238849,2388.49
238925,2389.25
239000,2390.0
239077,2390.77
239155,2391.55
239232,2392.32
239309,2393.09
239385,2393.85
239462,2394.62
239540,2395.4
239618,2396.18
239696,2396.96
239772,2397.72
239847,2398.47
239922,2399.22
239998,2399.98
240074,2400.74
240149,2401.49
240223,2402.23
240298,2402.98
240375,2403.75
240453,2404.53
240532,2405.32
240608,2406.08
240683,2406.83
240759,2407.59
240836,2408.36
240912,2409.12
240988,2409.88
241063,2410.63
241138,2411.38
241215,2412.15
241292,2412.92
241372,2413.72
241454,2414.54
241538,2415.38
241620,2416.2
241704,2417.04
241786,2417.86
241865,2418.65
241944,2419.44
242022,2420.22
242099,2420.99
242176,2421.76
242251,2422.51
242327,2423.27
242402,2424.02
242477,2424.77
242552,2425.52
242627,2426.27
242703,2427.03
242778,2427.78
242854,2428.54
242928,2429.28
243004,2430.04
243079,2430.79
243154,2431.54
243230,2432.3
243307,2433.07
243384,2433.84
243461,2434.61
243537,2435.37
243613,2436.13
243687,2436.87
243760,2437.6
243832,2438.32
243904,2439.04
243978,2439.78
244055,2440.55
244135,2441.35
244215,2442.15
244294,2442.94
244373,2443.73
244453,2444.53
244535,2445.35
244618,2446.18
244703,2447.03
244786,2447.86
244868,2448.68
244949,2449.49
245030,2450.3
245112,2451.12
245195,2451.95
245278,2452.78
245360,2453.6
245442,2454.42
245524,2455.24
245606,2456.06
245688,2456.88
245771,2457.71
245853,2458.53
245933,2459.33
246014,2460.14
246095,2460.95
246176,2461.76
246255,2462.55
246334,2463.34
246414,2464.14
246492,2464.92
246569,2465.69
246647,2466.47
246725,2467.25
246802,2468.02
246877,2468.77
246954,2469.54
247029,2470.29
247104,2471.04
247177,2471.77
247251,2472.51
247325,2473.25
247400,2474.0
247475,2474.75
247550,2475.5
247625,2476.25
247701,2477.01
247779,2477.79
247858,2478.58
247939,2479.39
248019,2480.19
248100,2481.0
248181,2481.81
248263,2482.63
248343,2483.43
248424,2484.24
248503,2485.03
248582,2485.82
248663,2486.63
248743,2487.43
248822,2488.22
248903,2489.03
248984,2489.84
249066,2490.66
249148,2491.48
249231,2492.31
249312,2493.12
249394,2493.94
249475,2494.75
249556,2495.56
249636,2496.36
249716,2497.16
249794,2497.94
249872,2498.72
249951,2499.51
250029,2500.29
250108,2501.08
250187,2501.87
250265,2502.65
250342,2503.42
250419,2504.19
250498,2504.98
250577,2505.77
250655,2506.55
250734,2507.34
250814,2508.14
250894,2508.94
250975,2509.75
251056,2510.56
251135,2511.35
251215,2512.15
251296,2512.96
251377,2513.77
251461,2514.61
251543,2515.43
251623,2516.23
251703,2517.03
251784,2517.84
251866,2518.66
251947,2519.47
252029,2520.29
252109,2521.09
252188,2521.88
252268,2522.68
252347,2523.47
252429,2524.29
252511,2525.11
252590,2525.9
252669,2526.69
252746,2527.46
252823,2528.23
252900,2529.0
252978,2529.78
253055,2530.55
253133,2531.33
253210,2532.1
253287,2532.87
253365,2533.65
253443,2534.43
253520,2535.2
253598,2535.98
253675,2536.75
253751,2537.51
253828,2538.28
253906,2539.06
253983,2539.83
254059,2540.59
254134,2541.34
254211,2542.11
254288,2542.88
254366,2543.66
254443,2544.43
254520,2545.2
254595,2545.95
254672,2546.72
254749,2547.49
254829,2548.29
254909,2549.09
254987,2549.87
255065,2550.65
255143,2551.43
255222,2552.22
255301,2553.01
255381,2553.81
255460,2554.6
255538,2555.38
255617,2556.17
255695,2556.95
255775,2557.75
255854,2558.54
255932,2559.32
256009,2560.09
256087,2560.87
256165,2561.65
256244,2562.44
256325,2563.25
256404,2564.04
256482,2564.82
256562,2565.62
256642,2566.42
256723,2567.23
256806,2568.06
256886,2568.86
256965,2569.65
257043,2570.43
257121,2571.21
257200,2572.0
257277,2572.77
257354,2573.54
257430,2574.3
257508,2575.08
257586,2575.86
257667,2576.67
257746,2577.46
257825,2578.25
257904,2579.04
257983,2579.83
258063,2580.63
258143,2581.43
258221,2582.21
258298,2582.98
258376,2583.76
258454,2584.54
258532,2585.32
258610,2586.1
258688,2586.88
258765,2587.65
258842,2588.42
258920,2589.2
258998,2589.98
259077,2590.77
259154,2591.54
259231,2592.31
259307,2593.07
259385,2593.85
259463,2594.63
259542,2595.42
259620,2596.2
259698,2596.98
259774,2597.74
259850,2598.5
259928,2599.28
260006,2600.06
260084,2600.84
260163,2601.63
260243,2602.43
260322,2603.22
260402,2604.02
260483,2604.83
260562,2605.62
260640,2606.4
260718,2607.18
260795,2607.95
260874,2608.74
260953,2609.53
261031,2610.31
261109,2611.09
261185,2611.85
261262,2612.62
261339,2613.39
261417,2614.17
261495,2614.95
261572,2615.72
261648,2616.48
261724,2617.24
261801,2618.01
261879,2618.79
261957,2619.57
262033,2620.33
262109,2621.09
262185,2621.85
262262,2622.62
262340,2623.4
262417,2624.17
262494,2624.94
262570,2625.7
262647,2626.47
262725,2627.25
262803,2628.03
262882,2628.82
262959,2629.59
263036,2630.36
263113,2631.13
263191,2631.91
263270,2632.7
263348,2633.48
263425,2634.25
263502,2635.02
263580,2635.8
263660,2636.6
263738,2637.38
263815,2638.15
263891,2638.91
263967,2639.67
264044,2640.44
264121,2641.21
264198,2641.98
264274,2642.74
264349,2643.49
264426,2644.26
264504,2645.04
264581,2645.81
264658,2646.58
264733,2647.33
264808,2648.08
264885,2648.85
264963,2649.63
265041,2650.41
265118,2651.18
265195,2651.95
265272,2652.72
265348,2653.48
265426,2654.26
265504,2655.04
265580,2655.8
265656,2656.56
265733,2657.33
265811,2658.11
265890,2658.9
265968,2659.68
266046,2660.46
266125,2661.25
266204,2662.04
266285,2662.85
266365,2663.65
266443,2664.43
266522,2665.22
266602,2666.02
266682,2666.82
266761,2667.61
266838,2668.38
266914,2669.14
266990,2669.9
267067,2670.67
267145,2671.45
267222,2672.22
267298,2672.98
267373,2673.73
267448,2674.48
267523,2675.23
267598,2675.98
267676,2676.76
267753,2677.53
267829,2678.29
267904,2679.04
267979,2679.79
268054,2680.54
268132,2681.32
268208,2682.08
268284,2682.84
268359,2683.59
268435,2684.35
268512,2685.12
268588,2685.88
268663,2686.63
268738,2687.38
268814,2688.14
268892,2688.92
268969,2689.69
269045,2690.45
269121,2691.21
269198,2691.98
269275,2692.75
269353,2693.53
269432,2694.32
269509,2695.09
269586,2695.86
269663,2696.63
269740,2697.4
269818,2698.18
269895,2698.95
269971,2699.71
270047,2700.47
270123,2701.23
270199,2701.99
270276,2702.76
270356,2703.56
270435,2704.35
270514,2705.14
270591,2705.91
270668,2706.68
270747,2707.47
270827,2708.27
270904,2709.04
270980,2709.8
271056,2710.56
271132,2711.32
271210,2712.1
271288,2712.88
271367,2713.67
271444,2714.44
271520,2715.2
271596,2715.96
271672,2716.72
271749,2717.49
271825,2718.25
271900,2719.0
271979,2719.79
272058,2720.58
272140,2721.4
272221,2722.21
272301,2723.01
272380,2723.8
272459,2724.59
272538,2725.38
272618,2726.18
272697,2726.97
272775,2727.75
272852,2728.52
272930,2729.3
273008,2730.08
273085,2730.85
273164,2731.64
273241,2732.41
273316,2733.16
273394,2733.94
273472,2734.72
273552,2735.52
273633,2736.33
273712,2737.12
273790,2737.9
273868,2738.68
273947,2739.47
274026,2740.26
274106,2741.06
274185,2741.85
274262,2742.62
274340,2743.4
274419,2744.19
274498,2744.98
274578,2745.78
274656,2746.56
274733,2747.33
274810,2748.1
274887,2748.87
274964,2749.64
275043,2750.43
275122,2751.22
275198,2751.98
275273,2752.73
275348,2753.48
275424,2754.24
275500,2755.0
275575,2755.75
275650,2756.5
275725,2757.25
275801,2758.01
275877,2758.77
275954,2759.54
276030,2760.3
276105,2761.05
276180,2761.8
276256,2762.56
276333,2763.33
276411,2764.11
276489,2764.89
276565,2765.65
276642,2766.42
276720,2767.2
276797,2767.97
276875,2768.75
276951,2769.51
277026,2770.26
277101,2771.01
277175,2771.75
277250,2772.5
277326,2773.26
277403,2774.03
277481,2774.81
277557,2775.57
277632,2776.32
277708,2777.08
277786,2777.86
277863,2778.63
277939,2779.39
278015,2780.15
278091,2780.91
278178,2781.78
278264,2782.64
278352,2783.52
278440,2784.4
278525,2785.25
278608,2786.08
278690,2786.9
278772,2787.72
278855,2788.55
278936,2789.36
279016,2790.16
279097,2790.97
279176,2791.76
279256,2792.56
279335,2793.35
279415,2794.15
279493,2794.93
279570,2795.7
279647,2796.47
279725,2797.25
279803,2798.03
279882,2798.82
279960,2799.6
280038,2800.38
280116,2801.16
280196,2801.96
280275,2802.75
280355,2803.55
280432,2804.32
280509,2805.09
280587,2805.87
280665,2806.65
280746,2807.46
280828,2808.28
280908,2809.08
280985,2809.85
281062,2810.62
281138,2811.38
281214,2812.14
281291,2812.91
281366,2813.66
281441,2814.41
281516,2815.16
281592,2815.92
281668,2816.68
281746,2817.46
281824,2818.24
281900,2819.0
281977,2819.77
282054,2820.54
282133,2821.33
282211,2822.11
282288,2822.88
282364,2823.64
282437,2824.37
282511,2825.11
282585,2825.85
282659,2826.59
282733,2827.33
282808,2828.08
282884,2828.84
282962,2829.62
283041,2830.41
283119,2831.19
283196,2831.96
283274,2832.74
283351,2833.51
283428,2834.28
283505,2835.05
283581,2835.81
283656,2836.56
283732,2837.32
283809,2838.09
283886,2838.86
283963,2839.63
284039,2840.39
284113,2841.13
284188,2841.88
284262,2842.62
284338,2843.38
284414,2844.14
284489,2844.89
284564,2845.64
284639,2846.39
284716,2847.16
284792,2847.92
284870,2848.7
284948,2849.48
285025,2850.25
285100,2851.0
285178,2851.78
285256,2852.56
285334,2853.34
285412,2854.12
285489,2854.89
285564,2855.64
285641,2856.41
285719,2857.19
285796,2857.96
285872,2858.72
285947,2859.47
286022,2860.22
286099,2860.99
286175,2861.75
286252,2862.52
286329,2863.29
286406,2864.06
286483,2864.83
286560,2865.6
286636,2866.36
286713,2867.13
286792,2867.92
286867,2868.67
286943,2869.43
287019,2870.19
287095,2870.95
287171,2871.71
287249,2872.49
287326,2873.26
287402,2874.02
287479,2874.79
287556,2875.56
287634,2876.34
287713,2877.13
287790,2877.9
287866,2878.66
287941,2879.41
288018,2880.18
288095,2880.95
288173,2881.73
288250,2882.5
288326,2883.26
288403,2884.03
288481,2884.81
288560,2885.6
288639,2886.39
288719,2887.19
288796,2887.96
288873,2888.73
288951,2889.51
289029,2890.29
289109,2891.09
289189,2891.89
289270,2892.7
289349,2893.49
289426,2894.26
289504,2895.04
289583,2895.83
289665,2896.65
289746,2897.46
289826,2898.26
289904,2899.04
289982,2899.82
290060,2900.6
290139,2901.39
290218,2902.18
290299,2902.99
290377,2903.77
290455,2904.55
290533,2905.33
290612,2906.12
290692,2906.92
290771,2907.71
290850,2908.5
290927,2909.27
291003,2910.03
291082,2910.82
291159,2911.59
291237,2912.37
291314,2913.14
291389,2913.89
291465,2914.65
291541,2915.41
291617,2916.17
291693,2916.93
291767,2917.67
291840,2918.4
291913,2919.13
291986,2919.86
292060,2920.6
292134,2921.34
292209,2922.09
292282,2922.82
292356,2923.56
292432,2924.32
292508,2925.08
292585,2925.85
292664,2926.64
292741,2927.41
292818,2928.18
292897,2928.97
292978,2929.78
293061,2930.61
293143,2931.43
293223,2932.23
293300,2933.0
293379,2933.79
293458,2934.58
293539,2935.39
293620,2936.2
293699,2936.99
293778,2937.78
293861,2938.61
293942,2939.42
294023,2940.23
294103,2941.03
294181,2941.81
294257,2942.57
294334,2943.34
294412,2944.12
294490,2944.9
294570,2945.7
294649,2946.49
294726,2947.26
294804,2948.04
294882,2948.82
294960,2949.6
295041,2950.41
295121,2951.21
295198,2951.98
295275,2952.75
295351,2953.51
295427,2954.27
295505,2955.05
295585,2955.85
295663,2956.63
295741,2957.41
295819,2958.19
295898,2958.98
295978,2959.78
296058,2960.58
296136,2961.36
296212,2962.12
296289,2962.89
296367,2963.67
296447,2964.47
296528,2965.28
296607,2966.07
296684,2966.84
296762,2967.62
296839,2968.39
296918,2969.18
296997,2969.97
297076,2970.76
297153,2971.53
297229,2972.29
297306,2973.06
297383,2973.83
297461,2974.61
297539,2975.39
297616,2976.16
297691,2976.91
297767,2977.67
297842,2978.42
297918,2979.18
297996,2979.96
298075,2980.75
298151,2981.51
298227,2982.27
298301,2983.01
298375,2983.75
298451,2984.51
298528,2985.28
298607,2986.07
298684,2986.84
298760,2987.6
298837,2988.37
298915,2989.15
298993,2989.93
299071,2990.71
299148,2991.48
299224,2992.24
299301,2993.01
299379,2993.79
299459,2994.59
299539,2995.39
299618,2996.18
299697,2996.97
299775,2997.75
299853,2998.53
299934,2999.34
300016,3000.16
300097,3000.97
300177,3001.77
300253,3002.53
300330,3003.3
300408,3004.08
300487,3004.87
300566,3005.66
300644,3006.44
300721,3007.21
300798,3007.98
300878,3008.78
300961,3009.61
301045,3010.45
301128,3011.28
301209,3012.09
301287,3012.87
301366,3013.66
301447,3014.47
301529,3015.29
301609,3016.09
301689,3016.89
301766,3017.66
301843,3018.43
301919,3019.19
301996,3019.96
302074,3020.74
302153,3021.53
302230,3022.3
302307,3023.07
302385,3023.85
302463,3024.63
302543,3025.43
302623,3026.23
302701,3027.01
302778,3027.78
302855,3028.55
302933,3029.33
303012,3030.12
303092,3030.92
303169,3031.69
303246,3032.46
303323,3033.23
303399,3033.99
303476,3034.76
303553,3035.53
303630,3036.3
303705,3037.05
303779,3037.79
303855,3038.55
303930,3039.3
304007,3040.07
304081,3040.81
304156,3041.56
304231,3042.31
304307,3043.07
304383,3043.83
304461,3044.61
304537,3045.37
304613,3046.13
304689,3046.89
304767,3047.67
304845,3048.45
304922,3049.22
304998,3049.98
305073,3050.73
305148,3051.48
305223,3052.23
305299,3052.99
305374,3053.74
305449,3054.49
305524,3055.24
305599,3055.99
305675,3056.75
305754,3057.54
305832,3058.32
305908,3059.08
305986,3059.86
306063,3060.63
306140,3061.4
306216,3062.16
306291,3062.91
306366,3063.66
306441,3064.41
306517,3065.17
306596,3065.96
306674,3066.74
306751,3067.51
306827,3068.27
306905,3069.05
306983,3069.83
307061,3070.61
307138,3071.38
307217,3072.17
307293,3072.93
307372,3073.72
307453,3074.53
307535,3075.35
307618,3076.18
307697,3076.97
307775,3077.75
307852,3078.52
307931,3079.31
308010,3080.1
308088,3080.88
308165,3081.65
308240,3082.4
308316,3083.16
308393,3083.93
308470,3084.7
308547,3085.47
308626,3086.26
308703,3087.03
308778,3087.78
308855,3088.55
308933,3089.33
309012,3090.12
309091,3090.91
309169,3091.69
309246,3092.46
309324,3093.24
309403,3094.03
309483,3094.83
309563,3095.63
309643,3096.43
309720,3097.2
309797,3097.97
309874,3098.74
309951,3099.51
310028,3100.28
310105,3101.05
310181,3101.81
310256,3102.56
310331,3103.31
310406,3104.06
310481,3104.81
310557,3105.57
310634,3106.34
310710,3107.1
310785,3107.85
310861,3108.61
310936,3109.36
311013,3110.13
311088,3110.88
311164,3111.64
311239,3112.39
311315,3113.15
311392,3113.92
311470,3114.7
311547,3115.47
311622,3116.22
311698,3116.98
311774,3117.74
311851,3118.51
311929,3119.29
312006,3120.06
312082,3120.82
312157,3121.57
312233,3122.33
312309,3123.09
312385,3123.85
312461,3124.61
312536,3125.36
312611,3126.11
312687,3126.87
312763,3127.63
312840,3128.4
312919,3129.19
312997,3129.97
313074,3130.74
313151,3131.51
313229,3132.29
313306,3133.06
313384,3133.84
313461,3134.61
313538,3135.38
313613,3136.13
313689,3136.89
313765,3137.65
313842,3138.42
313918,3139.18
313994,3139.94
314069,3140.69
314146,3141.46
314224,3142.24
314302,3143.02
314380,3143.8
314456,3144.56
314532,3145.32
314608,3146.08
314685,3146.85
314763,3147.63
314843,3148.43
314922,3149.22
314997,3149.97
315073,3150.73
315150,3151.5
315227,3152.27
315307,3153.07
315388,3153.88
315468,3154.68
315546,3155.46
315623,3156.23
315702,3157.02
315780,3157.8
315859,3158.59
315940,3159.4
316019,3160.19
316096,3160.96
316173,3161.73
316250,3162.5
316329,3163.29
316408,3164.08
316486,3164.86
316564,3165.64
316643,3166.43
316722,3167.22
316803,3168.03
316885,3168.85
316964,3169.64
317042,3170.42
317121,3171.21
317201,3172.01
317281,3172.81
317359,3173.59
317436,3174.36
317512,3175.12
317589,3175.89
317665,3176.65
317743,3177.43
317821,3178.21
317898,3178.98
317973,3179.73
318049,3180.49
318125,3181.25
318201,3182.01
318276,3182.76
318351,3183.51
318426,3184.26
318502,3185.02
318579,3185.79
318656,3186.56
318733,3187.33
318809,3188.09
318885,3188.85
318962,3189.62
319039,3190.39
319117,3191.17
319194,3191.94
319270,3192.7
319346,3193.46
319423,3194.23
319501,3195.01
319581,3195.81
319659,3196.59
319736,3197.36
319812,3198.12
319889,3198.89
319965,3199.65
320043,3200.43
320120,3201.2
320196,3201.96
320273,3202.73
320348,3203.48
320423,3204.23
320499,3204.99
320575,3205.75
320651,3206.51
320726,3207.26
320801,3208.01
320877,3208.77
320954,3209.54
321031,3210.31
321107,3211.07
321183,3211.83
321260,3212.6
321337,3213.37
321415,3214.15
321493,3214.93
321569,3215.69
321646,3216.46
321725,3217.25
321805,3218.05
321886,3218.86
321967,3219.67
322045,3220.45
322123,3221.23
322201,3222.01
322280,3222.8
322360,3223.6
322440,3224.4
322521,3225.21
322598,3225.98
322675,3226.75
322754,3227.54
322833,3228.33
322913,3229.13
322992,3229.92
323068,3230.68
323141,3231.41
323213,3232.13
323283,3232.83
323353,3233.53
323422,3234.22
323491,3234.91
323559,3235.59
323628,3236.28
323697,3236.97
323765,3237.65
323833,3238.33
323901,3239.01
323968,3239.68
324035,3240.35
324101,3241.01
324167,3241.67
324233,3242.33
324299,3242.99
324365,3243.65
324431,3244.31
324497,3244.97
324563,3245.63
324629,3246.29
324695,3246.95
324763,3247.63
324832,3248.32
324900,3249.0
324968,3249.68
325036,3250.36
325106,3251.06
325179,3251.79
325255,3252.55
325334,3253.34
325414,3254.14
325494,3254.94
325576,3255.76
325658,3256.58
325741,3257.41
325825,3258.25
325909,3259.09
325993,3259.93
326077,3260.77
326160,3261.6
326242,3262.42
326324,3263.24
326406,3264.06
326486,3264.86
326567,3265.67
326647,3266.47
326726,3267.26
326802,3268.02
326876,3268.76
326950,3269.5
327024,3270.24
327100,3271.0
327175,3271.75
327250,3272.5
327324,3273.24
327399,3273.99
327475,3274.75
327552,3275.52
327628,3276.28
327704,3277.04
327780,3277.8
327858,3278.58
327936,3279.36
328015,3280.15
328093,3280.93
328171,3281.71
328250,3282.5
328329,3283.29
328410,3284.1
328493,3284.93
328574,3285.74
328654,3286.54
328733,3287.33
328812,3288.12
328894,3288.94
328977,3289.77
329059,3290.59
329140,3291.4
329219,3292.19
329296,3292.96
329373,3293.73
329449,3294.49
329525,3295.25
329601,3296.01
329676,3296.76
329751,3297.51
329825,3298.25
329901,3299.01
329977,3299.77
330054,3300.54
330130,3301.3
330205,3302.05
330280,3302.8
330355,3303.55
330429,3304.29
330505,3305.05
330580,3305.8
330656,3306.56
330732,3307.32
330808,3308.08
330887,3308.87
330967,3309.67
331048,3310.48
331128,3311.28
331205,3312.05
331284,3312.84
331362,3313.62
331442,3314.42
331522,3315.22
331601,3316.01
331678,3316.78
331755,3317.55
331832,3318.32
331911,3319.11
331991,3319.91
332069,3320.69
332147,3321.47
332226,3322.26
332306,3323.06
332386,3323.86
332464,3324.64
332543,3325.43
332622,3326.22
332701,3327.01
332780,3327.8
332858,3328.58
332935,3329.35
333012,3330.12
333089,3330.89
333166,3331.66
333244,3332.44
333320,3333.2
333396,3333.96
333471,3334.71
333546,3335.46
333621,3336.21
333697,3336.97
333772,3337.72
333847,3338.47
333923,3339.23
333998,3339.98
334075,3340.75
334152,3341.52
334228,3342.28
334304,3343.04
334379,3343.79
334454,3344.54
334530,3345.3
334606,3346.06
334682,3346.82
334757,3347.57
334833,3348.33
334908,3349.08
334985,3349.85
335062,3350.62
335138,3351.38
335214,3352.14
335291,3352.91
335369,3353.69
335447,3354.47
335525,3355.25
335601,3356.01
335679,3356.79
335757,3357.57
335836,3358.36
335916,3359.16
335996,3359.96
336074,3360.74
336151,3361.51
336228,3362.28
336306,3363.06
336384,3363.84
336462,3364.62
336540,3365.4
336617,3366.17
336694,3366.94
336772,3367.72
336851,3368.51
336931,3369.31
337010,3370.1
337088,3370.88
337166,3371.66
337245,3372.45
337324,3373.24
337403,3374.03
337480,3374.8
337557,3375.57
337635,3376.35
337712,3377.12
337790,3377.9
337866,3378.66
337941,3379.41
338017,3380.17
338092,3380.92
338167,3381.67
338244,3382.44
338319,3383.19
338393,3383.93
338467,3384.67
338541,3385.41
338615,3386.15
338691,3386.91
338766,3387.66
338840,3388.4
338914,3389.14
338989,3389.89
339065,3390.65
339142,3391.42
339218,3392.18
339295,3392.95
339373,3393.73
339451,3394.51
339530,3395.3
339608,3396.08
339684,3396.84
339761,3397.61
339837,3398.37
339914,3399.14
339993,3399.93
340069,3400.69
340145,3401.45
340220,3402.2
340296,3402.96
340374,3403.74
340452,3404.52
340529,3405.29
340605,3406.05
340681,3406.81
340756,3407.56
340833,3408.33
340910,3409.1
340986,3409.86
341061,3410.61
341138,3411.38
341215,3412.15
341293,3412.93
341372,3413.72
341449,3414.49
341525,3415.25
341602,3416.02
341680,3416.8
341760,3417.6
341841,3418.41
341919,3419.19
341996,3419.96
342075,3420.75
342153,3421.53
342230,3422.3
342308,3423.08
342385,3423.85
342461,3424.61
342539,3425.39
342617,3426.17
342696,3426.96
342774,3427.74
342851,3428.51
342926,3429.26
343002,3430.02
343078,3430.78
343155,3431.55
343233,3432.33
343310,3433.1
343385,3433.85
343461,3434.61
343537,3435.37
343613,3436.13
343690,3436.9
343766,3437.66
343842,3438.42
343921,3439.21
344002,3440.02
344085,3440.85
344169,3441.69
344250,3442.5
344328,3443.28
344407,3444.07
344484,3444.84
344562,3445.62
344640,3446.4
344717,3447.17
344794,3447.94
344872,3448.72
344951,3449.51
345031,3450.31
345111,3451.11
345188,3451.88
345265,3452.65
345342,3453.42
345419,3454.19
345497,3454.97
345576,3455.76
345654,3456.54
345731,3457.31
345809,3458.09
345887,3458.87
345966,3459.66
346044,3460.44
346120,3461.2
346198,3461.98
346276,3462.76
346356,3463.56
346435,3464.35
346513,3465.13
346590,3465.9
346666,3466.66
346743,3467.43
346820,3468.2
346898,3468.98
346974,3469.74
347049,3470.49
347124,3471.24
347200,3472.0
347278,3472.78
347356,3473.56
347434,3474.34
347511,3475.11
347588,3475.88
347666,3476.66
347744,3477.44
347822,3478.22
347899,3478.99
347975,3479.75
348053,3480.53
348130,3481.3
348209,3482.09
348287,3482.87
348364,3483.64
348440,3484.4
348516,3485.16
348594,3485.94
348674,3486.74
348753,3487.53
348830,3488.3
348905,3489.05
348981,3489.81
349057,3490.57
349133,3491.33
349211,3492.11
349288,3492.88
349364,3493.64
349442,3494.42
349520,3495.2
349600,3496.0
349682,3496.82
349765,3497.65
349844,3498.44
349921,3499.21
349998,3499.98
350076,3500.76
350156,3501.56
350234,3502.34
350313,3503.13
350393,3503.93
350473,3504.73
350554,3505.54
350635,3506.35
350713,3507.13
350792,3507.92
350872,3508.72
350952,3509.52
351032,3510.32
351110,3511.1
351188,3511.88
351264,3512.64
351341,3513.41
351418,3514.18
351496,3514.96
351573,3515.73
351649,3516.49
351726,3517.26
351802,3518.02
351880,3518.8
351957,3519.57
352033,3520.33
352110,3521.1
352186,3521.86
352263,3522.63
352341,3523.41
352420,3524.2
352497,3524.97
352574,3525.74
352650,3526.5
352727,3527.27
352807,3528.07
352887,3528.87
352965,3529.65
353043,3530.43
353120,3531.2
353199,3531.99
353278,3532.78
353359,3533.59
353439,3534.39
353519,3535.19
353597,3535.97
353674,3536.74
353752,3537.52
353830,3538.3
353906,3539.06
353981,3539.81
354056,3540.56
354132,3541.32
354208,3542.08
354284,3542.84
354360,3543.6
354436,3544.36
354513,3545.13
354593,3545.93
354674,3546.74
354754,3547.54
354833,3548.33
354913,3549.13
354993,3549.93
355073,3550.73
355155,3551.55
355235,3552.35
355313,3553.13
355392,3553.92
355471,3554.71
355551,3555.51
355631,3556.31
355708,3557.08
355785,3557.85
355861,3558.61
355937,3559.37
356014,3560.14
356092,3560.92
356170,3561.7
356247,3562.47
356323,3563.23
356401,3564.01
356479,3564.79
356558,3565.58
356637,3566.37
356714,3567.14
356790,3567.9
356866,3568.66
356943,3569.43
357022,3570.22
357099,3570.99
357176,3571.76
357253,3572.53
357331,3573.31
357410,3574.1
357491,3574.91
357572,3575.72
357651,3576.51
357730,3577.3
357810,3578.1
357889,3578.89
357967,3579.67
358045,3580.45
358121,3581.21
358196,3581.96
358271,3582.71
358350,3583.5
358429,3584.29
358507,3585.07
358584,3585.84
358660,3586.6
358737,3587.37
358814,3588.14
358892,3588.92
358971,3589.71
359049,3590.49
359127,3591.27
359206,3592.06
359285,3592.85
359365,3593.65
359445,3594.45
359522,3595.22
359599,3595.99
359676,3596.76
359754,3597.54
359832,3598.32
359910,3599.1
359986,3599.86
360062,3600.62
360138,3601.38
360215,3602.15
360294,3602.94
360373,3603.73
360451,3604.51
360528,3605.28
360605,3606.05
360683,3606.83
360761,3607.61
360842,3608.42
360921,3609.21
360998,3609.98
361076,3610.76
361154,3611.54
361234,3612.34
361314,3613.14
361391,3613.91
361467,3614.67
361545,3615.45
361624,3616.24
361705,3617.05
361785,3617.85
361862,3618.62
361939,3619.39
362016,3620.16
362093,3620.93
362170,3621.7
362248,3622.48
362325,3623.25
362403,3624.03
362483,3624.83
362564,3625.64
362645,3626.45
362723,3627.23
362801,3628.01
362879,3628.79
362957,3629.57
363037,3630.37
363117,3631.17
363195,3631.95
363272,3632.72
363349,3633.49
363428,3634.28
363507,3635.07
363585,3635.85
363662,3636.62
363739,3637.39
363818,3638.18
363896,3638.96
363977,3639.77
364061,3640.61
364141,3641.41
364220,3642.2
364299,3642.99
364378,3643.78
364457,3644.57
364536,3645.36
364613,3646.13
364691,3646.91
364770,3647.7
364850,3648.5
364931,3649.31
365012,3650.12
365092,3650.92
365169,3651.69
365248,3652.48
365326,3653.26
365405,3654.05
365484,3654.84
365563,3655.63
365644,3656.44
365722,3657.22
365800,3658.0
365877,3658.77
365954,3659.54
366031,3660.31
366108,3661.08
366185,3661.85
366264,3662.64
366343,3663.43
366420,3664.2
366496,3664.96
366576,3665.76
366655,3666.55
366734,3667.34
366812,3668.12
366890,3668.9
366970,3669.7
367050,3670.5
367132,3671.32
367211,3672.11
367289,3672.89
367366,3673.66
367443,3674.43
367521,3675.21
367599,3675.99
367676,3676.76
367752,3677.52
367830,3678.3
367908,3679.08
367989,3679.89
368071,3680.71
368150,3681.5
368229,3682.29
368309,3683.09
368389,3683.89
368470,3684.7
368549,3685.49
368627,3686.27
368704,3687.04
368783,3687.83
368863,3688.63
368942,3689.42
369021,3690.21
369098,3690.98
369174,3691.74
369250,3692.5
369327,3693.27
369405,3694.05
369483,3694.83
369559,3695.59
369635,3696.35
369712,3697.12
369789,3697.89
369867,3698.67
369945,3699.45
370022,3700.22
370097,3700.97
370174,3701.74
370251,3702.51
370329,3703.29
370407,3704.07
370483,3704.83
370558,3705.58
370635,3706.35
370712,3707.12
370791,3707.91
370869,3708.69
370946,3709.46
371022,3710.22
371099,3710.99
371176,3711.76
371255,3712.55
371334,3713.34
371410,3714.1
371487,3714.87
371564,3715.64
371642,3716.42
371720,3717.2
371797,3717.97
371873,3718.73
371948,3719.48
372024,3720.24
372099,3720.99
372176,3721.76
372253,3722.53
372329,3723.29
372405,3724.05
372481,3724.81
372558,3725.58
372635,3726.35
372715,3727.15
372793,3727.93
372871,3728.71
372950,3729.5
373028,3730.28
373108,3731.08
373188,3731.88
373266,3732.66
373343,3733.43
373421,3734.21
373499,3734.99
373579,3735.79
373659,3736.59
373738,3737.38
373815,3738.15
373891,3738.91
373967,3739.67
374044,3740.44
374124,3741.24
374202,3742.02
374279,3742.79
374357,3743.57
374435,3744.35
374514,3745.14
374593,3745.93
374671,3746.71
374748,3747.48
374825,3748.25
374904,3749.04
374983,3749.83
375064,3750.64
375144,3751.44
375222,3752.22
375300,3753.0
375378,3753.78
375457,3754.57
375537,3755.37
375616,3756.16
375693,3756.93
375769,3757.69
375847,3758.47
375926,3759.26
376006,3760.06
376087,3760.87
376165,3761.65
376243,3762.43
376321,3763.21
376399,3763.99
376477,3764.77
376554,3765.54
376630,3766.3
376706,3767.06
376782,3767.82
376858,3768.58
376934,3769.34
377012,3770.12
377088,3770.88
377164,3771.64
377241,3772.41
377317,3773.17
377394,3773.94
377471,3774.71
377547,3775.47
377623,3776.23
377700,3777.0
377779,3777.79
377859,3778.59
377938,3779.38
378015,3780.15
378092,3780.92
378170,3781.7
378249,3782.49
378329,3783.29
378408,3784.08
378487,3784.87
378566,3785.66
378645,3786.45
378725,3787.25
378805,3788.05
378883,3788.83
378960,3789.6
379037,3790.37
379114,3791.14
379192,3791.92
379272,3792.72
379349,3793.49
379426,3794.26
379503,3795.03
379579,3795.79
379658,3796.58
379738,3797.38
379816,3798.16
379892,3798.92
379970,3799.7
380048,3800.48
380126,3801.26
380204,3802.04
380282,3802.82
380357,3803.57
380433,3804.33
380509,3805.09
380585,3805.85
380662,3806.62
380740,3807.4
380818,3808.18
380895,3808.95
380974,3809.74
381053,3810.53
381135,3811.35
381216,3812.16
381296,3812.96
381375,3813.75
381457,3814.57
381540,3815.4
381621,3816.21
381701,3817.01
381779,3817.79
381857,3818.57
381936,3819.36
382014,3820.14
382093,3820.93
382173,3821.73
382252,3822.52
382328,3823.28
382407,3824.07
382485,3824.85
382565,3825.65
382645,3826.45
382724,3827.24
382802,3828.02
382879,3828.79
382957,3829.57
383036,3830.36
383116,3831.16
383194,3831.94
383271,3832.71
383350,3833.5
383430,3834.3
383510,3835.1
383589,3835.89
383667,3836.67
383745,3837.45
383824,3838.24
383904,3839.04
383984,3839.84
384065,3840.65
384146,3841.46
384225,3842.25
384302,3843.02
384379,3843.79
384456,3844.56
384534,3845.34
384611,3846.11
384688,3846.88
384765,3847.65
384841,3848.41
384919,3849.19
384997,3849.97
385076,3850.76
385156,3851.56
385234,3852.34
385310,3853.1
385388,3853.88
385467,3854.67
385548,3855.48
385630,3856.3
385710,3857.1
385789,3857.89
385868,3858.68
385948,3859.48
386027,3860.27
386104,3861.04
386181,3861.81
386258,3862.58
386337,3863.37
386417,3864.17
386497,3864.97
386575,3865.75
386653,3866.53
386733,3867.33
386816,3868.16
386897,3868.97
386977,3869.77
387055,3870.55
387132,3871.32
387209,3872.09
387287,3872.87
387366,3873.66
387446,3874.46
387525,3875.25
387602,3876.02
387681,3876.81
387759,3877.59
387838,3878.38
387916,3879.16
387993,3879.93
388069,3880.69
388145,3881.45
388223,3882.23
388301,3883.01
388380,3883.8
388457,3884.57
388534,3885.34
388611,3886.11
388690,3886.9
388769,3887.69
388848,3888.48
388926,3889.26
389004,3890.04
389081,3890.81
389158,3891.58
389236,3892.36
389314,3893.14
389393,3893.93
389471,3894.71
389547,3895.47
389623,3896.23
389701,3897.01
389778,3897.78
389858,3898.58
389938,3899.38
390017,3900.17
390094,3900.94
390173,3901.73
390253,3902.53
390333,3903.33
390413,3904.13
390493,3904.93
390570,3905.7
390648,3906.48
390727,3907.27
390807,3908.07
390889,3908.89
390969,3909.69
391047,3910.47
391125,3911.25
391202,3912.02
391280,3912.8
391359,3913.59
391437,3914.37
391516,3915.16
391594,3915.94
391672,3916.72
391750,3917.5
391829,3918.29
391908,3919.08
391985,3919.85
392061,3920.61
392137,3921.37
392214,3922.14
392292,3922.92
392370,3923.7
392447,3924.47
392523,3925.23
392600,3926.0
392677,3926.77
392755,3927.55
392833,3928.33
392910,3929.1
392987,3929.87
393065,3930.65
393143,3931.43
393225,3932.25
393305,3933.05
393383,3933.83
393459,3934.59
393536,3935.36
393613,3936.13
393691,3936.91
393770,3937.7
393848,3938.48
393924,3939.24
394000,3940.0
394076,3940.76
394153,3941.53
394232,3942.32
394312,3943.12
394391,3943.91
394469,3944.69
394548,3945.48
394627,3946.27
394706,3947.06
394785,3947.85
394862,3948.62
394939,3949.39
395017,3950.17
395094,3950.94
395172,3951.72
395251,3952.51
395328,3953.28
395405,3954.05
395482,3954.82
395559,3955.59
395638,3956.38
395717,3957.17
395795,3957.95
395872,3958.72
395949,3959.49
396026,3960.26
396104,3961.04
396182,3961.82
396259,3962.59
396336,3963.36
396414,3964.14
396492,3964.92
396573,3965.73
396653,3966.53
396732,3967.32
396811,3968.11
396891,3968.91
396970,3969.7
397050,3970.5
397128,3971.28
397205,3972.05
397282,3972.82
397360,3973.6
397439,3974.39
397519,3975.19
397600,3976.0
397680,3976.8
397760,3977.6
397841,3978.41
397922,3979.22
398004,3980.04
398086,3980.86
398164,3981.64
398241,3982.41
398319,3983.19
398397,3983.97
398475,3984.75
398553,3985.53
398631,3986.31
398708,3987.08
398786,3987.86
398865,3988.65
398945,3989.45
399025,3990.25
399104,3991.04
399182,3991.82
399262,3992.62
399341,3993.41
399422,3994.22
399503,3995.03
399583,3995.83
399660,3996.6
399738,3997.38
399816,3998.16
399896,3998.96
399978,3999.78
400060,4000.6
400139,4001.39
400215,4002.15
400291,4002.91
400368,4003.68
400446,4004.46
400526,4005.26
400606,4006.06
400685,4006.85
400763,4007.63
400843,4008.43
400922,4009.22
401002,4010.02
401080,4010.8
401158,4011.58
401235,4012.35
401313,4013.13
401393,4013.93
401473,4014.73
401552,4015.52
401629,4016.29
401707,4017.07
401785,4017.85
401863,4018.63
401943,4019.43
402021,4020.21
402098,4020.98
402175,4021.75
402253,4022.53
402331,4023.31
402409,4024.09
402486,4024.86
402563,4025.63
402641,4026.41
402720,4027.2
402798,4027.98
402877,4028.77
402953,4029.53
403029,4030.29
403107,4031.07
403185,4031.85
403264,4032.64
403344,4033.44
403422,4034.22
403500,4035.0
403579,4035.79
403658,4036.58
403739,4037.39
403820,4038.2
403899,4038.99
403979,4039.79
404057,4040.57
404135,4041.35
404215,4042.15
404294,4042.94
404372,4043.72
404449,4044.49
404527,4045.27
404606,4046.06
404686,4046.86
404766,4047.66
404845,4048.45
404922,4049.22
404999,4049.99
405077,4050.77
405155,4051.55
405232,4052.32
405309,4053.09
405386,4053.86
405465,4054.65
405543,4055.43
405623,4056.23
405702,4057.02
405779,4057.79
405858,4058.58
405936,4059.36
406017,4060.17
406097,4060.97
406175,4061.75
406253,4062.53
406331,4063.31
406410,4064.1
406489,4064.89
406566,4065.66
406643,4066.43
406719,4067.19
406797,4067.97
406877,4068.77
406957,4069.57
407037,4070.37
407114,4071.14
407189,4071.89
407264,4072.64
407339,4073.39
407416,4074.16
407496,4074.96
407578,4075.78
407658,4076.58
407736,4077.36
407815,4078.15
407895,4078.95
407976,4079.76
408057,4080.57
408136,4081.36
408214,4082.14
408293,4082.93
408372,4083.72
408454,4084.54
408536,4085.36
408616,4086.16
408696,4086.96
408775,4087.75
408856,4088.56
408936,4089.36
409017,4090.17
409096,4090.96
409174,4091.74
409253,4092.53
409333,4093.33
409413,4094.13
409494,4094.94
409573,4095.73
409651,4096.51
409729,4097.29
409809,4098.09
409889,4098.89
409971,4099.71
410052,4100.52
410132,4101.32
410211,4102.11
410290,4102.9
410369,4103.69
410447,4104.47
410525,4105.25
410602,4106.02
410680,4106.8
410760,4107.6
410842,4108.42
410923,4109.23
411002,4110.02
411083,4110.83
411164,4111.64
411245,4112.45
411326,4113.26
411405,4114.05
411482,4114.82
411558,4115.58
411635,4116.35
411712,4117.12
411789,4117.89
411864,4118.64
411939,4119.39
412015,4120.15
412091,4120.91
412167,4121.67
412244,4122.44
412322,4123.22
412398,4123.98
412474,4124.74
412550,4125.5
412626,4126.26
412703,4127.03
412778,4127.78
412853,4128.53
412929,4129.29
413006,4130.06
413083,4130.83
413161,4131.61
413238,4132.38
413315,4133.15
413393,4133.93
413471,4134.71
413549,4135.49
413627,4136.27
413705,4137.05
413783,4137.83
413861,4138.61
413939,4139.39
414017,4140.17
414095,4140.95
414174,4141.74
414252,4142.52
414329,4143.29
414405,4144.05
414481,4144.81
414557,4145.57
414634,4146.34
414710,4147.1
414786,4147.86
414861,4148.61
414938,4149.38
415014,4150.14
415091,4150.91
415167,4151.67
415244,4152.44
415321,4153.21
415397,4153.97
415475,4154.75
415554,4155.54
415631,4156.31
415707,4157.07
415783,4157.83
415858,4158.58
415934,4159.34
416009,4160.09
416085,4160.85
416161,4161.61
416238,4162.38
416315,4163.15
416394,4163.94
416471,4164.71
416548,4165.48
416625,4166.25
416702,4167.02
416779,4167.79
416856,4168.56
416931,4169.31
417006,4170.06
417082,4170.82
417156,4171.56
417232,4172.32
417308,4173.08
417384,4173.84
417461,4174.61
417538,4175.38
417614,4176.14
417691,4176.91
417767,4177.67
417843,4178.43
417918,4179.18
417993,4179.93
418069,4180.69
418144,4181.44
418219,4182.19
418295,4182.95
418370,4183.7
418446,4184.46
418522,4185.22
418596,4185.96
418671,4186.71
418746,4187.46
418819,4188.19
418893,4188.93
418967,4189.67
419041,4190.41
419114,4191.14
419188,4191.88
419262,4192.62
419336,4193.36
419410,4194.1
419483,4194.83
419555,4195.55
419628,4196.28
419701,4197.01
419774,4197.74
419849,4198.49
419924,4199.24
419999,4199.99
420074,4200.74
420151,4201.51
420228,4202.28
420305,4203.05
420381,4203.81
420457,4204.57
420533,4205.33
420609,4206.09
420684,4206.84
420759,4207.59
420834,4208.34
420910,4209.1
420986,4209.86
421061,4210.61
421136,4211.36
421210,4212.1
421285,4212.85
421361,4213.61
421436,4214.36
421511,4215.11
421587,4215.87
421662,4216.62
421738,4217.38
421814,4218.14
421889,4218.89
421965,4219.65
422040,4220.4
422115,4221.15
422189,4221.89
422264,4222.64
422339,4223.39
422416,4224.16
422494,4224.94
422570,4225.7
422647,4226.47
422722,4227.22
422798,4227.98
422874,4228.74
422950,4229.5
423027,4230.27
423103,4231.03
423178,4231.78
423254,4232.54
423330,4233.3
423406,4234.06
423482,4234.82
423557,4235.57
423632,4236.32
423707,4237.07
423783,4237.83
423858,4238.58
423933,4239.33
424008,4240.08
424083,4240.83
424158,4241.58
424233,4242.33
424308,4243.08
424383,4243.83
424458,4244.58
424533,4245.33
424609,4246.09
424684,4246.84
424759,4247.59
424835,4248.35
424910,4249.1
424986,4249.86
425060,4250.6
425135,4251.35
425207,4252.07
425279,4252.79
425349,4253.49
425419,4254.19
425489,4254.89
425559,4255.59
425629,4256.29
425701,4257.01
425773,4257.73
425845,4258.45
425916,4259.16
425988,4259.88
426060,4260.6
426131,4261.31
426203,4262.03
426275,4262.75
426348,4263.48
426420,4264.2
426493,4264.93
426565,4265.65
426637,4266.37
426711,4267.11
426786,4267.86
426860,4268.6
426934,4269.34
427009,4270.09
427085,4270.85
427162,4271.62
427240,4272.4
427317,4273.17
427394,4273.94
427473,4274.73
427551,4275.51
427630,4276.3
427710,4277.1
427791,4277.91
427870,4278.7
427947,4279.47
428024,4280.24
428102,4281.02
428179,4281.79
428257,4282.57
428335,4283.35
428414,4284.14
428492,4284.92
428570,4285.7
428649,4286.49
428728,4287.28
428807,4288.07
428885,4288.85
428962,4289.62
429039,4290.39
429116,4291.16
429193,4291.93
429270,4292.7
429347,4293.47
429423,4294.23
429499,4294.99
429574,4295.74
429650,4296.5
429726,4297.26
429802,4298.02
429878,4298.78
429953,4299.53
430028,4300.28
430103,4301.03
430178,4301.78
430253,4302.53
430327,4303.27
430401,4304.01
430474,4304.74
430546,4305.46
430618,4306.18
430691,4306.91
430764,4307.64
430838,4308.38
430911,4309.11
430985,4309.85
431060,4310.6
431136,4311.36
431212,4312.12
431288,4312.88
431364,4313.64
431441,4314.41
431518,4315.18
431595,4315.95
431674,4316.74
431751,4317.51
431829,4318.29
431907,4319.07
431986,4319.86
432068,4320.68
432150,4321.5
432231,4322.31
432312,4323.12
432393,4323.93
432475,4324.75
432556,4325.56
432636,4326.36
432717,4327.17
432797,4327.97
432878,4328.78
432957,4329.57
433036,4330.36
433115,4331.15
433193,4331.93
433273,4332.73
433352,4333.52
433430,4334.3
433507,4335.07
433584,4335.84
433661,4336.61
433739,4337.39
433817,4338.17
433894,4338.94
433971,4339.71
434046,4340.46
434121,4341.21
434196,4341.96
434270,4342.7
434344,4343.44
434420,4344.2
434496,4344.96
434575,4345.75
434654,4346.54
434733,4347.33
434813,4348.13
434892,4348.92
434972,4349.72
435054,4350.54
435134,4351.34
435215,4352.15
435295,4352.95
435376,4353.76
435458,4354.58
435537,4355.37
435616,4356.16
435695,4356.95
435774,4357.74
435853,4358.53
435933,4359.33
436011,4360.11
436090,4360.9
436170,4361.7
436248,4362.48
436327,4363.27
436406,4364.06
436483,4364.83
436560,4365.6
436637,4366.37
436715,4367.15
436793,4367.93
436870,4368.7
436947,4369.47
437025,4370.25
437102,4371.02
437180,4371.8
437259,4372.59
437339,4373.39
437421,4374.21
437502,4375.02
437583,4375.83
437664,4376.64
437746,4377.46
437827,4378.27
437908,4379.08
437988,4379.88
438067,4380.67
438145,4381.45
438225,4382.25
438305,4383.05
438384,4383.84
438462,4384.62
438540,4385.4
438618,4386.18
438697,4386.97
438777,4387.77
438854,4388.54
438930,4389.3
439005,4390.05
439078,4390.78
439151,4391.51
439223,4392.23
439297,4392.97
439371,4393.71
439445,4394.45
439520,4395.2
439597,4395.97
439676,4396.76
439755,4397.55
439832,4398.32
439909,4399.09
439986,4399.86
440064,4400.64
440143,4401.43
440223,4402.23
440303,4403.03
440386,4403.86
440469,4404.69
440553,4405.53
440637,4406.37
440719,4407.19
440800,4408.0
440881,4408.81
440963,4409.63
441045,4410.45
441128,4411.28
441208,4412.08
441289,4412.89
441368,4413.68
441448,4414.48
441529,4415.29
441609,4416.09
441688,4416.88
441765,4417.65
441843,4418.43
441921,4419.21
441999,4419.99
442079,4420.79
442160,4421.6
442239,4422.39
442317,4423.17
442395,4423.95
442474,4424.74
442553,4425.53
442632,4426.32
442711,4427.11
442788,4427.88
442866,4428.66
442944,4429.44
443024,4430.24
443103,4431.03
443180,4431.8
443256,4432.56
443333,4433.33
443410,4434.1
443486,4434.86
443563,4435.63
443639,4436.39
443715,4437.15
443792,4437.92
443869,4438.69
443948,4439.48
444026,4440.26
444104,4441.04
444182,4441.82
444260,4442.6
444339,4443.39
444417,4444.17
444495,4444.95
444572,4445.72
444650,4446.5
444727,4447.27
444805,4448.05
444882,4448.82
444958,4449.58
445034,4450.34
445108,4451.08
445182,4451.82
445256,4452.56
445332,4453.32
445407,4454.07
445483,4454.83
445562,4455.62
445641,4456.41
445723,4457.23
445806,4458.06
445885,4458.85
445963,4459.63
446042,4460.42
446119,4461.19
446195,4461.95
446271,4462.71
446347,4463.47
446424,4464.24
446502,4465.02
446582,4465.82
446661,4466.61
446742,4467.42
446823,4468.23
446906,4469.06
446989,4469.89
447071,4470.71
447152,4471.52
447232,4472.32
447312,4473.12
447392,4473.92
447473,4474.73
447552,4475.52
447630,4476.3
447708,4477.08
447786,4477.86
447866,4478.66
447943,4479.43
448020,4480.2
448097,4480.97
448175,4481.75
448253,4482.53
448331,4483.31
448408,4484.08
448485,4484.85
448563,4485.63
448642,4486.42
448721,4487.21
448800,4488.0
448877,4488.77
448955,4489.55
449035,4490.35
449113,4491.13
449192,4491.92
449270,4492.7
449348,4493.48
449425,4494.25
449502,4495.02
449580,4495.8
449658,4496.58
449736,4497.36
449814,4498.14
449891,4498.91
449968,4499.68
450045,4500.45
450120,4501.2
450196,4501.96
450272,4502.72
450347,4503.47
450424,4504.24
450500,4505.0
450575,4505.75
450651,4506.51
450727,4507.27
450802,4508.02
450877,4508.77
450953,4509.53
451030,4510.3
451108,4511.08
451189,4511.89
451270,4512.7
451350,4513.5
451431,4514.31
451511,4515.11
451591,4515.91
451670,4516.7
451748,4517.48
451827,4518.27
451905,4519.05
451984,4519.84
452062,4520.62
452140,4521.4
452219,4522.19
452297,4522.97
452375,4523.75
452453,4524.53
452530,4525.3
452609,4526.09
452687,4526.87
452764,4527.64
452841,4528.41
452918,4529.18
452997,4529.97
453075,4530.75
453154,4531.54
453232,4532.32
453310,4533.1
453389,4533.89
453468,4534.68
453546,4535.46
453624,4536.24
453701,4537.01
453779,4537.79
453858,4538.58
453936,4539.36
454014,4540.14
454092,4540.92
454171,4541.71
454250,4542.5
454329,4543.29
454407,4544.07
454487,4544.87
454565,4545.65
454643,4546.43
454721,4547.21
454800,4548.0
454878,4548.78
454956,4549.56
455034,4550.34
455111,4551.11
455187,4551.87
455263,4552.63
455339,4553.39
455415,4554.15
455491,4554.91
455567,4555.67
455643,4556.43
455720,4557.2
455799,4557.99
455877,4558.77
455956,4559.56
456034,4560.34
456112,4561.12
456191,4561.91
456269,4562.69
456347,4563.47
456426,4564.26
456504,4565.04
456581,4565.81
456659,4566.59
456736,4567.36
456813,4568.13
456890,4568.9
456965,4569.65
457041,4570.41
457115,4571.15
457190,4571.9
457265,4572.65
457338,4573.38
457411,4574.11
457484,4574.84
457559,4575.59
457633,4576.33
457707,4577.07
457782,4577.82
457859,4578.59
457936,4579.36
458014,4580.14
458091,4580.91
458167,4581.67
458243,4582.43
458320,4583.2
458396,4583.96
458473,4584.73
458551,4585.51
458630,4586.3
458710,4587.1
458792,4587.92
458872,4588.72
458953,4589.53
459034,4590.34
459114,4591.14
459196,4591.96
459277,4592.77
459357,4593.57
459435,4594.35
459515,4595.15
459594,4595.94
459672,4596.72
459751,4597.51
459827,4598.27
459903,4599.03
459981,4599.81
460058,4600.58
460135,4601.35
460213,4602.13
460290,4602.9
460366,4603.66
460442,4604.42
460519,4605.19
460595,4605.95
460673,4606.73
460752,4607.52
460832,4608.32
460909,4609.09
460986,4609.86
461064,4610.64
461142,4611.42
461220,4612.2
461298,4612.98
461377,4613.77
461455,4614.55
461534,4615.34
461614,4616.14
461693,4616.93
461771,4617.71
461850,4618.5
461929,4619.29
462006,4620.06
462084,4620.84
462162,4621.62
462240,4622.4
462319,4623.19
462398,4623.98
462475,4624.75
462552,4625.52
462628,4626.28
462703,4627.03
462777,4627.77
462852,4628.52
462926,4629.26
463000,4630.0
463074,4630.74
463151,4631.51
463229,4632.29
463308,4633.08
463388,4633.88
463470,4634.7
463553,4635.53
463637,4636.37
463718,4637.18
463799,4637.99
463879,4638.79
463959,4639.59
464038,4640.38
464117,4641.17
464197,4641.97
464277,4642.77
464358,4643.58
464437,4644.37
464515,4645.15
464592,4645.92
464669,4646.69
464745,4647.45
464822,4648.22
464900,4649.0
464978,4649.78
465055,4650.55
465133,4651.33
465211,4652.11
465290,4652.9
465368,4653.68
465445,4654.45
465523,4655.23
465601,4656.01
465680,4656.8
465760,4657.6
465838,4658.38
465917,4659.17
465996,4659.96
466075,4660.75
466155,4661.55
466235,4662.35
466315,4663.15
466394,4663.94
466473,4664.73
466552,4665.52
466630,4666.3
466708,4667.08
466785,4667.85
466863,4668.63
466941,4669.41
467018,4670.18
467094,4670.94
467170,4671.7
467245,4672.45
467320,4673.2
467396,4673.96
467472,4674.72
467548,4675.48
467625,4676.25
467702,4677.02
467780,4677.8
467858,4678.58
467936,4679.36
468013,4680.13
468091,4680.91
468168,4681.68
468247,4682.47
468324,4683.24
468401,4684.01
468479,4684.79
468556,4685.56
468634,4686.34
468711,4687.11
468789,4687.89
468866,4688.66
468942,4689.42
469019,4690.19
469095,4690.95
469170,4691.7
469245,4692.45
469320,4693.2
469395,4693.95
469472,4694.72
469548,4695.48
469625,4696.25
469701,4697.01
469779,4697.79
469858,4698.58
469937,4699.37
470016,4700.16
470095,4700.95
470172,4701.72
470250,4702.5
470328,4703.28
470406,4704.06
470484,4704.84
470562,4705.62
470641,4706.41
470720,4707.2
470797,4707.97
470875,4708.75
470952,4709.52
471030,4710.3
471108,4711.08
471185,4711.85
471261,4712.61
471338,4713.38
471413,4714.13
471489,4714.89
471565,4715.65
471640,4716.4
471715,4717.15
471789,4717.89
471865,4718.65
471940,4719.4
472015,4720.15
472089,4720.89
472163,4721.63
472237,4722.37
472311,4723.11
472385,4723.85
472459,4724.59
472533,4725.33
472606,4726.06
472681,4726.81
472757,4727.57
472834,4728.34
472913,4729.13
472992,4729.92
473070,4730.7
473148,4731.48
473226,4732.26
473305,4733.05
473383,4733.83
473460,4734.6
473537,4735.37
473613,4736.13
473690,4736.9
473767,4737.67
473844,4738.44
473921,4739.21
473998,4739.98
474074,4740.74
474151,4741.51
474229,4742.29
474308,4743.08
474386,4743.86
474465,4744.65
474544,4745.44
474623,4746.23
474701,4747.01
474779,4747.79
474857,4748.57
474935,4749.35
475013,4750.13
475091,4750.91
475169,4751.69
475246,4752.46
475323,4753.23
475401,4754.01
475478,4754.78
475557,4755.57
475636,4756.36
475715,4757.15
475792,4757.92
475870,4758.7
475946,4759.46
476022,4760.22
476097,4760.97
476173,4761.73
476247,4762.47
476322,4763.22
476396,4763.96
476472,4764.72
476548,4765.48
476626,4766.26
476703,4767.03
476781,4767.81
476858,4768.58
476936,4769.36
477014,4770.14
477092,4770.92
477169,4771.69
477246,4772.46
477322,4773.22
477398,4773.98
477474,4774.74
477551,4775.51
477627,4776.27
477703,4777.03
477779,4777.79
477855,4778.55
477932,4779.32
478008,4780.08
478084,4780.84
478161,4781.61
478236,4782.36
478312,4783.12
478390,4783.9
478467,4784.67
478544,4785.44
478621,4786.21
478698,4786.98
478776,4787.76
478854,4788.54
478931,4789.31
479009,4790.09
479086,4790.86
479163,4791.63
479239,4792.39
479317,4793.17
479394,4793.94
479470,4794.7
479547,4795.47
479623,4796.23
479700,4797.0
479777,4797.77
479853,4798.53
479930,4799.3
480006,4800.06
480082,4800.82
480158,4801.58
480233,4802.33
480308,4803.08
480383,4803.83
480458,4804.58
480533,4805.33
480607,4806.07
480682,4806.82
480757,4807.57
480831,4808.31
480906,4809.06
480980,4809.8
481055,4810.55
481131,4811.31
481206,4812.06
481281,4812.81
481356,4813.56
481431,4814.31
481507,4815.07
481582,4815.82
481657,4816.57
481732,4817.32
481808,4818.08
481884,4818.84
481959,4819.59
482033,4820.33
482106,4821.06
482179,4821.79
482251,4822.51
482321,4823.21
482391,4823.91
482459,4824.59
482528,4825.28
482596,4825.96
482667,4826.67
482741,4827.41
482815,4828.15
482892,4828.92
482972,4829.72
483053,4830.53
483135,4831.35
483217,4832.17
483295,4832.95
483373,4833.73
483451,4834.51
483528,4835.28
483605,4836.05
483682,4836.82
483757,4837.57
483832,4838.32
483907,4839.07
483981,4839.81
484057,4840.57
484133,4841.33
484207,4842.07
484282,4842.82
484358,4843.58
484434,4844.34
484511,4845.11
484588,4845.88
484665,4846.65
484743,4847.43
484821,4848.21
484900,4849.0
484978,4849.78
485055,4850.55
485133,4851.33
485210,4852.1
485288,4852.88
485365,4853.65
485441,4854.41
485516,4855.16
485591,4855.91
485666,4856.66
485741,4857.41
485814,4858.14
485885,4858.85
485956,4859.56
486028,4860.28
486102,4861.02
486179,4861.79
486256,4862.56
486334,4863.34
486413,4864.13
486494,4864.94
486575,4865.75
486656,4866.56
486736,4867.36
486814,4868.14
486892,4868.92
486969,4869.69
487047,4870.47
487127,4871.27
487208,4872.08
487287,4872.87
487366,4873.66
487445,4874.45
487525,4875.25
487607,4876.07
487689,4876.89
487770,4877.7
487850,4878.5
487930,4879.3
488012,4880.12
488093,4880.93
488175,4881.75
488257,4882.57
488338,4883.38
488417,4884.17
488496,4884.96
488576,4885.76
488656,4886.56
488738,4887.38
488818,4888.18
488898,4888.98
488976,4889.76
489055,4890.55
489133,4891.33
489212,4892.12
489292,4892.92
489371,4893.71
489450,4894.5
489529,4895.29
489608,4896.08
489689,4896.89
489770,4897.7
489849,4898.49
489927,4899.27
490005,4900.05
490082,4900.82
490161,4901.61
490239,4902.39
490317,4903.17
490394,4903.94
490472,4904.72
490549,4905.49
490628,4906.28
490706,4907.06
490785,4907.85
490862,4908.62
490939,4909.39
491017,4910.17
491095,4910.95
491173,4911.73
491251,4912.51
491329,4913.29
491408,4914.08
491489,4914.89
491570,4915.7
491650,4916.5
491730,4917.3
491810,4918.1
491889,4918.89
491969,4919.69
492049,4920.49
492128,4921.28
492205,4922.05
492283,4922.83
492358,4923.58
492433,4924.33
492506,4925.06
492579,4925.79
492654,4926.54
492728,4927.28
492803,4928.03
492878,4928.78
492952,4929.52
493025,4930.25
493099,4930.99
493171,4931.71
493243,4932.43
493315,4933.15
493388,4933.88
493462,4934.62
493536,4935.36
493610,4936.1
493685,4936.85
493760,4937.6
493835,4938.35
493911,4939.11
493987,4939.87
494062,4940.62
494137,4941.37
494212,4942.12
494288,4942.88
494365,4943.65
494443,4944.43
494524,4945.24
494605,4946.05
494687,4946.87
494768,4947.68
494850,4948.5
494931,4949.31
495013,4950.13
495095,4950.95
495178,4951.78
495262,4952.62
495346,4953.46
495429,4954.29
495512,4955.12
495592,4955.92
495672,4956.72
495752,4957.52
495831,4958.31
495909,4959.09
495985,4959.85
496060,4960.6
496134,4961.34
496209,4962.09
496284,4962.84
496361,4963.61
496437,4964.37
496513,4965.13
496589,4965.89
496665,4966.65
496741,4967.41
496816,4968.16
496891,4968.91
496966,4969.66
497042,4970.42
497119,4971.19
497196,4971.96
497271,4972.71
497346,4973.46
497421,4974.21
497496,4974.96
497572,4975.72
497648,4976.48
497724,4977.24
497800,4978.0
497876,4978.76
497954,4979.54
498032,4980.32
498112,4981.12
498191,4981.91
498267,4982.67
498341,4983.41
498416,4984.16
498489,4984.89
498562,4985.62
498635,4986.35
498708,4987.08
498780,4987.8
498852,4988.52
498925,4989.25
498998,4989.98
499071,4990.71
499145,4991.45
499219,4992.19
499294,4992.94
499369,4993.69
499444,4994.44
499518,4995.18
499593,4995.93
499667,4996.67
499742,4997.42
499817,4998.17
499892,4998.92
499968,4999.68
500043,5000.43
500120,5001.2
500198,5001.98
500276,5002.76
500353,5003.53
500431,5004.31
500509,5005.09
500588,5005.88
500667,5006.67
500747,5007.47
500827,5008.27
500906,5009.06
500985,5009.85
501065,5010.65
501145,5011.45
501226,5012.26
501305,5013.05
501383,5013.83
501460,5014.6
501537,5015.37
501612,5016.12
501685,5016.85
501756,5017.56
501828,5018.28
501900,5019.0
501972,5019.72
502046,5020.46
502120,5021.2
502193,5021.93
502267,5022.67
502340,5023.4
502415,5024.15
502492,5024.92
502569,5025.69
502646,5026.46
502722,5027.22
502797,5027.97
502872,5028.72
502947,5029.47
503024,5030.24
503101,5031.01
503179,5031.79
503254,5032.54
503328,5033.28
503401,5034.01
503472,5034.72
503543,5035.43
503614,5036.14
503684,5036.84
503753,5037.53
503822,5038.22
503891,5038.91
503960,5039.6
504028,5040.28
504097,5040.97
504165,5041.65
504233,5042.33
504301,5043.01
504368,5043.68
504436,5044.36
504503,5045.03
504571,5045.71
504639,5046.39
504707,5047.07
504777,5047.77
504848,5048.48
504919,5049.19
504992,5049.92
505066,5050.66
505142,5051.42
505218,5052.18
505295,5052.95
505373,5053.73
505449,5054.49
505525,5055.25
505601,5056.01
505677,5056.77
505753,5057.53
505828,5058.28
505903,5059.03
505978,5059.78
506053,5060.53
506127,5061.27
506201,5062.01
506275,5062.75
506348,5063.48
506421,5064.21
506494,5064.94
506565,5065.65
506635,5066.35
506705,5067.05
506775,5067.75
506844,5068.44
506913,5069.13
506983,5069.83
507053,5070.53
507124,5071.24
507193,5071.93
507262,5072.62
507331,5073.31
507399,5073.99
507468,5074.68
507537,5075.37
507606,5076.06
507675,5076.75
507745,5077.45
507815,5078.15
507885,5078.85
507953,5079.53
508022,5080.22
508090,5080.9
508158,5081.58
508226,5082.26
508292,5082.92
508359,5083.59
508426,5084.26
508494,5084.94
508564,5085.64
508634,5086.34
508703,5087.03
508773,5087.73
508843,5088.43
508912,5089.12
508980,5089.8
509048,5090.48
509116,5091.16
509186,5091.86
509257,5092.57
509330,5093.3
509403,5094.03
509479,5094.79
509555,5095.55
509633,5096.33
509710,5097.1
509787,5097.87
509865,5098.65
509941,5099.41
510018,5100.18
510094,5100.94
510170,5101.7
510247,5102.47
510326,5103.26
510405,5104.05
510483,5104.83
510560,5105.6
510637,5106.37
510714,5107.14
510791,5107.91
510867,5108.67
510943,5109.43
511018,5110.18
511093,5110.93
511169,5111.69
511245,5112.45
511322,5113.22
511398,5113.98
511474,5114.74
511550,5115.5
511625,5116.25
511701,5117.01
511778,5117.78
511854,5118.54
511929,5119.29
512004,5120.04
512080,5120.8
512156,5121.56
512232,5122.32
512308,5123.08
512383,5123.83
512459,5124.59
512533,5125.33
512608,5126.08
512682,5126.82
512756,5127.56
512829,5128.29
512902,5129.02
512976,5129.76
513049,5130.49
513123,5131.23
513196,5131.96
513269,5132.69
513344,5133.44
513419,5134.19
513494,5134.94
513568,5135.68
513643,5136.43
513717,5137.17
513793,5137.93
513869,5138.69
513946,5139.46
514022,5140.22
514098,5140.98
514174,5141.74
514250,5142.5
514326,5143.26
514402,5144.02
514477,5144.77
514552,5145.52
514628,5146.28
514705,5147.05
514781,5147.81
514856,5148.56
514930,5149.3
515004,5150.04
515079,5150.79
515154,5151.54
515229,5152.29
515304,5153.04
515379,5153.79
515453,5154.53
515528,5155.28
515602,5156.02
515675,5156.75
515748,5157.48
515820,5158.2
515893,5158.93
515965,5159.65
516038,5160.38
516110,5161.1
516183,5161.83
516256,5162.56
516329,5163.29
516404,5164.04
516477,5164.77
516549,5165.49
516621,5166.21
516693,5166.93
516764,5167.64
516833,5168.33
516902,5169.02
516971,5169.71
517041,5170.41
517113,5171.13
517186,5171.86
517262,5172.62
517337,5173.37
517414,5174.14
517491,5174.91
517569,5175.69
517648,5176.48
517727,5177.27
517806,5178.06
517884,5178.84
517962,5179.62
518037,5180.37
518112,5181.12
518185,5181.85
518256,5182.56
518328,5183.28
518402,5184.02
518477,5184.77
518555,5185.55
518632,5186.32
518707,5187.07
518781,5187.81
518854,5188.54
518928,5189.28
519001,5190.01
519074,5190.74
519146,5191.46
519220,5192.2
519294,5192.94
519371,5193.71
519448,5194.48
519525,5195.25
519600,5196.0
519675,5196.75
519751,5197.51
519827,5198.27
519905,5199.05
519983,5199.83
520061,5200.61
520139,5201.39
520217,5202.17
520296,5202.96
520376,5203.76
520457,5204.57
520537,5205.37
520617,5206.17
520696,5206.96
520775,5207.75
520853,5208.53
520931,5209.31
521008,5210.08
521085,5210.85
521161,5211.61
521238,5212.38
521315,5213.15
521391,5213.91
521467,5214.67
521541,5215.41
521615,5216.15
521687,5216.87
521759,5217.59
521833,5218.33
521906,5219.06
521980,5219.8
522052,5220.52
522124,5221.24
522198,5221.98
522270,5222.7
522341,5223.41
522410,5224.1
522479,5224.79
522547,5225.47
522616,5226.16
522685,5226.85
522755,5227.55
522826,5228.26
522900,5229.0
522976,5229.76
523056,5230.56
523136,5231.36
523217,5232.17
523299,5232.99
523382,5233.82
523465,5234.65
523548,5235.48
523630,5236.3
523711,5237.11
523793,5237.93
523875,5238.75
523957,5239.57
524040,5240.4
524123,5241.23
524204,5242.04
524286,5242.86
524366,5243.66
524447,5244.47
524526,5245.26
524605,5246.05
524683,5246.83
524761,5247.61
524838,5248.38
524915,5249.15
524990,5249.9
525064,5250.64
525138,5251.38
525211,5252.11
525283,5252.83
525358,5253.58
525434,5254.34
525510,5255.1
525586,5255.86
525660,5256.6
525736,5257.36
525812,5258.12
525887,5258.87
525962,5259.62
526036,5260.36
526112,5261.12
526188,5261.88
526267,5262.67
526347,5263.47
526428,5264.28
526510,5265.1
526591,5265.91
526672,5266.72
526753,5267.53
526834,5268.34
526914,5269.14
526995,5269.95
527076,5270.76
527157,5271.57
527238,5272.38
527318,5273.18
527399,5273.99
527481,5274.81
527564,5275.64
527646,5276.46
527724,5277.24
527801,5278.01
527877,5278.77
527951,5279.51
528025,5280.25
528099,5280.99
528175,5281.75
528252,5282.52
528329,5283.29
528405,5284.05
528482,5284.82
528560,5285.6
528638,5286.38
528715,5287.15
528792,5287.92
528871,5288.71
528950,5289.5
529030,5290.3
529108,5291.08
529187,5291.87
529266,5292.66
529344,5293.44
529422,5294.22
529500,5295.0
529578,5295.78
529656,5296.56
529734,5297.34
529812,5298.12
529892,5298.92
529971,5299.71
530051,5300.51
530131,5301.31
530211,5302.11
530291,5302.91
530369,5303.69
530448,5304.48
530525,5305.25
530601,5306.01
530677,5306.77
530752,5307.52
530828,5308.28
530903,5309.03
530977,5309.77
531052,5310.52
531127,5311.27
531202,5312.02
531277,5312.77
531352,5313.52
531426,5314.26
531500,5315.0
531575,5315.75
531650,5316.5
531724,5317.24
531799,5317.99
531874,5318.74
531951,5319.51
532028,5320.28
532107,5321.07
532188,5321.88
532271,5322.71
532354,5323.54
532434,5324.34
532512,5325.12
532591,5325.91
532670,5326.7
532749,5327.49
532828,5328.28
532905,5329.05
532982,5329.82
533059,5330.59
533135,5331.35
533212,5332.12
533289,5332.89
533365,5333.65
533440,5334.4
533515,5335.15
533591,5335.91
533666,5336.66
533740,5337.4
533815,5338.15
533890,5338.9
533965,5339.65
534041,5340.41
534116,5341.16
534192,5341.92
534267,5342.67
534342,5343.42
534418,5344.18
534494,5344.94
534570,5345.7
534645,5346.45
534720,5347.2
534795,5347.95
534871,5348.71
534948,5349.48
535025,5350.25
535102,5351.02
535177,5351.77
535252,5352.52
535328,5353.28
535403,5354.03
535477,5354.77
535551,5355.51
535624,5356.24
535697,5356.97
535771,5357.71
535847,5358.47
535923,5359.23
536000,5360.0
536076,5360.76
536151,5361.51
536226,5362.26
536300,5363.0
536375,5363.75
536449,5364.49
536523,5365.23
536595,5365.95
536670,5366.7
536745,5367.45
536821,5368.21
536896,5368.96
536970,5369.7
537044,5370.44
537116,5371.16
537189,5371.89
537262,5372.62
537336,5373.36
537409,5374.09
537482,5374.82
537554,5375.54
537626,5376.26
537698,5376.98
537770,5377.7
537841,5378.41
537913,5379.13
537986,5379.86
538060,5380.6
538136,5381.36
538214,5382.14
538291,5382.91
538368,5383.68
538448,5384.48
538529,5385.29
538611,5386.11
538692,5386.92
538773,5387.73
538853,5388.53
538932,5389.32
539011,5390.11
539088,5390.88
539165,5391.65
539242,5392.42
539318,5393.18
539393,5393.93
539467,5394.67
539539,5395.39
539612,5396.12
539684,5396.84
539757,5397.57
539832,5398.32
539904,5399.04
539975,5399.75
540046,5400.46
540117,5401.17
540190,5401.9
540261,5402.61
540334,5403.34
540406,5404.06
540479,5404.79
540554,5405.54
540627,5406.27
540702,5407.02
540777,5407.77
540853,5408.53
540929,5409.29
541008,5410.08
541086,5410.86
541168,5411.68
541251,5412.51
541332,5413.32
541412,5414.12
541490,5414.9
541567,5415.67
541643,5416.43
541719,5417.19
541795,5417.95
541870,5418.7
541944,5419.44
542017,5420.17
542090,5420.9
542163,5421.63
542235,5422.35
542307,5423.07
542378,5423.78
542447,5424.47
542516,5425.16
542584,5425.84
542653,5426.53
542722,5427.22
542793,5427.93
542865,5428.65
542938,5429.38
543014,5430.14
543090,5430.9
543166,5431.66
543243,5432.43
543321,5433.21
543399,5433.99
543477,5434.77
543556,5435.56
543636,5436.36
543715,5437.15
543796,5437.96
543877,5438.77
543958,5439.58
544038,5440.38
544119,5441.19
544198,5441.98
544275,5442.75
544351,5443.51
544425,5444.25
544499,5444.99
544573,5445.73
544649,5446.49
544726,5447.26
544802,5448.02
544878,5448.78
544952,5449.52
545027,5450.27
545101,5451.01
545175,5451.75
545248,5452.48
545324,5453.24
545401,5454.01
545480,5454.8
545558,5455.58
545636,5456.36
545716,5457.16
545798,5457.98
545882,5458.82
545969,5459.69
546056,5460.56
546142,5461.42
546227,5462.27
546312,5463.12
546397,5463.97
546480,5464.8
546562,5465.62
546644,5466.44
546726,5467.26
546805,5468.05
546885,5468.85
546964,5469.64
547044,5470.44
547124,5471.24
547202,5472.02
547278,5472.78
547353,5473.53
547428,5474.28
547503,5475.03
547579,5475.79
547654,5476.54
547729,5477.29
547805,5478.05
547882,5478.82
547959,5479.59
548036,5480.36
548114,5481.14
548192,5481.92
548271,5482.71
548352,5483.52
548432,5484.32
548511,5485.11
548590,5485.9
548670,5486.7
548750,5487.5
548832,5488.32
548915,5489.15
548998,5489.98
549079,5490.79
549160,5491.6
549241,5492.41
549321,5493.21
549399,5493.99
549477,5494.77
549554,5495.54
549630,5496.3
549707,5497.07
549783,5497.83
549856,5498.56
549928,5499.28
550002,5500.02
550076,5500.76
550151,5501.51
550225,5502.25
550297,5502.97
550369,5503.69
550443,5504.43
550518,5505.18
550592,5505.92
550665,5506.65
550739,5507.39
550813,5508.13
550886,5508.86
550959,5509.59
551033,5510.33
551108,5511.08
551186,5511.86
551265,5512.65
551345,5513.45
551427,5514.27
551513,5515.13
551607,5516.07
551700,5517.0
551791,5517.91
551882,5518.82
551969,5519.69
552057,5520.57
552142,5521.42
552226,5522.26
552311,5523.11
552395,5523.95
552479,5524.79
552563,5525.63
552646,5526.46
552728,5527.28
552808,5528.08
552885,5528.85
552961,5529.61
553036,5530.36
553110,5531.1
553184,5531.84
553259,5532.59
553338,5533.38
553415,5534.15
553490,5534.9
553564,5535.64
553638,5536.38
553712,5537.12
553786,5537.86
553860,5538.6
553933,5539.33
554008,5540.08
554082,5540.82
554155,5541.55
554229,5542.29
554304,5543.04
554379,5543.79
554456,5544.56
554534,5545.34
554612,5546.12
554691,5546.91
554773,5547.73
554859,5548.59
554948,5549.48
555035,5550.35
555120,5551.2
555205,5552.05
555289,5552.89
555372,5553.72
555456,5554.56
555540,5555.4
555623,5556.23
555704,5557.04
555782,5557.82
555858,5558.58
555934,5559.34
556010,5560.1
556086,5560.86
556161,5561.61
556234,5562.34
556306,5563.06
556377,5563.77
556449,5564.49
556523,5565.23
556598,5565.98
556674,5566.74
556748,5567.48
556822,5568.22
556895,5568.95
556973,5569.73
557047,5570.47
557121,5571.21
557193,5571.93
557266,5572.66
557338,5573.38
557408,5574.08
557477,5574.77
557545,5575.45
557613,5576.13
557680,5576.8
557748,5577.48
557817,5578.17
557886,5578.86
557958,5579.58
558035,5580.35
558115,5581.15
558198,5581.98
558282,5582.82
558369,5583.69
558463,5584.63
558557,5585.57
558647,5586.47
558736,5587.36
558826,5588.26
558916,5589.16
559006,5590.06
559096,5590.96
559185,5591.85
559274,5592.74
559362,5593.62
559450,5594.5
559538,5595.38
559625,5596.25
559712,5597.12
559799,5597.99
559884,5598.84
559966,5599.66
560047,5600.47
560128,5601.28
560209,5602.09
560290,5602.9
560370,5603.7
560449,5604.49
560526,5605.26
560602,5606.02
560677,5606.77
560751,5607.51
560827,5608.27
560904,5609.04
560982,5609.82
561060,5610.6
561136,5611.36
561210,5612.1
561285,5612.85
561358,5613.58
561432,5614.32
561505,5615.05
561577,5615.77
561650,5616.5
561722,5617.22
561796,5617.96
561869,5618.69
561942,5619.42
562015,5620.15
562088,5620.88
562162,5621.62
562238,5622.38
562314,5623.14
562391,5623.91
562469,5624.69
562550,5625.5
562634,5626.34
562721,5627.21
562807,5628.07
562896,5628.96
562982,5629.82
563068,5630.68
563152,5631.52
563235,5632.35
563316,5633.16
563397,5633.97
563478,5634.78
563560,5635.6
563642,5636.42
563724,5637.24
563805,5638.05
563887,5638.87
563969,5639.69
564050,5640.5
564132,5641.32
564213,5642.13
564293,5642.93
564374,5643.74
564453,5644.53
564530,5645.3
564607,5646.07
564683,5646.83
564760,5647.6
564836,5648.36
564914,5649.14
564990,5649.9
565066,5650.66
565140,5651.4
565214,5652.14
565292,5652.92
565370,5653.7
565447,5654.47
565521,5655.21
565596,5655.96
565669,5656.69
565740,5657.4
565811,5658.11
565883,5658.83
565956,5659.56
566028,5660.28
566100,5661.0
566171,5661.71
566243,5662.43
566315,5663.15
566388,5663.88
566461,5664.61
566537,5665.37
566618,5666.18
566706,5667.06
566795,5667.95
566886,5668.86
566977,5669.77
567068,5670.68
567156,5671.56
567244,5672.44
567331,5673.31
567418,5674.18
567505,5675.05
567592,5675.92
567678,5676.78
567761,5677.61
567844,5678.44
567927,5679.27
568009,5680.09
568090,5680.9
568172,5681.72
568254,5682.54
568335,5683.35
568416,5684.16
568497,5684.97
568577,5685.77
568657,5686.57
568737,5687.37
568817,5688.17
568896,5688.96
568974,5689.74
569050,5690.5
569124,5691.24
569197,5691.97
569272,5692.72
569347,5693.47
569425,5694.25
569504,5695.04
569580,5695.8
569656,5696.56
569731,5697.31
569806,5698.06
569881,5698.81
569956,5699.56
570030,5700.3
570103,5701.03
570174,5701.74
570244,5702.44
570315,5703.15
570387,5703.87
570457,5704.57
570528,5705.28
570599,5705.99
570671,5706.71
570742,5707.42
570814,5708.14
570885,5708.85
570959,5709.59
571035,5710.35
571116,5711.16
571197,5711.97
571278,5712.78
571363,5713.63
571452,5714.52
571544,5715.44
571634,5716.34
571724,5717.24
571812,5718.12
571899,5718.99
571984,5719.84
572066,5720.66
572148,5721.48
572227,5722.27
572305,5723.05
572383,5723.83
572460,5724.6
572536,5725.36
572614,5726.14
572692,5726.92
572770,5727.7
572851,5728.51
572932,5729.32
573012,5730.12
573092,5730.92
573172,5731.72
573251,5732.51
573330,5733.3
573408,5734.08
573487,5734.87
573565,5735.65
573641,5736.41
573716,5737.16
573789,5737.89
573863,5738.63
573937,5739.37
574014,5740.14
574092,5740.92
574167,5741.67
574242,5742.42
574317,5743.17
574395,5743.95
574472,5744.72
574550,5745.5
574627,5746.27
574703,5747.03
574777,5747.77
574850,5748.5
574922,5749.22
574994,5749.94
575065,5750.65
575137,5751.37
575208,5752.08
575280,5752.8
575351,5753.51
575423,5754.23
575494,5754.94
575567,5755.67
575639,5756.39
575711,5757.11
575781,5757.81
575852,5758.52
575925,5759.25
576000,5760.0
576079,5760.79
576166,5761.66
576259,5762.59
576353,5763.53
576444,5764.44
576534,5765.34
576625,5766.25
576713,5767.13
576800,5768.0
576886,5768.86
576972,5769.72
577055,5770.55
577138,5771.38
577221,5772.21
577303,5773.03
577385,5773.85
577468,5774.68
577550,5775.5
577632,5776.32
577714,5777.14
577795,5777.95
577875,5778.75
577953,5779.53
578030,5780.3
578107,5781.07
578183,5781.83
578259,5782.59
578333,5783.33
578406,5784.06
578478,5784.78
578551,5785.51
578626,5786.26
578701,5787.01
578775,5787.75
578849,5788.49
578923,5789.23
578999,5789.99
579075,5790.75
579151,5791.51
579225,5792.25
579299,5792.99
579371,5793.71
579442,5794.42
579514,5795.14
579585,5795.85
579656,5796.56
579727,5797.27
579799,5797.99
579873,5798.73
579946,5799.46
580020,5800.2
580094,5800.94
580171,5801.71
580250,5802.5
580335,5803.35
580420,5804.2
580505,5805.05
580591,5805.91
580679,5806.79
580767,5807.67
580855,5808.55
580944,5809.44
581031,5810.31
581118,5811.18
581206,5812.06
581291,5812.91
581377,5813.77
581463,5814.63
581548,5815.48
581631,5816.31
581714,5817.14
581796,5817.96
581876,5818.76
581955,5819.55
582034,5820.34
582113,5821.13
582191,5821.91
582270,5822.7
582347,5823.47
582422,5824.22
582496,5824.96
582568,5825.68
582641,5826.41
582715,5827.15
582790,5827.9
582866,5828.66
582940,5829.4
583014,5830.14
583087,5830.87
583162,5831.62
583240,5832.4
583315,5833.15
583389,5833.89
583461,5834.61
583533,5835.33
583605,5836.05
583678,5836.78
583750,5837.5
583821,5838.21
583893,5838.93
583965,5839.65
584036,5840.36
584107,5841.07
584178,5841.78
584251,5842.51
584324,5843.24
584400,5844.0
584477,5844.77
584560,5845.6
584652,5846.52
584749,5847.49
584843,5848.43
584935,5849.35
585027,5850.27
585118,5851.18
585208,5852.08
585298,5852.98
585387,5853.87
585476,5854.76
585564,5855.64
585652,5856.52
585739,5857.39
585827,5858.27
585913,5859.13
585997,5859.97
586081,5860.81
586164,5861.64
586247,5862.47
586330,5863.3
586410,5864.1
586489,5864.89
586569,5865.69
586648,5866.48
586726,5867.26
586805,5868.05
586882,5868.82
586959,5869.59
587034,5870.34
587109,5871.09
587186,5871.86
587264,5872.64
587344,5873.44
587422,5874.22
587498,5874.98
587573,5875.73
587648,5876.48
587725,5877.25
587802,5878.02
587878,5878.78
587955,5879.55
588029,5880.29
588103,5881.03
588174,5881.74
588244,5882.44
588312,5883.12
588380,5883.8
588447,5884.47
588513,5885.13
588580,5885.8
588647,5886.47
588713,5887.13
588779,5887.79
588846,5888.46
588914,5889.14
588983,5889.83
589051,5890.51
589120,5891.2
589191,5891.91
589263,5892.63
589338,5893.38
589413,5894.13
589487,5894.87
589561,5895.61
589634,5896.34
589708,5897.08
589780,5897.8
589851,5898.51
589921,5899.21
589991,5899.91
590062,5900.62
590133,5901.33
590203,5902.03
590275,5902.75
590346,5903.46
590418,5904.18
590489,5904.89
590561,5905.61
590632,5906.32
590703,5907.03
590772,5907.72
590841,5908.41
590909,5909.09
590978,5909.78
591048,5910.48
591121,5911.21
591199,5911.99
591282,5912.82
591365,5913.65
591450,5914.5
591534,5915.34
591616,5916.16
591698,5916.98
591779,5917.79
591859,5918.59
591939,5919.39
592020,5920.2
592101,5921.01
592178,5921.78
592254,5922.54
592329,5923.29
592405,5924.05
592481,5924.81
592556,5925.56
592632,5926.32
592709,5927.09
592788,5927.88
592869,5928.69
592949,5929.49
593029,5930.29
593108,5931.08
593185,5931.85
593261,5932.61
593337,5933.37
593414,5934.14
593491,5934.91
593571,5935.71
593650,5936.5
593728,5937.28
593804,5938.04
593883,5938.83
593962,5939.62
594040,5940.4
594118,5941.18
594195,5941.95
594272,5942.72
594347,5943.47
594421,5944.21
594496,5944.96
594572,5945.72
594647,5946.47
594720,5947.2
594794,5947.94
594868,5948.68
594943,5949.43
595019,5950.19
595094,5950.94
595168,5951.68
595243,5952.43
595319,5953.19
595396,5953.96
595473,5954.73
595548,5955.48
595625,5956.25
595703,5957.03
595783,5957.83
595864,5958.64
595945,5959.45
596024,5960.24
596103,5961.03
596184,5961.84
596267,5962.67
596352,5963.52
596436,5964.36
596517,5965.17
596597,5965.97
596678,5966.78
596759,5967.59
596840,5968.4
596920,5969.2
596998,5969.98
597076,5970.76
597154,5971.54
597234,5972.34
597315,5973.15
597397,5973.97
597476,5974.76
597555,5975.55
597632,5976.32
597709,5977.09
597788,5977.88
597869,5978.69
597949,5979.49
598030,5980.3
598108,5981.08
598185,5981.85
598262,5982.62
598340,5983.4
598418,5984.18
598495,5984.95
598571,5985.71
598646,5986.46
598723,5987.23
598801,5988.01
598879,5988.79
598957,5989.57
599034,5990.34
599110,5991.1
599186,5991.86
599263,5992.63
599343,5993.43
599424,5994.24
599504,5995.04
599582,5995.82
599661,5996.61
599742,5997.42
599822,5998.22
599904,5999.04
599983,5999.83
600061,6000.61
600141,6001.41
600224,6002.24
600308,6003.08
600393,6003.93
600478,6004.78
600560,6005.6
600640,6006.4
600721,6007.21
600803,6008.03
600886,6008.86
600968,6009.68
601049,6010.49
601127,6011.27
601206,6012.06
601286,6012.86
601366,6013.66
601447,6014.47
601525,6015.25
601602,6016.02
601679,6016.79
601757,6017.57
601836,6018.36
601917,6019.17
601995,6019.95
602072,6020.72
602151,6021.51
602230,6022.3
602311,6023.11
602393,6023.93
602473,6024.73
602551,6025.51
602632,6026.32
602714,6027.14
602797,6027.97
602879,6028.79
602959,6029.59
603038,6030.38
603118,6031.18
603199,6031.99
603281,6032.81
603360,6033.6
603438,6034.38
603516,6035.16
603595,6035.95
603676,6036.76
603757,6037.57
603838,6038.38
603918,6039.18
603996,6039.96
604074,6040.74
604153,6041.53
604235,6042.35
604316,6043.16
604395,6043.95
604473,6044.73
604551,6045.51
604630,6046.3
604710,6047.1
604788,6047.88
604865,6048.65
604942,6049.42
605018,6050.18
605096,6050.96
605175,6051.75
605252,6052.52
605328,6053.28
605406,6054.06
605484,6054.84
605563,6055.63
605642,6056.42
605718,6057.18
605795,6057.95
605873,6058.73
605953,6059.53
606035,6060.35
606115,6061.15
606194,6061.94
606273,6062.73
606354,6063.54
606437,6064.37
606521,6065.21
606601,6066.01
606680,6066.8
606759,6067.59
606838,6068.38
606917,6069.17
606996,6069.96
607073,6070.73
607149,6071.49
607226,6072.26
607305,6073.05
607385,6073.85
607465,6074.65
607543,6075.43
607622,6076.22
607702,6077.02
607783,6077.83
607864,6078.64
607942,6079.42
608022,6080.22
608102,6081.02
608186,6081.86
608272,6082.72
608356,6083.56
608436,6084.36
608515,6085.15
608595,6085.95
608675,6086.75
608754,6087.54
608832,6088.32
608908,6089.08
608984,6089.84
609062,6090.62
609140,6091.4
609218,6092.18
609296,6092.96
609372,6093.72
609450,6094.5
609527,6095.27
609607,6096.07
609687,6096.87
609765,6097.65
609842,6098.42
609921,6099.21
609999,6099.99
610079,6100.79
610160,6101.6
610238,6102.38
610317,6103.17
610396,6103.96
610475,6104.75
610555,6105.55
610634,6106.34
610713,6107.13
610791,6107.91
610869,6108.69
610948,6109.48
611028,6110.28
611109,6111.09
611188,6111.88
611268,6112.68
611352,6113.52
611437,6114.37
611522,6115.22
611604,6116.04
611687,6116.87
611771,6117.71
611854,6118.54
611937,6119.37
612018,6120.18
612096,6120.96
612175,6121.75
612255,6122.55
612336,6123.36
612416,6124.16
612494,6124.94
612570,6125.7
612647,6126.47
612725,6127.25
612804,6128.04
612884,6128.84
612961,6129.61
613038,6130.38
613116,6131.16
613195,6131.95
613275,6132.75
613354,6133.54
613432,6134.32
613510,6135.1
613589,6135.89
613670,6136.7
613752,6137.52
613831,6138.31
613908,6139.08
613987,6139.87
614067,6140.67
614148,6141.48
614229,6142.29
614309,6143.09
614389,6143.89
614473,6144.73
614557,6145.57
614641,6146.41
614722,6147.22
614800,6148.0
614879,6148.79
614958,6149.58
615038,6150.38
615119,6151.19
615199,6151.99
615276,6152.76
615353,6153.53
615431,6154.31
615514,6155.14
615596,6155.96
615680,6156.8
615762,6157.62
615844,6158.44
615926,6159.26
616009,6160.09
616092,6160.92
616173,6161.73
616253,6162.53
616333,6163.33
616415,6164.15
616499,6164.99
616581,6165.81
616662,6166.62
616743,6167.43
616824,6168.24
616906,6169.06
616989,6169.89
617069,6170.69
617149,6171.49
617229,6172.29
617311,6173.11
617391,6173.91
617470,6174.7
617549,6175.49
617628,6176.28
617708,6177.08
617788,6177.88
617867,6178.67
617944,6179.44
618023,6180.23
618103,6181.03
618184,6181.84
618263,6182.63
618341,6183.41
618420,6184.2
618500,6185.0
618581,6185.81
618661,6186.61
618740,6187.4
618819,6188.19
618897,6188.97
618976,6189.76
619056,6190.56
619134,6191.34
619211,6192.11
619289,6192.89
619367,6193.67
619448,6194.48
619528,6195.28
619606,6196.06
619684,6196.84
619761,6197.61
619841,6198.41
619923,6199.23
620004,6200.04
620084,6200.84
620166,6201.66
620246,6202.46
620326,6203.26
620405,6204.05
620483,6204.83
620561,6205.61
620639,6206.39
620717,6207.17
620797,6207.97
620875,6208.75
620953,6209.53
621032,6210.32
621111,6211.11
621194,6211.94
621274,6212.74
621354,6213.54
621433,6214.33
621513,6215.13
621595,6215.95
621678,6216.78
621761,6217.61
621842,6218.42
621925,6219.25
622009,6220.09
622094,6220.94
622177,6221.77
622258,6222.58
622338,6223.38
622420,6224.2
622502,6225.02
622585,6225.85
622668,6226.68
622749,6227.49
622831,6228.31
622913,6229.13
622995,6229.95
623079,6230.79
623162,6231.62
623242,6232.42
623320,6233.2
623398,6233.98
623475,6234.75
623553,6235.53
623632,6236.32
623709,6237.09
623786,6237.86
623862,6238.62
623939,6239.39
624017,6240.17
624095,6240.95
624173,6241.73
624249,6242.49
624323,6243.23
624396,6243.96
624469,6244.69
624542,6245.42
624615,6246.15
624688,6246.88
624761,6247.61
624834,6248.34
624907,6249.07
624979,6249.79
625052,6250.52
625125,6251.25
625201,6252.01
625278,6252.78
625356,6253.56
625435,6254.35
625516,6255.16
625601,6256.01
625688,6256.88
625776,6257.76
625863,6258.63
625949,6259.49
626036,6260.36
626123,6261.23
626212,6262.12
626301,6263.01
626390,6263.9
626478,6264.78
626562,6265.62
626646,6266.46
626726,6267.26
626805,6268.05
626887,6268.87
626967,6269.67
627048,6270.48
627127,6271.27
627204,6272.04
627281,6272.81
627359,6273.59
627438,6274.38
627517,6275.17
627596,6275.96
627674,6276.74
627754,6277.54
627834,6278.34
627916,6279.16
627996,6279.96
628074,6280.74
628153,6281.53
628231,6282.31
628310,6283.1
628389,6283.89
628467,6284.67
628544,6285.44
628624,6286.24
628705,6287.05
628790,6287.9
628875,6288.75
628957,6289.57
629037,6290.37
629118,6291.18
629199,6291.99
629283,6292.83
629366,6293.66
629448,6294.48
629528,6295.28
629609,6296.09
629694,6296.94
629779,6297.79
629864,6298.64
629948,6299.48
630028,6300.28
630107,6301.07
630186,6301.86
630265,6302.65
630345,6303.45
630425,6304.25
630503,6305.03
630580,6305.8
630659,6306.59
630739,6307.39
630822,6308.22
630904,6309.04
630984,6309.84
631063,6310.63
631144,6311.44
631225,6312.25
631307,6313.07
631387,6313.87
631466,6314.66
631543,6315.43
631620,6316.2
631699,6316.99
631779,6317.79
631859,6318.59
631937,6319.37
632014,6320.14
632091,6320.91
632170,6321.7
632249,6322.49
632331,6323.31
632411,6324.11
632490,6324.9
632570,6325.7
632651,6326.51
632734,6327.34
632817,6328.17
632899,6328.99
632980,6329.8
633061,6330.61
633142,6331.42
633226,6332.26
633310,6333.1
633391,6333.91
633470,6334.7
633550,6335.5
633631,6336.31
633714,6337.14
633796,6337.96
633877,6338.77
633956,6339.56
634035,6340.35
634115,6341.15
634195,6341.95
634275,6342.75
634355,6343.55
634433,6344.33
634510,6345.1
634587,6345.87
634664,6346.64
634744,6347.44
634825,6348.25
634907,6349.07
634988,6349.88
635068,6350.68
635148,6351.48
635229,6352.29
635309,6353.09
635391,6353.91
635471,6354.71
635549,6355.49
635627,6356.27
635706,6357.06
635785,6357.85
635864,6358.64
635942,6359.42
636020,6360.2
636097,6360.97
636175,6361.75
636255,6362.55
636335,6363.35
636414,6364.14
636492,6364.92
636572,6365.72
636653,6366.53
636734,6367.34
636814,6368.14
636891,6368.91
636969,6369.69
637047,6370.47
637127,6371.27
637210,6372.1
637291,6372.91
637370,6373.7
637448,6374.48
637528,6375.28
637609,6376.09
637690,6376.9
637771,6377.71
637851,6378.51
637932,6379.32
638013,6380.13
638096,6380.96
638177,6381.77
638257,6382.57
638337,6383.37
638417,6384.17
638498,6384.98
638579,6385.79
638659,6386.59
638737,6387.37
638816,6388.16
638896,6388.96
638977,6389.77
639056,6390.56
639134,6391.34
639214,6392.14
639294,6392.94
639376,6393.76
639457,6394.57
639536,6395.36
639615,6396.15
639695,6396.95
639775,6397.75
639855,6398.55
639937,6399.37
640016,6400.16
640094,6400.94
640173,6401.73
640251,6402.51
640331,6403.31
640410,6404.1
640490,6404.9
640568,6405.68
640647,6406.47
640727,6407.27
640808,6408.08
640889,6408.89
640968,6409.68
641046,6410.46
641126,6411.26
641208,6412.08
641291,6412.91
641371,6413.71
641451,6414.51
641532,6415.32
641613,6416.13
641695,6416.95
641777,6417.77
641857,6418.57
641936,6419.36
642014,6420.14
642094,6420.94
642176,6421.76
642256,6422.56
642334,6423.34
642412,6424.12
642491,6424.91
642572,6425.72
642652,6426.52
642733,6427.33
642811,6428.11
642889,6428.89
642968,6429.68
643048,6430.48
643131,6431.31
643212,6432.12
643292,6432.92
643372,6433.72
643452,6434.52
643534,6435.34
643616,6436.16
643696,6436.96
643775,6437.75
643856,6438.56
643937,6439.37
644018,6440.18
644099,6440.99
644179,6441.79
644258,6442.58
644337,6443.37
644418,6444.18
644500,6445.0
644580,6445.8
644660,6446.6
644738,6447.38
644818,6448.18
644898,6448.98
644979,6449.79
645059,6450.59
645138,6451.38
645217,6452.17
645296,6452.96
645377,6453.77
645458,6454.58
645536,6455.36
645614,6456.14
645692,6456.92
645771,6457.71
645851,6458.51
645934,6459.34
646014,6460.14
646094,6460.94
646173,6461.73
646254,6462.54
646336,6463.36
646418,6464.18
646499,6464.99
646578,6465.78
646657,6466.57
646735,6467.35
646814,6468.14
646892,6468.92
646969,6469.69
647045,6470.45
647122,6471.22
647200,6472.0
647278,6472.78
647357,6473.57
647435,6474.35
647513,6475.13
647590,6475.9
647669,6476.69
647752,6477.52
647834,6478.34
647915,6479.15
647994,6479.94
648075,6480.75
648157,6481.57
648239,6482.39
648323,6483.23
648404,6484.04
648484,6484.84
648564,6485.64
648644,6486.44
648726,6487.26
648809,6488.09
648890,6488.9
648968,6489.68
649047,6490.47
649127,6491.27
649206,6492.06
649286,6492.86
649365,6493.65
649442,6494.42
649521,6495.21
649602,6496.02
649683,6496.83
649765,6497.65
649844,6498.44
649923,6499.23
650000,6500.0
650079,6500.79
650158,6501.58
650235,6502.35
650311,6503.11
650387,6503.87
650464,6504.64
650541,6505.41
650620,6506.2
650697,6506.97
650774,6507.74
650851,6508.51
650929,6509.29
651009,6510.09
651089,6510.89
651168,6511.68
651246,6512.46
651324,6513.24
651404,6514.04
651485,6514.85
651567,6515.67
651647,6516.47
651725,6517.25
651802,6518.02
651878,6518.78
651955,6519.55
652032,6520.32
652111,6521.11
652186,6521.86
652260,6522.6
652332,6523.32
652404,6524.04
652475,6524.75
652547,6525.47
652620,6526.2
652694,6526.94
652771,6527.71
652848,6528.48
652926,6529.26
653005,6530.05
653087,6530.87
653173,6531.73
653260,6532.6
653345,6533.45
653429,6534.29
653515,6535.15
653604,6536.04
653693,6536.93
653783,6537.83
653872,6538.72
653959,6539.59
654044,6540.44
654127,6541.27
654209,6542.09
654293,6542.93
654376,6543.76
654460,6544.6
654542,6545.42
654623,6546.23
654703,6547.03
654782,6547.82
654864,6548.64
654946,6549.46
655026,6550.26
655105,6551.05
655182,6551.82
655259,6552.59
655337,6553.37
655415,6554.15
655492,6554.92
655568,6555.68
655645,6556.45
655721,6557.21
655800,6558.0
655879,6558.79
655957,6559.57
656034,6560.34
656112,6561.12
656190,6561.9
656270,6562.7
656351,6563.51
656430,6564.3
656509,6565.09
656588,6565.88
656668,6566.68
656749,6567.49
656829,6568.29
656907,6569.07
656983,6569.83
657057,6570.57
657130,6571.3
657204,6572.04
657280,6572.8
657357,6573.57
657434,6574.34
657514,6575.14
657597,6575.97
657684,6576.84
657772,6577.72
657859,6578.59
657947,6579.47
658035,6580.35
658123,6581.23
658210,6582.1
658295,6582.95
658379,6583.79
658461,6584.61
658542,6585.42
658624,6586.24
658707,6587.07
658788,6587.88
658868,6588.68
658947,6589.47
659026,6590.26
659106,6591.06
659188,6591.88
659268,6592.68
659347,6593.47
659427,6594.27
659507,6595.07
659587,6595.87
659667,6596.67
659746,6597.46
659823,6598.23
659900,6599.0
659978,6599.78
660057,6600.57
660136,6601.36
660214,6602.14
660291,6602.91
660368,6603.68
660446,6604.46
660524,6605.24
660602,6606.02
660678,6606.78
660755,6607.55
660832,6608.32
660909,6609.09
660987,6609.87
661066,6610.66
661144,6611.44
661220,6612.2
661296,6612.96
661371,6613.71
661447,6614.47
661524,6615.24
661600,6616.0
661677,6616.77
661756,6617.56
661835,6618.35
661917,6619.17
661998,6619.98
662078,6620.78
662157,6621.57
662236,6622.36
662317,6623.17
662398,6623.98
662479,6624.79
662558,6625.58
662637,6626.37
662717,6627.17
662798,6627.98
662880,6628.8
662961,6629.61
663040,6630.4
663118,6631.18
663195,6631.95
663273,6632.73
663351,6633.51
663430,6634.3
663508,6635.08
663586,6635.86
663662,6636.62
663740,6637.4
663818,6638.18
663898,6638.98
663977,6639.77
664055,6640.55
664132,6641.32
664209,6642.09
664287,6642.87
664366,6643.66
664443,6644.43
664519,6645.19
664596,6645.96
664673,6646.73
664751,6647.51
664829,6648.29
664906,6649.06
664982,6649.82
665058,6650.58
665136,6651.36
665214,6652.14
665291,6652.91
665368,6653.68
665445,6654.45
665522,6655.22
665601,6656.01
665681,6656.81
665761,6657.61
665842,6658.42
665921,6659.21
666001,6660.01
666080,6660.8
666160,6661.6
666242,6662.42
666323,6663.23
666402,6664.02
666482,6664.82
666563,6665.63
666644,6666.44
666726,6667.26
666806,6668.06
666885,6668.85
666965,6669.65
667045,6670.45
667125,6671.25
667204,6672.04
667283,6672.83
667363,6673.63
667441,6674.41
667520,6675.2
667600,6676.0
667680,6676.8
667758,6677.58
667835,6678.35
667913,6679.13
667990,6679.9
668069,6680.69
668148,6681.48
668226,6682.26
668304,6683.04
668381,6683.81
668458,6684.58
668537,6685.37
668615,6686.15
668693,6686.93
668769,6687.69
668847,6688.47
668926,6689.26
669006,6690.06
669088,6690.88
669167,6691.67
669244,6692.44
669320,6693.2
669397,6693.97
669475,6694.75
669553,6695.53
669630,6696.3
669706,6697.06
669783,6697.83
669862,6698.62
669940,6699.4
670019,6700.19
670097,6700.97
670173,6701.73
670251,6702.51
670330,6703.3
670409,6704.09
670488,6704.88
670566,6705.66
670643,6706.43
670719,6707.19
670796,6707.96
670875,6708.75
670953,6709.53
671032,6710.32
671109,6711.09
671187,6711.87
671267,6712.67
671347,6713.47
671427,6714.27
671505,6715.05
671582,6715.82
671660,6716.6
671737,6717.37
671815,6718.15
671894,6718.94
671972,6719.72
672048,6720.48
672125,6721.25
672204,6722.04
672284,6722.84
672362,6723.62
672439,6724.39
672516,6725.16
672593,6725.93
672670,6726.7
672748,6727.48
672824,6728.24
672899,6728.99
672974,6729.74
673050,6730.5
673126,6731.26
673203,6732.03
673279,6732.79
673355,6733.55
673433,6734.33
673510,6735.1
673588,6735.88
673666,6736.66
673745,6737.45
673823,6738.23
673902,6739.02
673982,6739.82
674063,6740.63
674144,6741.44
674224,6742.24
674303,6743.03
674384,6743.84
674466,6744.66
674547,6745.47
674627,6746.27
674706,6747.06
674785,6747.85
674865,6748.65
674945,6749.45
675024,6750.24
675102,6751.02
675181,6751.81
675261,6752.61
675341,6753.41
675422,6754.22
675501,6755.01
675580,6755.8
675656,6756.56
675733,6757.33
675811,6758.11
675889,6758.89
675968,6759.68
676046,6760.46
676124,6761.24
676202,6762.02
676280,6762.8
676358,6763.58
676436,6764.36
676512,6765.12
676589,6765.89
676665,6766.65
676743,6767.43
676822,6768.22
676900,6769.0
676978,6769.78
677057,6770.57
677137,6771.37
677217,6772.17
677298,6772.98
677380,6773.8
677458,6774.58
677535,6775.35
677613,6776.13
677692,6776.92
677772,6777.72
677852,6778.52
677931,6779.31
678009,6780.09
678088,6780.88
678167,6781.67
678248,6782.48
678328,6783.28
678406,6784.06
678486,6784.86
678566,6785.66
678645,6786.45
678723,6787.23
678801,6788.01
678878,6788.78
678956,6789.56
679035,6790.35
679115,6791.15
679195,6791.95
679272,6792.72
679350,6793.5
679428,6794.28
679506,6795.06
679584,6795.84
679663,6796.63
679741,6797.41
679816,6798.16
679892,6798.92
679968,6799.68
680044,6800.44
680121,6801.21
680197,6801.97
680272,6802.72
680347,6803.47
680422,6804.22
680499,6804.99
680575,6805.75
680650,6806.5
680725,6807.25
680801,6808.01
680880,6808.8
680959,6809.59
681037,6810.37
681115,6811.15
681191,6811.91
681268,6812.68
681346,6813.46
681423,6814.23
681499,6814.99
681575,6815.75
681651,6816.51
681727,6817.27
681806,6818.06
681884,6818.84
681961,6819.61
682037,6820.37
682114,6821.14
682191,6821.91
682269,6822.69
682348,6823.48
682426,6824.26
682504,6825.04
682580,6825.8
682656,6826.56
682733,6827.33
682812,6828.12
682893,6828.93
682972,6829.72
683050,6830.5
683127,6831.27
683204,6832.04
683284,6832.84
683365,6833.65
683445,6834.45
683524,6835.24
683602,6836.02
683681,6836.81
683760,6837.6
683839,6838.39
683917,6839.17
683994,6839.94
684072,6840.72
684150,6841.5
684229,6842.29
684307,6843.07
684384,6843.84
684461,6844.61
684539,6845.39
684617,6846.17
684695,6846.95
684772,6847.72
684848,6848.48
684923,6849.23
684998,6849.98
685074,6850.74
685152,6851.52
685228,6852.28
685303,6853.03
685380,6853.8
685457,6854.57
685535,6855.35
685614,6856.14
685692,6856.92
685770,6857.7
685848,6858.48
685926,6859.26
686004,6860.04
686081,6860.81
686158,6861.58
686235,6862.35
686314,6863.14
686392,6863.92
686469,6864.69
686546,6865.46
686622,6866.22
686700,6867.0
686778,6867.78
686857,6868.57
686935,6869.35
687012,6870.12
687090,6870.9
687169,6871.69
687248,6872.48
687326,6873.26
687403,6874.03
687479,6874.79
687555,6875.55
687631,6876.31
687709,6877.09
687786,6877.86
687862,6878.62
687937,6879.37
688014,6880.14
688093,6880.93
688171,6881.71
688249,6882.49
688326,6883.26
688403,6884.03
688480,6884.8
688557,6885.57
688633,6886.33
688709,6887.09
688785,6887.85
688861,6888.61
688939,6889.39
689016,6890.16
689093,6890.93
689169,6891.69
689248,6892.48
689328,6893.28
689408,6894.08
689486,6894.86
689564,6895.64
689640,6896.4
689718,6897.18
689798,6897.98
689878,6898.78
689957,6899.57
690036,6900.36
690116,6901.16
690197,6901.97
690279,6902.79
690359,6903.59
690438,6904.38
690518,6905.18
690598,6905.98
690680,6906.8
690760,6907.6
690838,6908.38
690915,6909.15
690992,6909.92
691070,6910.7
691148,6911.48
691225,6912.25
691301,6913.01
691377,6913.77
691453,6914.53
691529,6915.29
691606,6916.06
691681,6916.81
691756,6917.56
691831,6918.31
691907,6919.07
691983,6919.83
692058,6920.58
692132,6921.32
692208,6922.08
692284,6922.84
692362,6923.62
692442,6924.42
692519,6925.19
692596,6925.96
692674,6926.74
692752,6927.52
692831,6928.31
692910,6929.1
692988,6929.88
693064,6930.64
693141,6931.41
693218,6932.18
693295,6932.95
693371,6933.71
693447,6934.47
693522,6935.22
693598,6935.98
693673,6936.73
693749,6937.49
693825,6938.25
693900,6939.0
693975,6939.75
694052,6940.52
694131,6941.31
694209,6942.09
694286,6942.86
694363,6943.63
694439,6944.39
694517,6945.17
694595,6945.95
694672,6946.72
694749,6947.49
694827,6948.27
694905,6949.05
694985,6949.85
695065,6950.65
695144,6951.44
695222,6952.22
695302,6953.02
695381,6953.81
695462,6954.62
695542,6955.42
695621,6956.21
695699,6956.99
695777,6957.77
695855,6958.55
695934,6959.34
696013,6960.13
696090,6960.9
696166,6961.66
696243,6962.43
696321,6963.21
696398,6963.98
696476,6964.76
696553,6965.53
696629,6966.29
696705,6967.05
696782,6967.82
696860,6968.6
696937,6969.37
697012,6970.12
697087,6970.87
697163,6971.63
697240,6972.4
697318,6973.18
697397,6973.97
697474,6974.74
697550,6975.5
697625,6976.25
697701,6977.01
697778,6977.78
697855,6978.55
697931,6979.31
698007,6980.07
698084,6980.84
698162,6981.62
698239,6982.39
698317,6983.17
698394,6983.94
698472,6984.72
698550,6985.5
698629,6986.29
698708,6987.08
698785,6987.85
698862,6988.62
698939,6989.39
699017,6990.17
699097,6990.97
699175,6991.75
699252,6992.52
699328,6993.28
699404,6994.04
699481,6994.81
699558,6995.58
699635,6996.35
699713,6997.13
699793,6997.93
699874,6998.74
699955,6999.55
700034,7000.34
700111,7001.11
700189,7001.89
700267,7002.67
700345,7003.45
700423,7004.23
700499,7004.99
700575,7005.75
700653,7006.53
700732,7007.32
700810,7008.1
700887,7008.87
700964,7009.64
701042,7010.42
701121,7011.21
701200,7012.0
701277,7012.77
701355,7013.55
701432,7014.32
701511,7015.11
701590,7015.9
701667,7016.67
701744,7017.44
701821,7018.21
701899,7018.99
701978,7019.78
702056,7020.56
702133,7021.33
702211,7022.11
702291,7022.91
702370,7023.7
702449,7024.49
702527,7025.27
702605,7026.05
702684,7026.84
702763,7027.63
702842,7028.42
702920,7029.2
702997,7029.97
703074,7030.74
703153,7031.53
703231,7032.31
703310,7033.1
703387,7033.87
703464,7034.64
703540,7035.4
703617,7036.17
703694,7036.94
703771,7037.71
703846,7038.46
703922,7039.22
703997,7039.97
704072,7040.72
704148,7041.48
704223,7042.23
704299,7042.99
704375,7043.75
704451,7044.51
704530,7045.3
704608,7046.08
704687,7046.87
704766,7047.66
704845,7048.45
704926,7049.26
705007,7050.07
705086,7050.86
705162,7051.62
705238,7052.38
705315,7053.15
705392,7053.92
705471,7054.71
705550,7055.5
705628,7056.28
705705,7057.05
705783,7057.83
705861,7058.61
705943,7059.43
706025,7060.25
706105,7061.05
706185,7061.85
706264,7062.64
706344,7063.44
706423,7064.23
706503,7065.03
706581,7065.81
706659,7066.59
706738,7067.38
706818,7068.18
706898,7068.98
706978,7069.78
707058,7070.58
707137,7071.37
707217,7072.17
707297,7072.97
707378,7073.78
707459,7074.59
707537,7075.37
707615,7076.15
707693,7076.93
707771,7077.71
707849,7078.49
707926,7079.26
708002,7080.02
708078,7080.78
708153,7081.53
708229,7082.29
708306,7083.06
708383,7083.83
708459,7084.59
708537,7085.37
708615,7086.15
708694,7086.94
708773,7087.73
708851,7088.51
708929,7089.29
709007,7090.07
709086,7090.86
709164,7091.64
709242,7092.42
709318,7093.18
709395,7093.95
709471,7094.71
709548,7095.48
709625,7096.25
709700,7097.0
709775,7097.75
709850,7098.5
709925,7099.25
710001,7100.01
710078,7100.78
710154,7101.54
710231,7102.31
710308,7103.08
710386,7103.86
710465,7104.65
710542,7105.42
710619,7106.19
710696,7106.96
710776,7107.76
710856,7108.56
710935,7109.35
711013,7110.13
711092,7110.92
711172,7111.72
711252,7112.52
711332,7113.32
711411,7114.11
711489,7114.89
711568,7115.68
711647,7116.47
711727,7117.27
711807,7118.07
711886,7118.86
711964,7119.64
712042,7120.42
712120,7121.2
712200,7122.0
712280,7122.8
712358,7123.58
712435,7124.35
712514,7125.14
712593,7125.93
712673,7126.73
712752,7127.52
712829,7128.29
712905,7129.05
712981,7129.81
713057,7130.57
713134,7131.34
713212,7132.12
713291,7132.91
713369,7133.69
713448,7134.48
713528,7135.28
713610,7136.1
713691,7136.91
713771,7137.71
713851,7138.51
713934,7139.34
714015,7140.15
714098,7140.98
714182,7141.82
714262,7142.62
714341,7143.41
714420,7144.2
714500,7145.0
714578,7145.78
714654,7146.54
714731,7147.31
714807,7148.07
714883,7148.83
714960,7149.6
715036,7150.36
715112,7151.12
715188,7151.88
715266,7152.66
715344,7153.44
715423,7154.23
715500,7155.0
715576,7155.76
715652,7156.52
715729,7157.29
715807,7158.07
715885,7158.85
715963,7159.63
716042,7160.42
716121,7161.21
716202,7162.02
716282,7162.82
716360,7163.6
716437,7164.37
716515,7165.15
716595,7165.95
716676,7166.76
716758,7167.58
716836,7168.36
716913,7169.13
716991,7169.91
717070,7170.7
717148,7171.48
717226,7172.26
717303,7173.03
717380,7173.8
717459,7174.59
717538,7175.38
717616,7176.16
717694,7176.94
717774,7177.74
717853,7178.53
717932,7179.32
718011,7180.11
718089,7180.89
718168,7181.68
718248,7182.48
718327,7183.27
718406,7184.06
718483,7184.83
718558,7185.58
718634,7186.34
718712,7187.12
718789,7187.89
718868,7188.68
718946,7189.46
719023,7190.23
719099,7190.99
719177,7191.77
719253,7192.53
719329,7193.29
719404,7194.04
719480,7194.8
719558,7195.58
719637,7196.37
719714,7197.14
719791,7197.91
719866,7198.66
719942,7199.42
720017,7200.17
720093,7200.93
720169,7201.69
720245,7202.45
720323,7203.23
720401,7204.01
720479,7204.79
720559,7205.59
720637,7206.37
720715,7207.15
720793,7207.93
720872,7208.72
720951,7209.51
721031,7210.31
721108,7211.08
721186,7211.86
721264,7212.64
721344,7213.44
721424,7214.24
721502,7215.02
721580,7215.8
721659,7216.59
721739,7217.39
721819,7218.19
721897,7218.97
721975,7219.75
722052,7220.52
722129,7221.29
722208,7222.08
722287,7222.87
722364,7223.64
722440,7224.4
722516,7225.16
722593,7225.93
722670,7226.7
722746,7227.46
722821,7228.21
722896,7228.96
722971,7229.71
723049,7230.49
723128,7231.28
723206,7232.06
723284,7232.84
723361,7233.61
723437,7234.37
723515,7235.15
723593,7235.93
723670,7236.7
723745,7237.45
723822,7238.22
723898,7238.98
723975,7239.75
724053,7240.53
724130,7241.3
724206,7242.06
724284,7242.84
724363,7243.63
724441,7244.41
724520,7245.2
724598,7245.98
724676,7246.76
724755,7247.55
724835,7248.35
724913,7249.13
724991,7249.91
725066,7250.66
725143,7251.43
725220,7252.2
725298,7252.98
725378,7253.78
725457,7254.57
725536,7255.36
725617,7256.17
725698,7256.98
725780,7257.8
725860,7258.6
725940,7259.4
726019,7260.19
726099,7260.99
726178,7261.78
726257,7262.57
726335,7263.35
726414,7264.14
726492,7264.92
726571,7265.71
726650,7266.5
726727,7267.27
726803,7268.03
726880,7268.8
726958,7269.58
727036,7270.36
727113,7271.13
727191,7271.91
727268,7272.68
727346,7273.46
727424,7274.24
727502,7275.02
727578,7275.78
727656,7276.56
727734,7277.34
727813,7278.13
727892,7278.92
727970,7279.7
728047,7280.47
728124,7281.24
728200,7282.0
728278,7282.78
728355,7283.55
728433,7284.33
728509,7285.09
728586,7285.86
728663,7286.63
728742,7287.42
728820,7288.2
728897,7288.97
728976,7289.76
729054,7290.54
729134,7291.34
729213,7292.13
729292,7292.92
729370,7293.7
729448,7294.48
729526,7295.26
729603,7296.03
729679,7296.79
729756,7297.56
729832,7298.32
729908,7299.08
729984,7299.84
730060,7300.6
730135,7301.35
730211,7302.11
730290,7302.9
730369,7303.69
730448,7304.48
730526,7305.26
730603,7306.03
730683,7306.83
730763,7307.63
730843,7308.43
730921,7309.21
730999,7309.99
731076,7310.76
731154,7311.54
731234,7312.34
731314,7313.14
731392,7313.92
731470,7314.7
731548,7315.48
731626,7316.26
731704,7317.04
731782,7317.82
731860,7318.6
731938,7319.38
732016,7320.16
732094,7320.94
732172,7321.72
732252,7322.52
732330,7323.3
732406,7324.06
732482,7324.82
732561,7325.61
732641,7326.41
732721,7327.21
732799,7327.99
732877,7328.77
732954,7329.54
733033,7330.33
733112,7331.12
733190,7331.9
733267,7332.67
733344,7333.44
733422,7334.22
733500,7335.0
733579,7335.79
733656,7336.56
733733,7337.33
733811,7338.11
733887,7338.87
733967,7339.67
734048,7340.48
734126,7341.26
734203,7342.03
734281,7342.81
734360,7343.6
734440,7344.4
734519,7345.19
734598,7345.98
734676,7346.76
734755,7347.55
734835,7348.35
734914,7349.14
734992,7349.92
735070,7350.7
735147,7351.47
735224,7352.24
735301,7353.01
735380,7353.8
735458,7354.58
735536,7355.36
735613,7356.13
735690,7356.9
735767,7357.67
735844,7358.44
735921,7359.21
735998,7359.98
736075,7360.75
736153,7361.53
736231,7362.31
736310,7363.1
736386,7363.86
736463,7364.63
736540,7365.4
736618,7366.18
736697,7366.97
736775,7367.75
736852,7368.52
736930,7369.3
737008,7370.08
737087,7370.87
737167,7371.67
737244,7372.44
737322,7373.22
737399,7373.99
737476,7374.76
737554,7375.54
737632,7376.32
737709,7377.09
737787,7377.87
737865,7378.65
737943,7379.43
738023,7380.23
738102,7381.02
738178,7381.78
738254,7382.54
738329,7383.29
738405,7384.05
738482,7384.82
738560,7385.6
738637,7386.37
738713,7387.13
738790,7387.9
738869,7388.69
738949,7389.49
739030,7390.3
739109,7391.09
739188,7391.88
739265,7392.65
739344,7393.44
739422,7394.22
739500,7395.0
739578,7395.78
739656,7396.56
739734,7397.34
739812,7398.12
739892,7398.92
739973,7399.73
740053,7400.53
740132,7401.32
740211,7402.11
740290,7402.9
740370,7403.7
740450,7404.5
740528,7405.28
740605,7406.05
740683,7406.83
740763,7407.63
740842,7408.42
740922,7409.22
741001,7410.01
741080,7410.8
741159,7411.59
741239,7412.39
741319,7413.19
741397,7413.97
741475,7414.75
741552,7415.52
741630,7416.3
741708,7417.08
741786,7417.86
741863,7418.63
741939,7419.39
742014,7420.14
742090,7420.9
742166,7421.66
742241,7422.41
742317,7423.17
742394,7423.94
742473,7424.73
742554,7425.54
742634,7426.34
742712,7427.12
742792,7427.92
742872,7428.72
742952,7429.52
743032,7430.32
743112,7431.12
743193,7431.93
743274,7432.74
743353,7433.53
743432,7434.32
743511,7435.11
743590,7435.9
743669,7436.69
743747,7437.47
743825,7438.25
743903,7439.03
743982,7439.82
744061,7440.61
744141,7441.41
744218,7442.18
744296,7442.96
744372,7443.72
744448,7444.48
744525,7445.25
744603,7446.03
744679,7446.79
744756,7447.56
744832,7448.32
744908,7449.08
744985,7449.85
745065,7450.65
745145,7451.45
745223,7452.23
745300,7453.0
745377,7453.77
745455,7454.55
745532,7455.32
745610,7456.1
745686,7456.86
745762,7457.62
745837,7458.37
745912,7459.12
745988,7459.88
746065,7460.65
746143,7461.43
746220,7462.2
746298,7462.98
746376,7463.76
746455,7464.55
746534,7465.34
746613,7466.13
746691,7466.91
746770,7467.7
746849,7468.49
746927,7469.27
747004,7470.04
747082,7470.82
747160,7471.6
747238,7472.38
747316,7473.16
747392,7473.92
747469,7474.69
747546,7475.46
747624,7476.24
747701,7477.01
747778,7477.78
747855,7478.55
747933,7479.33
748011,7480.11
748089,7480.89
748167,7481.67
748245,7482.45
748323,7483.23
748400,7484.0
748478,7484.78
748555,7485.55
748634,7486.34
748712,7487.12
748790,7487.9
748867,7488.67
748945,7489.45
749024,7490.24
749102,7491.02
749178,7491.78
749255,7492.55
749332,7493.32
749409,7494.09
749486,7494.86
749562,7495.62
749639,7496.39
749716,7497.16
749793,7497.93
749870,7498.7
749947,7499.47
750023,7500.23
750100,7501.0
750177,7501.77
750253,7502.53
750329,7503.29
750403,7504.03
750478,7504.78
750552,7505.52
750626,7506.26
750701,7507.01
750776,7507.76
750852,7508.52
750927,7509.27
751002,7510.02
751078,7510.78
751154,7511.54
751229,7512.29
751304,7513.04
751379,7513.79
751454,7514.54
751529,7515.29
751603,7516.03
751677,7516.77
751752,7517.52
751826,7518.26
751901,7519.01
751975,7519.75
752049,7520.49
752124,7521.24
752198,7521.98
752274,7522.74
752349,7523.49
752425,7524.25
752499,7524.99
752574,7525.74
752648,7526.48
752723,7527.23
752797,7527.97
752871,7528.71
752945,7529.45
753020,7530.2
753094,7530.94
753169,7531.69
753243,7532.43
753318,7533.18
753393,7533.93
753467,7534.67
753541,7535.41
753615,7536.15
753690,7536.9
753765,7537.65
753841,7538.41
753916,7539.16
753991,7539.91
754066,7540.66
754141,7541.41
754217,7542.17
754293,7542.93
754368,7543.68
754443,7544.43
754519,7545.19
754594,7545.94
754669,7546.69
754743,7547.43
754817,7548.17
754892,7548.92
754967,7549.67
755041,7550.41
755116,7551.16
755190,7551.9
755265,7552.65
755340,7553.4
755414,7554.14
755489,7554.89
755564,7555.64
755639,7556.39
755713,7557.13
755788,7557.88
755862,7558.62
755936,7559.36
756010,7560.1
756084,7560.84
756158,7561.58
756232,7562.32
756305,7563.05
756379,7563.79
756452,7564.52
756526,7565.26
756599,7565.99
756673,7566.73
756747,7567.47
756821,7568.21
756895,7568.95
756970,7569.7
757043,7570.43
757117,7571.17
757190,7571.9
757263,7572.63
757337,7573.37
757410,7574.1
757483,7574.83
757557,7575.57
757630,7576.3
757703,7577.03
757776,7577.76
757849,7578.49
757922,7579.22
757996,7579.96
758069,7580.69
758143,7581.43
758216,7582.16
758289,7582.89
758362,7583.62
758436,7584.36
758509,7585.09
758582,7585.82
758656,7586.56
758730,7587.3
758803,7588.03
758878,7588.78
758953,7589.53
759028,7590.28
759104,7591.04
759179,7591.79
759253,7592.53
759328,7593.28
759402,7594.02
759476,7594.76
759550,7595.5
759624,7596.24
759698,7596.98
759773,7597.73
759847,7598.47
759922,7599.22
759997,7599.97
760072,7600.72
760147,7601.47
760222,7602.22
760298,7602.98
760373,7603.73
760448,7604.48
760523,7605.23
760598,7605.98
760674,7606.74
760749,7607.49
760823,7608.23
760898,7608.98
760972,7609.72
761047,7610.47
761122,7611.22
761195,7611.95
761269,7612.69
761343,7613.43
761416,7614.16
761490,7614.9
761563,7615.63
761637,7616.37
761711,7617.11
761785,7617.85
761860,7618.6
761934,7619.34
762007,7620.07
762081,7620.81
762154,7621.54
762228,7622.28
762302,7623.02
762375,7623.75
762447,7624.47
762520,7625.2
762594,7625.94
762668,7626.68
762741,7627.41
762814,7628.14
762887,7628.87
762961,7629.61
763035,7630.35
763109,7631.09
763183,7631.83
763258,7632.58
763333,7633.33
763408,7634.08
763482,7634.82
763558,7635.58
763634,7636.34
763710,7637.1
763786,7637.86
763861,7638.61
763936,7639.36
764011,7640.11
764085,7640.85
764160,7641.6
764234,7642.34
764309,7643.09
764384,7643.84
764458,7644.58
764533,7645.33
764607,7646.07
764682,7646.82
764757,7647.57
764832,7648.32
764907,7649.07
764981,7649.81
765056,7650.56
765132,7651.32
765207,7652.07
765283,7652.83
765359,7653.59
765435,7654.35
765512,7655.12
765589,7655.89
765665,7656.65
765741,7657.41
765818,7658.18
765896,7658.96
765972,7659.72
766048,7660.48
766124,7661.24
766200,7662.0
766276,7662.76
766352,7663.52
766427,7664.27
766502,7665.02
766576,7665.76
766651,7666.51
766726,7667.26
766801,7668.01
766876,7668.76
766951,7669.51
767026,7670.26
767101,7671.01
767177,7671.77
767252,7672.52
767327,7673.27
767403,7674.03
767478,7674.78
767555,7675.55
767630,7676.3
767706,7677.06
767781,7677.81
767856,7678.56
767932,7679.32
768007,7680.07
768082,7680.82
768157,7681.57
768233,7682.33
768309,7683.09
768385,7683.85
768460,7684.6
768536,7685.36
768612,7686.12
768688,7686.88
768763,7687.63
768839,7688.39
768915,7689.15
768992,7689.92
769069,7690.69
769145,7691.45
769220,7692.2
769296,7692.96
769372,7693.72
769448,7694.48
769523,7695.23
769598,7695.98
769673,7696.73
769750,7697.5
769825,7698.25
769901,7699.01
769977,7699.77
770052,7700.52
770129,7701.29
770205,7702.05
770281,7702.81
770356,7703.56
770432,7704.32
770508,7705.08
770584,7705.84
770659,7706.59
770733,7707.33
770808,7708.08
770883,7708.83
770956,7709.56
771030,7710.3
771104,7711.04
771179,7711.79
771253,7712.53
771327,7713.27
771401,7714.01
771476,7714.76
771550,7715.5
771624,7716.24
771697,7716.97
771771,7717.71
771845,7718.45
771918,7719.18
771992,7719.92
772065,7720.65
772138,7721.38
772212,7722.12
772286,7722.86
772360,7723.6
772435,7724.35
772509,7725.09
772584,7725.84
772658,7726.58
772731,7727.31
772805,7728.05
772879,7728.79
772953,7729.53
773027,7730.27
773100,7731.0
773174,7731.74
773247,7732.47
773321,7733.21
773395,7733.95
773469,7734.69
773543,7735.43
773618,7736.18
773694,7736.94
773771,7737.71
773847,7738.47
773923,7739.23
773999,7739.99
774075,7740.75
774151,7741.51
774227,7742.27
774304,7743.04
774380,7743.8
774457,7744.57
774533,7745.33
774609,7746.09
774685,7746.85
774762,7747.62
774838,7748.38
774913,7749.13
774989,7749.89
775064,7750.64
775140,7751.4
775215,7752.15
775290,7752.9
775365,7753.65
775441,7754.41
775517,7755.17
775592,7755.92
775667,7756.67
775743,7757.43
775818,7758.18
775894,7758.94
775971,7759.71
776048,7760.48
776124,7761.24
776200,7762.0
776277,7762.77
776354,7763.54
776430,7764.3
776506,7765.06
776582,7765.82
776658,7766.58
776735,7767.35
776812,7768.12
776889,7768.89
776966,7769.66
777043,7770.43
777120,7771.2
777197,7771.97
777273,7772.73
777349,7773.49
777425,7774.25
777501,7775.01
777577,7775.77
777653,7776.53
777730,7777.3
777806,7778.06
777882,7778.82
777958,7779.58
778034,7780.34
778109,7781.09
778184,7781.84
778258,7782.58
778333,7783.33
778409,7784.09
778484,7784.84
778560,7785.6
778635,7786.35
778710,7787.1
778785,7787.85
778860,7788.6
778934,7789.34
779008,7790.08
779082,7790.82
779156,7791.56
779230,7792.3
779304,7793.04
779378,7793.78
779452,7794.52
779527,7795.27
779602,7796.02
779677,7796.77
779752,7797.52
779828,7798.28
779904,7799.04
779979,7799.79
780054,7800.54
780129,7801.29
780206,7802.06
780281,7802.81
780356,7803.56
780431,7804.31
780505,7805.05
780581,7805.81
780655,7806.55
780730,7807.3
780804,7808.04
780879,7808.79
780954,7809.54
781029,7810.29
781103,7811.03
781176,7811.76
781249,7812.49
781321,7813.21
781393,7813.93
781465,7814.65
781537,7815.37
781609,7816.09
781681,7816.81
781752,7817.52
781825,7818.25
781898,7818.98
781971,7819.71
782044,7820.44
782117,7821.17
782191,7821.91
782265,7822.65
782340,7823.4
782415,7824.15
782490,7824.9
782565,7825.65
782639,7826.39
782714,7827.14
782788,7827.88
782864,7828.64
782939,7829.39
783014,7830.14
783089,7830.89
783164,7831.64
783239,7832.39
783314,7833.14
783388,7833.88
783462,7834.62
783536,7835.36
783611,7836.11
783685,7836.85
783759,7837.59
783833,7838.33
783908,7839.08
783983,7839.83
784058,7840.58
784132,7841.32
784207,7842.07
784282,7842.82
784357,7843.57
784431,7844.31
784506,7845.06
784581,7845.81
784657,7846.57
784731,7847.31
784806,7848.06
784880,7848.8
784954,7849.54
785029,7850.29
785104,7851.04
785178,7851.78
785252,7852.52
785327,7853.27
785402,7854.02
785477,7854.77
785552,7855.52
785627,7856.27
785702,7857.02
785777,7857.77
785851,7858.51
785926,7859.26
786000,7860.0
786074,7860.74
786149,7861.49
786223,7862.23
786298,7862.98
786373,7863.73
786448,7864.48
786524,7865.24
786600,7866.0
786677,7866.77
786754,7867.54
786831,7868.31
786908,7869.08
786984,7869.84
787062,7870.62
787139,7871.39
787216,7872.16
787291,7872.91
787366,7873.66
787442,7874.42
787517,7875.17
787591,7875.91
787666,7876.66
787740,7877.4
787814,7878.14
787889,7878.89
787963,7879.63
788037,7880.37
788112,7881.12
788187,7881.87
788263,7882.63
788338,7883.38
788414,7884.14
788490,7884.9
788564,7885.64
788639,7886.39
788714,7887.14
788790,7887.9
788865,7888.65
788940,7889.4
789015,7890.15
789091,7890.91
789166,7891.66
789242,7892.42
789317,7893.17
789392,7893.92
789468,7894.68
789544,7895.44
789619,7896.19
789694,7896.94
789769,7897.69
789843,7898.43
789918,7899.18
789992,7899.92
790066,7900.66
790139,7901.39
790213,7902.13
790288,7902.88
790363,7903.63
790438,7904.38
790512,7905.12
790588,7905.88
790664,7906.64
790739,7907.39
790815,7908.15
790890,7908.9
790966,7909.66
791042,7910.42
791117,7911.17
791192,7911.92
791267,7912.67
791343,7913.43
791419,7914.19
791494,7914.94
791568,7915.68
791643,7916.43
791717,7917.17
791792,7917.92
791868,7918.68
791944,7919.44
792019,7920.19
792095,7920.95
792171,7921.71
792248,7922.48
792324,7923.24
792399,7923.99
792474,7924.74
792549,7925.49
792624,7926.24
792699,7926.99
792774,7927.74
792849,7928.49
792924,7929.24
792999,7929.99
793073,7930.73
793148,7931.48
793224,7932.24
793298,7932.98
793373,7933.73
793448,7934.48
793523,7935.23
793598,7935.98
793673,7936.73
793749,7937.49
793825,7938.25
793901,7939.01
793977,7939.77
794053,7940.53
794131,7941.31
794208,7942.08
794284,7942.84
794359,7943.59
794435,7944.35
794511,7945.11
794586,7945.86
794662,7946.62
794737,7947.37
794813,7948.13
794891,7948.91
794968,7949.68
795045,7950.45
795122,7951.22
795198,7951.98
795274,7952.74
795351,7953.51
795429,7954.29
795505,7955.05
795581,7955.81
795656,7956.56
795732,7957.32
795807,7958.07
795884,7958.84
795959,7959.59
796034,7960.34
796110,7961.1
796186,7961.86
796262,7962.62
796338,7963.38
796413,7964.13
796488,7964.88
796563,7965.63
796638,7966.38
796714,7967.14
796789,7967.89
796863,7968.63
796938,7969.38
797011,7970.11
797084,7970.84
797157,7971.57
797229,7972.29
797303,7973.03
797377,7973.77
797451,7974.51
797526,7975.26
797601,7976.01
797676,7976.76
797751,7977.51
797826,7978.26
797900,7979.0
797974,7979.74
798048,7980.48
798122,7981.22
798196,7981.96
798271,7982.71
798345,7983.45
798420,7984.2
798494,7984.94
798569,7985.69
798644,7986.44
798718,7987.18
798792,7987.92
798867,7988.67
798942,7989.42
799018,7990.18
799094,7990.94
799170,7991.7
799245,7992.45
799321,7993.21
799397,7993.97
799472,7994.72
799548,7995.48
799623,7996.23
799697,7996.97
799772,7997.72
799846,7998.46
799920,7999.2
799993,7999.93
800067,8000.67
800141,8001.41
800216,8002.16
800290,8002.9
800364,8003.64
800440,8004.4
800515,8005.15
800589,8005.89
800664,8006.64
800739,8007.39
800814,8008.14
800889,8008.89
800964,8009.64
801039,8010.39
801113,8011.13
801188,8011.88
801263,8012.63
801337,8013.37
801409,8014.09
801481,8014.81
801552,8015.52
801624,8016.24
801697,8016.97
801770,8017.7
801843,8018.43
801918,8019.18
801993,8019.93
802071,8020.71
802147,8021.47
802224,8022.24
802299,8022.99
802374,8023.74
802450,8024.5
802525,8025.25
802599,8025.99
802673,8026.73
802746,8027.46
802818,8028.18
802891,8028.91
802963,8029.63
803035,8030.35
803108,8031.08
803180,8031.8
803253,8032.53
803326,8033.26
803399,8033.99
803472,8034.72
803545,8035.45
803618,8036.18
803691,8036.91
803764,8037.64
803837,8038.37
803910,8039.1
803983,8039.83
804057,8040.57
804131,8041.31
804205,8042.05
804279,8042.79
804353,8043.53
804428,8044.28
804502,8045.02
804576,8045.76
804650,8046.5
804725,8047.25
804799,8047.99
804874,8048.74
804948,8049.48
805023,8050.23
805098,8050.98
805173,8051.73
805248,8052.48
805322,8053.22
805397,8053.97
805471,8054.71
805545,8055.45
805619,8056.19
805693,8056.93
805767,8057.67
805841,8058.41
805915,8059.15
805989,8059.89
806064,8060.64
806138,8061.38
806212,8062.12
806287,8062.87
806362,8063.62
806438,8064.38
806513,8065.13
806588,8065.88
806663,8066.63
806738,8067.38
806813,8068.13
806887,8068.87
806962,8069.62
807036,8070.36
807111,8071.11
807185,8071.85
807260,8072.6
807335,8073.35
807410,8074.1
807485,8074.85
807560,8075.6
807635,8076.35
807710,8077.1
807785,8077.85
807859,8078.59
807933,8079.33
808007,8080.07
808081,8080.81
808155,8081.55
808229,8082.29
808304,8083.04
808379,8083.79
808453,8084.53
808528,8085.28
808604,8086.04
808681,8086.81
808757,8087.57
808833,8088.33
808910,8089.1
808986,8089.86
809063,8090.63
809141,8091.41
809217,8092.17
809293,8092.93
809369,8093.69
809444,8094.44
809520,8095.2
809596,8095.96
809671,8096.71
809747,8097.47
809822,8098.22
809898,8098.98
809975,8099.75
810050,8100.5
810125,8101.25
810200,8102.0
810276,8102.76
810352,8103.52
810428,8104.28
810503,8105.03
810579,8105.79
810654,8106.54
810730,8107.3
810805,8108.05
810881,8108.81
810956,8109.56
811032,8110.32
811108,8111.08
811183,8111.83
811258,8112.58
811332,8113.32
811407,8114.07
811482,8114.82
811557,8115.57
811631,8116.31
811706,8117.06
811781,8117.81
811856,8118.56
811931,8119.31
812005,8120.05
812080,8120.8
812156,8121.56
812230,8122.3
812306,8123.06
812382,8123.82
812458,8124.58
812533,8125.33
812608,8126.08
812684,8126.84
812759,8127.59
812834,8128.34
812908,8129.08
812982,8129.82
813056,8130.56
813130,8131.3
813205,8132.05
813280,8132.8
813354,8133.54
813429,8134.29
813504,8135.04
813579,8135.79
813653,8136.53
813727,8137.27
813801,8138.01
813875,8138.75
813949,8139.49
814024,8140.24
814098,8140.98
814172,8141.72
814246,8142.46
814321,8143.21
814394,8143.94
814467,8144.67
814540,8145.4
814612,8146.12
814685,8146.85
814757,8147.57
814830,8148.3
814903,8149.03
814977,8149.77
815051,8150.51
815124,8151.24
815198,8151.98
815272,8152.72
815346,8153.46
815420,8154.2
815495,8154.95
815570,8155.7
815645,8156.45
815720,8157.2
815796,8157.96
815871,8158.71
815947,8159.47
816023,8160.23
816098,8160.98
816173,8161.73
816247,8162.47
816322,8163.22
816396,8163.96
816471,8164.71
816545,8165.45
816618,8166.18
816692,8166.92
816765,8167.65
816839,8168.39
816914,8169.14
816988,8169.88
817062,8170.62
817136,8171.36
817210,8172.1
817285,8172.85
817360,8173.6
817435,8174.35
817510,8175.1
817584,8175.84
817658,8176.58
817731,8177.31
817805,8178.05
817877,8178.77
817950,8179.5
818023,8180.23
818095,8180.95
818168,8181.68
818240,8182.4
818312,8183.12
818384,8183.84
818455,8184.55
818527,8185.27
818599,8185.99
818670,8186.7
818741,8187.41
818811,8188.11
818880,8188.8
818949,8189.49
819019,8190.19
819089,8190.89
819160,8191.6
819233,8192.33
819305,8193.05
819380,8193.8
819455,8194.55
819531,8195.31
819606,8196.06
819683,8196.83
819760,8197.6
819836,8198.36
819911,8199.11
819986,8199.86
820061,8200.61
820136,8201.36
820212,8202.12
820288,8202.88
820366,8203.66
820442,8204.42
820518,8205.18
820594,8205.94
820671,8206.71
820749,8207.49
820829,8208.29
820908,8209.08
820985,8209.85
821062,8210.62
821138,8211.38
821215,8212.15
821291,8212.91
821367,8213.67
821442,8214.42
821517,8215.17
821594,8215.94
821670,8216.7
821746,8217.46
821823,8218.23
821900,8219.0
821977,8219.77
822056,8220.56
822134,8221.34
822211,8222.11
822289,8222.89
822367,8223.67
822447,8224.47
822525,8225.25
822603,8226.03
822681,8226.81
822759,8227.59
822837,8228.37
822914,8229.14
822992,8229.92
823070,8230.7
823148,8231.48
823226,8232.26
823303,8233.03
823381,8233.81
823459,8234.59
823538,8235.38
823617,8236.17
823695,8236.95
823773,8237.73
823851,8238.51
823930,8239.3
824007,8240.07
824084,8240.84
824160,8241.6
824236,8242.36
824310,8243.1
824386,8243.86
824461,8244.61
824537,8245.37
824613,8246.13
824689,8246.89
824766,8247.66
824844,8248.44
824921,8249.21
824998,8249.98
825074,8250.74
825151,8251.51
825227,8252.27
825304,8253.04
825381,8253.81
825458,8254.58
825536,8255.36
825615,8256.15
825694,8256.94
825773,8257.73
825852,8258.52
825930,8259.3
826008,8260.08
826087,8260.87
826166,8261.66
826244,8262.44
826321,8263.21
826397,8263.97
826474,8264.74
826551,8265.51
826628,8266.28
826705,8267.05
826782,8267.82
826859,8268.59
826936,8269.36
827013,8270.13
827090,8270.9
827166,8271.66
827242,8272.42
827318,8273.18
827395,8273.95
827472,8274.72
827547,8275.47
827623,8276.23
827698,8276.98
827773,8277.73
827849,8278.49
827924,8279.24
827998,8279.98
828073,8280.73
828147,8281.47
828222,8282.22
828297,8282.97
828371,8283.71
828445,8284.45
828518,8285.18
828591,8285.91
828666,8286.66
828740,8287.4
828814,8288.14
828888,8288.88
828963,8289.63
829037,8290.37
829112,8291.12
829187,8291.87
829261,8292.61
829334,8293.34
829408,8294.08
829482,8294.82
829557,8295.57
829632,8296.32
829707,8297.07
829782,8297.82
829857,8298.57
829932,8299.32
830007,8300.07
830081,8300.81
830154,8301.54
830228,8302.28
830302,8303.02
830377,8303.77
830451,8304.51
830524,8305.24
830598,8305.98
830673,8306.73
830748,8307.48
830822,8308.22
830895,8308.95
830968,8309.68
831042,8310.42
831115,8311.15
831189,8311.89
831262,8312.62
831336,8313.36
831409,8314.09
831482,8314.82
831555,8315.55
831628,8316.28
831701,8317.01
831774,8317.74
831847,8318.47
831921,8319.21
831996,8319.96
832070,8320.7
832144,8321.44
832218,8322.18
832292,8322.92
832366,8323.66
832440,8324.4
832514,8325.14
832587,8325.87
832662,8326.62
832736,8327.36
832810,8328.1
832883,8328.83
832956,8329.56
833030,8330.3
833104,8331.04
833178,8331.78
833252,8332.52
833327,8333.27
833401,8334.01
833476,8334.76
833551,8335.51
833626,8336.26
833700,8337.0
833775,8337.75
833850,8338.5
833925,8339.25
834000,8340.0
834076,8340.76
834151,8341.51
834227,8342.27
834301,8343.01
834375,8343.75
834450,8344.5
834524,8345.24
834598,8345.98
834673,8346.73
834747,8347.47
834820,8348.2
834895,8348.95
834970,8349.7
835045,8350.45
835119,8351.19
835193,8351.93
835267,8352.67
835341,8353.41
835415,8354.15
835489,8354.89
835562,8355.62
835636,8356.36
835710,8357.1
835784,8357.84
835858,8358.58
835931,8359.31
836003,8360.03
836076,8360.76
836148,8361.48
836221,8362.21
836293,8362.93
836366,8363.66
836438,8364.38
836511,8365.11
836583,8365.83
836656,8366.56
836729,8367.29
836801,8368.01
836874,8368.74
836947,8369.47
837020,8370.2
837093,8370.93
837166,8371.66
837239,8372.39
837313,8373.13
837386,8373.86
837460,8374.6
837534,8375.34
837607,8376.07
837680,8376.8
837753,8377.53
837825,8378.25
837898,8378.98
837970,8379.7
838043,8380.43
838116,8381.16
838189,8381.89
838262,8382.62
838335,8383.35
838407,8384.07
838479,8384.79
838552,8385.52
838626,8386.26
838699,8386.99
838771,8387.71
838844,8388.44
838915,8389.15
838986,8389.86
839057,8390.57
839127,8391.27
839198,8391.98
839267,8392.67
839335,8393.35
839403,8394.03
839471,8394.71
839539,8395.39
839610,8396.1
839683,8396.83
839759,8397.59
839837,8398.37
839916,8399.16
839995,8399.95
840075,8400.75
840155,8401.55
840233,8402.33
840311,8403.11
840388,8403.88
840466,8404.66
840544,8405.44
840623,8406.23
840701,8407.01
840776,8407.76
840852,8408.52
840928,8409.28
841005,8410.05
841081,8410.81
841158,8411.58
841234,8412.34
841309,8413.09
841383,8413.83
841457,8414.57
841532,8415.32
841608,8416.08
841684,8416.84
841759,8417.59
841834,8418.34
841909,8419.09
841984,8419.84
842060,8420.6
842137,8421.37
842214,8422.14
842290,8422.9
842366,8423.66
842444,8424.44
842522,8425.22
842601,8426.01
842679,8426.79
842756,8427.56
842832,8428.32
842908,8429.08
842984,8429.84
843060,8430.6
843136,8431.36
843211,8432.11
843285,8432.85
843359,8433.59
843434,8434.34
843508,8435.08
843583,8435.83
843659,8436.59
843733,8437.33
843807,8438.07
843881,8438.81
843954,8439.54
844028,8440.28
844102,8441.02
844176,8441.76
844250,8442.5
844323,8443.23
844396,8443.96
844469,8444.69
844542,8445.42
844617,8446.17
844691,8446.91
844765,8447.65
844840,8448.4
844916,8449.16
844991,8449.91
845066,8450.66
845141,8451.41
845216,8452.16
845291,8452.91
845367,8453.67
845444,8454.44
845522,8455.22
845600,8456.0
845677,8456.77
845756,8457.56
845835,8458.35
845914,8459.14
845992,8459.92
846069,8460.69
846146,8461.46
846224,8462.24
846303,8463.03
846381,8463.81
846460,8464.6
846539,8465.39
846617,8466.17
846696,8466.96
846775,8467.75
846852,8468.52
846929,8469.29
847006,8470.06
847083,8470.83
847160,8471.6
847237,8472.37
847313,8473.13
847389,8473.89
847467,8474.67
847545,8475.45
847623,8476.23
847700,8477.0
847778,8477.78
847857,8478.57
847937,8479.37
848014,8480.14
848091,8480.91
848167,8481.67
848244,8482.44
848321,8483.21
848398,8483.98
848473,8484.73
848548,8485.48
848624,8486.24
848700,8487.0
848777,8487.77
848854,8488.54
848930,8489.3
849006,8490.06
849083,8490.83
849160,8491.6
849237,8492.37
849313,8493.13
849390,8493.9
849466,8494.66
849542,8495.42
849619,8496.19
849695,8496.95
849771,8497.71
849847,8498.47
849924,8499.24
850002,8500.02
850080,8500.8
850157,8501.57
850235,8502.35
850313,8503.13
850393,8503.93
850471,8504.71
850549,8505.49
850627,8506.27
850705,8507.05
850783,8507.83
850860,8508.6
850937,8509.37
851012,8510.12
851088,8510.88
851164,8511.64
851240,8512.4
851315,8513.15
851390,8513.9
851465,8514.65
851539,8515.39
851614,8516.14
851691,8516.91
851769,8517.69
851846,8518.46
851923,8519.23
851998,8519.98
852074,8520.74
852149,8521.49
852224,8522.24
852298,8522.98
852372,8523.72
852446,8524.46
852522,8525.22
852598,8525.98
852673,8526.73
852748,8527.48
852825,8528.25
852904,8529.04
852984,8529.84
853064,8530.64
853142,8531.42
853220,8532.2
853297,8532.97
853374,8533.74
853450,8534.5
853525,8535.25
853599,8535.99
853674,8536.74
853749,8537.49
853823,8538.23
853897,8538.97
853972,8539.72
854046,8540.46
854121,8541.21
854196,8541.96
854270,8542.7
854345,8543.45
854419,8544.19
854493,8544.93
854567,8545.67
854641,8546.41
854716,8547.16
854790,8547.9
854865,8548.65
854940,8549.4
855015,8550.15
855090,8550.9
855164,8551.64
855238,8552.38
855313,8553.13
855389,8553.89
855463,8554.63
855538,8555.38
855612,8556.12
855687,8556.87
855762,8557.62
855836,8558.36
855911,8559.11
855985,8559.85
856061,8560.61
856137,8561.37
856213,8562.13
856288,8562.88
856363,8563.63
856439,8564.39
856514,8565.14
856589,8565.89
856664,8566.64
856738,8567.38
856813,8568.13
856889,8568.89
856964,8569.64
857039,8570.39
857114,8571.14
857189,8571.89
857264,8572.64
857338,8573.38
857412,8574.12
857486,8574.86
857560,8575.6
857633,8576.33
857707,8577.07
857781,8577.81
857855,8578.55
857931,8579.31
858007,8580.07
858083,8580.83
858158,8581.58
858234,8582.34
858310,8583.1
858386,8583.86
858462,8584.62
858537,8585.37
858612,8586.12
858688,8586.88
858764,8587.64
858839,8588.39
858915,8589.15
858991,8589.91
859068,8590.68
859145,8591.45
859221,8592.21
859297,8592.97
859373,8593.73
859449,8594.49
859525,8595.25
859601,8596.01
859677,8596.77
859753,8597.53
859829,8598.29
859903,8599.03
859978,8599.78
860052,8600.52
860126,8601.26
860201,8602.01
860275,8602.75
860349,8603.49
860423,8604.23
860498,8604.98
860573,8605.73
860647,8606.47
860721,8607.21
860796,8607.96
860871,8608.71
860946,8609.46
861019,8610.19
861093,8610.93
861165,8611.65
861239,8612.39
861312,8613.12
861385,8613.85
861457,8614.57
861529,8615.29
861600,8616.0
861673,8616.73
861747,8617.47
861819,8618.19
861892,8618.92
861965,8619.65
862040,8620.4
862116,8621.16
862191,8621.91
862267,8622.67
862344,8623.44
862422,8624.22
862499,8624.99
862576,8625.76
862652,8626.52
862729,8627.29
862805,8628.05
862881,8628.81
862957,8629.57
863033,8630.33
863109,8631.09
863185,8631.85
863260,8632.6
863335,8633.35
863410,8634.1
863484,8634.84
863559,8635.59
863633,8636.33
863706,8637.06
863780,8637.8
863853,8638.53
863927,8639.27
864000,8640.0
864074,8640.74
864148,8641.48
864221,8642.21
864295,8642.95
864368,8643.68
864440,8644.4
864512,8645.12
864583,8645.83
864654,8646.54
864726,8647.26
864797,8647.97
864868,8648.68
864941,8649.41
865014,8650.14
865088,8650.88
865163,8651.63
865236,8652.36
865310,8653.1
865383,8653.83
865458,8654.58
865532,8655.32
865607,8656.07
865681,8656.81
865754,8657.54
865827,8658.27
865901,8659.01
865976,8659.76
866049,8660.49
866122,8661.22
866195,8661.95
866268,8662.68
866341,8663.41
866415,8664.15
866488,8664.88
866561,8665.61
866635,8666.35
866709,8667.09
866784,8667.84
866859,8668.59
866933,8669.33
867007,8670.07
867082,8670.82
867157,8671.57
867230,8672.3
867304,8673.04
867378,8673.78
867451,8674.51
867525,8675.25
867599,8675.99
867673,8676.73
867748,8677.48
867823,8678.23
867899,8678.99
867973,8679.73
868047,8680.47
868120,8681.2
868193,8681.93
868267,8682.67
868340,8683.4
868413,8684.13
868487,8684.87
868562,8685.62
868638,8686.38
868715,8687.15
868792,8687.92
868869,8688.69
868947,8689.47
869024,8690.24
869101,8691.01
869179,8691.79
869257,8692.57
869335,8693.35
869412,8694.12
869489,8694.89
869566,8695.66
869643,8696.43
869718,8697.18
869795,8697.95
869871,8698.71
869947,8699.47
870023,8700.23
870100,8701.0
870176,8701.76
870253,8702.53
870330,8703.3
870406,8704.06
870482,8704.82
870559,8705.59
870636,8706.36
870712,8707.12
870788,8707.88
870865,8708.65
870941,8709.41
871018,8710.18
871093,8710.93
871169,8711.69
871244,8712.44
871320,8713.2
871396,8713.96
871471,8714.71
871546,8715.46
871622,8716.22
871700,8717.0
871777,8717.77
871855,8718.55
871933,8719.33
872011,8720.11
872089,8720.89
872166,8721.66
872243,8722.43
872320,8723.2
872397,8723.97
872473,8724.73
872548,8725.48
872623,8726.23
872697,8726.97
872771,8727.71
872845,8728.45
872920,8729.2
872995,8729.95
873070,8730.7
873145,8731.45
873220,8732.2
873295,8732.95
873370,8733.7
873445,8734.45
873520,8735.2
873595,8735.95
873671,8736.71
873747,8737.47
873822,8738.22
873898,8738.98
873972,8739.72
874047,8740.47
874120,8741.2
874193,8741.93
874265,8742.65
874338,8743.38
874411,8744.11
874485,8744.85
874558,8745.58
874632,8746.32
874706,8747.06
874781,8747.81
874858,8748.58
874934,8749.34
875011,8750.11
875087,8750.87
875163,8751.63
875239,8752.39
875313,8753.13
875388,8753.88
875463,8754.63
875537,8755.37
875611,8756.11
875685,8756.85
875759,8757.59
875833,8758.33
875906,8759.06
875979,8759.79
876052,8760.52
876125,8761.25
876199,8761.99
876272,8762.72
876346,8763.46
876420,8764.2
876494,8764.94
876570,8765.7
876644,8766.44
876719,8767.19
876794,8767.94
876870,8768.7
876945,8769.45
877019,8770.19
877094,8770.94
877170,8771.7
877246,8772.46
877322,8773.22
877397,8773.97
877473,8774.73
877548,8775.48
877624,8776.24
877699,8776.99
877774,8777.74
877848,8778.48
877923,8779.23
877998,8779.98
878072,8780.72
878146,8781.46
878221,8782.21
878296,8782.96
878369,8783.69
878442,8784.42
878515,8785.15
878587,8785.87
878658,8786.58
878729,8787.29
878799,8787.99
878870,8788.7
878943,8789.43
879015,8790.15
879088,8790.88
879161,8791.61
879234,8792.34
879308,8793.08
879382,8793.82
879455,8794.55
879528,8795.28
879601,8796.01
879675,8796.75
879749,8797.49
879823,8798.23
879897,8798.97
879972,8799.72
880046,8800.46
880122,8801.22
880197,8801.97
880272,8802.72
880347,8803.47
880423,8804.23
880499,8804.99
880576,8805.76
880651,8806.51
880726,8807.26
880802,8808.02
880879,8808.79
880955,8809.55
881031,8810.31
881107,8811.07
881182,8811.82
881257,8812.57
881333,8813.33
881409,8814.09
881485,8814.85
881561,8815.61
881638,8816.38
881716,8817.16
881792,8817.92
881869,8818.69
881946,8819.46
882024,8820.24
882102,8821.02
882179,8821.79
882257,8822.57
882335,8823.35
882415,8824.15
882493,8824.93
882570,8825.7
882648,8826.48
882727,8827.27
882805,8828.05
882883,8828.83
882959,8829.59
883036,8830.36
883111,8831.11
883187,8831.87
883263,8832.63
883338,8833.38
883414,8834.14
883489,8834.89
883564,8835.64
883638,8836.38
883712,8837.12
883785,8837.85
883857,8838.57
883928,8839.28
884001,8840.01
884074,8840.74
884147,8841.47
884221,8842.21
884297,8842.97
884374,8843.74
884451,8844.51
884530,8845.3
884607,8846.07
884684,8846.84
884761,8847.61
884837,8848.37
884912,8849.12
884987,8849.87
885061,8850.61
885134,8851.34
885208,8852.08
885280,8852.8
885352,8853.52
885422,8854.22
885493,8854.93
885564,8855.64
885636,8856.36
885708,8857.08
885781,8857.81
885854,8858.54
885929,8859.29
886003,8860.03
886077,8860.77
886152,8861.52
886227,8862.27
886303,8863.03
886377,8863.77
886452,8864.52
886526,8865.26
886601,8866.01
886676,8866.76
886749,8867.49
886822,8868.22
886894,8868.94
886966,8869.66
887038,8870.38
887109,8871.09
887181,8871.81
887253,8872.53
887326,8873.26
887400,8874.0
887475,8874.75
887550,8875.5
887626,8876.26
887703,8877.03
887779,8877.79
887856,8878.56
887933,8879.33
888010,8880.1
888087,8880.87
888164,8881.64
888241,8882.41
888318,8883.18
888395,8883.95
888471,8884.71
888547,8885.47
888623,8886.23
888698,8886.98
888773,8887.73
888847,8888.47
888922,8889.22
888996,8889.96
889072,8890.72
889147,8891.47
889222,8892.22
889297,8892.97
889371,8893.71
889446,8894.46
889520,8895.2
889594,8895.94
889667,8896.67
889740,8897.4
889812,8898.12
889884,8898.84
889956,8899.56
890026,8900.26
890096,8900.96
890166,8901.66
890236,8902.36
890309,8903.09
890383,8903.83
890458,8904.58
890535,8905.35
890614,8906.14
890693,8906.93
890773,8907.73
890851,8908.51
890928,8909.28
891005,8910.05
891079,8910.79
891153,8911.53
891225,8912.25
891296,8912.96
891365,8913.65
891436,8914.36
891505,8915.05
891575,8915.75
891643,8916.43
891711,8917.11
891778,8917.78
891845,8918.45
891912,8919.12
891977,8919.77
892043,8920.43
892108,8921.08
892173,8921.73
892238,8922.38
892303,8923.03
892366,8923.66
892428,8924.28
892490,8924.9
892550,8925.5
892610,8926.1
892670,8926.7
892729,8927.29
892788,8927.88
892848,8928.48
892908,8929.08
892972,8929.72
893040,8930.4
893115,8931.15
893193,8931.93
893274,8932.74
893358,8933.58
893445,8934.45
893533,8935.33
893619,8936.19
893700,8937.0
893777,8937.77
893853,8938.53
893929,8939.29
894007,8940.07
894085,8940.85
894162,8941.62
894238,8942.38
894312,8943.12
894385,8943.85
894459,8944.59
894532,8945.32
894606,8946.06
894680,8946.8
894753,8947.53
894825,8948.25
894897,8948.97
894969,8949.69
895041,8950.41
895115,8951.15
895188,8951.88
895260,8952.6
895332,8953.32
895403,8954.03
895474,8954.74
895546,8955.46
895619,8956.19
895691,8956.91
895763,8957.63
895837,8958.37
895912,8959.12
895990,8959.9
896067,8960.67
896144,8961.44
896222,8962.22
896301,8963.01
896381,8963.81
896462,8964.62
896542,8965.42
896624,8966.24
896706,8967.06
896785,8967.85
896863,8968.63
896940,8969.4
897019,8970.19
897098,8970.98
897176,8971.76
897251,8972.51
897326,8973.26
897400,8974.0
897475,8974.75
897550,8975.5
897625,8976.25
897701,8977.01
897775,8977.75
897848,8978.48
897921,8979.21
897995,8979.95
898069,8980.69
898141,8981.41
898213,8982.13
898285,8982.85
898356,8983.56
898428,8984.28
898499,8984.99
898571,8985.71
898645,8986.45
898721,8987.21
898798,8987.98
898874,8988.74
898952,8989.52
899031,8990.31
899114,8991.14
899197,8991.97
899281,8992.81
899366,8993.66
899448,8994.48
899530,8995.3
899611,8996.11
899691,8996.91
899771,8997.71
899850,8998.5
899929,8999.29
900008,9000.08
900085,9000.85
900161,9001.61
900237,9002.37
900314,9003.14
900392,9003.92
900469,9004.69
900544,9005.44
900619,9006.19
900693,9006.93
900767,9007.67
900841,9008.41
900916,9009.16
900990,9009.9
901063,9010.63
901136,9011.36
901208,9012.08
901282,9012.82
901356,9013.56
901428,9014.28
901500,9015.0
901570,9015.7
901641,9016.41
901712,9017.12
901783,9017.83
901853,9018.53
901923,9019.23
901993,9019.93
902062,9020.62
902132,9021.32
902201,9022.01
902272,9022.72
902344,9023.44
902419,9024.19
902495,9024.95
902572,9025.72
902650,9026.5
902731,9027.31
902813,9028.13
902897,9028.97
902980,9029.8
903063,9030.63
903145,9031.45
903226,9032.26
903307,9033.07
903386,9033.86
903465,9034.65
903544,9035.44
903621,9036.21
903698,9036.98
903775,9037.75
903851,9038.51
903928,9039.28
904004,9040.04
904081,9040.81
904159,9041.59
904236,9042.36
904313,9043.13
904389,9043.89
904464,9044.64
904539,9045.39
904613,9046.13
904687,9046.87
904762,9047.62
904837,9048.37
904912,9049.12
904988,9049.88
905062,9050.62
905136,9051.36
905209,9052.09
905281,9052.81
905353,9053.53
905426,9054.26
905498,9054.98
905569,9055.69
905642,9056.42
905714,9057.14
905788,9057.88
905861,9058.61
905935,9059.35
906008,9060.08
906082,9060.82
906157,9061.57
906232,9062.32
906308,9063.08
906383,9063.83
906458,9064.58
906533,9065.33
906608,9066.08
906683,9066.83
906758,9067.58
906832,9068.32
906906,9069.06
906979,9069.79
907052,9070.52
907125,9071.25
907199,9071.99
907273,9072.73
907348,9073.48
907423,9074.23
907495,9074.95
907567,9075.67
907639,9076.39
907711,9077.11
907784,9077.84
907857,9078.57
907930,9079.3
908001,9080.01
908072,9080.72
908142,9081.42
908214,9082.14
908284,9082.84
908354,9083.54
908422,9084.22
908491,9084.91
908560,9085.6
908629,9086.29
908696,9086.96
908764,9087.64
908833,9088.33
908903,9089.03
908976,9089.76
909053,9090.53
909136,9091.36
909226,9092.26
909315,9093.15
909404,9094.04
909492,9094.92
909580,9095.8
909667,9096.67
909752,9097.52
909836,9098.36
909919,9099.19
910001,9100.01
910083,9100.83
910164,9101.64
910245,9102.45
910324,9103.24
910403,9104.03
910482,9104.82
910559,9105.59
910637,9106.37
910714,9107.14
910790,9107.9
910866,9108.66
910941,9109.41
911017,9110.17
911092,9110.92
911166,9111.66
911239,9112.39
911312,9113.12
911385,9113.85
911458,9114.58
911531,9115.31
911603,9116.03
911674,9116.74
911744,9117.44
911816,9118.16
911889,9118.89
911962,9119.62
912034,9120.34
912105,9121.05
912175,9121.75
912245,9122.45
912315,9123.15
912384,9123.84
912454,9124.54
912523,9125.23
912592,9125.92
912662,9126.62
912732,9127.32
912802,9128.02
912872,9128.72
912945,9129.45
913020,9130.2
913097,9130.97
913176,9131.76
913254,9132.54
913337,9133.37
913421,9134.21
913506,9135.06
913592,9135.92
913676,9136.76
913760,9137.6
913843,9138.43
913925,9139.25
914006,9140.06
914087,9140.87
914167,9141.67
914247,9142.47
914327,9143.27
914407,9144.07
914487,9144.87
914567,9145.67
914646,9146.46
914725,9147.25
914803,9148.03
914880,9148.8
914955,9149.55
915028,9150.28
915098,9150.98
915167,9151.67
915236,9152.36
915306,9153.06
915379,9153.79
915453,9154.53
915529,9155.29
915603,9156.03
915676,9156.76
915749,9157.49
915826,9158.26
915901,9159.01
915974,9159.74
916047,9160.47
916119,9161.19
916190,9161.9
916260,9162.6
916330,9163.3
916399,9163.99
916467,9164.67
916536,9165.36
916606,9166.06
916675,9166.75
916745,9167.45
916815,9168.15
916887,9168.87
916963,9169.63
917041,9170.41
917118,9171.18
917197,9171.97
917278,9172.78
917363,9173.63
917448,9174.48
917535,9175.35
917622,9176.22
917709,9177.09
917794,9177.94
917878,9178.78
917961,9179.61
918042,9180.42
918123,9181.23
918203,9182.03
918284,9182.84
918363,9183.63
918441,9184.41
918518,9185.18
918594,9185.94
918669,9186.69
918743,9187.43
918816,9188.16
918889,9188.89
918961,9189.61
919032,9190.32
919104,9191.04
919178,9191.78
919255,9192.55
919334,9193.34
919412,9194.12
919488,9194.88
919563,9195.63
919638,9196.38
919712,9197.12
919785,9197.85
919856,9198.56
919927,9199.27
919997,9199.97
920066,9200.66
920134,9201.34
920202,9202.02
920268,9202.68
920334,9203.34
920400,9204.0
920465,9204.65
920530,9205.3
920595,9205.95
920660,9206.6
920727,9207.27
920795,9207.95
920866,9208.66
920940,9209.4
921013,9210.13
921085,9210.85
921160,9211.6
921237,9212.37
921316,9213.16
921397,9213.97
921478,9214.78
921560,9215.6
921641,9216.41
921722,9217.22
921804,9218.04
921884,9218.84
921963,9219.63
922041,9220.41
922117,9221.17
922193,9221.93
922270,9222.7
922346,9223.46
922421,9224.21
922496,9224.96
922570,9225.7
922645,9226.45
922721,9227.21
922795,9227.95
922869,9228.69
922944,9229.44
923018,9230.18
923091,9230.91
923163,9231.63
923235,9232.35
923307,9233.07
923380,9233.8
923453,9234.53
923526,9235.26
923600,9236.0
923673,9236.73
923746,9237.46
923818,9238.18
923889,9238.89
923960,9239.6
924031,9240.31
924101,9241.01
924172,9241.72
924243,9242.43
924315,9243.15
924388,9243.88
924464,9244.64
924542,9245.42
924620,9246.2
924698,9246.98
924775,9247.75
924852,9248.52
924929,9249.29
925008,9250.08
925087,9250.87
925166,9251.66
925246,9252.46
925324,9253.24
925402,9254.02
925479,9254.79
925555,9255.55
925631,9256.31
925706,9257.06
925781,9257.81
925855,9258.55
925928,9259.28
926001,9260.01
926072,9260.72
926145,9261.45
926218,9262.18
926293,9262.93
926370,9263.7
926445,9264.45
926521,9265.21
926596,9265.96
926670,9266.7
926743,9267.43
926816,9268.16
926888,9268.88
926960,9269.6
927031,9270.31
927103,9271.03
927175,9271.75
927247,9272.47
927319,9273.19
927390,9273.9
927461,9274.61
927533,9275.33
927606,9276.06
927679,9276.79
927753,9277.53
927828,9278.28
927905,9279.05
927984,9279.84
928064,9280.64
928144,9281.44
928224,9282.24
928305,9283.05
928385,9283.85
928464,9284.64
928543,9285.43
928623,9286.23
928701,9287.01
928780,9287.8
928858,9288.58
928936,9289.36
929014,9290.14
929090,9290.9
929165,9291.65
929238,9292.38
929311,9293.11
929384,9293.84
929457,9294.57
929530,9295.3
929601,9296.01
929673,9296.73
929744,9297.44
929818,9298.18
929893,9298.93
929966,9299.66
930039,9300.39
930111,9301.11
930182,9301.82
930255,9302.55
930326,9303.26
930397,9303.97
930467,9304.67
930538,9305.38
930609,9306.09
930680,9306.8
930751,9307.51
930823,9308.23
930898,9308.98
930973,9309.73
931053,9310.53
931133,9311.33
931213,9312.13
931295,9312.95
931376,9313.76
931458,9314.58
931540,9315.4
931621,9316.21
931701,9317.01
931781,9317.81
931860,9318.6
931937,9319.37
932013,9320.13
932089,9320.89
932165,9321.65
932240,9322.4
932315,9323.15
932390,9323.9
932466,9324.66
932542,9325.42
932617,9326.17
932692,9326.92
932766,9327.66
932840,9328.4
932912,9329.12
932982,9329.82
933053,9330.53
933124,9331.24
933196,9331.96
933270,9332.7
933344,9333.44
933417,9334.17
933490,9334.9
933562,9335.62
933637,9336.37
933711,9337.11
933785,9337.85
933857,9338.57
933929,9339.29
933999,9339.99
934069,9340.69
934138,9341.38
934208,9342.08
934280,9342.8
934353,9343.53
934425,9344.25
934497,9344.97
934568,9345.68
934640,9346.4
934711,9347.11
934783,9347.83
934856,9348.56
934932,9349.32
935012,9350.12
935100,9351.0
935190,9351.9
935283,9352.83
935377,9353.77
935468,9354.68
935558,9355.58
935647,9356.47
935735,9357.35
935822,9358.22
935910,9359.1
935997,9359.97
936083,9360.83
936167,9361.67
936250,9362.5
936333,9363.33
936415,9364.15
936499,9364.99
936581,9365.81
936662,9366.62
936743,9367.43
936823,9368.23
936902,9369.02
936981,9369.81
937058,9370.58
937135,9371.35
937213,9372.13
937289,9372.89
937365,9373.65
937439,9374.39
937513,9375.13
937588,9375.88
937664,9376.64
937740,9377.4
937814,9378.14
937888,9378.88
937961,9379.61
938034,9380.34
938107,9381.07
938179,9381.79
938251,9382.51
938322,9383.22
938391,9383.91
938461,9384.61
938531,9385.31
938601,9386.01
938670,9386.7
938739,9387.39
938808,9388.08
938878,9388.78
938947,9389.47
939017,9390.17
939088,9390.88
939161,9391.61
939237,9392.37
939315,9393.15
939394,9393.94
939477,9394.77
939562,9395.62
939649,9396.49
939737,9397.37
939824,9398.24
939910,9399.1
939995,9399.95
940077,9400.77
940159,9401.59
940239,9402.39
940319,9403.19
940398,9403.98
940477,9404.77
940555,9405.55
940634,9406.34
940713,9407.13
940793,9407.93
940874,9408.74
940955,9409.55
941035,9410.35
941115,9411.15
941195,9411.95
941275,9412.75
941354,9413.54
941432,9414.32
941508,9415.08
941583,9415.83
941657,9416.57
941731,9417.31
941806,9418.06
941881,9418.81
941957,9419.57
942033,9420.33
942106,9421.06
942179,9421.79
942252,9422.52
942329,9423.29
942406,9424.06
942484,9424.84
942559,9425.59
942632,9426.32
942705,9427.05
942778,9427.78
942850,9428.5
942922,9429.22
942994,9429.94
943065,9430.65
943137,9431.37
943208,9432.08
943279,9432.79
943350,9433.5
943422,9434.22
943496,9434.96
943571,9435.71
943647,9436.47
943724,9437.24
943803,9438.03
943884,9438.84
943967,9439.67
944052,9440.52
944136,9441.36
944221,9442.21
944304,9443.04
944386,9443.86
944468,9444.68
944549,9445.49
944629,9446.29
944709,9447.09
944788,9447.88
944868,9448.68
944947,9449.47
945027,9450.27
945106,9451.06
945184,9451.84
945262,9452.62
945340,9453.4
945417,9454.17
945491,9454.91
945565,9455.65
945639,9456.39
945712,9457.12
945787,9457.87
945863,9458.63
945938,9459.38
946012,9460.12
946085,9460.85
946160,9461.6
946234,9462.34
946309,9463.09
946381,9463.81
946452,9464.52
946523,9465.23
946593,9465.93
946663,9466.63
946733,9467.33
946803,9468.03
946873,9468.73
946943,9469.43
947012,9470.12
947081,9470.81
947149,9471.49
947217,9472.17
947287,9472.87
947359,9473.59
947430,9474.3
947500,9475.0
947572,9475.72
947646,9476.46
947720,9477.2
947798,9477.98
947879,9478.79
947963,9479.63
948050,9480.5
948136,9481.36
948221,9482.21
948305,9483.05
948388,9483.88
948471,9484.71
948554,9485.54
948636,9486.36
948717,9487.17
948797,9487.97
948877,9488.77
948955,9489.55
949032,9490.32
949110,9491.1
949187,9491.87
949264,9492.64
949340,9493.4
949416,9494.16
949491,9494.91
949566,9495.66
949641,9496.41
949714,9497.14
949787,9497.87
949859,9498.59
949934,9499.34
950011,9500.11
950090,9500.9
950170,9501.7
950247,9502.47
950323,9503.23
950397,9503.97
950471,9504.71
950543,9505.43
950615,9506.15
950685,9506.85
950755,9507.55
950824,9508.24
950892,9508.92
950960,9509.6
951028,9510.28
951095,9510.95
951162,9511.62
951231,9512.31
951302,9513.02
951373,9513.73
951445,9514.45
951518,9515.18
951594,9515.94
951674,9516.74
951756,9517.56
951837,9518.37
951923,9519.23
952013,9520.13
952104,9521.04
952196,9521.96
952286,9522.86
952374,9523.74
952461,9524.61
952547,9525.47
952633,9526.33
952718,9527.18
952804,9528.04
952890,9528.9
952975,9529.75
953059,9530.59
953142,9531.42
953225,9532.25
953308,9533.08
953390,9533.9
953471,9534.71
953552,9535.52
953633,9536.33
953716,9537.16
953798,9537.98
953880,9538.8
953960,9539.6
954039,9540.39
954118,9541.18
954197,9541.97
954275,9542.75
954350,9543.5
954424,9544.24
954498,9544.98
954572,9545.72
954648,9546.48
954725,9547.25
954801,9548.01
954876,9548.76
954950,9549.5
955023,9550.23
955095,9550.95
955166,9551.66
955237,9552.37
955308,9553.08
955379,9553.79
955450,9554.5
955521,9555.21
955594,9555.94
955668,9556.68
955741,9557.41
955813,9558.13
955887,9558.87
955962,9559.62
956037,9560.37
956111,9561.11
956186,9561.86
956261,9562.61
956338,9563.38
956417,9564.17
956499,9564.99
956582,9565.82
956664,9566.64
956746,9567.46
956828,9568.28
956911,9569.11
956993,9569.93
957074,9570.74
957155,9571.55
957233,9572.33
957310,9573.1
957386,9573.86
957462,9574.62
957537,9575.37
957613,9576.13
957686,9576.86
957759,9577.59
957831,9578.31
957904,9579.04
957977,9579.77
958053,9580.53
958130,9581.3
958206,9582.06
958281,9582.81
958355,9583.55
958428,9584.28
958505,9585.05
958583,9585.83
958660,9586.6
958737,9587.37
958811,9588.11
958885,9588.85
958959,9589.59
959033,9590.33
959107,9591.07
959179,9591.79
959250,9592.5
959320,9593.2
959392,9593.92
959463,9594.63
959533,9595.33
959603,9596.03
959674,9596.74
959742,9597.42
959810,9598.1
959878,9598.78
959946,9599.46
960017,9600.17
960092,9600.92
960169,9601.69
960247,9602.47
960329,9603.29
960419,9604.19
960514,9605.14
960610,9606.1
960702,9607.02
960793,9607.93
960882,9608.82
960970,9609.7
961058,9610.58
961143,9611.43
961227,9612.27
961311,9613.11
961394,9613.94
961477,9614.77
961560,9615.6
961644,9616.44
961728,9617.28
961811,9618.11
961896,9618.96
961981,9619.81
962067,9620.67
962153,9621.53
962238,9622.38
962320,9623.2
962401,9624.01
962483,9624.83
962565,9625.65
962647,9626.47
962728,9627.28
962806,9628.06
962883,9628.83
962958,9629.58
963033,9630.33
963109,9631.09
963186,9631.86
963263,9632.63
963339,9633.39
963413,9634.13
963487,9634.87
963561,9635.61
963636,9636.36
963711,9637.11
963784,9637.84
963856,9638.56
963929,9639.29
964001,9640.01
964072,9640.72
964143,9641.43
964213,9642.13
964283,9642.83
964352,9643.52
964421,9644.21
964489,9644.89
964558,9645.58
964627,9646.27
964698,9646.98
964770,9647.7
964849,9648.49
964935,9649.35
965026,9650.26
965117,9651.17
965203,9652.03
965288,9652.88
965373,9653.73
965458,9654.58
965543,9655.43
965627,9656.27
965710,9657.1
965792,9657.92
965873,9658.73
965955,9659.55
966037,9660.37
966118,9661.18
966198,9661.98
966279,9662.79
966359,9663.59
966439,9664.39
966520,9665.2
966600,9666.0
966680,9666.8
966760,9667.6
966839,9668.39
966915,9669.15
966990,9669.9
967064,9670.64
967138,9671.38
967215,9672.15
967294,9672.94
967374,9673.74
967451,9674.51
967526,9675.26
967600,9676.0
967676,9676.76
967750,9677.5
967826,9678.26
967899,9678.99
967971,9679.71
968042,9680.42
968113,9681.13
968185,9681.85
968256,9682.56
968327,9683.27
968397,9683.97
968469,9684.69
968539,9685.39
968611,9686.11
968682,9686.82
968756,9687.56
968832,9688.32
968909,9689.09
968988,9689.88
969067,9690.67
969147,9691.47
969230,9692.3
969316,9693.16
969403,9694.03
969489,9694.89
969573,9695.73
969656,9696.56
969739,9697.39
969820,9698.2
969901,9699.01
969981,9699.81
970061,9700.61
970142,9701.42
970223,9702.23
970304,9703.04
970385,9703.85
970467,9704.67
970548,9705.48
970631,9706.31
970712,9707.12
970792,9707.92
970871,9708.71
970949,9709.49
971025,9710.25
971100,9711.0
971175,9711.75
971252,9712.52
971330,9713.3
971409,9714.09
971485,9714.85
971560,9715.6
971633,9716.33
971709,9717.09
971786,9717.86
971863,9718.63
971940,9719.4
972015,9720.15
972088,9720.88
972160,9721.6
972231,9722.31
972302,9723.02
972373,9723.73
972443,9724.43
972513,9725.13
972582,9725.82
972650,9726.5
972717,9727.17
972784,9727.84
972849,9728.49
972915,9729.15
972980,9729.8
973049,9730.49
973120,9731.2
973193,9731.93
973268,9732.68
973349,9733.49
973437,9734.37
973532,9735.32
973627,9736.27
973719,9737.19
973809,9738.09
973899,9738.99
973989,9739.89
974080,9740.8
974170,9741.7
974260,9742.6
974349,9743.49
974436,9744.36
974521,9745.21
974604,9746.04
974685,9746.85
974764,9747.64
974843,9748.43
974921,9749.21
974997,9749.97
975072,9750.72
975147,9751.47
975222,9752.22
975296,9752.96
975370,9753.7
975443,9754.43
975515,9755.15
975588,9755.88
975660,9756.6
975735,9757.35
975810,9758.1
975886,9758.86
975960,9759.6
976033,9760.33
976107,9761.07
976178,9761.78
976249,9762.49
976320,9763.2
976392,9763.92
976464,9764.64
976535,9765.35
976606,9766.06
976679,9766.79
976752,9767.52
976825,9768.25
976898,9768.98
976971,9769.71
977046,9770.46
977123,9771.23
977200,9772.0
977276,9772.76
977356,9773.56
977441,9774.41
977527,9775.27
977614,9776.14
977700,9777.0
977785,9777.85
977870,9778.7
977953,9779.53
978037,9780.37
978119,9781.19
978201,9782.01
978282,9782.82
978363,9783.63
978443,9784.43
978522,9785.22
978601,9786.01
978679,9786.79
978756,9787.56
978833,9788.33
978907,9789.07
978981,9789.81
979055,9790.55
979131,9791.31
979210,9792.1
979292,9792.92
979373,9793.73
979451,9794.51
979527,9795.27
979601,9796.01
979675,9796.75
979749,9797.49
979823,9798.23
979897,9798.97
979970,9799.7
980042,9800.42
980112,9801.12
980182,9801.82
980252,9802.52
980321,9803.21
980389,9803.89
980458,9804.58
980525,9805.25
980592,9805.92
980660,9806.6
980726,9807.26
980793,9807.93
980860,9808.6
980926,9809.26
980993,9809.93
981060,9810.6
981126,9811.26
981192,9811.92
981258,9812.58
981323,9813.23
981387,9813.87
981452,9814.52
981516,9815.16
981581,9815.81
981648,9816.48
981715,9817.15
981783,9817.83
981852,9818.52
981920,9819.2
981988,9819.88
982057,9820.57
982127,9821.27
982199,9821.99
982274,9822.74
982353,9823.53
982435,9824.35
982520,9825.2
982605,9826.05
982690,9826.9
982774,9827.74
982858,9828.58
982941,9829.41
983024,9830.24
983107,9831.07
983189,9831.89
983271,9832.71
983351,9833.51
983429,9834.29
983507,9835.07
983585,9835.85
983661,9836.61
983737,9837.37
983813,9838.13
983886,9838.86
983960,9839.6
984033,9840.33
984104,9841.04
984176,9841.76
984250,9842.5
984325,9843.25
984399,9843.99
984473,9844.73
984545,9845.45
984617,9846.17
984689,9846.89
984760,9847.6
984832,9848.32
984904,9849.04
984974,9849.74
985047,9850.47
985120,9851.2
985195,9851.95
985271,9852.71
985347,9853.47
985423,9854.23
985501,9855.01
985583,9855.83
985667,9856.67
985752,9857.52
985835,9858.35
985918,9859.18
985998,9859.98
986076,9860.76
986154,9861.54
986232,9862.32
986310,9863.1
986388,9863.88
986465,9864.65
986543,9865.43
986620,9866.2
986697,9866.97
986772,9867.72
986846,9868.46
986919,9869.19
986993,9869.93
987068,9870.68
987146,9871.46
987224,9872.24
987299,9872.99
987374,9873.74
987448,9874.48
987524,9875.24
987601,9876.01
987677,9876.77
987752,9877.52
987824,9878.24
987896,9878.96
987967,9879.67
988039,9880.39
988111,9881.11
988182,9881.82
988253,9882.53
988324,9883.24
988395,9883.95
988466,9884.66
988536,9885.36
988608,9886.08
988682,9886.82
988757,9887.57
988832,9888.32
988909,9889.09
988991,9889.91
989077,9890.77
989163,9891.63
989251,9892.51
989338,9893.38
989422,9894.22
989505,9895.05
989590,9895.9
989674,9896.74
989760,9897.6
989844,9898.44
989928,9899.28
990010,9900.1
990092,9900.92
990172,9901.72
990253,9902.53
990333,9903.33
990414,9904.14
990494,9904.94
990573,9905.73
990653,9906.53
990733,9907.33
990812,9908.12
990891,9908.91
990969,9909.69
991045,9910.45
991121,9911.21
991195,9911.95
991269,9912.69
991345,9913.45
991422,9914.22
991500,9915.0
991575,9915.75
991649,9916.49
991721,9917.21
991793,9917.93
991867,9918.67
991942,9919.42
992016,9920.16
992089,9920.89
992161,9921.61
992232,9922.32
992301,9923.01
992371,9923.71
992440,9924.4
992509,9925.09
992578,9925.78
992647,9926.47
992719,9927.19
992794,9927.94
992868,9928.68
992942,9929.42
993016,9930.16
993092,9930.92
993170,9931.7
993249,9932.49
993327,9933.27
993407,9934.07
993487,9934.87
993571,9935.71
993655,9936.55
993740,9937.4
993825,9938.25
993911,9939.11
993995,9939.95
994080,9940.8
994163,9941.63
994247,9942.47
994330,9943.3
994413,9944.13
994495,9944.95
994575,9945.75
994653,9946.53
994732,9947.32
994810,9948.1
994888,9948.88
994967,9949.67
995045,9950.45
995123,9951.23
995200,9952.0
995278,9952.78
995355,9953.55
995432,9954.32
995508,9955.08
995584,9955.84
995661,9956.61
995736,9957.36
995809,9958.09
995882,9958.82
995955,9959.55
996027,9960.27
996100,9961.0
996171,9961.71
996243,9962.43
996315,9963.15
996388,9963.88
996461,9964.61
996535,9965.35
996607,9966.07
996679,9966.79
996750,9967.5
996822,9968.22
996892,9968.92
996962,9969.62
997032,9970.32
997101,9971.01
997169,9971.69
997239,9972.39
997309,9973.09
997379,9973.79
997448,9974.48
997520,9975.2
997591,9975.91
997662,9976.62
997733,9977.33
997807,9978.07
997884,9978.84
997961,9979.61
998039,9980.39
998121,9981.21
998207,9982.07
998297,9982.97
998387,9983.87
998480,9984.8
998573,9985.73
998665,9986.65
998755,9987.55
998843,9988.43
998930,9989.3
999015,9990.15
999099,9990.99
999182,9991.82
999266,9992.66
999348,9993.48
999427,9994.27
999505,9995.05
999580,9995.8
999653,9996.53
999725,9997.25
999797,9997.97
999871,9998.71
999946,9999.46
1000022,10000.22
1000099,10000.99
1000176,10001.76
1000254,10002.54
1000331,10003.31
1000407,10004.07
1000483,10004.83
1000558,10005.58
1000633,10006.33
1000706,10007.06
1000779,10007.79
1000850,10008.5
1000924,10009.24
1000997,10009.97
1001073,10010.73
1001148,10011.48
1001222,10012.22
1001296,10012.96
1001368,10013.68
1001442,10014.42
1001514,10015.14
1001586,10015.86
1001657,10016.57
1001726,10017.26
1001795,10017.95
1001862,10018.62
1001930,10019.3
1001998,10019.98
1002065,10020.65
1002134,10021.34
1002203,10022.03
1002272,10022.72
1002341,10023.41
1002412,10024.12
1002484,10024.84
1002556,10025.56
1002630,10026.3
1002707,10027.07
1002788,10027.88
1002873,10028.73
1002960,10029.6
1003048,10030.48
1003138,10031.38
1003226,10032.26
1003311,10033.11
1003395,10033.95
1003478,10034.78
1003561,10035.61
1003643,10036.43
1003725,10037.25
1003807,10038.07
1003889,10038.89
1003971,10039.71
1004053,10040.53
1004135,10041.35
1004215,10042.15
1004296,10042.96
1004377,10043.77
1004457,10044.57
1004537,10045.37
1004618,10046.18
1004697,10046.97
1004777,10047.77
1004857,10048.57
1004936,10049.36
1005016,10050.16
1005097,10050.97
1005177,10051.77
1005253,10052.53
1005327,10053.27
1005401,10054.01
1005476,10054.76
1005550,10055.5
1005625,10056.25
1005699,10056.99
1005771,10057.71
1005843,10058.43
1005917,10059.17
1005990,10059.9
1006064,10060.64
1006136,10061.36
1006208,10062.08
1006281,10062.81
1006354,10063.54
1006427,10064.27
1006500,10065.0
1006573,10065.73
1006648,10066.48
1006724,10067.24
1006799,10067.99
1006875,10068.75
1006954,10069.54
1007036,10070.36
1007123,10071.23
1007213,10072.13
1007304,10073.04
1007392,10073.92
1007478,10074.78
1007563,10075.63
1007647,10076.47
1007729,10077.29
1007810,10078.1
1007890,10078.9
1007970,10079.7
1008050,10080.5
1008129,10081.29
1008208,10082.08
1008285,10082.85
1008363,10083.63
1008440,10084.4
1008518,10085.18
1008594,10085.94
1008670,10086.7
1008745,10087.45
1008821,10088.21
1008900,10089.0
1008980,10089.8
1009060,10090.6
1009137,10091.37
1009212,10092.12
1009287,10092.87
1009362,10093.62
1009438,10094.38
1009514,10095.14
1009587,10095.87
1009661,10096.61
1009732,10097.32
1009804,10098.04
1009875,10098.75
1009947,10099.47
1010018,10100.18
1010087,10100.87
1010157,10101.57
1010227,10102.27
1010297,10102.97
1010367,10103.67
1010436,10104.36
1010507,10105.07
1010576,10105.76
1010645,10106.45
1010714,10107.14
1010785,10107.85
1010859,10108.59
1010932,10109.32
1011005,10110.05
1011081,10110.81
1011157,10111.57
1011232,10112.32
1011306,10113.06
1011379,10113.79
1011451,10114.51
1011524,10115.24
1011597,10115.97
1011672,10116.72
1011748,10117.48
1011827,10118.27
1011908,10119.08
1011990,10119.9
1012073,10120.73
1012155,10121.55
1012236,10122.36
1012318,10123.18
1012399,10123.99
1012480,10124.8
1012561,10125.61
1012640,10126.4
1012720,10127.2
1012799,10127.99
1012877,10128.77
1012955,10129.55
1013033,10130.33
1013111,10131.11
1013189,10131.89
1013266,10132.66
1013341,10133.41
1013416,10134.16
1013490,10134.9
1013564,10135.64
1013637,10136.37
1013712,10137.12
1013789,10137.89
1013865,10138.65
1013938,10139.38
1014010,10140.1
1014082,10140.82
1014153,10141.53
1014223,10142.23
1014293,10142.93
1014362,10143.62
1014430,10144.3
1014499,10144.99
1014568,10145.68
1014638,10146.38
1014709,10147.09
1014782,10147.82
1014857,10148.57
1014932,10149.32
1015009,10150.09
1015088,10150.88
1015169,10151.69
1015249,10152.49
1015332,10153.32
1015414,10154.14
1015495,10154.95
1015576,10155.76
1015658,10156.58
1015739,10157.39
1015819,10158.19
1015899,10158.99
1015979,10159.79
1016058,10160.58
1016137,10161.37
1016216,10162.16
1016293,10162.93
1016369,10163.69
1016445,10164.45
1016520,10165.2
1016595,10165.95
1016670,10166.7
1016745,10167.45
1016818,10168.18
1016891,10168.91
1016964,10169.64
1017037,10170.37
1017112,10171.12
1017187,10171.87
1017264,10172.64
1017338,10173.38
1017414,10174.14
1017487,10174.87
1017560,10175.6
1017631,10176.31
1017703,10177.03
1017773,10177.73
1017844,10178.44
1017914,10179.14
1017986,10179.86
1018058,10180.58
1018131,10181.31
1018203,10182.03
1018277,10182.77
1018352,10183.52
1018427,10184.27
1018502,10185.02
1018579,10185.79
1018658,10186.58
1018740,10187.4
1018825,10188.25
1018908,10189.08
1018990,10189.9
1019073,10190.73
1019158,10191.58
1019243,10192.43
1019329,10193.29
1019415,10194.15
1019501,10195.01
1019586,10195.86
1019673,10196.73
1019759,10197.59
1019844,10198.44
1019929,10199.29
1020013,10200.13
1020097,10200.97
1020180,10201.8
1020261,10202.61
1020341,10203.41
1020422,10204.22
1020501,10205.01
1020581,10205.81
1020661,10206.61
1020741,10207.41
1020819,10208.19
1020896,10208.96
1020972,10209.72
1021046,10210.46
1021120,10211.2
1021196,10211.96
1021275,10212.75
1021356,10213.56
1021435,10214.35
1021512,10215.12
1021588,10215.88
1021665,10216.65
1021742,10217.42
1021818,10218.18
1021892,10218.92
1021964,10219.64
1022035,10220.35
1022107,10221.07
1022177,10221.77
1022247,10222.47
1022317,10223.17
1022386,10223.86
1022455,10224.55
1022525,10225.25
1022594,10225.94
1022666,10226.66
1022737,10227.37
1022810,10228.1
1022885,10228.85
1022962,10229.62
1023046,10230.46
1023131,10231.31
1023215,10232.15
1023299,10232.99
1023385,10233.85
1023470,10234.7
1023556,10235.56
1023640,10236.4
1023723,10237.23
1023806,10238.06
1023890,10238.9
1023974,10239.74
1024056,10240.56
1024139,10241.39
1024220,10242.2
1024302,10243.02
1024383,10243.83
1024463,10244.63
1024543,10245.43
1024623,10246.23
1024703,10247.03
1024782,10247.82
1024862,10248.62
1024941,10249.41
1025018,10250.18
1025094,10250.94
1025169,10251.69
1025243,10252.43
1025317,10253.17
1025393,10253.93
1025470,10254.7
1025548,10255.48
1025624,10256.24
1025700,10257.0
1025775,10257.75
1025850,10258.5
1025925,10259.25
1026000,10260.0
1026074,10260.74
1026146,10261.46
1026217,10262.17
1026287,10262.87
1026356,10263.56
1026425,10264.25
1026495,10264.95
1026564,10265.64
1026632,10266.32
1026699,10266.99
1026766,10267.66
1026834,10268.34
1026903,10269.03
1026975,10269.75
1027048,10270.48
1027122,10271.22
1027199,10271.99
1027282,10272.82
1027371,10273.71
1027461,10274.61
1027548,10275.48
1027634,10276.34
1027722,10277.22
1027811,10278.11
1027901,10279.01
1027992,10279.92
1028082,10280.82
1028173,10281.73
1028262,10282.62
1028351,10283.51
1028438,10284.38
1028524,10285.24
1028607,10286.07
1028690,10286.9
1028773,10287.73
1028855,10288.55
1028938,10289.38
1029019,10290.19
1029099,10290.99
1029176,10291.76
1029250,10292.5
1029324,10293.24
1029397,10293.97
1029471,10294.71
1029544,10295.44
1029618,10296.18
1029692,10296.92
1029767,10297.67
1029844,10298.44
1029920,10299.2
1029995,10299.95
1030068,10300.68
1030141,10301.41
1030215,10302.15
1030287,10302.87
1030360,10303.6
1030431,10304.31
1030503,10305.03
1030576,10305.76
1030648,10306.48
1030719,10307.19
1030791,10307.91
1030864,10308.64
1030938,10309.38
1031012,10310.12
1031087,10310.87
1031164,10311.64
1031243,10312.43
1031325,10313.25
1031411,10314.11
1031498,10314.98
1031586,10315.86
1031674,10316.74
1031760,10317.6
1031846,10318.46
1031929,10319.29
1032010,10320.1
1032092,10320.92
1032174,10321.74
1032255,10322.55
1032336,10323.36
1032418,10324.18
1032500,10325.0
1032581,10325.81
1032662,10326.62
1032743,10327.43
1032823,10328.23
1032902,10329.02
1032981,10329.81
1033060,10330.6
1033137,10331.37
1033213,10332.13
1033288,10332.88
1033363,10333.63
1033439,10334.39
1033515,10335.15
1033593,10335.93
1033668,10336.68
1033742,10337.42
1033816,10338.16
1033890,10338.9
1033964,10339.64
1034038,10340.38
1034111,10341.11
1034184,10341.84
1034255,10342.55
1034328,10343.28
1034402,10344.02
1034474,10344.74
1034545,10345.45
1034615,10346.15
1034686,10346.86
1034756,10347.56
1034826,10348.26
1034896,10348.96
1034965,10349.65
1035035,10350.35
1035104,10351.04
1035172,10351.72
1035240,10352.4
1035308,10353.08
1035376,10353.76
1035444,10354.44
1035514,10355.14
1035584,10355.84
1035657,10356.57
1035731,10357.31
1035805,10358.05
1035884,10358.84
1035965,10359.65
1036049,10360.49
1036134,10361.34
1036219,10362.19
1036303,10363.03
1036388,10363.88
1036472,10364.72
1036556,10365.56
1036639,10366.39
1036721,10367.21
1036804,10368.04
1036886,10368.86
1036968,10369.68
1037051,10370.51
1037132,10371.32
1037213,10372.13
1037295,10372.95
1037377,10373.77
1037459,10374.59
1037541,10375.41
1037624,10376.24
1037706,10377.06
1037787,10377.87
1037867,10378.67
1037945,10379.45
1038024,10380.24
1038100,10381.0
1038175,10381.75
1038249,10382.49
1038323,10383.23
1038399,10383.99
1038476,10384.76
1038555,10385.55
1038634,10386.34
1038710,10387.1
1038785,10387.85
1038859,10388.59
1038931,10389.31
1039002,10390.02
1039072,10390.72
1039140,10391.4
1039209,10392.09
1039279,10392.79
1039349,10393.49
1039419,10394.19
1039489,10394.89
1039559,10395.59
1039630,10396.3
1039700,10397.0
1039771,10397.71
1039844,10398.44
1039918,10399.18
1039993,10399.93
1040069,10400.69
1040146,10401.46
1040224,10402.24
1040305,10403.05
1040388,10403.88
1040473,10404.73
1040559,10405.59
1040644,10406.44
1040728,10407.28
1040811,10408.11
1040892,10408.92
1040973,10409.73
1041052,10410.52
1041132,10411.32
1041211,10412.11
1041290,10412.9
1041369,10413.69
1041448,10414.48
1041527,10415.27
1041606,10416.06
1041685,10416.85
1041762,10417.62
1041838,10418.38
1041915,10419.15
1041991,10419.91
1042068,10420.68
1042145,10421.45
1042222,10422.22
1042299,10422.99
1042376,10423.76
1042454,10424.54
1042530,10425.3
1042606,10426.06
1042680,10426.8
1042755,10427.55
1042830,10428.3
1042906,10429.06
1042983,10429.83
1043058,10430.58
1043132,10431.32
1043205,10432.05
1043278,10432.78
1043353,10433.53
1043425,10434.25
1043497,10434.97
1043568,10435.68
1043637,10436.37
1043707,10437.07
1043775,10437.75
1043844,10438.44
1043911,10439.11
1043977,10439.77
1044045,10440.45
1044114,10441.14
1044181,10441.81
1044248,10442.48
1044315,10443.15
1044382,10443.82
1044450,10444.5
1044519,10445.19
1044587,10445.87
1044656,10446.56
1044724,10447.24
1044793,10447.93
1044862,10448.62
1044931,10449.31
1044998,10449.98
1045066,10450.66
1045133,10451.33
1045203,10452.03
1045273,10452.73
1045344,10453.44
1045416,10454.16
1045489,10454.89
1045562,10455.62
1045637,10456.37
1045712,10457.12
1045788,10457.88
1045865,10458.65
1045945,10459.45
1046025,10460.25
1046105,10461.05
1046185,10461.85
1046266,10462.66
1046348,10463.48
1046430,10464.3
1046511,10465.11
1046593,10465.93
1046675,10466.75
1046756,10467.56
1046837,10468.37
1046917,10469.17
1046995,10469.95
1047073,10470.73
1047150,10471.5
1047225,10472.25
1047298,10472.98
1047371,10473.71
1047443,10474.43
1047517,10475.17
1047591,10475.91
1047664,10476.64
1047738,10477.38
1047812,10478.12
1047887,10478.87
1047962,10479.62
1048035,10480.35
1048108,10481.08
1048182,10481.82
1048255,10482.55
1048329,10483.29
1048404,10484.04
1048478,10484.78
1048553,10485.53
1048628,10486.28
1048706,10487.06
1048783,10487.83
1048859,10488.59
1048934,10489.34
1049011,10490.11
1049088,10490.88
1049165,10491.65
1049243,10492.43
1049322,10493.22
1049402,10494.02
1049482,10494.82
1049562,10495.62
1049644,10496.44
1049725,10497.25
1049805,10498.05
1049885,10498.85
1049965,10499.65
1050045,10500.45
1050129,10501.29
1050213,10502.13
1050294,10502.94
1050372,10503.72
1050448,10504.48
1050526,10505.26
1050604,10506.04
1050681,10506.81
1050758,10507.58
1050832,10508.32
1050906,10509.06
1050982,10509.82
1051057,10510.57
1051132,10511.32
1051206,10512.06
1051280,10512.8
1051354,10513.54
1051429,10514.29
1051504,10515.04
1051578,10515.78
1051653,10516.53
1051728,10517.28
1051805,10518.05
1051883,10518.83
1051961,10519.61
1052040,10520.4
1052119,10521.19
1052200,10522.0
1052282,10522.82
1052365,10523.65
1052446,10524.46
1052525,10525.25
1052604,10526.04
1052684,10526.84
1052765,10527.65
1052846,10528.46
1052925,10529.25
1053004,10530.04
1053081,10530.81
1053157,10531.57
1053233,10532.33
1053309,10533.09
1053384,10533.84
1053460,10534.6
1053537,10535.37
1053614,10536.14
1053691,10536.91
1053769,10537.69
1053845,10538.45
1053922,10539.22
1054001,10540.01
1054081,10540.81
1054163,10541.63
1054242,10542.42
1054319,10543.19
1054397,10543.97
1054475,10544.75
1054553,10545.53
1054632,10546.32
1054709,10547.09
1054784,10547.84
1054861,10548.61
1054937,10549.37
1055016,10550.16
1055096,10550.96
1055174,10551.74
1055250,10552.5
1055328,10553.28
1055405,10554.05
1055483,10554.83
1055560,10555.6
1055636,10556.36
1055712,10557.12
1055789,10557.89
1055867,10558.67
1055947,10559.47
1056023,10560.23
1056099,10560.99
1056176,10561.76
1056252,10562.52
1056331,10563.31
1056411,10564.11
1056490,10564.9
1056567,10565.67
1056645,10566.45
1056723,10567.23
1056802,10568.02
1056882,10568.82
1056960,10569.6
1057037,10570.37
1057114,10571.14
1057192,10571.92
1057272,10572.72
1057354,10573.54
1057432,10574.32
1057509,10575.09
1057587,10575.87
1057666,10576.66
1057747,10577.47
1057827,10578.27
1057907,10579.07
1057986,10579.86
1058067,10580.67
1058147,10581.47
1058228,10582.28
1058307,10583.07
1058384,10583.84
1058462,10584.62
1058541,10585.41
1058620,10586.2
1058698,10586.98
1058777,10587.77
1058855,10588.55
1058935,10589.35
1059015,10590.15
1059095,10590.95
1059173,10591.73
1059251,10592.51
1059330,10593.3
1059410,10594.1
1059492,10594.92
1059573,10595.73
1059654,10596.54
1059732,10597.32
1059808,10598.08
1059886,10598.86
1059963,10599.63
1060040,10600.4
1060117,10601.17
1060194,10601.94
1060270,10602.7
1060345,10603.45
1060421,10604.21
1060497,10604.97
1060576,10605.76
1060656,10606.56
1060733,10607.33
1060809,10608.09
1060885,10608.85
1060962,10609.62
1061039,10610.39
1061119,10611.19
1061196,10611.96
1061273,10612.73
1061350,10613.5
1061427,10614.27
1061505,10615.05
1061584,10615.84
1061660,10616.6
1061736,10617.36
1061814,10618.14
1061892,10618.92
1061970,10619.7
1062047,10620.47
1062122,10621.22
1062199,10621.99
1062278,10622.78
1062358,10623.58
1062438,10624.38
1062515,10625.15
1062592,10625.92
1062670,10626.7
1062749,10627.49
1062827,10628.27
1062906,10629.06
1062984,10629.84
1063061,10630.61
1063139,10631.39
1063218,10632.18
1063296,10632.96
1063373,10633.73
1063450,10634.5
1063525,10635.25
1063602,10636.02
1063678,10636.78
1063755,10637.55
1063833,10638.33
1063909,10639.09
1063985,10639.85
1064063,10640.63
1064142,10641.42
1064223,10642.23
1064304,10643.04
1064381,10643.81
1064459,10644.59
1064536,10645.36
1064615,10646.15
1064695,10646.95
1064774,10647.74
1064852,10648.52
1064929,10649.29
1065007,10650.07
1065086,10650.86
1065165,10651.65
1065244,10652.44
1065321,10653.21
1065397,10653.97
1065475,10654.75
1065554,10655.54
1065634,10656.34
1065714,10657.14
1065792,10657.92
1065869,10658.69
1065948,10659.48
1066026,10660.26
1066105,10661.05
1066183,10661.83
1066260,10662.6
1066336,10663.36
1066414,10664.14
1066492,10664.92
1066571,10665.71
1066651,10666.51
1066730,10667.3
1066807,10668.07
1066885,10668.85
1066964,10669.64
1067044,10670.44
1067124,10671.24
1067204,10672.04
1067285,10672.85
1067368,10673.68
1067452,10674.52
1067534,10675.34
1067613,10676.13
1067692,10676.92
1067772,10677.72
1067853,10678.53
1067934,10679.34
1068013,10680.13
1068092,10680.92
1068171,10681.71
1068252,10682.52
1068334,10683.34
1068417,10684.17
1068496,10684.96
1068573,10685.73
1068651,10686.51
1068729,10687.29
1068809,10688.09
1068888,10688.88
1068966,10689.66
1069042,10690.42
1069119,10691.19
1069197,10691.97
1069275,10692.75
1069352,10693.52
1069428,10694.28
1069504,10695.04
1069581,10695.81
1069659,10696.59
1069736,10697.36
1069811,10698.11
1069887,10698.87
1069965,10699.65
1070044,10700.44
1070124,10701.24
1070206,10702.06
1070285,10702.85
1070363,10703.63
1070442,10704.42
1070520,10705.2
1070598,10705.98
1070675,10706.75
1070752,10707.52
1070829,10708.29
1070906,10709.06
1070986,10709.86
1071065,10710.65
1071145,10711.45
1071223,10712.23
1071300,10713.0
1071379,10713.79
1071459,10714.59
1071540,10715.4
1071620,10716.2
1071699,10716.99
1071777,10717.77
1071855,10718.55
1071934,10719.34
1072013,10720.13
1072093,10720.93
1072170,10721.7
1072246,10722.46
1072324,10723.24
1072403,10724.03
1072484,10724.84
1072563,10725.63
1072642,10726.42
1072720,10727.2
1072801,10728.01
1072882,10728.82
1072963,10729.63
1073042,10730.42
1073120,10731.2
1073200,10732.0
1073280,10732.8
1073362,10733.62
1073442,10734.42
1073520,10735.2
1073597,10735.97
1073674,10736.74
1073753,10737.53
1073832,10738.32
1073912,10739.12
1073989,10739.89
1074067,10740.67
1074146,10741.46
1074227,10742.27
1074308,10743.08
1074388,10743.88
1074466,10744.66
1074546,10745.46
1074625,10746.25
1074705,10747.05
1074784,10747.84
1074861,10748.61
1074937,10749.37
1075012,10750.12
1075088,10750.88
1075165,10751.65
1075242,10752.42
1075319,10753.19
1075397,10753.97
1075476,10754.76
1075558,10755.58
1075639,10756.39
1075718,10757.18
1075795,10757.95
1075873,10758.73
1075950,10759.5
1076028,10760.28
1076104,10761.04
1076180,10761.8
1076255,10762.55
1076331,10763.31
1076407,10764.07
1076485,10764.85
1076563,10765.63
1076639,10766.39
1076715,10767.15
1076794,10767.94
1076873,10768.73
1076953,10769.53
1077031,10770.31
1077108,10771.08
1077186,10771.86
1077265,10772.65
1077346,10773.46
1077426,10774.26
1077505,10775.05
1077582,10775.82
1077659,10776.59
1077737,10777.37
1077814,10778.14
1077891,10778.91
1077967,10779.67
1078042,10780.42
1078117,10781.17
1078193,10781.93
1078271,10782.71
1078348,10783.48
1078424,10784.24
1078502,10785.02
1078582,10785.82
1078663,10786.63
1078742,10787.42
1078820,10788.2
1078898,10788.98
1078977,10789.77
1079054,10790.54
1079131,10791.31
1079209,10792.09
1079286,10792.86
1079363,10793.63
1079440,10794.4
1079517,10795.17
1079595,10795.95
1079674,10796.74
1079752,10797.52
1079827,10798.27
1079902,10799.02
1079978,10799.78
1080054,10800.54
1080132,10801.32
1080208,10802.08
1080284,10802.84
1080360,10803.6
1080437,10804.37
1080513,10805.13
1080591,10805.91
1080667,10806.67
1080742,10807.42
1080818,10808.18
1080894,10808.94
1080972,10809.72
1081049,10810.49
1081125,10811.25
1081200,10812.0
1081275,10812.75
1081352,10813.52
1081430,10814.3
1081508,10815.08
1081586,10815.86
1081662,10816.62
1081740,10817.4
1081818,10818.18
1081897,10818.97
1081976,10819.76
1082054,10820.54
1082132,10821.32
1082211,10822.11
1082290,10822.9
1082370,10823.7
1082448,10824.48
1082524,10825.24
1082602,10826.02
1082681,10826.81
1082760,10827.6
1082839,10828.39
1082916,10829.16
1082991,10829.91
1083069,10830.69
1083146,10831.46
1083224,10832.24
1083301,10833.01
1083378,10833.78
1083454,10834.54
1083531,10835.31
1083608,10836.08
1083687,10836.87
1083766,10837.66
1083843,10838.43
1083919,10839.19
1083996,10839.96
1084073,10840.73
1084151,10841.51
1084231,10842.31
1084308,10843.08
1084384,10843.84
1084461,10844.61
1084538,10845.38
1084615,10846.15
1084691,10846.91
1084766,10847.66
1084841,10848.41
1084916,10849.16
1084993,10849.93
1085070,10850.7
1085148,10851.48
1085226,10852.26
1085303,10853.03
1085379,10853.79
1085455,10854.55
1085532,10855.32
1085611,10856.11
1085688,10856.88
1085764,10857.64
1085839,10858.39
1085915,10859.15
1085991,10859.91
1086069,10860.69
1086146,10861.46
1086222,10862.22
1086298,10862.98
1086377,10863.77
1086455,10864.55
1086535,10865.35
1086614,10866.14
1086692,10866.92
1086769,10867.69
1086847,10868.47
1086925,10869.25
1087002,10870.02
1087080,10870.8
1087156,10871.56
1087231,10872.31
1087307,10873.07
1087382,10873.82
1087459,10874.59
1087537,10875.37
1087613,10876.13
1087689,10876.89
1087768,10877.68
1087847,10878.47
1087926,10879.26
1088006,10880.06
1088083,10880.83
1088160,10881.6
1088237,10882.37
1088315,10883.15
1088393,10883.93
1088471,10884.71
1088548,10885.48
1088624,10886.24
1088702,10887.02
1088781,10887.81
1088860,10888.6
1088940,10889.4
1089018,10890.18
1089096,10890.96
1089172,10891.72
1089250,10892.5
1089328,10893.28
1089407,10894.07
1089484,10894.84
1089561,10895.61
1089638,10896.38
1089716,10897.16
1089794,10897.94
1089873,10898.73
1089951,10899.51
1090027,10900.27
1090104,10901.04
1090181,10901.81
1090259,10902.59
1090337,10903.37
1090415,10904.15
1090491,10904.91
1090566,10905.66
1090642,10906.42
1090718,10907.18
1090795,10907.95
1090872,10908.72
1090950,10909.5
1091028,10910.28
1091108,10911.08
1091188,10911.88
1091270,10912.7
1091351,10913.51
1091430,10914.3
1091508,10915.08
1091586,10915.86
1091665,10916.65
1091743,10917.43
1091820,10918.2
1091895,10918.95
1091970,10919.7
1092046,10920.46
1092121,10921.21
1092198,10921.98
1092276,10922.76
1092351,10923.51
1092427,10924.27
1092504,10925.04
1092581,10925.81
1092659,10926.59
1092737,10927.37
1092813,10928.13
1092889,10928.89
1092964,10929.64
1093039,10930.39
1093113,10931.13
1093187,10931.87
1093260,10932.6
1093332,10933.32
1093403,10934.03
1093476,10934.76
1093550,10935.5
1093624,10936.24
1093699,10936.99
1093777,10937.77
1093857,10938.57
1093939,10939.39
1094020,10940.2
1094100,10941.0
1094182,10941.82
1094265,10942.65
1094348,10943.48
1094431,10944.31
1094513,10945.13
1094594,10945.94
1094676,10946.76
1094758,10947.58
1094840,10948.4
1094924,10949.24
1095007,10950.07
1095087,10950.87
1095166,10951.66
1095246,10952.46
1095327,10953.27
1095410,10954.1
1095491,10954.91
1095571,10955.71
1095650,10956.5
1095730,10957.3
1095809,10958.09
1095890,10958.9
1095972,10959.72
1096050,10960.5
1096126,10961.26
1096202,10962.02
1096278,10962.78
1096354,10963.54
1096431,10964.31
1096508,10965.08
1096585,10965.85
1096661,10966.61
1096737,10967.37
1096815,10968.15
1096892,10968.92
1096969,10969.69
1097044,10970.44
1097120,10971.2
1097196,10971.96
1097272,10972.72
1097349,10973.49
1097425,10974.25
1097501,10975.01
1097578,10975.78
1097656,10976.56
1097735,10977.35
1097813,10978.13
1097889,10978.89
1097967,10979.67
1098045,10980.45
1098124,10981.24
1098203,10982.03
1098280,10982.8
1098358,10983.58
1098435,10984.35
1098514,10985.14
1098593,10985.93
1098671,10986.71
1098748,10987.48
1098823,10988.23
1098899,10988.99
1098975,10989.75
1099052,10990.52
1099131,10991.31
1099210,10992.1
1099288,10992.88
1099365,10993.65
1099444,10994.44
1099524,10995.24
1099604,10996.04
1099684,10996.84
1099763,10997.63
1099840,10998.4
1099918,10999.18
1099997,10999.97
1100077,11000.77
1100157,11001.57
1100235,11002.35
1100311,11003.11
1100388,11003.88
1100465,11004.65
1100543,11005.43
1100621,11006.21
1100698,11006.98
1100774,11007.74
1100851,11008.51
1100928,11009.28
1101007,11010.07
1101085,11010.85
1101163,11011.63
1101240,11012.4
1101318,11013.18
1101394,11013.94
1101470,11014.7
1101544,11015.44
1101619,11016.19
1101695,11016.95
1101771,11017.71
1101849,11018.49
1101927,11019.27
1102005,11020.05
1102081,11020.81
1102158,11021.58
1102237,11022.37
1102317,11023.17
1102399,11023.99
1102478,11024.78
1102557,11025.57
1102635,11026.35
1102715,11027.15
1102794,11027.94
1102872,11028.72
1102949,11029.49
1103024,11030.24
1103099,11030.99
1103175,11031.75
1103250,11032.5
1103324,11033.24
1103398,11033.98
1103472,11034.72
1103547,11035.47
1103623,11036.23
1103699,11036.99
1103774,11037.74
1103849,11038.49
1103926,11039.26
1104004,11040.04
1104083,11040.83
1104161,11041.61
1104239,11042.39
1104315,11043.15
1104392,11043.92
1104470,11044.7
1104549,11045.49
1104627,11046.27
1104705,11047.05
1104782,11047.82
1104859,11048.59
1104937,11049.37
1105014,11050.14
1105090,11050.9
1105165,11051.65
1105239,11052.39
1105314,11053.14
1105390,11053.9
1105466,11054.66
1105542,11055.42
1105618,11056.18
1105696,11056.96
1105775,11057.75
1105853,11058.53
1105931,11059.31
1106008,11060.08
1106083,11060.83
1106159,11061.59
1106235,11062.35
1106312,11063.12
1106388,11063.88
1106464,11064.64
1106540,11065.4
1106617,11066.17
1106695,11066.95
1106772,11067.72
1106848,11068.48
1106925,11069.25
1107003,11070.03
1107080,11070.8
1107156,11071.56
1107232,11072.32
1107308,11073.08
1107384,11073.84
1107462,11074.62
1107540,11075.4
1107618,11076.18
1107694,11076.94
1107770,11077.7
1107846,11078.46
1107922,11079.22
1108000,11080.0
1108078,11080.78
1108155,11081.55
1108232,11082.32
1108308,11083.08
1108386,11083.86
1108465,11084.65
1108543,11085.43
1108622,11086.22
1108700,11087.0
1108776,11087.76
1108852,11088.52
1108930,11089.3
1109007,11090.07
1109086,11090.86
1109165,11091.65
1109241,11092.41
1109316,11093.16
1109392,11093.92
1109467,11094.67
1109543,11095.43
1109618,11096.18
1109692,11096.92
1109766,11097.66
1109841,11098.41
1109917,11099.17
1109993,11099.93
1110068,11100.68
1110144,11101.44
1110220,11102.2
1110296,11102.96
1110373,11103.73
1110450,11104.5
1110526,11105.26
1110601,11106.01
1110678,11106.78
1110755,11107.55
1110833,11108.33
1110911,11109.11
1110988,11109.88
1111064,11110.64
1111139,11111.39
1111216,11112.16
1111294,11112.94
1111370,11113.7
1111446,11114.46
1111523,11115.23
1111599,11115.99
1111676,11116.76
1111753,11117.53
1111829,11118.29
1111905,11119.05
1111980,11119.8
1112057,11120.57
1112134,11121.34
1112211,11122.11
1112288,11122.88
1112363,11123.63
1112440,11124.4
1112516,11125.16
1112593,11125.93
1112669,11126.69
1112746,11127.46
1112821,11128.21
1112896,11128.96
1112973,11129.73
1113050,11130.5
1113128,11131.28
1113205,11132.05
1113281,11132.81
1113358,11133.58
1113435,11134.35
1113513,11135.13
1113589,11135.89
1113665,11136.65
1113741,11137.41
1113818,11138.18
1113896,11138.96
1113973,11139.73
1114049,11140.49
1114125,11141.25
1114200,11142.0
1114277,11142.77
1114353,11143.53
1114430,11144.3
1114506,11145.06
1114581,11145.81
1114657,11146.57
1114734,11147.34
1114813,11148.13
1114890,11148.9
1114967,11149.67
1115044,11150.44
1115122,11151.22
1115202,11152.02
1115281,11152.81
1115359,11153.59
1115435,11154.35
1115512,11155.12
1115590,11155.9
1115667,11156.67
1115744,11157.44
1115819,11158.19
1115894,11158.94
1115968,11159.68
1116043,11160.43
1116118,11161.18
1116192,11161.92
1116267,11162.67
1116343,11163.43
1116420,11164.2
1116500,11165.0
1116579,11165.79
1116658,11166.58
1116734,11167.34
1116811,11168.11
1116888,11168.88
1116966,11169.66
1117044,11170.44
1117120,11171.2
1117199,11171.99
1117278,11172.78
1117358,11173.58
1117439,11174.39
1117516,11175.16
1117592,11175.92
1117669,11176.69
1117747,11177.47
1117825,11178.25
1117901,11179.01
1117977,11179.77
1118053,11180.53
1118130,11181.3
1118208,11182.08
1118286,11182.86
1118365,11183.65
1118442,11184.42
1118519,11185.19
1118596,11185.96
1118673,11186.73
1118751,11187.51
1118828,11188.28
1118903,11189.03
1118980,11189.8
1119058,11190.58
1119137,11191.37
1119215,11192.15
1119292,11192.92
1119368,11193.68
1119444,11194.44
1119521,11195.21
1119598,11195.98
1119674,11196.74
1119749,11197.49
1119823,11198.23
1119898,11198.98
1119972,11199.72
1120046,11200.46
1120120,11201.2
1120194,11201.94
1120267,11202.67
1120342,11203.42
1120417,11204.17
1120495,11204.95
1120572,11205.72
1120647,11206.47
1120722,11207.22
1120797,11207.97
1120873,11208.73
1120949,11209.49
1121025,11210.25
1121100,11211.0
1121175,11211.75
1121252,11212.52
1121330,11213.3
1121406,11214.06
1121482,11214.82
1121558,11215.58
1121634,11216.34
1121712,11217.12
1121790,11217.9
1121866,11218.66
1121941,11219.41
1122015,11220.15
1122090,11220.9
1122166,11221.66
1122242,11222.42
1122317,11223.17
1122392,11223.92
1122469,11224.69
1122545,11225.45
1122622,11226.22
1122699,11226.99
1122775,11227.75
1122850,11228.5
1122926,11229.26
1123002,11230.02
1123081,11230.81
1123158,11231.58
1123234,11232.34
1123310,11233.1
1123386,11233.86
1123462,11234.62
1123540,11235.4
1123618,11236.18
1123696,11236.96
1123772,11237.72
1123849,11238.49
1123925,11239.25
1124002,11240.02
1124078,11240.78
1124153,11241.53
1124226,11242.26
1124300,11243.0
1124375,11243.75
1124450,11244.5
1124526,11245.26
1124602,11246.02
1124677,11246.77
1124753,11247.53
1124832,11248.32
1124909,11249.09
1124985,11249.85
1125061,11250.61
1125139,11251.39
1125217,11252.17
1125297,11252.97
1125374,11253.74
1125450,11254.5
1125527,11255.27
1125605,11256.05
1125684,11256.84
1125762,11257.62
1125839,11258.39
1125916,11259.16
1125994,11259.94
1126074,11260.74
1126154,11261.54
1126233,11262.33
1126310,11263.1
1126386,11263.86
1126464,11264.64
1126541,11265.41
1126618,11266.18
1126693,11266.93
1126767,11267.67
1126842,11268.42
1126917,11269.17
1126992,11269.92
1127066,11270.66
1127140,11271.4
1127214,11272.14
1127290,11272.9
1127366,11273.66
1127444,11274.44
1127520,11275.2
1127595,11275.95
1127671,11276.71
1127746,11277.46
1127822,11278.22
1127899,11278.99
1127974,11279.74
1128049,11280.49
1128124,11281.24
1128199,11281.99
1128276,11282.76
1128352,11283.52
1128427,11284.27
1128503,11285.03
1128579,11285.79
1128657,11286.57
1128734,11287.34
1128810,11288.1
1128886,11288.86
1128963,11289.63
1129042,11290.42
1129120,11291.2
1129198,11291.98
1129275,11292.75
1129352,11293.52
1129429,11294.29
1129507,11295.07
1129583,11295.83
1129658,11296.58
1129732,11297.32
1129808,11298.08
1129884,11298.84
1129960,11299.6
1130038,11300.38
1130114,11301.14
1130189,11301.89
1130265,11302.65
1130341,11303.41
1130418,11304.18
1130496,11304.96
1130572,11305.72
1130646,11306.46
1130721,11307.21
1130795,11307.95
1130868,11308.68
1130941,11309.41
1131014,11310.14
1131087,11310.87
1131162,11311.62
1131237,11312.37
1131312,11313.12
1131387,11313.87
1131461,11314.61
1131536,11315.36
1131611,11316.11
1131687,11316.87
1131763,11317.63
1131839,11318.39
1131914,11319.14
1131988,11319.88
1132064,11320.64
1132141,11321.41
1132217,11322.17
1132292,11322.92
1132367,11323.67
1132441,11324.41
1132517,11325.17
1132594,11325.94
1132673,11326.73
1132749,11327.49
1132825,11328.25
1132902,11329.02
1132980,11329.8
1133057,11330.57
1133135,11331.35
1133213,11332.13
1133290,11332.9
1133367,11333.67
1133447,11334.47
1133525,11335.25
1133603,11336.03
1133679,11336.79
1133755,11337.55
1133833,11338.33
1133911,11339.11
1133992,11339.92
1134073,11340.73
1134151,11341.51
1134227,11342.27
1134303,11343.03
1134379,11343.79
1134455,11344.55
1134531,11345.31
1134606,11346.06
1134680,11346.8
1134755,11347.55
1134831,11348.31
1134909,11349.09
1134985,11349.85
1135059,11350.59
1135133,11351.33
1135205,11352.05
1135280,11352.8
1135356,11353.56
1135432,11354.32
1135509,11355.09
1135586,11355.86
1135661,11356.61
1135736,11357.36
1135813,11358.13
1135891,11358.91
1135971,11359.71
1136048,11360.48
1136124,11361.24
1136200,11362.0
1136276,11362.76
1136353,11363.53
1136430,11364.3
1136506,11365.06
1136583,11365.83
1136660,11366.6
1136737,11367.37
1136815,11368.15
1136892,11368.92
1136968,11369.68
1137044,11370.44
1137121,11371.21
1137197,11371.97
1137273,11372.73
1137348,11373.48
1137424,11374.24
1137500,11375.0
1137577,11375.77
1137653,11376.53
1137729,11377.29
1137804,11378.04
1137879,11378.79
1137955,11379.55
1138032,11380.32
1138108,11381.08
1138182,11381.82
1138256,11382.56
1138330,11383.3
1138404,11384.04
1138479,11384.79
1138554,11385.54
1138628,11386.28
1138702,11387.02
1138776,11387.76
1138850,11388.5
1138924,11389.24
1138998,11389.98
1139070,11390.7
1139142,11391.42
1139214,11392.14
1139287,11392.87
1139360,11393.6
1139434,11394.34
1139507,11395.07
1139582,11395.82
1139658,11396.58
1139735,11397.35
1139812,11398.12
1139888,11398.88
1139963,11399.63
1140037,11400.37
1140112,11401.12
1140187,11401.87
1140263,11402.63
1140337,11403.37
1140412,11404.12
1140486,11404.86
1140563,11405.63
1140640,11406.4
1140717,11407.17
1140793,11407.93
1140868,11408.68
1140944,11409.44
1141020,11410.2
1141095,11410.95
1141171,11411.71
1141246,11412.46
1141320,11413.2
1141394,11413.94
1141470,11414.7
1141547,11415.47
1141624,11416.24
1141700,11417.0
1141775,11417.75
1141851,11418.51
1141927,11419.27
1142003,11420.03
1142079,11420.79
1142155,11421.55
1142229,11422.29
1142304,11423.04
1142379,11423.79
1142455,11424.55
1142529,11425.29
1142605,11426.05
1142680,11426.8
1142756,11427.56
1142832,11428.32
1142909,11429.09
1142984,11429.84
1143058,11430.58
1143133,11431.33
1143209,11432.09
1143287,11432.87
1143364,11433.64
1143440,11434.4
1143515,11435.15
1143592,11435.92
1143668,11436.68
1143746,11437.46
1143823,11438.23
1143899,11438.99
1143973,11439.73
1144047,11440.47
1144121,11441.21
1144196,11441.96
1144271,11442.71
1144345,11443.45
1144418,11444.18
1144493,11444.93
1144569,11445.69
1144646,11446.46
1144721,11447.21
1144795,11447.95
1144870,11448.7
1144945,11449.45
1145020,11450.2
1145097,11450.97
1145171,11451.71
1145245,11452.45
1145320,11453.2
1145395,11453.95
1145471,11454.71
1145547,11455.47
1145622,11456.22
1145697,11456.97
1145773,11457.73
1145848,11458.48
1145924,11459.24
1146000,11460.0
1146074,11460.74
1146149,11461.49
1146225,11462.25
1146301,11463.01
1146378,11463.78
1146453,11464.53
1146528,11465.28
1146603,11466.03
1146677,11466.77
1146753,11467.53
1146828,11468.28
1146903,11469.03
1146978,11469.78
1147053,11470.53
1147130,11471.3
1147207,11472.07
1147282,11472.82
1147357,11473.57
1147432,11474.32
1147509,11475.09
1147585,11475.85
1147661,11476.61
1147736,11477.36
1147811,11478.11
1147887,11478.87
1147963,11479.63
1148040,11480.4
1148118,11481.18
1148193,11481.93
1148268,11482.68
1148344,11483.44
1148419,11484.19
1148493,11484.93
1148569,11485.69
1148643,11486.43
1148718,11487.18
1148793,11487.93
1148869,11488.69
1148946,11489.46
1149022,11490.22
1149098,11490.98
1149173,11491.73
1149249,11492.49
1149327,11493.27
1149406,11494.06
1149482,11494.82
1149558,11495.58
1149635,11496.35
1149712,11497.12
1149789,11497.89
1149865,11498.65
1149941,11499.41
1150015,11500.15
1150090,11500.9
1150164,11501.64
1150240,11502.4
1150316,11503.16
1150391,11503.91
1150466,11504.66
1150541,11505.41
1150616,11506.16
1150692,11506.92
1150768,11507.68
1150843,11508.43
1150918,11509.18
1150991,11509.91
1151064,11510.64
1151138,11511.38
1151213,11512.13
1151290,11512.9
1151365,11513.65
1151440,11514.4
1151516,11515.16
1151593,11515.93
1151670,11516.7
1151745,11517.45
1151820,11518.2
1151894,11518.94
1151967,11519.67
1152040,11520.4
1152115,11521.15
1152189,11521.89
1152263,11522.63
1152336,11523.36
1152410,11524.1
1152485,11524.85
1152560,11525.6
1152636,11526.36
1152712,11527.12
1152787,11527.87
1152860,11528.6
1152934,11529.34
1153009,11530.09
1153085,11530.85
1153162,11531.62
1153238,11532.38
1153314,11533.14
1153390,11533.9
1153468,11534.68
1153547,11535.47
1153625,11536.25
1153700,11537.0
1153775,11537.75
1153851,11538.51
1153927,11539.27
1154004,11540.04
1154080,11540.8
1154156,11541.56
1154232,11542.32
1154308,11543.08
1154386,11543.86
1154464,11544.64
1154541,11545.41
1154617,11546.17
1154693,11546.93
1154769,11547.69
1154847,11548.47
1154927,11549.27
1155007,11550.07
1155083,11550.83
1155160,11551.6
1155239,11552.39
1155317,11553.17
1155396,11553.96
1155474,11554.74
1155551,11555.51
1155627,11556.27
1155702,11557.02
1155778,11557.78
1155854,11558.54
1155929,11559.29
1156003,11560.03
1156078,11560.78
1156153,11561.53
1156229,11562.29
1156304,11563.04
1156379,11563.79
1156454,11564.54
1156529,11565.29
1156605,11566.05
1156681,11566.81
1156756,11567.56
1156831,11568.31
1156906,11569.06
1156981,11569.81
1157057,11570.57
1157134,11571.34
1157208,11572.08
1157282,11572.82
1157356,11573.56
1157430,11574.3
1157505,11575.05
1157579,11575.79
1157653,11576.53
1157728,11577.28
1157804,11578.04
1157880,11578.8
1157955,11579.55
1158029,11580.29
1158103,11581.03
1158177,11581.77
1158251,11582.51
1158326,11583.26
1158400,11584.0
1158475,11584.75
1158551,11585.51
1158628,11586.28
1158706,11587.06
1158784,11587.84
1158859,11588.59
1158934,11589.34
1159008,11590.08
1159082,11590.82
1159157,11591.57
1159233,11592.33
1159308,11593.08
1159383,11593.83
1159459,11594.59
1159535,11595.35
1159611,11596.11
1159688,11596.88
1159763,11597.63
1159838,11598.38
1159913,11599.13
1159989,11599.89
1160064,11600.64
1160140,11601.4
1160214,11602.14
1160288,11602.88
1160361,11603.61
1160435,11604.35
1160508,11605.08
1160582,11605.82
1160655,11606.55
1160729,11607.29
1160802,11608.02
1160875,11608.75
1160949,11609.49
1161024,11610.24
1161099,11610.99
1161173,11611.73
1161248,11612.48
1161323,11613.23
1161399,11613.99
1161476,11614.76
1161551,11615.51
1161627,11616.27
1161701,11617.01
1161776,11617.76
1161853,11618.53
1161930,11619.3
1162006,11620.06
1162081,11620.81
1162157,11621.57
1162233,11622.33
1162309,11623.09
1162387,11623.87
1162465,11624.65
1162541,11625.41
1162614,11626.14
1162689,11626.89
1162764,11627.64
1162841,11628.41
1162916,11629.16
1162991,11629.91
1163065,11630.65
1163141,11631.41
1163216,11632.16
1163292,11632.92
1163368,11633.68
1163443,11634.43
1163518,11635.18
1163593,11635.93
1163668,11636.68
1163744,11637.44
1163820,11638.2
1163896,11638.96
1163973,11639.73
1164051,11640.51
1164129,11641.29
1164208,11642.08
1164284,11642.84
1164360,11643.6
1164436,11644.36
1164512,11645.12
1164590,11645.9
1164667,11646.67
1164740,11647.4
1164812,11648.12
1164883,11648.83
1164954,11649.54
1165026,11650.26
1165097,11650.97
1165168,11651.68
1165240,11652.4
1165312,11653.12
1165384,11653.84
1165454,11654.54
1165524,11655.24
1165592,11655.92
1165660,11656.6
1165728,11657.28
1165796,11657.96
1165865,11658.65
1165933,11659.33
1166001,11660.01
1166070,11660.7
1166139,11661.39
1166208,11662.08
1166277,11662.77
1166347,11663.47
1166417,11664.17
1166487,11664.87
1166558,11665.58
1166629,11666.29
1166700,11667.0
1166770,11667.7
1166841,11668.41
1166912,11669.12
1166982,11669.82
1167054,11670.54
1167126,11671.26
1167197,11671.97
1167269,11672.69
1167340,11673.4
1167412,11674.12
1167483,11674.83
1167554,11675.54
1167626,11676.26
1167697,11676.97
1167769,11677.69
1167842,11678.42
1167915,11679.15
1167987,11679.87
1168060,11680.6
1168132,11681.32
1168204,11682.04
1168276,11682.76
1168347,11683.47
1168419,11684.19
1168489,11684.89
1168559,11685.59
1168629,11686.29
1168698,11686.98
1168767,11687.67
1168835,11688.35
1168903,11689.03
1168971,11689.71
1169040,11690.4
1169109,11691.09
1169177,11691.77
1169246,11692.46
1169315,11693.15
1169384,11693.84
1169454,11694.54
1169525,11695.25
1169598,11695.98
1169672,11696.72
1169748,11697.48
1169824,11698.24
1169902,11699.02
1169980,11699.8
1170059,11700.59
1170138,11701.38
1170218,11702.18
1170298,11702.98
1170379,11703.79
1170460,11704.6
1170542,11705.42
1170621,11706.21
1170699,11706.99
1170774,11707.74
1170849,11708.49
1170923,11709.23
1170995,11709.95
1171066,11710.66
1171139,11711.39
1171211,11712.11
1171284,11712.84
1171356,11713.56
1171429,11714.29
1171502,11715.02
1171575,11715.75
1171650,11716.5
1171725,11717.25
1171799,11717.99
1171873,11718.73
1171947,11719.47
1172022,11720.22
1172096,11720.96
1172171,11721.71
1172246,11722.46
1172321,11723.21
1172395,11723.95
1172470,11724.7
1172546,11725.46
1172621,11726.21
1172696,11726.96
1172770,11727.7
1172844,11728.44
1172919,11729.19
1172996,11729.96
1173074,11730.74
1173152,11731.52
1173229,11732.29
1173305,11733.05
1173382,11733.82
1173458,11734.58
1173534,11735.34
1173611,11736.11
1173688,11736.88
1173764,11737.64
1173840,11738.4
1173916,11739.16
1173993,11739.93
1174070,11740.7
1174146,11741.46
1174222,11742.22
1174297,11742.97
1174372,11743.72
1174447,11744.47
1174521,11745.21
1174594,11745.94
1174667,11746.67
1174741,11747.41
1174815,11748.15
1174889,11748.89
1174965,11749.65
1175040,11750.4
1175115,11751.15
1175191,11751.91
1175268,11752.68
1175344,11753.44
1175419,11754.19
1175494,11754.94
1175570,11755.7
1175647,11756.47
1175724,11757.24
1175802,11758.02
1175880,11758.8
1175958,11759.58
1176036,11760.36
1176114,11761.14
1176191,11761.91
1176269,11762.69
1176345,11763.45
1176421,11764.21
1176497,11764.97
1176574,11765.74
1176652,11766.52
1176729,11767.29
1176805,11768.05
1176880,11768.8
1176955,11769.55
1177030,11770.3
1177106,11771.06
1177182,11771.82
1177256,11772.56
1177330,11773.3
1177403,11774.03
1177476,11774.76
1177549,11775.49
1177623,11776.23
1177696,11776.96
1177769,11777.69
1177843,11778.43
1177917,11779.17
1177992,11779.92
1178067,11780.67
1178141,11781.41
1178215,11782.15
1178290,11782.9
1178364,11783.64
1178438,11784.38
1178513,11785.13
1178588,11785.88
1178663,11786.63
1178740,11787.4
1178818,11788.18
1178896,11788.96
1178973,11789.73
1179049,11790.49
1179126,11791.26
1179203,11792.03
1179280,11792.8
1179358,11793.58
1179434,11794.34
1179510,11795.1
1179587,11795.87
1179663,11796.63
1179741,11797.41
1179818,11798.18
1179895,11798.95
1179971,11799.71
1180047,11800.47
1180123,11801.23
1180200,11802.0
1180276,11802.76
1180350,11803.5
1180425,11804.25
1180500,11805.0
1180575,11805.75
1180651,11806.51
1180725,11807.25
1180799,11807.99
1180873,11808.73
1180947,11809.47
1181023,11810.23
1181099,11810.99
1181174,11811.74
1181248,11812.48
1181322,11813.22
1181398,11813.98
1181473,11814.73
1181550,11815.5
1181625,11816.25
1181699,11816.99
1181773,11817.73
1181847,11818.47
1181923,11819.23
1182000,11820.0
1182077,11820.77
1182152,11821.52
1182229,11822.29
1182307,11823.07
1182385,11823.85
1182463,11824.63
1182539,11825.39
1182614,11826.14
1182689,11826.89
1182764,11827.64
1182839,11828.39
1182914,11829.14
1182987,11829.87
1183060,11830.6
1183135,11831.35
1183209,11832.09
1183285,11832.85
1183360,11833.6
1183434,11834.34
1183510,11835.1
1183586,11835.86
1183663,11836.63
1183740,11837.4
1183817,11838.17
1183891,11838.91
1183966,11839.66
1184040,11840.4
1184115,11841.15
1184190,11841.9
1184265,11842.65
1184340,11843.4
1184415,11844.15
1184490,11844.9
1184567,11845.67
1184644,11846.44
1184721,11847.21
1184797,11847.97
1184873,11848.73
1184948,11849.48
1185025,11850.25
1185102,11851.02
1185177,11851.77
1185250,11852.5
1185323,11853.23
1185396,11853.96
1185469,11854.69
1185543,11855.43
1185615,11856.15
1185688,11856.88
1185762,11857.62
1185838,11858.38
1185916,11859.16
1185993,11859.93
1186070,11860.7
1186146,11861.46
1186223,11862.23
1186299,11862.99
1186374,11863.74
1186449,11864.49
1186523,11865.23
1186596,11865.96
1186669,11866.69
1186744,11867.44
1186819,11868.19
1186894,11868.94
1186968,11869.68
1187042,11870.42
1187118,11871.18
1187195,11871.95
1187271,11872.71
1187346,11873.46
1187423,11874.23
1187501,11875.01
1187580,11875.8
1187658,11876.58
1187734,11877.34
1187810,11878.1
1187885,11878.85
1187961,11879.61
1188035,11880.35
1188109,11881.09
1188183,11881.83
1188259,11882.59
1188336,11883.36
1188413,11884.13
1188489,11884.89
1188567,11885.67
1188644,11886.44
1188723,11887.23
1188803,11888.03
1188881,11888.81
1188957,11889.57
1189035,11890.35
1189113,11891.13
1189191,11891.91
1189267,11892.67
1189344,11893.44
1189420,11894.2
1189496,11894.96
1189574,11895.74
1189652,11896.52
1189728,11897.28
1189804,11898.04
1189880,11898.8
1189956,11899.56
1190033,11900.33
1190110,11901.1
1190186,11901.86
1190262,11902.62
1190338,11903.38
1190415,11904.15
1190494,11904.94
1190573,11905.73
1190651,11906.51
1190728,11907.28
1190804,11908.04
1190880,11908.8
1190956,11909.56
1191031,11910.31
1191106,11911.06
1191181,11911.81
1191257,11912.57
1191334,11913.34
1191409,11914.09
1191484,11914.84
1191559,11915.59
1191635,11916.35
1191711,11917.11
1191786,11917.86
1191860,11918.6
1191935,11919.35
1192010,11920.1
1192086,11920.86
1192162,11921.62
1192238,11922.38
1192313,11923.13
1192388,11923.88
1192464,11924.64
1192540,11925.4
1192615,11926.15
1192690,11926.9
1192766,11927.66
1192842,11928.42
1192920,11929.2
1192997,11929.97
1193074,11930.74
1193149,11931.49
1193226,11932.26
1193304,11933.04
1193382,11933.82
1193460,11934.6
1193537,11935.37
1193613,11936.13
1193688,11936.88
1193765,11937.65
1193842,11938.42
1193917,11939.17
1193992,11939.92
1194068,11940.68
1194145,11941.45
1194223,11942.23
1194301,11943.01
1194379,11943.79
1194455,11944.55
1194533,11945.33
1194610,11946.1
1194688,11946.88
1194766,11947.66
1194842,11948.42
1194920,11949.2
1194996,11949.96
1195073,11950.73
1195149,11951.49
1195224,11952.24
1195299,11952.99
1195374,11953.74
1195449,11954.49
1195525,11955.25
1195599,11955.99
1195673,11956.73
1195747,11957.47
1195821,11958.21
1195896,11958.96
1195972,11959.72
1196048,11960.48
1196123,11961.23
1196199,11961.99
1196275,11962.75
1196352,11963.52
1196428,11964.28
1196504,11965.04
1196580,11965.8
1196657,11966.57
1196734,11967.34
1196811,11968.11
1196887,11968.87
1196963,11969.63
1197039,11970.39
1197118,11971.18
1197195,11971.95
1197272,11972.72
1197350,11973.5
1197428,11974.28
1197505,11975.05
1197582,11975.82
1197659,11976.59
1197735,11977.35
1197810,11978.1
1197887,11978.87
1197963,11979.63
1198039,11980.39
1198115,11981.15
1198192,11981.92
1198269,11982.69
1198347,11983.47
1198424,11984.24
1198500,11985.0
1198576,11985.76
1198651,11986.51
1198729,11987.29
1198807,11988.07
1198884,11988.84
1198960,11989.6
1199035,11990.35
1199109,11991.09
1199184,11991.84
1199258,11992.58
1199332,11993.32
1199405,11994.05
1199479,11994.79
1199553,11995.53
1199630,11996.3
1199706,11997.06
1199782,11997.82
1199859,11998.59
1199936,11999.36
1200012,12000.12
1200090,12000.9
1200165,12001.65
1200240,12002.4
1200313,12003.13
1200387,12003.87
1200461,12004.61
1200536,12005.36
1200610,12006.1
1200684,12006.84
1200759,12007.59
1200835,12008.35
1200911,12009.11
1200987,12009.87
1201062,12010.62
1201138,12011.38
1201215,12012.15
1201293,12012.93
1201371,12013.71
1201446,12014.46
1201522,12015.22
1201598,12015.98
1201674,12016.74
1201751,12017.51
1201827,12018.27
1201902,12019.02
1201978,12019.78
1202053,12020.53
1202128,12021.28
1202204,12022.04
1202278,12022.78
1202353,12023.53
1202428,12024.28
1202503,12025.03
1202581,12025.81
1202659,12026.59
1202735,12027.35
1202812,12028.12
1202890,12028.9
1202968,12029.68
1203048,12030.48
1203126,12031.26
1203204,12032.04
1203280,12032.8
1203356,12033.56
1203432,12034.32
1203507,12035.07
1203581,12035.81
1203656,12036.56
1203732,12037.32
1203808,12038.08
1203884,12038.84
1203960,12039.6
1204035,12040.35
1204111,12041.11
1204188,12041.88
1204266,12042.66
1204343,12043.43
1204420,12044.2
1204495,12044.95
1204571,12045.71
1204646,12046.46
1204722,12047.22
1204798,12047.98
1204874,12048.74
1204948,12049.48
1205024,12050.24
1205100,12051.0
1205177,12051.77
1205254,12052.54
1205331,12053.31
1205408,12054.08
1205485,12054.85
1205564,12055.64
1205641,12056.41
1205718,12057.18
1205794,12057.94
1205870,12058.7
1205947,12059.47
1206025,12060.25
1206103,12061.03
1206179,12061.79
1206255,12062.55
1206332,12063.32
1206409,12064.09
1206487,12064.87
1206563,12065.63
1206639,12066.39
1206714,12067.14
1206790,12067.9
1206867,12068.67
1206943,12069.43
1207019,12070.19
1207094,12070.94
1207171,12071.71
1207249,12072.49
1207329,12073.29
1207408,12074.08
1207486,12074.86
1207565,12075.65
1207644,12076.44
1207722,12077.22
1207800,12078.0
1207875,12078.75
1207951,12079.51
1208027,12080.27
1208104,12081.04
1208181,12081.81
1208255,12082.55
1208330,12083.3
1208403,12084.03
1208478,12084.78
1208552,12085.52
1208628,12086.28
1208702,12087.02
1208777,12087.77
1208853,12088.53
1208931,12089.31
1209009,12090.09
1209086,12090.86
1209163,12091.63
1209241,12092.41
1209320,12093.2
1209398,12093.98
1209475,12094.75
1209552,12095.52
1209628,12096.28
1209706,12097.06
1209785,12097.85
1209862,12098.62
1209938,12099.38
1210015,12100.15
1210092,12100.92
1210170,12101.7
1210248,12102.48
1210324,12103.24
1210399,12103.99
1210474,12104.74
1210551,12105.51
1210628,12106.28
1210704,12107.04
1210779,12107.79
1210854,12108.54
1210928,12109.28
1211002,12110.02
1211076,12110.76
1211151,12111.51
1211226,12112.26
1211302,12113.02
1211378,12113.78
1211455,12114.55
1211533,12115.33
1211611,12116.11
1211689,12116.89
1211767,12117.67
1211845,12118.45
1211922,12119.22
1211998,12119.98
1212075,12120.75
1212153,12121.53
1212230,12122.3
1212306,12123.06
1212382,12123.82
1212459,12124.59
1212535,12125.35
1212611,12126.11
1212687,12126.87
1212763,12127.63
1212840,12128.4
1212916,12129.16
1212993,12129.93
1213069,12130.69
1213146,12131.46
1213222,12132.22
1213299,12132.99
1213375,12133.75
1213451,12134.51
1213528,12135.28
1213604,12136.04
1213681,12136.81
1213758,12137.58
1213834,12138.34
1213911,12139.11
1213988,12139.88
1214066,12140.66
1214142,12141.42
1214219,12142.19
1214295,12142.95
1214371,12143.71
1214447,12144.47
1214523,12145.23
1214598,12145.98
1214674,12146.74
1214750,12147.5
1214826,12148.26
1214902,12149.02
1214978,12149.78
1215053,12150.53
1215129,12151.29
1215206,12152.06
1215282,12152.82
1215359,12153.59
1215435,12154.35
1215513,12155.13
1215590,12155.9
1215667,12156.67
1215744,12157.44
1215821,12158.21
1215897,12158.97
1215974,12159.74
1216049,12160.49
1216126,12161.26
1216202,12162.02
1216278,12162.78
1216353,12163.53
1216429,12164.29
1216504,12165.04
1216580,12165.8
1216655,12166.55
1216730,12167.3
1216804,12168.04
1216879,12168.79
1216954,12169.54
1217029,12170.29
1217103,12171.03
1217177,12171.77
1217250,12172.5
1217323,12173.23
1217397,12173.97
1217470,12174.7
1217543,12175.43
1217616,12176.16
1217689,12176.89
1217761,12177.61
1217834,12178.34
1217907,12179.07
1217979,12179.79
1218051,12180.51
1218124,12181.24
1218198,12181.98
1218272,12182.72
1218346,12183.46
1218421,12184.21
1218496,12184.96
1218571,12185.71
1218646,12186.46
1218721,12187.21
1218795,12187.95
1218871,12188.71
1218945,12189.45
1219019,12190.19
1219092,12190.92
1219165,12191.65
1219239,12192.39
1219313,12193.13
1219387,12193.87
1219461,12194.61
1219535,12195.35
1219611,12196.11
1219687,12196.87
1219764,12197.64
1219840,12198.4
1219916,12199.16
1219993,12199.93
1220070,12200.7
1220147,12201.47
1220223,12202.23
1220299,12202.99
1220375,12203.75
1220451,12204.51
1220527,12205.27
1220602,12206.02
1220678,12206.78
1220752,12207.52
1220827,12208.27
1220900,12209.0
1220973,12209.73
1221045,12210.45
1221117,12211.17
1221190,12211.9
1221263,12212.63
1221336,12213.36
1221410,12214.1
1221485,12214.85
1221560,12215.6
1221636,12216.36
1221712,12217.12
1221788,12217.88
1221864,12218.64
1221941,12219.41
1222017,12220.17
1222093,12220.93
1222169,12221.69
1222245,12222.45
1222320,12223.2
1222394,12223.94
1222467,12224.67
1222541,12225.41
1222614,12226.14
1222687,12226.87
1222760,12227.6
1222832,12228.32
1222905,12229.05
1222979,12229.79
1223052,12230.52
1223126,12231.26
1223201,12232.01
1223276,12232.76
1223351,12233.51
1223427,12234.27
1223503,12235.03
1223578,12235.78
1223653,12236.53
1223729,12237.29
1223804,12238.04
1223878,12238.78
1223952,12239.52
1224026,12240.26
1224101,12241.01
1224176,12241.76
1224252,12242.52
1224328,12243.28
1224404,12244.04
1224480,12244.8
1224556,12245.56
1224633,12246.33
1224709,12247.09
1224785,12247.85
1224861,12248.61
1224935,12249.35
1225010,12250.1
1225085,12250.85
1225160,12251.6
1225235,12252.35
1225309,12253.09
1225384,12253.84
1225459,12254.59
1225534,12255.34
1225609,12256.09
1225684,12256.84
1225759,12257.59
1225834,12258.34
1225909,12259.09
1225984,12259.84
1226059,12260.59
1226134,12261.34
1226209,12262.09
1226284,12262.84
1226358,12263.58
1226432,12264.32
1226505,12265.05
1226578,12265.78
1226651,12266.51
1226725,12267.25
1226798,12267.98
1226870,12268.7
1226942,12269.42
1227015,12270.15
1227089,12270.89
1227163,12271.63
1227236,12272.36
1227310,12273.1
1227383,12273.83
1227457,12274.57
1227531,12275.31
1227605,12276.05
1227678,12276.78
1227752,12277.52
1227825,12278.25
1227898,12278.98
1227971,12279.71
1228044,12280.44
1228117,12281.17
1228189,12281.89
1228261,12282.61
1228334,12283.34
1228406,12284.06
1228478,12284.78
1228550,12285.5
1228622,12286.22
1228694,12286.94
1228765,12287.65
1228837,12288.37
1228907,12289.07
1228978,12289.78
1229048,12290.48
1229120,12291.2
1229191,12291.91
1229263,12292.63
1229335,12293.35
1229407,12294.07
1229481,12294.81
1229554,12295.54
1229627,12296.27
1229701,12297.01
1229774,12297.74
1229848,12298.48
1229922,12299.22
1229996,12299.96
1230069,12300.69
1230141,12301.41
1230214,12302.14
1230287,12302.87
1230359,12303.59
1230432,12304.32
1230504,12305.04
1230575,12305.75
1230647,12306.47
1230719,12307.19
1230790,12307.9
1230862,12308.62
1230935,12309.35
1231007,12310.07
1231079,12310.79
1231150,12311.5
1231222,12312.22
1231294,12312.94
1231368,12313.68
1231442,12314.42
1231517,12315.17
1231591,12315.91
1231666,12316.66
1231742,12317.42
1231818,12318.18
1231893,12318.93
1231968,12319.68
1232043,12320.43
1232118,12321.18
1232194,12321.94
1232269,12322.69
1232343,12323.43
1232418,12324.18
1232493,12324.93
1232567,12325.67
1232642,12326.42
1232716,12327.16
1232792,12327.92
1232867,12328.67
1232942,12329.42
1233017,12330.17
1233093,12330.93
1233170,12331.7
1233245,12332.45
1233320,12333.2
1233396,12333.96
1233471,12334.71
1233547,12335.47
1233622,12336.22
1233697,12336.97
1233771,12337.71
1233845,12338.45
1233920,12339.2
1233994,12339.94
1234068,12340.68
1234142,12341.42
1234215,12342.15
1234289,12342.89
1234363,12343.63
1234438,12344.38
1234512,12345.12
1234587,12345.87
1234662,12346.62
1234737,12347.37
1234812,12348.12
1234888,12348.88
1234963,12349.63
1235038,12350.38
1235113,12351.13
1235187,12351.87
1235262,12352.62
1235337,12353.37
1235412,12354.12
1235487,12354.87
1235562,12355.62
1235638,12356.38
1235714,12357.14
1235791,12357.91
1235867,12358.67
1235942,12359.42
1236018,12360.18
1236094,12360.94
1236171,12361.71
1236246,12362.46
1236321,12363.21
1236397,12363.97
1236473,12364.73
1236550,12365.5
1236627,12366.27
1236703,12367.03
1236780,12367.8
1236858,12368.58
1236936,12369.36
1237014,12370.14
1237092,12370.92
1237171,12371.71
1237249,12372.49
1237327,12373.27
1237404,12374.04
1237481,12374.81
1237558,12375.58
1237635,12376.35
1237712,12377.12
1237789,12377.89
1237865,12378.65
1237941,12379.41
1238017,12380.17
1238094,12380.94
1238170,12381.7
1238246,12382.46
1238322,12383.22
1238399,12383.99
1238475,12384.75
1238551,12385.51
1238627,12386.27
1238703,12387.03
1238781,12387.81
1238857,12388.57
1238933,12389.33
1239008,12390.08
1239083,12390.83
1239159,12391.59
1239236,12392.36
1239312,12393.12
1239387,12393.87
1239463,12394.63
1239538,12395.38
1239614,12396.14
1239689,12396.89
1239764,12397.64
1239840,12398.4
1239915,12399.15
1239991,12399.91
1240066,12400.66
1240140,12401.4
1240215,12402.15
1240290,12402.9
1240365,12403.65
1240440,12404.4
1240513,12405.13
1240587,12405.87
1240660,12406.6
1240733,12407.33
1240805,12408.05
1240879,12408.79
1240953,12409.53
1241028,12410.28
1241103,12411.03
1241179,12411.79
1241255,12412.55
1241331,12413.31
1241407,12414.07
1241483,12414.83
1241557,12415.57
1241632,12416.32
1241706,12417.06
1241781,12417.81
1241854,12418.54
1241927,12419.27
1241999,12419.99
1242071,12420.71
1242143,12421.43
1242215,12422.15
1242286,12422.86
1242358,12423.58
1242429,12424.29
1242499,12424.99
1242569,12425.69
1242638,12426.38
1242707,12427.07
1242776,12427.76
1242844,12428.44
1242915,12429.15
1242986,12429.86
1243057,12430.57
1243128,12431.28
1243198,12431.98
1243270,12432.7
1243344,12433.44
1243417,12434.17
1243491,12434.91
1243566,12435.66
1243641,12436.41
1243717,12437.17
1243792,12437.92
1243866,12438.66
1243941,12439.41
1244016,12440.16
1244091,12440.91
1244168,12441.68
1244244,12442.44
1244321,12443.21
1244397,12443.97
1244472,12444.72
1244547,12445.47
1244622,12446.22
1244697,12446.97
1244772,12447.72
1244847,12448.47
1244922,12449.22
1244996,12449.96
1245070,12450.7
1245144,12451.44
1245219,12452.19
1245293,12452.93
1245366,12453.66
1245439,12454.39
1245513,12455.13
1245586,12455.86
1245660,12456.6
1245734,12457.34
1245808,12458.08
1245882,12458.82
1245957,12459.57
1246031,12460.31
1246106,12461.06
1246181,12461.81
1246256,12462.56
1246329,12463.29
1246402,12464.02
1246475,12464.75
1246548,12465.48
1246622,12466.22
1246695,12466.95
1246768,12467.68
1246842,12468.42
1246916,12469.16
1246992,12469.92
1247067,12470.67
1247142,12471.42
1247217,12472.17
1247293,12472.93
1247369,12473.69
1247445,12474.45
1247520,12475.2
1247595,12475.95
1247670,12476.7
1247746,12477.46
1247821,12478.21
1247896,12478.96
1247972,12479.72
1248047,12480.47
1248123,12481.23
1248199,12481.99
1248275,12482.75
1248351,12483.51
1248428,12484.28
1248505,12485.05
1248582,12485.82
1248659,12486.59
1248736,12487.36
1248813,12488.13
1248890,12488.9
1248967,12489.67
1249044,12490.44
1249120,12491.2
1249197,12491.97
1249274,12492.74
1249351,12493.51
1249428,12494.28
1249504,12495.04
1249581,12495.81
1249657,12496.57
1249734,12497.34
1249810,12498.1
1249886,12498.86
1249963,12499.63
1250040,12500.4
1250116,12501.16
1250193,12501.93
1250271,12502.71
1250348,12503.48
1250425,12504.25
1250501,12505.01
1250576,12505.76
1250650,12506.5
1250725,12507.25
1250800,12508.0
1250873,12508.73
1250947,12509.47
1251021,12510.21
1251094,12510.94
1251169,12511.69
1251245,12512.45
1251321,12513.21
1251397,12513.97
1251474,12514.74
1251552,12515.52
1251630,12516.3
1251708,12517.08
1251785,12517.85
1251862,12518.62
1251939,12519.39
1252016,12520.16
1252094,12520.94
1252171,12521.71
1252248,12522.48
1252325,12523.25
1252402,12524.02
1252480,12524.8
1252557,12525.57
1252633,12526.33
1252709,12527.09
1252785,12527.85
1252861,12528.61
1252937,12529.37
1253012,12530.12
1253088,12530.88
1253164,12531.64
1253240,12532.4
1253316,12533.16
1253392,12533.92
1253468,12534.68
1253544,12535.44
1253620,12536.2
1253695,12536.95
1253770,12537.7
1253846,12538.46
1253922,12539.22
1253998,12539.98
1254073,12540.73
1254148,12541.48
1254223,12542.23
1254298,12542.98
1254373,12543.73
1254447,12544.47
1254521,12545.21
1254596,12545.96
1254670,12546.7
1254744,12547.44
1254818,12548.18
1254892,12548.92
1254967,12549.67
1255041,12550.41
1255115,12551.15
1255189,12551.89
1255264,12552.64
1255339,12553.39
1255413,12554.13
1255488,12554.88
1255562,12555.62
1255637,12556.37
1255712,12557.12
1255787,12557.87
1255861,12558.61
1255935,12559.35
1256009,12560.09
1256083,12560.83
1256156,12561.56
1256229,12562.29
1256302,12563.02
1256375,12563.75
1256451,12564.51
1256526,12565.26
1256601,12566.01
1256677,12566.77
1256754,12567.54
1256832,12568.32
1256908,12569.08
1256984,12569.84
1257061,12570.61
1257138,12571.38
1257215,12572.15
1257291,12572.91
1257366,12573.66
1257441,12574.41
1257517,12575.17
1257591,12575.91
1257665,12576.65
1257739,12577.39
1257812,12578.12
1257886,12578.86
1257959,12579.59
1258032,12580.32
1258105,12581.05
1258179,12581.79
1258253,12582.53
1258326,12583.26
1258399,12583.99
1258472,12584.72
1258545,12585.45
1258618,12586.18
1258692,12586.92
1258765,12587.65
1258839,12588.39
1258913,12589.13
1258987,12589.87
1259061,12590.61
1259135,12591.35
1259209,12592.09
1259283,12592.83
1259356,12593.56
1259431,12594.31
1259505,12595.05
1259578,12595.78
1259652,12596.52
1259725,12597.25
1259798,12597.98
1259872,12598.72
1259947,12599.47
1260023,12600.23
1260100,12601.0
1260176,12601.76
1260252,12602.52
1260329,12603.29
1260405,12604.05
1260482,12604.82
1260558,12605.58
1260633,12606.33
1260707,12607.07
1260782,12607.82
1260857,12608.57
1260933,12609.33
1261008,12610.08
1261083,12610.83
1261159,12611.59
1261235,12612.35
1261312,12613.12
1261389,12613.89
1261465,12614.65
1261540,12615.4
1261617,12616.17
1261693,12616.93
1261770,12617.7
1261846,12618.46
1261921,12619.21
1261996,12619.96
1262070,12620.7
1262144,12621.44
1262218,12622.18
1262294,12622.94
1262369,12623.69
1262444,12624.44
1262518,12625.18
1262591,12625.91
1262664,12626.64
1262738,12627.38
1262810,12628.1
1262882,12628.82
1262954,12629.54
1263025,12630.25
1263096,12630.96
1263167,12631.67
1263238,12632.38
1263309,12633.09
1263380,12633.8
1263452,12634.52
1263522,12635.22
1263591,12635.91
1263661,12636.61
1263730,12637.3
1263798,12637.98
1263866,12638.66
1263933,12639.33
1263999,12639.99
1264065,12640.65
1264130,12641.3
1264195,12641.95
1264259,12642.59
1264323,12643.23
1264386,12643.86
1264448,12644.48
1264510,12645.1
1264572,12645.72
1264633,12646.33
1264695,12646.95
1264757,12647.57
1264820,12648.2
1264883,12648.83
1264948,12649.48
1265013,12650.13
1265077,12650.77
1265142,12651.42
1265206,12652.06
1265273,12652.73
1265342,12653.42
1265413,12654.13
1265487,12654.87
1265563,12655.63
1265639,12656.39
1265714,12657.14
1265789,12657.89
1265865,12658.65
1265941,12659.41
1266018,12660.18
1266096,12660.96
1266174,12661.74
1266250,12662.5
1266326,12663.26
1266401,12664.01
1266478,12664.78
1266556,12665.56
1266635,12666.35
1266714,12667.14
1266792,12667.92
1266868,12668.68
1266943,12669.43
1267018,12670.18
1267094,12670.94
1267171,12671.71
1267247,12672.47
1267322,12673.22
1267397,12673.97
1267473,12674.73
1267549,12675.49
1267625,12676.25
1267701,12677.01
1267777,12677.77
1267852,12678.52
1267926,12679.26
1268000,12680.0
1268074,12680.74
1268147,12681.47
1268220,12682.2
1268292,12682.92
1268365,12683.65
1268438,12684.38
1268511,12685.11
1268585,12685.85
1268657,12686.57
1268729,12687.29
1268802,12688.02
1268874,12688.74
1268945,12689.45
1269017,12690.17
1269089,12690.89
1269162,12691.62
1269236,12692.36
1269310,12693.1
1269385,12693.85
1269460,12694.6
1269536,12695.36
1269612,12696.12
1269690,12696.9
1269769,12697.69
1269847,12698.47
1269924,12699.24
1269998,12699.98
1270073,12700.73
1270147,12701.47
1270222,12702.22
1270298,12702.98
1270375,12703.75
1270449,12704.49
1270523,12705.23
1270595,12705.95
1270668,12706.68
1270741,12707.41
1270816,12708.16
1270890,12708.9
1270964,12709.64
1271038,12710.38
1271111,12711.11
1271185,12711.85
1271260,12712.6
1271333,12713.33
1271406,12714.06
1271479,12714.79
1271553,12715.53
1271627,12716.27
1271703,12717.03
1271779,12717.79
1271855,12718.55
1271929,12719.29
1272002,12720.02
1272076,12720.76
1272149,12721.49
1272224,12722.24
1272301,12723.01
1272377,12723.77
1272454,12724.54
1272529,12725.29
1272605,12726.05
1272681,12726.81
1272757,12727.57
1272833,12728.33
1272907,12729.07
1272980,12729.8
1273052,12730.52
1273124,12731.24
1273196,12731.96
1273268,12732.68
1273340,12733.4
1273411,12734.11
1273483,12734.83
1273555,12735.55
1273627,12736.27
1273700,12737.0
1273773,12737.73
1273848,12738.48
1273924,12739.24
1274000,12740.0
1274076,12740.76
1274152,12741.52
1274228,12742.28
1274306,12743.06
1274383,12743.83
1274461,12744.61
1274538,12745.38
1274614,12746.14
1274691,12746.91
1274769,12747.69
1274847,12748.47
1274928,12749.28
1275008,12750.08
1275086,12750.86
1275163,12751.63
1275239,12752.39
1275314,12753.14
1275388,12753.88
1275463,12754.63
1275537,12755.37
1275613,12756.13
1275688,12756.88
1275761,12757.61
1275834,12758.34
1275906,12759.06
1275980,12759.8
1276055,12760.55
1276129,12761.29
1276202,12762.02
1276274,12762.74
1276347,12763.47
1276420,12764.2
1276491,12764.91
1276563,12765.63
1276633,12766.33
1276703,12767.03
1276774,12767.74
1276846,12768.46
1276918,12769.18
1276989,12769.89
1277059,12770.59
1277130,12771.3
1277201,12772.01
1277272,12772.72
1277344,12773.44
1277419,12774.19
1277498,12774.98
1277580,12775.8
1277662,12776.62
1277748,12777.48
1277834,12778.34
1277921,12779.21
1278009,12780.09
1278095,12780.95
1278181,12781.81
1278267,12782.67
1278352,12783.52
1278435,12784.35
1278517,12785.17
1278600,12786.0
1278680,12786.8
1278761,12787.61
1278841,12788.41
1278919,12789.19
1278997,12789.97
1279074,12790.74
1279149,12791.49
1279225,12792.25
1279300,12793.0
1279374,12793.74
1279446,12794.46
1279519,12795.19
1279592,12795.92
1279666,12796.66
1279741,12797.41
1279815,12798.15
1279888,12798.88
1279961,12799.61
1280034,12800.34
1280108,12801.08
1280181,12801.81
1280255,12802.55
1280327,12803.27
1280398,12803.98
1280471,12804.71
1280544,12805.44
1280616,12806.16
1280687,12806.87
1280757,12807.57
1280827,12808.27
1280896,12808.96
1280965,12809.65
1281034,12810.34
1281103,12811.03
1281171,12811.71
1281239,12812.39
1281306,12813.06
1281372,12813.72
1281439,12814.39
1281509,12815.09
1281582,12815.82
1281658,12816.58
1281738,12817.38
1281820,12818.2
1281904,12819.04
1281992,12819.92
1282081,12820.81
1282168,12821.68
1282254,12822.54
1282336,12823.36
1282419,12824.19
1282501,12825.01
1282582,12825.82
1282661,12826.61
1282741,12827.41
1282821,12828.21
1282900,12829.0
1282980,12829.8
1283059,12830.59
1283139,12831.39
1283218,12832.18
1283297,12832.97
1283374,12833.74
1283451,12834.51
1283527,12835.27
1283602,12836.02
1283676,12836.76
1283750,12837.5
1283822,12838.22
1283894,12838.94
1283965,12839.65
1284034,12840.34
1284104,12841.04
1284173,12841.73
1284242,12842.42
1284313,12843.13
1284383,12843.83
1284453,12844.53
1284523,12845.23
1284594,12845.94
1284665,12846.65
1284736,12847.36
1284806,12848.06
1284876,12848.76
1284944,12849.44
1285013,12850.13
1285082,12850.82
1285150,12851.5
1285218,12852.18
1285285,12852.85
1285353,12853.53
1285419,12854.19
1285487,12854.87
1285554,12855.54
1285623,12856.23
1285694,12856.94
1285767,12857.67
1285841,12858.41
1285919,12859.19
1286000,12860.0
1286086,12860.86
1286172,12861.72
1286259,12862.59
1286343,12863.43
1286427,12864.27
1286508,12865.08
1286587,12865.87
1286665,12866.65
1286743,12867.43
1286820,12868.2
1286894,12868.94
1286969,12869.69
1287044,12870.44
1287119,12871.19
1287194,12871.94
1287271,12872.71
1287347,12873.47
1287424,12874.24
1287500,12875.0
1287576,12875.76
1287651,12876.51
1287725,12877.25
1287799,12877.99
1287873,12878.73
1287947,12879.47
1288019,12880.19
1288090,12880.9
1288161,12881.61
1288232,12882.32
1288302,12883.02
1288373,12883.73
1288443,12884.43
1288512,12885.12
1288583,12885.83
1288654,12886.54
1288724,12887.24
1288795,12887.95
1288866,12888.66
1288936,12889.36
1289007,12890.07
1289077,12890.77
1289147,12891.47
1289216,12892.16
1289285,12892.85
1289353,12893.53
1289422,12894.22
1289492,12894.92
1289561,12895.61
1289632,12896.32
1289703,12897.03
1289775,12897.75
1289848,12898.48
1289923,12899.23
1290000,12900.0
1290078,12900.78
1290155,12901.55
1290235,12902.35
1290315,12903.15
1290398,12903.98
1290481,12904.81
1290563,12905.63
1290644,12906.44
1290726,12907.26
1290807,12908.07
1290888,12908.88
1290969,12909.69
1291050,12910.5
1291130,12911.3
1291209,12912.09
1291288,12912.88
1291365,12913.65
1291442,12914.42
1291519,12915.19
1291595,12915.95
1291670,12916.7
1291744,12917.44
1291815,12918.15
1291887,12918.87
1291958,12919.58
1292030,12920.3
1292103,12921.03
1292177,12921.77
1292252,12922.52
1292326,12923.26
1292399,12923.99
1292471,12924.71
1292544,12925.44
1292618,12926.18
1292690,12926.9
1292761,12927.61
1292832,12928.32
1292901,12929.01
1292971,12929.71
1293041,12930.41
1293111,12931.11
1293180,12931.8
1293250,12932.5
1293319,12933.19
1293387,12933.87
1293455,12934.55
1293523,12935.23
1293592,12935.92
1293664,12936.64
1293737,12937.37
1293812,12938.12
1293887,12938.87
1293963,12939.63
1294039,12940.39
1294117,12941.17
1294197,12941.97
1294279,12942.79
1294361,12943.61
1294443,12944.43
1294525,12945.25
1294605,12946.05
1294684,12946.84
1294763,12947.63
1294840,12948.4
1294918,12949.18
1294994,12949.94
1295069,12950.69
1295144,12951.44
1295217,12952.17
1295290,12952.9
1295362,12953.62
1295434,12954.34
1295507,12955.07
1295579,12955.79
1295651,12956.51
1295723,12957.23
1295796,12957.96
1295870,12958.7
1295946,12959.46
1296019,12960.19
1296093,12960.93
1296165,12961.65
1296238,12962.38
1296312,12963.12
1296387,12963.87
1296461,12964.61
1296535,12965.35
1296607,12966.07
1296680,12966.8
1296754,12967.54
1296829,12968.29
1296901,12969.01
1296973,12969.73
1297044,12970.44
1297113,12971.13
1297183,12971.83
1297252,12972.52
1297321,12973.21
1297389,12973.89
1297456,12974.56
1297524,12975.24
1297591,12975.91
1297657,12976.57
1297723,12977.23
1297791,12977.91
1297860,12978.6
1297931,12979.31
1298004,12980.04
1298081,12980.81
1298163,12981.63
1298250,12982.5
1298336,12983.36
1298423,12984.23
1298510,12985.1
1298595,12985.95
1298678,12986.78
1298759,12987.59
1298839,12988.39
1298918,12989.18
1298997,12989.97
1299075,12990.75
1299153,12991.53
1299230,12992.3
1299306,12993.06
1299382,12993.82
1299458,12994.58
1299533,12995.33
1299608,12996.08
1299684,12996.84
1299759,12997.59
1299834,12998.34
1299910,12999.1
1299985,12999.85
1300060,13000.6
1300136,13001.36
1300210,13002.1
1300285,13002.85
1300358,13003.58
1300430,13004.3
1300501,13005.01
1300572,13005.72
1300645,13006.45
1300718,13007.18
1300793,13007.93
1300868,13008.68
1300942,13009.42
1301014,13010.14
1301086,13010.86
1301160,13011.6
1301231,13012.31
1301302,13013.02
1301372,13013.72
1301441,13014.41
1301512,13015.12
1301583,13015.83
1301654,13016.54
1301724,13017.24
1301794,13017.94
1301864,13018.64
1301935,13019.35
1302004,13020.04
1302075,13020.75
1302147,13021.47
1302218,13022.18
1302290,13022.9
1302363,13023.63
1302437,13024.37
1302514,13025.14
1302594,13025.94
1302679,13026.79
1302763,13027.63
1302847,13028.47
1302932,13029.32
1303015,13030.15
1303098,13030.98
1303181,13031.81
1303262,13032.62
1303342,13033.42
1303424,13034.24
1303505,13035.05
1303585,13035.85
1303664,13036.64
1303744,13037.44
1303822,13038.22
1303900,13039.0
1303977,13039.77
1304052,13040.52
1304128,13041.28
1304203,13042.03
1304278,13042.78
1304351,13043.51
1304424,13044.24
1304499,13044.99
1304574,13045.74
1304649,13046.49
1304725,13047.25
1304798,13047.98
1304871,13048.71
1304944,13049.44
1305018,13050.18
1305092,13050.92
1305166,13051.66
1305238,13052.38
1305310,13053.1
1305381,13053.81
1305451,13054.51
1305521,13055.21
1305592,13055.92
1305662,13056.62
1305732,13057.32
1305803,13058.03
1305873,13058.73
1305941,13059.41
1306009,13060.09
1306076,13060.76
1306144,13061.44
1306213,13062.13
1306285,13062.85
1306357,13063.57
1306432,13064.32
1306510,13065.1
1306593,13065.93
1306680,13066.8
1306768,13067.68
1306856,13068.56
1306942,13069.42
1307030,13070.3
1307115,13071.15
1307199,13071.99
1307283,13072.83
1307366,13073.66
1307448,13074.48
1307529,13075.29
1307609,13076.09
1307688,13076.88
1307766,13077.66
1307845,13078.45
1307924,13079.24
1308002,13080.02
1308080,13080.8
1308158,13081.58
1308235,13082.35
1308311,13083.11
1308387,13083.87
1308463,13084.63
1308538,13085.38
1308614,13086.14
1308689,13086.89
1308764,13087.64
1308837,13088.37
1308909,13089.09
1308982,13089.82
1309056,13090.56
1309129,13091.29
1309202,13092.02
1309275,13092.75
1309346,13093.46
1309418,13094.18
1309491,13094.91
1309563,13095.63
1309634,13096.34
1309705,13097.05
1309776,13097.76
1309847,13098.47
1309917,13099.17
1309988,13099.88
1310060,13100.6
1310132,13101.32
1310205,13102.05
1310280,13102.8
1310355,13103.55
1310430,13104.3
1310507,13105.07
1310585,13105.85
1310665,13106.65
1310745,13107.45
1310826,13108.26
1310907,13109.07
1310986,13109.86
1311065,13110.65
1311144,13111.44
1311221,13112.21
1311298,13112.98
1311375,13113.75
1311453,13114.53
1311530,13115.3
1311605,13116.05
1311681,13116.81
1311756,13117.56
1311829,13118.29
1311902,13119.02
1311975,13119.75
1312046,13120.46
1312118,13121.18
1312190,13121.9
1312260,13122.6
1312331,13123.31
1312401,13124.01
1312472,13124.72
1312544,13125.44
1312617,13126.17
1312691,13126.91
1312764,13127.64
1312836,13128.36
1312908,13129.08
1312981,13129.81
1313054,13130.54
1313127,13131.27
1313198,13131.98
1313268,13132.68
1313338,13133.38
1313406,13134.06
1313474,13134.74
1313542,13135.42
1313610,13136.1
1313678,13136.78
1313746,13137.46
1313814,13138.14
1313880,13138.8
1313947,13139.47
1314014,13140.14
1314082,13140.82
1314151,13141.51
1314222,13142.22
1314294,13142.94
1314369,13143.69
1314448,13144.48
1314530,13145.3
1314611,13146.11
1314695,13146.95
1314780,13147.8
1314867,13148.67
1314953,13149.53
1315037,13150.37
1315119,13151.19
1315200,13152.0
1315280,13152.8
1315360,13153.6
1315440,13154.4
1315518,13155.18
1315597,13155.97
1315676,13156.76
1315755,13157.55
1315833,13158.33
1315912,13159.12
1315989,13159.89
1316066,13160.66
1316144,13161.44
1316221,13162.21
1316298,13162.98
1316374,13163.74
1316449,13164.49
1316524,13165.24
1316597,13165.97
1316670,13166.7
1316742,13167.42
1316813,13168.13
1316883,13168.83
1316954,13169.54
1317025,13170.25
1317097,13170.97
1317170,13171.7
1317243,13172.43
1317314,13173.14
1317385,13173.85
1317457,13174.57
1317531,13175.31
1317603,13176.03
1317674,13176.74
1317744,13177.44
1317814,13178.14
1317884,13178.84
1317954,13179.54
1318023,13180.23
1318093,13180.93
1318162,13181.62
1318231,13182.31
1318301,13183.01
1318370,13183.7
1318440,13184.4
1318511,13185.11
1318583,13185.83
1318655,13186.55
1318727,13187.27
1318801,13188.01
1318877,13188.77
1318956,13189.56
1319034,13190.34
1319114,13191.14
1319195,13191.95
1319279,13192.79
1319363,13193.63
1319446,13194.46
1319527,13195.27
1319608,13196.08
1319687,13196.87
1319767,13197.67
1319848,13198.48
1319928,13199.28
1320008,13200.08
1320088,13200.88
1320168,13201.68
1320247,13202.47
1320325,13203.25
1320404,13204.04
1320482,13204.82
1320559,13205.59
1320636,13206.36
1320712,13207.12
1320788,13207.88
1320863,13208.63
1320938,13209.38
1321012,13210.12
1321086,13210.86
1321159,13211.59
1321230,13212.3
1321300,13213.0
1321371,13213.71
1321442,13214.42
1321515,13215.15
1321588,13215.88
1321660,13216.6
1321732,13217.32
1321804,13218.04
1321876,13218.76
1321949,13219.49
1322023,13220.23
1322095,13220.95
1322166,13221.66
1322236,13222.36
1322306,13223.06
1322375,13223.75
1322444,13224.44
1322512,13225.12
1322580,13225.8
1322648,13226.48
1322715,13227.15
1322782,13227.82
1322848,13228.48
1322915,13229.15
1322983,13229.83
1323053,13230.53
1323126,13231.26
1323202,13232.02
1323279,13232.79
1323359,13233.59
1323444,13234.44
1323532,13235.32
1323622,13236.22
1323711,13237.11
1323799,13237.99
1323885,13238.85
1323971,13239.71
1324056,13240.56
1324140,13241.4
1324223,13242.23
1324305,13243.05
1324387,13243.87
1324469,13244.69
1324550,13245.5
1324631,13246.31
1324713,13247.13
1324795,13247.95
1324877,13248.77
1324958,13249.58
1325039,13250.39
1325119,13251.19
1325197,13251.97
1325274,13252.74
1325350,13253.5
1325427,13254.27
1325503,13255.03
1325579,13255.79
1325653,13256.53
1325726,13257.26
1325798,13257.98
1325869,13258.69
1325939,13259.39
1326010,13260.1
1326082,13260.82
1326155,13261.55
1326229,13262.29
1326302,13263.02
1326376,13263.76
1326448,13264.48
1326519,13265.19
1326589,13265.89
1326659,13266.59
1326729,13267.29
1326798,13267.98
1326867,13268.67
1326936,13269.36
1327005,13270.05
1327074,13270.74
1327143,13271.43
1327212,13272.12
1327282,13272.82
1327352,13273.52
1327422,13274.22
1327493,13274.93
1327565,13275.65
1327639,13276.39
1327714,13277.14
1327789,13277.89
1327867,13278.67
1327948,13279.48
1328031,13280.31
1328115,13281.15
1328199,13281.99
1328282,13282.82
1328363,13283.63
1328443,13284.43
1328522,13285.22
1328600,13286.0
1328679,13286.79
1328756,13287.56
1328833,13288.33
1328910,13289.1
1328987,13289.87
1329064,13290.64
1329141,13291.41
1329217,13292.17
1329294,13292.94
1329369,13293.69
1329444,13294.44
1329518,13295.18
1329592,13295.92
1329665,13296.65
1329739,13297.39
1329812,13298.12
1329886,13298.86
1329959,13299.59
1330032,13300.32
1330103,13301.03
1330175,13301.75
1330245,13302.45
1330317,13303.17
1330390,13303.9
1330463,13304.63
1330538,13305.38
1330611,13306.11
1330684,13306.84
1330756,13307.56
1330830,13308.3
1330902,13309.02
1330974,13309.74
1331044,13310.44
1331115,13311.15
1331184,13311.84
1331252,13312.52
1331320,13313.2
1331388,13313.88
1331456,13314.56
1331523,13315.23
1331590,13315.9
1331656,13316.56
1331721,13317.21
1331786,13317.86
1331850,13318.5
1331914,13319.14
1331978,13319.78
1332043,13320.43
1332109,13321.09
1332175,13321.75
1332242,13322.42
1332309,13323.09
1332376,13323.76
1332443,13324.43
1332510,13325.1
1332576,13325.76
1332642,13326.42
1332708,13327.08
1332772,13327.72
1332837,13328.37
1332901,13329.01
1332964,13329.64
1333028,13330.28
1333092,13330.92
1333156,13331.56
1333222,13332.22
1333289,13332.89
1333357,13333.57
1333427,13334.27
1333497,13334.97
1333567,13335.67
1333636,13336.36
1333707,13337.07
1333777,13337.77
1333848,13338.48
1333919,13339.19
1333990,13339.9
1334062,13340.62
1334135,13341.35
1334209,13342.09
1334284,13342.84
1334359,13343.59
1334435,13344.35
1334511,13345.11
1334588,13345.88
1334664,13346.64
1334740,13347.4
1334817,13348.17
1334894,13348.94
1334971,13349.71
1335047,13350.47
1335124,13351.24
1335200,13352.0
1335275,13352.75
1335350,13353.5
1335423,13354.23
1335495,13354.95
1335565,13355.65
1335635,13356.35
1335705,13357.05
1335775,13357.75
1335844,13358.44
1335914,13359.14
1335984,13359.84
1336053,13360.53
1336122,13361.22
1336192,13361.92
1336260,13362.6
1336329,13363.29
1336396,13363.96
1336464,13364.64
1336531,13365.31
1336598,13365.98
1336666,13366.66
1336733,13367.33
1336802,13368.02
1336872,13368.72
1336944,13369.44
1337016,13370.16
1337090,13370.9
1337167,13371.67
1337246,13372.46
1337326,13373.26
1337406,13374.06
1337487,13374.87
1337567,13375.67
1337647,13376.47
1337726,13377.26
1337806,13378.06
1337884,13378.84
1337962,13379.62
1338039,13380.39
1338116,13381.16
1338193,13381.93
1338270,13382.7
1338346,13383.46
1338423,13384.23
1338499,13384.99
1338575,13385.75
1338651,13386.51
1338727,13387.27
1338803,13388.03
1338878,13388.78
1338953,13389.53
1339028,13390.28
1339102,13391.02
1339176,13391.76
1339249,13392.49
1339322,13393.22
1339394,13393.94
1339465,13394.65
1339535,13395.35
1339606,13396.06
1339677,13396.77
1339749,13397.49
1339822,13398.22
1339893,13398.93
1339964,13399.64
1340035,13400.35
1340107,13401.07
1340178,13401.78
1340248,13402.48
1340319,13403.19
1340389,13403.89
1340459,13404.59
1340529,13405.29
1340599,13405.99
1340670,13406.7
1340739,13407.39
1340809,13408.09
1340878,13408.78
1340947,13409.47
1341016,13410.16
1341086,13410.86
1341157,13411.57
1341229,13412.29
1341301,13413.01
1341375,13413.75
1341450,13414.5
1341528,13415.28
1341608,13416.08
1341689,13416.89
1341769,13417.69
1341850,13418.5
1341930,13419.3
1342009,13420.09
1342087,13420.87
1342165,13421.65
1342243,13422.43
1342319,13423.19
1342396,13423.96
1342471,13424.71
1342545,13425.45
1342620,13426.2
1342694,13426.94
1342769,13427.69
1342844,13428.44
1342919,13429.19
1342994,13429.94
1343069,13430.69
1343144,13431.44
1343220,13432.2
1343296,13432.96
1343372,13433.72
1343448,13434.48
1343525,13435.25
1343600,13436.0
1343674,13436.74
1343749,13437.49
1343823,13438.23
1343897,13438.97
1343969,13439.69
1344041,13440.41
1344112,13441.12
1344185,13441.85
1344258,13442.58
1344332,13443.32
1344405,13444.05
1344477,13444.77
1344547,13445.47
1344618,13446.18
1344689,13446.89
1344761,13447.61
1344832,13448.32
1344903,13449.03
1344972,13449.72
1345042,13450.42
1345110,13451.1
1345178,13451.78
1345245,13452.45
1345311,13453.11
1345377,13453.77
1345444,13454.44
1345513,13455.13
1345584,13455.84
1345657,13456.57
1345733,13457.33
1345813,13458.13
1345898,13458.98
1345983,13459.83
1346068,13460.68
1346150,13461.5
1346231,13462.31
1346311,13463.11
1346390,13463.9
1346468,13464.68
1346545,13465.45
1346623,13466.23
1346699,13466.99
1346776,13467.76
1346853,13468.53
1346930,13469.3
1347007,13470.07
1347084,13470.84
1347162,13471.62
1347241,13472.41
1347319,13473.19
1347401,13474.01
1347480,13474.8
1347558,13475.58
1347633,13476.33
1347708,13477.08
1347782,13477.82
1347857,13478.57
1347929,13479.29
1348002,13480.02
1348073,13480.73
1348144,13481.44
1348217,13482.17
1348289,13482.89
1348361,13483.61
1348433,13484.33
1348503,13485.03
1348574,13485.74
1348645,13486.45
1348716,13487.16
1348785,13487.85
1348855,13488.55
1348924,13489.24
1348994,13489.94
1349063,13490.63
1349133,13491.33
1349203,13492.03
1349273,13492.73
1349343,13493.43
1349412,13494.12
1349483,13494.83
1349555,13495.55
1349626,13496.26
1349698,13496.98
1349771,13497.71
1349845,13498.45
1349922,13499.22
1349999,13499.99
1350076,13500.76
1350154,13501.54
1350234,13502.34
1350315,13503.15
1350396,13503.96
1350477,13504.77
1350557,13505.57
1350638,13506.38
1350718,13507.18
1350798,13507.98
1350878,13508.78
1350958,13509.58
1351038,13510.38
1351118,13511.18
1351197,13511.97
1351276,13512.76
1351356,13513.56
1351434,13514.34
1351513,13515.13
1351593,13515.93
1351673,13516.73
1351752,13517.52
1351831,13518.31
1351908,13519.08
1351983,13519.83
1352056,13520.56
1352129,13521.29
1352201,13522.01
1352273,13522.73
1352345,13523.45
1352419,13524.19
1352495,13524.95
1352573,13525.73
1352650,13526.5
1352726,13527.26
1352801,13528.01
1352874,13528.74
1352948,13529.48
1353021,13530.21
1353092,13530.92
1353163,13531.63
1353232,13532.32
1353301,13533.01
1353370,13533.7
1353438,13534.38
1353506,13535.06
1353573,13535.73
1353641,13536.41
1353708,13537.08
1353776,13537.76
1353842,13538.42
1353908,13539.08
1353975,13539.75
1354041,13540.41
1354109,13541.09
1354178,13541.78
1354247,13542.47
1354318,13543.18
1354390,13543.9
1354463,13544.63
1354537,13545.37
1354610,13546.1
1354682,13546.82
1354754,13547.54
1354825,13548.25
1354896,13548.96
1354967,13549.67
1355037,13550.37
1355108,13551.08
1355179,13551.79
1355251,13552.51
1355323,13553.23
1355394,13553.94
1355466,13554.66
1355537,13555.37
1355609,13556.09
1355681,13556.81
1355754,13557.54
1355827,13558.27
1355902,13559.02
1355979,13559.79
1356057,13560.57
1356136,13561.36
1356217,13562.17
1356298,13562.98
1356380,13563.8
1356463,13564.63
1356546,13565.46
1356629,13566.29
1356713,13567.13
1356796,13567.96
1356878,13568.78
1356960,13569.6
1357041,13570.41
1357120,13571.2
1357199,13571.99
1357276,13572.76
1357352,13573.52
1357427,13574.27
1357501,13575.01
1357573,13575.73
1357644,13576.44
1357715,13577.15
1357787,13577.87
1357858,13578.58
1357929,13579.29
1358000,13580.0
1358072,13580.72
1358143,13581.43
1358215,13582.15
1358286,13582.86
1358358,13583.58
1358431,13584.31
1358505,13585.05
1358579,13585.79
1358655,13586.55
1358731,13587.31
1358807,13588.07
1358885,13588.85
1358963,13589.63
1359041,13590.41
1359120,13591.2
1359197,13591.97
1359274,13592.74
1359351,13593.51
1359429,13594.29
1359506,13595.06
1359585,13595.85
1359664,13596.64
1359742,13597.42
1359820,13598.2
1359898,13598.98
1359975,13599.75
1360052,13600.52
1360128,13601.28
1360206,13602.06
1360282,13602.82
1360359,13603.59
1360436,13604.36
1360512,13605.12
1360586,13605.86
1360659,13606.59
1360731,13607.31
1360804,13608.04
1360876,13608.76
1360948,13609.48
1361020,13610.2
1361091,13610.91
1361165,13611.65
1361239,13612.39
1361313,13613.13
1361385,13613.85
1361456,13614.56
1361527,13615.27
1361598,13615.98
1361667,13616.67
1361735,13617.35
1361803,13618.03
1361871,13618.71
1361941,13619.41
1362014,13620.14
1362088,13620.88
1362163,13621.63
1362239,13622.39
1362319,13623.19
1362404,13624.04
1362489,13624.89
1362575,13625.75
1362661,13626.61
1362746,13627.46
1362831,13628.31
1362914,13629.14
1362998,13629.98
1363081,13630.81
1363164,13631.64
1363248,13632.48
1363332,13633.32
1363417,13634.17
1363502,13635.02
1363586,13635.86
1363670,13636.7
1363753,13637.53
1363836,13638.36
1363919,13639.19
1364000,13640.0
1364079,13640.79
1364159,13641.59
1364237,13642.37
1364314,13643.14
1364391,13643.91
1364466,13644.66
1364541,13645.41
1364615,13646.15
1364688,13646.88
1364761,13647.61
1364834,13648.34
1364908,13649.08
1364982,13649.82
1365056,13650.56
1365129,13651.29
1365202,13652.02
1365276,13652.76
1365349,13653.49
1365421,13654.21
1365494,13654.94
1365568,13655.68
1365642,13656.42
1365717,13657.17
1365793,13657.93
1365871,13658.71
1365953,13659.53
1366037,13660.37
1366121,13661.21
1366205,13662.05
1366289,13662.89
1366373,13663.73
1366456,13664.56
1366540,13665.4
1366625,13666.25
1366708,13667.08
1366790,13667.9
1366872,13668.72
1366954,13669.54
1367035,13670.35
1367115,13671.15
1367194,13671.94
1367274,13672.74
1367352,13673.52
1367431,13674.31
1367510,13675.1
1367588,13675.88
1367666,13676.66
1367741,13677.41
1367816,13678.16
1367891,13678.91
1367965,13679.65
1368039,13680.39
1368113,13681.13
1368188,13681.88
1368262,13682.62
1368335,13683.35
1368408,13684.08
1368482,13684.82
1368556,13685.56
1368630,13686.3
1368704,13687.04
1368778,13687.78
1368852,13688.52
1368927,13689.27
1369002,13690.02
1369078,13690.78
1369155,13691.55
1369234,13692.34
1369316,13693.16
1369397,13693.97
1369477,13694.77
1369559,13695.59
1369640,13696.4
1369721,13697.21
1369803,13698.03
1369885,13698.85
1369965,13699.65
1370044,13700.44
1370123,13701.23
1370202,13702.02
1370281,13702.81
1370360,13703.6
1370439,13704.39
1370518,13705.18
1370597,13705.97
1370675,13706.75
1370753,13707.53
1370831,13708.31
1370907,13709.07
1370982,13709.82
1371057,13710.57
1371132,13711.32
1371206,13712.06
1371281,13712.81
1371356,13713.56
1371430,13714.3
1371503,13715.03
1371578,13715.78
1371653,13716.53
1371727,13717.27
1371800,13718.0
1371872,13718.72
1371944,13719.44
1372016,13720.16
1372088,13720.88
1372160,13721.6
1372231,13722.31
1372302,13723.02
1372372,13723.72
1372441,13724.41
1372510,13725.1
1372580,13725.8
1372649,13726.49
1372719,13727.19
1372789,13727.89
1372859,13728.59
1372929,13729.29
1373001,13730.01
1373076,13730.76
1373154,13731.54
1373235,13732.35
1373319,13733.19
1373406,13734.06
1373492,13734.92
1373578,13735.78
1373664,13736.64
1373750,13737.5
1373835,13738.35
1373920,13739.2
1374004,13740.04
1374087,13740.87
1374171,13741.71
1374255,13742.55
1374338,13743.38
1374420,13744.2
1374501,13745.01
1374583,13745.83
1374663,13746.63
1374744,13747.44
1374824,13748.24
1374904,13749.04
1374983,13749.83
1375060,13750.6
1375137,13751.37
1375212,13752.12
1375290,13752.9
1375369,13753.69
1375447,13754.47
1375524,13755.24
1375599,13755.99
1375673,13756.73
1375746,13757.46
1375820,13758.2
1375892,13758.92
1375964,13759.64
1376035,13760.35
1376106,13761.06
1376178,13761.78
1376249,13762.49
1376320,13763.2
1376392,13763.92
1376465,13764.65
1376540,13765.4
1376615,13766.15
1376691,13766.91
1376770,13767.7
1376852,13768.52
1376935,13769.35
1377018,13770.18
1377102,13771.02
1377186,13771.86
1377270,13772.7
1377354,13773.54
1377437,13774.37
1377520,13775.2
1377603,13776.03
1377685,13776.85
1377767,13777.67
1377848,13778.48
1377930,13779.3
1378012,13780.12
1378094,13780.94
1378175,13781.75
1378255,13782.55
1378334,13783.34
1378413,13784.13
1378492,13784.92
1378570,13785.7
1378648,13786.48
1378725,13787.25
1378802,13788.02
1378879,13788.79
1378954,13789.54
1379028,13790.28
1379102,13791.02
1379176,13791.76
1379248,13792.48
1379322,13793.22
1379396,13793.96
1379470,13794.7
1379544,13795.44
1379618,13796.18
1379692,13796.92
1379765,13797.65
1379838,13798.38
1379909,13799.09
1379980,13799.8
1380049,13800.49
1380118,13801.18
1380187,13801.87
1380255,13802.55
1380322,13803.22
1380388,13803.88
1380454,13804.54
1380521,13805.21
1380587,13805.87
1380652,13806.52
1380718,13807.18
1380783,13807.83
1380848,13808.48
1380914,13809.14
1380981,13809.81
1381051,13810.51
1381122,13811.22
1381196,13811.96
1381272,13812.72
1381350,13813.5
1381430,13814.3
1381511,13815.11
1381593,13815.93
1381674,13816.74
1381755,13817.55
1381835,13818.35
1381916,13819.16
1381997,13819.97
1382079,13820.79
1382160,13821.6
1382240,13822.4
1382320,13823.2
1382401,13824.01
1382483,13824.83
1382565,13825.65
1382648,13826.48
1382731,13827.31
1382814,13828.14
1382898,13828.98
1382981,13829.81
1383064,13830.64
1383145,13831.45
1383224,13832.24
1383300,13833.0
1383375,13833.75
1383450,13834.5
1383528,13835.28
1383605,13836.05
1383683,13836.83
1383759,13837.59
1383836,13838.36
1383913,13839.13
1383989,13839.89
1384064,13840.64
1384139,13841.39
1384213,13842.13
1384289,13842.89
1384365,13843.65
1384442,13844.42
1384519,13845.19
1384597,13845.97
1384677,13846.77
1384757,13847.57
1384839,13848.39
1384921,13849.21
1385002,13850.02
1385082,13850.82
1385162,13851.62
1385242,13852.42
1385321,13853.21
1385400,13854.0
1385479,13854.79
1385558,13855.58
1385638,13856.38
1385718,13857.18
1385799,13857.99
1385879,13858.79
1385960,13859.6
1386041,13860.41
1386123,13861.23
1386203,13862.03
1386280,13862.8
1386355,13863.55
1386429,13864.29
1386503,13865.03
1386580,13865.8
1386657,13866.57
1386733,13867.33
1386809,13868.09
1386885,13868.85
1386960,13869.6
1387036,13870.36
1387110,13871.1
1387185,13871.85
1387261,13872.61
1387337,13873.37
1387413,13874.13
1387491,13874.91
1387570,13875.7
1387650,13876.5
1387729,13877.29
1387809,13878.09
1387889,13878.89
1387972,13879.72
1388055,13880.55
1388139,13881.39
1388223,13882.23
1388308,13883.08
1388393,13883.93
1388477,13884.77
1388561,13885.61
1388644,13886.44
1388727,13887.27
1388808,13888.08
1388888,13888.88
1388969,13889.69
1389049,13890.49
1389129,13891.29
1389209,13892.09
1389288,13892.88
1389367,13893.67
1389443,13894.43
1389519,13895.19
1389594,13895.94
1389669,13896.69
1389746,13897.46
1389824,13898.24
1389901,13899.01
1389978,13899.78
1390054,13900.54
1390128,13901.28
1390203,13902.03
1390277,13902.77
1390351,13903.51
1390424,13904.24
1390496,13904.96
1390568,13905.68
1390641,13906.41
1390714,13907.14
1390786,13907.86
1390859,13908.59
1390931,13909.31
1391003,13910.03
1391076,13910.76
1391149,13911.49
1391225,13912.25
1391302,13913.02
1391380,13913.8
1391459,13914.59
1391541,13915.41
1391625,13916.25
1391709,13917.09
1391794,13917.94
1391879,13918.79
1391964,13919.64
1392049,13920.49
1392133,13921.33
1392218,13922.18
1392302,13923.02
1392386,13923.86
1392469,13924.69
1392553,13925.53
1392636,13926.36
1392718,13927.18
1392800,13928.0
1392883,13928.83
1392965,13929.65
1393049,13930.49
1393132,13931.32
1393215,13932.15
1393298,13932.98
1393380,13933.8
1393462,13934.62
1393541,13935.41
1393621,13936.21
1393700,13937.0
1393777,13937.77
1393853,13938.53
1393929,13939.29
1394005,13940.05
1394081,13940.81
1394157,13941.57
1394234,13942.34
1394309,13943.09
1394385,13943.85
1394460,13944.6
1394533,13945.33
1394606,13946.06
1394678,13946.78
1394750,13947.5
1394822,13948.22
1394894,13948.94
1394965,13949.65
1395037,13950.37
1395110,13951.1
1395184,13951.84
1395257,13952.57
1395331,13953.31
1395405,13954.05
1395479,13954.79
1395554,13955.54
1395631,13956.31
1395710,13957.1
1395793,13957.93
1395878,13958.78
1395963,13959.63
1396050,13960.5
1396136,13961.36
1396224,13962.24
1396310,13963.1
1396397,13963.97
1396484,13964.84
1396569,13965.69
1396654,13966.54
1396738,13967.38
1396821,13968.21
1396902,13969.02
1396983,13969.83
1397063,13970.63
1397143,13971.43
1397221,13972.21
1397298,13972.98
1397376,13973.76
1397454,13974.54
1397533,13975.33
1397611,13976.11
1397689,13976.89
1397767,13977.67
1397844,13978.44
1397921,13979.21
1397998,13979.98
1398075,13980.75
1398151,13981.51
1398226,13982.26
1398300,13983.0
1398374,13983.74
1398448,13984.48
1398524,13985.24
1398601,13986.01
1398678,13986.78
1398755,13987.55
1398830,13988.3
1398905,13989.05
1398977,13989.77
1399049,13990.49
1399120,13991.2
1399191,13991.91
1399262,13992.62
1399332,13993.32
1399404,13994.04
1399478,13994.78
1399551,13995.51
1399624,13996.24
1399698,13996.98
1399775,13997.75
1399853,13998.53
1399932,13999.32
1400013,14000.13
1400097,14000.97
1400181,14001.81
1400267,14002.67
1400353,14003.53
1400438,14004.38
1400524,14005.24
1400611,14006.11
1400698,14006.98
1400785,14007.85
1400871,14008.71
1400956,14009.56
1401041,14010.41
1401126,14011.26
1401211,14012.11
1401296,14012.96
1401381,14013.81
1401465,14014.65
1401548,14015.48
1401631,14016.31
1401713,14017.13
1401795,14017.95
1401876,14018.76
1401957,14019.57
1402037,14020.37
1402115,14021.15
1402194,14021.94
1402272,14022.72
1402349,14023.49
1402425,14024.25
1402501,14025.01
1402578,14025.78
1402654,14026.54
1402730,14027.3
1402805,14028.05
1402880,14028.8
1402954,14029.54
1403029,14030.29
1403102,14031.02
1403176,14031.76
1403250,14032.5
1403324,14033.24
1403397,14033.97
1403470,14034.7
1403544,14035.44
1403617,14036.17
1403690,14036.9
1403763,14037.63
1403836,14038.36
1403912,14039.12
1403987,14039.87
1404064,14040.64
1404142,14041.42
1404222,14042.22
1404303,14043.03
1404386,14043.86
1404471,14044.71
1404555,14045.55
1404641,14046.41
1404727,14047.27
1404812,14048.12
1404897,14048.97
1404983,14049.83
1405068,14050.68
1405154,14051.54
1405239,14052.39
1405324,14053.24
1405410,14054.1
1405494,14054.94
1405579,14055.79
1405663,14056.63
1405745,14057.45
1405827,14058.27
1405908,14059.08
1405988,14059.88
1406067,14060.67
1406145,14061.45
1406223,14062.23
1406301,14063.01
1406379,14063.79
1406456,14064.56
1406532,14065.32
1406607,14066.07
1406681,14066.81
1406757,14067.57
1406833,14068.33
1406908,14069.08
1406983,14069.83
1407058,14070.58
1407133,14071.33
1407206,14072.06
1407279,14072.79
1407350,14073.5
1407422,14074.22
1407493,14074.93
1407564,14075.64
1407635,14076.35
1407707,14077.07
1407779,14077.79
1407852,14078.52
1407924,14079.24
1407996,14079.96
1408070,14080.7
1408145,14081.45
1408220,14082.2
1408296,14082.96
1408374,14083.74
1408455,14084.55
1408536,14085.36
1408618,14086.18
1408699,14086.99
1408780,14087.8
1408863,14088.63
1408946,14089.46
1409030,14090.3
1409113,14091.13
1409195,14091.95
1409278,14092.78
1409360,14093.6
1409441,14094.41
1409523,14095.23
1409605,14096.05
1409687,14096.87
1409769,14097.69
1409850,14098.5
1409930,14099.3
1410010,14100.1
1410089,14100.89
1410168,14101.68
1410247,14102.47
1410325,14103.25
1410402,14104.02
1410478,14104.78
1410553,14105.53
1410630,14106.3
1410707,14107.07
1410786,14107.86
1410865,14108.65
1410942,14109.42
1411018,14110.18
1411095,14110.95
1411171,14111.71
1411249,14112.49
1411326,14113.26
1411401,14114.01
1411476,14114.76
1411551,14115.51
1411625,14116.25
1411698,14116.98
1411769,14117.69
1411840,14118.4
1411910,14119.1
1411980,14119.8
1412050,14120.5
1412120,14121.2
1412189,14121.89
1412259,14122.59
1412328,14123.28
1412397,14123.97
1412465,14124.65
1412534,14125.34
1412604,14126.04
1412675,14126.75
1412748,14127.48
1412821,14128.21
1412897,14128.97
1412976,14129.76
1413057,14130.57
1413142,14131.42
1413227,14132.27
1413314,14133.14
1413402,14134.02
1413491,14134.91
1413581,14135.81
1413670,14136.7
1413758,14137.58
1413845,14138.45
1413932,14139.32
1414017,14140.17
1414100,14141.0
1414183,14141.83
1414264,14142.64
1414343,14143.43
1414422,14144.22
1414499,14144.99
1414575,14145.75
1414650,14146.5
1414726,14147.26
1414801,14148.01
1414876,14148.76
1414951,14149.51
1415027,14150.27
1415104,14151.04
1415180,14151.8
1415256,14152.56
1415331,14153.31
1415406,14154.06
1415483,14154.83
1415560,14155.6
1415636,14156.36
1415711,14157.11
1415784,14157.84
1415856,14158.56
1415928,14159.28
1416000,14160.0
1416071,14160.71
1416142,14161.42
1416212,14162.12
1416283,14162.83
1416355,14163.55
1416427,14164.27
1416499,14164.99
1416572,14165.72
1416647,14166.47
1416724,14167.24
1416802,14168.02
1416882,14168.82
1416964,14169.64
1417049,14170.49
1417137,14171.37
1417226,14172.26
1417314,14173.14
1417403,14174.03
1417491,14174.91
1417578,14175.78
1417664,14176.64
1417750,14177.5
1417835,14178.35
1417920,14179.2
1418005,14180.05
1418089,14180.89
1418173,14181.73
1418257,14182.57
1418340,14183.4
1418422,14184.22
1418504,14185.04
1418583,14185.83
1418660,14186.6
1418736,14187.36
1418810,14188.1
1418883,14188.83
1418956,14189.56
1419029,14190.29
1419106,14191.06
1419185,14191.85
1419264,14192.64
1419343,14193.43
1419421,14194.21
1419500,14195.0
1419579,14195.79
1419657,14196.57
1419735,14197.35
1419812,14198.12
1419889,14198.89
1419966,14199.66
1420044,14200.44
1420121,14201.21
1420199,14201.99
1420276,14202.76
1420354,14203.54
1420435,14204.35
1420517,14205.17
1420599,14205.99
1420681,14206.81
1420764,14207.64
1420847,14208.47
1420931,14209.31
1421013,14210.13
1421095,14210.95
1421175,14211.75
1421254,14212.54
1421333,14213.33
1421412,14214.12
1421490,14214.9
1421568,14215.68
1421645,14216.45
1421721,14217.21
1421796,14217.96
1421871,14218.71
1421945,14219.45
1422021,14220.21
1422097,14220.97
1422172,14221.72
1422247,14222.47
1422322,14223.22
1422397,14223.97
1422472,14224.72
1422547,14225.47
1422621,14226.21
1422694,14226.94
1422765,14227.65
1422836,14228.36
1422907,14229.07
1422979,14229.79
1423049,14230.49
1423120,14231.2
1423191,14231.91
1423262,14232.62
1423333,14233.33
1423404,14234.04
1423477,14234.77
1423553,14235.53
1423628,14236.28
1423704,14237.04
1423781,14237.81
1423861,14238.61
1423944,14239.44
1424027,14240.27
1424113,14241.13
1424200,14242.0
1424286,14242.86
1424373,14243.73
1424459,14244.59
1424544,14245.44
1424628,14246.28
1424710,14247.1
1424792,14247.92
1424873,14248.73
1424953,14249.53
1425033,14250.33
1425113,14251.13
1425192,14251.92
1425272,14252.72
1425353,14253.53
1425434,14254.34
1425514,14255.14
1425594,14255.94
1425673,14256.73
1425753,14257.53
1425831,14258.31
1425910,14259.1
1425988,14259.88
1426067,14260.67
1426146,14261.46
1426223,14262.23
1426300,14263.0
1426375,14263.75
1426451,14264.51
1426528,14265.28
1426605,14266.05
1426682,14266.82
1426758,14267.58
1426833,14268.33
1426906,14269.06
1426978,14269.78
1427049,14270.49
1427119,14271.19
1427190,14271.9
1427259,14272.59
1427328,14273.28
1427396,14273.96
1427463,14274.63
1427530,14275.3
1427596,14275.96
1427662,14276.62
1427729,14277.29
1427795,14277.95
1427862,14278.62
1427929,14279.29
1427996,14279.96
1428064,14280.64
1428132,14281.32
1428200,14282.0
1428268,14282.68
1428336,14283.36
1428404,14284.04
1428471,14284.71
1428537,14285.37
1428604,14286.04
1428670,14286.7
1428737,14287.37
1428806,14288.06
1428874,14288.74
1428941,14289.41
1429009,14290.09
1429076,14290.76
1429143,14291.43
1429211,14292.11
1429280,14292.8
1429350,14293.5
1429422,14294.22
1429498,14294.98
1429577,14295.77
1429656,14296.56
1429734,14297.34
1429812,14298.12
1429889,14298.89
1429965,14299.65
1430040,14300.4
1430116,14301.16
1430191,14301.91
1430267,14302.67
1430343,14303.43
1430419,14304.19
1430497,14304.97
1430576,14305.76
1430655,14306.55
1430734,14307.34
1430812,14308.12
1430890,14308.9
1430966,14309.66
1431041,14310.41
1431116,14311.16
1431192,14311.92
1431269,14312.69
1431346,14313.46
1431424,14314.24
1431501,14315.01
1431577,14315.77
1431652,14316.52
1431727,14317.27
1431802,14318.02
1431877,14318.77
1431953,14319.53
1432029,14320.29
1432104,14321.04
1432178,14321.78
1432252,14322.52
1432327,14323.27
1432403,14324.03
1432479,14324.79
1432556,14325.56
1432631,14326.31
1432705,14327.05
1432780,14327.8
1432854,14328.54
1432929,14329.29
1433004,14330.04
1433079,14330.79
1433153,14331.53
1433226,14332.26
1433300,14333.0
1433373,14333.73
1433447,14334.47
1433522,14335.22
1433596,14335.96
1433670,14336.7
1433745,14337.45
1433820,14338.2
1433896,14338.96
1433972,14339.72
1434048,14340.48
1434124,14341.24
1434199,14341.99
1434274,14342.74
1434351,14343.51
1434427,14344.27
1434503,14345.03
1434577,14345.77
1434651,14346.51
1434724,14347.24
1434798,14347.98
1434872,14348.72
1434947,14349.47
1435020,14350.2
1435094,14350.94
1435168,14351.68
1435241,14352.41
1435315,14353.15
1435391,14353.91
1435466,14354.66
1435541,14355.41
1435614,14356.14
1435687,14356.87
1435760,14357.6
1435834,14358.34
1435908,14359.08
1435981,14359.81
1436054,14360.54
1436127,14361.27
1436201,14362.01
1436274,14362.74
1436348,14363.48
1436420,14364.2
1436493,14364.93
1436566,14365.66
1436640,14366.4
1436714,14367.14
1436789,14367.89
1436864,14368.64
1436939,14369.39
1437015,14370.15
1437090,14370.9
1437167,14371.67
1437243,14372.43
1437320,14373.2
1437396,14373.96
1437472,14374.72
1437549,14375.49
1437627,14376.27
1437705,14377.05
1437782,14377.82
1437859,14378.59
1437934,14379.34
1438008,14380.08
1438083,14380.83
1438158,14381.58
1438233,14382.33
1438309,14383.09
1438383,14383.83
1438456,14384.56
1438529,14385.29
1438602,14386.02
1438676,14386.76
1438749,14387.49
1438822,14388.22
1438894,14388.94
1438967,14389.67
1439040,14390.4
1439113,14391.13
1439186,14391.86
1439260,14392.6
1439335,14393.35
1439410,14394.1
1439487,14394.87
1439564,14395.64
1439640,14396.4
1439718,14397.18
1439796,14397.96
1439876,14398.76
1439955,14399.55
1440034,14400.34
1440113,14401.13
1440191,14401.91
1440268,14402.68
1440344,14403.44
1440420,14404.2
1440496,14404.96
1440571,14405.71
1440647,14406.47
1440722,14407.22
1440797,14407.97
1440875,14408.75
1440953,14409.53
1441030,14410.3
1441106,14411.06
1441180,14411.8
1441254,14412.54
1441327,14413.27
1441399,14413.99
1441471,14414.71
1441544,14415.44
1441616,14416.16
1441690,14416.9
1441765,14417.65
1441840,14418.4
1441915,14419.15
1441989,14419.89
1442064,14420.64
1442138,14421.38
1442213,14422.13
1442289,14422.89
1442363,14423.63
1442438,14424.38
1442514,14425.14
1442591,14425.91
1442668,14426.68
1442746,14427.46
1442823,14428.23
1442899,14428.99
1442975,14429.75
1443050,14430.5
1443127,14431.27
1443204,14432.04
1443280,14432.8
1443356,14433.56
1443432,14434.32
1443508,14435.08
1443584,14435.84
1443661,14436.61
1443739,14437.39
1443814,14438.14
1443889,14438.89
1443964,14439.64
1444038,14440.38
1444111,14441.11
1444184,14441.84
1444257,14442.57
1444330,14443.3
1444402,14444.02
1444475,14444.75
1444550,14445.5
1444624,14446.24
1444699,14446.99
1444773,14447.73
1444847,14448.47
1444923,14449.23
1445000,14450.0
1445077,14450.77
1445153,14451.53
1445228,14452.28
1445303,14453.03
1445377,14453.77
1445453,14454.53
1445528,14455.28
1445602,14456.02
1445677,14456.77
1445752,14457.52
1445828,14458.28
1445904,14459.04
1445979,14459.79
1446053,14460.53
1446127,14461.27
1446202,14462.02
1446278,14462.78
1446354,14463.54
1446430,14464.3
1446506,14465.06
1446583,14465.83
1446662,14466.62
1446741,14467.41
1446821,14468.21
1446898,14468.98
1446976,14469.76
1447053,14470.53
1447131,14471.31
1447209,14472.09
1447286,14472.86
1447363,14473.63
1447439,14474.39
1447516,14475.16
1447593,14475.93
1447670,14476.7
1447745,14477.45
1447820,14478.2
1447894,14478.94
1447969,14479.69
1448044,14480.44
1448118,14481.18
1448191,14481.91
1448263,14482.63
1448336,14483.36
1448409,14484.09
1448482,14484.82
1448556,14485.56
1448629,14486.29
1448701,14487.01
1448774,14487.74
1448846,14488.46
1448921,14489.21
1448997,14489.97
1449073,14490.73
1449149,14491.49
1449225,14492.25
1449302,14493.02
1449379,14493.79
1449456,14494.56
1449533,14495.33
1449609,14496.09
1449684,14496.84
1449760,14497.6
1449836,14498.36
1449913,14499.13
1449990,14499.9
1450066,14500.66
1450142,14501.42
1450219,14502.19
1450296,14502.96
1450373,14503.73
1450449,14504.49
1450524,14505.24
1450600,14506.0
1450676,14506.76
1450752,14507.52
1450828,14508.28
1450904,14509.04
1450978,14509.78
1451052,14510.52
1451128,14511.28
1451205,14512.05
1451282,14512.82
1451358,14513.58
1451434,14514.34
1451511,14515.11
1451588,14515.88
1451666,14516.66
1451743,14517.43
1451819,14518.19
1451896,14518.96
1451975,14519.75
1452054,14520.54
1452133,14521.33
1452212,14522.12
1452289,14522.89
1452364,14523.64
1452441,14524.41
1452517,14525.17
1452595,14525.95
1452672,14526.72
1452748,14527.48
1452823,14528.23
1452899,14528.99
1452976,14529.76
1453053,14530.53
1453129,14531.29
1453205,14532.05
1453281,14532.81
1453357,14533.57
1453434,14534.34
1453512,14535.12
1453588,14535.88
1453663,14536.63
1453740,14537.4
1453816,14538.16
1453893,14538.93
1453969,14539.69
1454045,14540.45
1454122,14541.22
1454199,14541.99
1454277,14542.77
1454352,14543.52
1454428,14544.28
1454505,14545.05
1454581,14545.81
1454659,14546.59
1454736,14547.36
1454811,14548.11
1454887,14548.87
1454963,14549.63
1455039,14550.39
1455116,14551.16
1455192,14551.92
1455267,14552.67
1455342,14553.42
1455418,14554.18
1455494,14554.94
1455570,14555.7
1455645,14556.45
1455720,14557.2
1455795,14557.95
1455871,14558.71
1455948,14559.48
1456024,14560.24
1456100,14561.0
1456174,14561.74
1456248,14562.48
1456323,14563.23
1456399,14563.99
1456475,14564.75
1456550,14565.5
1456624,14566.24
1456698,14566.98
1456773,14567.73
1456848,14568.48
1456925,14569.25
1457000,14570.0
1457076,14570.76
1457152,14571.52
1457229,14572.29
1457307,14573.07
1457385,14573.85
1457462,14574.62
1457538,14575.38
1457615,14576.15
1457692,14576.92
1457770,14577.7
1457847,14578.47
1457923,14579.23
1457998,14579.98
1458074,14580.74
1458151,14581.51
1458228,14582.28
1458305,14583.05
1458381,14583.81
1458457,14584.57
1458533,14585.33
1458610,14586.1
1458687,14586.87
1458764,14587.64
1458840,14588.4
1458917,14589.17
1458993,14589.93
1459070,14590.7
1459147,14591.47
1459223,14592.23
1459298,14592.98
1459374,14593.74
1459450,14594.5
1459527,14595.27
1459602,14596.02
1459677,14596.77
1459752,14597.52
1459827,14598.27
1459902,14599.02
1459978,14599.78
1460052,14600.52
1460125,14601.25
1460200,14602.0
1460275,14602.75
1460351,14603.51
1460426,14604.26
1460500,14605.0
1460574,14605.74
1460647,14606.47
1460721,14607.21
1460797,14607.97
1460872,14608.72
1460946,14609.46
1461022,14610.22
1461098,14610.98
1461176,14611.76
1461254,14612.54
1461331,14613.31
1461408,14614.08
1461485,14614.85
1461564,14615.64
1461641,14616.41
1461718,14617.18
1461794,14617.94
1461870,14618.7
1461946,14619.46
1462023,14620.23
1462101,14621.01
1462178,14621.78
1462255,14622.55
1462332,14623.32
1462410,14624.1
1462487,14624.87
1462565,14625.65
1462640,14626.4
1462715,14627.15
1462789,14627.89
1462864,14628.64
1462939,14629.39
1463014,14630.14
1463089,14630.89
1463163,14631.63
1463237,14632.37
1463312,14633.12
1463386,14633.86
1463462,14634.62
1463536,14635.36
1463610,14636.1
1463685,14636.85
1463760,14637.6
1463836,14638.36
1463912,14639.12
1463988,14639.88
1464063,14640.63
1464140,14641.4
1464217,14642.17
1464293,14642.93
1464370,14643.7
1464446,14644.46
1464522,14645.22
1464598,14645.98
1464675,14646.75
1464751,14647.51
1464826,14648.26
1464901,14649.01
1464978,14649.78
1465055,14650.55
1465132,14651.32
1465208,14652.08
1465284,14652.84
1465360,14653.6
1465436,14654.36
1465512,14655.12
1465587,14655.87
1465662,14656.62
1465737,14657.37
1465812,14658.12
1465889,14658.89
1465965,14659.65
1466041,14660.41
1466117,14661.17
1466192,14661.92
1466269,14662.69
1466347,14663.47
1466423,14664.23
1466499,14664.99
1466574,14665.74
1466650,14666.5
1466726,14667.26
1466801,14668.01
1466876,14668.76
1466951,14669.51
1467027,14670.27
1467102,14671.02
1467178,14671.78
1467253,14672.53
1467327,14673.27
1467402,14674.02
1467478,14674.78
1467554,14675.54
1467631,14676.31
1467706,14677.06
1467781,14677.81
1467856,14678.56
1467932,14679.32
1468008,14680.08
1468083,14680.83
1468158,14681.58
1468234,14682.34
1468310,14683.1
1468387,14683.87
1468462,14684.62
1468537,14685.37
1468612,14686.12
1468687,14686.87
1468762,14687.62
1468838,14688.38
1468914,14689.14
1468989,14689.89
1469064,14690.64
1469140,14691.4
1469216,14692.16
1469293,14692.93
1469369,14693.69
1469445,14694.45
1469521,14695.21
1469597,14695.97
1469672,14696.72
1469748,14697.48
1469824,14698.24
1469899,14698.99
1469973,14699.73
1470048,14700.48
1470122,14701.22
1470198,14701.98
1470272,14702.72
1470346,14703.46
1470422,14704.22
1470498,14704.98
1470575,14705.75
1470652,14706.52
1470729,14707.29
1470806,14708.06
1470882,14708.82
1470959,14709.59
1471037,14710.37
1471114,14711.14
1471190,14711.9
1471265,14712.65
1471341,14713.41
1471417,14714.17
1471493,14714.93
1471568,14715.68
1471643,14716.43
1471718,14717.18
1471794,14717.94
1471870,14718.7
1471946,14719.46
1472022,14720.22
1472097,14720.97
1472172,14721.72
1472248,14722.48
1472324,14723.24
1472399,14723.99
1472473,14724.73
1472547,14725.47
1472622,14726.22
1472698,14726.98
1472773,14727.73
1472847,14728.47
1472920,14729.2
1472994,14729.94
1473069,14730.69
1473145,14731.45
1473222,14732.22
1473300,14733.0
1473376,14733.76
1473453,14734.53
1473530,14735.3
1473610,14736.1
1473689,14736.89
1473767,14737.67
1473844,14738.44
1473919,14739.19
1473995,14739.95
1474070,14740.7
1474145,14741.45
1474222,14742.22
1474299,14742.99
1474375,14743.75
1474452,14744.52
1474529,14745.29
1474607,14746.07
1474683,14746.83
1474759,14747.59
1474834,14748.34
1474911,14749.11
1474989,14749.89
1475066,14750.66
1475141,14751.41
1475216,14752.16
1475292,14752.92
1475369,14753.69
1475445,14754.45
1475522,14755.22
1475598,14755.98
1475675,14756.75
1475750,14757.5
1475825,14758.25
1475899,14758.99
1475971,14759.71
1476044,14760.44
1476117,14761.17
1476192,14761.92
1476266,14762.66
1476341,14763.41
1476416,14764.16
1476492,14764.92
1476569,14765.69
1476647,14766.47
1476723,14767.23
1476801,14768.01
1476876,14768.76
1476950,14769.5
1477023,14770.23
1477096,14770.96
1477167,14771.67
1477237,14772.37
1477307,14773.07
1477376,14773.76
1477445,14774.45
1477514,14775.14
1477583,14775.83
1477650,14776.5
1477718,14777.18
1477785,14777.85
1477852,14778.52
1477918,14779.18
1477984,14779.84
1478051,14780.51
1478118,14781.18
1478184,14781.84
1478250,14782.5
1478316,14783.16
1478381,14783.81
1478446,14784.46
1478511,14785.11
1478575,14785.75
1478639,14786.39
1478703,14787.03
1478766,14787.66
1478829,14788.29
1478893,14788.93
1478957,14789.57
1479021,14790.21
1479088,14790.88
1479157,14791.57
1479229,14792.29
1479302,14793.02
1479377,14793.77
1479454,14794.54
1479531,14795.31
1479608,14796.08
1479686,14796.86
1479763,14797.63
1479842,14798.42
1479921,14799.21
1479999,14799.99
1480077,14800.77
1480155,14801.55
1480233,14802.33
1480311,14803.11
1480387,14803.87
1480462,14804.62
1480536,14805.36
1480608,14806.08
1480679,14806.79
1480751,14807.51
1480823,14808.23
1480896,14808.96
1480969,14809.69
1481042,14810.42
1481114,14811.14
1481188,14811.88
1481262,14812.62
1481334,14813.34
1481405,14814.05
1481476,14814.76
1481548,14815.48
1481620,14816.2
1481693,14816.93
1481767,14817.67
1481840,14818.4
1481915,14819.15
1481990,14819.9
1482067,14820.67
1482145,14821.45
1482224,14822.24
1482303,14823.03
1482381,14823.81
1482458,14824.58
1482535,14825.35
1482613,14826.13
1482691,14826.91
1482769,14827.69
1482847,14828.47
1482926,14829.26
1483004,14830.04
1483083,14830.83
1483161,14831.61
1483238,14832.38
1483314,14833.14
1483388,14833.88
1483461,14834.61
1483534,14835.34
1483605,14836.05
1483677,14836.77
1483750,14837.5
1483824,14838.24
1483897,14838.97
1483970,14839.7
1484043,14840.43
1484117,14841.17
1484190,14841.9
1484263,14842.63
1484337,14843.37
1484409,14844.09
1484482,14844.82
1484555,14845.55
1484627,14846.27
1484700,14847.0
1484773,14847.73
1484847,14848.47
1484921,14849.21
1484996,14849.96
1485070,14850.7
1485144,14851.44
1485218,14852.18
1485291,14852.91
1485365,14853.65
1485439,14854.39
1485513,14855.13
1485586,14855.86
1485659,14856.59
1485732,14857.32
1485805,14858.05
1485878,14858.78
1485951,14859.51
1486024,14860.24
1486097,14860.97
1486168,14861.68
1486240,14862.4
1486311,14863.11
1486382,14863.82
1486453,14864.53
1486523,14865.23
1486594,14865.94
1486663,14866.63
1486733,14867.33
1486802,14868.02
1486869,14868.69
1486936,14869.36
1487003,14870.03
1487070,14870.7
1487138,14871.38
1487209,14872.09
1487282,14872.82
1487357,14873.57
1487433,14874.33
1487514,14875.14
1487598,14875.98
1487683,14876.83
1487766,14877.66
1487848,14878.48
1487928,14879.28
1488009,14880.09
1488090,14880.9
1488171,14881.71
1488253,14882.53
1488335,14883.35
1488418,14884.18
1488500,14885.0
1488581,14885.81
1488662,14886.62
1488742,14887.42
1488820,14888.2
1488897,14888.97
1488975,14889.75
1489053,14890.53
1489132,14891.32
1489211,14892.11
1489292,14892.92
1489372,14893.72
1489452,14894.52
1489531,14895.31
1489609,14896.09
1489687,14896.87
1489763,14897.63
1489838,14898.38
1489912,14899.12
1489986,14899.86
1490059,14900.59
1490131,14901.31
1490205,14902.05
1490280,14902.8
1490355,14903.55
1490429,14904.29
1490502,14905.02
1490577,14905.77
1490651,14906.51
1490724,14907.24
1490798,14907.98
1490870,14908.7
1490944,14909.44
1491019,14910.19
1491095,14910.95
1491171,14911.71
1491247,14912.47
1491325,14913.25
1491405,14914.05
1491487,14914.87
1491569,14915.69
1491651,14916.51
1491734,14917.34
1491818,14918.18
1491900,14919.0
1491982,14919.82
1492064,14920.64
1492145,14921.45
1492225,14922.25
1492305,14923.05
1492383,14923.83
1492461,14924.61
1492538,14925.38
1492614,14926.14
1492691,14926.91
1492767,14927.67
1492841,14928.41
1492915,14929.15
1492988,14929.88
1493060,14930.6
1493131,14931.31
1493203,14932.03
1493275,14932.75
1493349,14933.49
1493425,14934.25
1493500,14935.0
1493574,14935.74
1493648,14936.48
1493722,14937.22
1493797,14937.97
1493870,14938.7
1493942,14939.42
1494012,14940.12
1494082,14940.82
1494151,14941.51
1494218,14942.18
1494286,14942.86
1494353,14943.53
1494419,14944.19
1494485,14944.85
1494552,14945.52
1494619,14946.19
1494687,14946.87
1494756,14947.56
1494826,14948.26
1494897,14948.97
1494970,14949.7
1495043,14950.43
1495119,14951.19
1495197,14951.97
1495277,14952.77
1495357,14953.57
1495438,14954.38
1495518,14955.18
1495600,14956.0
1495681,14956.81
1495764,14957.64
1495845,14958.45
1495926,14959.26
1496006,14960.06
1496086,14960.86
1496163,14961.63
1496240,14962.4
1496316,14963.16
1496392,14963.92
1496469,14964.69
1496547,14965.47
1496626,14966.26
1496706,14967.06
1496787,14967.87
1496868,14968.68
1496950,14969.5
1497031,14970.31
1497111,14971.11
1497191,14971.91
1497269,14972.69
1497347,14973.47
1497424,14974.24
1497502,14975.02
1497577,14975.77
1497653,14976.53
1497728,14977.28
1497804,14978.04
1497880,14978.8
1497956,14979.56
1498032,14980.32
1498107,14981.07
1498182,14981.82
1498255,14982.55
1498327,14983.27
1498398,14983.98
1498469,14984.69
1498538,14985.38
1498608,14986.08
1498679,14986.79
1498750,14987.5
1498820,14988.2
1498890,14988.9
1498960,14989.6
1499031,14990.31
1499102,14991.02
1499173,14991.73
1499244,14992.44
1499316,14993.16
1499389,14993.89
1499464,14994.64
1499541,14995.41
1499619,14996.19
1499697,14996.97
1499779,14997.79
1499862,14998.62
1499946,14999.46
1500029,15000.29
1500113,15001.13
1500196,15001.96
1500278,15002.78
1500359,15003.59
1500438,15004.38
1500517,15005.17
1500595,15005.95
1500673,15006.73
1500750,15007.5
1500827,15008.27
1500905,15009.05
1500982,15009.82
1501058,15010.58
1501134,15011.34
1501210,15012.1
1501285,15012.85
1501361,15013.61
1501436,15014.36
1501510,15015.1
1501584,15015.84
1501657,15016.57
1501729,15017.29
1501801,15018.01
1501873,15018.73
1501946,15019.46
1502020,15020.2
1502094,15020.94
1502167,15021.67
1502240,15022.4
1502311,15023.11
1502382,15023.82
1502453,15024.53
1502525,15025.25
1502596,15025.96
1502665,15026.65
1502734,15027.34
1502804,15028.04
1502873,15028.73
1502943,15029.43
1503011,15030.11
1503079,15030.79
1503147,15031.47
1503215,15032.15
1503282,15032.82
1503349,15033.49
1503417,15034.17
1503484,15034.84
1503551,15035.51
1503619,15036.19
1503687,15036.87
1503754,15037.54
1503821,15038.21
1503890,15038.9
1503961,15039.61
1504034,15040.34
1504109,15041.09
1504187,15041.87
1504266,15042.66
1504345,15043.45
1504422,15044.22
1504496,15044.96
1504568,15045.68
1504641,15046.41
1504712,15047.12
1504782,15047.82
1504852,15048.52
1504922,15049.22
1504991,15049.91
1505060,15050.6
1505129,15051.29
1505197,15051.97
1505266,15052.66
1505335,15053.35
1505404,15054.04
1505473,15054.73
1505542,15055.42
1505611,15056.11
1505680,15056.8
1505750,15057.5
1505821,15058.21
1505892,15058.92
1505964,15059.64
1506037,15060.37
1506111,15061.11
1506186,15061.86
1506263,15062.63
1506342,15063.42
1506421,15064.21
1506502,15065.02
1506583,15065.83
1506664,15066.64
1506743,15067.43
1506822,15068.22
1506900,15069.0
1506978,15069.78
1507054,15070.54
1507128,15071.28
1507202,15072.02
1507276,15072.76
1507350,15073.5
1507423,15074.23
1507496,15074.96
1507568,15075.68
1507640,15076.4
1507711,15077.11
1507783,15077.83
1507855,15078.55
1507926,15079.26
1507997,15079.97
1508068,15080.68
1508141,15081.41
1508213,15082.13
1508287,15082.87
1508360,15083.6
1508435,15084.35
1508511,15085.11
1508588,15085.88
1508666,15086.66
1508743,15087.43
1508821,15088.21
1508897,15088.97
1508973,15089.73
1509050,15090.5
1509126,15091.26
1509203,15092.03
1509279,15092.79
1509355,15093.55
1509432,15094.32
1509508,15095.08
1509584,15095.84
1509659,15096.59
1509735,15097.35
1509811,15098.11
1509887,15098.87
1509963,15099.63
1510038,15100.38
1510111,15101.11
1510183,15101.83
1510255,15102.55
1510325,15103.25
1510397,15103.97
1510469,15104.69
1510542,15105.42
1510614,15106.14
1510686,15106.86
1510759,15107.59
1510831,15108.31
1510904,15109.04
1510976,15109.76
1511049,15110.49
1511122,15111.22
1511195,15111.95
1511269,15112.69
1511343,15113.43
1511417,15114.17
1511493,15114.93
1511570,15115.7
1511648,15116.48
1511727,15117.27
1511807,15118.07
1511888,15118.88
1511968,15119.68
1512046,15120.46
1512125,15121.25
1512203,15122.03
1512281,15122.81
1512359,15123.59
1512437,15124.37
1512516,15125.16
1512593,15125.93
1512670,15126.7
1512746,15127.46
1512822,15128.22
1512896,15128.96
1512971,15129.71
1513044,15130.44
1513118,15131.18
1513193,15131.93
1513269,15132.69
1513344,15133.44
1513419,15134.19
1513493,15134.93
1513567,15135.67
1513641,15136.41
1513714,15137.14
1513787,15137.87
1513861,15138.61
1513936,15139.36
1514012,15140.12
1514089,15140.89
1514167,15141.67
1514248,15142.48
1514330,15143.3
1514414,15144.14
1514498,15144.98
1514582,15145.82
1514666,15146.66
1514749,15147.49
1514832,15148.32
1514915,15149.15
1514996,15149.96
1515079,15150.79
1515160,15151.6
1515241,15152.41
1515321,15153.21
1515400,15154.0
1515478,15154.78
1515555,15155.55
1515631,15156.31
1515707,15157.07
1515783,15157.83
1515860,15158.6
1515939,15159.39
1516016,15160.16
1516091,15160.91
1516165,15161.65
1516238,15162.38
1516310,15163.1
1516384,15163.84
1516457,15164.57
1516531,15165.31
1516604,15166.04
1516678,15166.78
1516752,15167.52
1516826,15168.26
1516901,15169.01
1516975,15169.75
1517051,15170.51
1517128,15171.28
1517206,15172.06
1517284,15172.84
1517362,15173.62
1517442,15174.42
1517522,15175.22
1517603,15176.03
1517685,15176.85
1517768,15177.68
1517852,15178.52
1517934,15179.34
1518016,15180.16
1518097,15180.97
1518179,15181.79
1518261,15182.61
1518343,15183.43
1518425,15184.25
1518507,15185.07
1518589,15185.89
1518672,15186.72
1518752,15187.52
1518830,15188.3
1518907,15189.07
1518983,15189.83
1519058,15190.58
1519134,15191.34
1519210,15192.1
1519288,15192.88
1519367,15193.67
1519444,15194.44
1519520,15195.2
1519595,15195.95
1519670,15196.7
1519744,15197.44
1519816,15198.16
1519888,15198.88
1519959,15199.59
1520029,15200.29
1520099,15200.99
1520168,15201.68
1520238,15202.38
1520307,15203.07
1520376,15203.76
1520446,15204.46
1520515,15205.15
1520584,15205.84
1520653,15206.53
1520724,15207.24
1520797,15207.97
1520871,15208.71
1520948,15209.48
1521028,15210.28
1521107,15211.07
1521188,15211.88
1521270,15212.7
1521353,15213.53
1521439,15214.39
1521526,15215.26
1521611,15216.11
1521695,15216.95
1521778,15217.78
1521861,15218.61
1521944,15219.44
1522026,15220.26
1522107,15221.07
1522188,15221.88
1522270,15222.7
1522353,15223.53
1522436,15224.36
1522520,15225.2
1522603,15226.03
1522687,15226.87
1522770,15227.7
1522853,15228.53
1522936,15229.36
1523019,15230.19
1523101,15231.01
1523182,15231.82
1523263,15232.63
1523343,15233.43
1523423,15234.23
1523503,15235.03
1523580,15235.8
1523656,15236.56
1523730,15237.3
1523803,15238.03
1523878,15238.78
1523953,15239.53
1524028,15240.28
1524102,15241.02
1524176,15241.76
1524251,15242.51
1524327,15243.27
1524403,15244.03
1524478,15244.78
1524554,15245.54
1524631,15246.31
1524708,15247.08
1524787,15247.87
1524866,15248.66
1524944,15249.44
1525023,15250.23
1525102,15251.02
1525183,15251.83
1525265,15252.65
1525347,15253.47
1525429,15254.29
1525511,15255.11
1525593,15255.93
1525674,15256.74
1525754,15257.54
1525833,15258.33
1525912,15259.12
1525991,15259.91
1526069,15260.69
1526148,15261.48
1526227,15262.27
1526305,15263.05
1526384,15263.84
1526461,15264.61
1526536,15265.36
1526610,15266.1
1526684,15266.84
1526758,15267.58
1526833,15268.33
1526909,15269.09
1526984,15269.84
1527058,15270.58
1527133,15271.33
1527208,15272.08
1527285,15272.85
1527361,15273.61
1527436,15274.36
1527509,15275.09
1527582,15275.82
1527654,15276.54
1527726,15277.26
1527798,15277.98
1527869,15278.69
1527940,15279.4
1528010,15280.1
1528081,15280.81
1528151,15281.51
1528220,15282.2
1528289,15282.89
1528359,15283.59
1528432,15284.32
1528508,15285.08
1528586,15285.86
1528666,15286.66
1528753,15287.53
1528845,15288.45
1528937,15289.37
1529026,15290.26
1529116,15291.16
1529207,15292.07
1529298,15292.98
1529388,15293.88
1529478,15294.78
1529568,15295.68
1529657,15296.57
1529745,15297.45
1529833,15298.33
1529918,15299.18
1530002,15300.02
1530085,15300.85
1530167,15301.67
1530249,15302.49
1530332,15303.32
1530413,15304.13
1530495,15304.95
1530576,15305.76
1530657,15306.57
1530737,15307.37
1530818,15308.18
1530898,15308.98
1530977,15309.77
1531054,15310.54
1531131,15311.31
1531209,15312.09
1531287,15312.87
1531364,15313.64
1531440,15314.4
1531516,15315.16
1531591,15315.91
1531666,15316.66
1531741,15317.41
1531816,15318.16
1531890,15318.9
1531963,15319.63
1532035,15320.35
1532108,15321.08
1532181,15321.81
1532254,15322.54
1532327,15323.27
1532401,15324.01
1532478,15324.78
1532556,15325.56
1532635,15326.35
1532717,15327.17
1532802,15328.02
1532888,15328.88
1532973,15329.73
1533056,15330.56
1533137,15331.37
1533217,15332.17
1533298,15332.98
1533379,15333.79
1533461,15334.61
1533544,15335.44
1533628,15336.28
1533711,15337.11
1533795,15337.95
1533879,15338.79
1533962,15339.62
1534045,15340.45
1534127,15341.27
1534208,15342.08
1534289,15342.89
1534369,15343.69
1534446,15344.46
1534522,15345.22
1534596,15345.96
1534670,15346.7
1534743,15347.43
1534815,15348.15
1534889,15348.89
1534963,15349.63
1535037,15350.37
1535111,15351.11
1535185,15351.85
1535260,15352.6
1535335,15353.35
1535411,15354.11
1535488,15354.88
1535563,15355.63
1535638,15356.38
1535711,15357.11
1535782,15357.82
1535852,15358.52
1535923,15359.23
1535994,15359.94
1536065,15360.65
1536135,15361.35
1536207,15362.07
1536280,15362.8
1536351,15363.51
1536423,15364.23
1536495,15364.95
1536571,15365.71
1536647,15366.47
1536723,15367.23
1536797,15367.97
1536871,15368.71
1536944,15369.44
1537019,15370.19
1537095,15370.95
1537174,15371.74
1537255,15372.55
1537338,15373.38
1537422,15374.22
1537507,15375.07
1537592,15375.92
1537677,15376.77
1537762,15377.62
1537846,15378.46
1537929,15379.29
1538011,15380.11
1538094,15380.94
1538176,15381.76
1538258,15382.58
1538340,15383.4
1538421,15384.21
1538503,15385.03
1538584,15385.84
1538665,15386.65
1538745,15387.45
1538825,15388.25
1538904,15389.04
1538984,15389.84
1539063,15390.63
1539142,15391.42
1539219,15392.19
1539296,15392.96
1539371,15393.71
1539446,15394.46
1539520,15395.2
1539593,15395.93
1539668,15396.68
1539742,15397.42
1539815,15398.15
1539888,15398.88
1539963,15399.63
1540038,15400.38
1540112,15401.12
1540186,15401.86
1540260,15402.6
1540336,15403.36
1540412,15404.12
1540489,15404.89
1540567,15405.67
1540647,15406.47
1540729,15407.29
1540811,15408.11
1540894,15408.94
1540977,15409.77
1541059,15410.59
1541141,15411.41
1541223,15412.23
1541306,15413.06
1541390,15413.9
1541474,15414.74
1541558,15415.58
1541641,15416.41
1541725,15417.25
1541808,15418.08
1541889,15418.89
1541970,15419.7
1542051,15420.51
1542131,15421.31
1542210,15422.1
1542288,15422.88
1542367,15423.67
1542444,15424.44
1542521,15425.21
1542597,15425.97
1542672,15426.72
1542747,15427.47
1542822,15428.22
1542898,15428.98
1542973,15429.73
1543049,15430.49
1543124,15431.24
1543199,15431.99
1543273,15432.73
1543348,15433.48
1543422,15434.22
1543496,15434.96
1543570,15435.7
1543644,15436.44
1543718,15437.18
1543791,15437.91
1543864,15438.64
1543937,15439.37
1544011,15440.11
1544086,15440.86
1544162,15441.62
1544239,15442.39
1544316,15443.16
1544395,15443.95
1544477,15444.77
1544561,15445.61
1544646,15446.46
1544733,15447.33
1544820,15448.2
1544906,15449.06
1544991,15449.91
1545076,15450.76
1545161,15451.61
1545245,15452.45
1545327,15453.27
1545409,15454.09
1545492,15454.92
1545575,15455.75
1545657,15456.57
1545738,15457.38
1545820,15458.2
1545902,15459.02
1545983,15459.83
1546063,15460.63
1546143,15461.43
1546221,15462.21
1546299,15462.99
1546374,15463.74
1546448,15464.48
1546522,15465.22
1546596,15465.96
1546671,15466.71
1546745,15467.45
1546818,15468.18
1546893,15468.93
1546968,15469.68
1547044,15470.44
1547119,15471.19
1547193,15471.93
1547268,15472.68
1547343,15473.43
1547418,15474.18
1547493,15474.93
1547568,15475.68
1547644,15476.44
1547721,15477.21
1547799,15477.99
1547878,15478.78
1547960,15479.6
1548043,15480.43
1548127,15481.27
1548210,15482.1
1548294,15482.94
1548378,15483.78
1548461,15484.61
1548542,15485.42
1548622,15486.22
1548700,15487.0
1548778,15487.78
1548856,15488.56
1548934,15489.34
1549012,15490.12
1549090,15490.9
1549167,15491.67
1549245,15492.45
1549323,15493.23
1549401,15494.01
1549478,15494.78
1549554,15495.54
1549629,15496.29
1549703,15497.03
1549778,15497.78
1549854,15498.54
1549931,15499.31
1550008,15500.08
1550084,15500.84
1550160,15501.6
1550234,15502.34
1550311,15503.11
1550387,15503.87
1550462,15504.62
1550536,15505.36
1550609,15506.09
1550680,15506.8
1550751,15507.51
1550823,15508.23
1550894,15508.94
1550965,15509.65
1551036,15510.36
1551107,15511.07
1551177,15511.77
1551246,15512.46
1551316,15513.16
1551385,15513.85
1551457,15514.57
1551535,15515.35
1551616,15516.16
1551699,15516.99
1551783,15517.83
1551870,15518.7
1551959,15519.59
1552050,15520.5
1552139,15521.39
1552229,15522.29
1552319,15523.19
1552408,15524.08
1552498,15524.98
1552586,15525.86
1552675,15526.75
1552763,15527.63
1552850,15528.5
1552937,15529.37
1553021,15530.21
1553104,15531.04
1553186,15531.86
1553265,15532.65
1553345,15533.45
1553426,15534.26
1553508,15535.08
1553591,15535.91
1553674,15536.74
1553754,15537.54
1553833,15538.33
1553910,15539.1
1553986,15539.86
1554063,15540.63
1554140,15541.4
1554217,15542.17
1554294,15542.94
1554369,15543.69
1554446,15544.46
1554521,15545.21
1554595,15545.95
1554668,15546.68
1554740,15547.4
1554813,15548.13
1554885,15548.85
1554957,15549.57
1555029,15550.29
1555101,15551.01
1555174,15551.74
1555246,15552.46
1555319,15553.19
1555394,15553.94
1555470,15554.7
1555548,15555.48
1555625,15556.25
1555705,15557.05
1555788,15557.88
1555873,15558.73
1555960,15559.6
1556046,15560.46
1556132,15561.32
1556217,15562.17
1556303,15563.03
1556390,15563.9
1556477,15564.77
1556563,15565.63
1556649,15566.49
1556734,15567.34
1556818,15568.18
1556902,15569.02
1556986,15569.86
1557068,15570.68
1557151,15571.51
1557233,15572.33
1557315,15573.15
1557395,15573.95
1557474,15574.74
1557553,15575.53
1557632,15576.32
1557709,15577.09
1557786,15577.86
1557862,15578.62
1557937,15579.37
1558011,15580.11
1558085,15580.85
1558159,15581.59
1558234,15582.34
1558310,15583.1
1558385,15583.85
1558459,15584.59
1558534,15585.34
1558610,15586.1
1558686,15586.86
1558763,15587.63
1558838,15588.38
1558912,15589.12
1558985,15589.85
1559057,15590.57
1559129,15591.29
1559201,15592.01
1559272,15592.72
1559343,15593.43
1559414,15594.14
1559484,15594.84
1559554,15595.54
1559625,15596.25
1559696,15596.96
1559770,15597.7
1559845,15598.45
1559923,15599.23
1560001,15600.01
1560082,15600.82
1560167,15601.67
1560254,15602.54
1560343,15603.43
1560435,15604.35
1560525,15605.25
1560615,15606.15
1560705,15607.05
1560796,15607.96
1560886,15608.86
1560976,15609.76
1561064,15610.64
1561150,15611.5
1561235,15612.35
1561320,15613.2
1561404,15614.04
1561487,15614.87
1561570,15615.7
1561653,15616.53
1561735,15617.35
1561816,15618.16
1561895,15618.95
1561974,15619.74
1562053,15620.53
1562132,15621.32
1562210,15622.1
1562289,15622.89
1562369,15623.69
1562448,15624.48
1562526,15625.26
1562603,15626.03
1562678,15626.78
1562753,15627.53
1562827,15628.27
1562900,15629.0
1562973,15629.73
1563047,15630.47
1563121,15631.21
1563195,15631.95
1563269,15632.69
1563344,15633.44
1563419,15634.19
1563493,15634.93
1563567,15635.67
1563643,15636.43
1563720,15637.2
1563796,15637.96
1563873,15638.73
1563950,15639.5
1564029,15640.29
1564109,15641.09
1564191,15641.91
1564273,15642.73
1564355,15643.55
1564438,15644.38
1564522,15645.22
1564607,15646.07
1564692,15646.92
1564778,15647.78
1564863,15648.63
1564948,15649.48
1565033,15650.33
1565116,15651.16
1565199,15651.99
1565282,15652.82
1565364,15653.64
1565445,15654.45
1565525,15655.25
1565604,15656.04
1565682,15656.82
1565760,15657.6
1565838,15658.38
1565916,15659.16
1565994,15659.94
1566071,15660.71
1566146,15661.46
1566221,15662.21
1566295,15662.95
1566371,15663.71
1566447,15664.47
1566524,15665.24
1566601,15666.01
1566677,15666.77
1566754,15667.54
1566829,15668.29
1566906,15669.06
1566983,15669.83
1567061,15670.61
1567137,15671.37
1567213,15672.13
1567288,15672.88
1567361,15673.61
1567433,15674.33
1567504,15675.04
1567575,15675.75
1567646,15676.46
1567715,15677.15
1567785,15677.85
1567855,15678.55
1567925,15679.25
1567995,15679.95
1568064,15680.64
1568134,15681.34
1568205,15682.05
1568278,15682.78
1568353,15683.53
1568430,15684.3
1568509,15685.09
1568589,15685.89
1568672,15686.72
1568756,15687.56
1568843,15688.43
1568930,15689.3
1569018,15690.18
1569105,15691.05
1569190,15691.9
1569274,15692.74
1569359,15693.59
1569444,15694.44
1569529,15695.29
1569614,15696.14
1569700,15697.0
1569786,15697.86
1569871,15698.71
1569954,15699.54
1570036,15700.36
1570119,15701.19
1570201,15702.01
1570283,15702.83
1570367,15703.67
1570451,15704.51
1570534,15705.34
1570618,15706.18
1570702,15707.02
1570785,15707.85
1570869,15708.69
1570951,15709.51
1571032,15710.32
1571111,15711.11
1571191,15711.91
1571269,15712.69
1571347,15713.47
1571424,15714.24
1571500,15715.0
1571576,15715.76
1571651,15716.51
1571725,15717.25
1571798,15717.98
1571871,15718.71
1571944,15719.44
1572018,15720.18
1572092,15720.92
1572166,15721.66
1572239,15722.39
1572313,15723.13
1572387,15723.87
1572461,15724.61
1572534,15725.34
1572609,15726.09
1572684,15726.84
1572761,15727.61
1572837,15728.37
1572915,15729.15
1572994,15729.94
1573074,15730.74
1573156,15731.56
1573239,15732.39
1573324,15733.24
1573410,15734.1
1573496,15734.96
1573581,15735.81
1573665,15736.65
1573749,15737.49
1573833,15738.33
1573917,15739.17
1574000,15740.0
1574082,15740.82
1574163,15741.63
1574244,15742.44
1574324,15743.24
1574403,15744.03
1574482,15744.82
1574560,15745.6
1574637,15746.37
1574713,15747.13
1574790,15747.9
1574866,15748.66
1574942,15749.42
1575018,15750.18
1575094,15750.94
1575169,15751.69
1575242,15752.42
1575316,15753.16
1575389,15753.89
1575461,15754.61
1575534,15755.34
1575607,15756.07
1575680,15756.8
1575753,15757.53
1575826,15758.26
1575900,15759.0
1575973,15759.73
1576045,15760.45
1576118,15761.18
1576189,15761.89
1576261,15762.61
1576334,15763.34
1576406,15764.06
1576479,15764.79
1576554,15765.54
1576630,15766.3
1576707,15767.07
1576785,15767.85
1576865,15768.65
1576945,15769.45
1577028,15770.28
1577110,15771.1
1577191,15771.91
1577273,15772.73
1577354,15773.54
1577434,15774.34
1577514,15775.14
1577593,15775.93
1577671,15776.71
1577749,15777.49
1577828,15778.28
1577908,15779.08
1577988,15779.88
1578069,15780.69
1578151,15781.51
1578233,15782.33
1578317,15783.17
1578401,15784.01
1578486,15784.86
1578570,15785.7
1578653,15786.53
1578737,15787.37
1578820,15788.2
1578903,15789.03
1578985,15789.85
1579067,15790.67
1579148,15791.48
1579230,15792.3
1579310,15793.1
1579390,15793.9
1579468,15794.68
1579545,15795.45
1579621,15796.21
1579696,15796.96
1579772,15797.72
1579847,15798.47
1579921,15799.21
1579995,15799.95
1580068,15800.68
1580141,15801.41
1580214,15802.14
1580287,15802.87
1580360,15803.6
1580432,15804.32
1580504,15805.04
1580575,15805.75
1580646,15806.46
1580717,15807.17
1580787,15807.87
1580857,15808.57
1580926,15809.26
1580996,15809.96
1581069,15810.69
1581143,15811.43
1581220,15812.2
1581299,15812.99
1581381,15813.81
1581466,15814.66
1581552,15815.52
1581638,15816.38
1581724,15817.24
1581809,15818.09
1581895,15818.95
1581980,15819.8
1582065,15820.65
1582151,15821.51
1582237,15822.37
1582324,15823.24
1582410,15824.1
1582496,15824.96
1582581,15825.81
1582666,15826.66
1582750,15827.5
1582833,15828.33
1582914,15829.14
1582995,15829.95
1583077,15830.77
1583157,15831.57
1583237,15832.37
1583315,15833.15
1583393,15833.93
1583469,15834.69
1583544,15835.44
1583619,15836.19
1583693,15836.93
1583767,15837.67
1583842,15838.42
1583916,15839.16
1583990,15839.9
1584065,15840.65
1584141,15841.41
1584218,15842.18
1584294,15842.94
1584370,15843.7
1584446,15844.46
1584521,15845.21
1584596,15845.96
1584671,15846.71
1584745,15847.45
1584819,15848.19
1584895,15848.95
1584972,15849.72
1585049,15850.49
1585127,15851.27
1585205,15852.05
1585285,15852.85
1585367,15853.67
1585450,15854.5
1585534,15855.34
1585619,15856.19
1585703,15857.03
1585788,15857.88
1585872,15858.72
1585954,15859.54
1586036,15860.36
1586117,15861.17
1586197,15861.97
1586277,15862.77
1586357,15863.57
1586436,15864.36
1586515,15865.15
1586594,15865.94
1586672,15866.72
1586751,15867.51
1586829,15868.29
1586907,15869.07
1586984,15869.84
1587059,15870.59
1587134,15871.34
1587209,15872.09
1587284,15872.84
1587359,15873.59
1587434,15874.34
1587508,15875.08
1587582,15875.82
1587656,15876.56
1587731,15877.31
1587806,15878.06
1587882,15878.82
1587956,15879.56
1588031,15880.31
1588107,15881.07
1588181,15881.81
1588255,15882.55
1588330,15883.3
1588406,15884.06
1588482,15884.82
1588559,15885.59
1588637,15886.37
1588717,15887.17
1588800,15888.0
1588884,15888.84
1588968,15889.68
1589052,15890.52
1589136,15891.36
1589220,15892.2
1589305,15893.05
1589389,15893.89
1589473,15894.73
1589557,15895.57
1589639,15896.39
1589721,15897.21
1589803,15898.03
1589884,15898.84
1589965,15899.65
1590046,15900.46
1590127,15901.27
1590207,15902.07
1590287,15902.87
1590365,15903.65
1590444,15904.44
1590522,15905.22
1590601,15906.01
1590677,15906.77
1590753,15907.53
1590828,15908.28
1590903,15909.03
1590978,15909.78
1591054,15910.54
1591130,15911.3
1591206,15912.06
1591281,15912.81
1591356,15913.56
1591433,15914.33
1591508,15915.08
1591583,15915.83
1591657,15916.57
1591729,15917.29
1591802,15918.02
1591874,15918.74
1591946,15919.46
1592018,15920.18
1592090,15920.9
1592162,15921.62
1592237,15922.37
1592311,15923.11
1592386,15923.86
1592463,15924.63
1592542,15925.42
1592624,15926.24
1592706,15927.06
1592790,15927.9
1592875,15928.75
1592963,15929.63
1593053,15930.53
1593143,15931.43
1593233,15932.33
1593322,15933.22
1593412,15934.12
1593501,15935.01
1593590,15935.9
1593679,15936.79
1593766,15937.66
1593853,15938.53
1593939,15939.39
1594024,15940.24
1594110,15941.1
1594195,15941.95
1594279,15942.79
1594363,15943.63
1594446,15944.46
1594527,15945.27
1594610,15946.1
1594692,15946.92
1594774,15947.74
1594856,15948.56
1594938,15949.38
1595020,15950.2
1595102,15951.02
1595181,15951.81
1595260,15952.6
1595337,15953.37
1595412,15954.12
1595489,15954.89
1595566,15955.66
1595644,15956.44
1595723,15957.23
1595800,15958.0
1595877,15958.77
1595953,15959.53
1596029,15960.29
1596105,15961.05
1596181,15961.81
1596256,15962.56
1596329,15963.29
1596402,15964.02
1596474,15964.74
1596546,15965.46
1596618,15966.18
1596690,15966.9
1596761,15967.61
1596832,15968.32
1596904,15969.04
1596975,15969.75
1597046,15970.46
1597117,15971.17
1597189,15971.89
1597262,15972.62
1597335,15973.35
1597409,15974.09
1597485,15974.85
1597563,15975.63
1597643,15976.43
1597727,15977.27
1597810,15978.1
1597890,15978.9
1597969,15979.69
1598046,15980.46
1598123,15981.23
1598198,15981.98
1598273,15982.73
1598347,15983.47
1598422,15984.22
1598497,15984.97
1598573,15985.73
1598648,15986.48
1598724,15987.24
1598799,15987.99
1598875,15988.75
1598951,15989.51
1599027,15990.27
1599105,15991.05
1599184,15991.84
1599263,15992.63
1599342,15993.42
1599423,15994.23
1599504,15995.04
1599586,15995.86
1599670,15996.7
1599753,15997.53
1599837,15998.37
1599920,15999.2
1600004,16000.04
1600089,16000.89
1600172,16001.72
1600255,16002.55
1600337,16003.37
1600418,16004.18
1600500,16005.0
1600580,16005.8
1600660,16006.6
1600737,16007.37
1600814,16008.14
1600889,16008.89
1600962,16009.62
1601035,16010.35
1601108,16011.08
1601180,16011.8
1601253,16012.53
1601325,16013.25
1601398,16013.98
1601471,16014.71
1601544,16015.44
1601618,16016.18
1601691,16016.91
1601766,16017.66
1601843,16018.43
1601921,16019.21
1602000,16020.0
1602080,16020.8
1602164,16021.64
1602250,16022.5
1602336,16023.36
1602420,16024.2
1602503,16025.03
1602585,16025.85
1602668,16026.68
1602751,16027.51
1602834,16028.34
1602917,16029.17
1602999,16029.99
1603082,16030.82
1603164,16031.64
1603247,16032.47
1603329,16033.29
1603410,16034.1
1603491,16034.91
1603572,16035.72
1603653,16036.53
1603733,16037.33
1603812,16038.12
1603890,16038.9
1603967,16039.67
1604042,16040.42
1604117,16041.17
1604190,16041.9
1604265,16042.65
1604339,16043.39
1604413,16044.13
1604486,16044.86
1604560,16045.6
1604632,16046.32
1604704,16047.04
1604776,16047.76
1604848,16048.48
1604921,16049.21
1604992,16049.92
1605064,16050.64
1605136,16051.36
1605208,16052.08
1605280,16052.8
1605352,16053.52
1605426,16054.26
1605502,16055.02
1605579,16055.79
1605658,16056.58
1605739,16057.39
1605822,16058.22
1605906,16059.06
1605992,16059.92
1606079,16060.79
1606167,16061.67
1606255,16062.55
1606342,16063.42
1606429,16064.29
1606513,16065.13
1606597,16065.97
1606680,16066.8
1606763,16067.63
1606844,16068.44
1606925,16069.25
1607006,16070.06
1607088,16070.88
1607169,16071.69
1607249,16072.49
1607329,16073.29
1607411,16074.11
1607492,16074.92
1607571,16075.71
1607650,16076.5
1607728,16077.28
1607805,16078.05
1607881,16078.81
1607958,16079.58
1608037,16080.37
1608117,16081.17
1608198,16081.98
1608276,16082.76
1608352,16083.52
1608427,16084.27
1608501,16085.01
1608575,16085.75
1608649,16086.49
1608723,16087.23
1608797,16087.97
1608871,16088.71
1608947,16089.47
1609022,16090.22
1609099,16090.99
1609176,16091.76
1609253,16092.53
1609332,16093.32
1609412,16094.12
1609492,16094.92
1609573,16095.73
1609655,16096.55
1609739,16097.39
1609824,16098.24
1609908,16099.08
1609992,16099.92
1610075,16100.75
1610158,16101.58
1610242,16102.42
1610326,16103.26
1610410,16104.1
1610493,16104.93
1610576,16105.76
1610658,16106.58
1610741,16107.41
1610822,16108.22
1610905,16109.05
1610987,16109.87
1611068,16110.68
1611148,16111.48
1611226,16112.26
1611303,16113.03
1611379,16113.79
1611456,16114.56
1611533,16115.33
1611609,16116.09
1611685,16116.85
1611761,16117.61
1611836,16118.36
1611911,16119.11
1611985,16119.85
1612060,16120.6
1612133,16121.33
1612207,16122.07
1612280,16122.8
1612355,16123.55
1612428,16124.28
1612502,16125.02
1612576,16125.76
1612650,16126.5
1612726,16127.26
1612803,16128.03
1612881,16128.81
1612960,16129.6
1613043,16130.43
1613128,16131.28
1613215,16132.15
1613300,16133.0
1613386,16133.86
1613473,16134.73
1613560,16135.6
1613648,16136.48
1613736,16137.36
1613824,16138.24
1613912,16139.12
1613998,16139.98
1614084,16140.84
1614169,16141.69
1614254,16142.54
1614337,16143.37
1614422,16144.22
1614505,16145.05
1614587,16145.87
1614669,16146.69
1614750,16147.5
1614830,16148.3
1614909,16149.09
1614987,16149.87
1615064,16150.64
1615141,16151.41
1615219,16152.19
1615297,16152.97
1615376,16153.76
1615453,16154.53
1615530,16155.3
1615607,16156.07
1615684,16156.84
1615759,16157.59
1615835,16158.35
1615911,16159.11
1615986,16159.86
1616060,16160.6
1616135,16161.35
1616210,16162.1
1616285,16162.85
1616360,16163.6
1616435,16164.35
1616511,16165.11
1616588,16165.88
1616665,16166.65
1616743,16167.43
1616820,16168.2
1616899,16168.99
1616980,16169.8
1617063,16170.63
1617145,16171.45
1617228,16172.28
1617311,16173.11
1617394,16173.94
1617478,16174.78
1617561,16175.61
1617645,16176.45
1617729,16177.29
1617812,16178.12
1617895,16178.95
1617977,16179.77
1618059,16180.59
1618142,16181.42
1618224,16182.24
1618306,16183.06
1618389,16183.89
1618472,16184.72
1618554,16185.54
1618636,16186.36
1618718,16187.18
1618798,16187.98
1618876,16188.76
1618952,16189.52
1619029,16190.29
1619106,16191.06
1619184,16191.84
1619262,16192.62
1619339,16193.39
1619416,16194.16
1619493,16194.93
1619573,16195.73
1619652,16196.52
1619730,16197.3
1619807,16198.07
1619883,16198.83
1619958,16199.58
1620032,16200.32
1620105,16201.05
1620177,16201.77
1620250,16202.5
1620321,16203.21
1620392,16203.92
1620462,16204.62
1620531,16205.31
1620600,16206.0
1620668,16206.68
1620736,16207.36
1620804,16208.04
1620874,16208.74
1620946,16209.46
1621019,16210.19
1621094,16210.94
1621172,16211.72
1621256,16212.56
1621343,16213.43
1621432,16214.32
1621519,16215.19
1621606,16216.06
1621693,16216.93
1621781,16217.81
1621869,16218.69
1621958,16219.58
1622046,16220.46
1622135,16221.35
1622224,16222.24
1622312,16223.12
1622401,16224.01
1622488,16224.88
1622575,16225.75
1622661,16226.61
1622746,16227.46
1622831,16228.31
1622915,16229.15
1622998,16229.98
1623081,16230.81
1623164,16231.64
1623246,16232.46
1623327,16233.27
1623408,16234.08
1623487,16234.87
1623566,16235.66
1623643,16236.43
1623720,16237.2
1623795,16237.95
1623870,16238.7
1623945,16239.45
1624019,16240.19
1624094,16240.94
1624168,16241.68
1624242,16242.42
1624317,16243.17
1624392,16243.92
1624466,16244.66
1624540,16245.4
1624614,16246.14
1624689,16246.89
1624764,16247.64
1624839,16248.39
1624915,16249.15
1624991,16249.91
1625066,16250.66
1625141,16251.41
1625217,16252.17
1625294,16252.94
1625372,16253.72
1625452,16254.52
1625532,16255.32
1625613,16256.13
1625691,16256.91
1625769,16257.69
1625846,16258.46
1625921,16259.21
1625997,16259.97
1626074,16260.74
1626153,16261.53
1626233,16262.33
1626313,16263.13
1626392,16263.92
1626469,16264.69
1626544,16265.44
1626618,16266.18
1626691,16266.91
1626762,16267.62
1626832,16268.32
1626901,16269.01
1626970,16269.7
1627038,16270.38
1627108,16271.08
1627180,16271.8
1627252,16272.52
1627327,16273.27
1627405,16274.05
1627485,16274.85
1627568,16275.68
1627652,16276.52
1627738,16277.38
1627826,16278.26
1627913,16279.13
1627999,16279.99
1628085,16280.85
1628171,16281.71
1628256,16282.56
1628342,16283.42
1628426,16284.26
1628509,16285.09
1628590,16285.9
1628670,16286.7
1628748,16287.48
1628826,16288.26
1628904,16289.04
1628982,16289.82
1629060,16290.6
1629137,16291.37
1629213,16292.13
1629287,16292.87
1629362,16293.62
1629434,16294.34
1629507,16295.07
1629579,16295.79
1629652,16296.52
1629726,16297.26
1629799,16297.99
1629872,16298.72
1629947,16299.47
1630022,16300.22
1630097,16300.97
1630171,16301.71
1630246,16302.46
1630322,16303.22
1630399,16303.99
1630477,16304.77
1630556,16305.56
1630638,16306.38
1630722,16307.22
1630808,16308.08
1630895,16308.95
1630980,16309.8
1631065,16310.65
1631148,16311.48
1631231,16312.31
1631313,16313.13
1631394,16313.94
1631474,16314.74
1631554,16315.54
1631633,16316.33
1631712,16317.12
1631791,16317.91
1631870,16318.7
1631949,16319.49
1632028,16320.28
1632104,16321.04
1632180,16321.8
1632257,16322.57
1632333,16323.33
1632409,16324.09
1632484,16324.84
1632560,16325.6
1632635,16326.35
1632710,16327.1
1632784,16327.84
1632858,16328.58
1632932,16329.32
1633006,16330.06
1633081,16330.81
1633156,16331.56
1633230,16332.3
1633305,16333.05
1633382,16333.82
1633459,16334.59
1633535,16335.35
1633609,16336.09
1633683,16336.83
1633755,16337.55
1633827,16338.27
1633899,16338.99
1633971,16339.71
1634042,16340.42
1634113,16341.13
1634184,16341.84
1634254,16342.54
1634323,16343.23
1634393,16343.93
1634461,16344.61
1634530,16345.3
1634601,16346.01
1634676,16346.76
1634753,16347.53
1634834,16348.34
1634918,16349.18
1635006,16350.06
1635095,16350.95
1635184,16351.84
1635272,16352.72
1635361,16353.61
1635450,16354.5
1635538,16355.38
1635627,16356.27
1635716,16357.16
1635805,16358.05
1635893,16358.93
1635982,16359.82
1636070,16360.7
1636158,16361.58
1636247,16362.47
1636335,16363.35
1636423,16364.23
1636510,16365.1
1636594,16365.94
1636678,16366.78
1636761,16367.61
1636843,16368.43
1636926,16369.26
1637007,16370.07
1637089,16370.89
1637170,16371.7
1637252,16372.52
1637332,16373.32
1637410,16374.1
1637487,16374.87
1637563,16375.63
1637639,16376.39
1637714,16377.14
1637790,16377.9
1637864,16378.64
1637939,16379.39
1638012,16380.12
1638085,16380.85
1638157,16381.57
1638229,16382.29
1638302,16383.02
1638374,16383.74
1638445,16384.45
1638518,16385.18
1638590,16385.9
1638662,16386.62
1638734,16387.34
1638808,16388.08
1638884,16388.84
1638962,16389.62
1639040,16390.4
1639122,16391.22
1639204,16392.04
1639290,16392.9
1639376,16393.76
1639462,16394.62
1639548,16395.48
1639633,16396.33
1639719,16397.19
1639805,16398.05
1639890,16398.9
1639974,16399.74
1640059,16400.59
1640144,16401.44
1640229,16402.29
1640314,16403.14
1640399,16403.99
1640485,16404.85
1640570,16405.7
1640655,16406.55
1640740,16407.4
1640823,16408.23
1640906,16409.06
1640988,16409.88
1641070,16410.7
1641150,16411.5
1641229,16412.29
1641308,16413.08
1641388,16413.88
1641465,16414.65
1641543,16415.43
1641620,16416.2
1641695,16416.95
1641769,16417.69
1641843,16418.43
1641917,16419.17
1641990,16419.9
1642064,16420.64
1642139,16421.39
1642213,16422.13
1642287,16422.87
1642361,16423.61
1642435,16424.35
1642509,16425.09
1642583,16425.83
1642657,16426.57
1642731,16427.31
1642807,16428.07
1642884,16428.84
1642962,16429.62
1643043,16430.43
1643126,16431.26
1643212,16432.12
1643299,16432.99
1643388,16433.88
1643476,16434.76
1643563,16435.63
1643650,16436.5
1643737,16437.37
1643822,16438.22
1643906,16439.06
1643990,16439.9
1644074,16440.74
1644157,16441.57
1644240,16442.4
1644322,16443.22
1644403,16444.03
1644483,16444.83
1644562,16445.62
1644642,16446.42
1644722,16447.22
1644801,16448.01
1644881,16448.81
1644962,16449.62
1645041,16450.41
1645121,16451.21
1645201,16452.01
1645279,16452.79
1645356,16453.56
1645433,16454.33
1645509,16455.09
1645587,16455.87
1645666,16456.66
1645745,16457.45
1645823,16458.23
1645900,16459.0
1645977,16459.77
1646053,16460.53
1646127,16461.27
1646201,16462.01
1646273,16462.73
1646345,16463.45
1646416,16464.16
1646487,16464.87
1646558,16465.58
1646627,16466.27
1646696,16466.96
1646765,16467.65
1646833,16468.33
1646902,16469.02
1646972,16469.72
1647044,16470.44
1647121,16471.21
1647201,16472.01
1647280,16472.8
1647364,16473.64
1647450,16474.5
1647536,16475.36
1647623,16476.23
1647711,16477.11
1647798,16477.98
1647883,16478.83
1647968,16479.68
1648053,16480.53
1648136,16481.36
1648218,16482.18
1648300,16483.0
1648380,16483.8
1648459,16484.59
1648538,16485.38
1648615,16486.15
1648691,16486.91
1648767,16487.67
1648844,16488.44
1648922,16489.22
1649001,16490.01
1649080,16490.8
1649159,16491.59
1649239,16492.39
1649319,16493.19
1649399,16493.99
1649480,16494.8
1649563,16495.63
1649646,16496.46
1649728,16497.28
1649810,16498.1
1649893,16498.93
1649974,16499.74
1650055,16500.55
1650135,16501.35
1650214,16502.14
1650293,16502.93
1650371,16503.71
1650450,16504.5
1650528,16505.28
1650607,16506.07
1650685,16506.85
1650763,16507.63
1650838,16508.38
1650913,16509.13
1650986,16509.86
1651058,16510.58
1651129,16511.29
1651202,16512.02
1651274,16512.74
1651347,16513.47
1651419,16514.19
1651492,16514.92
1651566,16515.66
1651640,16516.4
1651714,16517.14
1651788,16517.88
1651862,16518.62
1651938,16519.38
1652012,16520.12
1652087,16520.87
1652162,16521.62
1652239,16522.39
1652317,16523.17
1652396,16523.96
1652476,16524.76
1652558,16525.58
1652641,16526.41
1652724,16527.24
1652807,16528.07
1652891,16528.91
1652974,16529.74
1653056,16530.56
1653138,16531.38
1653219,16532.19
1653299,16532.99
1653380,16533.8
1653461,16534.61
1653543,16535.43
1653625,16536.25
1653708,16537.08
1653790,16537.9
1653872,16538.72
1653953,16539.53
1654033,16540.33
1654113,16541.13
1654192,16541.92
1654271,16542.71
1654350,16543.5
1654430,16544.3
1654510,16545.1
1654588,16545.88
1654667,16546.67
1654745,16547.45
1654820,16548.2
1654895,16548.95
1654970,16549.7
1655044,16550.44
1655118,16551.18
1655192,16551.92
1655264,16552.64
1655337,16553.37
1655410,16554.1
1655483,16554.83
1655555,16555.55
1655627,16556.27
1655698,16556.98
1655768,16557.68
1655838,16558.38
1655907,16559.07
1655976,16559.76
1656045,16560.45
1656114,16561.14
1656187,16561.87
1656265,16562.65
1656346,16563.46
1656429,16564.29
1656514,16565.14
1656602,16566.02
1656693,16566.93
1656785,16567.85
1656875,16568.75
1656966,16569.66
1657056,16570.56
1657146,16571.46
1657237,16572.37
1657327,16573.27
1657416,16574.16
1657505,16575.05
1657596,16575.96
1657685,16576.85
1657774,16577.74
1657861,16578.61
1657948,16579.48
1658035,16580.35
1658121,16581.21
1658208,16582.08
1658293,16582.93
1658378,16583.78
1658462,16584.62
1658545,16585.45
1658628,16586.28
1658710,16587.1
1658791,16587.91
1658871,16588.71
1658950,16589.5
1659028,16590.28
1659105,16591.05
1659181,16591.81
1659258,16592.58
1659334,16593.34
1659410,16594.1
1659485,16594.85
1659560,16595.6
1659635,16596.35
1659712,16597.12
1659788,16597.88
1659864,16598.64
1659941,16599.41
1660019,16600.19
1660096,16600.96
1660175,16601.75
1660254,16602.54
1660334,16603.34
1660416,16604.16
1660499,16604.99
1660583,16605.83
1660667,16606.67
1660751,16607.51
1660835,16608.35
1660921,16609.21
1661005,16610.05
1661088,16610.88
1661170,16611.7
1661252,16612.52
1661334,16613.34
1661413,16614.13
1661492,16614.92
1661570,16615.7
1661649,16616.49
1661727,16617.27
1661805,16618.05
1661883,16618.83
1661960,16619.6
1662038,16620.38
1662114,16621.14
1662190,16621.9
1662265,16622.65
1662341,16623.41
1662417,16624.17
1662494,16624.94
1662569,16625.69
1662644,16626.44
1662718,16627.18
1662793,16627.93
1662867,16628.67
1662941,16629.41
1663015,16630.15
1663088,16630.88
1663161,16631.61
1663235,16632.35
1663309,16633.09
1663382,16633.82
1663456,16634.56
1663532,16635.32
1663609,16636.09
1663687,16636.87
1663766,16637.66
1663848,16638.48
1663932,16639.32
1664019,16640.19
1664107,16641.07
1664195,16641.95
1664284,16642.84
1664372,16643.72
1664461,16644.61
1664548,16645.48
1664636,16646.36
1664724,16647.24
1664810,16648.1
1664896,16648.96
1664981,16649.81
1665065,16650.65
1665149,16651.49
1665233,16652.33
1665316,16653.16
1665400,16654.0
1665483,16654.83
1665566,16655.66
1665649,16656.49
1665732,16657.32
1665816,16658.16
1665898,16658.98
1665978,16659.78
1666056,16660.56
1666133,16661.33
1666209,16662.09
1666284,16662.84
1666359,16663.59
1666434,16664.34
1666510,16665.1
1666585,16665.85
1666660,16666.6
1666735,16667.35
1666810,16668.1
1666885,16668.85
1666960,16669.6
1667035,16670.35
1667111,16671.11
1667187,16671.87
1667265,16672.65
1667342,16673.42
1667420,16674.2
1667500,16675.0
1667581,16675.81
1667664,16676.64
1667748,16677.48
1667833,16678.33
1667917,16679.17
1668002,16680.02
1668087,16680.87
1668170,16681.7
1668253,16682.53
1668335,16683.35
1668417,16684.17
1668498,16684.98
1668579,16685.79
1668660,16686.6
1668740,16687.4
1668820,16688.2
1668899,16688.99
1668978,16689.78
1669057,16690.57
1669135,16691.35
1669212,16692.12
1669288,16692.88
1669364,16693.64
1669441,16694.41
1669516,16695.16
1669591,16695.91
1669666,16696.66
1669741,16697.41
1669816,16698.16
1669890,16698.9
1669965,16699.65
1670040,16700.4
1670115,16701.15
1670189,16701.89
1670263,16702.63
1670337,16703.37
1670411,16704.11
1670483,16704.83
1670555,16705.55
1670625,16706.25
1670696,16706.96
1670766,16707.66
1670835,16708.35
1670904,16709.04
1670974,16709.74
1671043,16710.43
1671111,16711.11
1671179,16711.79
1671247,16712.47
1671315,16713.15
1671386,16713.86
1671461,16714.61
1671540,16715.4
1671623,16716.23
1671708,16717.08
1671797,16717.97
1671887,16718.87
1671975,16719.75
1672063,16720.63
1672150,16721.5
1672238,16722.38
1672326,16723.26
1672414,16724.14
1672501,16725.01
1672587,16725.87
1672673,16726.73
1672755,16727.55
1672834,16728.34
1672910,16729.1
1672986,16729.86
1673060,16730.6
1673134,16731.34
1673207,16732.07
1673279,16732.79
1673351,16733.51
1673422,16734.22
1673494,16734.94
1673565,16735.65
1673637,16736.37
1673708,16737.08
1673781,16737.81
1673853,16738.53
1673924,16739.24
1673995,16739.95
1674066,16740.66
1674136,16741.36
1674205,16742.05
1674273,16742.73
1674341,16743.41
1674408,16744.08
1674475,16744.75
1674542,16745.42
1674609,16746.09
1674677,16746.77
1674744,16747.44
1674811,16748.11
1674879,16748.79
1674947,16749.47
1675018,16750.18
1675089,16750.89
1675161,16751.61
1675235,16752.35
1675309,16753.09
1675384,16753.84
1675461,16754.61
1675539,16755.39
1675617,16756.17
1675697,16756.97
1675776,16757.76
1675856,16758.56
1675934,16759.34
1676012,16760.12
1676090,16760.9
1676169,16761.69
1676248,16762.48
1676327,16763.27
1676406,16764.06
1676486,16764.86
1676563,16765.63
1676640,16766.4
1676717,16767.17
1676794,16767.94
1676873,16768.73
1676951,16769.51
1677030,16770.3
1677108,16771.08
1677186,16771.86
1677262,16772.62
1677337,16773.37
1677412,16774.12
1677487,16774.87
1677562,16775.62
1677637,16776.37
1677712,16777.12
1677786,16777.86
1677860,16778.6
1677935,16779.35
1678010,16780.1
1678085,16780.85
1678159,16781.59
1678234,16782.34
1678309,16783.09
1678384,16783.84
1678460,16784.6
1678537,16785.37
1678614,16786.14
1678691,16786.91
1678768,16787.68
1678844,16788.44
1678920,16789.2
1678997,16789.97
1679073,16790.73
1679149,16791.49
1679223,16792.23
1679299,16792.99
1679375,16793.75
1679452,16794.52
1679530,16795.3
1679608,16796.08
1679684,16796.84
1679760,16797.6
1679835,16798.35
1679910,16799.1
1679985,16799.85
1680061,16800.61
1680137,16801.37
1680212,16802.12
1680287,16802.87
1680363,16803.63
1680438,16804.38
1680513,16805.13
1680590,16805.9
1680665,16806.65
1680740,16807.4
1680814,16808.14
1680888,16808.88
1680963,16809.63
1681039,16810.39
1681114,16811.14
1681189,16811.89
1681265,16812.65
1681341,16813.41
1681419,16814.19
1681495,16814.95
1681571,16815.71
1681647,16816.47
1681723,16817.23
1681800,16818.0
1681877,16818.77
1681955,16819.55
1682031,16820.31
1682109,16821.09
1682188,16821.88
1682266,16822.66
1682344,16823.44
1682421,16824.21
1682500,16825.0
1682579,16825.79
1682658,16826.58
1682737,16827.37
1682816,16828.16
1682894,16828.94
1682970,16829.7
1683047,16830.47
1683123,16831.23
1683200,16832.0
1683276,16832.76
1683352,16833.52
1683427,16834.27
1683504,16835.04
1683581,16835.81
1683659,16836.59
1683738,16837.38
1683817,16838.17
1683894,16838.94
1683970,16839.7
1684047,16840.47
1684123,16841.23
1684199,16841.99
1684275,16842.75
1684350,16843.5
1684425,16844.25
1684500,16845.0
1684575,16845.75
1684651,16846.51
1684726,16847.26
1684801,16848.01
1684876,16848.76
1684952,16849.52
1685029,16850.29
1685105,16851.05
1685181,16851.81
1685257,16852.57
1685334,16853.34
1685412,16854.12
1685491,16854.91
1685569,16855.69
1685648,16856.48
1685726,16857.26
1685804,16858.04
1685881,16858.81
1685957,16859.57
1686034,16860.34
1686111,16861.11
1686188,16861.88
1686267,16862.67
1686345,16863.45
1686424,16864.24
1686502,16865.02
1686580,16865.8
1686658,16866.58
1686736,16867.36
1686816,16868.16
1686897,16868.97
1686977,16869.77
1687056,16870.56
1687135,16871.35
1687214,16872.14
1687294,16872.94
1687373,16873.73
1687451,16874.51
1687528,16875.28
1687606,16876.06
1687684,16876.84
1687763,16877.63
1687842,16878.42
1687920,16879.2
1687998,16879.98
1688076,16880.76
1688154,16881.54
1688233,16882.33
1688312,16883.12
1688389,16883.89
1688466,16884.66
1688543,16885.43
1688619,16886.19
1688696,16886.96
1688773,16887.73
1688849,16888.49
1688927,16889.27
1689004,16890.04
1689083,16890.83
1689162,16891.62
1689240,16892.4
1689317,16893.17
1689395,16893.95
1689474,16894.74
1689555,16895.55
1689636,16896.36
1689716,16897.16
1689795,16897.95
1689875,16898.75
1689955,16899.55
1690034,16900.34
1690114,16901.14
1690193,16901.93
1690271,16902.71
1690349,16903.49
1690427,16904.27
1690505,16905.05
1690585,16905.85
1690665,16906.65
1690746,16907.46
1690825,16908.25
1690904,16909.04
1690983,16909.83
1691062,16910.62
1691142,16911.42
1691221,16912.21
1691299,16912.99
1691376,16913.76
1691453,16914.53
1691529,16915.29
1691606,16916.06
1691683,16916.83
1691760,16917.6
1691837,16918.37
1691913,16919.13
1691990,16919.9
1692067,16920.67
1692145,16921.45
1692222,16922.22
1692299,16922.99
1692375,16923.75
1692452,16924.52
1692529,16925.29
1692606,16926.06
1692683,16926.83
1692758,16927.58
1692835,16928.35
1692912,16929.12
1692992,16929.92
1693071,16930.71
1693149,16931.49
1693226,16932.26
1693303,16933.03
1693380,16933.8
1693458,16934.58
1693537,16935.37
1693615,16936.15
1693693,16936.93
1693772,16937.72
1693851,16938.51
1693932,16939.32
1694013,16940.13
1694092,16940.92
1694170,16941.7
1694250,16942.5
1694331,16943.31
1694411,16944.11
1694491,16944.91
1694570,16945.7
1694648,16946.48
1694728,16947.28
1694807,16948.07
1694886,16948.86
1694965,16949.65
1695042,16950.42
1695118,16951.18
1695194,16951.94
1695270,16952.7
1695346,16953.46
1695422,16954.22
1695498,16954.98
1695573,16955.73
1695648,16956.48
1695723,16957.23
1695799,16957.99
1695875,16958.75
1695950,16959.5
1696027,16960.27
1696104,16961.04
1696182,16961.82
1696261,16962.61
1696339,16963.39
1696415,16964.15
1696492,16964.92
1696569,16965.69
1696648,16966.48
1696725,16967.25
1696802,16968.02
1696879,16968.79
1696955,16969.55
1697032,16970.32
1697111,16971.11
1697190,16971.9
1697267,16972.67
1697343,16973.43
1697420,16974.2
1697497,16974.97
1697575,16975.75
1697652,16976.52
1697728,16977.28
1697805,16978.05
1697884,16978.84
1697963,16979.63
1698042,16980.42
1698120,16981.2
1698198,16981.98
1698277,16982.77
1698357,16983.57
1698437,16984.37
1698515,16985.15
1698593,16985.93
1698670,16986.7
1698748,16987.48
1698826,16988.26
1698905,16989.05
1698982,16989.82
1699059,16990.59
1699136,16991.36
1699213,16992.13
1699290,16992.9
1699367,16993.67
1699443,16994.43
1699517,16995.17
1699593,16995.93
1699668,16996.68
1699745,16997.45
1699822,16998.22
1699898,16998.98
1699974,16999.74
1700051,17000.51
1700131,17001.31
1700210,17002.1
1700287,17002.87
1700363,17003.63
1700441,17004.41
1700518,17005.18
1700594,17005.94
1700670,17006.7
1700745,17007.45
1700820,17008.2
1700895,17008.95
1700970,17009.7
1701047,17010.47
1701124,17011.24
1701201,17012.01
1701277,17012.77
1701355,17013.55
1701434,17014.34
1701513,17015.13
1701590,17015.9
1701667,17016.67
1701744,17017.44
1701823,17018.23
1701902,17019.02
1701982,17019.82
1702062,17020.62
1702142,17021.42
1702222,17022.22
1702303,17023.03
1702382,17023.82
1702460,17024.6
1702537,17025.37
1702613,17026.13
1702689,17026.89
1702766,17027.66
1702843,17028.43
1702919,17029.19
1702995,17029.95
1703071,17030.71
1703148,17031.48
1703226,17032.26
1703303,17033.03
1703379,17033.79
1703456,17034.56
1703533,17035.33
1703610,17036.1
1703686,17036.86
1703762,17037.62
1703838,17038.38
1703915,17039.15
1703992,17039.92
1704069,17040.69
1704145,17041.45
1704220,17042.2
1704296,17042.96
1704372,17043.72
1704450,17044.5
1704527,17045.27
1704605,17046.05
1704682,17046.82
1704761,17047.61
1704839,17048.39
1704919,17049.19
1704998,17049.98
1705076,17050.76
1705153,17051.53
1705231,17052.31
1705308,17053.08
1705387,17053.87
1705467,17054.67
1705546,17055.46
1705624,17056.24
1705701,17057.01
1705779,17057.79
1705858,17058.58
1705937,17059.37
1706015,17060.15
1706092,17060.92
1706171,17061.71
1706249,17062.49
1706327,17063.27
1706405,17064.05
1706482,17064.82
1706561,17065.61
1706640,17066.4
1706720,17067.2
1706802,17068.02
1706881,17068.81
1706960,17069.6
1707039,17070.39
1707118,17071.18
1707197,17071.97
1707276,17072.76
1707354,17073.54
1707430,17074.3
1707506,17075.06
1707583,17075.83
1707661,17076.61
1707739,17077.39
1707817,17078.17
1707894,17078.94
1707971,17079.71
1708048,17080.48
1708126,17081.26
1708203,17082.03
1708280,17082.8
1708358,17083.58
1708435,17084.35
1708513,17085.13
1708592,17085.92
1708670,17086.7
1708748,17087.48
1708824,17088.24
1708902,17089.02
1708979,17089.79
1709057,17090.57
1709136,17091.36
1709214,17092.14
1709290,17092.9
1709367,17093.67
1709444,17094.44
1709521,17095.21
1709597,17095.97
1709672,17096.72
1709747,17097.47
1709822,17098.22
1709896,17098.96
1709972,17099.72
1710048,17100.48
1710125,17101.25
1710204,17102.04
1710283,17102.83
1710362,17103.62
1710441,17104.41
1710519,17105.19
1710598,17105.98
1710677,17106.77
1710757,17107.57
1710835,17108.35
1710912,17109.12
1710988,17109.88
1711064,17110.64
1711139,17111.39
1711215,17112.15
1711289,17112.89
1711364,17113.64
1711438,17114.38
1711513,17115.13
1711589,17115.89
1711665,17116.65
1711741,17117.41
1711818,17118.18
1711896,17118.96
1711976,17119.76
1712054,17120.54
1712133,17121.33
1712212,17122.12
1712293,17122.93
1712374,17123.74
1712456,17124.56
1712536,17125.36
1712617,17126.17
1712698,17126.98
1712780,17127.8
1712861,17128.61
1712942,17129.42
1713021,17130.21
1713100,17131.0
1713180,17131.8
1713260,17132.6
1713340,17133.4
1713420,17134.2
1713499,17134.99
1713578,17135.78
1713656,17136.56
1713735,17137.35
1713815,17138.15
1713895,17138.95
1713976,17139.76
1714055,17140.55
1714133,17141.33
1714212,17142.12
1714292,17142.92
1714371,17143.71
1714451,17144.51
1714530,17145.3
1714607,17146.07
1714684,17146.84
1714760,17147.6
1714836,17148.36
1714913,17149.13
1714989,17149.89
1715064,17150.64
1715140,17151.4
1715215,17152.15
1715292,17152.92
1715368,17153.68
1715444,17154.44
1715519,17155.19
1715595,17155.95
1715671,17156.71
1715747,17157.47
1715825,17158.25
1715902,17159.02
1715979,17159.79
1716056,17160.56
1716132,17161.32
1716210,17162.1
1716288,17162.88
1716365,17163.65
1716441,17164.41
1716517,17165.17
1716592,17165.92
1716669,17166.69
1716746,17167.46
1716821,17168.21
1716896,17168.96
1716971,17169.71
1717046,17170.46
1717123,17171.23
1717200,17172.0
1717278,17172.78
1717355,17173.55
1717433,17174.33
1717511,17175.11
1717590,17175.9
1717669,17176.69
1717745,17177.45
1717823,17178.23
1717901,17179.01
1717979,17179.79
1718057,17180.57
1718135,17181.35
1718212,17182.12
1718290,17182.9
1718371,17183.71
1718451,17184.51
1718531,17185.31
1718612,17186.12
1718690,17186.9
1718767,17187.67
1718843,17188.43
1718919,17189.19
1718996,17189.96
1719072,17190.72
1719147,17191.47
1719222,17192.22
1719298,17192.98
1719374,17193.74
1719451,17194.51
1719527,17195.27
1719603,17196.03
1719679,17196.79
1719756,17197.56
1719834,17198.34
1719913,17199.13
1719993,17199.93
1720072,17200.72
1720149,17201.49
1720227,17202.27
1720305,17203.05
1720383,17203.83
1720463,17204.63
1720543,17205.43
1720622,17206.22
1720701,17207.01
1720779,17207.79
1720858,17208.58
1720938,17209.38
1721017,17210.17
1721095,17210.95
1721174,17211.74
1721253,17212.53
1721333,17213.33
1721412,17214.12
1721490,17214.9
1721567,17215.67
1721644,17216.44
1721722,17217.22
1721802,17218.02
1721880,17218.8
1721958,17219.58
1722037,17220.37
1722116,17221.16
1722195,17221.95
1722272,17222.72
1722349,17223.49
1722427,17224.27
1722504,17225.04
1722581,17225.81
1722658,17226.58
1722734,17227.34
1722809,17228.09
1722885,17228.85
1722961,17229.61
1723037,17230.37
1723113,17231.13
1723187,17231.87
1723263,17232.63
1723340,17233.4
1723417,17234.17
1723495,17234.95
1723572,17235.72
1723651,17236.51
1723730,17237.3
1723810,17238.1
1723888,17238.88
1723966,17239.66
1724043,17240.43
1724121,17241.21
1724200,17242.0
1724279,17242.79
1724357,17243.57
1724434,17244.34
1724511,17245.11
1724588,17245.88
1724667,17246.67
1724745,17247.45
1724824,17248.24
1724901,17249.01
1724980,17249.8
1725058,17250.58
1725136,17251.36
1725215,17252.15
1725292,17252.92
1725367,17253.67
1725443,17254.43
1725519,17255.19
1725594,17255.94
1725671,17256.71
1725747,17257.47
1725823,17258.23
1725899,17258.99
1725976,17259.76
1726056,17260.56
1726135,17261.35
1726214,17262.14
1726293,17262.93
1726372,17263.72
1726453,17264.53
1726532,17265.32
1726610,17266.1
1726686,17266.86
1726762,17267.62
1726837,17268.37
1726913,17269.13
1726991,17269.91
1727069,17270.69
1727146,17271.46
1727223,17272.23
1727299,17272.99
1727376,17273.76
1727454,17274.54
1727531,17275.31
1727607,17276.07
1727683,17276.83
1727759,17277.59
1727836,17278.36
1727914,17279.14
1727992,17279.92
1728070,17280.7
1728148,17281.48
1728226,17282.26
1728304,17283.04
1728382,17283.82
1728460,17284.6
1728539,17285.39
1728620,17286.2
1728702,17287.02
1728782,17287.82
1728861,17288.61
1728941,17289.41
1729021,17290.21
1729101,17291.01
1729179,17291.79
1729257,17292.57
1729335,17293.35
1729413,17294.13
1729490,17294.9
1729566,17295.66
1729642,17296.42
1729718,17297.18
1729794,17297.94
1729872,17298.72
1729950,17299.5
1730026,17300.26
1730102,17301.02
1730178,17301.78
1730254,17302.54
1730331,17303.31
1730409,17304.09
1730487,17304.87
1730565,17305.65
1730643,17306.43
1730724,17307.24
1730805,17308.05
1730885,17308.85
1730964,17309.64
1731044,17310.44
1731125,17311.25
1731205,17312.05
1731285,17312.85
1731363,17313.63
1731442,17314.42
1731520,17315.2
1731599,17315.99
1731677,17316.77
1731754,17317.54
1731831,17318.31
1731908,17319.08
1731986,17319.86
1732066,17320.66
1732146,17321.46
1732227,17322.27
1732307,17323.07
1732387,17323.87
1732467,17324.67
1732547,17325.47
1732627,17326.27
1732705,17327.05
1732783,17327.83
1732861,17328.61
1732940,17329.4
1733018,17330.18
1733096,17330.96
1733173,17331.73
1733249,17332.49
1733325,17333.25
1733402,17334.02
1733479,17334.79
1733556,17335.56
1733634,17336.34
1733711,17337.11
1733788,17337.88
1733866,17338.66
1733943,17339.43
1734021,17340.21
1734100,17341.0
1734178,17341.78
1734255,17342.55
1734333,17343.33
1734410,17344.1
1734488,17344.88
1734566,17345.66
1734644,17346.44
1734722,17347.22
1734800,17348.0
1734877,17348.77
1734955,17349.55
1735032,17350.32
1735108,17351.08
1735186,17351.86
1735263,17352.63
1735341,17353.41
1735419,17354.19
1735497,17354.97
1735576,17355.76
1735655,17356.55
1735734,17357.34
1735812,17358.12
1735891,17358.91
1735970,17359.7
1736048,17360.48
1736127,17361.27
1736205,17362.05
1736283,17362.83
1736361,17363.61
1736439,17364.39
1736518,17365.18
1736597,17365.97
1736676,17366.76
1736755,17367.55
1736833,17368.33
1736912,17369.12
1736990,17369.9
1737070,17370.7
1737148,17371.48
1737225,17372.25
1737302,17373.02
1737379,17373.79
1737456,17374.56
1737534,17375.34
1737611,17376.11
1737689,17376.89
1737765,17377.65
1737842,17378.42
1737919,17379.19
1737996,17379.96
1738074,17380.74
1738150,17381.5
1738227,17382.27
1738304,17383.04
1738383,17383.83
1738460,17384.6
1738536,17385.36
1738613,17386.13
1738690,17386.9
1738767,17387.67
1738844,17388.44
1738920,17389.2
1738995,17389.95
1739071,17390.71
1739147,17391.47
1739224,17392.24
1739300,17393.0
1739376,17393.76
1739452,17394.52
1739528,17395.28
1739603,17396.03
1739679,17396.79
1739755,17397.55
1739830,17398.3
1739905,17399.05
1739980,17399.8
1740055,17400.55
1740130,17401.3
1740205,17402.05
1740280,17402.8
1740355,17403.55
1740430,17404.3
1740505,17405.05
1740581,17405.81
1740656,17406.56
1740732,17407.32
1740808,17408.08
1740885,17408.85
1740962,17409.62
1741040,17410.4
1741117,17411.17
1741194,17411.94
1741271,17412.71
1741348,17413.48
1741425,17414.25
1741502,17415.02
1741578,17415.78
1741655,17416.55
1741732,17417.32
1741809,17418.09
1741886,17418.86
1741964,17419.64
1742041,17420.41
1742118,17421.18
1742195,17421.95
1742272,17422.72
1742349,17423.49
1742426,17424.26
1742503,17425.03
1742581,17425.81
1742659,17426.59
1742737,17427.37
1742814,17428.14
1742892,17428.92
1742970,17429.7
1743048,17430.48
1743126,17431.26
1743203,17432.03
1743280,17432.8
1743356,17433.56
1743434,17434.34
1743511,17435.11
1743588,17435.88
1743665,17436.65
1743741,17437.41
1743818,17438.18
1743894,17438.94
1743970,17439.7
1744046,17440.46
1744122,17441.22
1744198,17441.98
1744274,17442.74
1744350,17443.5
1744427,17444.27
1744503,17445.03
1744580,17445.8
1744656,17446.56
1744734,17447.34
1744811,17448.11
1744888,17448.88
1744965,17449.65
1745042,17450.42
1745119,17451.19
1745197,17451.97
1745274,17452.74
1745351,17453.51
1745428,17454.28
1745505,17455.05
1745582,17455.82
1745658,17456.58
1745733,17457.33
1745808,17458.08
1745881,17458.81
1745954,17459.54
1746027,17460.27
1746100,17461.0
1746174,17461.74
1746249,17462.49
1746323,17463.23
1746398,17463.98
1746474,17464.74
1746549,17465.49
1746624,17466.24
1746700,17467.0
1746775,17467.75
1746850,17468.5
1746926,17469.26
1747001,17470.01
1747075,17470.75
1747149,17471.49
1747224,17472.24
1747298,17472.98
1747373,17473.73
1747448,17474.48
1747523,17475.23
1747598,17475.98
1747674,17476.74
1747750,17477.5
1747825,17478.25
1747901,17479.01
1747977,17479.77
1748054,17480.54
1748129,17481.29
1748205,17482.05
1748282,17482.82
1748358,17483.58
1748435,17484.35
1748512,17485.12
1748589,17485.89
1748665,17486.65
1748742,17487.42
1748818,17488.18
1748894,17488.94
1748970,17489.7
1749045,17490.45
1749120,17491.2
1749196,17491.96
1749271,17492.71
1749346,17493.46
1749422,17494.22
1749498,17494.98
1749574,17495.74
1749650,17496.5
1749726,17497.26
1749802,17498.02
1749879,17498.79
1749956,17499.56
1750032,17500.32
1750109,17501.09
1750186,17501.86
1750262,17502.62
1750339,17503.39
1750416,17504.16
1750492,17504.92
1750569,17505.69
1750645,17506.45
1750720,17507.2
1750795,17507.95
1750870,17508.7
1750945,17509.45
1751020,17510.2
1751092,17510.92
1751166,17511.66
1751239,17512.39
1751312,17513.12
1751385,17513.85
1751458,17514.58
1751529,17515.29
1751602,17516.02
1751675,17516.75
1751748,17517.48
1751822,17518.22
1751896,17518.96
1751972,17519.72
1752048,17520.48
1752126,17521.26
1752204,17522.04
1752280,17522.8
1752356,17523.56
1752432,17524.32
1752507,17525.07
1752582,17525.82
1752655,17526.55
1752728,17527.28
1752799,17527.99
1752869,17528.69
1752940,17529.4
1753010,17530.1
1753081,17530.81
1753152,17531.52
1753223,17532.23
1753295,17532.95
1753368,17533.68
1753443,17534.43
1753519,17535.19
1753596,17535.96
1753674,17536.74
1753753,17537.53
1753833,17538.33
1753913,17539.13
1753991,17539.91
1754070,17540.7
1754148,17541.48
1754227,17542.27
1754306,17543.06
1754386,17543.86
1754466,17544.66
1754544,17545.44
1754622,17546.22
1754700,17547.0
1754778,17547.78
1754856,17548.56
1754933,17549.33
1755009,17550.09
1755085,17550.85
1755161,17551.61
1755237,17552.37
1755314,17553.14
1755390,17553.9
1755466,17554.66
1755541,17555.41
1755617,17556.17
1755692,17556.92
1755768,17557.68
1755843,17558.43
1755919,17559.19
1755995,17559.95
1756071,17560.71
1756147,17561.47
1756224,17562.24
1756301,17563.01
1756378,17563.78
1756455,17564.55
1756532,17565.32
1756610,17566.1
1756688,17566.88
1756766,17567.66
1756843,17568.43
1756921,17569.21
1756999,17569.99
1757077,17570.77
1757154,17571.54
1757231,17572.31
1757307,17573.07
1757383,17573.83
1757459,17574.59
1757534,17575.34
1757610,17576.1
1757687,17576.87
1757763,17577.63
1757841,17578.41
1757918,17579.18
1757996,17579.96
1758074,17580.74
1758153,17581.53
1758231,17582.31
1758310,17583.1
1758389,17583.89
1758467,17584.67
1758546,17585.46
1758623,17586.23
1758701,17587.01
1758778,17587.78
1758855,17588.55
1758933,17589.33
1759010,17590.1
1759087,17590.87
1759165,17591.65
1759242,17592.42
1759319,17593.19
1759396,17593.96
1759473,17594.73
1759550,17595.5
1759627,17596.27
1759703,17597.03
1759780,17597.8
1759857,17598.57
1759935,17599.35
1760012,17600.12
1760089,17600.89
1760166,17601.66
1760243,17602.43
1760321,17603.21
1760397,17603.97
1760473,17604.73
1760549,17605.49
1760626,17606.26
1760702,17607.02
1760778,17607.78
1760854,17608.54
1760931,17609.31
1761008,17610.08
1761085,17610.85
1761163,17611.63
1761239,17612.39
1761315,17613.15
1761391,17613.91
1761466,17614.66
1761539,17615.39
1761612,17616.12
1761685,17616.85
1761758,17617.58
1761831,17618.31
1761905,17619.05
1761979,17619.79
1762054,17620.54
1762129,17621.29
1762204,17622.04
1762280,17622.8
1762355,17623.55
1762430,17624.3
1762506,17625.06
1762582,17625.82
1762658,17626.58
1762735,17627.35
1762811,17628.11
1762887,17628.87
1762962,17629.62
1763038,17630.38
1763113,17631.13
1763188,17631.88
1763263,17632.63
1763338,17633.38
1763414,17634.14
1763489,17634.89
1763564,17635.64
1763640,17636.4
1763716,17637.16
1763791,17637.91
1763866,17638.66
1763942,17639.42
1764017,17640.17
1764092,17640.92
1764166,17641.66
1764241,17642.41
1764317,17643.17
1764391,17643.91
1764466,17644.66
1764540,17645.4
1764616,17646.16
1764691,17646.91
1764767,17647.67
1764843,17648.43
1764918,17649.18
1764995,17649.95
1765071,17650.71
1765148,17651.48
1765224,17652.24
1765300,17653.0
1765377,17653.77
1765454,17654.54
1765530,17655.3
1765606,17656.06
1765682,17656.82
1765759,17657.59
1765836,17658.36
1765912,17659.12
1765988,17659.88
1766064,17660.64
1766141,17661.41
1766218,17662.18
1766294,17662.94
1766371,17663.71
1766449,17664.49
1766526,17665.26
1766604,17666.04
1766682,17666.82
1766760,17667.6
1766838,17668.38
1766916,17669.16
1766994,17669.94
1767072,17670.72
1767151,17671.51
1767229,17672.29
1767307,17673.07
1767385,17673.85
1767463,17674.63
1767540,17675.4
1767618,17676.18
1767695,17676.95
1767772,17677.72
1767848,17678.48
1767924,17679.24
1768001,17680.01
1768078,17680.78
1768155,17681.55
1768232,17682.32
1768310,17683.1
1768388,17683.88
1768465,17684.65
1768542,17685.42
1768619,17686.19
1768695,17686.95
1768772,17687.72
1768848,17688.48
1768924,17689.24
1768999,17689.99
1769075,17690.75
1769150,17691.5
1769225,17692.25
1769301,17693.01
1769376,17693.76
1769451,17694.51
1769526,17695.26
1769600,17696.0
1769675,17696.75
1769749,17697.49
1769824,17698.24
1769898,17698.98
1769973,17699.73
1770047,17700.47
1770122,17701.22
1770197,17701.97
1770273,17702.73
1770348,17703.48
1770424,17704.24
1770500,17705.0
1770576,17705.76
1770651,17706.51
1770727,17707.27
1770803,17708.03
1770879,17708.79
1770955,17709.55
1771031,17710.31
1771108,17711.08
1771184,17711.84
1771260,17712.6
1771336,17713.36
1771412,17714.12
1771487,17714.87
1771563,17715.63
1771639,17716.39
1771714,17717.14
1771789,17717.89
1771865,17718.65
1771940,17719.4
1772015,17720.15
1772090,17720.9
1772165,17721.65
1772240,17722.4
1772316,17723.16
1772390,17723.9
1772465,17724.65
1772539,17725.39
1772612,17726.12
1772687,17726.87
1772760,17727.6
1772833,17728.33
1772906,17729.06
1772979,17729.79
1773053,17730.53
1773126,17731.26
1773198,17731.98
1773269,17732.69
1773339,17733.39
1773409,17734.09
1773478,17734.78
1773545,17735.45
1773615,17736.15
1773686,17736.86
1773757,17737.57
1773831,17738.31
1773908,17739.08
1773988,17739.88
1774068,17740.68
1774146,17741.46
1774225,17742.25
1774302,17743.02
1774379,17743.79
1774456,17744.56
1774531,17745.31
1774606,17746.06
1774679,17746.79
1774753,17747.53
1774826,17748.26
1774900,17749.0
1774974,17749.74
1775048,17750.48
1775122,17751.22
1775196,17751.96
1775271,17752.71
1775346,17753.46
1775421,17754.21
1775496,17754.96
1775571,17755.71
1775646,17756.46
1775722,17757.22
1775798,17757.98
1775873,17758.73
1775950,17759.5
1776025,17760.25
1776099,17760.99
1776172,17761.72
1776245,17762.45
1776316,17763.16
1776389,17763.89
1776463,17764.63
1776538,17765.38
1776615,17766.15
1776690,17766.9
1776769,17767.69
1776848,17768.48
1776928,17769.28
1777008,17770.08
1777087,17770.87
1777165,17771.65
1777243,17772.43
1777320,17773.2
1777397,17773.97
1777473,17774.73
1777549,17775.49
1777626,17776.26
1777703,17777.03
1777780,17777.8
1777857,17778.57
1777934,17779.34
1778012,17780.12
1778089,17780.89
1778167,17781.67
1778244,17782.44
1778322,17783.22
1778400,17784.0
1778479,17784.79
1778558,17785.58
1778636,17786.36
1778716,17787.16
1778795,17787.95
1778875,17788.75
1778955,17789.55
1779033,17790.33
1779112,17791.12
1779191,17791.91
1779271,17792.71
1779351,17793.51
1779432,17794.32
1779513,17795.13
1779594,17795.94
1779676,17796.76
1779756,17797.56
1779837,17798.37
1779917,17799.17
1779996,17799.96
1780075,17800.75
1780155,17801.55
1780234,17802.34
1780313,17803.13
1780392,17803.92
1780469,17804.69
1780546,17805.46
1780624,17806.24
1780701,17807.01
1780779,17807.79
1780856,17808.56
1780934,17809.34
1781012,17810.12
1781091,17810.91
1781170,17811.7
1781249,17812.49
1781328,17813.28
1781406,17814.06
1781485,17814.85
1781563,17815.63
1781641,17816.41
1781719,17817.19
1781796,17817.96
1781874,17818.74
1781951,17819.51
1782029,17820.29
1782106,17821.06
1782183,17821.83
1782260,17822.6
1782337,17823.37
1782414,17824.14
1782491,17824.91
1782568,17825.68
1782645,17826.45
1782721,17827.21
1782798,17827.98
1782875,17828.75
1782951,17829.51
1783028,17830.28
1783105,17831.05
1783182,17831.82
1783260,17832.6
1783337,17833.37
1783415,17834.15
1783493,17834.93
1783570,17835.7
1783648,17836.48
1783726,17837.26
1783804,17838.04
1783882,17838.82
1783960,17839.6
1784038,17840.38
1784115,17841.15
1784193,17841.93
1784270,17842.7
1784347,17843.47
1784423,17844.23
1784499,17844.99
1784574,17845.74
1784648,17846.48
1784723,17847.23
1784798,17847.98
1784873,17848.73
1784949,17849.49
1785025,17850.25
1785101,17851.01
1785178,17851.78
1785253,17852.53
1785329,17853.29
1785406,17854.06
1785482,17854.82
1785559,17855.59
1785635,17856.35
1785712,17857.12
1785789,17857.89
1785867,17858.67
1785945,17859.45
1786023,17860.23
1786101,17861.01
1786179,17861.79
1786258,17862.58
1786335,17863.35
1786413,17864.13
1786491,17864.91
1786567,17865.67
1786645,17866.45
1786722,17867.22
1786798,17867.98
1786874,17868.74
1786950,17869.5
1787026,17870.26
1787102,17871.02
1787178,17871.78
1787255,17872.55
1787332,17873.32
1787408,17874.08
1787485,17874.85
1787562,17875.62
1787639,17876.39
1787715,17877.15
1787792,17877.92
1787868,17878.68
1787945,17879.45
1788022,17880.22
1788099,17880.99
1788177,17881.77
1788254,17882.54
1788331,17883.31
1788407,17884.07
1788484,17884.84
1788561,17885.61
1788637,17886.37
1788713,17887.13
1788789,17887.89
1788865,17888.65
1788941,17889.41
1789016,17890.16
1789092,17890.92
1789167,17891.67
1789243,17892.43
1789317,17893.17
1789393,17893.93
1789469,17894.69
1789544,17895.44
1789620,17896.2
1789697,17896.97
1789773,17897.73
1789850,17898.5
1789926,17899.26
1790003,17900.03
1790080,17900.8
1790157,17901.57
1790233,17902.33
1790310,17903.1
1790386,17903.86
1790462,17904.62
1790538,17905.38
1790615,17906.15
1790690,17906.9
1790767,17907.67
1790842,17908.42
1790917,17909.17
1790993,17909.93
1791068,17910.68
1791144,17911.44
1791219,17912.19
1791294,17912.94
1791370,17913.7
1791446,17914.46
1791523,17915.23
1791600,17916.0
1791676,17916.76
1791752,17917.52
1791829,17918.29
1791906,17919.06
1791982,17919.82
1792058,17920.58
1792134,17921.34
1792210,17922.1
1792286,17922.86
1792362,17923.62
1792438,17924.38
1792514,17925.14
1792591,17925.91
1792669,17926.69
1792746,17927.46
1792824,17928.24
1792901,17929.01
1792979,17929.79
1793058,17930.58
1793136,17931.36
1793214,17932.14
1793292,17932.92
1793371,17933.71
1793449,17934.49
1793527,17935.27
1793606,17936.06
1793683,17936.83
1793762,17937.62
1793839,17938.39
1793917,17939.17
1793995,17939.95
1794072,17940.72
1794150,17941.5
1794227,17942.27
1794304,17943.04
1794381,17943.81
1794459,17944.59
1794536,17945.36
1794615,17946.15
1794694,17946.94
1794772,17947.72
1794850,17948.5
1794929,17949.29
1795007,17950.07
1795085,17950.85
1795162,17951.62
1795240,17952.4
1795317,17953.17
1795395,17953.95
1795472,17954.72
1795548,17955.48
1795625,17956.25
1795702,17957.02
1795779,17957.79
1795856,17958.56
1795933,17959.33
1796010,17960.1
1796087,17960.87
1796164,17961.64
1796242,17962.42
1796320,17963.2
1796398,17963.98
1796475,17964.75
1796552,17965.52
1796629,17966.29
1796706,17967.06
1796783,17967.83
1796859,17968.59
1796936,17969.36
1797012,17970.12
1797090,17970.9
1797167,17971.67
1797245,17972.45
1797323,17973.23
1797401,17974.01
1797479,17974.79
1797557,17975.57
1797635,17976.35
1797712,17977.12
1797789,17977.89
1797866,17978.66
1797942,17979.42
1798018,17980.18
1798093,17980.93
1798169,17981.69
1798244,17982.44
1798320,17983.2
1798396,17983.96
1798472,17984.72
1798548,17985.48
1798624,17986.24
1798701,17987.01
1798777,17987.77
1798854,17988.54
1798929,17989.29
1799005,17990.05
1799080,17990.8
1799154,17991.54
1799227,17992.27
1799300,17993.0
1799373,17993.73
1799446,17994.46
1799519,17995.19
1799593,17995.93
1799667,17996.67
1799742,17997.42
1799817,17998.17
1799892,17998.92
1799967,17999.67
1800043,18000.43
1800119,18001.19
1800196,18001.96
1800272,18002.72
1800349,18003.49
1800425,18004.25
1800502,18005.02
1800579,18005.79
1800655,18006.55
1800732,18007.32
1800809,18008.09
1800886,18008.86
1800963,18009.63
1801040,18010.4
1801117,18011.17
1801193,18011.93
1801269,18012.69
1801346,18013.46
1801422,18014.22
1801499,18014.99
1801576,18015.76
1801652,18016.52
1801728,18017.28
1801804,18018.04
1801880,18018.8
1801956,18019.56
1802031,18020.31
1802107,18021.07
1802182,18021.82
1802257,18022.57
1802333,18023.33
1802408,18024.08
1802484,18024.84
1802559,18025.59
1802634,18026.34
1802710,18027.1
1802785,18027.85
1802860,18028.6
1802935,18029.35
1803010,18030.1
1803085,18030.85
1803161,18031.61
1803235,18032.35
1803311,18033.11
1803386,18033.86
1803462,18034.62
1803537,18035.37
1803613,18036.13
1803689,18036.89
1803766,18037.66
1803842,18038.42
1803919,18039.19
1803995,18039.95
1804072,18040.72
1804147,18041.47
1804222,18042.22
1804297,18042.97
1804371,18043.71
1804445,18044.45
1804520,18045.2
1804594,18045.94
1804668,18046.68
1804743,18047.43
1804818,18048.18
1804893,18048.93
1804967,18049.67
1805041,18050.41
1805113,18051.13
1805185,18051.85
1805256,18052.56
1805326,18053.26
1805397,18053.97
1805466,18054.66
1805536,18055.36
1805606,18056.06
1805675,18056.75
1805745,18057.45
1805815,18058.15
1805886,18058.86
1805957,18059.57
1806029,18060.29
1806102,18061.02
1806177,18061.77
1806252,18062.52
1806328,18063.28
1806404,18064.04
1806479,18064.79
1806555,18065.55
1806631,18066.31
1806708,18067.08
1806783,18067.83
1806859,18068.59
1806935,18069.35
1807010,18070.1
1807087,18070.87
1807164,18071.64
1807241,18072.41
1807318,18073.18
1807395,18073.95
1807471,18074.71
1807547,18075.47
1807623,18076.23
1807699,18076.99
1807774,18077.74
1807849,18078.49
1807923,18079.23
1807996,18079.96
1808070,18080.7
1808144,18081.44
1808219,18082.19
1808295,18082.95
1808371,18083.71
1808445,18084.45
1808519,18085.19
1808593,18085.93
1808665,18086.65
1808738,18087.38
1808811,18088.11
1808883,18088.83
1808956,18089.56
1809029,18090.29
1809103,18091.03
1809177,18091.77
1809251,18092.51
1809325,18093.25
1809399,18093.99
1809473,18094.73
1809549,18095.49
1809625,18096.25
1809700,18097.0
1809775,18097.75
1809850,18098.5
1809925,18099.25
1810001,18100.01
1810077,18100.77
1810153,18101.53
1810228,18102.28
1810305,18103.05
1810381,18103.81
1810458,18104.58
1810534,18105.34
1810610,18106.1
1810686,18106.86
1810762,18107.62
1810838,18108.38
1810914,18109.14
1810989,18109.89
1811065,18110.65
1811142,18111.42
1811219,18112.19
1811295,18112.95
1811372,18113.72
1811449,18114.49
1811527,18115.27
1811604,18116.04
1811681,18116.81
1811759,18117.59
1811838,18118.38
1811917,18119.17
1811995,18119.95
1812073,18120.73
1812151,18121.51
1812229,18122.29
1812307,18123.07
1812384,18123.84
1812460,18124.6
1812536,18125.36
1812612,18126.12
1812687,18126.87
1812764,18127.64
1812840,18128.4
1812916,18129.16
1812992,18129.92
1813069,18130.69
1813146,18131.46
1813224,18132.24
1813301,18133.01
1813377,18133.77
1813453,18134.53
1813529,18135.29
1813605,18136.05
1813680,18136.8
1813757,18137.57
1813833,18138.33
1813909,18139.09
1813986,18139.86
1814063,18140.63
1814140,18141.4
1814217,18142.17
1814294,18142.94
1814371,18143.71
1814448,18144.48
1814525,18145.25
1814602,18146.02
1814680,18146.8
1814757,18147.57
1814835,18148.35
1814914,18149.14
1814992,18149.92
1815071,18150.71
1815150,18151.5
1815228,18152.28
1815307,18153.07
1815385,18153.85
1815462,18154.62
1815540,18155.4
1815618,18156.18
1815695,18156.95
1815771,18157.71
1815848,18158.48
1815924,18159.24
1816001,18160.01
1816078,18160.78
1816154,18161.54
1816230,18162.3
1816307,18163.07
1816383,18163.83
1816460,18164.6
1816536,18165.36
1816612,18166.12
1816688,18166.88
1816763,18167.63
1816839,18168.39
1816914,18169.14
1816990,18169.9
1817065,18170.65
1817140,18171.4
1817215,18172.15
1817290,18172.9
1817365,18173.65
1817441,18174.41
1817516,18175.16
1817592,18175.92
1817667,18176.67
1817744,18177.44
1817820,18178.2
1817896,18178.96
1817972,18179.72
1818047,18180.47
1818123,18181.23
1818198,18181.98
1818274,18182.74
1818349,18183.49
1818424,18184.24
1818498,18184.98
1818574,18185.74
1818649,18186.49
1818724,18187.24
1818798,18187.98
1818870,18188.7
1818940,18189.4
1819009,18190.09
1819077,18190.77
1819147,18191.47
1819216,18192.16
1819287,18192.87
1819360,18193.6
1819437,18194.37
1819515,18195.15
1819593,18195.93
1819673,18196.73
1819753,18197.53
1819834,18198.34
1819915,18199.15
1819993,18199.93
1820071,18200.71
1820148,18201.48
1820225,18202.25
1820301,18203.01
1820376,18203.76
1820451,18204.51
1820524,18205.24
1820597,18205.97
1820669,18206.69
1820743,18207.43
1820817,18208.17
1820892,18208.92
1820967,18209.67
1821041,18210.41
1821116,18211.16
1821191,18211.91
1821267,18212.67
1821345,18213.45
1821421,18214.21
1821498,18214.98
1821574,18215.74
1821651,18216.51
1821728,18217.28
1821805,18218.05
1821882,18218.82
1821959,18219.59
1822036,18220.36
1822113,18221.13
1822190,18221.9
1822268,18222.68
1822345,18223.45
1822423,18224.23
1822501,18225.01
1822579,18225.79
1822657,18226.57
1822734,18227.34
1822812,18228.12
1822890,18228.9
1822968,18229.68
1823045,18230.45
1823123,18231.23
1823201,18232.01
1823279,18232.79
1823355,18233.55
1823432,18234.32
1823509,18235.09
1823587,18235.87
1823663,18236.63
1823739,18237.39
1823816,18238.16
1823894,18238.94
1823971,18239.71
1824049,18240.49
1824127,18241.27
1824207,18242.07
1824287,18242.87
1824368,18243.68
1824449,18244.49
1824529,18245.29
1824609,18246.09
1824690,18246.9
1824770,18247.7
1824850,18248.5
1824929,18249.29
1825008,18250.08
1825088,18250.88
1825168,18251.68
1825247,18252.47
1825326,18253.26
1825404,18254.04
1825484,18254.84
1825563,18255.63
1825642,18256.42
1825722,18257.22
1825801,18258.01
1825881,18258.81
1825961,18259.61
1826040,18260.4
1826118,18261.18
1826197,18261.97
1826274,18262.74
1826352,18263.52
1826430,18264.3
1826507,18265.07
1826584,18265.84
1826662,18266.62
1826739,18267.39
1826817,18268.17
1826894,18268.94
1826972,18269.72
1827049,18270.49
1827127,18271.27
1827205,18272.05
1827283,18272.83
1827360,18273.6
1827438,18274.38
1827516,18275.16
1827593,18275.93
1827672,18276.72
1827750,18277.5
1827827,18278.27
1827905,18279.05
1827982,18279.82
1828059,18280.59
1828137,18281.37
1828214,18282.14
1828292,18282.92
1828370,18283.7
1828449,18284.49
1828527,18285.27
1828604,18286.04
1828683,18286.83
1828761,18287.61
1828840,18288.4
1828919,18289.19
1828998,18289.98
1829075,18290.75
1829154,18291.54
1829232,18292.32
1829311,18293.11
1829390,18293.9
1829469,18294.69
1829547,18295.47
1829626,18296.26
1829706,18297.06
1829784,18297.84
1829862,18298.62
1829938,18299.38
1830014,18300.14
1830089,18300.89
1830164,18301.64
1830239,18302.39
1830313,18303.13
1830389,18303.89
1830464,18304.64
1830540,18305.4
1830616,18306.16
1830693,18306.93
1830771,18307.71
1830848,18308.48
1830926,18309.26
1831004,18310.04
1831081,18310.81
1831159,18311.59
1831237,18312.37
1831313,18313.13
1831389,18313.89
1831463,18314.63
1831535,18315.35
1831606,18316.06
1831677,18316.77
1831747,18317.47
1831817,18318.17
1831889,18318.89
1831965,18319.65
1832043,18320.43
1832121,18321.21
1832201,18322.01
1832280,18322.8
1832361,18323.61
1832443,18324.43
1832523,18325.23
1832603,18326.03
1832683,18326.83
1832762,18327.62
1832840,18328.4
1832919,18329.19
1832996,18329.96
1833073,18330.73
1833151,18331.51
1833227,18332.27
1833305,18333.05
1833382,18333.82
1833459,18334.59
1833536,18335.36
1833614,18336.14
1833691,18336.91
1833769,18337.69
1833847,18338.47
1833924,18339.24
1834001,18340.01
1834079,18340.79
1834156,18341.56
1834233,18342.33
1834311,18343.11
1834388,18343.88
1834466,18344.66
1834544,18345.44
1834622,18346.22
1834700,18347.0
1834778,18347.78
1834856,18348.56
1834934,18349.34
1835011,18350.11
1835089,18350.89
1835166,18351.66
1835243,18352.43
1835320,18353.2
1835398,18353.98
1835475,18354.75
1835551,18355.51
1835628,18356.28
1835704,18357.04
1835780,18357.8
1835857,18358.57
1835933,18359.33
1836008,18360.08
1836085,18360.85
1836161,18361.61
1836238,18362.38
1836314,18363.14
1836390,18363.9
1836467,18364.67
1836544,18365.44
1836620,18366.2
1836697,18366.97
1836774,18367.74
1836850,18368.5
1836926,18369.26
1837003,18370.03
1837079,18370.79
1837155,18371.55
1837232,18372.32
1837308,18373.08
1837384,18373.84
1837460,18374.6
1837536,18375.36
1837613,18376.13
1837689,18376.89
1837765,18377.65
1837842,18378.42
1837918,18379.18
1837995,18379.95
1838071,18380.71
1838148,18381.48
1838225,18382.25
1838303,18383.03
1838381,18383.81
1838458,18384.58
1838536,18385.36
1838614,18386.14
1838691,18386.91
1838769,18387.69
1838847,18388.47
1838925,18389.25
1839003,18390.03
1839081,18390.81
1839158,18391.58
1839236,18392.36
1839314,18393.14
1839392,18393.92
1839469,18394.69
1839544,18395.44
1839620,18396.2
1839694,18396.94
1839769,18397.69
1839843,18398.43
1839918,18399.18
1839992,18399.92
1840066,18400.66
1840141,18401.41
1840216,18402.16
1840291,18402.91
1840366,18403.66
1840441,18404.41
1840516,18405.16
1840592,18405.92
1840667,18406.67
1840743,18407.43
1840818,18408.18
1840893,18408.93
1840968,18409.68
1841044,18410.44
1841119,18411.19
1841195,18411.95
1841271,18412.71
1841346,18413.46
1841422,18414.22
1841498,18414.98
1841574,18415.74
1841650,18416.5
1841726,18417.26
1841803,18418.03
1841879,18418.79
1841955,18419.55
1842031,18420.31
1842107,18421.07
1842183,18421.83
1842259,18422.59
1842334,18423.34
1842410,18424.1
1842485,18424.85
1842559,18425.59
1842634,18426.34
1842709,18427.09
1842784,18427.84
1842860,18428.6
1842935,18429.35
1843011,18430.11
1843087,18430.87
1843162,18431.62
1843237,18432.37
1843313,18433.13
1843388,18433.88
1843463,18434.63
1843538,18435.38
1843613,18436.13
1843688,18436.88
1843763,18437.63
1843837,18438.37
1843912,18439.12
1843987,18439.87
1844061,18440.61
1844135,18441.35
1844209,18442.09
1844283,18442.83
1844357,18443.57
1844431,18444.31
1844505,18445.05
1844580,18445.8
1844655,18446.55
1844729,18447.29
1844804,18448.04
1844879,18448.79
1844954,18449.54
1845028,18450.28
1845103,18451.03
1845177,18451.77
1845252,18452.52
1845327,18453.27
1845401,18454.01
1845475,18454.75
1845549,18455.49
1845624,18456.24
1845698,18456.98
1845773,18457.73
1845848,18458.48
1845922,18459.22
1845997,18459.97
1846071,18460.71
1846145,18461.45
1846219,18462.19
1846293,18462.93
1846366,18463.66
1846440,18464.4
1846512,18465.12
1846586,18465.86
1846660,18466.6
1846733,18467.33
1846807,18468.07
1846880,18468.8
1846954,18469.54
1847027,18470.27
1847101,18471.01
1847175,18471.75
1847248,18472.48
1847322,18473.22
1847396,18473.96
1847470,18474.7
1847543,18475.43
1847617,18476.17
1847691,18476.91
1847765,18477.65
1847838,18478.38
1847912,18479.12
1847986,18479.86
1848059,18480.59
1848133,18481.33
1848207,18482.07
1848281,18482.81
1848354,18483.54
1848429,18484.29
1848504,18485.04
1848578,18485.78
1848653,18486.53
1848728,18487.28
1848802,18488.02
1848877,18488.77
1848953,18489.53
1849028,18490.28
1849103,18491.03
1849178,18491.78
1849254,18492.54
1849329,18493.29
1849403,18494.03
1849478,18494.78
1849551,18495.51
1849624,18496.24
1849697,18496.97
1849770,18497.7
1849842,18498.42
1849915,18499.15
1849988,18499.88
1850062,18500.62
1850136,18501.36
1850211,18502.11
1850286,18502.86
1850361,18503.61
1850437,18504.37
1850512,18505.12
1850587,18505.87
1850663,18506.63
1850739,18507.39
1850813,18508.13
1850888,18508.88
1850963,18509.63
1851038,18510.38
1851114,18511.14
1851189,18511.89
1851264,18512.64
1851339,18513.39
1851414,18514.14
1851491,18514.91
1851568,18515.68
1851644,18516.44
1851721,18517.21
1851798,18517.98
1851875,18518.75
1851952,18519.52
1852028,18520.28
1852103,18521.03
1852179,18521.79
1852255,18522.55
1852330,18523.3
1852406,18524.06
1852482,18524.82
1852559,18525.59
1852635,18526.35
1852711,18527.11
1852788,18527.88
1852865,18528.65
1852943,18529.43
1853021,18530.21
1853098,18530.98
1853175,18531.75
1853252,18532.52
1853330,18533.3
1853408,18534.08
1853484,18534.84
1853560,18535.6
1853636,18536.36
1853712,18537.12
1853788,18537.88
1853863,18538.63
1853938,18539.38
1854013,18540.13
1854089,18540.89
1854164,18541.64
1854240,18542.4
1854315,18543.15
1854390,18543.9
1854466,18544.66
1854541,18545.41
1854617,18546.17
1854694,18546.94
1854771,18547.71
1854847,18548.47
1854924,18549.24
1855001,18550.01
1855079,18550.79
1855156,18551.56
1855233,18552.33
1855309,18553.09
1855386,18553.86
1855462,18554.62
1855539,18555.39
1855615,18556.15
1855691,18556.91
1855768,18557.68
1855843,18558.43
1855919,18559.19
1855995,18559.95
1856071,18560.71
1856147,18561.47
1856224,18562.24
1856300,18563.0
1856376,18563.76
1856452,18564.52
1856528,18565.28
1856605,18566.05
1856682,18566.82
1856759,18567.59
1856837,18568.37
1856914,18569.14
1856991,18569.91
1857069,18570.69
1857146,18571.46
1857223,18572.23
1857300,18573.0
1857376,18573.76
1857454,18574.54
1857531,18575.31
1857608,18576.08
1857685,18576.85
1857762,18577.62
1857840,18578.4
1857917,18579.17
1857994,18579.94
1858071,18580.71
1858148,18581.48
1858226,18582.26
1858303,18583.03
1858380,18583.8
1858457,18584.57
1858534,18585.34
1858610,18586.1
1858686,18586.86
1858761,18587.61
1858838,18588.38
1858915,18589.15
1858992,18589.92
1859069,18590.69
1859146,18591.46
1859221,18592.21
1859296,18592.96
1859371,18593.71
1859446,18594.46
1859520,18595.2
1859596,18595.96
1859672,18596.72
1859748,18597.48
1859823,18598.23
1859899,18598.99
1859976,18599.76
1860053,18600.53
1860129,18601.29
1860206,18602.06
1860282,18602.82
1860359,18603.59
1860435,18604.35
1860510,18605.1
1860586,18605.86
1860662,18606.62
1860737,18607.37
1860812,18608.12
1860886,18608.86
1860961,18609.61
1861036,18610.36
1861110,18611.1
1861185,18611.85
1861260,18612.6
1861335,18613.35
1861410,18614.1
1861485,18614.85
1861561,18615.61
1861636,18616.36
1861711,18617.11
1861787,18617.87
1861863,18618.63
1861938,18619.38
1862015,18620.15
1862091,18620.91
1862167,18621.67
1862243,18622.43
1862319,18623.19
1862396,18623.96
1862472,18624.72
1862548,18625.48
1862624,18626.24
1862700,18627.0
1862776,18627.76
1862852,18628.52
1862928,18629.28
1863004,18630.04
1863080,18630.8
1863156,18631.56
1863231,18632.31
1863307,18633.07
1863383,18633.83
1863458,18634.58
1863533,18635.33
1863607,18636.07
1863682,18636.82
1863756,18637.56
1863831,18638.31
1863905,18639.05
1863979,18639.79
1864053,18640.53
1864128,18641.28
1864205,18642.05
1864281,18642.81
1864358,18643.58
1864435,18644.35
1864512,18645.12
1864590,18645.9
1864667,18646.67
1864744,18647.44
1864820,18648.2
1864897,18648.97
1864973,18649.73
1865049,18650.49
1865125,18651.25
1865200,18652.0
1865275,18652.75
1865350,18653.5
1865424,18654.24
1865499,18654.99
1865574,18655.74
1865650,18656.5
1865725,18657.25
1865802,18658.02
1865878,18658.78
1865954,18659.54
1866029,18660.29
1866105,18661.05
1866181,18661.81
1866257,18662.57
1866332,18663.32
1866408,18664.08
1866483,18664.83
1866558,18665.58
1866632,18666.32
1866707,18667.07
1866782,18667.82
1866857,18668.57
1866932,18669.32
1867008,18670.08
1867083,18670.83
1867159,18671.59
1867234,18672.34
1867311,18673.11
1867387,18673.87
1867463,18674.63
1867539,18675.39
1867616,18676.16
1867693,18676.93
1867770,18677.7
1867847,18678.47
1867924,18679.24
1868000,18680.0
1868076,18680.76
1868151,18681.51
1868227,18682.27
1868303,18683.03
1868379,18683.79
1868454,18684.54
1868530,18685.3
1868606,18686.06
1868682,18686.82
1868759,18687.59
1868836,18688.36
1868913,18689.13
1868990,18689.9
1869068,18690.68
1869144,18691.44
1869222,18692.22
1869300,18693.0
1869377,18693.77
1869455,18694.55
1869532,18695.32
1869609,18696.09
1869686,18696.86
1869763,18697.63
1869839,18698.39
1869914,18699.14
1869991,18699.91
1870067,18700.67
1870143,18701.43
1870219,18702.19
1870294,18702.94
1870369,18703.69
1870446,18704.46
1870522,18705.22
1870598,18705.98
1870674,18706.74
1870749,18707.49
1870825,18708.25
1870901,18709.01
1870977,18709.77
1871053,18710.53
1871129,18711.29
1871204,18712.04
1871279,18712.79
1871353,18713.53
1871426,18714.26
1871499,18714.99
1871570,18715.7
1871640,18716.4
1871709,18717.09
1871777,18717.77
1871845,18718.45
1871912,18719.12
1871978,18719.78
1872044,18720.44
1872111,18721.11
1872179,18721.79
1872248,18722.48
1872318,18723.18
1872387,18723.87
1872458,18724.58
1872529,18725.29
1872600,18726.0
1872673,18726.73
1872744,18727.44
1872816,18728.16
1872888,18728.88
1872960,18729.6
1873032,18730.32
1873105,18731.05
1873177,18731.77
1873249,18732.49
1873320,18733.2
1873391,18733.91
1873461,18734.61
1873532,18735.32
1873604,18736.04
1873677,18736.77
1873750,18737.5
1873824,18738.24
1873897,18738.97
1873970,18739.7
1874042,18740.42
1874115,18741.15
1874189,18741.89
1874262,18742.62
1874334,18743.34
1874406,18744.06
1874478,18744.78
1874550,18745.5
1874624,18746.24
1874699,18746.99
1874773,18747.73
1874848,18748.48
1874922,18749.22
1874998,18749.98
1875073,18750.73
1875148,18751.48
1875222,18752.22
1875295,18752.95
1875368,18753.68
1875439,18754.39
1875511,18755.11
1875583,18755.83
1875655,18756.55
1875726,18757.26
1875798,18757.98
1875869,18758.69
1875943,18759.43
1876017,18760.17
1876092,18760.92
1876168,18761.68
1876245,18762.45
1876322,18763.22
1876401,18764.01
1876479,18764.79
1876557,18765.57
1876635,18766.35
1876712,18767.12
1876790,18767.9
1876868,18768.68
1876948,18769.48
1877026,18770.26
1877104,18771.04
1877182,18771.82
1877259,18772.59
1877335,18773.35
1877412,18774.12
1877487,18774.87
1877561,18775.61
1877634,18776.34
1877705,18777.05
1877775,18777.75
1877843,18778.43
1877911,18779.11
1877978,18779.78
1878045,18780.45
1878111,18781.11
1878178,18781.78
1878245,18782.45
1878311,18783.11
1878377,18783.77
1878443,18784.43
1878509,18785.09
1878574,18785.74
1878640,18786.4
1878705,18787.05
1878771,18787.71
1878836,18788.36
1878901,18789.01
1878965,18789.65
1879030,18790.3
1879094,18790.94
1879158,18791.58
1879222,18792.22
1879285,18792.85
1879348,18793.48
1879411,18794.11
1879475,18794.75
1879537,18795.37
1879600,18796.0
1879662,18796.62
1879724,18797.24
1879786,18797.86
1879847,18798.47
1879908,18799.08
1879969,18799.69
1880030,18800.3
1880090,18800.9
1880151,18801.51
1880211,18802.11
1880273,18802.73
1880336,18803.36
1880401,18804.01
1880470,18804.7
1880543,18805.43
1880621,18806.21
1880699,18806.99
1880778,18807.78
1880859,18808.59
1880939,18809.39
1881018,18810.18
1881097,18810.97
1881174,18811.74
1881249,18812.49
1881323,18813.23
1881398,18813.98
1881472,18814.72
1881548,18815.48
1881623,18816.23
1881696,18816.96
1881769,18817.69
1881841,18818.41
1881915,18819.15
1881987,18819.87
1882060,18820.6
1882133,18821.33
1882203,18822.03
1882273,18822.73
1882341,18823.41
1882409,18824.09
1882477,18824.77
1882544,18825.44
1882613,18826.13
1882683,18826.83
1882753,18827.53
1882824,18828.24
1882896,18828.96
1882969,18829.69
1883045,18830.45
1883121,18831.21
1883196,18831.96
1883270,18832.7
1883345,18833.45
1883420,18834.2
1883497,18834.97
1883575,18835.75
1883653,18836.53
1883730,18837.3
1883806,18838.06
1883882,18838.82
1883958,18839.58
1884035,18840.35
1884110,18841.1
1884185,18841.85
1884259,18842.59
1884333,18843.33
1884407,18844.07
1884481,18844.81
1884556,18845.56
1884629,18846.29
1884701,18847.01
1884772,18847.72
1884843,18848.43
1884913,18849.13
1884984,18849.84
1885054,18850.54
1885124,18851.24
1885194,18851.94
1885264,18852.64
1885333,18853.33
1885404,18854.04
1885476,18854.76
1885548,18855.48
1885619,18856.19
1885690,18856.9
1885761,18857.61
1885831,18858.31
1885902,18859.02
1885972,18859.72
1886042,18860.42
1886112,18861.12
1886182,18861.82
1886250,18862.5
1886319,18863.19
1886388,18863.88
1886458,18864.58
1886529,18865.29
1886602,18866.02
1886675,18866.75
1886747,18867.47
1886820,18868.2
1886894,18868.94
1886969,18869.69
1887046,18870.46
1887126,18871.26
1887206,18872.06
1887286,18872.86
1887367,18873.67
1887447,18874.47
1887527,18875.27
1887606,18876.06
1887685,18876.85
1887763,18877.63
1887842,18878.42
1887920,18879.2
1887998,18879.98
1888076,18880.76
1888154,18881.54
1888231,18882.31
1888308,18883.08
1888385,18883.85
1888461,18884.61
1888537,18885.37
1888612,18886.12
1888685,18886.85
1888759,18887.59
1888833,18888.33
1888908,18889.08
1888983,18889.83
1889059,18890.59
1889133,18891.33
1889207,18892.07
1889280,18892.8
1889354,18893.54
1889427,18894.27
1889500,18895.0
1889573,18895.73
1889645,18896.45
1889716,18897.16
1889787,18897.87
1889858,18898.58
1889930,18899.3
1890001,18900.01
1890071,18900.71
1890141,18901.41
1890212,18902.12
1890283,18902.83
1890355,18903.55
1890427,18904.27
1890499,18904.99
1890572,18905.72
1890647,18906.47
1890722,18907.22
1890796,18907.96
1890869,18908.69
1890942,18909.42
1891017,18910.17
1891093,18910.93
1891170,18911.7
1891249,18912.49
1891327,18913.27
1891406,18914.06
1891484,18914.84
1891562,18915.62
1891639,18916.39
1891715,18917.15
1891792,18917.92
1891868,18918.68
1891944,18919.44
1892020,18920.2
1892096,18920.96
1892171,18921.71
1892246,18922.46
1892321,18923.21
1892395,18923.95
1892467,18924.67
1892539,18925.39
1892610,18926.1
1892681,18926.81
1892752,18927.52
1892823,18928.23
1892894,18928.94
1892964,18929.64
1893034,18930.34
1893105,18931.05
1893176,18931.76
1893247,18932.47
1893316,18933.16
1893386,18933.86
1893455,18934.55
1893524,18935.24
1893594,18935.94
1893665,18936.65
1893734,18937.34
1893804,18938.04
1893873,18938.73
1893942,18939.42
1894011,18940.11
1894079,18940.79
1894147,18941.47
1894215,18942.15
1894283,18942.83
1894351,18943.51
1894419,18944.19
1894490,18944.9
1894565,18945.65
1894645,18946.45
1894726,18947.26
1894808,18948.08
1894890,18948.9
1894973,18949.73
1895054,18950.54
1895135,18951.35
1895215,18952.15
1895294,18952.94
1895374,18953.74
1895452,18954.52
1895531,18955.31
1895610,18956.1
1895690,18956.9
1895769,18957.69
1895847,18958.47
1895925,18959.25
1896002,18960.02
1896079,18960.79
1896156,18961.56
1896232,18962.32
1896308,18963.08
1896382,18963.82
1896456,18964.56
1896529,18965.29
1896602,18966.02
1896676,18966.76
1896750,18967.5
1896825,18968.25
1896898,18968.98
1896970,18969.7
1897042,18970.42
1897114,18971.14
1897187,18971.87
1897260,18972.6
1897332,18973.32
1897403,18974.03
1897474,18974.74
1897544,18975.44
1897616,18976.16
1897687,18976.87
1897757,18977.57
1897828,18978.28
1897899,18978.99
1897970,18979.7
1898040,18980.4
1898110,18981.1
1898180,18981.8
1898250,18982.5
1898321,18983.21
1898394,18983.94
1898469,18984.69
1898545,18985.45
1898624,18986.24
1898705,18987.05
1898788,18987.88
1898872,18988.72
1898957,18989.57
1899041,18990.41
1899124,18991.24
1899207,18992.07
1899290,18992.9
1899371,18993.71
1899451,18994.51
1899531,18995.31
1899611,18996.11
1899690,18996.9
1899769,18997.69
1899848,18998.48
1899927,18999.27
1900006,19000.06
1900083,19000.83
1900160,19001.6
1900237,19002.37
1900314,19003.14
1900390,19003.9
1900466,19004.66
1900542,19005.42
1900618,19006.18
1900694,19006.94
1900769,19007.69
1900843,19008.43
1900916,19009.16
1900989,19009.89
1901062,19010.62
1901135,19011.35
1901208,19012.08
1901280,19012.8
1901353,19013.53
1901425,19014.25
1901497,19014.97
1901571,19015.71
1901644,19016.44
1901716,19017.16
1901788,19017.88
1901859,19018.59
1901929,19019.29
1901999,19019.99
1902069,19020.69
1902139,19021.39
1902209,19022.09
1902279,19022.79
1902349,19023.49
1902418,19024.18
1902487,19024.87
1902555,19025.55
1902624,19026.24
1902694,19026.94
1902768,19027.68
1902847,19028.47
1902932,19029.32
1903017,19030.17
1903099,19030.99
1903180,19031.8
1903262,19032.62
1903346,19033.46
1903429,19034.29
1903511,19035.11
1903594,19035.94
1903677,19036.77
1903760,19037.6
1903841,19038.41
1903923,19039.23
1904005,19040.05
1904085,19040.85
1904166,19041.66
1904245,19042.45
1904324,19043.24
1904402,19044.02
1904479,19044.79
1904557,19045.57
1904635,19046.35
1904712,19047.12
1904789,19047.89
1904866,19048.66
1904942,19049.42
1905017,19050.17
1905090,19050.9
1905163,19051.63
1905236,19052.36
1905310,19053.1
1905384,19053.84
1905459,19054.59
1905533,19055.33
1905606,19056.06
1905679,19056.79
1905753,19057.53
1905826,19058.26
1905899,19058.99
1905972,19059.72
1906044,19060.44
1906116,19061.16
1906189,19061.89
1906261,19062.61
1906334,19063.34
1906407,19064.07
1906481,19064.81
1906557,19065.57
1906635,19066.35
1906713,19067.13
1906792,19067.92
1906871,19068.71
1906950,19069.5
1907031,19070.31
1907113,19071.13
1907194,19071.94
1907275,19072.75
1907356,19073.56
1907436,19074.36
1907516,19075.16
1907596,19075.96
1907675,19076.75
1907754,19077.54
1907833,19078.33
1907912,19079.12
1907990,19079.9
1908069,19080.69
1908148,19081.48
1908228,19082.28
1908306,19083.06
1908384,19083.84
1908461,19084.61
1908537,19085.37
1908612,19086.12
1908686,19086.86
1908758,19087.58
1908831,19088.31
1908904,19089.04
1908978,19089.78
1909052,19090.52
1909128,19091.28
1909201,19092.01
1909274,19092.74
1909347,19093.47
1909419,19094.19
1909492,19094.92
1909565,19095.65
1909639,19096.39
1909712,19097.12
1909783,19097.83
1909856,19098.56
1909928,19099.28
1910001,19100.01
1910073,19100.73
1910147,19101.47
1910222,19102.22
1910298,19102.98
1910375,19103.75
1910452,19104.52
1910530,19105.3
1910610,19106.1
1910691,19106.91
1910772,19107.72
1910852,19108.52
1910932,19109.32
1911011,19110.11
1911090,19110.9
1911169,19111.69
1911247,19112.47
1911324,19113.24
1911400,19114.0
1911475,19114.75
1911549,19115.49
1911623,19116.23
1911696,19116.96
1911770,19117.7
1911843,19118.43
1911916,19119.16
1911990,19119.9
1912063,19120.63
1912134,19121.34
1912205,19122.05
1912277,19122.77
1912349,19123.49
1912422,19124.22
1912495,19124.95
1912569,19125.69
1912640,19126.4
1912712,19127.12
1912784,19127.84
1912857,19128.57
1912930,19129.3
1913003,19130.03
1913074,19130.74
1913145,19131.45
1913215,19132.15
1913286,19132.86
1913356,19133.56
1913425,19134.25
1913495,19134.95
1913565,19135.65
1913635,19136.35
1913704,19137.04
1913773,19137.73
1913842,19138.42
1913912,19139.12
1913986,19139.86
1914062,19140.62
1914140,19141.4
1914222,19142.22
1914309,19143.09
1914398,19143.98
1914487,19144.87
1914577,19145.77
1914665,19146.65
1914753,19147.53
1914840,19148.4
1914926,19149.26
1915012,19150.12
1915096,19150.96
1915180,19151.8
1915263,19152.63
1915346,19153.46
1915429,19154.29
1915511,19155.11
1915592,19155.92
1915674,19156.74
1915755,19157.55
1915836,19158.36
1915916,19159.16
1915995,19159.95
1916074,19160.74
1916151,19161.51
1916228,19162.28
1916305,19163.05
1916383,19163.83
1916459,19164.59
1916535,19165.35
1916610,19166.1
1916683,19166.83
1916755,19167.55
1916829,19168.29
1916903,19169.03
1916978,19169.78
1917054,19170.54
1917129,19171.29
1917204,19172.04
1917278,19172.78
1917351,19173.51
1917426,19174.26
1917501,19175.01
1917573,19175.73
1917645,19176.45
1917715,19177.15
1917786,19177.86
1917858,19178.58
1917930,19179.3
1918001,19180.01
1918072,19180.72
1918144,19181.44
1918215,19182.15
1918287,19182.87
1918359,19183.59
1918431,19184.31
1918504,19185.04
1918582,19185.82
1918665,19186.65
1918749,19187.49
1918834,19188.34
1918918,19189.18
1919005,19190.05
1919092,19190.92
1919178,19191.78
1919263,19192.63
1919346,19193.46
1919428,19194.28
1919510,19195.1
1919591,19195.91
1919670,19196.7
1919749,19197.49
1919828,19198.28
1919905,19199.05
1919982,19199.82
1920058,19200.58
1920134,19201.34
1920210,19202.1
1920287,19202.87
1920362,19203.62
1920437,19204.37
1920512,19205.12
1920587,19205.87
1920662,19206.62
1920737,19207.37
1920812,19208.12
1920887,19208.87
1920962,19209.62
1921036,19210.36
1921110,19211.1
1921182,19211.82
1921256,19212.56
1921329,19213.29
1921404,19214.04
1921478,19214.78
1921552,19215.52
1921626,19216.26
1921699,19216.99
1921772,19217.72
1921846,19218.46
1921920,19219.2
1921993,19219.93
1922066,19220.66
1922138,19221.38
1922210,19222.1
1922282,19222.82
1922355,19223.55
1922428,19224.28
1922500,19225.0
1922574,19225.74
1922649,19226.49
1922726,19227.26
1922804,19228.04
1922882,19228.82
1922961,19229.61
1923042,19230.42
1923124,19231.24
1923207,19232.07
1923289,19232.89
1923372,19233.72
1923455,19234.55
1923537,19235.37
1923618,19236.18
1923699,19236.99
1923780,19237.8
1923861,19238.61
1923941,19239.41
1924021,19240.21
1924100,19241.0
1924179,19241.79
1924257,19242.57
1924334,19243.34
1924411,19244.11
1924486,19244.86
1924561,19245.61
1924635,19246.35
1924709,19247.09
1924782,19247.82
1924855,19248.55
1924930,19249.3
1925006,19250.06
1925084,19250.84
1925161,19251.61
1925237,19252.37
1925312,19253.12
1925387,19253.87
1925462,19254.62
1925538,19255.38
1925611,19256.11
1925684,19256.84
1925756,19257.56
1925826,19258.26
1925897,19258.97
1925968,19259.68
1926039,19260.39
1926109,19261.09
1926178,19261.78
1926248,19262.48
1926317,19263.17
1926385,19263.85
1926452,19264.52
1926520,19265.2
1926589,19265.89
1926661,19266.61
1926741,19267.41
1926829,19268.29
1926918,19269.18
1927007,19270.07
1927096,19270.96
1927183,19271.83
1927271,19272.71
1927359,19273.59
1927447,19274.47
1927535,19275.35
1927621,19276.21
1927706,19277.06
1927789,19277.89
1927870,19278.7
1927951,19279.51
1928030,19280.3
1928110,19281.1
1928188,19281.88
1928267,19282.67
1928345,19283.45
1928423,19284.23
1928501,19285.01
1928579,19285.79
1928657,19286.57
1928735,19287.35
1928812,19288.12
1928891,19288.91
1928969,19289.69
1929045,19290.45
1929119,19291.19
1929193,19291.93
1929269,19292.69
1929344,19293.44
1929423,19294.23
1929501,19295.01
1929578,19295.78
1929653,19296.53
1929729,19297.29
1929802,19298.02
1929876,19298.76
1929949,19299.49
1930022,19300.22
1930095,19300.95
1930168,19301.68
1930241,19302.41
1930314,19303.14
1930388,19303.88
1930462,19304.62
1930535,19305.35
1930608,19306.08
1930682,19306.82
1930758,19307.58
1930834,19308.34
1930911,19309.11
1930990,19309.9
1931071,19310.71
1931155,19311.55
1931239,19312.39
1931325,19313.25
1931410,19314.1
1931495,19314.95
1931580,19315.8
1931665,19316.65
1931749,19317.49
1931833,19318.33
1931915,19319.15
1931998,19319.98
1932081,19320.81
1932162,19321.62
1932243,19322.43
1932323,19323.23
1932402,19324.02
1932480,19324.8
1932558,19325.58
1932635,19326.35
1932711,19327.11
1932787,19327.87
1932863,19328.63
1932938,19329.38
1933014,19330.14
1933088,19330.88
1933163,19331.63
1933237,19332.37
1933312,19333.12
1933388,19333.88
1933465,19334.65
1933543,19335.43
1933620,19336.2
1933695,19336.95
1933769,19337.69
1933843,19338.43
1933917,19339.17
1933991,19339.91
1934064,19340.64
1934136,19341.36
1934208,19342.08
1934279,19342.79
1934350,19343.5
1934421,19344.21
1934492,19344.92
1934562,19345.62
1934632,19346.32
1934703,19347.03
1934774,19347.74
1934844,19348.44
1934916,19349.16
1934988,19349.88
1935061,19350.61
1935136,19351.36
1935208,19352.08
1935280,19352.8
1935352,19353.52
1935424,19354.24
1935494,19354.94
1935565,19355.65
1935636,19356.36
1935709,19357.09
1935783,19357.83
1935858,19358.58
1935937,19359.37
1936018,19360.18
1936102,19361.02
1936187,19361.87
1936273,19362.73
1936359,19363.59
1936444,19364.44
1936528,19365.28
1936612,19366.12
1936694,19366.94
1936775,19367.75
1936856,19368.56
1936936,19369.36
1937016,19370.16
1937096,19370.96
1937175,19371.75
1937255,19372.55
1937334,19373.34
1937412,19374.12
1937491,19374.91
1937568,19375.68
1937644,19376.44
1937719,19377.19
1937793,19377.93
1937868,19378.68
1937943,19379.43
1938019,19380.19
1938094,19380.94
1938169,19381.69
1938244,19382.44
1938318,19383.18
1938391,19383.91
1938464,19384.64
1938539,19385.39
1938612,19386.12
1938685,19386.85
1938758,19387.58
1938831,19388.31
1938905,19389.05
1938978,19389.78
1939051,19390.51
1939124,19391.24
1939196,19391.96
1939271,19392.71
1939347,19393.47
1939424,19394.24
1939501,19395.01
1939582,19395.82
1939665,19396.65
1939750,19397.5
1939837,19398.37
1939922,19399.22
1940006,19400.06
1940089,19400.89
1940172,19401.72
1940254,19402.54
1940336,19403.36
1940417,19404.17
1940498,19404.98
1940579,19405.79
1940659,19406.59
1940739,19407.39
1940819,19408.19
1940899,19408.99
1940979,19409.79
1941058,19410.58
1941136,19411.36
1941214,19412.14
1941293,19412.93
1941371,19413.71
1941450,19414.5
1941530,19415.3
1941609,19416.09
1941687,19416.87
1941765,19417.65
1941843,19418.43
1941920,19419.2
1941997,19419.97
1942072,19420.72
1942145,19421.45
1942219,19422.19
1942292,19422.92
1942364,19423.64
1942438,19424.38
1942510,19425.1
1942583,19425.83
1942654,19426.54
1942727,19427.27
1942801,19428.01
1942876,19428.76
1942950,19429.5
1943023,19430.23
1943095,19430.95
1943166,19431.66
1943236,19432.36
1943306,19433.06
1943374,19433.74
1943443,19434.43
1943512,19435.12
1943581,19435.81
1943652,19436.52
1943722,19437.22
1943791,19437.91
1943863,19438.63
1943938,19439.38
1944019,19440.19
1944108,19441.08
1944200,19442.0
1944292,19442.92
1944381,19443.81
1944469,19444.69
1944557,19445.57
1944644,19446.44
1944729,19447.29
1944814,19448.14
1944897,19448.97
1944981,19449.81
1945063,19450.63
1945146,19451.46
1945227,19452.27
1945307,19453.07
1945388,19453.88
1945467,19454.67
1945547,19455.47
1945626,19456.26
1945706,19457.06
1945784,19457.84
1945861,19458.61
1945936,19459.36
1946012,19460.12
1946087,19460.87
1946163,19461.63
1946241,19462.41
1946318,19463.18
1946394,19463.94
1946469,19464.69
1946544,19465.44
1946621,19466.21
1946698,19466.98
1946771,19467.71
1946845,19468.45
1946917,19469.17
1946990,19469.9
1947062,19470.62
1947134,19471.34
1947206,19472.06
1947278,19472.78
1947350,19473.5
1947422,19474.22
1947495,19474.95
1947568,19475.68
1947642,19476.42
1947721,19477.21
1947801,19478.01
1947883,19478.83
1947965,19479.65
1948051,19480.51
1948139,19481.39
1948229,19482.29
1948318,19483.18
1948407,19484.07
1948495,19484.95
1948584,19485.84
1948673,19486.73
1948762,19487.62
1948849,19488.49
1948935,19489.35
1949019,19490.19
1949102,19491.02
1949186,19491.86
1949269,19492.69
1949351,19493.51
1949433,19494.33
1949515,19495.15
1949595,19495.95
1949676,19496.76
1949756,19497.56
1949837,19498.37
1949916,19499.16
1949993,19499.93
1950067,19500.67
1950141,19501.41
1950214,19502.14
1950288,19502.88
1950362,19503.62
1950438,19504.38
1950518,19505.18
1950598,19505.98
1950675,19506.75
1950751,19507.51
1950826,19508.26
1950900,19509.0
1950976,19509.76
1951051,19510.51
1951124,19511.24
1951196,19511.96
1951267,19512.67
1951340,19513.4
1951412,19514.12
1951483,19514.83
1951554,19515.54
1951625,19516.25
1951696,19516.96
1951767,19517.67
1951837,19518.37
1951908,19519.08
1951980,19519.8
1952053,19520.53
1952131,19521.31
1952215,19522.15
1952304,19523.04
1952394,19523.94
1952482,19524.82
1952570,19525.7
1952658,19526.58
1952746,19527.46
1952834,19528.34
1952921,19529.21
1953008,19530.08
1953095,19530.95
1953181,19531.81
1953265,19532.65
1953347,19533.47
1953428,19534.28
1953508,19535.08
1953587,19535.87
1953667,19536.67
1953745,19537.45
1953825,19538.25
1953904,19539.04
1953984,19539.84
1954063,19540.63
1954141,19541.41
1954220,19542.2
1954298,19542.98
1954376,19543.76
1954455,19544.55
1954532,19545.32
1954608,19546.08
1954683,19546.83
1954757,19547.57
1954832,19548.32
1954906,19549.06
1954982,19549.82
1955058,19550.58
1955133,19551.33
1955207,19552.07
1955281,19552.81
1955356,19553.56
1955431,19554.31
1955503,19555.03
1955576,19555.76
1955647,19556.47
1955718,19557.18
1955788,19557.88
1955858,19558.58
1955927,19559.27
1955997,19559.97
1956066,19560.66
1956136,19561.36
1956208,19562.08
1956281,19562.81
1956356,19563.56
1956431,19564.31
1956507,19565.07
1956586,19565.86
1956672,19566.72
1956760,19567.6
1956852,19568.52
1956944,19569.44
1957034,19570.34
1957124,19571.24
1957213,19572.13
1957301,19573.01
1957387,19573.87
1957473,19574.73
1957559,19575.59
1957645,19576.45
1957730,19577.3
1957815,19578.15
1957901,19579.01
1957986,19579.86
1958070,19580.7
1958154,19581.54
1958238,19582.38
1958320,19583.2
1958400,19584.0
1958479,19584.79
1958556,19585.56
1958632,19586.32
1958708,19587.08
1958784,19587.84
1958860,19588.6
1958936,19589.36
1959011,19590.11
1959086,19590.86
1959161,19591.61
1959234,19592.34
1959308,19593.08
1959379,19593.79
1959452,19594.52
1959526,19595.26
1959599,19595.99
1959672,19596.72
1959745,19597.45
1959817,19598.17
1959889,19598.89
1959962,19599.62
1960034,19600.34
1960106,19601.06
1960177,19601.77
1960249,19602.49
1960322,19603.22
1960394,19603.94
1960467,19604.67
1960540,19605.4
1960614,19606.14
1960690,19606.9
1960768,19607.68
1960848,19608.48
1960928,19609.28
1961010,19610.1
1961096,19610.96
1961184,19611.84
1961274,19612.74
1961363,19613.63
1961451,19614.51
1961539,19615.39
1961626,19616.26
1961712,19617.12
1961797,19617.97
1961880,19618.8
1961962,19619.62
1962043,19620.43
1962124,19621.24
1962203,19622.03
1962283,19622.83
1962362,19623.62
1962439,19624.39
1962517,19625.17
1962594,19625.94
1962671,19626.71
1962748,19627.48
1962826,19628.26
1962902,19629.02
1962977,19629.77
1963052,19630.52
1963124,19631.24
1963198,19631.98
1963271,19632.71
1963346,19633.46
1963422,19634.22
1963496,19634.96
1963570,19635.7
1963643,19636.43
1963716,19637.16
1963789,19637.89
1963861,19638.61
1963934,19639.34
1964007,19640.07
1964079,19640.79
1964151,19641.51
1964223,19642.23
1964294,19642.94
1964366,19643.66
1964438,19644.38
1964512,19645.12
1964588,19645.88
1964663,19646.63
1964738,19647.38
1964813,19648.13
1964891,19648.91
1964971,19649.71
1965051,19650.51
1965131,19651.31
1965213,19652.13
1965298,19652.98
1965384,19653.84
1965471,19654.71
1965558,19655.58
1965645,19656.45
1965731,19657.31
1965817,19658.17
1965901,19659.01
1965985,19659.85
1966069,19660.69
1966152,19661.52
1966234,19662.34
1966316,19663.16
1966399,19663.99
1966480,19664.8
1966561,19665.61
1966641,19666.41
1966722,19667.22
1966802,19668.02
1966882,19668.82
1966961,19669.61
1967040,19670.4
1967117,19671.17
1967193,19671.93
1967268,19672.68
1967343,19673.43
1967418,19674.18
1967494,19674.94
1967572,19675.72
1967647,19676.47
1967723,19677.23
1967798,19677.98
1967875,19678.75
1967953,19679.53
1968029,19680.29
1968103,19681.03
1968177,19681.77
1968250,19682.5
1968321,19683.21
1968393,19683.93
1968465,19684.65
1968536,19685.36
1968607,19686.07
1968677,19686.77
1968747,19687.47
1968818,19688.18
1968889,19688.89
1968962,19689.62
1969037,19690.37
1969115,19691.15
1969194,19691.94
1969275,19692.75
1969358,19693.58
1969444,19694.44
1969531,19695.31
1969619,19696.19
1969707,19697.07
1969793,19697.93
1969880,19698.8
1969966,19699.66
1970051,19700.51
1970135,19701.35
1970219,19702.19
1970302,19703.02
1970384,19703.84
1970466,19704.66
1970549,19705.49
1970632,19706.32
1970715,19707.15
1970798,19707.98
1970880,19708.8
1970963,19709.63
1971046,19710.46
1971128,19711.28
1971208,19712.08
1971288,19712.88
1971368,19713.68
1971447,19714.47
1971525,19715.25
1971601,19716.01
1971676,19716.76
1971750,19717.5
1971824,19718.24
1971898,19718.98
1971973,19719.73
1972048,19720.48
1972122,19721.22
1972195,19721.95
1972268,19722.68
1972341,19723.41
1972415,19724.15
1972489,19724.89
1972562,19725.62
1972636,19726.36
1972709,19727.09
1972781,19727.81
1972852,19728.52
1972923,19729.23
1972993,19729.93
1973063,19730.63
1973132,19731.32
1973202,19732.02
1973273,19732.73
1973346,19733.46
1973417,19734.17
1973489,19734.89
1973562,19735.62
1973637,19736.37
1973715,19737.15
1973794,19737.94
1973872,19738.72
1973953,19739.53
1974036,19740.36
1974123,19741.23
1974211,19742.11
1974302,19743.02
1974392,19743.92
1974482,19744.82
1974572,19745.72
1974661,19746.61
1974750,19747.5
1974838,19748.38
1974927,19749.27
1975014,19750.14
1975102,19751.02
1975188,19751.88
1975273,19752.73
1975358,19753.58
1975441,19754.41
1975523,19755.23
1975606,19756.06
1975687,19756.87
1975768,19757.68
1975847,19758.47
1975927,19759.27
1976006,19760.06
1976084,19760.84
1976163,19761.63
1976241,19762.41
1976319,19763.19
1976395,19763.95
1976471,19764.71
1976546,19765.46
1976622,19766.22
1976700,19767.0
1976776,19767.76
1976852,19768.52
1976926,19769.26
1977000,19770.0
1977074,19770.74
1977147,19771.47
1977222,19772.22
1977295,19772.95
1977368,19773.68
1977441,19774.41
1977513,19775.13
1977586,19775.86
1977658,19776.58
1977730,19777.3
1977801,19778.01
1977872,19778.72
1977942,19779.42
1978013,19780.13
1978085,19780.85
1978157,19781.57
1978230,19782.3
1978305,19783.05
1978383,19783.83
1978466,19784.66
1978548,19785.48
1978632,19786.32
1978719,19787.19
1978807,19788.07
1978896,19788.96
1978984,19789.84
1979070,19790.7
1979156,19791.56
1979238,19792.38
1979317,19793.17
1979393,19793.93
1979469,19794.69
1979549,19795.49
1979630,19796.3
1979712,19797.12
1979796,19797.96
1979881,19798.81
1979965,19799.65
1980050,19800.5
1980134,19801.34
1980217,19802.17
1980300,19803.0
1980383,19803.83
1980465,19804.65
1980546,19805.46
1980626,19806.26
1980704,19807.04
1980780,19807.8
1980854,19808.54
1980927,19809.27
1981000,19810.0
1981074,19810.74
1981150,19811.5
1981226,19812.26
1981301,19813.01
1981377,19813.77
1981454,19814.54
1981530,19815.3
1981607,19816.07
1981682,19816.82
1981756,19817.56
1981830,19818.3
1981905,19819.05
1981979,19819.79
1982053,19820.53
1982126,19821.26
1982198,19821.98
1982269,19822.69
1982339,19823.39
1982408,19824.08
1982476,19824.76
1982642,19826.42
1982809,19828.09
1982876,19828.76
1982942,19829.42
1983010,19830.1
1983078,19830.78
1983146,19831.46
1983213,19832.13
1983282,19832.82
1983349,19833.49
1983417,19834.17
1983486,19834.86
1983555,19835.55
1983623,19836.23
1983690,19836.9
1983757,19837.57
1983823,19838.23
1983888,19838.88
1983953,19839.53
1984017,19840.17
1984080,19840.8
1984144,19841.44
1984211,19842.11
1984280,19842.8
1984353,19843.53
1984434,19844.34
1984522,19845.22
1984610,19846.1
1984702,19847.02
1984792,19847.92
1984884,19848.84
1984975,19849.75
1985065,19850.65
1985154,19851.54
1985240,19852.4
1985322,19853.22
1985405,19854.05
1985487,19854.87
1985568,19855.68
1985647,19856.47
1985724,19857.24
1985800,19858.0
1985876,19858.76
1985950,19859.5
1986023,19860.23
1986096,19860.96
1986170,19861.7
1986242,19862.42
1986314,19863.14
1986388,19863.88
1986461,19864.61
1986535,19865.35
1986608,19866.08
1986680,19866.8
1986754,19867.54
1986828,19868.28
1986902,19869.02
1986976,19869.76
1987049,19870.49
1987123,19871.23
1987199,19871.99
1987277,19872.77
1987356,19873.56
1987434,19874.34
1987513,19875.13
1987592,19875.92
1987673,19876.73
1987753,19877.53
1987836,19878.36
1987921,19879.21
1988006,19880.06
1988090,19880.9
1988174,19881.74
1988257,19882.57
1988340,19883.4
1988423,19884.23
1988505,19885.05
1988587,19885.87
1988668,19886.68
1988750,19887.5
1988830,19888.3
1988911,19889.11
1988993,19889.93
1989075,19890.75
1989157,19891.57
1989241,19892.41
1989324,19893.24
1989407,19894.07
1989487,19894.87
1989566,19895.66
1989643,19896.43
1989719,19897.19
1989795,19897.95
1989873,19898.73
1989950,19899.5
1990025,19900.25
1990098,19900.98
1990171,19901.71
1990245,19902.45
1990319,19903.19
1990393,19903.93
1990466,19904.66
1990538,19905.38
1990611,19906.11
1990683,19906.83
1990755,19907.55
1990828,19908.28
1990901,19909.01
1990977,19909.77
1991056,19910.56
1991140,19911.4
1991222,19912.22
1991305,19913.05
1991392,19913.92
1991479,19914.79
1991566,19915.66
1991652,19916.52
1991737,19917.37
1991822,19918.22
1991906,19919.06
1991990,19919.9
1992073,19920.73
1992157,19921.57
1992240,19922.4
1992324,19923.24
1992408,19924.08
1992492,19924.92
1992578,19925.78
1992662,19926.62
1992746,19927.46
1992828,19928.28
1992910,19929.1
1992990,19929.9
1993070,19930.7
1993151,19931.51
1993232,19932.32
1993314,19933.14
1993395,19933.95
1993476,19934.76
1993556,19935.56
1993634,19936.34
1993711,19937.11
1993788,19937.88
1993864,19938.64
1993941,19939.41
1994020,19940.2
1994098,19940.98
1994175,19941.75
1994250,19942.5
1994325,19943.25
1994401,19944.01
1994475,19944.75
1994548,19945.48
1994620,19946.2
1994693,19946.93
1994767,19947.67
1994841,19948.41
1994915,19949.15
1994988,19949.88
1995060,19950.6
1995133,19951.33
1995205,19952.05
1995276,19952.76
1995347,19953.47
1995419,19954.19
1995493,19954.93
1995571,19955.71
1995650,19956.5
1995732,19957.32
1995817,19958.17
1995905,19959.05
1995995,19959.95
1996085,19960.85
1996174,19961.74
1996263,19962.63
1996351,19963.51
1996440,19964.4
1996528,19965.28
1996615,19966.15
1996702,19967.02
1996787,19967.87
1996871,19968.71
1996954,19969.54
1997037,19970.37
1997120,19971.2
1997203,19972.03
1997286,19972.86
1997370,19973.7
1997455,19974.55
1997539,19975.39
1997622,19976.22
1997704,19977.04
1997784,19977.84
1997864,19978.64
1997944,19979.44
1998024,19980.24
1998103,19981.03
1998181,19981.81
1998258,19982.58
1998335,19983.35
1998411,19984.11
1998488,19984.88
1998564,19985.64
1998641,19986.41
1998715,19987.15
1998789,19987.89
1998863,19988.63
1998937,19989.37
1999012,19990.12
1999086,19990.86
1999160,19991.6
1999233,19992.33
1999308,19993.08
1999383,19993.83
1999457,19994.57
1999531,19995.31
1999606,19996.06
1999682,19996.82
1999762,19997.62
1999841,19998.41
1999920,19999.2
2000002,20000.02
2000087,20000.87
2000175,20001.75
2000263,20002.63
2000351,20003.51
2000440,20004.4
2000527,20005.27
2000614,20006.14
2000701,20007.01
2000786,20007.86
2000870,20008.7
2000954,20009.54
2001037,20010.37
2001120,20011.2
2001203,20012.03
2001285,20012.85
2001367,20013.67
2001447,20014.47
2001527,20015.27
2001607,20016.07
2001687,20016.87
2001766,20017.66
2001845,20018.45
2001925,20019.25
2002004,20020.04
2002082,20020.82
2002160,20021.6
2002236,20022.36
2002311,20023.11
2002385,20023.85
2002459,20024.59
2002534,20025.34
2002611,20026.11
2002692,20026.92
2002771,20027.71
2002849,20028.49
2002926,20029.26
2003004,20030.04
2003083,20030.83
2003163,20031.63
2003240,20032.4
2003316,20033.16
2003390,20033.9
2003463,20034.63
2003535,20035.35
2003608,20036.08
2003680,20036.8
2003753,20037.53
2003825,20038.25
2003899,20038.99
2003973,20039.73
2004047,20040.47
2004122,20041.22
2004199,20041.99
2004278,20042.78
2004361,20043.61
2004444,20044.44
2004529,20045.29
2004617,20046.17
2004708,20047.08
2004800,20048.0
2004889,20048.89
2004979,20049.79
2005068,20050.68
2005158,20051.58
2005247,20052.47
2005335,20053.35
2005424,20054.24
2005512,20055.12
2005600,20056.0
2005688,20056.88
2005776,20057.76
2005864,20058.64
2005953,20059.53
2006039,20060.39
2006125,20061.25
2006209,20062.09
2006293,20062.93
2006375,20063.75
2006457,20064.57
2006538,20065.38
2006619,20066.19
2006700,20067.0
2006779,20067.79
2006858,20068.58
2006937,20069.37
2007014,20070.14
2007090,20070.9
2007166,20071.66
2007243,20072.43
2007322,20073.22
2007404,20074.04
2007486,20074.86
2007567,20075.67
2007649,20076.49
2007727,20077.27
2007806,20078.06
2007885,20078.85
2007965,20079.65
2008041,20080.41
2008118,20081.18
2008193,20081.93
2008269,20082.69
2008346,20083.46
2008421,20084.21
2008496,20084.96
2008572,20085.72
2008649,20086.49
2008730,20087.3
2008812,20088.12
2008894,20088.94
2008977,20089.77
2009062,20090.62
2009150,20091.5
2009240,20092.4
2009330,20093.3
2009421,20094.21
2009512,20095.12
2009601,20096.01
2009690,20096.9
2009779,20097.79
2009867,20098.67
2009954,20099.54
2010039,20100.39
2010124,20101.24
2010208,20102.08
2010291,20102.91
2010375,20103.75
2010458,20104.58
2010541,20105.41
2010624,20106.24
2010707,20107.07
2010791,20107.91
2010874,20108.74
2010955,20109.55
2011035,20110.35
2011112,20111.12
2011189,20111.89
2011267,20112.67
2011346,20113.46
2011425,20114.25
2011503,20115.03
2011580,20115.8
2011656,20116.56
2011732,20117.32
2011809,20118.09
2011885,20118.85
2011960,20119.6
2012035,20120.35
2012109,20121.09
2012184,20121.84
2012259,20122.59
2012333,20123.33
2012407,20124.07
2012480,20124.8
2012552,20125.52
2012624,20126.24
2012696,20126.96
2012767,20127.67
2012839,20128.39
2012910,20129.1
2012983,20129.83
2013055,20130.55
2013127,20131.27
2013200,20132.0
2013274,20132.74
2013354,20133.54
2013440,20134.4
2013529,20135.29
2013616,20136.16
2013708,20137.08
2013800,20138.0
2013892,20138.92
2013984,20139.84
2014075,20140.75
2014167,20141.67
2014258,20142.58
2014350,20143.5
2014440,20144.4
2014530,20145.3
2014619,20146.19
2014707,20147.07
2014793,20147.93
2014877,20148.77
2014960,20149.6
2015042,20150.42
2015124,20151.24
2015206,20152.06
2015289,20152.89
2015372,20153.72
2015456,20154.56
2015538,20155.38
2015622,20156.22
2015706,20157.06
2015791,20157.91
2015876,20158.76
2015960,20159.6
2016043,20160.43
2016126,20161.26
2016207,20162.07
2016287,20162.87
2016365,20163.65
2016441,20164.41
2016516,20165.16
2016591,20165.91
2016665,20166.65
2016741,20167.41
2016817,20168.17
2016894,20168.94
2016970,20169.7
2017046,20170.46
2017122,20171.22
2017198,20171.98
2017273,20172.73
2017349,20173.49
2017424,20174.24
2017499,20174.99
2017573,20175.73
2017645,20176.45
2017716,20177.16
2017788,20177.88
2017859,20178.59
2017930,20179.3
2018001,20180.01
2018074,20180.74
2018145,20181.45
2018216,20182.16
2018288,20182.88
2018360,20183.6
2018434,20184.34
2018511,20185.11
2018592,20185.92
2018674,20186.74
2018764,20187.64
2018862,20188.62
2018958,20189.58
2019055,20190.55
2019151,20191.51
2019247,20192.47
2019342,20193.42
2019436,20194.36
2019529,20195.29
2019621,20196.21
2019712,20197.12
2019803,20198.03
2019893,20198.93
2019981,20199.81
2020069,20200.69
2020156,20201.56
2020242,20202.42
2020326,20203.26
2020410,20204.1
2020493,20204.93
2020576,20205.76
2020658,20206.58
2020740,20207.4
2020821,20208.21
2020903,20209.03
2020983,20209.83
2021063,20210.63
2021143,20211.43
2021222,20212.22
2021299,20212.99
2021375,20213.75
2021450,20214.5
2021524,20215.24
2021600,20216.0
2021676,20216.76
2021752,20217.52
2021829,20218.29
2021907,20219.07
2021986,20219.86
2022068,20220.68
2022150,20221.5
2022229,20222.29
2022307,20223.07
2022385,20223.85
2022462,20224.62
2022536,20225.36
2022609,20226.09
2022683,20226.83
2022756,20227.56
2022828,20228.28
2022900,20229.0
2022972,20229.72
2023043,20230.43
2023114,20231.14
2023186,20231.86
2023258,20232.58
2023335,20233.35
2023414,20234.14
2023492,20234.92
2023572,20235.72
2023654,20236.54
2023739,20237.39
2023828,20238.28
2023919,20239.19
2024010,20240.1
2024101,20241.01
2024192,20241.92
2024284,20242.84
2024375,20243.75
2024467,20244.67
2024558,20245.58
2024649,20246.49
2024739,20247.39
2024830,20248.3
2024919,20249.19
2025008,20250.08
2025096,20250.96
2025183,20251.83
2025269,20252.69
2025353,20253.53
2025437,20254.37
2025519,20255.19
2025602,20256.02
2025683,20256.83
2025765,20257.65
2025846,20258.46
2025927,20259.27
2026008,20260.08
2026089,20260.89
2026169,20261.69
2026248,20262.48
2026325,20263.25
2026402,20264.02
2026478,20264.78
2026554,20265.54
2026630,20266.3
2026704,20267.04
2026778,20267.78
2026853,20268.53
2026928,20269.28
2027002,20270.02
2027077,20270.77
2027151,20271.51
2027227,20272.27
2027303,20273.03
2027379,20273.79
2027455,20274.55
2027532,20275.32
2027612,20276.12
2027694,20276.94
2027775,20277.75
2027858,20278.58
2027942,20279.42
2028027,20280.27
2028114,20281.14
2028203,20282.03
2028290,20282.9
2028376,20283.76
2028463,20284.63
2028549,20285.49
2028634,20286.34
2028718,20287.18
2028802,20288.02
2028884,20288.84
2028966,20289.66
2029048,20290.48
2029130,20291.3
2029211,20292.11
2029293,20292.93
2029375,20293.75
2029456,20294.56
2029537,20295.37
2029616,20296.16
2029692,20296.92
2029768,20297.68
2029843,20298.43
2029918,20299.18
2029994,20299.94
2030072,20300.72
2030150,20301.5
2030226,20302.26
2030302,20303.02
2030377,20303.77
2030454,20304.54
2030531,20305.31
2030609,20306.09
2030685,20306.85
2030761,20307.61
2030836,20308.36
2030909,20309.09
2030982,20309.82
2031054,20310.54
2031128,20311.28
2031201,20312.01
2031274,20312.74
2031347,20313.47
2031423,20314.23
2031498,20314.98
2031574,20315.74
2031649,20316.49
2031726,20317.26
2031804,20318.04
2031884,20318.84
2031964,20319.64
2032046,20320.46
2032132,20321.32
2032220,20322.2
2032310,20323.1
2032398,20323.98
2032485,20324.85
2032574,20325.74
2032663,20326.63
2032752,20327.52
2032841,20328.41
2032930,20329.3
2033019,20330.19
2033107,20331.07
2033195,20331.95
2033283,20332.83
2033371,20333.71
2033457,20334.57
2033542,20335.42
2033624,20336.24
2033707,20337.07
2033789,20337.89
2033871,20338.71
2033952,20339.52
2034034,20340.34
2034115,20341.15
2034197,20341.97
2034278,20342.78
2034359,20343.59
2034440,20344.4
2034519,20345.19
2034598,20345.98
2034676,20346.76
2034755,20347.55
2034835,20348.35
2034916,20349.16
2034997,20349.97
2035075,20350.75
2035153,20351.53
2035232,20352.32
2035311,20353.11
2035392,20353.92
2035472,20354.72
2035550,20355.5
2035628,20356.28
2035705,20357.05
2035781,20357.81
2035855,20358.55
2035930,20359.3
2036004,20360.04
2036078,20360.78
2036151,20361.51
2036224,20362.24
2036298,20362.98
2036372,20363.72
2036446,20364.46
2036520,20365.2
2036595,20365.95
2036672,20366.72
2036748,20367.48
2036826,20368.26
2036907,20369.07
2036992,20369.92
2037080,20370.8
2037167,20371.67
2037254,20372.54
2037343,20373.43
2037433,20374.33
2037524,20375.24
2037615,20376.15
2037706,20377.06
2037797,20377.97
2037887,20378.87
2037976,20379.76
2038064,20380.64
2038151,20381.51
2038237,20382.37
2038324,20383.24
2038410,20384.1
2038496,20384.96
2038581,20385.81
2038666,20386.66
2038751,20387.51
2038835,20388.35
2038918,20389.18
2039000,20390.0
2039082,20390.82
2039162,20391.62
2039243,20392.43
2039324,20393.24
2039405,20394.05
2039486,20394.86
2039566,20395.66
2039645,20396.45
2039722,20397.22
2039801,20398.01
2039881,20398.81
2039963,20399.63
2040045,20400.45
2040125,20401.25
2040204,20402.04
2040281,20402.81
2040360,20403.6
2040437,20404.37
2040512,20405.12
2040587,20405.87
2040661,20406.61
2040734,20407.34
2040806,20408.06
2040878,20408.78
2040951,20409.51
2041023,20410.23
2041095,20410.95
2041168,20411.68
2041240,20412.4
2041314,20413.14
2041388,20413.88
2041464,20414.64
2041543,20415.43
2041622,20416.22
2041703,20417.03
2041786,20417.86
2041871,20418.71
2041958,20419.58
2042046,20420.46
2042132,20421.32
2042220,20422.2
2042308,20423.08
2042397,20423.97
2042486,20424.86
2042574,20425.74
2042663,20426.63
2042750,20427.5
2042838,20428.38
2042925,20429.25
2043011,20430.11
2043097,20430.97
2043184,20431.84
2043270,20432.7
2043355,20433.55
2043441,20434.41
2043525,20435.25
2043609,20436.09
2043692,20436.92
2043773,20437.73
2043855,20438.55
2043937,20439.37
2044019,20440.19
2044101,20441.01
2044182,20441.82
2044262,20442.62
2044340,20443.4
2044417,20444.17
2044493,20444.93
2044571,20445.71
2044651,20446.51
2044732,20447.32
2044811,20448.11
2044888,20448.88
2044966,20449.66
2045043,20450.43
2045120,20451.2
2045195,20451.95
2045270,20452.7
2045343,20453.43
2045416,20454.16
2045490,20454.9
2045563,20455.63
2045636,20456.36
2045708,20457.08
2045780,20457.8
2045852,20458.52
2045925,20459.25
2045996,20459.96
2046068,20460.68
2046138,20461.38
2046209,20462.09
2046279,20462.79
2046350,20463.5
2046420,20464.2
2046492,20464.92
2046564,20465.64
2046637,20466.37
2046712,20467.12
2046786,20467.86
2046861,20468.61
2046935,20469.35
2047009,20470.09
2047083,20470.83
2047156,20471.56
2047228,20472.28
2047299,20472.99
2047369,20473.69
2047438,20474.38
2047505,20475.05
2047572,20475.72
2047639,20476.39
2047705,20477.05
2047774,20477.74
2047842,20478.42
2047912,20479.12
2047984,20479.84
2048058,20480.58
2048134,20481.34
2048212,20482.12
2048292,20482.92
2048372,20483.72
2048454,20484.54
2048537,20485.37
2048620,20486.2
2048705,20487.05
2048790,20487.9
2048875,20488.75
2048960,20489.6
2049045,20490.45
2049130,20491.3
2049214,20492.14
2049298,20492.98
2049380,20493.8
2049461,20494.61
2049541,20495.41
2049621,20496.21
2049701,20497.01
2049780,20497.8
2049858,20498.58
2049934,20499.34
2050009,20500.09
2050081,20500.81
2050154,20501.54
2050227,20502.27
2050301,20503.01
2050374,20503.74
2050447,20504.47
2050521,20505.21
2050595,20505.95
2050668,20506.68
2050742,20507.42
2050815,20508.15
2050889,20508.89
2050964,20509.64
2051040,20510.4
2051116,20511.16
2051192,20511.92
2051270,20512.7
2051349,20513.49
2051431,20514.31
2051512,20515.12
2051594,20515.94
2051675,20516.75
2051758,20517.58
2051842,20518.42
2051925,20519.25
2052009,20520.09
2052094,20520.94
2052178,20521.78
2052263,20522.63
2052346,20523.46
2052428,20524.28
2052509,20525.09
2052590,20525.9
2052670,20526.7
2052751,20527.51
2052833,20528.33
2052915,20529.15
2052994,20529.94
2053074,20530.74
2053153,20531.53
2053234,20532.34
2053315,20533.15
2053396,20533.96
2053474,20534.74
2053553,20535.53
2053631,20536.31
2053711,20537.11
2053789,20537.89
2053868,20538.68
2053945,20539.45
2054022,20540.22
2054099,20540.99
2054178,20541.78
2054257,20542.57
2054335,20543.35
2054413,20544.13
2054491,20544.91
2054570,20545.7
2054650,20546.5
2054730,20547.3
2054810,20548.1
2054889,20548.89
2054968,20549.68
2055048,20550.48
2055129,20551.29
2055209,20552.09
2055291,20552.91
2055374,20553.74
2055458,20554.58
2055543,20555.43
2055629,20556.29
2055715,20557.15
2055800,20558.0
2055885,20558.85
2055968,20559.68
2056052,20560.52
2056136,20561.36
2056220,20562.2
2056305,20563.05
2056386,20563.86
2056468,20564.68
2056550,20565.5
2056633,20566.33
2056717,20567.17
2056801,20568.01
2056881,20568.81
2056960,20569.6
2057039,20570.39
2057116,20571.16
2057194,20571.94
2057272,20572.72
2057350,20573.5
2057428,20574.28
2057507,20575.07
2057587,20575.87
2057668,20576.68
2057748,20577.48
2057828,20578.28
2057909,20579.09
2057992,20579.92
2058075,20580.75
2058159,20581.59
2058242,20582.42
2058323,20583.23
2058405,20584.05
2058488,20584.88
2058571,20585.71
2058654,20586.54
2058736,20587.36
2058817,20588.17
2058898,20588.98
2058979,20589.79
2059061,20590.61
2059143,20591.43
2059225,20592.25
2059304,20593.04
2059382,20593.82
2059461,20594.61
2059540,20595.4
2059618,20596.18
2059696,20596.96
2059776,20597.76
2059857,20598.57
2059940,20599.4
2060023,20600.23
2060105,20601.05
2060185,20601.85
2060266,20602.66
2060347,20603.47
2060429,20604.29
2060511,20605.11
2060592,20605.92
2060670,20606.7
2060748,20607.48
2060827,20608.27
2060905,20609.05
2060982,20609.82
2061059,20610.59
2061136,20611.36
2061215,20612.15
2061296,20612.96
2061376,20613.76
2061455,20614.55
2061533,20615.33
2061611,20616.11
2061690,20616.9
2061768,20617.68
2061847,20618.47
2061924,20619.24
2062003,20620.03
2062083,20620.83
2062164,20621.64
2062247,20622.47
2062330,20623.3
2062413,20624.13
2062495,20624.95
2062578,20625.78
2062661,20626.61
2062745,20627.45
2062829,20628.29
2062913,20629.13
2062996,20629.96
2063077,20630.77
2063158,20631.58
2063239,20632.39
2063321,20633.21
2063403,20634.03
2063483,20634.83
2063562,20635.62
2063640,20636.4
2063719,20637.19
2063798,20637.98
2063878,20638.78
2063956,20639.56
2064033,20640.33
2064109,20641.09
2064185,20641.85
2064262,20642.62
2064340,20643.4
2064417,20644.17
2064494,20644.94
2064572,20645.72
2064652,20646.52
2064733,20647.33
2064814,20648.14
2064893,20648.93
2064973,20649.73
2065053,20650.53
2065134,20651.34
2065215,20652.15
2065294,20652.94
2065373,20653.73
2065453,20654.53
2065536,20655.36
2065617,20656.17
2065697,20656.97
2065776,20657.76
2065856,20658.56
2065936,20659.36
2066017,20660.17
2066099,20660.99
2066179,20661.79
2066258,20662.58
2066338,20663.38
2066420,20664.2
2066503,20665.03
2066587,20665.87
2066671,20666.71
2066753,20667.53
2066833,20668.33
2066915,20669.15
2066997,20669.97
2067079,20670.79
2067161,20671.61
2067240,20672.4
2067319,20673.19
2067399,20673.99
2067478,20674.78
2067558,20675.58
2067638,20676.38
2067716,20677.16
2067795,20677.95
2067873,20678.73
2067954,20679.54
2068036,20680.36
2068117,20681.17
2068196,20681.96
2068274,20682.74
2068354,20683.54
2068433,20684.33
2068513,20685.13
2068593,20685.93
2068670,20686.7
2068747,20687.47
2068824,20688.24
2068901,20689.01
2068978,20689.78
2069056,20690.56
2069134,20691.34
2069212,20692.12
2069292,20692.92
2069372,20693.72
2069455,20694.55
2069536,20695.36
2069617,20696.17
2069698,20696.98
2069779,20697.79
2069858,20698.58
2069936,20699.36
2070014,20700.14
2070092,20700.92
2070171,20701.71
2070250,20702.5
2070328,20703.28
2070406,20704.06
2070484,20704.84
2070563,20705.63
2070644,20706.44
2070724,20707.24
2070803,20708.03
2070881,20708.81
2070960,20709.6
2071039,20710.39
2071119,20711.19
2071199,20711.99
2071277,20712.77
2071355,20713.55
2071434,20714.34
2071516,20715.16
2071598,20715.98
2071681,20716.81
2071762,20717.62
2071841,20718.41
2071920,20719.2
2072000,20720.0
2072079,20720.79
2072157,20721.57
2072234,20722.34
2072312,20723.12
2072389,20723.89
2072466,20724.66
2072544,20725.44
2072620,20726.2
2072698,20726.98
2072775,20727.75
2072854,20728.54
2072935,20729.35
2073017,20730.17
2073098,20730.98
2073178,20731.78
2073258,20732.58
2073339,20733.39
2073421,20734.21
2073503,20735.03
2073583,20735.83
2073661,20736.61
2073740,20737.4
2073818,20738.18
2073897,20738.97
2073977,20739.77
2074055,20740.55
2074134,20741.34
2074213,20742.13
2074292,20742.92
2074371,20743.71
2074451,20744.51
2074531,20745.31
2074609,20746.09
2074686,20746.86
2074764,20747.64
2074844,20748.44
2074923,20749.23
2075002,20750.02
2075080,20750.8
2075157,20751.57
2075235,20752.35
2075312,20753.12
2075391,20753.91
2075469,20754.69
2075546,20755.46
2075624,20756.24
2075702,20757.02
2075781,20757.81
2075860,20758.6
2075939,20759.39
2076016,20760.16
2076093,20760.93
2076170,20761.7
2076249,20762.49
2076327,20763.27
2076404,20764.04
2076481,20764.81
2076558,20765.58
2076636,20766.36
2076715,20767.15
2076795,20767.95
2076873,20768.73
2076953,20769.53
2077029,20770.29
2077105,20771.05
2077182,20771.82
2077261,20772.61
2077339,20773.39
2077417,20774.17
2077493,20774.93
2077571,20775.71
2077649,20776.49
2077726,20777.26
2077802,20778.02
2077878,20778.78
2077955,20779.55
2078033,20780.33
2078110,20781.1
2078187,20781.87
2078262,20782.62
2078337,20783.37
2078410,20784.1
2078483,20784.83
2078556,20785.56
2078629,20786.29
2078701,20787.01
2078774,20787.74
2078848,20788.48
2078923,20789.23
2079000,20790.0
2079078,20790.78
2079159,20791.59
2079241,20792.41
2079325,20793.25
2079410,20794.1
2079497,20794.97
2079584,20795.84
2079671,20796.71
2079760,20797.6
2079848,20798.48
2079936,20799.36
2080025,20800.25
2080112,20801.12
2080199,20801.99
2080285,20802.85
2080370,20803.7
2080454,20804.54
2080537,20805.37
2080620,20806.2
2080701,20807.01
2080781,20807.81
2080860,20808.6
2080938,20809.38
2081014,20810.14
2081091,20810.91
2081169,20811.69
2081247,20812.47
2081324,20813.24
2081401,20814.01
2081477,20814.77
2081553,20815.53
2081627,20816.27
2081702,20817.02
2081777,20817.77
2081851,20818.51
2081927,20819.27
2082004,20820.04
2082085,20820.85
2082165,20821.65
2082247,20822.47
2082329,20823.29
2082413,20824.13
2082498,20824.98
2082584,20825.84
2082670,20826.7
2082753,20827.53
2082837,20828.37
2082921,20829.21
2083006,20830.06
2083091,20830.91
2083176,20831.76
2083262,20832.62
2083346,20833.46
2083430,20834.3
2083513,20835.13
2083596,20835.96
2083677,20836.77
2083758,20837.58
2083840,20838.4
2083923,20839.23
2084008,20840.08
2084093,20840.93
2084177,20841.77
2084260,20842.6
2084339,20843.39
2084419,20844.19
2084498,20844.98
2084579,20845.79
2084659,20846.59
2084739,20847.39
2084815,20848.15
2084892,20848.92
2084968,20849.68
2085045,20850.45
2085122,20851.22
2085200,20852.0
2085277,20852.77
2085354,20853.54
2085433,20854.33
2085513,20855.13
2085593,20855.93
2085674,20856.74
2085756,20857.56
2085837,20858.37
2085920,20859.2
2086004,20860.04
2086089,20860.89
2086175,20861.75
2086258,20862.58
2086341,20863.41
2086423,20864.23
2086505,20865.05
2086586,20865.86
2086666,20866.66
2086746,20867.46
2086825,20868.25
2086905,20869.05
2086985,20869.85
2087064,20870.64
2087143,20871.43
2087222,20872.22
2087303,20873.03
2087385,20873.85
2087466,20874.66
2087547,20875.47
2087626,20876.26
2087706,20877.06
2087786,20877.86
2087865,20878.65
2087944,20879.44
2088022,20880.22
2088099,20880.99
2088176,20881.76
2088254,20882.54
2088332,20883.32
2088408,20884.08
2088485,20884.85
2088562,20885.62
2088639,20886.39
2088718,20887.18
2088795,20887.95
2088870,20888.7
2088947,20889.47
2089023,20890.23
2089101,20891.01
2089180,20891.8
2089259,20892.59
2089337,20893.37
2089416,20894.16
2089496,20894.96
2089577,20895.77
2089658,20896.58
2089737,20897.37
2089815,20898.15
2089895,20898.95
2089974,20899.74
2090056,20900.56
2090136,20901.36
2090215,20902.15
2090296,20902.96
2090380,20903.8
2090461,20904.61
2090542,20905.42
2090621,20906.21
2090701,20907.01
2090781,20907.81
2090863,20908.63
2090944,20909.44
2091024,20910.24
2091106,20911.06
2091188,20911.88
2091269,20912.69
2091350,20913.5
2091429,20914.29
2091506,20915.06
2091584,20915.84
2091662,20916.62
2091741,20917.41
2091817,20918.17
2091894,20918.94
2091972,20919.72
2092052,20920.52
2092133,20921.33
2092212,20922.12
2092290,20922.9
2092370,20923.7
2092448,20924.48
2092528,20925.28
2092607,20926.07
2092686,20926.86
2092764,20927.64
2092844,20928.44
2092925,20929.25
2093004,20930.04
2093083,20930.83
2093162,20931.62
2093241,20932.41
2093321,20933.21
2093400,20934.0
2093478,20934.78
2093556,20935.56
2093634,20936.34
2093713,20937.13
2093791,20937.91
2093868,20938.68
2093944,20939.44
2094021,20940.21
2094098,20940.98
2094176,20941.76
2094254,20942.54
2094332,20943.32
2094411,20944.11
2094491,20944.91
2094574,20945.74
2094656,20946.56
2094736,20947.36
2094816,20948.16
2094897,20948.97
2094976,20949.76
2095055,20950.55
2095133,20951.33
2095211,20952.11
2095290,20952.9
2095370,20953.7
2095450,20954.5
2095532,20955.32
2095612,20956.12
2095691,20956.91
2095770,20957.7
2095849,20958.49
2095929,20959.29
2096007,20960.07
2096087,20960.87
2096168,20961.68
2096250,20962.5
2096330,20963.3
2096409,20964.09
2096489,20964.89
2096570,20965.7
2096653,20966.53
2096735,20967.35
2096816,20968.16
2096898,20968.98
2096980,20969.8
2097063,20970.63
2097146,20971.46
2097227,20972.27
2097307,20973.07
2097388,20973.88
2097470,20974.7
2097552,20975.52
2097633,20976.33
2097711,20977.11
2097791,20977.91
2097870,20978.7
2097951,20979.51
2098030,20980.3
2098109,20981.09
2098189,20981.89
2098269,20982.69
2098350,20983.5
2098430,20984.3
2098508,20985.08
2098587,20985.87
2098666,20986.66
2098746,20987.46
2098825,20988.25
2098904,20989.04
2098983,20989.83
2099062,20990.62
2099142,20991.42
2099222,20992.22
2099301,20993.01
2099380,20993.8
2099458,20994.58
2099537,20995.37
2099615,20996.15
2099692,20996.92
2099769,20997.69
2099845,20998.45
2099922,20999.22
2099999,20999.99
2100077,21000.77
2100154,21001.54
2100232,21002.32
2100311,21003.11
2100390,21003.9
2100469,21004.69
2100546,21005.46
2100624,21006.24
2100702,21007.02
2100780,21007.8
2100858,21008.58
2100937,21009.37
2101015,21010.15
2101093,21010.93
2101172,21011.72
2101251,21012.51
2101330,21013.3
2101408,21014.08
2101487,21014.87
2101564,21015.64
2101641,21016.41
2101719,21017.19
2101796,21017.96
2101874,21018.74
2101950,21019.5
2102028,21020.28
2102106,21021.06
2102185,21021.85
2102265,21022.65
2102345,21023.45
2102425,21024.25
2102505,21025.05
2102586,21025.86
2102667,21026.67
2102747,21027.47
2102827,21028.27
2102905,21029.05
2102985,21029.85
2103066,21030.66
2103148,21031.48
2103228,21032.28
2103307,21033.07
2103388,21033.88
2103469,21034.69
2103549,21035.49
2103629,21036.29
2103707,21037.07
2103786,21037.86
2103864,21038.64
2103944,21039.44
2104024,21040.24
2104104,21041.04
2104182,21041.82
2104260,21042.6
2104337,21043.37
2104415,21044.15
2104491,21044.91
2104567,21045.67
2104644,21046.44
2104720,21047.2
2104797,21047.97
2104874,21048.74
2104950,21049.5
2105028,21050.28
2105107,21051.07
2105187,21051.87
2105266,21052.66
2105344,21053.44
2105423,21054.23
2105502,21055.02
2105580,21055.8
2105658,21056.58
2105735,21057.35
2105811,21058.11
2105889,21058.89
2105966,21059.66
2106044,21060.44
2106122,21061.22
2106198,21061.98
2106275,21062.75
2106351,21063.51
2106428,21064.28
2106506,21065.06
2106584,21065.84
2106661,21066.61
2106739,21067.39
2106818,21068.18
2106899,21068.99
2106980,21069.8
2107060,21070.6
2107140,21071.4
2107219,21072.19
2107298,21072.98
2107378,21073.78
2107457,21074.57
2107535,21075.35
2107612,21076.12
2107690,21076.9
2107767,21077.67
2107845,21078.45
2107923,21079.23
2108000,21080.0
2108079,21080.79
2108160,21081.6
2108239,21082.39
2108317,21083.17
2108394,21083.94
2108471,21084.71
2108549,21085.49
2108628,21086.28
2108705,21087.05
2108782,21087.82
2108860,21088.6
2108938,21089.38
2109016,21090.16
2109095,21090.95
2109173,21091.73
2109251,21092.51
2109330,21093.3
2109409,21094.09
2109488,21094.88
2109567,21095.67
2109644,21096.44
2109724,21097.24
2109804,21098.04
2109884,21098.84
2109963,21099.63
2110042,21100.42
2110120,21101.2
2110198,21101.98
2110276,21102.76
2110353,21103.53
2110430,21104.3
2110507,21105.07
2110585,21105.85
2110662,21106.62
2110739,21107.39
2110815,21108.15
2110892,21108.92
2110971,21109.71
2111050,21110.5
2111128,21111.28
2111206,21112.06
2111285,21112.85
2111364,21113.64
2111444,21114.44
2111522,21115.22
2111601,21116.01
2111681,21116.81
2111761,21117.61
2111841,21118.41
2111921,21119.21
2112000,21120.0
2112077,21120.77
2112155,21121.55
2112232,21122.32
2112311,21123.11
2112388,21123.88
2112464,21124.64
2112541,21125.41
2112618,21126.18
2112695,21126.95
2112774,21127.74
2112852,21128.52
2112930,21129.3
2113009,21130.09
2113088,21130.88
2113167,21131.67
2113246,21132.46
2113325,21133.25
2113405,21134.05
2113486,21134.86
2113567,21135.67
2113647,21136.47
2113726,21137.26
2113806,21138.06
2113888,21138.88
2113969,21139.69
2114048,21140.48
2114127,21141.27
2114206,21142.06
2114284,21142.84
2114363,21143.63
2114441,21144.41
2114518,21145.18
2114594,21145.94
2114669,21146.69
2114746,21147.46
2114824,21148.24
2114903,21149.03
2114983,21149.83
2115063,21150.63
2115142,21151.42
2115222,21152.22
2115303,21153.03
2115385,21153.85
2115466,21154.66
2115545,21155.45
2115623,21156.23
2115702,21157.02
2115782,21157.82
2115863,21158.63
2115941,21159.41
2116019,21160.19
2116098,21160.98
2116177,21161.77
2116256,21162.56
2116336,21163.36
2116417,21164.17
2116495,21164.95
2116574,21165.74
2116653,21166.53
2116734,21167.34
2116813,21168.13
2116892,21168.92
2116973,21169.73
2117055,21170.55
2117135,21171.35
2117214,21172.14
2117293,21172.93
2117374,21173.74
2117454,21174.54
2117535,21175.35
2117615,21176.15
2117694,21176.94
2117774,21177.74
2117853,21178.53
2117932,21179.32
2118011,21180.11
2118089,21180.89
2118166,21181.66
2118245,21182.45
2118324,21183.24
2118404,21184.04
2118482,21184.82
2118560,21185.6
2118638,21186.38
2118717,21187.17
2118794,21187.94
2118870,21188.7
2118946,21189.46
2119022,21190.22
2119098,21190.98
2119174,21191.74
2119251,21192.51
2119327,21193.27
2119403,21194.03
2119481,21194.81
2119558,21195.58
2119637,21196.37
2119715,21197.15
2119793,21197.93
2119872,21198.72
2119951,21199.51
2120030,21200.3
2120110,21201.1
2120188,21201.88
2120266,21202.66
2120344,21203.44
2120422,21204.22
2120499,21204.99
2120576,21205.76
2120652,21206.52
2120729,21207.29
2120805,21208.05
2120883,21208.83
2120960,21209.6
2121038,21210.38
2121116,21211.16
2121194,21211.94
2121273,21212.73
2121351,21213.51
2121428,21214.28
2121507,21215.07
2121585,21215.85
2121664,21216.64
2121742,21217.42
2121819,21218.19
2121897,21218.97
2121977,21219.77
2122056,21220.56
2122135,21221.35
2122213,21222.13
2122291,21222.91
2122370,21223.7
2122449,21224.49
2122528,21225.28
2122606,21226.06
2122685,21226.85
2122764,21227.64
2122842,21228.42
2122919,21229.19
2122995,21229.95
2123072,21230.72
2123149,21231.49
2123228,21232.28
2123305,21233.05
2123381,21233.81
2123458,21234.58
2123536,21235.36
2123613,21236.13
2123690,21236.9
2123767,21237.67
2123844,21238.44
2123921,21239.21
2123999,21239.99
2124076,21240.76
2124153,21241.53
2124230,21242.3
2124309,21243.09
2124387,21243.87
2124466,21244.66
2124544,21245.44
2124623,21246.23
2124702,21247.02
2124781,21247.81
2124860,21248.6
2124938,21249.38
2125016,21250.16
2125094,21250.94
2125173,21251.73
2125250,21252.5
2125328,21253.28
2125405,21254.05
2125481,21254.81
2125559,21255.59
2125636,21256.36
2125713,21257.13
2125789,21257.89
2125864,21258.64
2125941,21259.41
2126019,21260.19
2126095,21260.95
2126171,21261.71
2126248,21262.48
2126326,21263.26
2126403,21264.03
2126480,21264.8
2126556,21265.56
2126633,21266.33
2126711,21267.11
2126789,21267.89
2126867,21268.67
2126944,21269.44
2127023,21270.23
2127101,21271.01
2127181,21271.81
2127260,21272.6
2127338,21273.38
2127416,21274.16
2127495,21274.95
2127575,21275.75
2127653,21276.53
2127729,21277.29
2127805,21278.05
2127881,21278.81
2127957,21279.57
2128032,21280.32
2128107,21281.07
2128183,21281.83
2128261,21282.61
2128340,21283.4
2128420,21284.2
2128499,21284.99
2128580,21285.8
2128661,21286.61
2128742,21287.42
2128824,21288.24
2128904,21289.04
2128985,21289.85
2129065,21290.65
2129144,21291.44
2129224,21292.24
2129302,21293.02
2129380,21293.8
2129458,21294.58
2129537,21295.37
2129615,21296.15
2129695,21296.95
2129775,21297.75
2129853,21298.53
2129932,21299.32
2130011,21300.11
2130090,21300.9
2130169,21301.69
2130247,21302.47
2130325,21303.25
2130403,21304.03
2130481,21304.81
2130560,21305.6
2130639,21306.39
2130717,21307.17
2130796,21307.96
2130875,21308.75
2130956,21309.56
2131036,21310.36
2131114,21311.14
2131192,21311.92
2131271,21312.71
2131350,21313.5
2131428,21314.28
2131504,21315.04
2131579,21315.79
2131655,21316.55
2131731,21317.31
2131807,21318.07
2131884,21318.84
2131961,21319.61
2132038,21320.38
2132116,21321.16
2132194,21321.94
2132272,21322.72
2132350,21323.5
2132428,21324.28
2132506,21325.06
2132584,21325.84
2132662,21326.62
2132740,21327.4
2132819,21328.19
2132898,21328.98
2132978,21329.78
2133056,21330.56
2133136,21331.36
2133215,21332.15
2133296,21332.96
2133376,21333.76
2133453,21334.53
2133532,21335.32
2133611,21336.11
2133690,21336.9
2133769,21337.69
2133847,21338.47
2133924,21339.24
2134002,21340.02
2134080,21340.8
2134158,21341.58
2134234,21342.34
2134310,21343.1
2134387,21343.87
2134464,21344.64
2134541,21345.41
2134617,21346.17
2134693,21346.93
2134771,21347.71
2134849,21348.49
2134927,21349.27
2135006,21350.06
2135084,21350.84
2135162,21351.62
2135240,21352.4
2135319,21353.19
2135398,21353.98
2135477,21354.77
2135556,21355.56
2135635,21356.35
2135714,21357.14
2135794,21357.94
2135874,21358.74
2135951,21359.51
2136030,21360.3
2136109,21361.09
2136188,21361.88
2136266,21362.66
2136343,21363.43
2136422,21364.22
2136501,21365.01
2136579,21365.79
2136657,21366.57
2136734,21367.34
2136812,21368.12
2136890,21368.9
2136968,21369.68
2137046,21370.46
2137124,21371.24
2137203,21372.03
2137281,21372.81
2137359,21373.59
2137435,21374.35
2137511,21375.11
2137587,21375.87
2137663,21376.63
2137740,21377.4
2137817,21378.17
2137894,21378.94
2137973,21379.73
2138051,21380.51
2138131,21381.31
2138210,21382.1
2138287,21382.87
2138366,21383.66
2138444,21384.44
2138522,21385.22
2138601,21386.01
2138679,21386.79
2138756,21387.56
2138834,21388.34
2138913,21389.13
2138990,21389.9
2139066,21390.66
2139143,21391.43
2139220,21392.2
2139296,21392.96
2139371,21393.71
2139446,21394.46
2139522,21395.22
2139597,21395.97
2139673,21396.73
2139749,21397.49
2139825,21398.25
2139902,21399.02
2139980,21399.8
2140057,21400.57
2140134,21401.34
2140211,21402.11
2140288,21402.88
2140366,21403.66
2140444,21404.44
2140521,21405.21
2140598,21405.98
2140675,21406.75
2140752,21407.52
2140831,21408.31
2140910,21409.1
2140988,21409.88
2141065,21410.65
2141144,21411.44
2141223,21412.23
2141302,21413.02
2141380,21413.8
2141458,21414.58
2141536,21415.36
2141615,21416.15
2141695,21416.95
2141772,21417.72
2141849,21418.49
2141926,21419.26
2142004,21420.04
2142082,21420.82
2142160,21421.6
2142236,21422.36
2142314,21423.14
2142393,21423.93
2142472,21424.72
2142549,21425.49
2142628,21426.28
2142707,21427.07
2142786,21427.86
2142865,21428.65
2142943,21429.43
2143022,21430.22
2143100,21431.0
2143179,21431.79
2143257,21432.57
2143335,21433.35
2143413,21434.13
2143491,21434.91
2143567,21435.67
2143643,21436.43
2143719,21437.19
2143796,21437.96
2143873,21438.73
2143951,21439.51
2144031,21440.31
2144109,21441.09
2144187,21441.87
2144267,21442.67
2144347,21443.47
2144429,21444.29
2144512,21445.12
2144593,21445.93
2144672,21446.72
2144752,21447.52
2144832,21448.32
2144911,21449.11
2144989,21449.89
2145066,21450.66
2145145,21451.45
2145224,21452.24
2145303,21453.03
2145381,21453.81
2145457,21454.57
2145535,21455.35
2145611,21456.11
2145688,21456.88
2145764,21457.64
2145839,21458.39
2145916,21459.16
2145992,21459.92
2146070,21460.7
2146147,21461.47
2146225,21462.25
2146301,21463.01
2146378,21463.78
2146456,21464.56
2146532,21465.32
2146609,21466.09
2146685,21466.85
2146762,21467.62
2146840,21468.4
2146917,21469.17
2146994,21469.94
2147072,21470.72
2147152,21471.52
2147231,21472.31
2147309,21473.09
2147386,21473.86
2147465,21474.65
2147542,21475.42
2147620,21476.2
2147698,21476.98
2147776,21477.76
2147856,21478.56
2147935,21479.35
2148015,21480.15
2148095,21480.95
2148175,21481.75
2148253,21482.53
2148330,21483.3
2148408,21484.08
2148487,21484.87
2148565,21485.65
2148643,21486.43
2148719,21487.19
2148797,21487.97
2148876,21488.76
2148954,21489.54
2149031,21490.31
2149108,21491.08
2149185,21491.85
2149261,21492.61
2149339,21493.39
2149415,21494.15
2149491,21494.91
2149568,21495.68
2149645,21496.45
2149723,21497.23
2149801,21498.01
2149880,21498.8
2149957,21499.57
2150034,21500.34
2150112,21501.12
2150190,21501.9
2150267,21502.67
2150344,21503.44
2150421,21504.21
2150498,21504.98
2150576,21505.76
2150652,21506.52
2150729,21507.29
2150807,21508.07
2150885,21508.85
2150964,21509.64
2151042,21510.42
2151119,21511.19
2151196,21511.96
2151272,21512.72
2151349,21513.49
2151426,21514.26
2151501,21515.01
2151578,21515.78
2151655,21516.55
2151734,21517.34
2151812,21518.12
2151889,21518.89
2151968,21519.68
2152047,21520.47
2152126,21521.26
2152205,21522.05
2152283,21522.83
2152360,21523.6
2152437,21524.37
2152514,21525.14
2152591,21525.91
2152668,21526.68
2152743,21527.43
2152821,21528.21
2152899,21528.99
2152976,21529.76
2153054,21530.54
2153129,21531.29
2153204,21532.04
2153279,21532.79
2153355,21533.55
2153431,21534.31
2153508,21535.08
2153584,21535.84
2153663,21536.63
2153742,21537.42
2153822,21538.22
2153901,21539.01
2153979,21539.79
2154056,21540.56
2154134,21541.34
2154212,21542.12
2154290,21542.9
2154367,21543.67
2154444,21544.44
2154521,21545.21
2154600,21546.0
2154679,21546.79
2154757,21547.57
2154836,21548.36
2154914,21549.14
2154993,21549.93
2155072,21550.72
2155150,21551.5
2155228,21552.28
2155306,21553.06
2155384,21553.84
2155462,21554.62
2155540,21555.4
2155617,21556.17
2155693,21556.93
2155771,21557.71
2155848,21558.48
2155926,21559.26
2156003,21560.03
2156079,21560.79
2156156,21561.56
2156233,21562.33
2156311,21563.11
2156388,21563.88
2156465,21564.65
2156543,21565.43
2156621,21566.21
2156700,21567.0
2156777,21567.77
2156855,21568.55
2156933,21569.33
2157011,21570.11
2157088,21570.88
2157165,21571.65
2157242,21572.42
2157320,21573.2
2157400,21574.0
2157478,21574.78
2157557,21575.57
2157635,21576.35
2157714,21577.14
2157793,21577.93
2157872,21578.72
2157949,21579.49
2158028,21580.28
2158108,21581.08
2158187,21581.87
2158266,21582.66
2158344,21583.44
2158421,21584.21
2158499,21584.99
2158576,21585.76
2158654,21586.54
2158732,21587.32
2158811,21588.11
2158892,21588.92
2158973,21589.73
2159052,21590.52
2159130,21591.3
2159209,21592.09
2159289,21592.89
2159369,21593.69
2159449,21594.49
2159528,21595.28
2159606,21596.06
2159685,21596.85
2159764,21597.64
2159844,21598.44
2159924,21599.24
2160002,21600.02
2160081,21600.81
2160160,21601.6
2160238,21602.38
2160318,21603.18
2160395,21603.95
2160471,21604.71
2160548,21605.48
2160627,21606.27
2160706,21607.06
2160784,21607.84
2160861,21608.61
2160940,21609.4
2161019,21610.19
2161099,21610.99
2161178,21611.78
2161256,21612.56
2161335,21613.35
2161416,21614.16
2161496,21614.96
2161575,21615.75
2161654,21616.54
2161732,21617.32
2161811,21618.11
2161890,21618.9
2161969,21619.69
2162048,21620.48
2162127,21621.27
2162207,21622.07
2162287,21622.87
2162367,21623.67
2162445,21624.45
2162523,21625.23
2162601,21626.01
2162680,21626.8
2162758,21627.58
2162837,21628.37
2162914,21629.14
2162991,21629.91
2163069,21630.69
2163147,21631.47
2163227,21632.27
2163305,21633.05
2163383,21633.83
2163463,21634.63
2163542,21635.42
2163624,21636.24
2163705,21637.05
2163784,21637.84
2163862,21638.62
2163940,21639.4
2164018,21640.18
2164096,21640.96
2164173,21641.73
2164249,21642.49
2164327,21643.27
2164405,21644.05
2164485,21644.85
2164566,21645.66
2164648,21646.48
2164728,21647.28
2164809,21648.09
2164890,21648.9
2164970,21649.7
2165049,21650.49
2165127,21651.27
2165205,21652.05
2165285,21652.85
2165363,21653.63
2165441,21654.41
2165519,21655.19
2165598,21655.98
2165678,21656.78
2165758,21657.58
2165836,21658.36
2165914,21659.14
2165994,21659.94
2166075,21660.75
2166157,21661.57
2166237,21662.37
2166316,21663.16
2166396,21663.96
2166474,21664.74
2166553,21665.53
2166631,21666.31
2166707,21667.07
2166785,21667.85
2166863,21668.63
2166941,21669.41
2167020,21670.2
2167099,21670.99
2167177,21671.77
2167256,21672.56
2167335,21673.35
2167414,21674.14
2167493,21674.93
2167569,21675.69
2167647,21676.47
2167725,21677.25
2167805,21678.05
2167884,21678.84
2167963,21679.63
2168041,21680.41
2168118,21681.18
2168195,21681.95
2168273,21682.73
2168350,21683.5
2168427,21684.27
2168503,21685.03
2168579,21685.79
2168656,21686.56
2168734,21687.34
2168811,21688.11
2168888,21688.88
2168967,21689.67
2169047,21690.47
2169127,21691.27
2169207,21692.07
2169286,21692.86
2169366,21693.66
2169446,21694.46
2169526,21695.26
2169605,21696.05
2169685,21696.85
2169763,21697.63
2169840,21698.4
2169918,21699.18
2169995,21699.95
2170073,21700.73
2170152,21701.52
2170230,21702.3
2170309,21703.09
2170389,21703.89
2170468,21704.68
2170548,21705.48
2170627,21706.27
2170708,21707.08
2170786,21707.86
2170864,21708.64
2170944,21709.44
2171022,21710.22
2171100,21711.0
2171177,21711.77
2171254,21712.54
2171333,21713.33
2171412,21714.12
2171491,21714.91
2171571,21715.71
2171651,21716.51
2171731,21717.31
2171811,21718.11
2171891,21718.91
2171970,21719.7
2172049,21720.49
2172129,21721.29
2172209,21722.09
2172288,21722.88
2172368,21723.68
2172447,21724.47
2172526,21725.26
2172603,21726.03
2172681,21726.81
2172758,21727.58
2172836,21728.36
2172913,21729.13
2172992,21729.92
2173072,21730.72
2173152,21731.52
2173231,21732.31
2173309,21733.09
2173386,21733.86
2173463,21734.63
2173540,21735.4
2173617,21736.17
2173693,21736.93
2173769,21737.69
2173847,21738.47
2173924,21739.24
2174003,21740.03
2174082,21740.82
2174162,21741.62
2174243,21742.43
2174324,21743.24
2174407,21744.07
2174490,21744.9
2174571,21745.71
2174651,21746.51
2174731,21747.31
2174811,21748.11
2174891,21748.91
2174969,21749.69
2175049,21750.49
2175130,21751.3
2175211,21752.11
2175290,21752.9
2175369,21753.69
2175447,21754.47
2175525,21755.25
2175603,21756.03
2175682,21756.82
2175763,21757.63
2175844,21758.44
2175924,21759.24
2176005,21760.05
2176085,21760.85
2176166,21761.66
2176246,21762.46
2176324,21763.24
2176403,21764.03
2176482,21764.82
2176560,21765.6
2176637,21766.37
2176715,21767.15
2176793,21767.93
2176872,21768.72
2176951,21769.51
2177029,21770.29
2177107,21771.07
2177184,21771.84
2177262,21772.62
2177341,21773.41
2177418,21774.18
2177495,21774.95
2177573,21775.73
2177651,21776.51
2177729,21777.29
2177806,21778.06
2177883,21778.83
2177961,21779.61
2178039,21780.39
2178117,21781.17
2178194,21781.94
2178270,21782.7
2178347,21783.47
2178426,21784.26
2178505,21785.05
2178584,21785.84
2178661,21786.61
2178739,21787.39
2178817,21788.17
2178896,21788.96
2178976,21789.76
2179055,21790.55
2179134,21791.34
2179213,21792.13
2179291,21792.91
2179370,21793.7
2179449,21794.49
2179529,21795.29
2179609,21796.09
2179689,21796.89
2179767,21797.67
2179844,21798.44
2179922,21799.22
2180000,21800.0
2180079,21800.79
2180157,21801.57
2180236,21802.36
2180317,21803.17
2180399,21803.99
2180480,21804.8
2180558,21805.58
2180636,21806.36
2180715,21807.15
2180792,21807.92
2180869,21808.69
2180946,21809.46
2181023,21810.23
2181101,21811.01
2181182,21811.82
2181262,21812.62
2181340,21813.4
2181419,21814.19
2181499,21814.99
2181578,21815.78
2181657,21816.57
2181734,21817.34
2181811,21818.11
2181889,21818.89
2181966,21819.66
2182044,21820.44
2182123,21821.23
2182200,21822.0
2182278,21822.78
2182358,21823.58
2182439,21824.39
2182519,21825.19
2182598,21825.98
2182678,21826.78
2182757,21827.57
2182836,21828.36
2182914,21829.14
2182993,21829.93
2183071,21830.71
2183150,21831.5
2183229,21832.29
2183307,21833.07
2183385,21833.85
2183462,21834.62
2183541,21835.41
2183619,21836.19
2183698,21836.98
2183777,21837.77
2183854,21838.54
2183931,21839.31
2184009,21840.09
2184088,21840.88
2184166,21841.66
2184244,21842.44
2184320,21843.2
2184398,21843.98
2184476,21844.76
2184555,21845.55
2184633,21846.33
2184710,21847.1
2184786,21847.86
2184862,21848.62
2184939,21849.39
2185017,21850.17
2185093,21850.93
2185171,21851.71
2185248,21852.48
2185327,21853.27
2185404,21854.04
2185481,21854.81
2185558,21855.58
2185635,21856.35
2185712,21857.12
2185790,21857.9
2185867,21858.67
2185945,21859.45
2186024,21860.24
2186104,21861.04
2186184,21861.84
2186263,21862.63
2186341,21863.41
2186419,21864.19
2186498,21864.98
2186577,21865.77
2186655,21866.55
2186733,21867.33
2186811,21868.11
2186889,21868.89
2186967,21869.67
2187046,21870.46
2187125,21871.25
2187204,21872.04
2187284,21872.84
2187364,21873.64
2187445,21874.45
2187525,21875.25
2187602,21876.02
2187680,21876.8
2187757,21877.57
2187834,21878.34
2187912,21879.12
2187990,21879.9
2188067,21880.67
2188146,21881.46
2188225,21882.25
2188303,21883.03
2188381,21883.81
2188459,21884.59
2188536,21885.36
2188614,21886.14
2188692,21886.92
2188770,21887.7
2188848,21888.48
2188927,21889.27
2189007,21890.07
2189086,21890.86
2189166,21891.66
2189245,21892.45
2189323,21893.23
2189402,21894.02
2189481,21894.81
2189561,21895.61
2189640,21896.4
2189719,21897.19
2189797,21897.97
2189876,21898.76
2189956,21899.56
2190036,21900.36
2190115,21901.15
2190194,21901.94
2190274,21902.74
2190354,21903.54
2190435,21904.35
2190515,21905.15
2190594,21905.94
2190674,21906.74
2190752,21907.52
2190832,21908.32
2190911,21909.11
2190988,21909.88
2191066,21910.66
2191144,21911.44
2191224,21912.24
2191304,21913.04
2191383,21913.83
2191462,21914.62
2191543,21915.43
2191624,21916.24
2191706,21917.06
2191787,21917.87
2191866,21918.66
2191945,21919.45
2192022,21920.22
2192101,21921.01
2192179,21921.79
2192257,21922.57
2192336,21923.36
2192416,21924.16
2192496,21924.96
2192577,21925.77
2192657,21926.57
2192737,21927.37
2192817,21928.17
2192897,21928.97
2192977,21929.77
2193056,21930.56
2193133,21931.33
2193210,21932.1
2193286,21932.86
2193363,21933.63
2193439,21934.39
2193514,21935.14
2193590,21935.9
2193664,21936.64
2193739,21937.39
2193813,21938.13
2193888,21938.88
2193963,21939.63
2194038,21940.38
2194114,21941.14
2194190,21941.9
2194267,21942.67
2194343,21943.43
2194419,21944.19
2194495,21944.95
2194572,21945.72
2194649,21946.49
2194725,21947.25
2194802,21948.02
2194878,21948.78
2194955,21949.55
2195032,21950.32
2195108,21951.08
2195185,21951.85
2195263,21952.63
2195340,21953.4
2195417,21954.17
2195494,21954.94
2195571,21955.71
2195649,21956.49
2195726,21957.26
2195802,21958.02
2195879,21958.79
2195955,21959.55
2196032,21960.32
2196108,21961.08
2196184,21961.84
2196260,21962.6
2196337,21963.37
2196413,21964.13
2196489,21964.89
2196565,21965.65
2196641,21966.41
2196717,21967.17
2196793,21967.93
2196869,21968.69
2196945,21969.45
2197021,21970.21
2197096,21970.96
2197172,21971.72
2197247,21972.47
2197322,21973.22
2197396,21973.96
2197471,21974.71
2197546,21975.46
2197621,21976.21
2197696,21976.96
2197772,21977.72
2197847,21978.47
2197923,21979.23
2198000,21980.0
2198077,21980.77
2198154,21981.54
2198231,21982.31
2198307,21983.07
2198385,21983.85
2198461,21984.61
2198538,21985.38
2198614,21986.14
2198691,21986.91
2198767,21987.67
2198844,21988.44
2198920,21989.2
2198997,21989.97
2199073,21990.73
2199149,21991.49
2199226,21992.26
2199303,21993.03
2199379,21993.79
2199456,21994.56
2199533,21995.33
2199611,21996.11
2199689,21996.89
2199767,21997.67
2199844,21998.44
2199920,21999.2
2199996,21999.96
2200072,22000.72
2200148,22001.48
2200225,22002.25
2200303,22003.03
2200380,22003.8
2200457,22004.57
2200535,22005.35
2200613,22006.13
2200691,22006.91
2200769,22007.69
2200846,22008.46
2200923,22009.23
2201000,22010.0
2201076,22010.76
2201153,22011.53
2201229,22012.29
2201304,22013.04
2201380,22013.8
2201456,22014.56
2201531,22015.31
2201606,22016.06
2201682,22016.82
2201758,22017.58
2201833,22018.33
2201909,22019.09
2201985,22019.85
2202061,22020.61
2202138,22021.38
2202214,22022.14
2202290,22022.9
2202365,22023.65
2202441,22024.41
2202517,22025.17
2202593,22025.93
2202668,22026.68
2202744,22027.44
2202819,22028.19
2202894,22028.94
2202970,22029.7
2203044,22030.44
2203119,22031.19
2203194,22031.94
2203269,22032.69
2203345,22033.45
2203421,22034.21
2203497,22034.97
2203573,22035.73
2203648,22036.48
2203722,22037.22
2203796,22037.96
2203868,22038.68
2203939,22039.39
2204010,22040.1
2204080,22040.8
2204150,22041.5
2204221,22042.21
2204293,22042.93
2204369,22043.69
2204447,22044.47
2204527,22045.27
2204612,22046.12
2204695,22046.95
2204779,22047.79
2204860,22048.6
2204939,22049.39
2205019,22050.19
2205096,22050.96
2205173,22051.73
2205249,22052.49
2205326,22053.26
2205401,22054.01
2205477,22054.77
2205552,22055.52
2205627,22056.27
2205702,22057.02
2205777,22057.77
2205851,22058.51
2205927,22059.27
2206002,22060.02
2206077,22060.77
2206153,22061.53
2206230,22062.3
2206308,22063.08
2206385,22063.85
2206463,22064.63
2206541,22065.41
2206619,22066.19
2206697,22066.97
2206775,22067.75
2206852,22068.52
2206929,22069.29
2207005,22070.05
2207082,22070.82
2207159,22071.59
2207236,22072.36
2207312,22073.12
2207389,22073.89
2207465,22074.65
2207542,22075.42
2207618,22076.18
2207695,22076.95
2207772,22077.72
2207849,22078.49
2207925,22079.25
2208002,22080.02
2208079,22080.79
2208156,22081.56
2208235,22082.35
2208313,22083.13
2208391,22083.91
2208470,22084.7
2208549,22085.49
2208629,22086.29
2208709,22087.09
2208789,22087.89
2208869,22088.69
2208948,22089.48
2209027,22090.27
2209106,22091.06
2209185,22091.85
2209265,22092.65
2209344,22093.44
2209423,22094.23
2209503,22095.03
2209582,22095.82
2209661,22096.61
2209740,22097.4
2209819,22098.19
2209898,22098.98
2209977,22099.77
2210056,22100.56
2210135,22101.35
2210213,22102.13
2210292,22102.92
2210371,22103.71
2210449,22104.49
2210527,22105.27
2210606,22106.06
2210684,22106.84
2210762,22107.62
2210840,22108.4
2210919,22109.19
2210998,22109.98
2211077,22110.77
2211156,22111.56
2211236,22112.36
2211314,22113.14
2211393,22113.93
2211471,22114.71
2211549,22115.49
2211627,22116.27
2211704,22117.04
2211783,22117.83
2211861,22118.61
2211939,22119.39
2212017,22120.17
2212095,22120.95
2212173,22121.73
2212252,22122.52
2212330,22123.3
2212407,22124.07
2212486,22124.86
2212565,22125.65
2212643,22126.43
2212721,22127.21
2212799,22127.99
2212876,22128.76
2212954,22129.54
2213032,22130.32
2213110,22131.1
2213188,22131.88
2213267,22132.67
2213345,22133.45
2213424,22134.24
2213503,22135.03
2213581,22135.81
2213661,22136.61
2213740,22137.4
2213820,22138.2
2213900,22139.0
2213979,22139.79
2214057,22140.57
2214136,22141.36
2214216,22142.16
2214295,22142.95
2214375,22143.75
2214454,22144.54
2214533,22145.33
2214612,22146.12
2214690,22146.9
2214769,22147.69
2214847,22148.47
2214924,22149.24
2215001,22150.01
2215078,22150.78
2215155,22151.55
2215232,22152.32
2215308,22153.08
2215384,22153.84
2215460,22154.6
2215538,22155.38
2215617,22156.17
2215696,22156.96
2215775,22157.75
2215856,22158.56
2215936,22159.36
2216016,22160.16
2216095,22160.95
2216174,22161.74
2216253,22162.53
2216331,22163.31
2216409,22164.09
2216487,22164.87
2216564,22165.64
2216640,22166.4
2216717,22167.17
2216793,22167.93
2216871,22168.71
2216949,22169.49
2217028,22170.28
2217106,22171.06
2217184,22171.84
2217261,22172.61
2217338,22173.38
2217416,22174.16
2217495,22174.95
2217574,22175.74
2217654,22176.54
2217735,22177.35
2217818,22178.18
2217899,22178.99
2217980,22179.8
2218061,22180.61
2218142,22181.42
2218222,22182.22
2218301,22183.01
2218380,22183.8
2218459,22184.59
2218537,22185.37
2218616,22186.16
2218694,22186.94
2218773,22187.73
2218851,22188.51
2218929,22189.29
2219008,22190.08
2219086,22190.86
2219165,22191.65
2219244,22192.44
2219323,22193.23
2219402,22194.02
2219482,22194.82
2219561,22195.61
2219640,22196.4
2219720,22197.2
2219800,22198.0
2219879,22198.79
2219958,22199.58
2220037,22200.37
2220115,22201.15
2220194,22201.94
2220272,22202.72
2220350,22203.5
2220428,22204.28
2220506,22205.06
2220584,22205.84
2220661,22206.61
2220739,22207.39
2220815,22208.15
2220891,22208.91
2220968,22209.68
2221043,22210.43
2221119,22211.19
2221194,22211.94
2221269,22212.69
2221344,22213.44
2221419,22214.19
2221494,22214.94
2221570,22215.7
2221646,22216.46
2221722,22217.22
2221799,22217.99
2221876,22218.76
2221954,22219.54
2222032,22220.32
2222110,22221.1
2222189,22221.89
2222267,22222.67
2222346,22223.46
2222424,22224.24
2222502,22225.02
2222581,22225.81
2222658,22226.58
2222737,22227.37
2222815,22228.15
2222893,22228.93
2222971,22229.71
2223048,22230.48
2223126,22231.26
2223204,22232.04
2223282,22232.82
2223360,22233.6
2223439,22234.39
2223518,22235.18
2223596,22235.96
2223676,22236.76
2223754,22237.54
2223834,22238.34
2223913,22239.13
2223993,22239.93
2224072,22240.72
2224151,22241.51
2224231,22242.31
2224311,22243.11
2224392,22243.92
2224473,22244.73
2224553,22245.53
2224633,22246.33
2224713,22247.13
2224792,22247.92
2224871,22248.71
2224950,22249.5
2225028,22250.28
2225107,22251.07
2225184,22251.84
2225262,22252.62
2225340,22253.4
2225417,22254.17
2225494,22254.94
2225571,22255.71
2225648,22256.48
2225726,22257.26
2225803,22258.03
2225881,22258.81
2225959,22259.59
2226037,22260.37
2226115,22261.15
2226192,22261.92
2226270,22262.7
2226347,22263.47
2226425,22264.25
2226503,22265.03
2226580,22265.8
2226658,22266.58
2226735,22267.35
2226813,22268.13
2226891,22268.91
2226969,22269.69
2227047,22270.47
2227124,22271.24
2227202,22272.02
2227280,22272.8
2227357,22273.57
2227435,22274.35
2227512,22275.12
2227590,22275.9
2227668,22276.68
2227746,22277.46
2227824,22278.24
2227903,22279.03
2227981,22279.81
2228059,22280.59
2228138,22281.38
2228217,22282.17
2228296,22282.96
2228374,22283.74
2228453,22284.53
2228531,22285.31
2228609,22286.09
2228687,22286.87
2228765,22287.65
2228842,22288.42
2228919,22289.19
2228996,22289.96
2229075,22290.75
2229154,22291.54
2229233,22292.33
2229312,22293.12
2229391,22293.91
2229470,22294.7
2229550,22295.5
2229629,22296.29
2229708,22297.08
2229786,22297.86
2229865,22298.65
2229943,22299.43
2230020,22300.2
2230097,22300.97
2230174,22301.74
2230251,22302.51
2230329,22303.29
2230405,22304.05
2230483,22304.83
2230560,22305.6
2230638,22306.38
2230715,22307.15
2230793,22307.93
2230871,22308.71
2230950,22309.5
2231028,22310.28
2231105,22311.05
2231182,22311.82
2231260,22312.6
2231339,22313.39
2231417,22314.17
2231494,22314.94
2231572,22315.72
2231649,22316.49
2231727,22317.27
2231804,22318.04
2231882,22318.82
2231960,22319.6
2232039,22320.39
2232117,22321.17
2232195,22321.95
2232273,22322.73
2232352,22323.52
2232430,22324.3
2232508,22325.08
2232587,22325.87
2232666,22326.66
2232745,22327.45
2232825,22328.25
2232904,22329.04
2232983,22329.83
2233062,22330.62
2233142,22331.42
2233221,22332.21
2233300,22333.0
2233379,22333.79
2233458,22334.58
2233537,22335.37
2233616,22336.16
2233695,22336.95
2233773,22337.73
2233851,22338.51
2233930,22339.3
2234008,22340.08
2234086,22340.86
2234163,22341.63
2234241,22342.41
2234319,22343.19
2234397,22343.97
2234475,22344.75
2234552,22345.52
2234631,22346.31
2234710,22347.1
2234789,22347.89
2234869,22348.69
2234947,22349.47
2235025,22350.25
2235103,22351.03
2235181,22351.81
2235259,22352.59
2235336,22353.36
2235412,22354.12
2235489,22354.89
2235565,22355.65
2235641,22356.41
2235718,22357.18
2235793,22357.93
2235869,22358.69
2235946,22359.46
2236022,22360.22
2236098,22360.98
2236174,22361.74
2236250,22362.5
2236327,22363.27
2236404,22364.04
2236481,22364.81
2236558,22365.58
2236636,22366.36
2236713,22367.13
2236791,22367.91
2236869,22368.69
2236945,22369.45
2237022,22370.22
2237098,22370.98
2237175,22371.75
2237250,22372.5
2237326,22373.26
2237403,22374.03
2237479,22374.79
2237555,22375.55
2237632,22376.32
2237709,22377.09
2237786,22377.86
2237862,22378.62
2237938,22379.38
2238013,22380.13
2238089,22380.89
2238164,22381.64
2238241,22382.41
2238316,22383.16
2238392,22383.92
2238468,22384.68
2238544,22385.44
2238619,22386.19
2238694,22386.94
2238769,22387.69
2238845,22388.45
2238920,22389.2
2238995,22389.95
2239071,22390.71
2239146,22391.46
2239221,22392.21
2239297,22392.97
2239373,22393.73
2239448,22394.48
2239523,22395.23
2239598,22395.98
2239672,22396.72
2239748,22397.48
2239822,22398.22
2239897,22398.97
2239972,22399.72
2240048,22400.48
2240124,22401.24
2240201,22402.01
2240277,22402.77
2240355,22403.55
2240432,22404.32
2240509,22405.09
2240586,22405.86
2240662,22406.62
2240739,22407.39
2240817,22408.17
2240893,22408.93
2240969,22409.69
2241045,22410.45
2241121,22411.21
2241197,22411.97
2241273,22412.73
2241349,22413.49
2241425,22414.25
2241501,22415.01
2241578,22415.78
2241655,22416.55
2241731,22417.31
2241808,22418.08
2241884,22418.84
2241960,22419.6
2242035,22420.35
2242111,22421.11
2242185,22421.85
2242259,22422.59
2242333,22423.33
2242406,22424.06
2242480,22424.8
2242554,22425.54
2242630,22426.3
2242704,22427.04
2242779,22427.79
2242856,22428.56
2242932,22429.32
2243009,22430.09
2243086,22430.86
2243162,22431.62
2243237,22432.37
2243312,22433.12
2243386,22433.86
2243460,22434.6
2243535,22435.35
2243609,22436.09
2243683,22436.83
2243758,22437.58
2243832,22438.32
2243908,22439.08
2243984,22439.84
2244061,22440.61
2244138,22441.38
2244215,22442.15
2244292,22442.92
2244370,22443.7
2244447,22444.47
2244524,22445.24
2244602,22446.02
2244679,22446.79
2244757,22447.57
2244835,22448.35
2244913,22449.13
2244990,22449.9
2245068,22450.68
2245146,22451.46
2245224,22452.24
2245302,22453.02
2245379,22453.79
2245457,22454.57
2245535,22455.35
2245613,22456.13
2245691,22456.91
2245770,22457.7
2245847,22458.47
2245923,22459.23
2246001,22460.01
2246077,22460.77
2246154,22461.54
2246230,22462.3
2246307,22463.07
2246384,22463.84
2246461,22464.61
2246538,22465.38
2246615,22466.15
2246693,22466.93
2246769,22467.69
2246846,22468.46
2246924,22469.24
2247001,22470.01
2247079,22470.79
2247156,22471.56
2247234,22472.34
2247311,22473.11
2247389,22473.89
2247466,22474.66
2247544,22475.44
2247621,22476.21
2247699,22476.99
2247777,22477.77
2247854,22478.54
2247930,22479.3
2248005,22480.05
2248080,22480.8
2248154,22481.54
2248229,22482.29
2248305,22483.05
2248383,22483.83
2248460,22484.6
2248539,22485.39
2248617,22486.17
2248696,22486.96
2248774,22487.74
2248852,22488.52
2248930,22489.3
2249007,22490.07
2249085,22490.85
2249163,22491.63
2249240,22492.4
2249316,22493.16
2249393,22493.93
2249471,22494.71
2249547,22495.47
2249624,22496.24
2249701,22497.01
2249777,22497.77
2249853,22498.53
2249929,22499.29
2250006,22500.06
2250082,22500.82
2250158,22501.58
2250235,22502.35
2250312,22503.12
2250388,22503.88
2250465,22504.65
2250541,22505.41
2250617,22506.17
2250692,22506.92
2250767,22507.67
2250840,22508.4
2250913,22509.13
2250985,22509.85
2251057,22510.57
2251130,22511.3
2251201,22512.01
2251273,22512.73
2251345,22513.45
2251417,22514.17
2251490,22514.9
2251562,22515.62
2251635,22516.35
2251709,22517.09
2251783,22517.83
2251859,22518.59
2251933,22519.33
2252008,22520.08
2252083,22520.83
2252158,22521.58
2252234,22522.34
2252311,22523.11
2252386,22523.86
2252460,22524.6
2252533,22525.33
2252605,22526.05
2252676,22526.76
2252746,22527.46
2252816,22528.16
2252887,22528.87
2252957,22529.57
2253029,22530.29
2253103,22531.03
2253177,22531.77
2253253,22532.53
2253329,22533.29
2253405,22534.05
2253484,22534.84
2253562,22535.62
2253640,22536.4
2253720,22537.2
2253799,22537.99
2253878,22538.78
2253956,22539.56
2254033,22540.33
2254110,22541.1
2254186,22541.86
2254259,22542.59
2254332,22543.32
2254402,22544.02
2254473,22544.73
2254542,22545.42
2254610,22546.1
2254679,22546.79
2254747,22547.47
2254814,22548.14
2254882,22548.82
2254949,22549.49
2255016,22550.16
2255082,22550.82
2255149,22551.49
2255215,22552.15
2255280,22552.8
2255345,22553.45
2255410,22554.1
2255474,22554.74
2255538,22555.38
2255600,22556.0
2255662,22556.62
2255724,22557.24
2255786,22557.86
2255848,22558.48
2255909,22559.09
2255971,22559.71
2256033,22560.33
2256096,22560.96
2256161,22561.61
2256228,22562.28
2256295,22562.95
2256366,22563.66
2256440,22564.4
2256519,22565.19
2256603,22566.03
2256686,22566.86
2256770,22567.7
2256851,22568.51
2256930,22569.3
2257009,22570.09
2257087,22570.87
2257165,22571.65
2257242,22572.42
2257319,22573.19
2257396,22573.96
2257472,22574.72
2257547,22575.47
2257621,22576.21
2257695,22576.95
2257768,22577.68
2257842,22578.42
2257917,22579.17
2257993,22579.93
2258068,22580.68
2258142,22581.42
2258215,22582.15
2258288,22582.88
2258361,22583.61
2258435,22584.35
2258507,22585.07
2258581,22585.81
2258654,22586.54
2258727,22587.27
2258801,22588.01
2258877,22588.77
2258951,22589.51
2259026,22590.26
2259102,22591.02
2259178,22591.78
2259255,22592.55
2259333,22593.33
2259409,22594.09
2259486,22594.86
2259563,22595.63
2259640,22596.4
2259718,22597.18
2259796,22597.96
2259873,22598.73
2259949,22599.49
2260025,22600.25
2260102,22601.02
2260179,22601.79
2260256,22602.56
2260334,22603.34
2260413,22604.13
2260490,22604.9
2260567,22605.67
2260643,22606.43
2260720,22607.2
2260798,22607.98
2260878,22608.78
2260958,22609.58
2261036,22610.36
2261113,22611.13
2261188,22611.88
2261262,22612.62
2261336,22613.36
2261410,22614.1
2261483,22614.83
2261556,22615.56
2261629,22616.29
2261703,22617.03
2261778,22617.78
2261852,22618.52
2261926,22619.26
2262002,22620.02
2262080,22620.8
2262163,22621.63
2262245,22622.45
2262329,22623.29
2262414,22624.14
2262500,22625.0
2262588,22625.88
2262677,22626.77
2262764,22627.64
2262851,22628.51
2262936,22629.36
2263020,22630.2
2263103,22631.03
2263186,22631.86
2263268,22632.68
2263350,22633.5
2263431,22634.31
2263512,22635.12
2263593,22635.93
2263675,22636.75
2263757,22637.57
2263838,22638.38
2263918,22639.18
2263996,22639.96
2264074,22640.74
2264153,22641.53
2264232,22642.32
2264311,22643.11
2264388,22643.88
2264464,22644.64
2264539,22645.39
2264614,22646.14
2264689,22646.89
2264764,22647.64
2264839,22648.39
2264913,22649.13
2264988,22649.88
2265064,22650.64
2265139,22651.39
2265214,22652.14
2265289,22652.89
2265364,22653.64
2265443,22654.43
2265525,22655.25
2265605,22656.05
2265685,22656.85
2265768,22657.68
2265854,22658.54
2265940,22659.4
2266025,22660.25
2266110,22661.1
2266194,22661.94
2266278,22662.78
2266361,22663.61
2266443,22664.43
2266523,22665.23
2266604,22666.04
2266687,22666.87
2266770,22667.7
2266854,22668.54
2266939,22669.39
2267023,22670.23
2267108,22671.08
2267191,22671.91
2267272,22672.72
2267353,22673.53
2267434,22674.34
2267515,22675.15
2267596,22675.96
2267676,22676.76
2267754,22677.54
2267832,22678.32
2267910,22679.1
2267990,22679.9
2268069,22680.69
2268147,22681.47
2268224,22682.24
2268300,22683.0
2268375,22683.75
2268449,22684.49
2268525,22685.25
2268600,22686.0
2268674,22686.74
2268747,22687.47
2268819,22688.19
2268892,22688.92
2268965,22689.65
2269037,22690.37
2269108,22691.08
2269179,22691.79
2269250,22692.5
2269320,22693.2
2269390,22693.9
2269459,22694.59
2269531,22695.31
2269606,22696.06
2269687,22696.87
2269769,22697.69
2269850,22698.5
2269929,22699.29
2270006,22700.06
2270082,22700.82
2270156,22701.56
2270230,22702.3
2270307,22703.07
2270387,22703.87
2270473,22704.73
2270559,22705.59
2270648,22706.48
2270736,22707.36
2270824,22708.24
2270910,22709.1
2270996,22709.96
2271081,22710.81
2271166,22711.66
2271252,22712.52
2271337,22713.37
2271420,22714.2
2271503,22715.03
2271586,22715.86
2271668,22716.68
2271751,22717.51
2271832,22718.32
2271912,22719.12
2271990,22719.9
2272067,22720.67
2272144,22721.44
2272221,22722.21
2272299,22722.99
2272377,22723.77
2272453,22724.53
2272527,22725.27
2272601,22726.01
2272674,22726.74
2272748,22727.48
2272822,22728.22
2272895,22728.95
2272969,22729.69
2273044,22730.44
2273121,22731.21
2273201,22732.01
2273282,22732.82
2273363,22733.63
2273444,22734.44
2273529,22735.29
2273615,22736.15
2273701,22737.01
2273786,22737.86
2273871,22738.71
2273955,22739.55
2274039,22740.39
2274122,22741.22
2274205,22742.05
2274287,22742.87
2274368,22743.68
2274448,22744.48
2274528,22745.28
2274608,22746.08
2274688,22746.88
2274767,22747.67
2274843,22748.43
2274919,22749.19
2274994,22749.94
2275070,22750.7
2275145,22751.45
2275221,22752.21
2275295,22752.95
2275369,22753.69
2275443,22754.43
2275518,22755.18
2275593,22755.93
2275669,22756.69
2275746,22757.46
2275821,22758.21
2275895,22758.95
2275968,22759.68
2276041,22760.41
2276115,22761.15
2276188,22761.88
2276260,22762.6
2276331,22763.31
2276403,22764.03
2276475,22764.75
2276546,22765.46
2276618,22766.18
2276689,22766.89
2276760,22767.6
2276830,22768.3
2276900,22769.0
2276968,22769.68
2277038,22770.38
2277109,22771.09
2277184,22771.84
2277264,22772.64
2277342,22773.42
2277422,22774.22
2277506,22775.06
2277596,22775.96
2277689,22776.89
2277780,22777.8
2277870,22778.7
2277957,22779.57
2278043,22780.43
2278129,22781.29
2278214,22782.14
2278299,22782.99
2278384,22783.84
2278469,22784.69
2278554,22785.54
2278639,22786.39
2278725,22787.25
2278810,22788.1
2278894,22788.94
2278979,22789.79
2279063,22790.63
2279148,22791.48
2279231,22792.31
2279314,22793.14
2279396,22793.96
2279476,22794.76
2279558,22795.58
2279638,22796.38
2279718,22797.18
2279797,22797.97
2279877,22798.77
2279955,22799.55
2280031,22800.31
2280107,22801.07
2280182,22801.82
2280260,22802.6
2280338,22803.38
2280416,22804.16
2280495,22804.95
2280571,22805.71
2280647,22806.47
2280723,22807.23
2280798,22807.98
2280876,22808.76
2280954,22809.54
2281030,22810.3
2281106,22811.06
2281180,22811.8
2281255,22812.55
2281330,22813.3
2281405,22814.05
2281479,22814.79
2281552,22815.52
2281626,22816.26
2281698,22816.98
2281771,22817.71
2281843,22818.43
2281916,22819.16
2281992,22819.92
2282070,22820.7
2282153,22821.53
2282236,22822.36
2282321,22823.21
2282410,22824.1
2282502,22825.02
2282595,22825.95
2282686,22826.86
2282776,22827.76
2282867,22828.67
2282957,22829.57
2283046,22830.46
2283134,22831.34
2283221,22832.21
2283308,22833.08
2283393,22833.93
2283476,22834.76
2283560,22835.6
2283642,22836.42
2283722,22837.22
2283803,22838.03
2283884,22838.84
2283964,22839.64
2284044,22840.44
2284124,22841.24
2284203,22842.03
2284283,22842.83
2284362,22843.62
2284442,22844.42
2284522,22845.22
2284602,22846.02
2284681,22846.81
2284759,22847.59
2284836,22848.36
2284911,22849.11
2284987,22849.87
2285063,22850.63
2285140,22851.4
2285217,22852.17
2285292,22852.92
2285367,22853.67
2285442,22854.42
2285518,22855.18
2285595,22855.95
2285670,22856.7
2285745,22857.45
2285818,22858.18
2285891,22858.91
2285965,22859.65
2286037,22860.37
2286108,22861.08
2286179,22861.79
2286250,22862.5
2286321,22863.21
2286393,22863.93
2286467,22864.67
2286542,22865.42
2286617,22866.17
2286696,22866.96
2286779,22867.79
2286866,22868.66
2286954,22869.54
2287043,22870.43
2287133,22871.33
2287223,22872.23
2287314,22873.14
2287404,22874.04
2287495,22874.95
2287584,22875.84
2287675,22876.75
2287765,22877.65
2287853,22878.53
2287941,22879.41
2288029,22880.29
2288116,22881.16
2288202,22882.02
2288287,22882.87
2288371,22883.71
2288455,22884.55
2288539,22885.39
2288623,22886.23
2288705,22887.05
2288788,22887.88
2288871,22888.71
2288952,22889.52
2289033,22890.33
2289113,22891.13
2289193,22891.93
2289272,22892.72
2289349,22893.49
2289426,22894.26
2289502,22895.02
2289578,22895.78
2289654,22896.54
2289732,22897.32
2289809,22898.09
2289886,22898.86
2289963,22899.63
2290039,22900.39
2290115,22901.15
2290192,22901.92
2290269,22902.69
2290346,22903.46
2290421,22904.21
2290496,22904.96
2290572,22905.72
2290645,22906.45
2290717,22907.17
2290789,22907.89
2290860,22908.6
2290931,22909.31
2291001,22910.01
2291071,22910.71
2291140,22911.4
2291209,22912.09
2291277,22912.77
2291344,22913.44
2291412,22914.12
2291479,22914.79
2291550,22915.5
2291628,22916.28
2291714,22917.14
2291803,22918.03
2291893,22918.93
2291983,22919.83
2292075,22920.75
2292168,22921.68
2292263,22922.63
2292359,22923.59
2292454,22924.54
2292548,22925.48
2292642,22926.42
2292735,22927.35
2292826,22928.26
2292917,22929.17
2293007,22930.07
2293096,22930.96
2293185,22931.85
2293272,22932.72
2293357,22933.57
2293442,22934.42
2293526,22935.26
2293611,22936.11
2293697,22936.97
2293782,22937.82
2293866,22938.66
2293950,22939.5
2294034,22940.34
2294118,22941.18
2294201,22942.01
2294282,22942.82
2294361,22943.61
2294440,22944.4
2294518,22945.18
2294600,22946.0
2294682,22946.82
2294765,22947.65
2294845,22948.45
2294924,22949.24
2295003,22950.03
2295082,22950.82
2295160,22951.6
2295236,22952.36
2295311,22953.11
2295386,22953.86
2295461,22954.61
2295536,22955.36
2295611,22956.11
2295685,22956.85
2295759,22957.59
2295831,22958.31
2295904,22959.04
2295974,22959.74
2296044,22960.44
2296114,22961.14
2296185,22961.85
2296262,22962.62
2296346,22963.46
2296440,22964.4
2296532,22965.32
2296623,22966.23
2296714,22967.14
2296807,22968.07
2296902,22969.02
2296997,22969.97
2297090,22970.9
2297182,22971.82
2297273,22972.73
2297363,22973.63
2297452,22974.52
2297539,22975.39
2297625,22976.25
2297708,22977.08
2297790,22977.9
2297871,22978.71
2297953,22979.53
2298033,22980.33
2298115,22981.15
2298197,22981.97
2298279,22982.79
2298361,22983.61
2298444,22984.44
2298525,22985.25
2298605,22986.05
2298687,22986.87
2298769,22987.69
2298854,22988.54
2298939,22989.39
2299021,22990.21
2299100,22991.0
2299179,22991.79
2299258,22992.58
2299337,22993.37
2299415,22994.15
2299492,22994.92
2299568,22995.68
2299644,22996.44
2299721,22997.21
2299799,22997.99
2299875,22998.75
2299951,22999.51
2300026,23000.26
2300102,23001.02
2300178,23001.78
2300253,23002.53
2300329,23003.29
2300407,23004.07
2300488,23004.88
2300570,23005.7
2300653,23006.53
2300736,23007.36
2300820,23008.2
2300904,23009.04
2300988,23009.88
2301075,23010.75
2301163,23011.63
2301251,23012.51
2301339,23013.39
2301427,23014.27
2301515,23015.15
2301603,23016.03
2301691,23016.91
2301778,23017.78
2301865,23018.65
2301951,23019.51
2302036,23020.36
2302118,23021.18
2302199,23021.99
2302280,23022.8
2302360,23023.6
2302440,23024.4
2302520,23025.2
2302598,23025.98
2302677,23026.77
2302756,23027.56
2302836,23028.36
2302915,23029.15
2302993,23029.93
2303070,23030.7
2303147,23031.47
2303224,23032.24
2303302,23033.02
2303381,23033.81
2303460,23034.6
2303537,23035.37
2303614,23036.14
2303692,23036.92
2303768,23037.68
2303842,23038.42
2303916,23039.16
2303989,23039.89
2304062,23040.62
2304134,23041.34
2304206,23042.06
2304278,23042.78
2304349,23043.49
2304419,23044.19
2304490,23044.9
2304563,23045.63
2304637,23046.37
2304713,23047.13
2304789,23047.89
2304869,23048.69
2304954,23049.54
2305044,23050.44
2305135,23051.35
2305225,23052.25
2305313,23053.13
2305401,23054.01
2305490,23054.9
2305580,23055.8
2305671,23056.71
2305762,23057.62
2305852,23058.52
2305941,23059.41
2306031,23060.31
2306119,23061.19
2306208,23062.08
2306295,23062.95
2306382,23063.82
2306468,23064.68
2306554,23065.54
2306639,23066.39
2306723,23067.23
2306807,23068.07
2306889,23068.89
2306970,23069.7
2307049,23070.49
2307127,23071.27
2307206,23072.06
2307288,23072.88
2307369,23073.69
2307448,23074.48
2307526,23075.26
2307605,23076.05
2307683,23076.83
2307761,23077.61
2307840,23078.4
2307917,23079.17
2307992,23079.92
2308069,23080.69
2308146,23081.46
2308223,23082.23
2308300,23083.0
2308376,23083.76
2308453,23084.53
2308530,23085.3
2308606,23086.06
2308682,23086.82
2308758,23087.58
2308834,23088.34
2308911,23089.11
2308989,23089.89
2309066,23090.66
2309145,23091.45
2309227,23092.27
2309310,23093.1
2309395,23093.95
2309480,23094.8
2309567,23095.67
2309655,23096.55
2309743,23097.43
2309832,23098.32
2309920,23099.2
2310008,23100.08
2310096,23100.96
2310185,23101.85
2310272,23102.72
2310358,23103.58
2310443,23104.43
2310527,23105.27
2310611,23106.11
2310693,23106.93
2310776,23107.76
2310857,23108.57
2310939,23109.39
2311020,23110.2
2311100,23111.0
2311180,23111.8
2311260,23112.6
2311340,23113.4
2311421,23114.21
2311499,23114.99
2311576,23115.76
2311652,23116.52
2311727,23117.27
2311804,23118.04
2311884,23118.84
2311963,23119.63
2312040,23120.4
2312118,23121.18
2312195,23121.95
2312272,23122.72
2312349,23123.49
2312426,23124.26
2312501,23125.01
2312577,23125.77
2312652,23126.52
2312726,23127.26
2312798,23127.98
2312872,23128.72
2312945,23129.45
2313019,23130.19
2313092,23130.92
2313164,23131.64
2313237,23132.37
2313311,23133.11
2313386,23133.86
2313461,23134.61
2313536,23135.36
2313612,23136.12
2313691,23136.91
2313773,23137.73
2313859,23138.59
2313944,23139.44
2314032,23140.32
2314124,23141.24
2314216,23142.16
2314307,23143.07
2314397,23143.97
2314487,23144.87
2314576,23145.76
2314666,23146.66
2314754,23147.54
2314842,23148.42
2314929,23149.29
2315016,23150.16
2315101,23151.01
2315186,23151.86
2315269,23152.69
2315353,23153.53
2315436,23154.36
2315519,23155.19
2315602,23156.02
2315685,23156.85
2315767,23157.67
2315849,23158.49
2315931,23159.31
2316013,23160.13
2316096,23160.96
2316179,23161.79
2316261,23162.61
2316342,23163.42
2316422,23164.22
2316500,23165.0
2316578,23165.78
2316657,23166.57
2316737,23167.37
2316818,23168.18
2316900,23169.0
2316979,23169.79
2317057,23170.57
2317136,23171.36
2317213,23172.13
2317289,23172.89
2317365,23173.65
2317441,23174.41
2317516,23175.16
2317591,23175.91
2317665,23176.65
2317738,23177.38
2317810,23178.1
2317881,23178.81
2317952,23179.52
2318021,23180.21
2318091,23180.91
2318162,23181.62
2318237,23182.37
2318318,23183.18
2318407,23184.07
2318495,23184.95
2318585,23185.85
2318677,23186.77
2318770,23187.7
2318865,23188.65
2318960,23189.6
2319054,23190.54
2319147,23191.47
2319240,23192.4
2319332,23193.32
2319423,23194.23
2319514,23195.14
2319605,23196.05
2319696,23196.96
2319786,23197.86
2319876,23198.76
2319966,23199.66
2320055,23200.55
2320143,23201.43
2320230,23202.3
2320314,23203.14
2320398,23203.98
2320481,23204.81
2320562,23205.62
2320643,23206.43
2320723,23207.23
2320802,23208.02
2320881,23208.81
2320959,23209.59
2321035,23210.35
2321111,23211.11
2321189,23211.89
2321268,23212.68
2321347,23213.47
2321426,23214.26
2321505,23215.05
2321584,23215.84
2321662,23216.62
2321739,23217.39
2321817,23218.17
2321895,23218.95
2321971,23219.71
2322047,23220.47
2322122,23221.22
2322198,23221.98
2322274,23222.74
2322349,23223.49
2322424,23224.24
2322500,23225.0
2322578,23225.78
2322657,23226.57
2322738,23227.38
2322821,23228.21
2322908,23229.08
2322997,23229.97
2323088,23230.88
2323179,23231.79
2323270,23232.7
2323361,23233.61
2323450,23234.5
2323539,23235.39
2323629,23236.29
2323717,23237.17
2323805,23238.05
2323892,23238.92
2323979,23239.79
2324064,23240.64
2324149,23241.49
2324234,23242.34
2324319,23243.19
2324404,23244.04
2324489,23244.89
2324573,23245.73
2324657,23246.57
2324741,23247.41
2324824,23248.24
2324907,23249.07
2324989,23249.89
2325070,23250.7
2325151,23251.51
2325229,23252.29
2325306,23253.06
2325383,23253.83
2325460,23254.6
2325537,23255.37
2325616,23256.16
2325695,23256.95
2325772,23257.72
2325849,23258.49
2325926,23259.26
2326003,23260.03
2326078,23260.78
2326153,23261.53
2326229,23262.29
2326303,23263.03
2326377,23263.77
2326451,23264.51
2326523,23265.23
2326595,23265.95
2326666,23266.66
2326736,23267.36
2326806,23268.06
2326877,23268.77
2326951,23269.51
2327030,23270.3
2327111,23271.11
2327192,23271.92
2327277,23272.77
2327365,23273.65
2327455,23274.55
2327546,23275.46
2327637,23276.37
2327726,23277.26
2327813,23278.13
2327899,23278.99
2327984,23279.84
2328071,23280.71
2328157,23281.57
2328244,23282.44
2328329,23283.29
2328414,23284.14
2328498,23284.98
2328582,23285.82
2328664,23286.64
2328747,23287.47
2328829,23288.29
2328910,23289.1
2328991,23289.91
2329072,23290.72
2329153,23291.53
2329232,23292.32
2329312,23293.12
2329392,23293.92
2329471,23294.71
2329548,23295.48
2329625,23296.25
2329701,23297.01
2329778,23297.78
2329855,23298.55
2329936,23299.36
2330017,23300.17
2330096,23300.96
2330175,23301.75
2330254,23302.54
2330333,23303.33
2330413,23304.13
2330490,23304.9
2330567,23305.67
2330643,23306.43
2330719,23307.19
2330796,23307.96
2330871,23308.71
2330947,23309.47
2331022,23310.22
2331097,23310.97
2331172,23311.72
2331247,23312.47
2331323,23313.23
2331399,23313.99
2331478,23314.78
2331558,23315.58
2331639,23316.39
2331722,23317.22
2331807,23318.07
2331894,23318.94
2331984,23319.84
2332075,23320.75
2332163,23321.63
2332251,23322.51
2332340,23323.4
2332428,23324.28
2332517,23325.17
2332606,23326.06
2332694,23326.94
2332782,23327.82
2332868,23328.68
2332953,23329.53
2333036,23330.36
2333119,23331.19
2333201,23332.01
2333282,23332.82
2333362,23333.62
2333441,23334.41
2333519,23335.19
2333597,23335.97
2333675,23336.75
2333753,23337.53
2333833,23338.33
2333914,23339.14
2333994,23339.94
2334074,23340.74
2334155,23341.55
2334238,23342.38
2334321,23343.21
2334402,23344.02
2334481,23344.81
2334559,23345.59
2334635,23346.35
2334712,23347.12
2334787,23347.87
2334861,23348.61
2334935,23349.35
2335009,23350.09
2335081,23350.81
2335154,23351.54
2335226,23352.26
2335297,23352.97
2335368,23353.68
2335438,23354.38
2335508,23355.08
2335577,23355.77
2335647,23356.47
2335720,23357.2
2335799,23357.99
2335884,23358.84
2335974,23359.74
2336062,23360.62
2336154,23361.54
2336247,23362.47
2336342,23363.42
2336437,23364.37
2336533,23365.33
2336628,23366.28
2336723,23367.23
2336817,23368.17
2336911,23369.11
2337002,23370.02
2337094,23370.94
2337185,23371.85
2337275,23372.75
2337364,23373.64
2337453,23374.53
2337541,23375.41
2337628,23376.28
2337715,23377.15
2337801,23378.01
2337887,23378.87
2337972,23379.72
2338056,23380.56
2338142,23381.42
2338227,23382.27
2338313,23383.13
2338398,23383.98
2338485,23384.85
2338571,23385.71
2338657,23386.57
2338742,23387.42
2338822,23388.22
2338902,23389.02
2338980,23389.8
2339057,23390.57
2339135,23391.35
2339213,23392.13
2339293,23392.93
2339370,23393.7
2339446,23394.46
2339522,23395.22
2339599,23395.99
2339677,23396.77
2339753,23397.53
2339829,23398.29
2339906,23399.06
2339982,23399.82
2340057,23400.57
2340132,23401.32
2340207,23402.07
2340281,23402.81
2340355,23403.55
2340428,23404.28
2340504,23405.04
2340586,23405.86
2340671,23406.71
2340759,23407.59
2340848,23408.48
2340935,23409.35
2341021,23410.21
2341105,23411.05
2341188,23411.88
2341270,23412.7
2341351,23413.51
2341432,23414.32
2341514,23415.14
2341594,23415.94
2341677,23416.77
2341759,23417.59
2341842,23418.42
2341925,23419.25
2342010,23420.1
2342095,23420.95
2342180,23421.8
2342265,23422.65
2342350,23423.5
2342434,23424.34
2342517,23425.17
2342598,23425.98
2342676,23426.76
2342754,23427.54
2342832,23428.32
2342911,23429.11
2342992,23429.92
2343075,23430.75
2343158,23431.58
2343238,23432.38
2343316,23433.16
2343394,23433.94
2343471,23434.71
2343547,23435.47
2343623,23436.23
2343699,23436.99
2343774,23437.74
2343848,23438.48
2343922,23439.22
2343995,23439.95
2344067,23440.67
2344139,23441.39
2344211,23442.11
2344283,23442.83
2344356,23443.56
2344432,23444.32
2344509,23445.09
2344586,23445.86
2344668,23446.68
2344753,23447.53
2344841,23448.41
2344932,23449.32
2345024,23450.24
2345116,23451.16
2345208,23452.08
2345300,23453.0
2345392,23453.92
2345483,23454.83
2345575,23455.75
2345666,23456.66
2345757,23457.57
2345846,23458.46
2345934,23459.34
2346020,23460.2
2346106,23461.06
2346190,23461.9
2346273,23462.73
2346356,23463.56
2346438,23464.38
2346519,23465.19
2346600,23466.0
2346683,23466.83
2346766,23467.66
2346851,23468.51
2346936,23469.36
2347022,23470.22
2347108,23471.08
2347193,23471.93
2347277,23472.77
2347358,23473.58
2347436,23474.36
2347514,23475.14
2347592,23475.92
2347668,23476.68
2347745,23477.45
2347824,23478.24
2347904,23479.04
2347983,23479.83
2348061,23480.61
2348138,23481.38
2348216,23482.16
2348295,23482.95
2348373,23483.73
2348450,23484.5
2348528,23485.28
2348607,23486.07
2348687,23486.87
2348765,23487.65
2348845,23488.45
2348926,23489.26
2349008,23490.08
2349091,23490.91
2349175,23491.75
2349257,23492.57
2349341,23493.41
2349425,23494.25
2349509,23495.09
2349593,23495.93
2349677,23496.77
2349760,23497.6
2349842,23498.42
2349924,23499.24
2350006,23500.06
2350087,23500.87
2350169,23501.69
2350250,23502.5
2350332,23503.32
2350413,23504.13
2350496,23504.96
2350577,23505.77
2350656,23506.56
2350734,23507.34
2350810,23508.1
2350887,23508.87
2350966,23509.66
2351046,23510.46
2351126,23511.26
2351205,23512.05
2351284,23512.84
2351361,23513.61
2351439,23514.39
2351516,23515.16
2351593,23515.93
2351668,23516.68
2351743,23517.43
2351818,23518.18
2351894,23518.94
2351969,23519.69
2352043,23520.43
2352116,23521.16
2352189,23521.89
2352262,23522.62
2352335,23523.35
2352406,23524.06
2352479,23524.79
2352553,23525.53
2352630,23526.3
2352714,23527.14
2352800,23528.0
2352887,23528.87
2352974,23529.74
2353065,23530.65
2353156,23531.56
2353246,23532.46
2353336,23533.36
2353425,23534.25
2353514,23535.14
2353602,23536.02
2353690,23536.9
2353778,23537.78
2353865,23538.65
2353951,23539.51
2354037,23540.37
2354121,23541.21
2354204,23542.04
2354287,23542.87
2354369,23543.69
2354450,23544.5
2354532,23545.32
2354615,23546.15
2354698,23546.98
2354783,23547.83
2354867,23548.67
2354950,23549.5
2355032,23550.32
2355114,23551.14
2355197,23551.97
2355282,23552.82
2355367,23553.67
2355451,23554.51
2355534,23555.34
2355614,23556.14
2355694,23556.94
2355773,23557.73
2355854,23558.54
2355935,23559.35
2356015,23560.15
2356093,23560.93
2356171,23561.71
2356248,23562.48
2356324,23563.24
2356399,23563.99
2356476,23564.76
2356551,23565.51
2356625,23566.25
2356698,23566.98
2356772,23567.72
2356849,23568.49
2356927,23569.27
2357006,23570.06
2357085,23570.85
2357164,23571.64
2357244,23572.44
2357327,23573.27
2357411,23574.11
2357496,23574.96
2357580,23575.8
2357666,23576.66
2357753,23577.53
2357843,23578.43
2357932,23579.32
2358022,23580.22
2358110,23581.1
2358199,23581.99
2358288,23582.88
2358377,23583.77
2358466,23584.66
2358554,23585.54
2358642,23586.42
2358730,23587.3
2358817,23588.17
2358903,23589.03
2358987,23589.87
2359070,23590.7
2359152,23591.52
2359233,23592.33
2359315,23593.15
2359395,23593.95
2359475,23594.75
2359558,23595.58
2359640,23596.4
2359720,23597.2
2359798,23597.98
2359875,23598.75
2359953,23599.53
2360032,23600.32
2360110,23601.1
2360190,23601.9
2360269,23602.69
2360347,23603.47
2360425,23604.25
2360502,23605.02
2360577,23605.77
2360653,23606.53
2360728,23607.28
2360803,23608.03
2360877,23608.77
2360951,23609.51
2361025,23610.25
2361100,23611.0
2361175,23611.75
2361250,23612.5
2361325,23613.25
2361401,23614.01
2361478,23614.78
2361557,23615.57
2361636,23616.36
2361717,23617.17
2361802,23618.02
2361889,23618.89
2361981,23619.81
2362075,23620.75
2362168,23621.68
2362260,23622.6
2362351,23623.51
2362442,23624.42
2362534,23625.34
2362624,23626.24
2362715,23627.15
2362805,23628.05
2362895,23628.95
2362983,23629.83
2363071,23630.71
2363157,23631.57
2363241,23632.41
2363324,23633.24
2363406,23634.06
2363487,23634.87
2363567,23635.67
2363648,23636.48
2363729,23637.29
2363812,23638.12
2363895,23638.95
2363978,23639.78
2364062,23640.62
2364145,23641.45
2364227,23642.27
2364307,23643.07
2364386,23643.86
2364463,23644.63
2364541,23645.41
2364619,23646.19
2364698,23646.98
2364778,23647.78
2364857,23648.57
2364935,23649.35
2365014,23650.14
2365092,23650.92
2365169,23651.69
2365246,23652.46
2365323,23653.23
2365398,23653.98
2365473,23654.73
2365547,23655.47
2365621,23656.21
2365695,23656.95
2365768,23657.68
2365841,23658.41
2365914,23659.14
2365986,23659.86
2366059,23660.59
2366132,23661.32
2366205,23662.05
2366278,23662.78
2366350,23663.5
2366423,23664.23
2366492,23664.92
2366561,23665.61
2366635,23666.35
2366709,23667.09
2366780,23667.8
2366849,23668.49
2366920,23669.2
2366990,23669.9
2367061,23670.61
2367132,23671.32
2367204,23672.04
2367278,23672.78
2367352,23673.52
2367427,23674.27
2367504,23675.04
2367580,23675.8
2367657,23676.57
2367732,23677.32
2367806,23678.06
2367879,23678.79
2367952,23679.52
2368025,23680.25
2368099,23680.99
2368173,23681.73
2368249,23682.49
2368327,23683.27
2368405,23684.05
2368485,23684.85
2368564,23685.64
2368644,23686.44
2368724,23687.24
2368804,23688.04
2368885,23688.85
2368967,23689.67
2369049,23690.49
2369133,23691.33
2369215,23692.15
2369299,23692.99
2369381,23693.81
2369463,23694.63
2369546,23695.46
2369628,23696.28
2369710,23697.1
2369792,23697.92
2369873,23698.73
2369953,23699.53
2370033,23700.33
2370111,23701.11
2370189,23701.89
2370265,23702.65
2370340,23703.4
2370415,23704.15
2370490,23704.9
2370563,23705.63
2370637,23706.37
2370710,23707.1
2370784,23707.84
2370859,23708.59
2370933,23709.33
2371006,23710.06
2371080,23710.8
2371155,23711.55
2371231,23712.31
2371309,23713.09
2371387,23713.87
2371467,23714.67
2371549,23715.49
2371633,23716.33
2371718,23717.18
2371806,23718.06
2371893,23718.93
2371979,23719.79
2372062,23720.62
2372145,23721.45
2372228,23722.28
2372310,23723.1
2372392,23723.92
2372473,23724.73
2372554,23725.54
2372636,23726.36
2372718,23727.18
2372799,23727.99
2372881,23728.81
2372962,23729.62
2373042,23730.42
2373122,23731.22
2373202,23732.02
2373281,23732.81
2373359,23733.59
2373436,23734.36
2373514,23735.14
2373592,23735.92
2373671,23736.71
2373751,23737.51
2373829,23738.29
2373906,23739.06
2373983,23739.83
2374059,23740.59
2374134,23741.34
2374210,23742.1
2374285,23742.85
2374360,23743.6
2374436,23744.36
2374513,23745.13
2374593,23745.93
2374674,23746.74
2374753,23747.53
2374836,23748.36
2374920,23749.2
2375005,23750.05
2375090,23750.9
2375173,23751.73
2375256,23752.56
2375339,23753.39
2375423,23754.23
2375508,23755.08
2375592,23755.92
2375676,23756.76
2375760,23757.6
2375842,23758.42
2375925,23759.25
2376008,23760.08
2376093,23760.93
2376178,23761.78
2376262,23762.62
2376346,23763.46
2376430,23764.3
2376514,23765.14
2376598,23765.98
2376683,23766.83
2376767,23767.67
2376851,23768.51
2376934,23769.34
2377014,23770.14
2377096,23770.96
2377178,23771.78
2377260,23772.6
2377341,23773.41
2377420,23774.2
2377497,23774.97
2377573,23775.73
2377650,23776.5
2377727,23777.27
2377807,23778.07
2377886,23778.86
2377966,23779.66
2378047,23780.47
2378130,23781.3
2378213,23782.13
2378295,23782.95
2378376,23783.76
2378460,23784.6
2378545,23785.45
2378628,23786.28
2378710,23787.1
2378791,23787.91
2378871,23788.71
2378952,23789.52
2379034,23790.34
2379118,23791.18
2379202,23792.02
2379285,23792.85
2379367,23793.67
2379451,23794.51
2379535,23795.35
2379622,23796.22
2379709,23797.09
2379798,23797.98
2379885,23798.85
2379972,23799.72
2380059,23800.59
2380144,23801.44
2380229,23802.29
2380314,23803.14
2380398,23803.98
2380482,23804.82
2380564,23805.64
2380645,23806.45
2380729,23807.29
2380813,23808.13
2380898,23808.98
2380982,23809.82
2381062,23810.62
2381140,23811.4
2381221,23812.21
2381302,23813.02
2381386,23813.86
2381467,23814.67
2381547,23815.47
2381627,23816.27
2381706,23817.06
2381786,23817.86
2381866,23818.66
2381946,23819.46
2382026,23820.26
2382109,23821.09
2382194,23821.94
2382280,23822.8
2382366,23823.66
2382451,23824.51
2382535,23825.35
2382619,23826.19
2382704,23827.04
2382790,23827.9
2382873,23828.73
2382955,23829.55
2383038,23830.38
2383121,23831.21
2383205,23832.05
2383287,23832.87
2383368,23833.68
2383452,23834.52
2383535,23835.35
2383618,23836.18
2383701,23837.01
2383784,23837.84
2383866,23838.66
2383948,23839.48
2384029,23840.29
2384111,23841.11
2384194,23841.94
2384275,23842.75
2384355,23843.55
2384436,23844.36
2384516,23845.16
2384595,23845.95
2384675,23846.75
2384753,23847.53
2384832,23848.32
2384911,23849.11
2384991,23849.91
2385071,23850.71
2385151,23851.51
2385230,23852.3
2385309,23853.09
2385388,23853.88
2385469,23854.69
2385548,23855.48
2385626,23856.26
2385703,23857.03
2385781,23857.81
2385861,23858.61
2385943,23859.43
2386025,23860.25
2386107,23861.07
2386189,23861.89
2386272,23862.72
2386356,23863.56
2386439,23864.39
2386521,23865.21
2386600,23866.0
2386680,23866.8
2386760,23867.6
2386840,23868.4
2386920,23869.2
2386999,23869.99
2387081,23870.81
2387163,23871.63
2387247,23872.47
2387328,23873.28
2387408,23874.08
2387489,23874.89
2387569,23875.69
2387649,23876.49
2387730,23877.3
2387809,23878.09
2387887,23878.87
2387966,23879.66
2388045,23880.45
2388125,23881.25
2388206,23882.06
2388286,23882.86
2388364,23883.64
2388443,23884.43
2388521,23885.21
2388600,23886.0
2388679,23886.79
2388757,23887.57
2388834,23888.34
2388912,23889.12
2388990,23889.9
2389069,23890.69
2389148,23891.48
2389226,23892.26
2389304,23893.04
2389382,23893.82
2389461,23894.61
2389542,23895.42
2389621,23896.21
2389700,23897.0
2389779,23897.79
2389859,23898.59
2389940,23899.4
2390022,23900.22
2390102,23901.02
2390182,23901.82
2390264,23902.64
2390348,23903.48
2390432,23904.32
2390514,23905.14
2390595,23905.95
2390675,23906.75
2390756,23907.56
2390838,23908.38
2390920,23909.2
2391003,23910.03
2391084,23910.84
2391166,23911.66
2391249,23912.49
2391332,23913.32
2391415,23914.15
2391496,23914.96
2391577,23915.77
2391658,23916.58
2391739,23917.39
2391819,23918.19
2391899,23918.99
2391977,23919.77
2392056,23920.56
2392134,23921.34
2392211,23922.11
2392289,23922.89
2392367,23923.67
2392447,23924.47
2392527,23925.27
2392606,23926.06
2392683,23926.83
2392762,23927.62
2392841,23928.41
2392920,23929.2
2393000,23930.0
2393079,23930.79
2393157,23931.57
2393237,23932.37
2393316,23933.16
2393396,23933.96
2393477,23934.77
2393557,23935.57
2393636,23936.36
2393714,23937.14
2393794,23937.94
2393873,23938.73
2393948,23939.48
2394023,23940.23
2394100,23941.0
2394178,23941.78
2394257,23942.57
2394337,23943.37
2394416,23944.16
2394495,23944.95
2394574,23945.74
2394653,23946.53
2394734,23947.34
2394814,23948.14
2394893,23948.93
2394973,23949.73
2395054,23950.54
2395136,23951.36
2395218,23952.18
2395300,23953.0
2395382,23953.82
2395464,23954.64
2395548,23955.48
2395633,23956.33
2395720,23957.2
2395806,23958.06
2395891,23958.91
2395976,23959.76
2396060,23960.6
2396142,23961.42
2396223,23962.23
2396305,23963.05
2396386,23963.86
2396468,23964.68
2396550,23965.5
2396631,23966.31
2396711,23967.11
2396791,23967.91
2396871,23968.71
2396951,23969.51
2397032,23970.32
2397112,23971.12
2397192,23971.92
2397270,23972.7
2397349,23973.49
2397428,23974.28
2397509,23975.09
2397589,23975.89
2397667,23976.67
2397745,23977.45
2397824,23978.24
2397903,23979.03
2397982,23979.82
2398061,23980.61
2398140,23981.4
2398220,23982.2
2398301,23983.01
2398382,23983.82
2398465,23984.65
2398547,23985.47
2398628,23986.28
2398709,23987.09
2398790,23987.9
2398872,23988.72
2398953,23989.53
2399033,23990.33
2399115,23991.15
2399196,23991.96
2399277,23992.77
2399357,23993.57
2399438,23994.38
2399518,23995.18
2399598,23995.98
2399677,23996.77
2399756,23997.56
2399836,23998.36
2399916,23999.16
2399996,23999.96
2400077,24000.77
2400159,24001.59
2400241,24002.41
2400322,24003.22
2400402,24004.02
2400482,24004.82
2400562,24005.62
2400643,24006.43
2400723,24007.23
2400805,24008.05
2400885,24008.85
2400965,24009.65
2401045,24010.45
2401126,24011.26
2401208,24012.08
2401288,24012.88
2401368,24013.68
2401449,24014.49
2401531,24015.31
2401613,24016.13
2401694,24016.94
2401774,24017.74
2401856,24018.56
2401937,24019.37
2402017,24020.17
2402097,24020.97
2402176,24021.76
2402256,24022.56
2402335,24023.35
2402415,24024.15
2402496,24024.96
2402575,24025.75
2402655,24026.55
2402735,24027.35
2402815,24028.15
2402895,24028.95
2402975,24029.75
2403056,24030.56
2403135,24031.35
2403213,24032.13
2403293,24032.93
2403373,24033.73
2403452,24034.52
2403533,24035.33
2403612,24036.12
2403690,24036.9
2403767,24037.67
2403845,24038.45
2403923,24039.23
2404003,24040.03
2404081,24040.81
2404160,24041.6
2404238,24042.38
2404318,24043.18
2404398,24043.98
2404477,24044.77
2404556,24045.56
2404634,24046.34
2404713,24047.13
2404793,24047.93
2404874,24048.74
2404956,24049.56
2405037,24050.37
2405117,24051.17
2405199,24051.99
2405281,24052.81
2405362,24053.62
2405441,24054.41
2405520,24055.2
2405599,24055.99
2405678,24056.78
2405758,24057.58
2405838,24058.38
2405916,24059.16
2405994,24059.94
2406074,24060.74
2406154,24061.54
2406235,24062.35
2406314,24063.14
2406393,24063.93
2406473,24064.73
2406555,24065.55
2406635,24066.35
2406714,24067.14
2406792,24067.92
2406870,24068.7
2406948,24069.48
2407028,24070.28
2407108,24071.08
2407188,24071.88
2407267,24072.67
2407348,24073.48
2407430,24074.3
2407512,24075.12
2407593,24075.93
2407673,24076.73
2407753,24077.53
2407833,24078.33
2407913,24079.13
2407994,24079.94
2408073,24080.73
2408154,24081.54
2408236,24082.36
2408317,24083.17
2408398,24083.98
2408477,24084.77
2408555,24085.55
2408633,24086.33
2408711,24087.11
2408790,24087.9
2408868,24088.68
2408946,24089.46
2409024,24090.24
2409104,24091.04
2409184,24091.84
2409266,24092.66
2409347,24093.47
2409427,24094.27
2409508,24095.08
2409588,24095.88
2409669,24096.69
2409750,24097.5
2409830,24098.3
2409909,24099.09
2409990,24099.9
2410071,24100.71
2410152,24101.52
2410233,24102.33
2410314,24103.14
2410395,24103.95
2410478,24104.78
2410560,24105.6
2410641,24106.41
2410722,24107.22
2410802,24108.02
2410882,24108.82
2410962,24109.62
2411041,24110.41
2411120,24111.2
2411199,24111.99
2411278,24112.78
2411358,24113.58
2411438,24114.38
2411519,24115.19
2411599,24115.99
2411678,24116.78
2411758,24117.58
2411838,24118.38
2411919,24119.19
2412001,24120.01
2412080,24120.8
2412160,24121.6
2412238,24122.38
2412316,24123.16
2412394,24123.94
2412471,24124.71
2412548,24125.48
2412625,24126.25
2412703,24127.03
2412781,24127.81
2412858,24128.58
2412935,24129.35
2413012,24130.12
2413090,24130.9
2413169,24131.69
2413248,24132.48
2413326,24133.26
2413404,24134.04
2413483,24134.83
2413562,24135.62
2413641,24136.41
2413719,24137.19
2413796,24137.96
2413875,24138.75
2413953,24139.53
2414033,24140.33
2414113,24141.13
2414191,24141.91
2414269,24142.69
2414348,24143.48
2414427,24144.27
2414508,24145.08
2414586,24145.86
2414664,24146.64
2414743,24147.43
2414822,24148.22
2414901,24149.01
2414981,24149.81
2415058,24150.58
2415136,24151.36
2415213,24152.13
2415292,24152.92
2415371,24153.71
2415450,24154.5
2415528,24155.28
2415608,24156.08
2415689,24156.89
2415770,24157.7
2415850,24158.5
2415930,24159.3
2416011,24160.11
2416092,24160.92
2416174,24161.74
2416256,24162.56
2416337,24163.37
2416416,24164.16
2416494,24164.94
2416573,24165.73
2416652,24166.52
2416731,24167.31
2416811,24168.11
2416890,24168.9
2416970,24169.7
2417051,24170.51
2417133,24171.33
2417214,24172.14
2417294,24172.94
2417375,24173.75
2417456,24174.56
2417538,24175.38
2417619,24176.19
2417699,24176.99
2417778,24177.78
2417859,24178.59
2417940,24179.4
2418021,24180.21
2418101,24181.01
2418180,24181.8
2418260,24182.6
2418339,24183.39
2418419,24184.19
2418499,24184.99
2418578,24185.78
2418657,24186.57
2418735,24187.35
2418813,24188.13
2418892,24188.92
2418970,24189.7
2419046,24190.46
2419123,24191.23
2419202,24192.02
2419280,24192.8
2419359,24193.59
2419437,24194.37
2419516,24195.16
2419595,24195.95
2419674,24196.74
2419755,24197.55
2419834,24198.34
2419914,24199.14
2419995,24199.95
2420076,24200.76
2420158,24201.58
2420239,24202.39
2420319,24203.19
2420400,24204.0
2420481,24204.81
2420562,24205.62
2420643,24206.43
2420723,24207.23
2420802,24208.02
2420882,24208.82
2420963,24209.63
2421043,24210.43
2421122,24211.22
2421201,24212.01
2421281,24212.81
2421361,24213.61
2421441,24214.41
2421520,24215.2
2421598,24215.98
2421677,24216.77
2421755,24217.55
2421834,24218.34
2421913,24219.13
2421990,24219.9
2422067,24220.67
2422146,24221.46
2422223,24222.23
2422301,24223.01
2422378,24223.78
2422455,24224.55
2422532,24225.32
2422609,24226.09
2422686,24226.86
2422764,24227.64
2422841,24228.41
2422920,24229.2
2423000,24230.0
2423080,24230.8
2423159,24231.59
2423238,24232.38
2423318,24233.18
2423397,24233.97
2423477,24234.77
2423557,24235.57
2423637,24236.37
2423716,24237.16
2423795,24237.95
2423875,24238.75
2423954,24239.54
2424033,24240.33
2424111,24241.11
2424190,24241.9
2424269,24242.69
2424350,24243.5
2424430,24244.3
2424510,24245.1
2424588,24245.88
2424668,24246.68
2424747,24247.47
2424826,24248.26
2424904,24249.04
2424982,24249.82
2425060,24250.6
2425139,24251.39
2425218,24252.18
2425297,24252.97
2425375,24253.75
2425453,24254.53
2425531,24255.31
2425608,24256.08
2425686,24256.86
2425763,24257.63
2425840,24258.4
2425917,24259.17
2425995,24259.95
2426073,24260.73
2426151,24261.51
2426227,24262.27
2426305,24263.05
2426384,24263.84
2426463,24264.63
2426541,24265.41
2426619,24266.19
2426698,24266.98
2426778,24267.78
2426857,24268.57
2426935,24269.35
2427013,24270.13
2427091,24270.91
2427169,24271.69
2427248,24272.48
2427326,24273.26
2427404,24274.04
2427483,24274.83
2427563,24275.63
2427643,24276.43
2427724,24277.24
2427803,24278.03
2427884,24278.84
2427964,24279.64
2428044,24280.44
2428122,24281.22
2428200,24282.0
2428277,24282.77
2428354,24283.54
2428432,24284.32
2428509,24285.09
2428586,24285.86
2428663,24286.63
2428741,24287.41
2428821,24288.21
2428901,24289.01
2428982,24289.82
2429061,24290.61
2429140,24291.4
2429219,24292.19
2429299,24292.99
2429381,24293.81
2429461,24294.61
2429541,24295.41
2429620,24296.2
2429699,24296.99
2429778,24297.78
2429857,24298.57
2429937,24299.37
2430016,24300.16
2430094,24300.94
2430174,24301.74
2430253,24302.53
2430334,24303.34
2430415,24304.15
2430495,24304.95
2430575,24305.75
2430655,24306.55
2430736,24307.36
2430816,24308.16
2430896,24308.96
2430974,24309.74
2431054,24310.54
2431133,24311.33
2431212,24312.12
2431291,24312.91
2431368,24313.68
2431444,24314.44
2431521,24315.21
2431597,24315.97
2431675,24316.75
2431752,24317.52
2431829,24318.29
2431906,24319.06
2431984,24319.84
2432061,24320.61
2432139,24321.39
2432217,24322.17
2432294,24322.94
2432371,24323.71
2432448,24324.48
2432526,24325.26
2432602,24326.02
2432679,24326.79
2432757,24327.57
2432835,24328.35
2432914,24329.14
2432994,24329.94
2433073,24330.73
2433152,24331.52
2433233,24332.33
2433314,24333.14
2433395,24333.95
2433474,24334.74
2433553,24335.53
2433633,24336.33
2433711,24337.11
2433790,24337.9
2433867,24338.67
2433945,24339.45
2434023,24340.23
2434102,24341.02
2434183,24341.83
2434263,24342.63
2434342,24343.42
2434419,24344.19
2434495,24344.95
2434572,24345.72
2434649,24346.49
2434726,24347.26
2434804,24348.04
2434881,24348.81
2434958,24349.58
2435037,24350.37
2435117,24351.17
2435197,24351.97
2435277,24352.77
2435356,24353.56
2435435,24354.35
2435514,24355.14
2435594,24355.94
2435674,24356.74
2435753,24357.53
2435832,24358.32
2435913,24359.13
2435994,24359.94
2436075,24360.75
2436155,24361.55
2436234,24362.34
2436314,24363.14
2436394,24363.94
2436474,24364.74
2436554,24365.54
2436632,24366.32
2436711,24367.11
2436789,24367.89
2436868,24368.68
2436948,24369.48
2437025,24370.25
2437102,24371.02
2437181,24371.81
2437260,24372.6
2437338,24373.38
2437417,24374.17
2437495,24374.95
2437573,24375.73
2437653,24376.53
2437733,24377.33
2437813,24378.13
2437892,24378.92
2437971,24379.71
2438051,24380.51
2438130,24381.3
2438208,24382.08
2438285,24382.85
2438361,24383.61
2438438,24384.38
2438516,24385.16
2438593,24385.93
2438672,24386.72
2438750,24387.5
2438827,24388.27
2438906,24389.06
2438985,24389.85
2439064,24390.64
2439142,24391.42
2439219,24392.19
2439297,24392.97
2439376,24393.76
2439454,24394.54
2439530,24395.3
2439608,24396.08
2439686,24396.86
2439765,24397.65
2439845,24398.45
2439921,24399.21
2439996,24399.96
2440070,24400.7
2440145,24401.45
2440220,24402.2
2440294,24402.94
2440370,24403.7
2440447,24404.47
2440526,24405.26
2440605,24406.05
2440683,24406.83
2440761,24407.61
2440841,24408.41
2440920,24409.2
2440999,24409.99
2441079,24410.79
2441159,24411.59
2441240,24412.4
2441321,24413.21
2441402,24414.02
2441484,24414.84
2441565,24415.65
2441644,24416.44
2441724,24417.24
2441805,24418.05
2441886,24418.86
2441967,24419.67
2442048,24420.48
2442128,24421.28
2442209,24422.09
2442290,24422.9
2442371,24423.71
2442453,24424.53
2442533,24425.33
2442611,24426.11
2442690,24426.9
2442769,24427.69
2442848,24428.48
2442926,24429.26
2443003,24430.03
2443079,24430.79
2443156,24431.56
2443233,24432.33
2443311,24433.11
2443389,24433.89
2443466,24434.66
2443543,24435.43
2443621,24436.21
2443697,24436.97
2443774,24437.74
2443852,24438.52
2443930,24439.3
2444006,24440.06
2444084,24440.84
2444161,24441.61
2444238,24442.38
2444316,24443.16
2444393,24443.93
2444469,24444.69
2444546,24445.46
2444623,24446.23
2444701,24447.01
2444780,24447.8
2444858,24448.58
2444937,24449.37
2445017,24450.17
2445098,24450.98
2445180,24451.8
2445264,24452.64
2445346,24453.46
2445426,24454.26
2445507,24455.07
2445586,24455.86
2445666,24456.66
2445745,24457.45
2445825,24458.25
2445904,24459.04
2445983,24459.83
2446062,24460.62
2446142,24461.42
2446222,24462.22
2446302,24463.02
2446381,24463.81
2446461,24464.61
2446542,24465.42
2446623,24466.23
2446705,24467.05
2446785,24467.85
2446864,24468.64
2446943,24469.43
2447022,24470.22
2447101,24471.01
2447180,24471.8
2447259,24472.59
2447336,24473.36
2447415,24474.15
2447494,24474.94
2447573,24475.73
2447651,24476.51
2447729,24477.29
2447807,24478.07
2447884,24478.84
2447962,24479.62
2448040,24480.4
2448119,24481.19
2448198,24481.98
2448277,24482.77
2448356,24483.56
2448435,24484.35
2448513,24485.13
2448592,24485.92
2448671,24486.71
2448750,24487.5
2448828,24488.28
2448907,24489.07
2448986,24489.86
2449066,24490.66
2449147,24491.47
2449227,24492.27
2449307,24493.07
2449387,24493.87
2449467,24494.67
2449547,24495.47
2449628,24496.28
2449708,24497.08
2449787,24497.87
2449866,24498.66
2449945,24499.45
2450026,24500.26
2450107,24501.07
2450188,24501.88
2450266,24502.66
2450346,24503.46
2450426,24504.26
2450506,24505.06
2450586,24505.86
2450664,24506.64
2450742,24507.42
2450820,24508.2
2450897,24508.97
2450975,24509.75
2451054,24510.54
2451132,24511.32
2451210,24512.1
2451289,24512.89
2451368,24513.68
2451448,24514.48
2451527,24515.27
2451605,24516.05
2451683,24516.83
2451761,24517.61
2451841,24518.41
2451922,24519.22
2452003,24520.03
2452082,24520.82
2452161,24521.61
2452240,24522.4
2452319,24523.19
2452398,24523.98
2452477,24524.77
2452555,24525.55
2452633,24526.33
2452712,24527.12
2452790,24527.9
2452869,24528.69
2452948,24529.48
2453027,24530.27
2453106,24531.06
2453186,24531.86
2453267,24532.67
2453349,24533.49
2453429,24534.29
2453507,24535.07
2453585,24535.85
2453664,24536.64
2453743,24537.43
2453823,24538.23
2453902,24539.02
2453982,24539.82
2454060,24540.6
2454139,24541.39
2454218,24542.18
2454297,24542.97
2454377,24543.77
2454455,24544.55
2454534,24545.34
2454613,24546.13
2454692,24546.92
2454771,24547.71
2454849,24548.49
2454926,24549.26
2455005,24550.05
2455083,24550.83
2455161,24551.61
2455240,24552.4
2455317,24553.17
2455395,24553.95
2455474,24554.74
2455552,24555.52
2455631,24556.31
2455711,24557.11
2455789,24557.89
2455867,24558.67
2455946,24559.46
2456025,24560.25
2456104,24561.04
2456182,24561.82
2456260,24562.6
2456338,24563.38
2456416,24564.16
2456494,24564.94
2456573,24565.73
2456652,24566.52
2456731,24567.31
2456810,24568.1
2456890,24568.9
2456968,24569.68
2457048,24570.48
2457128,24571.28
2457206,24572.06
2457286,24572.86
2457367,24573.67
2457446,24574.46
2457526,24575.26
2457604,24576.04
2457681,24576.81
2457760,24577.6
2457838,24578.38
2457917,24579.17
2457996,24579.96
2458073,24580.73
2458151,24581.51
2458229,24582.29
2458308,24583.08
2458387,24583.87
2458466,24584.66
2458544,24585.44
2458624,24586.24
2458704,24587.04
2458784,24587.84
2458864,24588.64
2458943,24589.43
2459023,24590.23
2459102,24591.02
2459182,24591.82
2459260,24592.6
2459340,24593.4
2459421,24594.21
2459502,24595.02
2459583,24595.83
2459662,24596.62
2459742,24597.42
2459821,24598.21
2459902,24599.02
2459981,24599.81
2460060,24600.6
2460138,24601.38
2460217,24602.17
2460295,24602.95
2460373,24603.73
2460452,24604.52
2460530,24605.3
2460607,24606.07
2460685,24606.85
2460763,24607.63
2460842,24608.42
2460922,24609.22
2461001,24610.01
2461079,24610.79
2461159,24611.59
2461238,24612.38
2461318,24613.18
2461398,24613.98
2461476,24614.76
2461556,24615.56
2461633,24616.33
2461710,24617.1
2461786,24617.86
2461862,24618.62
2461936,24619.36
2462010,24620.1
2462084,24620.84
2462159,24621.59
2462234,24622.34
2462310,24623.1
2462386,24623.86
2462463,24624.63
2462541,24625.41
2462620,24626.2
2462700,24627.0
2462781,24627.81
2462861,24628.61
2462941,24629.41
2463021,24630.21
2463102,24631.02
2463183,24631.83
2463264,24632.64
2463344,24633.44
2463424,24634.24
2463503,24635.03
2463582,24635.82
2463659,24636.59
2463738,24637.38
2463814,24638.14
2463891,24638.91
2463967,24639.67
2464044,24640.44
2464123,24641.23
2464201,24642.01
2464278,24642.78
2464356,24643.56
2464434,24644.34
2464512,24645.12
2464591,24645.91
2464671,24646.71
2464749,24647.49
2464827,24648.27
2464907,24649.07
2464985,24649.85
2465063,24650.63
2465141,24651.41
2465218,24652.18
2465296,24652.96
2465374,24653.74
2465452,24654.52
2465530,24655.3
2465606,24656.06
2465685,24656.85
2465764,24657.64
2465844,24658.44
2465923,24659.23
2466003,24660.03
2466083,24660.83
2466164,24661.64
2466245,24662.45
2466325,24663.25
2466404,24664.04
2466484,24664.84
2466564,24665.64
2466644,24666.44
2466723,24667.23
2466801,24668.01
2466880,24668.8
2466959,24669.59
2467039,24670.39
2467119,24671.19
2467199,24671.99
2467277,24672.77
2467353,24673.53
2467428,24674.28
2467503,24675.03
2467577,24675.77
2467652,24676.52
2467728,24677.28
2467804,24678.04
2467884,24678.84
2467965,24679.65
2468047,24680.47
2468129,24681.29
2468213,24682.13
2468297,24682.97
2468382,24683.82
2468466,24684.66
2468548,24685.48
2468629,24686.29
2468711,24687.11
2468793,24687.93
2468875,24688.75
2468956,24689.56
2469035,24690.35
2469114,24691.14
2469193,24691.93
2469272,24692.72
2469352,24693.52
2469430,24694.3
2469509,24695.09
2469588,24695.88
2469668,24696.68
2469748,24697.48
2469827,24698.27
2469907,24699.07
2469985,24699.85
2470064,24700.64
2470143,24701.43
2470221,24702.21
2470299,24702.99
2470376,24703.76
2470454,24704.54
2470531,24705.31
2470609,24706.09
2470687,24706.87
2470765,24707.65
2470845,24708.45
2470925,24709.25
2471007,24710.07
2471089,24710.89
2471171,24711.71
2471253,24712.53
2471336,24713.36
2471419,24714.19
2471501,24715.01
2471584,24715.84
2471664,24716.64
2471745,24717.45
2471827,24718.27
2471908,24719.08
2471989,24719.89
2472070,24720.7
2472151,24721.51
2472233,24722.33
2472313,24723.13
2472393,24723.93
2472473,24724.73
2472553,24725.53
2472633,24726.33
2472711,24727.11
2472789,24727.89
2472867,24728.67
2472944,24729.44
2473022,24730.22
2473100,24731.0
2473178,24731.78
2473256,24732.56
2473335,24733.35
2473413,24734.13
2473492,24734.92
2473571,24735.71
2473649,24736.49
2473728,24737.28
2473808,24738.08
2473887,24738.87
2473966,24739.66
2474043,24740.43
2474120,24741.2
2474196,24741.96
2474273,24742.73
2474349,24743.49
2474425,24744.25
2474499,24744.99
2474573,24745.73
2474647,24746.47
2474720,24747.2
2474793,24747.93
2474867,24748.67
2474942,24749.42
2475017,24750.17
2475095,24750.95
2475172,24751.72
2475250,24752.5
2475328,24753.28
2475408,24754.08
2475487,24754.87
2475566,24755.66
2475646,24756.46
2475726,24757.26
2475807,24758.07
2475888,24758.88
2475968,24759.68
2476050,24760.5
2476131,24761.31
2476213,24762.13
2476296,24762.96
2476377,24763.77
2476458,24764.58
2476539,24765.39
2476619,24766.19
2476700,24767.0
2476780,24767.8
2476861,24768.61
2476940,24769.4
2477019,24770.19
2477098,24770.98
2477177,24771.77
2477256,24772.56
2477335,24773.35
2477414,24774.14
2477493,24774.93
2477572,24775.72
2477651,24776.51
2477730,24777.3
2477808,24778.08
2477886,24778.86
2477964,24779.64
2478042,24780.42
2478120,24781.2
2478197,24781.97
2478273,24782.73
2478350,24783.5
2478427,24784.27
2478505,24785.05
2478582,24785.82
2478659,24786.59
2478735,24787.35
2478813,24788.13
2478890,24788.9
2478968,24789.68
2479048,24790.48
2479127,24791.27
2479205,24792.05
2479283,24792.83
2479362,24793.62
2479441,24794.41
2479518,24795.18
2479595,24795.95
2479670,24796.7
2479744,24797.44
2479818,24798.18
2479892,24798.92
2479966,24799.66
2480040,24800.4
2480114,24801.14
2480191,24801.91
2480268,24802.68
2480346,24803.46
2480425,24804.25
2480505,24805.05
2480586,24805.86
2480667,24806.67
2480747,24807.47
2480829,24808.29
2480910,24809.1
2480990,24809.9
2481069,24810.69
2481147,24811.47
2481226,24812.26
2481304,24813.04
2481382,24813.82
2481459,24814.59
2481535,24815.35
2481612,24816.12
2481687,24816.87
2481763,24817.63
2481840,24818.4
2481915,24819.15
2481991,24819.91
2482066,24820.66
2482141,24821.41
2482215,24822.15
2482289,24822.89
2482363,24823.63
2482438,24824.38
2482512,24825.12
2482587,24825.87
2482663,24826.63
2482739,24827.39
2482816,24828.16
2482893,24828.93
2482970,24829.7
2483049,24830.49
2483126,24831.26
2483203,24832.03
2483279,24832.79
2483354,24833.54
2483429,24834.29
2483504,24835.04
2483578,24835.78
2483652,24836.52
2483725,24837.25
2483800,24838.0
2483876,24838.76
2483952,24839.52
2484028,24840.28
2484105,24841.05
2484183,24841.83
2484263,24842.63
2484343,24843.43
2484423,24844.23
2484504,24845.04
2484586,24845.86
2484669,24846.69
2484751,24847.51
2484831,24848.31
2484911,24849.11
2484992,24849.92
2485072,24850.72
2485153,24851.53
2485233,24852.33
2485312,24853.12
2485390,24853.9
2485469,24854.69
2485548,24855.48
2485627,24856.27
2485706,24857.06
2485783,24857.83
2485860,24858.6
2485937,24859.37
2486013,24860.13
2486089,24860.89
2486165,24861.65
2486243,24862.43
2486322,24863.22
2486401,24864.01
2486480,24864.8
2486558,24865.58
2486637,24866.37
2486717,24867.17
2486797,24867.97
2486876,24868.76
2486955,24869.55
2487033,24870.33
2487111,24871.11
2487190,24871.9
2487268,24872.68
2487348,24873.48
2487427,24874.27
2487506,24875.06
2487584,24875.84
2487662,24876.62
2487740,24877.4
2487817,24878.17
2487893,24878.93
2487967,24879.67
2488040,24880.4
2488113,24881.13
2488187,24881.87
2488263,24882.63
2488339,24883.39
2488415,24884.15
2488492,24884.92
2488571,24885.71
2488651,24886.51
2488731,24887.31
2488811,24888.11
2488891,24888.91
2488971,24889.71
2489052,24890.52
2489132,24891.32
2489212,24892.12
2489292,24892.92
2489373,24893.73
2489454,24894.54
2489535,24895.35
2489616,24896.16
2489696,24896.96
2489777,24897.77
2489857,24898.57
2489937,24899.37
2490018,24900.18
2490098,24900.98
2490178,24901.78
2490256,24902.56
2490335,24903.35
2490413,24904.13
2490490,24904.9
2490568,24905.68
2490645,24906.45
2490721,24907.21
2490796,24907.96
2490873,24908.73
2490949,24909.49
2491026,24910.26
2491103,24911.03
2491180,24911.8
2491258,24912.58
2491337,24913.37
2491415,24914.15
2491494,24914.94
2491572,24915.72
2491652,24916.52
2491731,24917.31
2491810,24918.1
2491890,24918.9
2491970,24919.7
2492049,24920.49
2492129,24921.29
2492209,24922.09
2492288,24922.88
2492369,24923.69
2492449,24924.49
2492529,24925.29
2492609,24926.09
2492689,24926.89
2492770,24927.7
2492851,24928.51
2492932,24929.32
2493013,24930.13
2493095,24930.95
2493176,24931.76
2493257,24932.57
2493338,24933.38
2493418,24934.18
2493498,24934.98
2493579,24935.79
2493659,24936.59
2493739,24937.39
2493818,24938.18
2493898,24938.98
2493978,24939.78
2494059,24940.59
2494140,24941.4
2494220,24942.2
2494301,24943.01
2494381,24943.81
2494461,24944.61
2494541,24945.41
2494620,24946.2
2494699,24946.99
2494779,24947.79
2494859,24948.59
2494939,24949.39
2495019,24950.19
2495100,24951.0
2495181,24951.81
2495261,24952.61
2495341,24953.41
2495422,24954.22
2495502,24955.02
2495581,24955.81
2495660,24956.6
2495739,24957.39
2495819,24958.19
2495900,24959.0
2495981,24959.81
2496062,24960.62
2496142,24961.42
2496223,24962.23
2496303,24963.03
2496384,24963.84
2496463,24964.63
2496542,24965.42
2496621,24966.21
2496700,24967.0
2496779,24967.79
2496857,24968.57
2496936,24969.36
2497015,24970.15
2497094,24970.94
2497173,24971.73
2497252,24972.52
2497330,24973.3
2497409,24974.09
2497487,24974.87
2497564,24975.64
2497641,24976.41
2497718,24977.18
2497796,24977.96
2497874,24978.74
2497952,24979.52
2498031,24980.31
2498111,24981.11
2498191,24981.91
2498271,24982.71
2498352,24983.52
2498433,24984.33
2498513,24985.13
2498593,24985.93
2498673,24986.73
2498753,24987.53
2498832,24988.32
2498911,24989.11
2498990,24989.9
2499068,24990.68
2499146,24991.46
2499224,24992.24
2499302,24993.02
2499380,24993.8
2499458,24994.58
2499536,24995.36
2499614,24996.14
2499692,24996.92
2499769,24997.69
2499845,24998.45
2499921,24999.21
2499995,24999.95
2500069,25000.69
2500142,25001.42
2500216,25002.16
2500290,25002.9
2500365,25003.65
2500441,25004.41
2500518,25005.18
2500595,25005.95
2500672,25006.72
2500750,25007.5
2500828,25008.28
2500906,25009.06
2500983,25009.83
2501061,25010.61
2501139,25011.39
2501216,25012.16
2501293,25012.93
2501369,25013.69
2501445,25014.45
2501522,25015.22
2501597,25015.97
2501673,25016.73
2501749,25017.49
2501825,25018.25
2501901,25019.01
2501977,25019.77
2502054,25020.54
2502130,25021.3
2502208,25022.08
2502284,25022.84
2502361,25023.61
2502437,25024.37
2502514,25025.14
2502589,25025.89
2502665,25026.65
2502740,25027.4
2502815,25028.15
2502890,25028.9
2502965,25029.65
2503039,25030.39
2503114,25031.14
2503189,25031.89
2503264,25032.64
2503340,25033.4
2503416,25034.16
2503492,25034.92
2503569,25035.69
2503646,25036.46
2503723,25037.23
2503800,25038.0
2503877,25038.77
2503953,25039.53
2504031,25040.31
2504108,25041.08
2504185,25041.85
2504262,25042.62
2504338,25043.38
2504414,25044.14
2504490,25044.9
2504565,25045.65
2504641,25046.41
2504717,25047.17
2504793,25047.93
2504869,25048.69
2504947,25049.47
2505024,25050.24
2505100,25051.0
2505176,25051.76
2505252,25052.52
2505327,25053.27
2505402,25054.02
2505478,25054.78
2505553,25055.53
2505628,25056.28
2505704,25057.04
2505780,25057.8
2505856,25058.56
2505932,25059.32
2506008,25060.08
2506085,25060.85
2506161,25061.61
2506238,25062.38
2506315,25063.15
2506391,25063.91
2506467,25064.67
2506543,25065.43
2506619,25066.19
2506695,25066.95
2506771,25067.71
2506846,25068.46
2506921,25069.21
2506997,25069.97
2507072,25070.72
2507149,25071.49
2507226,25072.26
2507303,25073.03
2507380,25073.8
2507457,25074.57
2507535,25075.35
2507612,25076.12
2507689,25076.89
2507766,25077.66
2507843,25078.43
2507920,25079.2
2507997,25079.97
2508074,25080.74
2508152,25081.52
2508230,25082.3
2508308,25083.08
2508387,25083.87
2508466,25084.66
2508545,25085.45
2508623,25086.23
2508701,25087.01
2508778,25087.78
2508853,25088.53
2508928,25089.28
2509004,25090.04
2509080,25090.8
2509157,25091.57
2509234,25092.34
2509312,25093.12
2509389,25093.89
2509467,25094.67
2509544,25095.44
2509621,25096.21
2509699,25096.99
2509776,25097.76
2509853,25098.53
2509930,25099.3
2510008,25100.08
2510085,25100.85
2510162,25101.62
2510240,25102.4
2510317,25103.17
2510395,25103.95
2510473,25104.73
2510551,25105.51
2510628,25106.28
2510706,25107.06
2510783,25107.83
2510861,25108.61
2510937,25109.37
2511015,25110.15
2511093,25110.93
2511171,25111.71
2511250,25112.5
2511330,25113.3
2511409,25114.09
2511488,25114.88
2511567,25115.67
2511645,25116.45
2511724,25117.24
2511802,25118.02
2511880,25118.8
2511957,25119.57
2512035,25120.35
2512114,25121.14
2512193,25121.93
2512271,25122.71
2512348,25123.48
2512425,25124.25
2512503,25125.03
2512579,25125.79
2512657,25126.57
2512735,25127.35
2512814,25128.14
2512893,25128.93
2512972,25129.72
2513052,25130.52
2513132,25131.32
2513212,25132.12
2513292,25132.92
2513371,25133.71
2513450,25134.5
2513529,25135.29
2513607,25136.07
2513685,25136.85
2513762,25137.62
2513839,25138.39
2513916,25139.16
2513994,25139.94
2514071,25140.71
2514150,25141.5
2514228,25142.28
2514306,25143.06
2514384,25143.84
2514462,25144.62
2514540,25145.4
2514617,25146.17
2514694,25146.94
2514771,25147.71
2514848,25148.48
2514925,25149.25
2515001,25150.01
2515077,25150.77
2515153,25151.53
2515230,25152.3
2515306,25153.06
2515383,25153.83
2515459,25154.59
2515537,25155.37
2515614,25156.14
2515691,25156.91
2515769,25157.69
2515847,25158.47
2515925,25159.25
2516003,25160.03
2516080,25160.8
2516157,25161.57
2516235,25162.35
2516312,25163.12
2516389,25163.89
2516468,25164.68
2516546,25165.46
2516624,25166.24
2516703,25167.03
2516783,25167.83
2516863,25168.63
2516942,25169.42
2517022,25170.22
2517101,25171.01
2517180,25171.8
2517260,25172.6
2517338,25173.38
2517417,25174.17
2517497,25174.97
2517576,25175.76
2517655,25176.55
2517733,25177.33
2517813,25178.13
2517892,25178.92
2517971,25179.71
2518050,25180.5
2518129,25181.29
2518208,25182.08
2518286,25182.86
2518365,25183.65
2518444,25184.44
2518524,25185.24
2518603,25186.03
2518682,25186.82
2518762,25187.62
2518842,25188.42
2518923,25189.23
2519003,25190.03
2519083,25190.83
2519163,25191.63
2519243,25192.43
2519322,25193.22
2519401,25194.01
2519480,25194.8
2519559,25195.59
2519638,25196.38
2519716,25197.16
2519794,25197.94
2519872,25198.72
2519951,25199.51
2520029,25200.29
2520106,25201.06
2520184,25201.84
2520261,25202.61
2520338,25203.38
2520415,25204.15
2520491,25204.91
2520569,25205.69
2520646,25206.46
2520722,25207.22
2520799,25207.99
2520876,25208.76
2520953,25209.53
2521030,25210.3
2521108,25211.08
2521184,25211.84
2521261,25212.61
2521337,25213.37
2521414,25214.14
2521490,25214.9
2521566,25215.66
2521642,25216.42
2521718,25217.18
2521796,25217.96
2521872,25218.72
2521949,25219.49
2522026,25220.26
2522103,25221.03
2522182,25221.82
2522260,25222.6
2522337,25223.37
2522416,25224.16
2522494,25224.94
2522572,25225.72
2522649,25226.49
2522727,25227.27
2522805,25228.05
2522882,25228.82
2522959,25229.59
2523036,25230.36
2523114,25231.14
2523190,25231.9
2523268,25232.68
2523345,25233.45
2523423,25234.23
2523500,25235.0
2523579,25235.79
2523657,25236.57
2523735,25237.35
2523812,25238.12
2523890,25238.9
2523968,25239.68
2524045,25240.45
2524122,25241.22
2524200,25242.0
2524277,25242.77
2524355,25243.55
2524432,25244.32
2524508,25245.08
2524585,25245.85
2524660,25246.6
2524736,25247.36
2524812,25248.12
2524888,25248.88
2524966,25249.66
2525043,25250.43
2525121,25251.21
2525199,25251.99
2525277,25252.77
2525356,25253.56
2525435,25254.35
2525514,25255.14
2525592,25255.92
2525670,25256.7
2525748,25257.48
2525826,25258.26
2525903,25259.03
2525980,25259.8
2526057,25260.57
2526134,25261.34
2526212,25262.12
2526290,25262.9
2526368,25263.68
2526445,25264.45
2526524,25265.24
2526603,25266.03
2526681,25266.81
2526759,25267.59
2526838,25268.38
2526916,25269.16
2526994,25269.94
2527071,25270.71
2527149,25271.49
2527226,25272.26
2527303,25273.03
2527381,25273.81
2527458,25274.58
2527536,25275.36
2527615,25276.15
2527693,25276.93
2527772,25277.72
2527850,25278.5
2527929,25279.29
2528007,25280.07
2528085,25280.85
2528163,25281.63
2528241,25282.41
2528319,25283.19
2528395,25283.95
2528471,25284.71
2528548,25285.48
2528623,25286.23
2528699,25286.99
2528776,25287.76
2528852,25288.52
2528930,25289.3
2529008,25290.08
2529086,25290.86
2529164,25291.64
2529242,25292.42
2529320,25293.2
2529399,25293.99
2529477,25294.77
2529556,25295.56
2529634,25296.34
2529713,25297.13
2529791,25297.91
2529868,25298.68
2529946,25299.46
2530023,25300.23
2530099,25300.99
2530175,25301.75
2530250,25302.5
2530324,25303.24
2530397,25303.97
2530471,25304.71
2530545,25305.45
2530619,25306.19
2530693,25306.93
2530766,25307.66
2530839,25308.39
2530912,25309.12
2530985,25309.85
2531059,25310.59
2531131,25311.31
2531205,25312.05
2531279,25312.79
2531354,25313.54
2531429,25314.29
2531505,25315.05
2531582,25315.82
2531659,25316.59
2531739,25317.39
2531818,25318.18
2531899,25318.99
2531981,25319.81
2532063,25320.63
2532144,25321.44
2532227,25322.27
2532310,25323.1
2532393,25323.93
2532476,25324.76
2532558,25325.58
2532640,25326.4
2532722,25327.22
2532804,25328.04
2532886,25328.86
2532968,25329.68
2533049,25330.49
2533130,25331.3
2533211,25332.11
2533291,25332.91
2533371,25333.71
2533450,25334.5
2533530,25335.3
2533610,25336.1
2533691,25336.91
2533771,25337.71
2533852,25338.52
2533932,25339.32
2534012,25340.12
2534093,25340.93
2534173,25341.73
2534252,25342.52
2534333,25343.33
2534412,25344.12
2534492,25344.92
2534571,25345.71
2534651,25346.51
2534731,25347.31
2534811,25348.11
2534892,25348.92
2534973,25349.73
2535053,25350.53
2535135,25351.35
2535216,25352.16
2535298,25352.98
2535379,25353.79
2535460,25354.6
2535540,25355.4
2535622,25356.22
2535703,25357.03
2535783,25357.83
2535864,25358.64
2535946,25359.46
2536027,25360.27
2536109,25361.09
2536189,25361.89
2536269,25362.69
2536350,25363.5
2536431,25364.31
2536513,25365.13
2536596,25365.96
2536678,25366.78
2536759,25367.59
2536841,25368.41
2536923,25369.23
2537005,25370.05
2537087,25370.87
2537168,25371.68
2537248,25372.48
2537329,25373.29
2537409,25374.09
2537490,25374.9
2537569,25375.69
2537649,25376.49
2537729,25377.29
2537809,25378.09
2537889,25378.89
2537968,25379.68
2538048,25380.48
2538128,25381.28
2538207,25382.07
2538287,25382.87
2538367,25383.67
2538447,25384.47
2538526,25385.26
2538605,25386.05
2538683,25386.83
2538763,25387.63
2538841,25388.41
2538920,25389.2
2538999,25389.99
2539078,25390.78
2539156,25391.56
2539235,25392.35
2539314,25393.14
2539393,25393.93
2539473,25394.73
2539553,25395.53
2539633,25396.33
2539712,25397.12
2539791,25397.91
2539871,25398.71
2539950,25399.5
2540028,25400.28
2540107,25401.07
2540186,25401.86
2540265,25402.65
2540344,25403.44
2540422,25404.22
2540500,25405.0
2540579,25405.79
2540657,25406.57
2540735,25407.35
2540813,25408.13
2540893,25408.93
2540971,25409.71
2541051,25410.51
2541131,25411.31
2541210,25412.1
2541291,25412.91
2541371,25413.71
2541450,25414.5
2541529,25415.29
2541608,25416.08
2541687,25416.87
2541766,25417.66
2541844,25418.44
2541922,25419.22
2541999,25419.99
2542077,25420.77
2542155,25421.55
2542232,25422.32
2542309,25423.09
2542385,25423.85
2542461,25424.61
2542538,25425.38
2542613,25426.13
2542689,25426.89
2542765,25427.65
2542840,25428.4
2542915,25429.15
2542990,25429.9
2543065,25430.65
2543140,25431.4
2543215,25432.15
2543290,25432.9
2543364,25433.64
2543439,25434.39
2543514,25435.14
2543589,25435.89
2543664,25436.64
2543740,25437.4
2543816,25438.16
2543892,25438.92
2543969,25439.69
2544046,25440.46
2544123,25441.23
2544200,25442.0
2544278,25442.78
2544356,25443.56
2544433,25444.33
2544510,25445.1
2544588,25445.88
2544666,25446.66
2544744,25447.44
2544821,25448.21
2544898,25448.98
2544975,25449.75
2545053,25450.53
2545130,25451.3
2545207,25452.07
2545284,25452.84
2545361,25453.61
2545437,25454.37
2545514,25455.14
2545590,25455.9
2545666,25456.66
2545742,25457.42
2545818,25458.18
2545894,25458.94
2545970,25459.7
2546047,25460.47
2546124,25461.24
2546201,25462.01
2546278,25462.78
2546355,25463.55
2546432,25464.32
2546508,25465.08
2546585,25465.85
2546662,25466.62
2546738,25467.38
2546814,25468.14
2546891,25468.91
2546967,25469.67
2547044,25470.44
2547121,25471.21
2547198,25471.98
2547276,25472.76
2547354,25473.54
2547433,25474.33
2547512,25475.12
2547592,25475.92
2547671,25476.71
2547750,25477.5
2547830,25478.3
2547910,25479.1
2547990,25479.9
2548069,25480.69
2548148,25481.48
2548226,25482.26
2548303,25483.03
2548381,25483.81
2548458,25484.58
2548536,25485.36
2548614,25486.14
2548692,25486.92
2548770,25487.7
2548848,25488.48
2548928,25489.28
2549007,25490.07
2549086,25490.86
2549165,25491.65
2549244,25492.44
2549322,25493.22
2549400,25494.0
2549478,25494.78
2549556,25495.56
2549633,25496.33
2549710,25497.1
2549787,25497.87
2549864,25498.64
2549940,25499.4
2550017,25500.17
2550093,25500.93
2550170,25501.7
2550246,25502.46
2550324,25503.24
2550402,25504.02
2550481,25504.81
2550560,25505.6
2550639,25506.39
2550718,25507.18
2550798,25507.98
2550877,25508.77
2550956,25509.56
2551035,25510.35
2551114,25511.14
2551192,25511.92
2551270,25512.7
2551347,25513.47
2551424,25514.24
2551501,25515.01
2551578,25515.78
2551656,25516.56
2551734,25517.34
2551812,25518.12
2551892,25518.92
2551972,25519.72
2552051,25520.51
2552130,25521.3
2552210,25522.1
2552289,25522.89
2552367,25523.67
2552445,25524.45
2552523,25525.23
2552601,25526.01
2552678,25526.78
2552754,25527.54
2552829,25528.29
2552904,25529.04
2552980,25529.8
2553056,25530.56
2553133,25531.33
2553212,25532.12
2553291,25532.91
2553371,25533.71
2553451,25534.51
2553532,25535.32
2553613,25536.13
2553693,25536.93
2553774,25537.74
2553853,25538.53
2553933,25539.33
2554011,25540.11
2554089,25540.89
2554166,25541.66
2554242,25542.42
2554318,25543.18
2554392,25543.92
2554467,25544.67
2554541,25545.41
2554616,25546.16
2554690,25546.9
2554765,25547.65
2554839,25548.39
2554913,25549.13
2554988,25549.88
2555062,25550.62
2555136,25551.36
2555210,25552.1
2555284,25552.84
2555358,25553.58
2555430,25554.3
2555502,25555.02
2555576,25555.76
2555650,25556.5
2555724,25557.24
2555798,25557.98
2555873,25558.73
2555951,25559.51
2556029,25560.29
2556107,25561.07
2556185,25561.85
2556265,25562.65
2556347,25563.47
2556429,25564.29
2556511,25565.11
2556594,25565.94
2556678,25566.78
2556761,25567.61
2556843,25568.43
2556925,25569.25
2557007,25570.07
2557088,25570.88
2557169,25571.69
2557251,25572.51
2557332,25573.32
2557413,25574.13
2557494,25574.94
2557575,25575.75
2557655,25576.55
2557734,25577.34
2557814,25578.14
2557894,25578.94
2557975,25579.75
2558055,25580.55
2558134,25581.34
2558215,25582.15
2558295,25582.95
2558375,25583.75
2558455,25584.55
2558536,25585.36
2558616,25586.16
2558696,25586.96
2558775,25587.75
2558854,25588.54
2558932,25589.32
2559009,25590.09
2559085,25590.85
2559159,25591.59
2559231,25592.31
2559304,25593.04
2559375,25593.75
2559449,25594.49
2559523,25595.23
2559598,25595.98
2559675,25596.75
2559754,25597.54
2559835,25598.35
2559915,25599.15
2559995,25599.95
2560074,25600.74
2560153,25601.53
2560232,25602.32
2560312,25603.12
2560391,25603.91
2560472,25604.72
2560551,25605.51
2560631,25606.31
2560710,25607.1
2560789,25607.89
2560868,25608.68
2560948,25609.48
2561028,25610.28
2561109,25611.09
2561190,25611.9
2561270,25612.7
2561350,25613.5
2561431,25614.31
2561511,25615.11
2561591,25615.91
2561670,25616.7
2561748,25617.48
2561827,25618.27
2561907,25619.07
2561986,25619.86
2562066,25620.66
2562147,25621.47
2562228,25622.28
2562309,25623.09
2562389,25623.89
2562470,25624.7
2562550,25625.5
2562629,25626.29
2562709,25627.09
2562788,25627.88
2562868,25628.68
2562947,25629.47
2563026,25630.26
2563106,25631.06
2563185,25631.85
2563264,25632.64
2563343,25633.43
2563422,25634.22
2563500,25635.0
2563579,25635.79
2563658,25636.58
2563737,25637.37
2563816,25638.16
2563895,25638.95
2563975,25639.75
2564055,25640.55
2564135,25641.35
2564215,25642.15
2564295,25642.95
2564376,25643.76
2564457,25644.57
2564537,25645.37
2564618,25646.18
2564699,25646.99
2564780,25647.8
2564860,25648.6
2564940,25649.4
2565019,25650.19
2565098,25650.98
2565176,25651.76
2565254,25652.54
2565334,25653.34
2565413,25654.13
2565492,25654.92
2565572,25655.72
2565653,25656.53
2565733,25657.33
2565813,25658.13
2565892,25658.92
2565972,25659.72
2566051,25660.51
2566131,25661.31
2566210,25662.1
2566289,25662.89
2566368,25663.68
2566447,25664.47
2566526,25665.26
2566605,25666.05
2566684,25666.84
2566764,25667.64
2566843,25668.43
2566923,25669.23
2567001,25670.01
2567079,25670.79
2567158,25671.58
2567235,25672.35
2567312,25673.12
2567391,25673.91
2567469,25674.69
2567547,25675.47
2567626,25676.26
2567704,25677.04
2567783,25677.83
2567861,25678.61
2567939,25679.39
2568017,25680.17
2568094,25680.94
2568172,25681.72
2568251,25682.51
2568329,25683.29
2568407,25684.07
2568486,25684.86
2568564,25685.64
2568642,25686.42
2568721,25687.21
2568799,25687.99
2568877,25688.77
2568955,25689.55
2569032,25690.32
2569109,25691.09
2569186,25691.86
2569263,25692.63
2569340,25693.4
2569417,25694.17
2569493,25694.93
2569570,25695.7
2569647,25696.47
2569724,25697.24
2569801,25698.01
2569878,25698.78
2569955,25699.55
2570032,25700.32
2570109,25701.09
2570187,25701.87
2570264,25702.64
2570342,25703.42
2570419,25704.19
2570497,25704.97
2570574,25705.74
2570651,25706.51
2570728,25707.28
2570806,25708.06
2570883,25708.83
2570961,25709.61
2571039,25710.39
2571117,25711.17
2571195,25711.95
2571273,25712.73
2571350,25713.5
2571428,25714.28
2571506,25715.06
2571584,25715.84
2571661,25716.61
2571739,25717.39
2571817,25718.17
2571894,25718.94
2571971,25719.71
2572049,25720.49
2572127,25721.27
2572205,25722.05
2572283,25722.83
2572363,25723.63
2572442,25724.42
2572521,25725.21
2572600,25726.0
2572679,25726.79
2572757,25727.57
2572835,25728.35
2572912,25729.12
2572990,25729.9
2573068,25730.68
2573145,25731.45
2573221,25732.21
2573298,25732.98
2573374,25733.74
2573451,25734.51
2573528,25735.28
2573605,25736.05
2573682,25736.82
2573760,25737.6
2573837,25738.37
2573914,25739.14
2573991,25739.91
2574067,25740.67
2574145,25741.45
2574222,25742.22
2574301,25743.01
2574379,25743.79
2574457,25744.57
2574537,25745.37
2574615,25746.15
2574694,25746.94
2574772,25747.72
2574850,25748.5
2574928,25749.28
2575006,25750.06
2575083,25750.83
2575160,25751.6
2575238,25752.38
2575316,25753.16
2575394,25753.94
2575471,25754.71
2575549,25755.49
2575626,25756.26
2575704,25757.04
2575783,25757.83
2575861,25758.61
2575939,25759.39
2576018,25760.18
2576097,25760.97
2576176,25761.76
2576255,25762.55
2576334,25763.34
2576413,25764.13
2576492,25764.92
2576570,25765.7
2576649,25766.49
2576729,25767.29
2576807,25768.07
2576886,25768.86
2576963,25769.63
2577041,25770.41
2577119,25771.19
2577198,25771.98
2577277,25772.77
2577356,25773.56
2577435,25774.35
2577513,25775.13
2577592,25775.92
2577671,25776.71
2577749,25777.49
2577828,25778.28
2577907,25779.07
2577987,25779.87
2578066,25780.66
2578145,25781.45
2578225,25782.25
2578304,25783.04
2578383,25783.83
2578462,25784.62
2578541,25785.41
2578619,25786.19
2578698,25786.98
2578776,25787.76
2578854,25788.54
2578932,25789.32
2579010,25790.1
2579087,25790.87
2579164,25791.64
2579240,25792.4
2579318,25793.18
2579394,25793.94
2579470,25794.7
2579546,25795.46
2579623,25796.23
2579698,25796.98
2579773,25797.73
2579847,25798.47
2579921,25799.21
2579996,25799.96
2580072,25800.72
2580148,25801.48
2580224,25802.24
2580300,25803.0
2580377,25803.77
2580454,25804.54
2580531,25805.31
2580609,25806.09
2580686,25806.86
2580764,25807.64
2580841,25808.41
2580918,25809.18
2580995,25809.95
2581071,25810.71
2581147,25811.47
2581224,25812.24
2581300,25813.0
2581377,25813.77
2581454,25814.54
2581530,25815.3
2581605,25816.05
2581682,25816.82
2581758,25817.58
2581836,25818.36
2581914,25819.14
2581992,25819.92
2582072,25820.72
2582150,25821.5
2582228,25822.28
2582304,25823.04
2582381,25823.81
2582456,25824.56
2582532,25825.32
2582607,25826.07
2582682,25826.82
2582757,25827.57
2582832,25828.32
2582907,25829.07
2582982,25829.82
2583058,25830.58
2583134,25831.34
2583211,25832.11
2583287,25832.87
2583364,25833.64
2583442,25834.42
2583520,25835.2
2583598,25835.98
2583676,25836.76
2583755,25837.55
2583834,25838.34
2583913,25839.13
2583992,25839.92
2584071,25840.71
2584149,25841.49
2584228,25842.28
2584306,25843.06
2584384,25843.84
2584462,25844.62
2584540,25845.4
2584619,25846.19
2584699,25846.99
2584779,25847.79
2584858,25848.58
2584939,25849.39
2585019,25850.19
2585100,25851.0
2585181,25851.81
2585261,25852.61
2585342,25853.42
2585422,25854.22
2585501,25855.01
2585579,25855.79
2585658,25856.58
2585736,25857.36
2585814,25858.14
2585893,25858.93
2585971,25859.71
2586049,25860.49
2586128,25861.28
2586207,25862.07
2586286,25862.86
2586365,25863.65
2586443,25864.43
2586522,25865.22
2586600,25866.0
2586678,25866.78
2586755,25867.55
2586833,25868.33
2586909,25869.09
2586985,25869.85
2587061,25870.61
2587136,25871.36
2587213,25872.13
2587290,25872.9
2587367,25873.67
2587445,25874.45
2587524,25875.24
2587604,25876.04
2587684,25876.84
2587762,25877.62
2587842,25878.42
2587922,25879.22
2588000,25880.0
2588077,25880.77
2588153,25881.53
2588229,25882.29
2588303,25883.03
2588378,25883.78
2588451,25884.51
2588526,25885.26
2588600,25886.0
2588674,25886.74
2588749,25887.49
2588823,25888.23
2588898,25888.98
2588973,25889.73
2589048,25890.48
2589124,25891.24
2589199,25891.99
2589276,25892.76
2589352,25893.52
2589429,25894.29
2589507,25895.07
2589585,25895.85
2589664,25896.64
2589742,25897.42
2589821,25898.21
2589901,25899.01
2589980,25899.8
2590059,25900.59
2590138,25901.38
2590217,25902.17
2590295,25902.95
2590374,25903.74
2590454,25904.54
2590534,25905.34
2590613,25906.13
2590694,25906.94
2590776,25907.76
2590856,25908.56
2590936,25909.36
2591016,25910.16
2591097,25910.97
2591177,25911.77
2591257,25912.57
2591338,25913.38
2591418,25914.18
2591499,25914.99
2591580,25915.8
2591661,25916.61
2591741,25917.41
2591821,25918.21
2591901,25919.01
2591981,25919.81
2592060,25920.6
2592140,25921.4
2592219,25922.19
2592299,25922.99
2592380,25923.8
2592460,25924.6
2592540,25925.4
2592621,25926.21
2592702,25927.02
2592782,25927.82
2592862,25928.62
2592941,25929.41
2593019,25930.19
2593097,25930.97
2593175,25931.75
2593253,25932.53
2593330,25933.3
2593407,25934.07
2593484,25934.84
2593560,25935.6
2593637,25936.37
2593713,25937.13
2593789,25937.89
2593866,25938.66
2593942,25939.42
2594020,25940.2
2594096,25940.96
2594173,25941.73
2594249,25942.49
2594326,25943.26
2594403,25944.03
2594479,25944.79
2594556,25945.56
2594632,25946.32
2594708,25947.08
2594784,25947.84
2594860,25948.6
2594936,25949.36
2595012,25950.12
2595089,25950.89
2595165,25951.65
2595241,25952.41
2595317,25953.17
2595393,25953.93
2595470,25954.7
2595546,25955.46
2595623,25956.23
2595701,25957.01
2595777,25957.77
2595855,25958.55
2595932,25959.32
2596009,25960.09
2596086,25960.86
2596162,25961.62
2596239,25962.39
2596316,25963.16
2596393,25963.93
2596470,25964.7
2596547,25965.47
2596624,25966.24
2596701,25967.01
2596777,25967.77
2596854,25968.54
2596930,25969.3
2597006,25970.06
2597083,25970.83
2597159,25971.59
2597236,25972.36
2597313,25973.13
2597389,25973.89
2597466,25974.66
2597543,25975.43
2597620,25976.2
2597697,25976.97
2597774,25977.74
2597851,25978.51
2597929,25979.29
2598005,25980.05
2598082,25980.82
2598159,25981.59
2598235,25982.35
2598311,25983.11
2598387,25983.87
2598464,25984.64
2598540,25985.4
2598617,25986.17
2598694,25986.94
2598770,25987.7
2598847,25988.47
2598924,25989.24
2599002,25990.02
2599080,25990.8
2599157,25991.57
2599234,25992.34
2599311,25993.11
2599388,25993.88
2599464,25994.64
2599539,25995.39
2599614,25996.14
2599690,25996.9
2599766,25997.66
2599843,25998.43
2599920,25999.2
2599996,25999.96
2600072,26000.72
2600148,26001.48
2600224,26002.24
2600300,26003.0
2600376,26003.76
2600452,26004.52
2600529,26005.29
2600605,26006.05
2600682,26006.82
2600759,26007.59
2600835,26008.35
2600913,26009.13
2600991,26009.91
2601069,26010.69
2601148,26011.48
2601227,26012.27
2601305,26013.05
2601385,26013.85
2601464,26014.64
2601545,26015.45
2601625,26016.25
2601705,26017.05
2601785,26017.85
2601866,26018.66
2601948,26019.48
2602030,26020.3
2602111,26021.11
2602191,26021.91
2602270,26022.7
2602349,26023.49
2602427,26024.27
2602505,26025.05
2602582,26025.82
2602660,26026.6
2602737,26027.37
2602813,26028.13
2602890,26028.9
2602966,26029.66
2603043,26030.43
2603120,26031.2
2603197,26031.97
2603275,26032.75
2603352,26033.52
2603430,26034.3
2603508,26035.08
2603586,26035.86
2603664,26036.64
2603742,26037.42
2603820,26038.2
2603898,26038.98
2603976,26039.76
2604054,26040.54
2604133,26041.33
2604211,26042.11
2604288,26042.88
2604366,26043.66
2604444,26044.44
2604521,26045.21
2604600,26046.0
2604677,26046.77
2604754,26047.54
2604833,26048.33
2604911,26049.11
2604990,26049.9
2605069,26050.69
2605148,26051.48
2605227,26052.27
2605305,26053.05
2605383,26053.83
2605461,26054.61
2605539,26055.39
2605617,26056.17
2605695,26056.95
2605772,26057.72
2605850,26058.5
2605929,26059.29
2606007,26060.07
2606085,26060.85
2606164,26061.64
2606243,26062.43
2606322,26063.22
2606402,26064.02
2606480,26064.8
2606559,26065.59
2606638,26066.38
2606717,26067.17
2606796,26067.96
2606874,26068.74
2606952,26069.52
2607030,26070.3
2607107,26071.07
2607183,26071.83
2607260,26072.6
2607336,26073.36
2607414,26074.14
2607491,26074.91
2607568,26075.68
2607646,26076.46
2607724,26077.24
2607801,26078.01
2607877,26078.77
2607954,26079.54
2608030,26080.3
2608106,26081.06
2608183,26081.83
2608260,26082.6
2608338,26083.38
2608415,26084.15
2608494,26084.94
2608575,26085.75
2608656,26086.56
2608735,26087.35
2608815,26088.15
2608894,26088.94
2608974,26089.74
2609053,26090.53
2609131,26091.31
2609209,26092.09
2609286,26092.86
2609364,26093.64
2609441,26094.41
2609518,26095.18
2609595,26095.95
2609671,26096.71
2609748,26097.48
2609824,26098.24
2609901,26099.01
2609978,26099.78
2610055,26100.55
2610131,26101.31
2610208,26102.08
2610285,26102.85
2610361,26103.61
2610436,26104.36
2610513,26105.13
2610589,26105.89
2610666,26106.66
2610742,26107.42
2610819,26108.19
2610896,26108.96
2610972,26109.72
2611049,26110.49
2611125,26111.25
2611201,26112.01
2611278,26112.78
2611353,26113.53
2611429,26114.29
2611505,26115.05
2611581,26115.81
2611656,26116.56
2611732,26117.32
2611808,26118.08
2611884,26118.84
2611960,26119.6
2612036,26120.36
2612112,26121.12
2612188,26121.88
2612263,26122.63
2612338,26123.38
2612414,26124.14
2612489,26124.89
2612565,26125.65
2612640,26126.4
2612716,26127.16
2612792,26127.92
2612868,26128.68
2612944,26129.44
2613021,26130.21
2613098,26130.98
2613176,26131.76
2613253,26132.53
2613329,26133.29
2613406,26134.06
2613483,26134.83
2613559,26135.59
2613636,26136.36
2613711,26137.11
2613786,26137.86
2613861,26138.61
2613935,26139.35
2614007,26140.07
2614078,26140.78
2614148,26141.48
2614218,26142.18
2614288,26142.88
2614364,26143.64
2614445,26144.45
2614527,26145.27
2614609,26146.09
2614693,26146.93
2614778,26147.78
2614861,26148.61
2614945,26149.45
2615027,26150.27
2615108,26151.08
2615189,26151.89
2615268,26152.68
2615347,26153.47
2615426,26154.26
2615503,26155.03
2615580,26155.8
2615656,26156.56
2615731,26157.31
2615807,26158.07
2615883,26158.83
2615959,26159.59
2616035,26160.35
2616112,26161.12
2616188,26161.88
2616265,26162.65
2616341,26163.41
2616418,26164.18
2616494,26164.94
2616570,26165.7
2616647,26166.47
2616724,26167.24
2616801,26168.01
2616877,26168.77
2616954,26169.54
2617031,26170.31
2617107,26171.07
2617184,26171.84
2617261,26172.61
2617338,26173.38
2617415,26174.15
2617491,26174.91
2617568,26175.68
2617645,26176.45
2617721,26177.21
2617796,26177.96
2617873,26178.73
2617949,26179.49
2618025,26180.25
2618101,26181.01
2618178,26181.78
2618258,26182.58
2618337,26183.37
2618416,26184.16
2618497,26184.97
2618577,26185.77
2618656,26186.56
2618735,26187.35
2618814,26188.14
2618894,26188.94
2618973,26189.73
2619053,26190.53
2619132,26191.32
2619211,26192.11
2619290,26192.9
2619369,26193.69
2619446,26194.46
2619523,26195.23
2619599,26195.99
2619674,26196.74
2619748,26197.48
2619822,26198.22
2619898,26198.98
2619975,26199.75
2620052,26200.52
2620130,26201.3
2620209,26202.09
2620289,26202.89
2620369,26203.69
2620448,26204.48
2620527,26205.27
2620605,26206.05
2620683,26206.83
2620760,26207.6
2620835,26208.35
2620911,26209.11
2620987,26209.87
2621063,26210.63
2621139,26211.39
2621215,26212.15
2621291,26212.91
2621367,26213.67
2621444,26214.44
2621521,26215.21
2621598,26215.98
2621676,26216.76
2621754,26217.54
2621832,26218.32
2621909,26219.09
2621987,26219.87
2622065,26220.65
2622142,26221.42
2622219,26222.19
2622297,26222.97
2622374,26223.74
2622452,26224.52
2622530,26225.3
2622608,26226.08
2622687,26226.87
2622765,26227.65
2622843,26228.43
2622921,26229.21
2623000,26230.0
2623077,26230.77
2623155,26231.55
2623233,26232.33
2623311,26233.11
2623390,26233.9
2623469,26234.69
2623549,26235.49
2623628,26236.28
2623707,26237.07
2623786,26237.86
2623864,26238.64
2623942,26239.42
2624020,26240.2
2624098,26240.98
2624175,26241.75
2624254,26242.54
2624334,26243.34
2624413,26244.13
2624492,26244.92
2624570,26245.7
2624649,26246.49
2624727,26247.27
2624804,26248.04
2624882,26248.82
2624960,26249.6
2625037,26250.37
2625113,26251.13
2625190,26251.9
2625267,26252.67
2625343,26253.43
2625420,26254.2
2625496,26254.96
2625572,26255.72
2625649,26256.49
2625724,26257.24
2625800,26258.0
2625876,26258.76
2625952,26259.52
2626028,26260.28
2626106,26261.06
2626184,26261.84
2626261,26262.61
2626338,26263.38
2626416,26264.16
2626493,26264.93
2626570,26265.7
2626648,26266.48
2626725,26267.25
2626804,26268.04
2626883,26268.83
2626960,26269.6
2627038,26270.38
2627114,26271.14
2627190,26271.9
2627266,26272.66
2627343,26273.43
2627421,26274.21
2627499,26274.99
2627576,26275.76
2627654,26276.54
2627732,26277.32
2627809,26278.09
2627885,26278.85
2627961,26279.61
2628038,26280.38
2628115,26281.15
2628193,26281.93
2628270,26282.7
2628347,26283.47
2628424,26284.24
2628499,26284.99
2628574,26285.74
2628649,26286.49
2628721,26287.21
2628793,26287.93
2628862,26288.62
2628931,26289.31
2628998,26289.98
2629065,26290.65
2629133,26291.33
2629202,26292.02
2629272,26292.72
2629344,26293.44
2629416,26294.16
2629489,26294.89
2629562,26295.62
2629636,26296.36
2629710,26297.1
2629785,26297.85
2629860,26298.6
2629933,26299.33
2630007,26300.07
2630079,26300.79
2630153,26301.53
2630227,26302.27
2630302,26303.02
2630378,26303.78
2630456,26304.56
2630535,26305.35
2630615,26306.15
2630695,26306.95
2630775,26307.75
2630855,26308.55
2630934,26309.34
2631014,26310.14
2631093,26310.93
2631171,26311.71
2631248,26312.48
2631325,26313.25
2631401,26314.01
2631477,26314.77
2631553,26315.53
2631629,26316.29
2631705,26317.05
2631781,26317.81
2631857,26318.57
2631931,26319.31
2632003,26320.03
2632074,26320.74
2632144,26321.44
2632212,26322.12
2632281,26322.81
2632348,26323.48
2632416,26324.16
2632482,26324.82
2632550,26325.5
2632617,26326.17
2632684,26326.84
2632752,26327.52
2632819,26328.19
2632886,26328.86
2632953,26329.53
2633019,26330.19
2633085,26330.85
2633150,26331.5
2633215,26332.15
2633280,26332.8
2633344,26333.44
2633409,26334.09
2633473,26334.73
2633536,26335.36
2633599,26335.99
2633661,26336.61
2633724,26337.24
2633786,26337.86
2633848,26338.48
2633910,26339.1
2633971,26339.71
2634032,26340.32
2634094,26340.94
2634155,26341.55
2634217,26342.17
2634280,26342.8
2634344,26343.44
2634410,26344.1
2634479,26344.79
2634550,26345.5
2634623,26346.23
2634700,26347.0
2634781,26347.81
2634862,26348.62
2634942,26349.42
2635020,26350.2
2635098,26350.98
2635177,26351.77
2635258,26352.58
2635338,26353.38
2635420,26354.2
2635502,26355.02
2635583,26355.83
2635664,26356.64
2635745,26357.45
2635823,26358.23
2635901,26359.01
2635979,26359.79
2636056,26360.56
2636134,26361.34
2636212,26362.12
2636288,26362.88
2636364,26363.64
2636440,26364.4
2636516,26365.16
2636593,26365.93
2636672,26366.72
2636752,26367.52
2636830,26368.3
2636906,26369.06
2636982,26369.82
2637059,26370.59
2637134,26371.34
2637209,26372.09
2637283,26372.83
2637356,26373.56
2637430,26374.3
2637505,26375.05
2637581,26375.81
2637657,26376.57
2637733,26377.33
2637808,26378.08
2637885,26378.85
2637964,26379.64
2638042,26380.42
2638122,26381.22
2638202,26382.02
2638284,26382.84
2638367,26383.67
2638450,26384.5
2638534,26385.34
2638618,26386.18
2638703,26387.03
2638790,26387.9
2638876,26388.76
2638962,26389.62
2639048,26390.48
2639133,26391.33
2639219,26392.19
2639303,26393.03
2639386,26393.86
2639468,26394.68
2639550,26395.5
2639632,26396.32
2639714,26397.14
2639794,26397.94
2639873,26398.73
2639951,26399.51
2640029,26400.29
2640105,26401.05
2640184,26401.84
2640265,26402.65
2640347,26403.47
2640425,26404.25
2640503,26405.03
2640582,26405.82
2640660,26406.6
2640736,26407.36
2640811,26408.11
2640885,26408.85
2640960,26409.6
2641035,26410.35
2641110,26411.1
2641185,26411.85
2641261,26412.61
2641339,26413.39
2641418,26414.18
2641497,26414.97
2641577,26415.77
2641659,26416.59
2641742,26417.42
2641827,26418.27
2641912,26419.12
2641999,26419.99
2642086,26420.86
2642171,26421.71
2642256,26422.56
2642341,26423.41
2642424,26424.24
2642507,26425.07
2642590,26425.9
2642672,26426.72
2642753,26427.53
2642834,26428.34
2642913,26429.13
2642992,26429.92
2643071,26430.71
2643150,26431.5
2643229,26432.29
2643310,26433.1
2643389,26433.89
2643467,26434.67
2643544,26435.44
2643620,26436.2
2643697,26436.97
2643774,26437.74
2643851,26438.51
2643926,26439.26
2644002,26440.02
2644077,26440.77
2644153,26441.53
2644230,26442.3
2644309,26443.09
2644385,26443.85
2644460,26444.6
2644534,26445.34
2644608,26446.08
2644683,26446.83
2644757,26447.57
2644830,26448.3
2644904,26449.04
2644978,26449.78
2645052,26450.52
2645125,26451.25
2645199,26451.99
2645273,26452.73
2645350,26453.5
2645430,26454.3
2645510,26455.1
2645589,26455.89
2645669,26456.69
2645752,26457.52
2645835,26458.35
2645917,26459.17
2645999,26459.99
2646080,26460.8
2646159,26461.59
2646238,26462.38
2646317,26463.17
2646395,26463.95
2646473,26464.73
2646552,26465.52
2646631,26466.31
2646711,26467.11
2646791,26467.91
2646871,26468.71
2646952,26469.52
2647033,26470.33
2647114,26471.14
2647195,26471.95
2647276,26472.76
2647357,26473.57
2647438,26474.38
2647519,26475.19
2647600,26476.0
2647683,26476.83
2647766,26477.66
2647847,26478.47
2647924,26479.24
2648002,26480.02
2648078,26480.78
2648155,26481.55
2648232,26482.32
2648311,26483.11
2648388,26483.88
2648464,26484.64
2648539,26485.39
2648614,26486.14
2648690,26486.9
2648763,26487.63
2648837,26488.37
2648910,26489.1
2648983,26489.83
2649059,26490.59
2649135,26491.35
2649211,26492.11
2649288,26492.88
2649367,26493.67
2649449,26494.49
2649530,26495.3
2649612,26496.12
2649692,26496.92
2649771,26497.71
2649848,26498.48
2649925,26499.25
2650003,26500.03
2650081,26500.81
2650161,26501.61
2650243,26502.43
2650326,26503.26
2650410,26504.1
2650496,26504.96
2650581,26505.81
2650667,26506.67
2650752,26507.52
2650835,26508.35
2650918,26509.18
2651001,26510.01
2651085,26510.85
2651168,26511.68
2651252,26512.52
2651335,26513.35
2651419,26514.19
2651502,26515.02
2651584,26515.84
2651664,26516.64
2651742,26517.42
2651820,26518.2
2651896,26518.96
2651973,26519.73
2652051,26520.51
2652130,26521.3
2652208,26522.08
2652285,26522.85
2652363,26523.63
2652440,26524.4
2652515,26525.15
2652589,26525.89
2652664,26526.64
2652738,26527.38
2652811,26528.11
2652884,26528.84
2652958,26529.58
2653034,26530.34
2653109,26531.09
2653185,26531.85
2653260,26532.6
2653336,26533.36
2653414,26534.14
2653493,26534.93
2653572,26535.72
2653651,26536.51
2653732,26537.32
2653816,26538.16
2653900,26539.0
2653986,26539.86
2654072,26540.72
2654159,26541.59
2654245,26542.45
2654331,26543.31
2654417,26544.17
2654503,26545.03
2654589,26545.89
2654675,26546.75
2654760,26547.6
2654845,26548.45
2654929,26549.29
2655012,26550.12
2655096,26550.96
2655178,26551.78
2655259,26552.59
2655340,26553.4
2655420,26554.2
2655500,26555.0
2655580,26555.8
2655659,26556.59
2655738,26557.38
2655819,26558.19
2655897,26558.97
2655973,26559.73
2656048,26560.48
2656128,26561.28
2656209,26562.09
2656289,26562.89
2656367,26563.67
2656447,26564.47
2656524,26565.24
2656601,26566.01
2656679,26566.79
2656757,26567.57
2656833,26568.33
2656908,26569.08
2656983,26569.83
2657058,26570.58
2657135,26571.35
2657211,26572.11
2657287,26572.87
2657362,26573.62
2657440,26574.4
2657519,26575.19
2657601,26576.01
2657685,26576.85
2657770,26577.7
2657854,26578.54
2657938,26579.38
2658024,26580.24
2658111,26581.11
2658199,26581.99
2658286,26582.86
2658374,26583.74
2658461,26584.61
2658547,26585.47
2658633,26586.33
2658718,26587.18
2658801,26588.01
2658883,26588.83
2658964,26589.64
2659044,26590.44
2659124,26591.24
2659202,26592.02
2659281,26592.81
2659359,26593.59
2659435,26594.35
2659511,26595.11
2659586,26595.86
2659661,26596.61
2659739,26597.39
2659817,26598.17
2659897,26598.97
2659975,26599.75
2660054,26600.54
2660132,26601.32
2660213,26602.13
2660292,26602.92
2660368,26603.68
2660446,26604.46
2660524,26605.24
2660600,26606.0
2660675,26606.75
2660750,26607.5
2660824,26608.24
2660898,26608.98
2660970,26609.7
2661043,26610.43
2661114,26611.14
2661186,26611.86
2661260,26612.6
2661340,26613.4
2661424,26614.24
2661512,26615.12
2661597,26615.97
2661684,26616.84
2661773,26617.73
2661864,26618.64
2661955,26619.55
2662047,26620.47
2662139,26621.39
2662230,26622.3
2662321,26623.21
2662412,26624.12
2662501,26625.01
2662589,26625.89
2662676,26626.76
2662761,26627.61
2662846,26628.46
2662931,26629.31
2663018,26630.18
2663104,26631.04
2663191,26631.91
2663277,26632.77
2663363,26633.63
2663449,26634.49
2663535,26635.35
2663620,26636.2
2663705,26637.05
2663790,26637.9
2663874,26638.74
2663956,26639.56
2664036,26640.36
2664115,26641.15
2664194,26641.94
2664274,26642.74
2664355,26643.55
2664436,26644.36
2664516,26645.16
2664593,26645.93
2664671,26646.71
2664747,26647.47
2664822,26648.22
2664897,26648.97
2664974,26649.74
2665049,26650.49
2665124,26651.24
2665199,26651.99
2665273,26652.73
2665347,26653.47
2665424,26654.24
2665502,26655.02
2665581,26655.81
2665659,26656.59
2665740,26657.4
2665824,26658.24
2665910,26659.1
2665999,26659.99
2666087,26660.87
2666174,26661.74
2666262,26662.62
2666349,26663.49
2666437,26664.37
2666523,26665.23
2666608,26666.08
2666692,26666.92
2666775,26667.75
2666856,26668.56
2666934,26669.34
2667010,26670.1
2667086,26670.86
2667162,26671.62
2667239,26672.39
2667318,26673.18
2667397,26673.97
2667479,26674.79
2667560,26675.6
2667643,26676.43
2667725,26677.25
2667809,26678.09
2667889,26678.89
2667969,26679.69
2668049,26680.49
2668128,26681.28
2668207,26682.07
2668286,26682.86
2668364,26683.64
2668441,26684.41
2668520,26685.2
2668596,26685.96
2668673,26686.73
2668749,26687.49
2668826,26688.26
2668902,26689.02
2668978,26689.78
2669055,26690.55
2669132,26691.32
2669210,26692.1
2669286,26692.86
2669362,26693.62
2669440,26694.4
2669519,26695.19
2669600,26696.0
2669681,26696.81
2669763,26697.63
2669850,26698.5
2669938,26699.38
2670025,26700.25
2670113,26701.13
2670202,26702.02
2670290,26702.9
2670379,26703.79
2670467,26704.67
2670555,26705.55
2670642,26706.42
2670729,26707.29
2670817,26708.17
2670904,26709.04
2670990,26709.9
2671076,26710.76
2671161,26711.61
2671246,26712.46
2671331,26713.31
2671416,26714.16
2671499,26714.99
2671582,26715.82
2671665,26716.65
2671749,26717.49
2671831,26718.31
2671912,26719.12
2671993,26719.93
2672072,26720.72
2672150,26721.5
2672229,26722.29
2672307,26723.07
2672387,26723.87
2672465,26724.65
2672543,26725.43
2672621,26726.21
2672699,26726.99
2672778,26727.78
2672856,26728.56
2672932,26729.32
2673008,26730.08
2673082,26730.82
2673156,26731.56
2673231,26732.31
2673304,26733.04
2673377,26733.77
2673449,26734.49
2673521,26735.21
2673592,26735.92
2673662,26736.62
2673731,26737.31
2673801,26738.01
2673871,26738.71
2673945,26739.45
2674027,26740.27
2674115,26741.15
2674201,26742.01
2674290,26742.9
2674380,26743.8
2674470,26744.7
2674561,26745.61
2674652,26746.52
2674742,26747.42
2674832,26748.32
2674921,26749.21
2675010,26750.1
2675098,26750.98
2675185,26751.85
2675272,26752.72
2675359,26753.59
2675445,26754.45
2675531,26755.31
2675617,26756.17
2675703,26757.03
2675789,26757.89
2675874,26758.74
2675960,26759.6
2676045,26760.45
2676131,26761.31
2676215,26762.15
2676299,26762.99
2676383,26763.83
2676465,26764.65
2676545,26765.45
2676623,26766.23
2676701,26767.01
2676779,26767.79
2676858,26768.58
2676939,26769.39
2677020,26770.2
2677099,26770.99
2677176,26771.76
2677256,26772.56
2677333,26773.33
2677409,26774.09
2677485,26774.85
2677561,26775.61
2677637,26776.37
2677712,26777.12
2677786,26777.86
2677861,26778.61
2677937,26779.37
2678013,26780.13
2678088,26780.88
2678164,26781.64
2678241,26782.41
2678322,26783.22
2678409,26784.09
2678496,26784.96
2678580,26785.8
2678666,26786.66
2678755,26787.55
2678846,26788.46
2678936,26789.36
2679027,26790.27
2679118,26791.18
2679209,26792.09
2679300,26793.0
2679392,26793.92
2679482,26794.82
2679571,26795.71
2679658,26796.58
2679745,26797.45
2679830,26798.3
2679914,26799.14
2679997,26799.97
2680078,26800.78
2680159,26801.59
2680239,26802.39
2680317,26803.17
2680395,26803.95
2680473,26804.73
2680550,26805.5
2680628,26806.28
2680705,26807.05
2680782,26807.82
2680860,26808.6
2680937,26809.37
2681014,26810.14
2681090,26810.9
2681165,26811.65
2681240,26812.4
2681318,26813.18
2681396,26813.96
2681476,26814.76
2681554,26815.54
2681630,26816.3
2681707,26817.07
2681784,26817.84
2681860,26818.6
2681937,26819.37
2682013,26820.13
2682088,26820.88
2682162,26821.62
2682236,26822.36
2682311,26823.11
2682385,26823.85
2682458,26824.58
2682531,26825.31
2682604,26826.04
2682675,26826.75
2682746,26827.46
2682816,26828.16
2682886,26828.86
2682956,26829.56
2683026,26830.26
2683096,26830.96
2683166,26831.66
2683236,26832.36
2683305,26833.05
2683375,26833.75
2683444,26834.44
2683514,26835.14
2683585,26835.85
2683657,26836.57
2683729,26837.29
2683801,26838.01
2683873,26838.73
2683944,26839.44
2684014,26840.14
2684083,26840.83
2684152,26841.52
2684221,26842.21
2684291,26842.91
2684363,26843.63
2684437,26844.37
2684514,26845.14
2684595,26845.95
2684680,26846.8
2684768,26847.68
2684856,26848.56
2684944,26849.44
2685033,26850.33
2685121,26851.21
2685209,26852.09
2685296,26852.96
2685380,26853.8
2685461,26854.61
2685541,26855.41
2685621,26856.21
2685703,26857.03
2685786,26857.86
2685866,26858.66
2685945,26859.45
2686023,26860.23
2686101,26861.01
2686179,26861.79
2686257,26862.57
2686334,26863.34
2686410,26864.1
2686487,26864.87
2686565,26865.65
2686645,26866.45
2686725,26867.25
2686806,26868.06
2686888,26868.88
2686972,26869.72
2687060,26870.6
2687148,26871.48
2687236,26872.36
2687325,26873.25
2687413,26874.13
2687502,26875.02
2687590,26875.9
2687678,26876.78
2687765,26877.65
2687851,26878.51
2687937,26879.37
2688023,26880.23
2688108,26881.08
2688195,26881.95
2688282,26882.82
2688369,26883.69
2688455,26884.55
2688542,26885.42
2688628,26886.28
2688713,26887.13
2688796,26887.96
2688878,26888.78
2688957,26889.57
2689037,26890.37
2689117,26891.17
2689200,26892.0
2689284,26892.84
2689366,26893.66
2689446,26894.46
2689525,26895.25
2689603,26896.03
2689679,26896.79
2689756,26897.56
2689833,26898.33
2689911,26899.11
2689987,26899.87
2690063,26900.63
2690141,26901.41
2690219,26902.19
2690296,26902.96
2690371,26903.71
2690447,26904.47
2690522,26905.22
2690596,26905.96
2690669,26906.69
2690741,26907.41
2690813,26908.13
2690885,26908.85
2690959,26909.59
2691034,26910.34
2691112,26911.12
2691195,26911.95
2691280,26912.8
2691367,26913.67
2691454,26914.54
2691542,26915.42
2691630,26916.3
2691717,26917.17
2691805,26918.05
2691893,26918.93
2691982,26919.82
2692069,26920.69
2692155,26921.55
2692240,26922.4
2692324,26923.24
2692406,26924.06
2692488,26924.88
2692568,26925.68
2692649,26926.49
2692729,26927.29
2692807,26928.07
2692884,26928.84
2692962,26929.62
2693040,26930.4
2693120,26931.2
2693199,26931.99
2693278,26932.78
2693356,26933.56
2693436,26934.36
2693515,26935.15
2693595,26935.95
2693676,26936.76
2693755,26937.55
2693834,26938.34
2693911,26939.11
2693988,26939.88
2694066,26940.66
2694141,26941.41
2694217,26942.17
2694293,26942.93
2694370,26943.7
2694448,26944.48
2694527,26945.27
2694607,26946.07
2694690,26946.9
2694776,26947.76
2694863,26948.63
2694952,26949.52
2695040,26950.4
2695127,26951.27
2695216,26952.16
2695306,26953.06
2695396,26953.96
2695487,26954.87
2695579,26955.79
2695671,26956.71
2695761,26957.61
2695852,26958.52
2695942,26959.42
2696032,26960.32
2696121,26961.21
2696210,26962.1
2696299,26962.99
2696386,26963.86
2696474,26964.74
2696560,26965.6
2696648,26966.48
2696734,26967.34
2696820,26968.2
2696905,26969.05
2696987,26969.87
2697067,26970.67
2697146,26971.46
2697227,26972.27
2697312,26973.12
2697396,26973.96
2697479,26974.79
2697559,26975.59
2697639,26976.39
2697717,26977.17
2697795,26977.95
2697871,26978.71
2697947,26979.47
2698021,26980.21
2698098,26980.98
2698175,26981.75
2698250,26982.5
2698324,26983.24
2698398,26983.98
2698472,26984.72
2698547,26985.47
2698625,26986.25
2698702,26987.02
2698777,26987.77
2698853,26988.53
2698931,26989.31
2699009,26990.09
2699086,26990.86
2699163,26991.63
2699238,26992.38
2699314,26993.14
2699393,26993.93
2699475,26994.75
2699559,26995.59
2699646,26996.46
2699734,26997.34
2699824,26998.24
2699913,26999.13
2700001,27000.01
2700089,27000.89
2700176,27001.76
2700264,27002.64
2700349,27003.49
2700434,27004.34
2700519,27005.19
2700601,27006.01
2700684,27006.84
2700766,27007.66
2700846,27008.46
2700926,27009.26
2701004,27010.04
2701081,27010.81
2701158,27011.58
2701236,27012.36
2701313,27013.13
2701391,27013.91
2701473,27014.73
2701556,27015.56
2701637,27016.37
2701716,27017.16
2701795,27017.95
2701875,27018.75
2701955,27019.55
2702034,27020.34
2702112,27021.12
2702192,27021.92
2702274,27022.74
2702360,27023.6
2702446,27024.46
2702531,27025.31
2702616,27026.16
2702702,27027.02
2702791,27027.91
2702880,27028.8
2702969,27029.69
2703057,27030.57
2703144,27031.44
2703231,27032.31
2703318,27033.18
2703406,27034.06
2703494,27034.94
2703583,27035.83
2703671,27036.71
2703757,27037.57
2703843,27038.43
2703928,27039.28
2704013,27040.13
2704098,27040.98
2704181,27041.81
2704264,27042.64
2704344,27043.44
2704425,27044.25
2704504,27045.04
2704585,27045.85
2704668,27046.68
2704753,27047.53
2704837,27048.37
2704918,27049.18
2704999,27049.99
2705081,27050.81
2705162,27051.62
2705242,27052.42
2705320,27053.2
2705399,27053.99
2705476,27054.76
2705554,27055.54
2705631,27056.31
2705707,27057.07
2705783,27057.83
2705860,27058.6
2705937,27059.37
2706015,27060.15
2706091,27060.91
2706169,27061.69
2706247,27062.47
2706328,27063.28
2706408,27064.08
2706490,27064.9
2706576,27065.76
2706663,27066.63
2706753,27067.53
2706843,27068.43
2706934,27069.34
2707025,27070.25
2707115,27071.15
2707204,27072.04
2707294,27072.94
2707381,27073.81
2707468,27074.68
2707555,27075.55
2707640,27076.4
2707726,27077.26
2707811,27078.11
2707896,27078.96
2707981,27079.81
2708066,27080.66
2708150,27081.5
2708234,27082.34
2708318,27083.18
2708403,27084.03
2708489,27084.89
2708573,27085.73
2708659,27086.59
2708742,27087.42
2708823,27088.23
2708905,27089.05
2708986,27089.86
2709070,27090.7
2709154,27091.54
2709236,27092.36
2709316,27093.16
2709395,27093.95
2709472,27094.72
2709548,27095.48
2709625,27096.25
2709701,27097.01
2709776,27097.76
2709850,27098.5
2709926,27099.26
2710001,27100.01
2710076,27100.76
2710150,27101.5
2710224,27102.24
2710300,27103.0
2710377,27103.77
2710456,27104.56
2710538,27105.38
2710620,27106.2
2710703,27107.03
2710789,27107.89
2710877,27108.77
2710967,27109.67
2711056,27110.56
2711143,27111.43
2711231,27112.31
2711318,27113.18
2711405,27114.05
2711492,27114.92
2711579,27115.79
2711665,27116.65
2711751,27117.51
2711837,27118.37
2711922,27119.22
2712007,27120.07
2712092,27120.92
2712176,27121.76
2712259,27122.59
2712341,27123.41
2712422,27124.22
2712501,27125.01
2712581,27125.81
2712661,27126.61
2712741,27127.41
2712820,27128.2
2712899,27128.99
2712978,27129.78
2713057,27130.57
2713137,27131.37
2713216,27132.16
2713294,27132.94
2713372,27133.72
2713449,27134.49
2713528,27135.28
2713607,27136.07
2713683,27136.83
2713758,27137.58
2713833,27138.33
2713909,27139.09
2713986,27139.86
2714065,27140.65
2714143,27141.43
2714222,27142.22
2714302,27143.02
2714384,27143.84
2714469,27144.69
2714554,27145.54
2714639,27146.39
2714723,27147.23
2714807,27148.07
2714893,27148.93
2714979,27149.79
2715065,27150.65
2715152,27151.52
2715239,27152.39
2715328,27153.28
2715417,27154.17
2715507,27155.07
2715596,27155.96
2715685,27156.85
2715774,27157.74
2715862,27158.62
2715949,27159.49
2716035,27160.35
2716119,27161.19
2716202,27162.02
2716283,27162.83
2716365,27163.65
2716447,27164.47
2716531,27165.31
2716612,27166.12
2716693,27166.93
2716773,27167.73
2716855,27168.55
2716939,27169.39
2717021,27170.21
2717102,27171.02
2717181,27171.81
2717260,27172.6
2717342,27173.42
2717422,27174.22
2717502,27175.02
2717579,27175.79
2717657,27176.57
2717733,27177.33
2717808,27178.08
2717883,27178.83
2717959,27179.59
2718033,27180.33
2718106,27181.06
2718180,27181.8
2718253,27182.53
2718327,27183.27
2718400,27184.0
2718474,27184.74
2718549,27185.49
2718630,27186.3
2718716,27187.16
2718804,27188.04
2718894,27188.94
2718986,27189.86
2719079,27190.79
2719173,27191.73
2719267,27192.67
2719360,27193.6
2719453,27194.53
2719545,27195.45
2719636,27196.36
2719728,27197.28
2719817,27198.17
2719904,27199.04
2719991,27199.91
2720077,27200.77
2720163,27201.63
2720249,27202.49
2720335,27203.35
2720422,27204.22
2720508,27205.08
2720594,27205.94
2720680,27206.8
2720766,27207.66
2720851,27208.51
2720936,27209.36
2721020,27210.2
2721103,27211.03
2721184,27211.84
2721265,27212.65
2721344,27213.44
2721424,27214.24
2721505,27215.05
2721588,27215.88
2721672,27216.72
2721753,27217.53
2721834,27218.34
2721913,27219.13
2721991,27219.91
2722069,27220.69
2722147,27221.47
2722225,27222.25
2722302,27223.02
2722380,27223.8
2722460,27224.6
2722539,27225.39
2722617,27226.17
2722695,27226.95
2722774,27227.74
2722854,27228.54
2722933,27229.33
2723011,27230.11
2723089,27230.89
2723169,27231.69
2723250,27232.5
2723333,27233.33
2723413,27234.13
2723495,27234.95
2723578,27235.78
2723662,27236.62
2723747,27237.47
2723831,27238.31
2723915,27239.15
2723998,27239.98
2724081,27240.81
2724163,27241.63
2724247,27242.47
2724331,27243.31
2724414,27244.14
2724496,27244.96
2724578,27245.78
2724659,27246.59
2724740,27247.4
2724822,27248.22
2724903,27249.03
2724982,27249.82
2725059,27250.59
2725134,27251.34
2725210,27252.1
2725284,27252.84
2725361,27253.61
2725440,27254.4
2725519,27255.19
2725598,27255.98
2725678,27256.78
2725757,27257.57
2725838,27258.38
2725918,27259.18
2725996,27259.96
2726072,27260.72
2726147,27261.47
2726220,27262.2
2726294,27262.94
2726369,27263.69
2726444,27264.44
2726519,27265.19
2726594,27265.94
2726670,27266.7
2726748,27267.48
2726828,27268.28
2726909,27269.09
2726993,27269.93
2727078,27270.78
2727165,27271.65
2727252,27272.52
2727341,27273.41
2727430,27274.3
2727521,27275.21
2727612,27276.12
2727703,27277.03
2727794,27277.94
2727884,27278.84
2727973,27279.73
2728062,27280.62
2728150,27281.5
2728237,27282.37
2728324,27283.24
2728409,27284.09
2728492,27284.92
2728573,27285.73
2728654,27286.54
2728734,27287.34
2728813,27288.13
2728892,27288.92
2728971,27289.71
2729051,27290.51
2729129,27291.29
2729207,27292.07
2729285,27292.85
2729363,27293.63
2729442,27294.42
2729519,27295.19
2729596,27295.96
2729675,27296.75
2729753,27297.53
2729835,27298.35
2729915,27299.15
2729997,27299.97
2730080,27300.8
2730168,27301.68
2730255,27302.55
2730344,27303.44
2730432,27304.32
2730520,27305.2
2730607,27306.07
2730694,27306.94
2730780,27307.8
2730866,27308.66
2730953,27309.53
2731038,27310.38
2731125,27311.25
2731211,27312.11
2731296,27312.96
2731381,27313.81
2731465,27314.65
2731549,27315.49
2731633,27316.33
2731717,27317.17
2731804,27318.04
2731888,27318.88
2731970,27319.7
2732049,27320.49
2732128,27321.28
2732207,27322.07
2732286,27322.86
2732367,27323.67
2732449,27324.49
2732529,27325.29
2732608,27326.08
2732688,27326.88
2732769,27327.69
2732852,27328.52
2732931,27329.31
2733011,27330.11
2733093,27330.93
2733176,27331.76
2733259,27332.59
2733341,27333.41
2733423,27334.23
2733504,27335.04
2733587,27335.87
2733671,27336.71
2733756,27337.56
2733842,27338.42
2733928,27339.28
2734011,27340.11
2734096,27340.96
2734179,27341.79
2734263,27342.63
2734345,27343.45
2734426,27344.26
2734507,27345.07
2734587,27345.87
2734669,27346.69
2734750,27347.5
2734832,27348.32
2734912,27349.12
2734991,27349.91
2735070,27350.7
2735150,27351.5
2735231,27352.31
2735313,27353.13
2735393,27353.93
2735473,27354.73
2735551,27355.51
2735629,27356.29
2735708,27357.08
2735787,27357.87
2735865,27358.65
2735942,27359.42
2736017,27360.17
2736092,27360.92
2736168,27361.68
2736242,27362.42
2736316,27363.16
2736388,27363.88
2736460,27364.6
2736530,27365.3
2736599,27365.99
2736668,27366.68
2736737,27367.37
2736805,27368.05
2736873,27368.73
2736940,27369.4
2737006,27370.06
2737073,27370.73
2737140,27371.4
2737207,27372.07
2737274,27372.74
2737341,27373.41
2737410,27374.1
2737481,27374.81
2737551,27375.51
2737623,27376.23
2737694,27376.94
2737765,27377.65
2737838,27378.38
2737912,27379.12
2737984,27379.84
2738055,27380.55
2738125,27381.25
2738194,27381.94
2738264,27382.64
2738336,27383.36
2738409,27384.09
2738485,27384.85
2738561,27385.61
2738638,27386.38
2738715,27387.15
2738794,27387.94
2738871,27388.71
2738950,27389.5
2739029,27390.29
2739108,27391.08
2739188,27391.88
2739267,27392.67
2739344,27393.44
2739422,27394.22
2739501,27395.01
2739580,27395.8
2739662,27396.62
2739744,27397.44
2739825,27398.25
2739906,27399.06
2739988,27399.88
2740071,27400.71
2740154,27401.54
2740239,27402.39
2740323,27403.23
2740408,27404.08
2740493,27404.93
2740578,27405.78
2740661,27406.61
2740744,27407.44
2740825,27408.25
2740907,27409.07
2740990,27409.9
2741073,27410.73
2741156,27411.56
2741241,27412.41
2741327,27413.27
2741412,27414.12
2741496,27414.96
2741577,27415.77
2741657,27416.57
2741738,27417.38
2741819,27418.19
2741903,27419.03
2741987,27419.87
2742070,27420.7
2742153,27421.53
2742236,27422.36
2742320,27423.2
2742403,27424.03
2742486,27424.86
2742567,27425.67
2742647,27426.47
2742727,27427.27
2742807,27428.07
2742888,27428.88
2742970,27429.7
2743052,27430.52
2743132,27431.32
2743213,27432.13
2743293,27432.93
2743373,27433.73
2743453,27434.53
2743535,27435.35
2743616,27436.16
2743698,27436.98
2743779,27437.79
2743862,27438.62
2743945,27439.45
2744027,27440.27
2744110,27441.1
2744191,27441.91
2744272,27442.72
2744353,27443.53
2744434,27444.34
2744515,27445.15
2744595,27445.95
2744674,27446.74
2744752,27447.52
2744829,27448.29
2744906,27449.06
2744983,27449.83
2745060,27450.6
2745136,27451.36
2745211,27452.11
2745286,27452.86
2745362,27453.62
2745438,27454.38
2745512,27455.12
2745587,27455.87
2745662,27456.62
2745738,27457.38
2745814,27458.14
2745890,27458.9
2745967,27459.67
2746043,27460.43
2746122,27461.22
2746202,27462.02
2746285,27462.85
2746368,27463.68
2746452,27464.52
2746540,27465.4
2746628,27466.28
2746717,27467.17
2746806,27468.06
2746894,27468.94
2746982,27469.82
2747069,27470.69
2747156,27471.56
2747242,27472.42
2747329,27473.29
2747415,27474.15
2747502,27475.02
2747589,27475.89
2747676,27476.76
2747762,27477.62
2747847,27478.47
2747932,27479.32
2748017,27480.17
2748101,27481.01
2748185,27481.85
2748269,27482.69
2748353,27483.53
2748435,27484.35
2748516,27485.16
2748595,27485.95
2748674,27486.74
2748753,27487.53
2748833,27488.33
2748916,27489.16
2749000,27490.0
2749080,27490.8
2749159,27491.59
2749236,27492.36
2749311,27493.11
2749387,27493.87
2749464,27494.64
2749539,27495.39
2749615,27496.15
2749693,27496.93
2749771,27497.71
2749850,27498.5
2749928,27499.28
2750008,27500.08
2750091,27500.91
2750177,27501.77
2750262,27502.62
2750348,27503.48
2750435,27504.35
2750524,27505.24
2750614,27506.14
2750703,27507.03
2750793,27507.93
2750881,27508.81
2750969,27509.69
2751057,27510.57
2751144,27511.44
2751230,27512.3
2751316,27513.16
2751402,27514.02
2751487,27514.87
2751573,27515.73
2751659,27516.59
2751744,27517.44
2751829,27518.29
2751913,27519.13
2751996,27519.96
2752076,27520.76
2752156,27521.56
2752234,27522.34
2752313,27523.13
2752393,27523.93
2752473,27524.73
2752552,27525.52
2752630,27526.3
2752709,27527.09
2752788,27527.88
2752869,27528.69
2752951,27529.51
2753029,27530.29
2753106,27531.06
2753184,27531.84
2753263,27532.63
2753341,27533.41
2753419,27534.19
2753497,27534.97
2753573,27535.73
2753649,27536.49
2753723,27537.23
2753797,27537.97
2753873,27538.73
2753952,27539.52
2754031,27540.31
2754107,27541.07
2754184,27541.84
2754260,27542.6
2754336,27543.36
2754412,27544.12
2754488,27544.88
2754565,27545.65
2754641,27546.41
2754718,27547.18
2754797,27547.97
2754876,27548.76
2754957,27549.57
2755039,27550.39
2755122,27551.22
2755204,27552.04
2755286,27552.86
2755369,27553.69
2755449,27554.49
2755528,27555.28
2755605,27556.05
2755680,27556.8
2755754,27557.54
2755826,27558.26
2755900,27559.0
2755975,27559.75
2756053,27560.53
2756133,27561.33
2756216,27562.16
2756302,27563.02
2756389,27563.89
2756477,27564.77
2756566,27565.66
2756654,27566.54
2756743,27567.43
2756832,27568.32
2756921,27569.21
2757008,27570.08
2757092,27570.92
2757175,27571.75
2757256,27572.56
2757336,27573.36
2757419,27574.19
2757504,27575.04
2757586,27575.86
2757667,27576.67
2757748,27577.48
2757829,27578.29
2757910,27579.1
2757990,27579.9
2758068,27580.68
2758145,27581.45
2758223,27582.23
2758301,27583.01
2758379,27583.79
2758457,27584.57
2758536,27585.36
2758613,27586.13
2758690,27586.9
2758765,27587.65
2758839,27588.39
2758914,27589.14
2758993,27589.93
2759075,27590.75
2759161,27591.61
2759251,27592.51
2759341,27593.41
2759431,27594.31
2759519,27595.19
2759607,27596.07
2759695,27596.95
2759783,27597.83
2759870,27598.7
2759956,27599.56
2760043,27600.43
2760129,27601.29
2760213,27602.13
2760297,27602.97
2760381,27603.81
2760466,27604.66
2760549,27605.49
2760631,27606.31
2760711,27607.11
2760790,27607.9
2760869,27608.69
2760949,27609.49
2761029,27610.29
2761111,27611.11
2761193,27611.93
2761272,27612.72
2761350,27613.5
2761428,27614.28
2761506,27615.06
2761585,27615.85
2761662,27616.62
2761739,27617.39
2761817,27618.17
2761895,27618.95
2761973,27619.73
2762052,27620.52
2762132,27621.32
2762214,27622.14
2762300,27623.0
2762387,27623.87
2762476,27624.76
2762566,27625.66
2762657,27626.57
2762748,27627.48
2762839,27628.39
2762930,27629.3
2763021,27630.21
2763110,27631.1
2763200,27632.0
2763288,27632.88
2763377,27633.77
2763467,27634.67
2763555,27635.55
2763643,27636.43
2763730,27637.3
2763816,27638.16
2763900,27639.0
2763984,27639.84
2764067,27640.67
2764148,27641.48
2764230,27642.3
2764310,27643.1
2764390,27643.9
2764469,27644.69
2764549,27645.49
2764632,27646.32
2764714,27647.14
2764795,27647.95
2764876,27648.76
2764956,27649.56
2765036,27650.36
2765114,27651.14
2765192,27651.92
2765269,27652.69
2765345,27653.45
2765421,27654.21
2765498,27654.98
2765576,27655.76
2765654,27656.54
2765732,27657.32
2765810,27658.1
2765890,27658.9
2765972,27659.72
2766052,27660.52
2766133,27661.33
2766214,27662.14
2766297,27662.97
2766384,27663.84
2766472,27664.72
2766560,27665.6
2766648,27666.48
2766738,27667.38
2766829,27668.29
2766920,27669.2
2767010,27670.1
2767101,27671.01
2767190,27671.9
2767278,27672.78
2767366,27673.66
2767453,27674.53
2767539,27675.39
2767622,27676.22
2767706,27677.06
2767789,27677.89
2767872,27678.72
2767956,27679.56
2768040,27680.4
2768124,27681.24
2768208,27682.08
2768293,27682.93
2768376,27683.76
2768460,27684.6
2768544,27685.44
2768628,27686.28
2768709,27687.09
2768789,27687.89
2768868,27688.68
2768948,27689.48
2769028,27690.28
2769109,27691.09
2769190,27691.9
2769269,27692.69
2769349,27693.49
2769428,27694.28
2769505,27695.05
2769582,27695.82
2769658,27696.58
2769734,27697.34
2769809,27698.09
2769885,27698.85
2769961,27699.61
2770037,27700.37
2770113,27701.13
2770187,27701.87
2770261,27702.61
2770336,27703.36
2770410,27704.1
2770484,27704.84
2770558,27705.58
2770632,27706.32
2770707,27707.07
2770786,27707.86
2770867,27708.67
2770954,27709.54
2771049,27710.49
2771143,27711.43
2771237,27712.37
2771330,27713.3
2771423,27714.23
2771514,27715.14
2771605,27716.05
2771694,27716.94
2771784,27717.84
2771873,27718.73
2771962,27719.62
2772048,27720.48
2772135,27721.35
2772221,27722.21
2772308,27723.08
2772395,27723.95
2772482,27724.82
2772571,27725.71
2772659,27726.59
2772747,27727.47
2772835,27728.35
2772922,27729.22
2773008,27730.08
2773092,27730.92
2773175,27731.75
2773256,27732.56
2773339,27733.39
2773420,27734.2
2773502,27735.02
2773583,27735.83
2773662,27736.62
2773741,27737.41
2773821,27738.21
2773899,27738.99
2773977,27739.77
2774055,27740.55
2774133,27741.33
2774210,27742.1
2774287,27742.87
2774365,27743.65
2774442,27744.42
2774518,27745.18
2774594,27745.94
2774670,27746.7
2774747,27747.47
2774826,27748.26
2774902,27749.02
2774978,27749.78
2775054,27750.54
2775132,27751.32
2775213,27752.13
2775295,27752.95
2775383,27753.83
2775477,27754.77
2775570,27755.7
2775666,27756.66
2775761,27757.61
2775855,27758.55
2775948,27759.48
2776040,27760.4
2776132,27761.32
2776223,27762.23
2776313,27763.13
2776403,27764.03
2776491,27764.91
2776578,27765.78
2776665,27766.65
2776751,27767.51
2776836,27768.36
2776921,27769.21
2777006,27770.06
2777092,27770.92
2777178,27771.78
2777263,27772.63
2777349,27773.49
2777432,27774.32
2777514,27775.14
2777595,27775.95
2777675,27776.75
2777757,27777.57
2777839,27778.39
2777921,27779.21
2778001,27780.01
2778080,27780.8
2778159,27781.59
2778240,27782.4
2778320,27783.2
2778397,27783.97
2778475,27784.75
2778551,27785.51
2778629,27786.29
2778707,27787.07
2778783,27787.83
2778859,27788.59
2778934,27789.34
2779009,27790.09
2779083,27790.83
2779156,27791.56
2779229,27792.29
2779301,27793.01
2779374,27793.74
2779450,27794.5
2779533,27795.33
2779624,27796.24
2779713,27797.13
2779803,27798.03
2779897,27798.97
2779990,27799.9
2780086,27800.86
2780182,27801.82
2780278,27802.78
2780374,27803.74
2780469,27804.69
2780565,27805.65
2780660,27806.6
2780755,27807.55
2780849,27808.49
2780941,27809.41
2781034,27810.34
2781127,27811.27
2781220,27812.2
2781312,27813.12
2781404,27814.04
2781494,27814.94
2781583,27815.83
2781671,27816.71
2781758,27817.58
2781842,27818.42
2781926,27819.26
2782009,27820.09
2782091,27820.91
2782173,27821.73
2782255,27822.55
2782333,27823.33
2782411,27824.11
2782489,27824.89
2782567,27825.67
2782644,27826.44
2782721,27827.21
2782800,27828.0
2782880,27828.8
2782963,27829.63
2783043,27830.43
2783122,27831.22
2783200,27832.0
2783279,27832.79
2783358,27833.58
2783435,27834.35
2783513,27835.13
2783591,27835.91
2783670,27836.7
2783750,27837.5
2783832,27838.32
2783916,27839.16
2784000,27840.0
2784087,27840.87
2784176,27841.76
2784265,27842.65
2784352,27843.52
2784442,27844.42
2784532,27845.32
2784622,27846.22
2784714,27847.14
2784806,27848.06
2784897,27848.97
2784987,27849.87
2785076,27850.76
2785164,27851.64
2785249,27852.49
2785331,27853.31
2785411,27854.11
2785491,27854.91
2785569,27855.69
2785647,27856.47
2785723,27857.23
2785800,27858.0
2785879,27858.79
2785959,27859.59
2786041,27860.41
2786126,27861.26
2786209,27862.09
2786291,27862.91
2786375,27863.75
2786459,27864.59
2786541,27865.41
2786620,27866.2
2786698,27866.98
2786775,27867.75
2786852,27868.52
2786928,27869.28
2787004,27870.04
2787079,27870.79
2787154,27871.54
2787230,27872.3
2787306,27873.06
2787380,27873.8
2787454,27874.54
2787526,27875.26
2787598,27875.98
2787669,27876.69
2787741,27877.41
2787813,27878.13
2787882,27878.82
2787952,27879.52
2788059,27880.59
2788166,27881.66
2788241,27882.41
2788311,27883.11
2788381,27883.81
2788449,27884.49
2788517,27885.17
2788584,27885.84
2788651,27886.51
2788716,27887.16
2788782,27887.82
2788848,27888.48
2788914,27889.14
2788979,27889.79
2789044,27890.44
2789110,27891.1
2789177,27891.77
2789242,27892.42
2789309,27893.09
2789375,27893.75
2789444,27894.44
2789516,27895.16
2789593,27895.93
2789678,27896.78
2789766,27897.66
2789854,27898.54
2789940,27899.4
2790028,27900.28
2790115,27901.15
2790202,27902.02
2790289,27902.89
2790376,27903.76
2790462,27904.62
2790548,27905.48
2790634,27906.34
2790716,27907.16
2790795,27907.95
2790873,27908.73
2790951,27909.51
2791029,27910.29
2791108,27911.08
2791185,27911.85
2791261,27912.61
2791338,27913.38
2791414,27914.14
2791491,27914.91
2791566,27915.66
2791642,27916.42
2791718,27917.18
2791795,27917.95
2791873,27918.73
2791952,27919.52
2792029,27920.29
2792107,27921.07
2792188,27921.88
2792270,27922.7
2792354,27923.54
2792438,27924.38
2792522,27925.22
2792605,27926.05
2792686,27926.86
2792766,27927.66
2792847,27928.47
2792928,27929.28
2793011,27930.11
2793093,27930.93
2793176,27931.76
2793258,27932.58
2793339,27933.39
2793418,27934.18
2793498,27934.98
2793580,27935.8
2793665,27936.65
2793750,27937.5
2793831,27938.31
2793910,27939.1
2793990,27939.9
2794070,27940.7
2794152,27941.52
2794232,27942.32
2794311,27943.11
2794391,27943.91
2794472,27944.72
2794555,27945.55
2794639,27946.39
2794722,27947.22
2794805,27948.05
2794891,27948.91
2794978,27949.78
2795065,27950.65
2795152,27951.52
2795237,27952.37
2795323,27953.23
2795410,27954.1
2795495,27954.95
2795580,27955.8
2795666,27956.66
2795752,27957.52
2795839,27958.39
2795924,27959.24
2796008,27960.08
2796091,27960.91
2796172,27961.72
2796254,27962.54
2796336,27963.36
2796418,27964.18
2796499,27964.99
2796579,27965.79
2796659,27966.59
2796740,27967.4
2796821,27968.21
2796903,27969.03
2796985,27969.85
2797065,27970.65
2797144,27971.44
2797224,27972.24
2797303,27973.03
2797384,27973.84
2797465,27974.65
2797544,27975.44
2797622,27976.22
2797702,27977.02
2797782,27977.82
2797861,27978.61
2797942,27979.42
2798022,27980.22
2798103,27981.03
2798186,27981.86
2798271,27982.71
2798356,27983.56
2798443,27984.43
2798530,27985.3
2798615,27986.15
2798698,27986.98
2798782,27987.82
2798865,27988.65
2798949,27989.49
2799035,27990.35
2799120,27991.2
2799203,27992.03
2799288,27992.88
2799373,27993.73
2799459,27994.59
2799546,27995.46
2799630,27996.3
2799713,27997.13
2799795,27997.95
2799877,27998.77
2799961,27999.61
2800047,28000.47
2800135,28001.35
2800221,28002.21
2800306,28003.06
2800390,28003.9
2800471,28004.71
2800553,28005.53
2800636,28006.36
2800718,28007.18
2800799,28007.99
2800879,28008.79
2800962,28009.62
2801045,28010.45
2801128,28011.28
2801210,28012.1
2801291,28012.91
2801374,28013.74
2801458,28014.58
2801543,28015.43
2801628,28016.28
2801711,28017.11
2801792,28017.92
2801872,28018.72
2801952,28019.52
2802033,28020.33
2802113,28021.13
2802193,28021.93
2802272,28022.72
2802353,28023.53
2802434,28024.34
2802516,28025.16
2802599,28025.99
2802680,28026.8
2802761,28027.61
2802846,28028.46
2802930,28029.3
2803016,28030.16
2803103,28031.03
2803188,28031.88
2803271,28032.71
2803354,28033.54
2803437,28034.37
2803517,28035.17
2803596,28035.96
2803676,28036.76
2803758,28037.58
2803844,28038.44
2803931,28039.31
2804017,28040.17
2804104,28041.04
2804193,28041.93
2804283,28042.83
2804372,28043.72
2804463,28044.63
2804553,28045.53
2804641,28046.41
2804728,28047.28
2804816,28048.16
2804903,28049.03
2804990,28049.9
2805077,28050.77
2805163,28051.63
2805247,28052.47
2805329,28053.29
2805409,28054.09
2805491,28054.91
2805573,28055.73
2805656,28056.56
2805741,28057.41
2805824,28058.24
2805905,28059.05
2805986,28059.86
2806069,28060.69
2806152,28061.52
2806235,28062.35
2806317,28063.17
2806396,28063.96
2806475,28064.75
2806554,28065.54
2806634,28066.34
2806714,28067.14
2806794,28067.94
2806872,28068.72
2806950,28069.5
2807031,28070.31
2807115,28071.15
2807199,28071.99
2807285,28072.85
2807368,28073.68
2807452,28074.52
2807538,28075.38
2807623,28076.23
2807709,28077.09
2807793,28077.93
2807877,28078.77
2807962,28079.62
2808048,28080.48
2808133,28081.33
2808217,28082.17
2808303,28083.03
2808390,28083.9
2808476,28084.76
2808561,28085.61
2808644,28086.44
2808727,28087.27
2808811,28088.11
2808893,28088.93
2808975,28089.75
2809054,28090.54
2809133,28091.33
2809210,28092.1
2809287,28092.87
2809365,28093.65
2809446,28094.46
2809533,28095.33
2809618,28096.18
2809702,28097.02
2809788,28097.88
2809875,28098.75
2809961,28099.61
2810048,28100.48
2810132,28101.32
2810213,28102.13
2810296,28102.96
2810379,28103.79
2810463,28104.63
2810545,28105.45
2810626,28106.26
2810708,28107.08
2810792,28107.92
2810880,28108.8
2810968,28109.68
2811053,28110.53
2811139,28111.39
2811226,28112.26
2811314,28113.14
2811403,28114.03
2811490,28114.9
2811576,28115.76
2811664,28116.64
2811752,28117.52
2811839,28118.39
2811927,28119.27
2812013,28120.13
2812100,28121.0
2812188,28121.88
2812275,28122.75
2812362,28123.62
2812450,28124.5
2812536,28125.36
2812621,28126.21
2812707,28127.07
2812792,28127.92
2812876,28128.76
2812957,28129.57
2813038,28130.38
2813119,28131.19
2813201,28132.01
2813281,28132.81
2813361,28133.61
2813439,28134.39
2813519,28135.19
2813599,28135.99
2813679,28136.79
2813758,28137.58
2813837,28138.37
2813916,28139.16
2813997,28139.97
2814079,28140.79
2814163,28141.63
2814246,28142.46
2814326,28143.26
2814406,28144.06
2814487,28144.87
2814570,28145.7
2814654,28146.54
2814740,28147.4
2814825,28148.25
2814909,28149.09
2814995,28149.95
2815082,28150.82
2815170,28151.7
2815255,28152.55
2815339,28153.39
2815423,28154.23
2815506,28155.06
2815588,28155.88
2815669,28156.69
2815749,28157.49
2815832,28158.32
2815915,28159.15
2815998,28159.98
2816079,28160.79
2816159,28161.59
2816240,28162.4
2816324,28163.24
2816407,28164.07
2816488,28164.88
2816568,28165.68
2816648,28166.48
2816729,28167.29
2816811,28168.11
2816892,28168.92
2816972,28169.72
2817053,28170.53
2817136,28171.36
2817219,28172.19
2817303,28173.03
2817386,28173.86
2817467,28174.67
2817550,28175.5
2817629,28176.29
2817709,28177.09
2817788,28177.88
2817865,28178.65
2817942,28179.42
2818020,28180.2
2818099,28180.99
2818179,28181.79
2818260,28182.6
2818340,28183.4
2818419,28184.19
2818499,28184.99
2818579,28185.79
2818660,28186.6
2818743,28187.43
2818825,28188.25
2818905,28189.05
2818986,28189.86
2819067,28190.67
2819148,28191.48
2819229,28192.29
2819308,28193.08
2819387,28193.87
2819469,28194.69
2819552,28195.52
2819636,28196.36
2819718,28197.18
2819801,28198.01
2819885,28198.85
2819971,28199.71
2820058,28200.58
2820148,28201.48
2820232,28202.32
2820314,28203.14
2820397,28203.97
2820479,28204.79
2820561,28205.61
2820641,28206.41
2820720,28207.2
2820799,28207.99
2820879,28208.79
2820961,28209.61
2821044,28210.44
2821127,28211.27
2821209,28212.09
2821289,28212.89
2821370,28213.7
2821451,28214.51
2821532,28215.32
2821612,28216.12
2821694,28216.94
2821776,28217.76
2821859,28218.59
2821942,28219.42
2822026,28220.26
2822108,28221.08
2822190,28221.9
2822272,28222.72
2822356,28223.56
2822440,28224.4
2822522,28225.22
2822605,28226.05
2822688,28226.88
2822771,28227.71
2822854,28228.54
2822939,28229.39
2823023,28230.23
2823106,28231.06
2823188,28231.88
2823271,28232.71
2823354,28233.54
2823436,28234.36
2823518,28235.18
2823598,28235.98
2823678,28236.78
2823759,28237.59
2823838,28238.38
2823918,28239.18
2823996,28239.96
2824074,28240.74
2824153,28241.53
2824233,28242.33
2824312,28243.12
2824391,28243.91
2824469,28244.69
2824550,28245.5
2824631,28246.31
2824712,28247.12
2824794,28247.94
2824874,28248.74
2824955,28249.55
2825036,28250.36
2825120,28251.2
2825202,28252.02
2825285,28252.85
2825367,28253.67
2825450,28254.5
2825532,28255.32
2825615,28256.15
2825698,28256.98
2825780,28257.8
2825862,28258.62
2825944,28259.44
2826027,28260.27
2826110,28261.1
2826193,28261.93
2826274,28262.74
2826353,28263.53
2826434,28264.34
2826516,28265.16
2826598,28265.98
2826681,28266.81
2826762,28267.62
2826843,28268.43
2826925,28269.25
2827007,28270.07
2827091,28270.91
2827176,28271.76
2827258,28272.58
2827339,28273.39
2827422,28274.22
2827504,28275.04
2827589,28275.89
2827674,28276.74
2827758,28277.58
2827838,28278.38
2827918,28279.18
2827996,28279.96
2828077,28280.77
2828157,28281.57
2828237,28282.37
2828317,28283.17
2828398,28283.98
2828481,28284.81
2828565,28285.65
2828648,28286.48
2828731,28287.31
2828815,28288.15
2828898,28288.98
2828982,28289.82
2829063,28290.63
2829146,28291.46
2829227,28292.27
2829309,28293.09
2829389,28293.89
2829469,28294.69
2829548,28295.48
2829629,28296.29
2829711,28297.11
2829793,28297.93
2829876,28298.76
2829958,28299.58
2830039,28300.39
2830122,28301.22
2830205,28302.05
2830288,28302.88
2830370,28303.7
2830452,28304.52
2830535,28305.35
2830618,28306.18
2830701,28307.01
2830784,28307.84
2830865,28308.65
2830944,28309.44
2831022,28310.22
2831101,28311.01
2831179,28311.79
2831258,28312.58
2831335,28313.35
2831413,28314.13
2831494,28314.94
2831575,28315.75
2831657,28316.57
2831738,28317.38
2831818,28318.18
2831898,28318.98
2831977,28319.77
2832059,28320.59
2832141,28321.41
2832221,28322.21
2832300,28323.0
2832380,28323.8
2832460,28324.6
2832541,28325.41
2832622,28326.22
2832700,28327.0
2832778,28327.78
2832857,28328.57
2832936,28329.36
2833016,28330.16
2833096,28330.96
2833173,28331.73
2833251,28332.51
2833329,28333.29
2833407,28334.07
2833486,28334.86
2833562,28335.62
2833639,28336.39
2833716,28337.16
2833796,28337.96
2833877,28338.77
2833959,28339.59
2834042,28340.42
2834127,28341.27
2834214,28342.14
2834302,28343.02
2834389,28343.89
2834475,28344.75
2834561,28345.61
2834648,28346.48
2834733,28347.33
2834818,28348.18
2834903,28349.03
2834988,28349.88
2835073,28350.73
2835158,28351.58
2835243,28352.43
2835326,28353.26
2835408,28354.08
2835491,28354.91
2835573,28355.73
2835657,28356.57
2835740,28357.4
2835824,28358.24
2835905,28359.05
2835983,28359.83
2836063,28360.63
2836143,28361.43
2836223,28362.23
2836305,28363.05
2836385,28363.85
2836464,28364.64
2836545,28365.45
2836625,28366.25
2836706,28367.06
2836787,28367.87
2836867,28368.67
2836947,28369.47
2837028,28370.28
2837111,28371.11
2837195,28371.95
2837279,28372.79
2837362,28373.62
2837445,28374.45
2837529,28375.29
2837614,28376.14
2837698,28376.98
2837783,28377.83
2837867,28378.67
2837949,28379.49
2838030,28380.3
2838112,28381.12
2838196,28381.96
2838279,28382.79
2838362,28383.62
2838445,28384.45
2838526,28385.26
2838607,28386.07
2838687,28386.87
2838769,28387.69
2838851,28388.51
2838932,28389.32
2839013,28390.13
2839096,28390.96
2839179,28391.79
2839261,28392.61
2839344,28393.44
2839423,28394.23
2839501,28395.01
2839580,28395.8
2839658,28396.58
2839736,28397.36
2839813,28398.13
2839890,28398.9
2839969,28399.69
2840048,28400.48
2840127,28401.27
2840207,28402.07
2840285,28402.85
2840363,28403.63
2840442,28404.42
2840521,28405.21
2840600,28406.0
2840680,28406.8
2840760,28407.6
2840839,28408.39
2840923,28409.23
2841008,28410.08
2841094,28410.94
2841179,28411.79
2841265,28412.65
2841348,28413.48
2841430,28414.3
2841512,28415.12
2841594,28415.94
2841676,28416.76
2841757,28417.57
2841838,28418.38
2841919,28419.19
2842000,28420.0
2842080,28420.8
2842160,28421.6
2842239,28422.39
2842319,28423.19
2842399,28423.99
2842480,28424.8
2842562,28425.62
2842644,28426.44
2842725,28427.25
2842807,28428.07
2842888,28428.88
2842969,28429.69
2843050,28430.5
2843130,28431.3
2843207,28432.07
2843285,28432.85
2843363,28433.63
2843443,28434.43
2843524,28435.24
2843604,28436.04
2843684,28436.84
2843765,28437.65
2843846,28438.46
2843929,28439.29
2844009,28440.09
2844088,28440.88
2844169,28441.69
2844250,28442.5
2844332,28443.32
2844414,28444.14
2844497,28444.97
2844579,28445.79
2844662,28446.62
2844745,28447.45
2844827,28448.27
2844908,28449.08
2844987,28449.87
2845066,28450.66
2845147,28451.47
2845227,28452.27
2845307,28453.07
2845385,28453.85
2845463,28454.63
2845542,28455.42
2845621,28456.21
2845701,28457.01
2845780,28457.8
2845858,28458.58
2845938,28459.38
2846018,28460.18
2846100,28461.0
2846183,28461.83
2846265,28462.65
2846345,28463.45
2846423,28464.23
2846503,28465.03
2846582,28465.82
2846663,28466.63
2846744,28467.44
2846825,28468.25
2846905,28469.05
2846985,28469.85
2847065,28470.65
2847145,28471.45
2847224,28472.24
2847303,28473.03
2847382,28473.82
2847463,28474.63
2847543,28475.43
2847624,28476.24
2847704,28477.04
2847784,28477.84
2847866,28478.66
2847948,28479.48
2848032,28480.32
2848115,28481.15
2848196,28481.96
2848277,28482.77
2848359,28483.59
2848443,28484.43
2848527,28485.27
2848609,28486.09
2848691,28486.91
2848773,28487.73
2848855,28488.55
2848938,28489.38
2849019,28490.19
2849100,28491.0
2849181,28491.81
2849262,28492.62
2849343,28493.43
2849424,28494.24
2849505,28495.05
2849585,28495.85
2849665,28496.65
2849744,28497.44
2849825,28498.25
2849906,28499.06
2849985,28499.85
2850063,28500.63
2850142,28501.42
2850222,28502.22
2850302,28503.02
2850383,28503.83
2850462,28504.62
2850541,28505.41
2850620,28506.2
2850699,28506.99
2850779,28507.79
2850860,28508.6
2850939,28509.39
2851021,28510.21
2851103,28511.03
2851185,28511.85
2851267,28512.67
2851348,28513.48
2851427,28514.27
2851506,28515.06
2851584,28515.84
2851663,28516.63
2851741,28517.41
2851819,28518.19
2851899,28518.99
2851979,28519.79
2852060,28520.6
2852141,28521.41
2852222,28522.22
2852302,28523.02
2852382,28523.82
2852463,28524.63
2852546,28525.46
2852631,28526.31
2852712,28527.12
2852793,28527.93
2852872,28528.72
2852952,28529.52
2853033,28530.33
2853113,28531.13
2853192,28531.92
2853271,28532.71
2853352,28533.52
2853432,28534.32
2853514,28535.14
2853595,28535.95
2853676,28536.76
2853756,28537.56
2853837,28538.37
2853919,28539.19
2854002,28540.02
2854086,28540.86
2854169,28541.69
2854250,28542.5
2854333,28543.33
2854416,28544.16
2854498,28544.98
2854581,28545.81
2854662,28546.62
2854742,28547.42
2854823,28548.23
2854904,28549.04
2854985,28549.85
2855065,28550.65
2855147,28551.47
2855228,28552.28
2855309,28553.09
2855389,28553.89
2855469,28554.69
2855549,28555.49
2855628,28556.28
2855708,28557.08
2855787,28557.87
2855865,28558.65
2855943,28559.43
2856022,28560.22
2856100,28561.0
2856178,28561.78
2856256,28562.56
2856332,28563.32
2856410,28564.1
2856487,28564.87
2856565,28565.65
2856644,28566.44
2856721,28567.21
2856798,28567.98
2856876,28568.76
2856954,28569.54
2857032,28570.32
2857111,28571.11
2857188,28571.88
2857264,28572.64
2857342,28573.42
2857421,28574.21
2857500,28575.0
2857579,28575.79
2857657,28576.57
2857737,28577.37
2857819,28578.19
2857901,28579.01
2857983,28579.83
2858064,28580.64
2858145,28581.45
2858226,28582.26
2858306,28583.06
2858388,28583.88
2858468,28584.68
2858550,28585.5
2858632,28586.32
2858714,28587.14
2858795,28587.95
2858876,28588.76
2858956,28589.56
2859037,28590.37
2859119,28591.19
2859203,28592.03
2859286,28592.86
2859369,28593.69
2859450,28594.5
2859531,28595.31
2859612,28596.12
2859694,28596.94
2859775,28597.75
2859856,28598.56
2859936,28599.36
2860017,28600.17
2860097,28600.97
2860177,28601.77
2860258,28602.58
2860340,28603.4
2860418,28604.18
2860495,28604.95
2860573,28605.73
2860652,28606.52
2860732,28607.32
2860811,28608.11
2860890,28608.9
2860970,28609.7
2861051,28610.51
2861133,28611.33
2861216,28612.16
2861297,28612.97
2861377,28613.77
2861458,28614.58
2861538,28615.38
2861619,28616.19
2861701,28617.01
2861781,28617.81
2861860,28618.6
2861939,28619.39
2862019,28620.19
2862099,28620.99
2862178,28621.78
2862257,28622.57
2862335,28623.35
2862413,28624.13
2862491,28624.91
2862570,28625.7
2862652,28626.52
2862733,28627.33
2862813,28628.13
2862893,28628.93
2862973,28629.73
2863055,28630.55
2863139,28631.39
2863220,28632.2
2863300,28633.0
2863379,28633.79
2863459,28634.59
2863540,28635.4
2863620,28636.2
2863699,28636.99
2863780,28637.8
2863861,28638.61
2863944,28639.44
2864027,28640.27
2864109,28641.09
2864190,28641.9
2864271,28642.71
2864353,28643.53
2864435,28644.35
2864517,28645.17
2864597,28645.97
2864676,28646.76
2864757,28647.57
2864838,28648.38
2864920,28649.2
2865002,28650.02
2865083,28650.83
2865165,28651.65
2865247,28652.47
2865329,28653.29
2865411,28654.11
2865492,28654.92
2865570,28655.7
2865648,28656.48
2865726,28657.26
2865805,28658.05
2865886,28658.86
2865964,28659.64
2866042,28660.42
2866121,28661.21
2866200,28662.0
2866280,28662.8
2866359,28663.59
2866437,28664.37
2866517,28665.17
2866596,28665.96
2866675,28666.75
2866752,28667.52
2866830,28668.3
2866907,28669.07
2866985,28669.85
2867063,28670.63
2867142,28671.42
2867220,28672.2
2867297,28672.97
2867375,28673.75
2867453,28674.53
2867531,28675.31
2867609,28676.09
2867688,28676.88
2867768,28677.68
2867849,28678.49
2867932,28679.32
2868013,28680.13
2868094,28680.94
2868175,28681.75
2868255,28682.55
2868333,28683.33
2868410,28684.1
2868485,28684.85
2868561,28685.61
2868638,28686.38
2868714,28687.14
2868791,28687.91
2868869,28688.69
2868947,28689.47
2869026,28690.26
2869106,28691.06
2869187,28691.87
2869269,28692.69
2869352,28693.52
2869435,28694.35
2869518,28695.18
2869601,28696.01
2869685,28696.85
2869768,28697.68
2869850,28698.5
2869932,28699.32
2870012,28700.12
2870092,28700.92
2870172,28701.72
2870253,28702.53
2870333,28703.33
2870412,28704.12
2870491,28704.91
2870570,28705.7
2870649,28706.49
2870728,28707.28
2870807,28708.07
2870885,28708.85
2870965,28709.65
2871046,28710.46
2871126,28711.26
2871206,28712.06
2871284,28712.84
2871362,28713.62
2871441,28714.41
2871520,28715.2
2871600,28716.0
2871678,28716.78
2871755,28717.55
2871830,28718.3
2871905,28719.05
2871981,28719.81
2872056,28720.56
2872130,28721.3
2872204,28722.04
2872275,28722.75
2872346,28723.46
2872417,28724.17
2872487,28724.87
2872557,28725.57
2872627,28726.27
2872699,28726.99
2872772,28727.72
2872847,28728.47
2872924,28729.24
2873000,28730.0
2873077,28730.77
2873155,28731.55
2873234,28732.34
2873315,28733.15
2873397,28733.97
2873481,28734.81
2873566,28735.66
2873652,28736.52
2873739,28737.39
2873825,28738.25
2873912,28739.12
2873999,28739.99
2874086,28740.86
2874173,28741.73
2874259,28742.59
2874343,28743.43
2874426,28744.26
2874507,28745.07
2874585,28745.85
2874662,28746.62
2874739,28747.39
2874817,28748.17
2874895,28748.95
2874973,28749.73
2875050,28750.5
2875127,28751.27
2875205,28752.05
2875283,28752.83
2875361,28753.61
2875438,28754.38
2875515,28755.15
2875592,28755.92
2875671,28756.71
2875751,28757.51
2875833,28758.33
2875915,28759.15
2875997,28759.97
2876077,28760.77
2876159,28761.59
2876242,28762.42
2876328,28763.28
2876414,28764.14
2876499,28764.99
2876585,28765.85
2876667,28766.67
2876748,28767.48
2876829,28768.29
2876909,28769.09
2876988,28769.88
2877068,28770.68
2877146,28771.46
2877225,28772.25
2877305,28773.05
2877389,28773.89
2877473,28774.73
2877559,28775.59
2877644,28776.44
2877726,28777.26
2877808,28778.08
2877889,28778.89
2877971,28779.71
2878052,28780.52
2878134,28781.34
2878216,28782.16
2878298,28782.98
2878379,28783.79
2878461,28784.61
2878543,28785.43
2878625,28786.25
2878707,28787.07
2878788,28787.88
2878867,28788.67
2878945,28789.45
2879023,28790.23
2879100,28791.0
2879177,28791.77
2879254,28792.54
2879329,28793.29
2879404,28794.04
2879480,28794.8
2879556,28795.56
2879632,28796.32
2879709,28797.09
2879788,28797.88
2879868,28798.68
2879951,28799.51
2880035,28800.35
2880117,28801.17
2880201,28802.01
2880286,28802.86
2880375,28803.75
2880462,28804.62
2880551,28805.51
2880640,28806.4
2880725,28807.25
2880810,28808.1
2880894,28808.94
2880978,28809.78
2881060,28810.6
2881143,28811.43
2881222,28812.22
2881297,28812.97
2881372,28813.72
2881445,28814.45
2881516,28815.16
2881587,28815.87
2881657,28816.57
2881727,28817.27
2881797,28817.97
2881865,28818.65
2881933,28819.33
2882000,28820.0
2882066,28820.66
2882133,28821.33
2882199,28821.99
2882264,28822.64
2882330,28823.3
2882395,28823.95
2882460,28824.6
2882526,28825.26
2882591,28825.91
2882656,28826.56
2882720,28827.2
2882785,28827.85
2882849,28828.49
2882913,28829.13
2882978,28829.78
2883043,28830.43
2883109,28831.09
2883175,28831.75
2883240,28832.4
2883304,28833.04
2883369,28833.69
2883435,28834.35
2883502,28835.02
2883573,28835.73
2883645,28836.45
2883721,28837.21
2883801,28838.01
2883881,28838.81
2883963,28839.63
2884046,28840.46
2884129,28841.29
2884210,28842.1
2884287,28842.87
2884362,28843.62
2884436,28844.36
2884511,28845.11
2884587,28845.87
2884661,28846.61
2884735,28847.35
2884807,28848.07
2884879,28848.79
2884949,28849.49
2885020,28850.2
2885091,28850.91
2885162,28851.62
2885235,28852.35
2885309,28853.09
2885385,28853.85
2885464,28854.64
2885544,28855.44
2885625,28856.25
2885707,28857.07
2885790,28857.9
2885872,28858.72
2885954,28859.54
2886036,28860.36
2886118,28861.18
2886200,28862.0
2886282,28862.82
2886365,28863.65
2886447,28864.47
2886530,28865.3
2886613,28866.13
2886695,28866.95
2886775,28867.75
2886853,28868.53
2886930,28869.3
2887007,28870.07
2887085,28870.85
2887165,28871.65
2887243,28872.43
2887320,28873.2
2887397,28873.97
2887472,28874.72
2887545,28875.45
2887617,28876.17
2887687,28876.87
2887757,28877.57
2887828,28878.28
2887901,28879.01
2887977,28879.77
2888056,28880.56
2888138,28881.38
2888220,28882.2
2888306,28883.06
2888393,28883.93
2888480,28884.8
2888566,28885.66
2888649,28886.49
2888730,28887.3
2888810,28888.1
2888889,28888.89
2888967,28889.67
2889043,28890.43
2889119,28891.19
2889195,28891.95
2889272,28892.72
2889350,28893.5
2889428,28894.28
2889506,28895.06
2889581,28895.81
2889657,28896.57
2889733,28897.33
2889808,28898.08
2889882,28898.82
2889956,28899.56
2890031,28900.31
2890105,28901.05
2890181,28901.81
2890256,28902.56
2890333,28903.33
2890410,28904.1
2890487,28904.87
2890565,28905.65
2890641,28906.41
2890716,28907.16
2890790,28907.9
2890864,28908.64
2890940,28909.4
2891019,28910.19
2891097,28910.97
2891174,28911.74
2891252,28912.52
2891330,28913.3
2891408,28914.08
2891486,28914.86
2891565,28915.65
2891644,28916.44
2891722,28917.22
2891800,28918.0
2891879,28918.79
2891957,28919.57
2892036,28920.36
2892113,28921.13
2892189,28921.89
2892267,28922.67
2892344,28923.44
2892419,28924.19
2892494,28924.94
2892569,28925.69
2892645,28926.45
2892723,28927.23
2892800,28928.0
2892877,28928.77
2892957,28929.57
2893035,28930.35
2893112,28931.12
2893188,28931.88
2893265,28932.65
2893342,28933.42
2893420,28934.2
2893497,28934.97
2893576,28935.76
2893656,28936.56
2893736,28937.36
2893816,28938.16
2893896,28938.96
2893976,28939.76
2894057,28940.57
2894137,28941.37
2894218,28942.18
2894299,28942.99
2894379,28943.79
2894457,28944.57
2894535,28945.35
2894613,28946.13
2894690,28946.9
2894768,28947.68
2894845,28948.45
2894921,28949.21
2894996,28949.96
2895072,28950.72
2895146,28951.46
2895221,28952.21
2895295,28952.95
2895369,28953.69
2895444,28954.44
2895520,28955.2
2895596,28955.96
2895675,28956.75
2895753,28957.53
2895831,28958.31
2895911,28959.11
2895991,28959.91
2896072,28960.72
2896154,28961.54
2896236,28962.36
2896319,28963.19
2896401,28964.01
2896484,28964.84
2896567,28965.67
2896650,28966.5
2896733,28967.33
2896815,28968.15
2896897,28968.97
2896978,28969.78
2897059,28970.59
2897139,28971.39
2897220,28972.2
2897300,28973.0
2897380,28973.8
2897458,28974.58
2897537,28975.37
2897615,28976.15
2897693,28976.93
2897769,28977.69
2897845,28978.45
2897921,28979.21
2897998,28979.98
2898076,28980.76
2898155,28981.55
2898233,28982.33
2898311,28983.11
2898388,28983.88
2898466,28984.66
2898543,28985.43
2898619,28986.19
2898695,28986.95
2898770,28987.7
2898844,28988.44
2898917,28989.17
2898988,28989.88
2899058,28990.58
2899127,28991.27
2899197,28991.97
2899268,28992.68
2899341,28993.41
2899415,28994.15
2899493,28994.93
2899573,28995.73
2899654,28996.54
2899737,28997.37
2899820,28998.2
2899903,28999.03
2899985,28999.85
2900067,29000.67
2900148,29001.48
2900229,29002.29
2900309,29003.09
2900390,29003.9
2900470,29004.7
2900552,29005.52
2900634,29006.34
2900714,29007.14
2900791,29007.91
2900866,29008.66
2900938,29009.38
2901009,29010.09
2901079,29010.79
2901148,29011.48
2901217,29012.17
2901285,29012.85
2901354,29013.54
2901423,29014.23
2901493,29014.93
2901562,29015.62
2901633,29016.33
2901704,29017.04
2901775,29017.75
2901845,29018.45
2901915,29019.15
2901985,29019.85
2902055,29020.55
2902125,29021.25
2902195,29021.95
2902265,29022.65
2902336,29023.36
2902407,29024.07
2902478,29024.78
2902549,29025.49
2902619,29026.19
2902688,29026.88
2902757,29027.57
2902826,29028.26
2902894,29028.94
2902963,29029.63
2903035,29030.35
2903111,29031.11
2903190,29031.9
2903273,29032.73
2903358,29033.58
2903444,29034.44
2903530,29035.3
2903617,29036.17
2903704,29037.04
2903791,29037.91
2903879,29038.79
2903967,29039.67
2904054,29040.54
2904141,29041.41
2904226,29042.26
2904309,29043.09
2904389,29043.89
2904466,29044.66
2904541,29045.41
2904614,29046.14
2904685,29046.85
2904756,29047.56
2904827,29048.27
2904899,29048.99
2904971,29049.71
2905043,29050.43
2905117,29051.17
2905191,29051.91
2905263,29052.63
2905334,29053.34
2905406,29054.06
2905478,29054.78
2905551,29055.51
2905625,29056.25
2905702,29057.02
2905782,29057.82
2905865,29058.65
2905949,29059.49
2906035,29060.35
2906121,29061.21
2906207,29062.07
2906292,29062.92
2906378,29063.78
2906463,29064.63
2906549,29065.49
2906633,29066.33
2906717,29067.17
2906801,29068.01
2906884,29068.84
2906965,29069.65
2907046,29070.46
2907126,29071.26
2907206,29072.06
2907287,29072.87
2907367,29073.67
2907446,29074.46
2907524,29075.24
2907601,29076.01
2907678,29076.78
2907753,29077.53
2907828,29078.28
2907903,29079.03
2907979,29079.79
2908057,29080.57
2908135,29081.35
2908213,29082.13
2908291,29082.91
2908368,29083.68
2908444,29084.44
2908519,29085.19
2908592,29085.92
2908664,29086.64
2908737,29087.37
2908813,29088.13
2908890,29088.9
2908969,29089.69
2909051,29090.51
2909134,29091.34
2909218,29092.18
2909302,29093.02
2909386,29093.86
2909469,29094.69
2909552,29095.52
2909633,29096.33
2909712,29097.12
2909791,29097.91
2909869,29098.69
2909947,29099.47
2910026,29100.26
2910103,29101.03
2910181,29101.81
2910258,29102.58
2910334,29103.34
2910411,29104.11
2910487,29104.87
2910563,29105.63
2910640,29106.4
2910717,29107.17
2910795,29107.95
2910874,29108.74
2910953,29109.53
2911033,29110.33
2911114,29111.14
2911195,29111.95
2911275,29112.75
2911356,29113.56
2911437,29114.37
2911517,29115.17
2911598,29115.98
2911678,29116.78
2911758,29117.58
2911839,29118.39
2911920,29119.2
2912000,29120.0
2912080,29120.8
2912160,29121.6
2912239,29122.39
2912320,29123.2
2912402,29124.02
2912481,29124.81
2912558,29125.58
2912636,29126.36
2912714,29127.14
2912793,29127.93
2912873,29128.73
2912952,29129.52
2913032,29130.32
2913111,29131.11
2913191,29131.91
2913271,29132.71
2913352,29133.52
2913431,29134.31
2913510,29135.1
2913591,29135.91
2913672,29136.72
2913752,29137.52
2913834,29138.34
2913916,29139.16
2913998,29139.98
2914080,29140.8
2914163,29141.63
2914246,29142.46
2914329,29143.29
2914413,29144.13
2914497,29144.97
2914581,29145.81
2914664,29146.64
2914747,29147.47
2914830,29148.3
2914913,29149.13
2914995,29149.95
2915077,29150.77
2915159,29151.59
2915240,29152.4
2915321,29153.21
2915402,29154.02
2915481,29154.81
2915559,29155.59
2915637,29156.37
2915714,29157.14
2915790,29157.9
2915866,29158.66
2915942,29159.42
2916018,29160.18
2916093,29160.93
2916169,29161.69
2916243,29162.43
2916316,29163.16
2916388,29163.88
2916459,29164.59
2916528,29165.28
2916598,29165.98
2916668,29166.68
2916739,29167.39
2916813,29168.13
2916891,29168.91
2916969,29169.69
2917051,29170.51
2917133,29171.33
2917218,29172.18
2917303,29173.03
2917389,29173.89
2917472,29174.72
2917556,29175.56
2917640,29176.4
2917724,29177.24
2917806,29178.06
2917889,29178.89
2917971,29179.71
2918053,29180.53
2918134,29181.34
2918214,29182.14
2918294,29182.94
2918375,29183.75
2918456,29184.56
2918538,29185.38
2918621,29186.21
2918704,29187.04
2918786,29187.86
2918867,29188.67
2918949,29189.49
2919029,29190.29
2919108,29191.08
2919187,29191.87
2919264,29192.64
2919341,29193.41
2919417,29194.17
2919492,29194.92
2919566,29195.66
2919639,29196.39
2919711,29197.11
2919784,29197.84
2919856,29198.56
2919929,29199.29
2920002,29200.02
2920075,29200.75
2920147,29201.47
2920219,29202.19
2920289,29202.89
2920360,29203.6
2920432,29204.32
2920505,29205.05
2920582,29205.82
2920662,29206.62
2920746,29207.46
2920833,29208.33
2920921,29209.21
2921010,29210.1
2921100,29211.0
2921191,29211.91
2921282,29212.82
2921371,29213.71
2921459,29214.59
2921547,29215.47
2921634,29216.34
2921721,29217.21
2921807,29218.07
2921891,29218.91
2921975,29219.75
2922057,29220.57
2922139,29221.39
2922220,29222.2
2922299,29222.99
2922379,29223.79
2922458,29224.58
2922538,29225.38
2922617,29226.17
2922696,29226.96
2922773,29227.73
2922849,29228.49
2922926,29229.26
2923004,29230.04
2923084,29230.84
2923163,29231.63
2923242,29232.42
2923320,29233.2
2923399,29233.99
2923476,29234.76
2923553,29235.53
2923631,29236.31
2923709,29237.09
2923788,29237.88
2923868,29238.68
2923947,29239.47
2924028,29240.28
2924110,29241.1
2924195,29241.95
2924281,29242.81
2924367,29243.67
2924454,29244.54
2924542,29245.42
2924630,29246.3
2924717,29247.17
2924803,29248.03
2924891,29248.91
2924978,29249.78
2925065,29250.65
2925151,29251.51
2925237,29252.37
2925322,29253.22
2925406,29254.06
2925489,29254.89
2925571,29255.71
2925654,29256.54
2925736,29257.36
2925816,29258.16
2925894,29258.94
2925972,29259.72
2926049,29260.49
2926126,29261.26
2926205,29262.05
2926287,29262.87
2926370,29263.7
2926451,29264.51
2926530,29265.3
2926610,29266.1
2926688,29266.88
2926764,29267.64
2926837,29268.37
2926910,29269.1
2926981,29269.81
2927053,29270.53
2927125,29271.25
2927198,29271.98
2927271,29272.71
2927344,29273.44
2927416,29274.16
2927488,29274.88
2927561,29275.61
2927634,29276.34
2927707,29277.07
2927781,29277.81
2927855,29278.55
2927929,29279.29
2928003,29280.03
2928077,29280.77
2928150,29281.5
2928222,29282.22
2928295,29282.95
2928367,29283.67
2928439,29284.39
2928510,29285.1
2928582,29285.82
2928653,29286.53
2928724,29287.24
2928794,29287.94
2928863,29288.63
2928931,29289.31
2929000,29290.0
2929071,29290.71
2929144,29291.44
2929219,29292.19
2929296,29292.96
2929377,29293.77
2929461,29294.61
2929545,29295.45
2929626,29296.26
2929708,29297.08
2929790,29297.9
2929873,29298.73
2929955,29299.55
2930039,29300.39
2930122,29301.22
2930205,29302.05
2930286,29302.86
2930365,29303.65
2930440,29304.4
2930515,29305.15
2930589,29305.89
2930663,29306.63
2930738,29307.38
2930814,29308.14
2930890,29308.9
2930967,29309.67
2931050,29310.5
2931134,29311.34
2931220,29312.2
2931306,29313.06
2931393,29313.93
2931478,29314.78
2931563,29315.63
2931648,29316.48
2931734,29317.34
2931818,29318.18
2931903,29319.03
2931987,29319.87
2932073,29320.73
2932157,29321.57
2932242,29322.42
2932326,29323.26
2932410,29324.1
2932493,29324.93
2932575,29325.75
2932657,29326.57
2932740,29327.4
2932822,29328.22
2932902,29329.02
2932980,29329.8
2933057,29330.57
2933134,29331.34
2933212,29332.12
2933290,29332.9
2933367,29333.67
2933443,29334.43
2933521,29335.21
2933599,29335.99
2933676,29336.76
2933752,29337.52
2933829,29338.29
2933907,29339.07
2933987,29339.87
2934068,29340.68
2934148,29341.48
2934228,29342.28
2934309,29343.09
2934389,29343.89
2934472,29344.72
2934555,29345.55
2934637,29346.37
2934719,29347.19
2934802,29348.02
2934885,29348.85
2934968,29349.68
2935053,29350.53
2935138,29351.38
2935223,29352.23
2935308,29353.08
2935393,29353.93
2935478,29354.78
2935563,29355.63
2935647,29356.47
2935731,29357.31
2935814,29358.14
2935897,29358.97
2935980,29359.8
2936063,29360.63
2936145,29361.45
2936227,29362.27
2936309,29363.09
2936391,29363.91
2936472,29364.72
2936552,29365.52
2936630,29366.3
2936707,29367.07
2936784,29367.84
2936861,29368.61
2936939,29369.39
2937016,29370.16
2937094,29370.94
2937172,29371.72
2937252,29372.52
2937331,29373.31
2937408,29374.08
2937486,29374.86
2937564,29375.64
2937644,29376.44
2937724,29377.24
2937805,29378.05
2937888,29378.88
2937973,29379.73
2938059,29380.59
2938144,29381.44
2938230,29382.3
2938317,29383.17
2938404,29384.04
2938491,29384.91
2938579,29385.79
2938666,29386.66
2938753,29387.53
2938840,29388.4
2938925,29389.25
2939010,29390.1
2939094,29390.94
2939178,29391.78
2939261,29392.61
2939343,29393.43
2939425,29394.25
2939507,29395.07
2939588,29395.88
2939669,29396.69
2939749,29397.49
2939829,29398.29
2939908,29399.08
2939987,29399.87
2940064,29400.64
2940140,29401.4
2940217,29402.17
2940294,29402.94
2940372,29403.72
2940448,29404.48
2940524,29405.24
2940601,29406.01
2940676,29406.76
2940750,29407.5
2940823,29408.23
2940895,29408.95
2940967,29409.67
2941040,29410.4
2941113,29411.13
2941186,29411.86
2941260,29412.6
2941336,29413.36
2941414,29414.14
2941494,29414.94
2941578,29415.78
2941661,29416.61
2941745,29417.45
2941830,29418.3
2941913,29419.13
2941991,29419.91
2942068,29420.68
2942143,29421.43
2942217,29422.17
2942291,29422.91
2942364,29423.64
2942437,29424.37
2942509,29425.09
2942581,29425.81
2942656,29426.56
2942734,29427.34
2942817,29428.17
2942902,29429.02
2942990,29429.9
2943079,29430.79
2943167,29431.67
2943255,29432.55
2943343,29433.43
2943430,29434.3
2943518,29435.18
2943604,29436.04
2943690,29436.9
2943776,29437.76
2943861,29438.61
2943945,29439.45
2944029,29440.29
2944113,29441.13
2944196,29441.96
2944281,29442.81
2944364,29443.64
2944448,29444.48
2944530,29445.3
2944611,29446.11
2944689,29446.89
2944767,29447.67
2944844,29448.44
2944922,29449.22
2945000,29450.0
2945077,29450.77
2945155,29451.55
2945232,29452.32
2945310,29453.1
2945387,29453.87
2945464,29454.64
2945541,29455.41
2945618,29456.18
2945697,29456.97
2945777,29457.77
2945858,29458.58
2945940,29459.4
2946024,29460.24
2946111,29461.11
2946200,29462.0
2946290,29462.9
2946380,29463.8
2946469,29464.69
2946557,29465.57
2946645,29466.45
2946730,29467.3
2946815,29468.15
2946899,29468.99
2946982,29469.82
2947065,29470.65
2947148,29471.48
2947230,29472.3
2947314,29473.14
2947397,29473.97
2947480,29474.8
2947563,29475.63
2947645,29476.45
2947726,29477.26
2947807,29478.07
2947887,29478.87
2947967,29479.67
2948047,29480.47
2948126,29481.26
2948205,29482.05
2948286,29482.86
2948369,29483.69
2948449,29484.49
2948528,29485.28
2948608,29486.08
2948689,29486.89
2948769,29487.69
2948847,29488.47
2948925,29489.25
2949004,29490.04
2949083,29490.83
2949161,29491.61
2949239,29492.39
2949316,29493.16
2949392,29493.92
2949466,29494.66
2949538,29495.38
2949610,29496.1
2949681,29496.81
2949752,29497.52
2949822,29498.22
2949892,29498.92
2949963,29499.63
2950033,29500.33
2950104,29501.04
2950177,29501.77
2950252,29502.52
2950329,29503.29
2950408,29504.08
2950486,29504.86
2950564,29505.64
2950640,29506.4
2950715,29507.15
2950789,29507.89
2950861,29508.61
2950932,29509.32
2951001,29510.01
2951070,29510.7
2951139,29511.39
2951207,29512.07
2951275,29512.75
2951344,29513.44
2951413,29514.13
2951483,29514.83
2951552,29515.52
2951622,29516.22
2951690,29516.9
2951759,29517.59
2951829,29518.29
2951903,29519.03
2951979,29519.79
2952057,29520.57
2952137,29521.37
2952220,29522.2
2952304,29523.04
2952390,29523.9
2952477,29524.77
2952565,29525.65
2952653,29526.53
2952741,29527.41
2952829,29528.29
2952916,29529.16
2953002,29530.02
2953087,29530.87
2953171,29531.71
2953257,29532.57
2953343,29533.43
2953428,29534.28
2953510,29535.1
2953591,29535.91
2953673,29536.73
2953754,29537.54
2953834,29538.34
2953914,29539.14
2953993,29539.93
2954073,29540.73
2954152,29541.52
2954232,29542.32
2954311,29543.11
2954390,29543.9
2954468,29544.68
2954548,29545.48
2954628,29546.28
2954709,29547.09
2954790,29547.9
2954872,29548.72
2954954,29549.54
2955037,29550.37
2955120,29551.2
2955203,29552.03
2955286,29552.86
2955368,29553.68
2955451,29554.51
2955535,29555.35
2955618,29556.18
2955701,29557.01
2955783,29557.83
2955865,29558.65
2955948,29559.48
2956030,29560.3
2956111,29561.11
2956190,29561.9
2956269,29562.69
2956346,29563.46
2956425,29564.25
2956505,29565.05
2956585,29565.85
2956663,29566.63
2956741,29567.41
2956819,29568.19
2956894,29568.94
2956970,29569.7
2957045,29570.45
2957120,29571.2
2957196,29571.96
2957273,29572.73
2957353,29573.53
2957434,29574.34
2957514,29575.14
2957595,29575.95
2957678,29576.78
2957761,29577.61
2957845,29578.45
2957929,29579.29
2958015,29580.15
2958099,29580.99
2958185,29581.85
2958270,29582.7
2958355,29583.55
2958439,29584.39
2958523,29585.23
2958609,29586.09
2958695,29586.95
2958781,29587.81
2958867,29588.67
2958951,29589.51
2959035,29590.35
2959119,29591.19
2959202,29592.02
2959283,29592.83
2959364,29593.64
2959444,29594.44
2959522,29595.22
2959601,29596.01
2959678,29596.78
2959756,29597.56
2959834,29598.34
2959914,29599.14
2959993,29599.93
2960073,29600.73
2960151,29601.51
2960229,29602.29
2960305,29603.05
2960379,29603.79
2960453,29604.53
2960527,29605.27
2960602,29606.02
2960679,29606.79
2960758,29607.58
2960841,29608.41
2960928,29609.28
2961013,29610.13
2961099,29610.99
2961188,29611.88
2961277,29612.77
2961366,29613.66
2961456,29614.56
2961547,29615.47
2961638,29616.38
2961728,29617.28
2961817,29618.17
2961905,29619.05
2961994,29619.94
2962083,29620.83
2962171,29621.71
2962259,29622.59
2962347,29623.47
2962435,29624.35
2962522,29625.22
2962608,29626.08
2962692,29626.92
2962773,29627.73
2962854,29628.54
2962934,29629.34
2963013,29630.13
2963093,29630.93
2963175,29631.75
2963259,29632.59
2963340,29633.4
2963421,29634.21
2963503,29635.03
2963585,29635.85
2963666,29636.66
2963745,29637.45
2963824,29638.24
2963903,29639.03
2963984,29639.84
2964066,29640.66
2964147,29641.47
2964228,29642.28
2964312,29643.12
2964396,29643.96
2964482,29644.82
2964568,29645.68
2964654,29646.54
2964741,29647.41
2964829,29648.29
2964917,29649.17
2965005,29650.05
2965092,29650.92
2965179,29651.79
2965266,29652.66
2965352,29653.52
2965437,29654.37
2965522,29655.22
2965606,29656.06
2965689,29656.89
2965772,29657.72
2965854,29658.54
2965936,29659.36
2966020,29660.2
2966104,29661.04
2966187,29661.87
2966269,29662.69
2966349,29663.49
2966429,29664.29
2966508,29665.08
2966585,29665.85
2966663,29666.63
2966743,29667.43
2966823,29668.23
2966901,29669.01
2966980,29669.8
2967060,29670.6
2967139,29671.39
2967218,29672.18
2967297,29672.97
2967375,29673.75
2967454,29674.54
2967533,29675.33
2967610,29676.1
2967686,29676.86
2967762,29677.62
2967837,29678.37
2967912,29679.12
2967986,29679.86
2968061,29680.61
2968136,29681.36
2968211,29682.11
2968288,29682.88
2968365,29683.65
2968441,29684.41
2968517,29685.17
2968593,29685.93
2968670,29686.7
2968748,29687.48
2968826,29688.26
2968906,29689.06
2968986,29689.86
2969067,29690.67
2969147,29691.47
2969227,29692.27
2969307,29693.07
2969387,29693.87
2969469,29694.69
2969552,29695.52
2969636,29696.36
2969722,29697.22
2969807,29698.07
2969892,29698.92
2969978,29699.78
2970064,29700.64
2970149,29701.49
2970233,29702.33
2970319,29703.19
2970402,29704.02
2970485,29704.85
2970565,29705.65
2970645,29706.45
2970724,29707.24
2970802,29708.02
2970882,29708.82
2970962,29709.62
2971042,29710.42
2971120,29711.2
2971198,29711.98
2971277,29712.77
2971355,29713.55
2971431,29714.31
2971505,29715.05
2971578,29715.78
2971651,29716.51
2971724,29717.24
2971798,29717.98
2971875,29718.75
2971955,29719.55
2972038,29720.38
2972118,29721.18
2972198,29721.98
2972276,29722.76
2972355,29723.55
2972433,29724.33
2972510,29725.1
2972589,29725.89
2972668,29726.68
2972747,29727.47
2972827,29728.27
2972907,29729.07
2972987,29729.87
2973065,29730.65
2973143,29731.43
2973222,29732.22
2973300,29733.0
2973379,29733.79
2973458,29734.58
2973537,29735.37
2973616,29736.16
2973695,29736.95
2973774,29737.74
2973852,29738.52
2973929,29739.29
2974007,29740.07
2974083,29740.83
2974159,29741.59
2974236,29742.36
2974313,29743.13
2974389,29743.89
2974467,29744.67
2974544,29745.44
2974621,29746.21
2974699,29746.99
2974775,29747.75
2974851,29748.51
2974925,29749.25
2975000,29750.0
2975072,29750.72
2975144,29751.44
2975215,29752.15
2975285,29752.85
2975354,29753.54
2975424,29754.24
2975493,29754.93
2975566,29755.66
2975640,29756.4
2975717,29757.17
2975798,29757.98
2975883,29758.83
2975968,29759.68
2976054,29760.54
2976141,29761.41
2976227,29762.27
2976313,29763.13
2976399,29763.99
2976484,29764.84
2976569,29765.69
2976654,29766.54
2976739,29767.39
2976824,29768.24
2976909,29769.09
2976996,29769.96
2977081,29770.81
2977168,29771.68
2977253,29772.53
2977338,29773.38
2977424,29774.24
2977508,29775.08
2977592,29775.92
2977672,29776.72
2977751,29777.51
2977829,29778.29
2977907,29779.07
2977985,29779.85
2978063,29780.63
2978140,29781.4
2978218,29782.18
2978296,29782.96
2978374,29783.74
2978451,29784.51
2978527,29785.27
2978604,29786.04
2978683,29786.83
2978762,29787.62
2978842,29788.42
2978922,29789.22
2979002,29790.02
2979084,29790.84
2979166,29791.66
2979250,29792.5
2979334,29793.34
2979419,29794.19
2979504,29795.04
2979590,29795.9
2979677,29796.77
2979764,29797.64
2979849,29798.49
2979933,29799.33
2980017,29800.17
2980099,29800.99
2980181,29801.81
2980262,29802.62
2980343,29803.43
2980424,29804.24
2980505,29805.05
2980584,29805.84
2980662,29806.62
2980739,29807.39
2980818,29808.18
2980899,29808.99
2980980,29809.8
2981059,29810.59
2981138,29811.38
2981218,29812.18
2981299,29812.99
2981380,29813.8
2981457,29814.57
2981534,29815.34
2981612,29816.12
2981688,29816.88
2981764,29817.64
2981838,29818.38
2981910,29819.1
2981982,29819.82
2982054,29820.54
2982127,29821.27
2982201,29822.01
2982276,29822.76
2982355,29823.55
2982434,29824.34
2982515,29825.15
2982600,29826.0
2982689,29826.89
2982778,29827.78
2982867,29828.67
2982954,29829.54
2983040,29830.4
2983127,29831.27
2983212,29832.12
2983298,29832.98
2983383,29833.83
2983469,29834.69
2983554,29835.54
2983639,29836.39
2983725,29837.25
2983811,29838.11
2983896,29838.96
2983981,29839.81
2984066,29840.66
2984152,29841.52
2984236,29842.36
2984321,29843.21
2984405,29844.05
2984489,29844.89
2984573,29845.73
2984656,29846.56
2984738,29847.38
2984818,29848.18
2984898,29848.98
2984975,29849.75
2985052,29850.52
2985129,29851.29
2985210,29852.1
2985292,29852.92
2985372,29853.72
2985452,29854.52
2985534,29855.34
2985615,29856.15
2985694,29856.94
2985772,29857.72
2985849,29858.49
2985929,29859.29
2986010,29860.1
2986091,29860.91
2986172,29861.72
2986257,29862.57
2986341,29863.41
2986428,29864.28
2986515,29865.15
2986601,29866.01
2986687,29866.87
2986774,29867.74
2986859,29868.59
2986945,29869.45
2987031,29870.31
2987118,29871.18
2987205,29872.05
2987292,29872.92
2987375,29873.75
2987456,29874.56
2987535,29875.35
2987611,29876.11
2987686,29876.86
2987760,29877.6
2987838,29878.38
2987919,29879.19
2988000,29880.0
2988084,29880.84
2988169,29881.69
2988257,29882.57
2988345,29883.45
2988432,29884.32
2988520,29885.2
2988606,29886.06
2988689,29886.89
2988771,29887.71
2988852,29888.52
2988934,29889.34
2989016,29890.16
2989098,29890.98
2989179,29891.79
2989260,29892.6
2989342,29893.42
2989424,29894.24
2989506,29895.06
2989587,29895.87
2989666,29896.66
2989743,29897.43
2989820,29898.2
2989897,29898.97
2989974,29899.74
2990050,29900.5
2990128,29901.28
2990206,29902.06
2990286,29902.86
2990367,29903.67
2990448,29904.48
2990531,29905.31
2990616,29906.16
2990702,29907.02
2990790,29907.9
2990877,29908.77
2990965,29909.65
2991052,29910.52
2991138,29911.38
2991225,29912.25
2991310,29913.1
2991396,29913.96
2991481,29914.81
2991566,29915.66
2991651,29916.51
2991734,29917.34
2991816,29918.16
2991898,29918.98
2991979,29919.79
2992059,29920.59
2992138,29921.38
2992217,29922.17
2992296,29922.96
2992376,29923.76
2992458,29924.58
2992541,29925.41
2992621,29926.21
2992701,29927.01
2992780,29927.8
2992861,29928.61
2992942,29929.42
2993020,29930.2
2993098,29930.98
2993174,29931.74
2993249,29932.49
2993325,29933.25
2993399,29933.99
2993472,29934.72
2993544,29935.44
2993616,29936.16
2993687,29936.87
2993759,29937.59
2993833,29938.33
2993907,29939.07
2993982,29939.82
2994059,29940.59
2994140,29941.4
2994226,29942.26
2994315,29943.15
2994403,29944.03
2994493,29944.93
2994584,29945.84
2994674,29946.74
2994763,29947.63
2994852,29948.52
2994941,29949.41
2995031,29950.31
2995120,29951.2
2995210,29952.1
2995299,29952.99
2995388,29953.88
2995476,29954.76
2995565,29955.65
2995652,29956.52
2995740,29957.4
2995827,29958.27
2995913,29959.13
2995999,29959.99
2996084,29960.84
2996169,29961.69
2996256,29962.56
2996342,29963.42
2996426,29964.26
2996511,29965.11
2996594,29965.94
2996677,29966.77
2996759,29967.59
2996839,29968.39
2996919,29969.19
2996997,29969.97
2997076,29970.76
2997157,29971.57
2997238,29972.38
2997318,29973.18
2997397,29973.97
2997478,29974.78
2997559,29975.59
2997641,29976.41
2997720,29977.2
2997799,29977.99
2997880,29978.8
2997962,29979.62
2998046,29980.46
2998129,29981.29
2998214,29982.14
2998304,29983.04
2998395,29983.95
2998488,29984.88
2998581,29985.81
2998673,29986.73
2998764,29987.64
2998855,29988.55
2998945,29989.45
2999034,29990.34
2999122,29991.22
2999209,29992.09
2999295,29992.95
2999380,29993.8
2999464,29994.64
2999547,29995.47
2999630,29996.3
2999712,29997.12
2999794,29997.94
2999875,29998.75
2999956,29999.56
3000037,30000.37
3000117,30001.17
3000197,30001.97
3000277,30002.77
3000355,30003.55
3000437,30004.37
3000519,30005.19
3000603,30006.03
3000684,30006.84
3000763,30007.63
3000841,30008.41
3000920,30009.2
3000999,30009.99
3001077,30010.77
3001155,30011.55
3001232,30012.32
3001310,30013.1
3001388,30013.88
3001466,30014.66
3001544,30015.44
3001623,30016.23
3001704,30017.04
3001787,30017.87
3001870,30018.7
3001956,30019.56
3002044,30020.44
3002136,30021.36
3002229,30022.29
3002321,30023.21
3002411,30024.11
3002501,30025.01
3002590,30025.9
3002677,30026.77
3002764,30027.64
3002851,30028.51
3002937,30029.37
3003022,30030.22
3003108,30031.08
3003194,30031.94
3003279,30032.79
3003365,30033.65
3003450,30034.5
3003535,30035.35
3003618,30036.18
3003701,30037.01
3003782,30037.82
3003861,30038.61
3003941,30039.41
3004022,30040.22
3004105,30041.05
3004187,30041.87
3004269,30042.69
3004348,30043.48
3004427,30044.27
3004506,30045.06
3004586,30045.86
3004669,30046.69
3004753,30047.53
3004836,30048.36
3004916,30049.16
3004998,30049.98
3005080,30050.8
3005160,30051.6
3005239,30052.39
3005317,30053.17
3005394,30053.94
3005472,30054.72
3005550,30055.5
3005626,30056.26
3005702,30057.02
3005777,30057.77
3005852,30058.52
3005925,30059.25
3005996,30059.96
3006067,30060.67
3006137,30061.37
3006208,30062.08
3006281,30062.81
3006357,30063.57
3006441,30064.41
3006524,30065.24
3006605,30066.05
3006686,30066.86
3006768,30067.68
3006850,30068.5
3006932,30069.32
3007011,30070.11
3007089,30070.89
3007165,30071.65
3007239,30072.39
3007314,30073.14
3007387,30073.87
3007460,30074.6
3007533,30075.33
3007606,30076.06
3007678,30076.78
3007749,30077.49
3007821,30078.21
3007894,30078.94
3007970,30079.7
3008047,30080.47
3008126,30081.26
3008205,30082.05
3008284,30082.84
3008363,30083.63
3008438,30084.38
3008512,30085.12
3008586,30085.86
3008661,30086.61
3008737,30087.37
3008816,30088.16
3008900,30089.0
3008986,30089.86
3009077,30090.77
3009167,30091.67
3009259,30092.59
3009350,30093.5
3009439,30094.39
3009528,30095.28
3009618,30096.18
3009710,30097.1
3009800,30098.0
3009889,30098.89
3009979,30099.79
3010068,30100.68
3010157,30101.57
3010245,30102.45
3010332,30103.32
3010419,30104.19
3010504,30105.04
3010585,30105.85
3010664,30106.64
3010742,30107.42
3010822,30108.22
3010905,30109.05
3010989,30109.89
3011072,30110.72
3011153,30111.53
3011236,30112.36
3011319,30113.19
3011402,30114.02
3011485,30114.85
3011566,30115.66
3011651,30116.51
3011737,30117.37
3011825,30118.25
3011913,30119.13
