sample,time_sec
30110,301.1
30369,303.69
30491,304.91
30625,306.25
30748,307.48
42410,424.1
48272,482.72
54134,541.34
54211,542.11
54257,542.57
54363,543.63
54469,544.69
54551,545.51
54659,546.59
54769,547.69
54873,548.73
54973,549.73
55079,550.79
55187,551.87
55293,552.93
55405,554.05
55517,555.17
55620,556.2
55719,557.19
55820,558.2
55914,559.14
56007,560.07
56129,561.29
56249,562.49
56348,563.48
56442,564.42
56528,565.28
56612,566.12
56707,567.07
56823,568.23
56936,569.36
57049,570.49
57105,571.05
57157,571.57
57248,572.48
57344,573.44
57445,574.45
57539,575.39
57632,576.32
57720,577.2
57763,577.63
57808,578.08
57898,578.98
57989,579.89
58092,580.92
58173,581.73
58224,582.24
58257,582.57
58318,583.18
58375,583.75
58454,584.54
58551,585.51
58637,586.37
58724,587.24
59122,591.22
59361,593.61
59601,596.01
59642,596.42
59687,596.87
59771,597.71
59822,598.22
59862,598.62
59934,599.34
60006,600.06
60080,600.8
60155,601.55
60261,602.61
60362,603.62
60460,604.6
60563,605.63
60664,606.64
60763,607.63
60829,608.29
60896,608.96
60946,609.46
60997,609.97
61062,610.62
61127,611.27
61206,612.06
61285,612.85
61360,613.6
61474,614.74
61588,615.88
61690,616.9
61784,617.84
61887,618.87
61990,619.9
62081,620.81
62174,621.74
62266,622.66
62356,623.56
62441,624.41
62532,625.32
62615,626.15
62693,626.93
62780,627.8
62905,629.05
63017,630.17
63122,631.22
63230,632.3
63335,633.35
63426,634.26
63522,635.22
63623,636.23
63720,637.2
63825,638.25
63948,639.48
64056,640.56
64164,641.64
64279,642.79
64390,643.9
64506,645.06
64618,646.18
64721,647.21
64832,648.32
64944,649.44
65046,650.46
65150,651.5
65256,652.56
65356,653.56
65458,654.58
65562,655.62
65662,656.62
65756,657.56
65854,658.54
65953,659.53
66045,660.45
66146,661.46
66246,662.46
66337,663.37
66438,664.38
66541,665.41
66638,666.38
66739,667.39
66847,668.47
66950,669.5
67048,670.48
67147,671.47
67243,672.43
67332,673.32
67432,674.32
67529,675.29
67614,676.14
67701,677.01
67787,677.87
67871,678.71
67976,679.76
68088,680.88
68191,681.91
68293,682.93
68393,683.93
68485,684.85
68579,685.79
68678,686.78
68775,687.75
68876,688.76
68980,689.8
69070,690.7
69155,691.55
69243,692.43
69337,693.37
69430,694.3
69537,695.37
69647,696.47
69754,697.54
69858,698.58
69962,699.62
70063,700.63
70160,701.6
70262,702.62
70362,703.62
70473,704.73
70587,705.87
70691,706.91
70802,708.02
70910,709.1
71009,710.09
71111,711.11
71215,712.15
71317,713.17
71421,714.21
71526,715.26
71628,716.28
71733,717.33
71835,718.35
71936,719.36
72041,720.41
72145,721.45
72250,722.5
72354,723.54
72453,724.53
72553,725.53
72654,726.54
72750,727.5
72855,728.55
72958,729.58
73062,730.62
73170,731.7
73272,732.72
73376,733.76
73475,734.75
73570,735.7
73662,736.62
73762,737.62
73865,738.65
73964,739.64
74074,740.74
74182,741.82
74281,742.81
74394,743.94
74506,745.06
74611,746.11
74718,747.18
74816,748.16
74908,749.08
74996,749.96
75103,751.03
75211,752.11
75320,753.2
75426,754.26
75520,755.2
75611,756.11
75713,757.13
75811,758.11
75914,759.14
76015,760.15
76102,761.02
76192,761.92
76288,762.88
76410,764.1
76528,765.28
76644,766.44
76757,767.57
76864,768.64
76955,769.55
77048,770.48
77155,771.55
77281,772.81
77398,773.98
77500,775.0
77603,776.03
77704,777.04
77800,778.0
77895,778.95
77995,779.95
78103,781.03
78214,782.14
78313,783.13
78411,784.11
78516,785.16
78629,786.29
78736,787.36
78833,788.33
78934,789.34
79044,790.44
79162,791.62
79264,792.64
79369,793.69
79478,794.78
79578,795.78
79686,796.86
79774,797.74
79854,798.54
79940,799.4
80044,800.44
80171,801.71
80291,802.91
80409,804.09
80527,805.27
80641,806.41
80745,807.45
80845,808.45
80945,809.45
81054,810.54
81174,811.74
81292,812.92
81393,813.93
81491,814.91
81592,815.92
81711,817.11
81832,818.32
81947,819.47
82055,820.55
82161,821.61
82262,822.62
82366,823.66
82469,824.69
82567,825.67
82674,826.74
82792,827.92
82902,829.02
83004,830.04
83103,831.03
83193,831.93
83282,832.82
83364,833.64
83445,834.45
83522,835.22
83608,836.08
83696,836.96
83774,837.74
83853,838.53
83939,839.39
84024,840.24
84125,841.25
84229,842.29
84332,843.32
84429,844.29
84531,845.31
84636,846.36
84743,847.43
84849,848.49
84948,849.48
85047,850.47
85153,851.53
85270,852.7
85378,853.78
85484,854.84
85590,855.9
85687,856.87
85787,857.87
85889,858.89
85992,859.92
86084,860.84
86174,861.74
86264,862.64
86359,863.59
86462,864.62
86565,865.65
86684,866.84
86797,867.97
86898,868.98
86995,869.95
87088,870.88
87175,871.75
87269,872.69
87376,873.76
87468,874.68
87554,875.54
87648,876.48
87750,877.5
87852,878.52
87965,879.65
88067,880.67
88166,881.66
88268,882.68
88370,883.7
88477,884.77
88556,885.56
88605,886.05
88655,886.55
88706,887.06
88811,888.11
88922,889.22
89036,890.36
89143,891.43
89252,892.52
89352,893.52
89446,894.46
89544,895.44
89655,896.55
89760,897.6
89865,898.65
89975,899.75
90078,900.78
90182,901.82
90286,902.86
90381,903.81
90482,904.82
90584,905.84
90686,906.86
90786,907.86
90898,908.98
91009,910.09
91112,911.12
91215,912.15
91317,913.17
91410,914.1
91503,915.03
91597,915.97
91694,916.94
91788,917.88
91901,919.01
92013,920.13
92114,921.14
92215,922.15
92314,923.14
92405,924.05
92499,924.99
92599,925.99
92701,927.01
92795,927.95
92903,929.03
93015,930.15
93119,931.19
93222,932.22
93321,933.21
93413,934.13
93512,935.12
93615,936.15
93712,937.12
93805,938.05
93901,939.01
93993,939.93
94087,940.87
94188,941.88
94290,942.9
94386,943.86
94483,944.83
94573,945.73
94671,946.71
94773,947.73
94870,948.7
94969,949.69
95075,950.75
95182,951.82
95287,952.87
95395,953.95
95502,955.02
95600,956.0
95702,957.02
95812,958.12
95916,959.16
96016,960.16
96124,961.24
96233,962.33
96341,963.41
96441,964.41
96548,965.48
96652,966.52
96749,967.49
96846,968.46
96941,969.41
97044,970.44
97156,971.56
97255,972.55
97355,973.55
97460,974.6
97557,975.57
97653,976.53
97741,977.41
97832,978.32
97930,979.3
98035,980.35
98138,981.38
98242,982.42
98349,983.49
98449,984.49
98545,985.45
98640,986.4
98741,987.41
98834,988.34
98935,989.35
99039,990.39
99150,991.5
99259,992.59
99366,993.66
99471,994.71
99572,995.72
99671,996.71
99774,997.74
99880,998.8
99982,999.82
100088,1000.88
100202,1002.02
100304,1003.04
100401,1004.01
100498,1004.98
100591,1005.91
100693,1006.93
100814,1008.14
100935,1009.35
101046,1010.46
101157,1011.57
101256,1012.56
101351,1013.51
101453,1014.53
101556,1015.56
101653,1016.53
101758,1017.58
101866,1018.66
101971,1019.71
102083,1020.83
102197,1021.97
102298,1022.98
102398,1023.98
102497,1024.97
102591,1025.91
102699,1026.99
102822,1028.22
102937,1029.37
103031,1030.31
103122,1031.22
103204,1032.04
103282,1032.82
103363,1033.63
103452,1034.52
103548,1035.48
103652,1036.52
103757,1037.57
103854,1038.54
103953,1039.53
104046,1040.46
104138,1041.38
104232,1042.32
104329,1043.29
104421,1044.21
104519,1045.19
104626,1046.26
104729,1047.29
104826,1048.26
104926,1049.26
105036,1050.36
105146,1051.46
105252,1052.52
105361,1053.61
105464,1054.64
105555,1055.55
105644,1056.44
105729,1057.29
105812,1058.12
105890,1058.9
105968,1059.68
106044,1060.44
106118,1061.18
106179,1061.79
106245,1062.45
106323,1063.23
106406,1064.06
106516,1065.16
106627,1066.27
106735,1067.35
106839,1068.39
106938,1069.38
107033,1070.33
107132,1071.32
107238,1072.38
107341,1073.41
107451,1074.51
107561,1075.61
107662,1076.62
107766,1077.66
107872,1078.72
107972,1079.72
108067,1080.67
108168,1081.68
108268,1082.68
108361,1083.61
108462,1084.62
108572,1085.72
108680,1086.8
108790,1087.9
108898,1088.98
108999,1089.99
109099,1090.99
109207,1092.07
109301,1093.01
109396,1093.96
109489,1094.89
109582,1095.82
109670,1096.7
109766,1097.66
109867,1098.67
109954,1099.54
110048,1100.48
110167,1101.67
110291,1102.91
110404,1104.04
110514,1105.14
110626,1106.26
110732,1107.32
110842,1108.42
110958,1109.58
111065,1110.65
111169,1111.69
111287,1112.87
111405,1114.05
111510,1115.1
111615,1116.15
111730,1117.3
111854,1118.54
111970,1119.7
112080,1120.8
112192,1121.92
112306,1123.06
112414,1124.14
112520,1125.2
112638,1126.38
112764,1127.64
112866,1128.66
112969,1129.69
113089,1130.89
113210,1132.1
113320,1133.2
113428,1134.28
113536,1135.36
113642,1136.42
113743,1137.43
113850,1138.5
113963,1139.63
114072,1140.72
114182,1141.82
114298,1142.98
114409,1144.09
114517,1145.17
114628,1146.28
114741,1147.41
114848,1148.48
114954,1149.54
115075,1150.75
115192,1151.92
115306,1153.06
115424,1154.24
115538,1155.38
115640,1156.4
115745,1157.45
115852,1158.52
115957,1159.57
116053,1160.53
116150,1161.5
116248,1162.48
116348,1163.48
116449,1164.49
116569,1165.69
116690,1166.9
116803,1168.03
116918,1169.18
117033,1170.33
117139,1171.39
117242,1172.42
117346,1173.46
117446,1174.46
117548,1175.48
117641,1176.41
117735,1177.35
117829,1178.29
117915,1179.15
118008,1180.08
118104,1181.04
118203,1182.03
118299,1182.99
118404,1184.04
118504,1185.04
118600,1186.0
118696,1186.96
118787,1187.87
118878,1188.78
118975,1189.75
119077,1190.77
119179,1191.79
119285,1192.85
119395,1193.95
119501,1195.01
119609,1196.09
119721,1197.21
119826,1198.26
119922,1199.22
120022,1200.22
120133,1201.33
120245,1202.45
120362,1203.62
120479,1204.79
120590,1205.9
120704,1207.04
120822,1208.22
120938,1209.38
121044,1210.44
121154,1211.54
121270,1212.7
121368,1213.68
121467,1214.67
121574,1215.74
121699,1216.99
121817,1218.17
121930,1219.3
122038,1220.38
122141,1221.41
122239,1222.39
122344,1223.44
122461,1224.61
122576,1225.76
122687,1226.87
122802,1228.02
122916,1229.16
123019,1230.19
123126,1231.26
123237,1232.37
123338,1233.38
123443,1234.43
123549,1235.49
123642,1236.42
123735,1237.35
123828,1238.28
123922,1239.22
124026,1240.26
124125,1241.25
124227,1242.27
124329,1243.29
124427,1244.27
124518,1245.18
124608,1246.08
124697,1246.97
124790,1247.9
124882,1248.82
124974,1249.74
125073,1250.73
125166,1251.66
125252,1252.52
125345,1253.45
125448,1254.48
125544,1255.44
125638,1256.38
125736,1257.36
125839,1258.39
125937,1259.37
126037,1260.37
126138,1261.38
126232,1262.32
126330,1263.3
126438,1264.38
126545,1265.45
126647,1266.47
126755,1267.55
126862,1268.62
126966,1269.66
127068,1270.68
127162,1271.62
127243,1272.43
127324,1273.24
127400,1274.0
127488,1274.88
127614,1276.14
127726,1277.26
127835,1278.35
127949,1279.49
128061,1280.61
128163,1281.63
128260,1282.6
128363,1283.63
128476,1284.76
128584,1285.84
128701,1287.01
128814,1288.14
128921,1289.21
129029,1290.29
129139,1291.39
129232,1292.32
129314,1293.14
129396,1293.96
129490,1294.9
129616,1296.16
129733,1297.33
129844,1298.44
129946,1299.46
130031,1300.31
130113,1301.13
130229,1302.29
130342,1303.42
130456,1304.56
130570,1305.7
130677,1306.77
130769,1307.69
130850,1308.5
130936,1309.36
131054,1310.54
131168,1311.68
131280,1312.8
131393,1313.93
131506,1315.06
131620,1316.2
131732,1317.32
131843,1318.43
131944,1319.44
132048,1320.48
132156,1321.56
132265,1322.65
132373,1323.73
132480,1324.8
132587,1325.87
132695,1326.95
132799,1327.99
132900,1329.0
132990,1329.9
133071,1330.71
133150,1331.5
133242,1332.42
133363,1333.63
133482,1334.82
133600,1336.0
133715,1337.15
133829,1338.29
133941,1339.41
134050,1340.5
134159,1341.59
134263,1342.63
134366,1343.66
134467,1344.67
134567,1345.67
134669,1346.69
134769,1347.69
134868,1348.68
134966,1349.66
135063,1350.63
135161,1351.61
135259,1352.59
135357,1353.57
135454,1354.54
135552,1355.52
135650,1356.5
135750,1357.5
135851,1358.51
135951,1359.51
136052,1360.52
136154,1361.54
136255,1362.55
136359,1363.59
136462,1364.62
136564,1365.64
136666,1366.66
136767,1367.67
136867,1368.67
136969,1369.69
137073,1370.73
137178,1371.78
137284,1372.84
137390,1373.9
137496,1374.96
137601,1376.01
137707,1377.07
137816,1378.16
137924,1379.24
138029,1380.29
138135,1381.35
138244,1382.44
138355,1383.55
138465,1384.65
138575,1385.75
138673,1386.73
138760,1387.6
138842,1388.42
138921,1389.21
138998,1389.98
139076,1390.76
139150,1391.5
139260,1392.6
139371,1393.71
139474,1394.74
139581,1395.81
139682,1396.82
139785,1397.85
139880,1398.8
139968,1399.68
140052,1400.52
140135,1401.35
140217,1402.17
140305,1403.05
140395,1403.95
140482,1404.82
140561,1405.61
140645,1406.45
140730,1407.3
140823,1408.23
140907,1409.07
140994,1409.94
141079,1410.79
141170,1411.7
141257,1412.57
141338,1413.38
141418,1414.18
141503,1415.03
141586,1415.86
141676,1416.76
141771,1417.71
141864,1418.64
141948,1419.48
142028,1420.28
142106,1421.06
142185,1421.85
142263,1422.63
142343,1423.43
142427,1424.27
142508,1425.08
142587,1425.87
142657,1426.57
142727,1427.27
142812,1428.12
142897,1428.97
142975,1429.75
143058,1430.58
143141,1431.41
143224,1432.24
143309,1433.09
143397,1433.97
143485,1434.85
143579,1435.79
143670,1436.7
143767,1437.67
143839,1438.39
143914,1439.14
143986,1439.86
144048,1440.48
144110,1441.1
144222,1442.22
144334,1443.34
144439,1444.39
144545,1445.45
144652,1446.52
144760,1447.6
144859,1448.59
144949,1449.49
145036,1450.36
145117,1451.17
145203,1452.03
145305,1453.05
145404,1454.04
145494,1454.94
145578,1455.78
145668,1456.68
145760,1457.6
145850,1458.5
145940,1459.4
146028,1460.28
146112,1461.12
146193,1461.93
146278,1462.78
146364,1463.64
146454,1464.54
146545,1465.45
146637,1466.37
146727,1467.27
146812,1468.12
146898,1468.98
146983,1469.83
147070,1470.7
147158,1471.58
147239,1472.39
147319,1473.19
147398,1473.98
147481,1474.81
147572,1475.72
147662,1476.62
147751,1477.51
147834,1478.34
147922,1479.22
148004,1480.04
148082,1480.82
148166,1481.66
148245,1482.45
148323,1483.23
148399,1483.99
148475,1484.75
148550,1485.5
148631,1486.31
148709,1487.09
148788,1487.88
148877,1488.77
148969,1489.69
149066,1490.66
149161,1491.61
149255,1492.55
149346,1493.46
149438,1494.38
149527,1495.27
149623,1496.23
149725,1497.25
149827,1498.27
149931,1499.31
150036,1500.36
150140,1501.4
150237,1502.37
150334,1503.34
150429,1504.29
150517,1505.17
150614,1506.14
150734,1507.34
150849,1508.49
150957,1509.57
151066,1510.66
151173,1511.73
151274,1512.74
151373,1513.73
151467,1514.67
151565,1515.65
151650,1516.5
151739,1517.39
151829,1518.29
151922,1519.22
152021,1520.21
152111,1521.11
152203,1522.03
152294,1522.94
152386,1523.86
152476,1524.76
152574,1525.74
152663,1526.63
152757,1527.57
152846,1528.46
152949,1529.49
153051,1530.51
153149,1531.49
153250,1532.5
153348,1533.48
153439,1534.39
153536,1535.36
153637,1536.37
153738,1537.38
153836,1538.36
153931,1539.31
154023,1540.23
154111,1541.11
154189,1541.89
154269,1542.69
154349,1543.49
154434,1544.34
154518,1545.18
154595,1545.95
154678,1546.78
154765,1547.65
154847,1548.47
154935,1549.35
155019,1550.19
155101,1551.01
155185,1551.85
155272,1552.72
155373,1553.73
155467,1554.67
155569,1555.69
155679,1556.79
155789,1557.89
155883,1558.83
155975,1559.75
156067,1560.67
156158,1561.58
156249,1562.49
156335,1563.35
156418,1564.18
156511,1565.11
156624,1566.24
156729,1567.29
156830,1568.3
156924,1569.24
157012,1570.12
157106,1571.06
157197,1571.97
157288,1572.88
157371,1573.71
157458,1574.58
157542,1575.42
157644,1576.44
157747,1577.47
157845,1578.45
157943,1579.43
158033,1580.33
158119,1581.19
158197,1581.97
158274,1582.74
158352,1583.52
158431,1584.31
158516,1585.16
158602,1586.02
158692,1586.92
158788,1587.88
158879,1588.79
158973,1589.73
159064,1590.64
159146,1591.46
159228,1592.28
159309,1593.09
159393,1593.93
159479,1594.79
159573,1595.73
159664,1596.64
159762,1597.62
159862,1598.62
159958,1599.58
160058,1600.58
160159,1601.59
160259,1602.59
160348,1603.48
160446,1604.46
160549,1605.49
160653,1606.53
160757,1607.57
160859,1608.59
160959,1609.59
161061,1610.61
161163,1611.63
161260,1612.6
161346,1613.46
161437,1614.37
161531,1615.31
161635,1616.35
161737,1617.37
161828,1618.28
161910,1619.1
161989,1619.89
162076,1620.76
162173,1621.73
162274,1622.74
162379,1623.79
162482,1624.82
162585,1625.85
162686,1626.86
162789,1627.89
162882,1628.82
162976,1629.76
163072,1630.72
163172,1631.72
163264,1632.64
163360,1633.6
163460,1634.6
163559,1635.59
163651,1636.51
163745,1637.45
163840,1638.4
163940,1639.4
164030,1640.3
164125,1641.25
164226,1642.26
164321,1643.21
164420,1644.2
164522,1645.22
164622,1646.22
164714,1647.14
164811,1648.11
164907,1649.07
165000,1650.0
165101,1651.01
165200,1652.0
165296,1652.96
165393,1653.93
165492,1654.92
165588,1655.88
165681,1656.81
165782,1657.82
165887,1658.87
165991,1659.91
166095,1660.95
166201,1662.01
166306,1663.06
166404,1664.04
166504,1665.04
166611,1666.11
166721,1667.21
166824,1668.24
166931,1669.31
167038,1670.38
167140,1671.4
167246,1672.46
167352,1673.52
167457,1674.57
167554,1675.54
167654,1676.54
167761,1677.61
167872,1678.72
167969,1679.69
168059,1680.59
168153,1681.53
168262,1682.62
168371,1683.71
168483,1684.83
168600,1686.0
168712,1687.12
168817,1688.17
168920,1689.2
169016,1690.16
169108,1691.08
169207,1692.07
169314,1693.14
169426,1694.26
169540,1695.4
169655,1696.55
169760,1697.6
169860,1698.6
169960,1699.6
170059,1700.59
170154,1701.54
170255,1702.55
170363,1703.63
170472,1704.72
170582,1705.82
170695,1706.95
170801,1708.01
170907,1709.07
171017,1710.17
171121,1711.21
171217,1712.17
171315,1713.15
171424,1714.24
171527,1715.27
171625,1716.25
171734,1717.34
171854,1718.54
171967,1719.67
172073,1720.73
172186,1721.86
172303,1723.03
172412,1724.12
172523,1725.23
172637,1726.37
172751,1727.51
172858,1728.58
172967,1729.67
173078,1730.78
173188,1731.88
173296,1732.96
173406,1734.06
173517,1735.17
173620,1736.2
173726,1737.26
173838,1738.38
173945,1739.45
174043,1740.43
174144,1741.44
174251,1742.51
174353,1743.53
174450,1744.5
174558,1745.58
174669,1746.69
174776,1747.76
174884,1748.84
174992,1749.92
175090,1750.9
175186,1751.86
175300,1753.0
175424,1754.24
175542,1755.42
175661,1756.61
175775,1757.75
175883,1758.83
175989,1759.89
176092,1760.92
176198,1761.98
176303,1763.03
176408,1764.08
176519,1765.19
176631,1766.31
176737,1767.37
176843,1768.43
176954,1769.54
177063,1770.63
177165,1771.65
177259,1772.59
177353,1773.53
177447,1774.47
177543,1775.43
177649,1776.49
177769,1777.69
177889,1778.89
177999,1779.99
178110,1781.1
178220,1782.2
178328,1783.28
178435,1784.35
178542,1785.42
178646,1786.46
178751,1787.51
178857,1788.57
178965,1789.65
179071,1790.71
179177,1791.77
179285,1792.85
179391,1793.91
179495,1794.95
179602,1796.02
179709,1797.09
179814,1798.14
179920,1799.2
180029,1800.29
180137,1801.37
180243,1802.43
180349,1803.49
180458,1804.58
180566,1805.66
180673,1806.73
180784,1807.84
180896,1808.96
181004,1810.04
181115,1811.15
181229,1812.29
181338,1813.38
181443,1814.43
181552,1815.52
181661,1816.61
181769,1817.69
181877,1818.77
181985,1819.85
182091,1820.91
182194,1821.94
182300,1823.0
182409,1824.09
182516,1825.16
182621,1826.21
182731,1827.31
182841,1828.41
182949,1829.49
183057,1830.57
183166,1831.66
183275,1832.75
183379,1833.79
183480,1834.8
183587,1835.87
183690,1836.9
183793,1837.93
183906,1839.06
184021,1840.21
184129,1841.29
184234,1842.34
184346,1843.46
184458,1844.58
184562,1845.62
184665,1846.65
184767,1847.67
184869,1848.69
184965,1849.65
185066,1850.66
185184,1851.84
185303,1853.03
185410,1854.1
185519,1855.19
185626,1856.26
185731,1857.31
185834,1858.34
185942,1859.42
186051,1860.51
186157,1861.57
186264,1862.64
186375,1863.75
186483,1864.83
186587,1865.87
186693,1866.93
186802,1868.02
186909,1869.09
187013,1870.13
187120,1871.2
187231,1872.31
187341,1873.41
187446,1874.46
187554,1875.54
187666,1876.66
187773,1877.73
187878,1878.78
187987,1879.87
188095,1880.95
188201,1882.01
188308,1883.08
188416,1884.16
188521,1885.21
188624,1886.24
188729,1887.29
188835,1888.35
188939,1889.39
189043,1890.43
189149,1891.49
189256,1892.56
189362,1893.62
189465,1894.65
189570,1895.7
189676,1896.76
189780,1897.8
189884,1898.84
189989,1899.89
190097,1900.97
190203,1902.03
190307,1903.07
190412,1904.12
190519,1905.19
190624,1906.24
190729,1907.29
190839,1908.39
190948,1909.48
191055,1910.55
191161,1911.61
191271,1912.71
191379,1913.79
191482,1914.82
191586,1915.86
191692,1916.92
191799,1917.99
191903,1919.03
192010,1920.1
192122,1921.22
192235,1922.35
192343,1923.43
192452,1924.52
192562,1925.62
192673,1926.73
192781,1927.81
192886,1928.86
192994,1929.94
193106,1931.06
193215,1932.15
193322,1933.22
193432,1934.32
193542,1935.42
193650,1936.5
193757,1937.57
193864,1938.64
193972,1939.72
194077,1940.77
194183,1941.83
194293,1942.93
194407,1944.07
194512,1945.12
194615,1946.15
194719,1947.19
194819,1948.19
194913,1949.13
195003,1950.03
195103,1951.03
195204,1952.04
195293,1952.93
195374,1953.74
195456,1954.56
195536,1955.36
195617,1956.17
195721,1957.21
195834,1958.34
195947,1959.47
196047,1960.47
196143,1961.43
196241,1962.41
196360,1963.6
196472,1964.72
196582,1965.82
196696,1966.96
196810,1968.1
196924,1969.24
197038,1970.38
197149,1971.49
197260,1972.6
197371,1973.71
197482,1974.82
197590,1975.9
197701,1977.01
197814,1978.14
197926,1979.26
198038,1980.38
198155,1981.55
198273,1982.73
198387,1983.87
198502,1985.02
198621,1986.21
198738,1987.38
198850,1988.5
198965,1989.65
199083,1990.83
199194,1991.94
199305,1993.05
199420,1994.2
199535,1995.35
199646,1996.46
199751,1997.51
199856,1998.56
199960,1999.6
200060,2000.6
200181,2001.81
200301,2003.01
200412,2004.12
200517,2005.17
200621,2006.21
200737,2007.37
200843,2008.43
200944,2009.44
201049,2010.49
201160,2011.6
201271,2012.71
201379,2013.79
201499,2014.99
201611,2016.11
201714,2017.14
201811,2018.11
201912,2019.12
202029,2020.29
202141,2021.41
202251,2022.51
202361,2023.61
202464,2024.64
202565,2025.65
202682,2026.82
202804,2028.04
202913,2029.13
203021,2030.21
203129,2031.29
203237,2032.37
203343,2033.43
203450,2034.5
203559,2035.59
203669,2036.69
203776,2037.76
203882,2038.82
203989,2039.89
204095,2040.95
204200,2042.0
204294,2042.94
204414,2044.14
204534,2045.34
204644,2046.44
204756,2047.56
204871,2048.71
204984,2049.84
205093,2050.93
205203,2052.03
205313,2053.13
205420,2054.2
205514,2055.14
205608,2056.08
205716,2057.16
205833,2058.33
205943,2059.43
206050,2060.5
206164,2061.64
206274,2062.74
206377,2063.77
206479,2064.79
206582,2065.82
206682,2066.82
206781,2067.81
206886,2068.86
206992,2069.92
207094,2070.94
207191,2071.91
207305,2073.05
207415,2074.15
207516,2075.16
207618,2076.18
207732,2077.32
207845,2078.45
207945,2079.45
208035,2080.35
208127,2081.27
208229,2082.29
208338,2083.38
208448,2084.48
208560,2085.6
208671,2086.71
208779,2087.79
208882,2088.82
208980,2089.8
209086,2090.86
209192,2091.92
209293,2092.93
209397,2093.97
209510,2095.1
209619,2096.19
209723,2097.23
209832,2098.32
209944,2099.44
210051,2100.51
210153,2101.53
210260,2102.6
210364,2103.64
210462,2104.62
210551,2105.51
210640,2106.4
210733,2107.33
210834,2108.34
210931,2109.31
211060,2110.6
211183,2111.83
211297,2112.97
211409,2114.09
211517,2115.17
211615,2116.15
211705,2117.05
211796,2117.96
211903,2119.03
212028,2120.28
212140,2121.4
212251,2122.51
212363,2123.63
212472,2124.72
212575,2125.75
212670,2126.7
212762,2127.62
212860,2128.6
212958,2129.58
213082,2130.82
213203,2132.03
213317,2133.17
213422,2134.22
213515,2135.15
213606,2136.06
213699,2136.99
213796,2137.96
213889,2138.89
213984,2139.84
214092,2140.92
214220,2142.2
214342,2143.42
214460,2144.6
214578,2145.78
214689,2146.89
214796,2147.96
214898,2148.98
214997,2149.97
215093,2150.93
215193,2151.93
215287,2152.87
215378,2153.78
215477,2154.77
215597,2155.97
215717,2157.17
215827,2158.27
215939,2159.39
216053,2160.53
216161,2161.61
216268,2162.68
216377,2163.77
216481,2164.81
216576,2165.76
216665,2166.65
216747,2167.47
216825,2168.25
216907,2169.07
216993,2169.93
217072,2170.72
217147,2171.47
217221,2172.21
217297,2172.97
217377,2173.77
217455,2174.55
217544,2175.44
217636,2176.36
217730,2177.3
217820,2178.2
217912,2179.12
218009,2180.09
218108,2181.08
218207,2182.07
218303,2183.03
218407,2184.07
218520,2185.2
218635,2186.35
218748,2187.48
218860,2188.6
218973,2189.73
219087,2190.87
219203,2192.03
219319,2193.19
219429,2194.29
219536,2195.36
219644,2196.44
219755,2197.55
219864,2198.64
219982,2199.82
220104,2201.04
220218,2202.18
220324,2203.24
220421,2204.21
220514,2205.14
220604,2206.04
220690,2206.9
220794,2207.94
220891,2208.91
220979,2209.79
221064,2210.64
221141,2211.41
221224,2212.24
221319,2213.19
221410,2214.1
221505,2215.05
221631,2216.31
221750,2217.5
221866,2218.66
221984,2219.84
222105,2221.05
222222,2222.22
222339,2223.39
222457,2224.57
222574,2225.74
222686,2226.86
222792,2227.92
222906,2229.06
223021,2230.21
223127,2231.27
223233,2232.33
223346,2233.46
223465,2234.65
223574,2235.74
223681,2236.81
223786,2237.86
223893,2238.93
223999,2239.99
224118,2241.18
224245,2242.45
224361,2243.61
224475,2244.75
224590,2245.9
224706,2247.06
224821,2248.21
224935,2249.35
225050,2250.5
225161,2251.61
225261,2252.61
225363,2253.63
225479,2254.79
225593,2255.93
225709,2257.09
225829,2258.29
225946,2259.46
226051,2260.51
226154,2261.54
226260,2262.6
226367,2263.67
226467,2264.67
226567,2265.67
226674,2266.74
226782,2267.82
226883,2268.83
226988,2269.88
227111,2271.11
227228,2272.28
227330,2273.3
227426,2274.26
227520,2275.2
227617,2276.17
227715,2277.15
227814,2278.14
227945,2279.45
228068,2280.68
228184,2281.84
228300,2283.0
228409,2284.09
228504,2285.04
228592,2285.92
228686,2286.86
228815,2288.15
228934,2289.34
229048,2290.48
229168,2291.68
229288,2292.88
229403,2294.03
229517,2295.17
229631,2296.31
229736,2297.36
229839,2298.39
229946,2299.46
230071,2300.71
230187,2301.87
230298,2302.98
230410,2304.1
230522,2305.22
230628,2306.28
230716,2307.16
230803,2308.03
230893,2308.93
230983,2309.83
231103,2311.03
231221,2312.21
231337,2313.37
231447,2314.47
231563,2315.63
231678,2316.78
231790,2317.9
231899,2318.99
232003,2320.03
232098,2320.98
232190,2321.9
232284,2322.84
232389,2323.89
232506,2325.06
232624,2326.24
232731,2327.31
232839,2328.39
232947,2329.47
233050,2330.5
233154,2331.54
233259,2332.59
233364,2333.64
233467,2334.67
233570,2335.7
233676,2336.76
233783,2337.83
233887,2338.87
233989,2339.89
234094,2340.94
234198,2341.98
234302,2343.02
234408,2344.08
234523,2345.23
234639,2346.39
234750,2347.5
234862,2348.62
234975,2349.75
235084,2350.84
235190,2351.9
235298,2352.98
235408,2354.08
235518,2355.18
235625,2356.25
235735,2357.35
235847,2358.47
235956,2359.56
236064,2360.64
236175,2361.75
236289,2362.89
236400,2364.0
236509,2365.09
236622,2366.22
236733,2367.33
236839,2368.39
236943,2369.43
237054,2370.54
237168,2371.68
237279,2372.79
237390,2373.9
237504,2375.04
237618,2376.18
237727,2377.27
237838,2378.38
237951,2379.51
238064,2380.64
238172,2381.72
238278,2382.78
238387,2383.87
238498,2384.98
238606,2386.06
238715,2387.15
238826,2388.26
238936,2389.36
239042,2390.42
239152,2391.52
239263,2392.63
239372,2393.72
239479,2394.79
239588,2395.88
239694,2396.94
239800,2398.0
239902,2399.02
239998,2399.98
240094,2400.94
240214,2402.14
240335,2403.35
240444,2404.44
240557,2405.57
240669,2406.69
240777,2407.77
240880,2408.8
240984,2409.84
241081,2410.81
241184,2411.84
241286,2412.86
241388,2413.88
241505,2415.05
241624,2416.24
241735,2417.35
241847,2418.47
241961,2419.61
242077,2420.77
242186,2421.86
242298,2422.98
242411,2424.11
242522,2425.22
242629,2426.29
242738,2427.38
242851,2428.51
242963,2429.63
243070,2430.7
243177,2431.77
243286,2432.86
243395,2433.95
243497,2434.97
243589,2435.89
243682,2436.82
243809,2438.09
243925,2439.25
244040,2440.4
244160,2441.6
244278,2442.78
244392,2443.92
244497,2444.97
244598,2445.98
244703,2447.03
244805,2448.05
244902,2449.02
245009,2450.09
245124,2451.24
245230,2452.3
245338,2453.38
245451,2454.51
245560,2455.6
245664,2456.64
245773,2457.73
245886,2458.86
245992,2459.92
246097,2460.97
246210,2462.1
246317,2463.17
246417,2464.17
246518,2465.18
246626,2466.26
246735,2467.35
246844,2468.44
246961,2469.61
247077,2470.77
247185,2471.85
247285,2472.85
247383,2473.83
247485,2474.85
247582,2475.82
247673,2476.73
247778,2477.78
247892,2478.92
248006,2480.06
248112,2481.12
248220,2482.2
248323,2483.23
248420,2484.2
248520,2485.2
248627,2486.27
248733,2487.33
248839,2488.39
248959,2489.59
249084,2490.84
249198,2491.98
249311,2493.11
249427,2494.27
249541,2495.41
249651,2496.51
249763,2497.63
249876,2498.76
249986,2499.86
250092,2500.92
250202,2502.02
250313,2503.13
250419,2504.19
250528,2505.28
250644,2506.44
250756,2507.56
250858,2508.58
250959,2509.59
251062,2510.62
251168,2511.68
251275,2512.75
251392,2513.92
251512,2515.12
251622,2516.22
251723,2517.23
251833,2518.33
251950,2519.5
252061,2520.61
252172,2521.72
252286,2522.86
252402,2524.02
252508,2525.08
252614,2526.14
252730,2527.3
252843,2528.43
252948,2529.48
253056,2530.56
253168,2531.68
253272,2532.72
253369,2533.69
253461,2534.61
253555,2535.55
253650,2536.5
253746,2537.46
253843,2538.43
253969,2539.69
254089,2540.89
254204,2542.04
254319,2543.19
254435,2544.35
254547,2545.47
254656,2546.56
254770,2547.7
254881,2548.81
254988,2549.88
255099,2550.99
255211,2552.11
255321,2553.21
255431,2554.31
255543,2555.43
255652,2556.52
255759,2557.59
255863,2558.63
255965,2559.65
256085,2560.85
256205,2562.05
256315,2563.15
256428,2564.28
256541,2565.41
256650,2566.5
256760,2567.6
256872,2568.72
256981,2569.81
257090,2570.9
257199,2571.99
257309,2573.09
257417,2574.17
257526,2575.26
257637,2576.37
257744,2577.44
257848,2578.48
257943,2579.43
258038,2580.38
258158,2581.58
258278,2582.78
258394,2583.94
258512,2585.12
258627,2586.27
258740,2587.4
258856,2588.56
258971,2589.71
259084,2590.84
259189,2591.89
259292,2592.92
259397,2593.97
259501,2595.01
259599,2595.99
259691,2596.91
259784,2597.84
259901,2599.01
260020,2600.2
260132,2601.32
260247,2602.47
260364,2603.64
260477,2604.77
260590,2605.9
260705,2607.05
260819,2608.19
260927,2609.27
261025,2610.25
261122,2611.22
261232,2612.32
261340,2613.4
261448,2614.48
261561,2615.61
261673,2616.73
261776,2617.76
261873,2618.73
261975,2619.75
262084,2620.84
262191,2621.91
262293,2622.93
262399,2623.99
262513,2625.13
262620,2626.2
262725,2627.25
262836,2628.36
262948,2629.48
263055,2630.55
263167,2631.67
263282,2632.82
263393,2633.93
263499,2634.99
263607,2636.07
263720,2637.2
263832,2638.32
263935,2639.35
264042,2640.42
264150,2641.5
264252,2642.52
264359,2643.59
264470,2644.7
264578,2645.78
264679,2646.79
264788,2647.88
264904,2649.04
265016,2650.16
265121,2651.21
265235,2652.35
265353,2653.53
265463,2654.63
265563,2655.63
265669,2656.69
265777,2657.77
265877,2658.77
265977,2659.77
266083,2660.83
266194,2661.94
266301,2663.01
266416,2664.16
266535,2665.35
266645,2666.45
266752,2667.52
266861,2668.61
266967,2669.67
267066,2670.66
267169,2671.69
267274,2672.74
267372,2673.72
267464,2674.64
267561,2675.61
267653,2676.53
267753,2677.53
267851,2678.51
267955,2679.55
268077,2680.77
268194,2681.94
268303,2683.03
268415,2684.15
268528,2685.28
268633,2686.33
268737,2687.37
268853,2688.53
268968,2689.68
269075,2690.75
269183,2691.83
269294,2692.94
269404,2694.04
269507,2695.07
269613,2696.13
269722,2697.22
269831,2698.31
269932,2699.32
270034,2700.34
270139,2701.39
270249,2702.49
270361,2703.61
270472,2704.72
270581,2705.81
270691,2706.91
270797,2707.97
270896,2708.96
271007,2710.07
271122,2711.22
271232,2712.32
271340,2713.4
271452,2714.52
271559,2715.59
271663,2716.63
271771,2717.71
271887,2718.87
272006,2720.06
272116,2721.16
272222,2722.22
272335,2723.35
272449,2724.49
272558,2725.58
272663,2726.63
272773,2727.73
272875,2728.75
272970,2729.7
273062,2730.62
273180,2731.8
273308,2733.08
273426,2734.26
273545,2735.45
273665,2736.65
273781,2737.81
273895,2738.95
274011,2740.11
274124,2741.24
274227,2742.27
274336,2743.36
274449,2744.49
274560,2745.6
274660,2746.6
274761,2747.61
274869,2748.69
274981,2749.81
275089,2750.89
275198,2751.98
275309,2753.09
275414,2754.14
275512,2755.12
275610,2756.1
275716,2757.16
275817,2758.17
275916,2759.16
276028,2760.28
276139,2761.39
276243,2762.43
276344,2763.44
276456,2764.56
276572,2765.72
276679,2766.79
276788,2767.88
276905,2769.05
277016,2770.16
277128,2771.28
277242,2772.42
277351,2773.51
277453,2774.53
277562,2775.62
277680,2776.8
277791,2777.91
277903,2779.03
278022,2780.22
278137,2781.37
278243,2782.43
278346,2783.46
278455,2784.55
278565,2785.65
278670,2786.7
278776,2787.76
278889,2788.89
279001,2790.01
279107,2791.07
279209,2792.09
279315,2793.15
279425,2794.25
279527,2795.27
279635,2796.35
279751,2797.51
279864,2798.64
279972,2799.72
280074,2800.74
280181,2801.81
280292,2802.92
280401,2804.01
280505,2805.05
280622,2806.22
280733,2807.33
280838,2808.38
280942,2809.42
281055,2810.55
281165,2811.65
281268,2812.68
281374,2813.74
281481,2814.81
281580,2815.8
281669,2816.69
281760,2817.6
281849,2818.49
281945,2819.45
282043,2820.43
282153,2821.53
282280,2822.8
282396,2823.96
282512,2825.12
282631,2826.31
282746,2827.46
282857,2828.57
282969,2829.69
283081,2830.81
283182,2831.82
283279,2832.79
283387,2833.87
283507,2835.07
283621,2836.21
283729,2837.29
283843,2838.43
283958,2839.58
284064,2840.64
284169,2841.69
284282,2842.82
284391,2843.91
284501,2845.01
284617,2846.17
284729,2847.29
284834,2848.34
284936,2849.36
285050,2850.5
285163,2851.63
285268,2852.68
285374,2853.74
285484,2854.84
285592,2855.92
285691,2856.91
285787,2857.87
285890,2858.9
285995,2859.95
286095,2860.95
286193,2861.93
286309,2863.09
286429,2864.29
286540,2865.4
286654,2866.54
286769,2867.69
286880,2868.8
286989,2869.89
287102,2871.02
287215,2872.15
287324,2873.24
287432,2874.32
287543,2875.43
287648,2876.48
287748,2877.48
287849,2878.49
287962,2879.62
288081,2880.81
288194,2881.94
288302,2883.02
288412,2884.12
288528,2885.28
288636,2886.36
288743,2887.43
288855,2888.55
288965,2889.65
289067,2890.67
289159,2891.59
289256,2892.56
289359,2893.59
289462,2894.62
289562,2895.62
289675,2896.75
289792,2897.92
289900,2899.0
290003,2900.03
290108,2901.08
290213,2902.13
290313,2903.13
290414,2904.14
290529,2905.29
290641,2906.41
290749,2907.49
290853,2908.53
290953,2909.53
291044,2910.44
291134,2911.34
291232,2912.32
291340,2913.4
291449,2914.49
291548,2915.48
291648,2916.48
291776,2917.76
291894,2918.94
292011,2920.11
292130,2921.3
292248,2922.48
292360,2923.6
292466,2924.66
292573,2925.73
292683,2926.83
292785,2927.85
292882,2928.82
292990,2929.9
293097,2930.97
293203,2932.03
293304,2933.04
293410,2934.1
293521,2935.21
293627,2936.27
293729,2937.29
293827,2938.27
293926,2939.26
294030,2940.3
294128,2941.28
294223,2942.23
294322,2943.22
294429,2944.29
294530,2945.3
294622,2946.22
294704,2947.04
294780,2947.8
294856,2948.56
294929,2949.29
295002,2950.02
295079,2950.79
295157,2951.57
295233,2952.33
295309,2953.09
295387,2953.87
295473,2954.73
295553,2955.53
295630,2956.3
295708,2957.08
295788,2957.88
295876,2958.76
295983,2959.83
296098,2960.98
296211,2962.11
296322,2963.22
296434,2964.34
296546,2965.46
296653,2966.53
296761,2967.61
296869,2968.69
296975,2969.75
297079,2970.79
297185,2971.85
297279,2972.79
297374,2973.74
297477,2974.77
297596,2975.96
297710,2977.1
297829,2978.29
297948,2979.48
298061,2980.61
298169,2981.69
298262,2982.62
298355,2983.55
298446,2984.46
298547,2985.47
298663,2986.63
298780,2987.8
298902,2989.02
299018,2990.18
299131,2991.31
299246,2992.46
299357,2993.57
299466,2994.66
299580,2995.8
299698,2996.98
299810,2998.1
299922,2999.22
300036,3000.36
300150,3001.5
300259,3002.59
300366,3003.66
300474,3004.74
300586,3005.86
300697,3006.97
300805,3008.05
300917,3009.17
301029,3010.29
301138,3011.38
301248,3012.48
301361,3013.61
301474,3014.74
301585,3015.85
301693,3016.93
301801,3018.01
301914,3019.14
302027,3020.27
302139,3021.39
302253,3022.53
302368,3023.68
302482,3024.82
302595,3025.95
302711,3027.11
302830,3028.3
302943,3029.43
303058,3030.58
303171,3031.71
303281,3032.81
303382,3033.82
303479,3034.79
303598,3035.98
303711,3037.11
303831,3038.31
303945,3039.45
304061,3040.61
304176,3041.76
304287,3042.87
304400,3044.0
304512,3045.12
304618,3046.18
304723,3047.23
304840,3048.4
304953,3049.53
305061,3050.61
305170,3051.7
305280,3052.8
305390,3053.9
305495,3054.95
305595,3055.95
305699,3056.99
305812,3058.12
305918,3059.18
306022,3060.22
306131,3061.31
306247,3062.47
306351,3063.51
306443,3064.43
306536,3065.36
306629,3066.29
306724,3067.24
306818,3068.18
306935,3069.35
307057,3070.57
307171,3071.71
307284,3072.84
307398,3073.98
307507,3075.07
307613,3076.13
307723,3077.23
307832,3078.32
307938,3079.38
308045,3080.45
308154,3081.54
308264,3082.64
308372,3083.72
308479,3084.79
308590,3085.9
308701,3087.01
308806,3088.06
308909,3089.09
309001,3090.01
309092,3090.92
309182,3091.82
309276,3092.76
309370,3093.7
309499,3094.99
309624,3096.24
309740,3097.4
309855,3098.55
309971,3099.71
310088,3100.88
310201,3102.01
310313,3103.13
310423,3104.23
310532,3105.32
310635,3106.35
310736,3107.36
310848,3108.48
310962,3109.62
311071,3110.71
311181,3111.81
311298,3112.98
311413,3114.13
311520,3115.2
311619,3116.19
311726,3117.26
311842,3118.42
311952,3119.52
312066,3120.66
312181,3121.81
312289,3122.89
312395,3123.95
312508,3125.08
312623,3126.23
312733,3127.33
312844,3128.44
312960,3129.6
313071,3130.71
313169,3131.69
313260,3132.6
313357,3133.57
313470,3134.7
313581,3135.81
313690,3136.9
313808,3138.08
313926,3139.26
314036,3140.36
314144,3141.44
314256,3142.56
314370,3143.7
314477,3144.77
314576,3145.76
314680,3146.8
314788,3147.88
314891,3148.91
314993,3149.93
315107,3151.07
315224,3152.24
315332,3153.32
315434,3154.34
315549,3155.49
315669,3156.69
315780,3157.8
315884,3158.84
315997,3159.97
316112,3161.12
316218,3162.18
316317,3163.17
316419,3164.19
316536,3165.36
316649,3166.49
316760,3167.6
316878,3168.78
316993,3169.93
317099,3170.99
317202,3172.02
317315,3173.15
317433,3174.33
317543,3175.43
317647,3176.47
317757,3177.57
317869,3178.69
317978,3179.78
318084,3180.84
318192,3181.92
318297,3182.97
318396,3183.96
318493,3184.93
318602,3186.02
318717,3187.17
318825,3188.25
318926,3189.26
319035,3190.35
319145,3191.45
319249,3192.49
319356,3193.56
319465,3194.65
319573,3195.73
319676,3196.76
319790,3197.9
319908,3199.08
320018,3200.18
320120,3201.2
320220,3202.2
320324,3203.24
320419,3204.19
320509,3205.09
320602,3206.02
320699,3206.99
320823,3208.23
320937,3209.37
321052,3210.52
321170,3211.7
321285,3212.85
321397,3213.97
321511,3215.11
321623,3216.23
321730,3217.3
321830,3218.3
321934,3219.34
322047,3220.47
322161,3221.61
322267,3222.67
322364,3223.64
322462,3224.62
322570,3225.7
322677,3226.77
322785,3227.85
322909,3229.09
323027,3230.27
323140,3231.4
323254,3232.54
323369,3233.69
323479,3234.79
323581,3235.81
323686,3236.86
323806,3238.06
323923,3239.23
324029,3240.29
324131,3241.31
324246,3242.46
324362,3243.62
324472,3244.72
324580,3245.8
324692,3246.92
324807,3248.07
324914,3249.14
325018,3250.18
325125,3251.25
325231,3252.31
325329,3253.29
325418,3254.18
325502,3255.02
325593,3255.93
325694,3256.94
325787,3257.87
325874,3258.74
325961,3259.61
326048,3260.48
326132,3261.32
326211,3262.11
326288,3262.88
326364,3263.64
326439,3264.39
326514,3265.14
326598,3265.98
326714,3267.14
326822,3268.22
326930,3269.3
327044,3270.44
327159,3271.59
327273,3272.73
327387,3273.87
327503,3275.03
327617,3276.17
327727,3277.27
327835,3278.35
327949,3279.49
328061,3280.61
328174,3281.74
328295,3282.95
328416,3284.16
328532,3285.32
328643,3286.43
328759,3287.59
328877,3288.77
328990,3289.9
329100,3291.0
329213,3292.13
329329,3293.29
329443,3294.43
329554,3295.54
329669,3296.69
329786,3297.86
329899,3298.99
330010,3300.1
330124,3301.24
330234,3302.34
330339,3303.39
330435,3304.35
330534,3305.34
330640,3306.4
330748,3307.48
330853,3308.53
330963,3309.63
331086,3310.86
331200,3312.0
331311,3313.11
331421,3314.21
331526,3315.26
331629,3316.29
331726,3317.26
331820,3318.2
331928,3319.28
332047,3320.47
332167,3321.67
332274,3322.74
332384,3323.84
332502,3325.02
332615,3326.15
332717,3327.17
332820,3328.2
332937,3329.37
333050,3330.5
333157,3331.57
333266,3332.66
333384,3333.84
333498,3334.98
333607,3336.07
333719,3337.19
333836,3338.36
333946,3339.46
334047,3340.47
334148,3341.48
334252,3342.52
334359,3343.59
334460,3344.6
334568,3345.68
334691,3346.91
334805,3348.05
334919,3349.19
335035,3350.35
335152,3351.52
335268,3352.68
335379,3353.79
335491,3354.91
335599,3355.99
335703,3357.03
335799,3357.99
335891,3358.91
335986,3359.86
336111,3361.11
336229,3362.29
336344,3363.44
336460,3364.6
336578,3365.78
336693,3366.93
336804,3368.04
336918,3369.18
337034,3370.34
337146,3371.46
337257,3372.57
337369,3373.69
337480,3374.8
337589,3375.89
337696,3376.96
337793,3377.93
337889,3378.89
337979,3379.79
338066,3380.66
338156,3381.56
338281,3382.81
338400,3384.0
338516,3385.16
338636,3386.36
338755,3387.55
338873,3388.73
338989,3389.89
339104,3391.04
339219,3392.19
339332,3393.32
339438,3394.38
339545,3395.45
339665,3396.65
339779,3397.79
339884,3398.84
339988,3399.88
340101,3401.01
340215,3402.15
340320,3403.2
340425,3404.25
340536,3405.36
340646,3406.46
340748,3407.48
340842,3408.42
340941,3409.41
341046,3410.46
341157,3411.57
341261,3412.61
341365,3413.65
341482,3414.82
341592,3415.92
341692,3416.92
341795,3417.95
341916,3419.16
342034,3420.34
342145,3421.45
342260,3422.6
342380,3423.8
342502,3425.02
342619,3426.19
342734,3427.34
342851,3428.51
342966,3429.66
343072,3430.72
343174,3431.74
343287,3432.87
343406,3434.06
343521,3435.21
343633,3436.33
343751,3437.51
343866,3438.66
343974,3439.74
344080,3440.8
344194,3441.94
344313,3443.13
344426,3444.26
344538,3445.38
344652,3446.52
344764,3447.64
344864,3448.64
344963,3449.63
345065,3450.65
345175,3451.75
345283,3452.83
345389,3453.89
345501,3455.01
345611,3456.11
345717,3457.17
345825,3458.25
345933,3459.33
346035,3460.35
346135,3461.35
346239,3462.39
346349,3463.49
346454,3464.54
346557,3465.57
346669,3466.69
346781,3467.81
346887,3468.87
346989,3469.89
347102,3471.02
347216,3472.16
347327,3473.27
347427,3474.27
347534,3475.34
347660,3476.6
347774,3477.74
347887,3478.87
348004,3480.04
348122,3481.22
348237,3482.37
348350,3483.5
348464,3484.64
348578,3485.78
348690,3486.9
348793,3487.93
348894,3488.94
349015,3490.15
349129,3491.29
349234,3492.34
349348,3493.48
349465,3494.65
349576,3495.76
349689,3496.89
349799,3497.99
349903,3499.03
350015,3500.15
350131,3501.31
350246,3502.46
350348,3503.48
350454,3504.54
350565,3505.65
350674,3506.74
350775,3507.75
350878,3508.78
350989,3509.89
351100,3511.0
351206,3512.06
351313,3513.13
351431,3514.31
351549,3515.49
351661,3516.61
351767,3517.67
351877,3518.77
351994,3519.94
352101,3521.01
352200,3522.0
352306,3523.06
352421,3524.21
352532,3525.32
352640,3526.4
352751,3527.51
352860,3528.6
352962,3529.62
353066,3530.66
353172,3531.72
353282,3532.82
353388,3533.88
353489,3534.89
353599,3535.99
353715,3537.15
353824,3538.24
353923,3539.23
354024,3540.24
354128,3541.28
354230,3542.3
354332,3543.32
354460,3544.6
354582,3545.82
354699,3546.99
354816,3548.16
354934,3549.34
355049,3550.49
355154,3551.54
355261,3552.61
355376,3553.76
355489,3554.89
355597,3555.97
355710,3557.1
355825,3558.25
355936,3559.36
356041,3560.41
356146,3561.46
356258,3562.58
356371,3563.71
356475,3564.75
356574,3565.74
356679,3566.79
356789,3567.89
356895,3568.95
356997,3569.97
357103,3571.03
357220,3572.2
357333,3573.33
357439,3574.39
357546,3575.46
357657,3576.57
357771,3577.71
357881,3578.81
357989,3579.89
358099,3580.99
358208,3582.08
358310,3583.1
358412,3584.12
358526,3585.26
358640,3586.4
358749,3587.49
358861,3588.61
358975,3589.75
359087,3590.87
359193,3591.93
359302,3593.02
359415,3594.15
359527,3595.27
359633,3596.33
359738,3597.38
359851,3598.51
359964,3599.64
360072,3600.72
360183,3601.83
360300,3603.0
360414,3604.14
360521,3605.21
360626,3606.26
360735,3607.35
360847,3608.47
360954,3609.54
361058,3610.58
361168,3611.68
361280,3612.8
361386,3613.86
361485,3614.85
361590,3615.9
361706,3617.06
361822,3618.22
361929,3619.29
362039,3620.39
362157,3621.57
362268,3622.68
362371,3623.71
362482,3624.82
362603,3626.03
362716,3627.16
362821,3628.21
362927,3629.27
363035,3630.35
363135,3631.35
363233,3632.33
363338,3633.38
363453,3634.53
363560,3635.6
363661,3636.61
363770,3637.7
363886,3638.86
363999,3639.99
364104,3641.04
364213,3642.13
364332,3643.32
364447,3644.47
364558,3645.58
364671,3646.71
364787,3647.87
364896,3648.96
364998,3649.98
365104,3651.04
365213,3652.13
365324,3653.24
365429,3654.29
365537,3655.37
365649,3656.49
365757,3657.57
365859,3658.59
365964,3659.64
366077,3660.77
366189,3661.89
366291,3662.91
366397,3663.97
366505,3665.05
366613,3666.13
366713,3667.13
366814,3668.14
366924,3669.24
367039,3670.39
367146,3671.46
367245,3672.45
367354,3673.54
367473,3674.73
367584,3675.84
367692,3676.92
367805,3678.05
367921,3679.21
368029,3680.29
368128,3681.28
368233,3682.33
368349,3683.49
368462,3684.62
368568,3685.68
368680,3686.8
368795,3687.95
368902,3689.02
369005,3690.05
369116,3691.16
369222,3692.22
369321,3693.21
369415,3694.15
369517,3695.17
369621,3696.21
369732,3697.32
369833,3698.33
369941,3699.41
370056,3700.56
370178,3701.78
370292,3702.92
370406,3704.06
370525,3705.25
370645,3706.45
370758,3707.58
370873,3708.73
370990,3709.9
371107,3711.07
371221,3712.21
371336,3713.36
371447,3714.47
371559,3715.59
371665,3716.65
371770,3717.7
371877,3718.77
371983,3719.83
372084,3720.84
372184,3721.84
372291,3722.91
372403,3724.03
372508,3725.08
372611,3726.11
372721,3727.21
372830,3728.3
372937,3729.37
373044,3730.44
373157,3731.57
373268,3732.68
373372,3733.72
373472,3734.72
373576,3735.76
373688,3736.88
373795,3737.95
373900,3739.0
374013,3740.13
374123,3741.23
374225,3742.25
374324,3743.24
374433,3744.33
374550,3745.5
374660,3746.6
374772,3747.72
374885,3748.85
374998,3749.98
375106,3751.06
375211,3752.11
375321,3753.21
375434,3754.34
375539,3755.39
375640,3756.4
375748,3757.48
375861,3758.61
375969,3759.69
376081,3760.81
376202,3762.02
376323,3763.23
376435,3764.35
376541,3765.41
376649,3766.49
376762,3767.62
376868,3768.68
376968,3769.68
377081,3770.81
377203,3772.03
377316,3773.16
377431,3774.31
377549,3775.49
377659,3776.59
377761,3777.61
377868,3778.68
377983,3779.83
378091,3780.91
378200,3782.0
378317,3783.17
378432,3784.32
378541,3785.41
378646,3786.46
378755,3787.55
378867,3788.67
378974,3789.74
379077,3790.77
379189,3791.89
379305,3793.05
379414,3794.14
379517,3795.17
379619,3796.19
379727,3797.27
379839,3798.39
379942,3799.42
380050,3800.5
380162,3801.62
380271,3802.71
380375,3803.75
380482,3804.82
380599,3805.99
380709,3807.09
380811,3808.11
380918,3809.18
381037,3810.37
381152,3811.52
381257,3812.57
381368,3813.68
381480,3814.8
381589,3815.89
381690,3816.9
381787,3817.87
381894,3818.94
382007,3820.07
382117,3821.17
382226,3822.26
382341,3823.41
382457,3824.57
382564,3825.64
382663,3826.63
382765,3827.65
382870,3828.7
382982,3829.82
383094,3830.94
383203,3832.03
383317,3833.17
383434,3834.34
383543,3835.43
383647,3836.47
383760,3837.6
383877,3838.77
383985,3839.85
384086,3840.86
384195,3841.95
384312,3843.12
384424,3844.24
384527,3845.27
384628,3846.28
384731,3847.31
384832,3848.32
384930,3849.3
385036,3850.36
385143,3851.43
385252,3852.52
385367,3853.67
385476,3854.76
385578,3855.78
385681,3856.81
385799,3857.99
385920,3859.2
386031,3860.31
386143,3861.43
386255,3862.55
386362,3863.62
386461,3864.61
386554,3865.54
386653,3866.53
386766,3867.66
386875,3868.75
386980,3869.8
387091,3870.91
387204,3872.04
387314,3873.14
387416,3874.16
387519,3875.19
387634,3876.34
387750,3877.5
387858,3878.58
387962,3879.62
388074,3880.74
388188,3881.88
388299,3882.99
388406,3884.06
388516,3885.16
388626,3886.26
388730,3887.3
388835,3888.35
388948,3889.48
389059,3890.59
389161,3891.61
389262,3892.62
389369,3893.69
389480,3894.8
389588,3895.88
389691,3896.91
389803,3898.03
389922,3899.22
390031,3900.31
390133,3901.33
390239,3902.39
390349,3903.49
390455,3904.55
390556,3905.56
390660,3906.6
390771,3907.71
390884,3908.84
390986,3909.86
391088,3910.88
391197,3911.97
391306,3913.06
391409,3914.09
391512,3915.12
391623,3916.23
391737,3917.37
391845,3918.45
391950,3919.5
392060,3920.6
392170,3921.7
392274,3922.74
392376,3923.76
392491,3924.91
392608,3926.08
392717,3927.17
392819,3928.19
392928,3929.28
393041,3930.41
393153,3931.53
393256,3932.56
393362,3933.62
393479,3934.79
393591,3935.91
393697,3936.97
393809,3938.09
393921,3939.21
394030,3940.3
394128,3941.28
394226,3942.26
394330,3943.3
394436,3944.36
394538,3945.38
394639,3946.39
394756,3947.56
394877,3948.77
394991,3949.91
395094,3950.94
395202,3952.02
395317,3953.17
395429,3954.29
395534,3955.34
395637,3956.37
395754,3957.54
395872,3958.72
395985,3959.85
396092,3960.92
396200,3962.0
396317,3963.17
396430,3964.3
396535,3965.35
396647,3966.47
396761,3967.61
396867,3968.67
396964,3969.64
397067,3970.67
397184,3971.84
397303,3973.03
397411,3974.11
397520,3975.2
397634,3976.34
397746,3977.46
397849,3978.49
397948,3979.48
398054,3980.54
398165,3981.65
398270,3982.7
398374,3983.74
398489,3984.89
398606,3986.06
398716,3987.16
398823,3988.23
398934,3989.34
399050,3990.5
399158,3991.58
399259,3992.59
399366,3993.66
399479,3994.79
399593,3995.93
399696,3996.96
399797,3997.97
399905,3999.05
400017,4000.17
400126,4001.26
400231,4002.31
400347,4003.47
400465,4004.65
400577,4005.77
400682,4006.82
400789,4007.89
400900,4009.0
401008,4010.08
401107,4011.07
401202,4012.02
401300,4013.0
401409,4014.09
401515,4015.15
401613,4016.13
401717,4017.17
401832,4018.32
401946,4019.46
402058,4020.58
402169,4021.69
402282,4022.82
402390,4023.9
402492,4024.92
402597,4025.97
402720,4027.2
402836,4028.36
402947,4029.47
403059,4030.59
403172,4031.72
403280,4032.8
403379,4033.79
403476,4034.76
403581,4035.81
403688,4036.88
403790,4037.9
403896,4038.96
404019,4040.19
404137,4041.37
404246,4042.46
404351,4043.51
404457,4044.57
404566,4045.66
404669,4046.69
404767,4047.67
404871,4048.71
404974,4049.74
405080,4050.8
405180,4051.8
405280,4052.8
405390,4053.9
405501,4055.01
405609,4056.09
405721,4057.21
405839,4058.39
405954,4059.54
406066,4060.66
406183,4061.83
406296,4062.96
406402,4064.02
406500,4065.0
406602,4066.02
406718,4067.18
406834,4068.34
406942,4069.42
407051,4070.51
407166,4071.66
407272,4072.72
407374,4073.74
407481,4074.81
407597,4075.97
407708,4077.08
407813,4078.13
407926,4079.26
408040,4080.4
408149,4081.49
408255,4082.55
408368,4083.68
408478,4084.78
408579,4085.79
408679,4086.79
408788,4087.88
408898,4088.98
409001,4090.01
409099,4090.99
409202,4092.02
409315,4093.15
409426,4094.26
409532,4095.32
409651,4096.51
409774,4097.74
409888,4098.88
410003,4100.03
410120,4101.2
410235,4102.35
410342,4103.42
410449,4104.49
410563,4105.63
410675,4106.75
410779,4107.79
410887,4108.87
411003,4110.03
411119,4111.19
411230,4112.3
411339,4113.39
411453,4114.53
411567,4115.67
411674,4116.74
411778,4117.78
411881,4118.81
411989,4119.89
412095,4120.95
412200,4122.0
412308,4123.08
412421,4124.21
412539,4125.39
412649,4126.49
412757,4127.57
412870,4128.7
412984,4129.84
413089,4130.89
413189,4131.89
413291,4132.91
413397,4133.97
413496,4134.96
413594,4135.94
413695,4136.95
413802,4138.02
413908,4139.08
414011,4140.11
414121,4141.21
414237,4142.37
414351,4143.51
414460,4144.6
414572,4145.72
414685,4146.85
414789,4147.89
414890,4148.9
414999,4149.99
415109,4151.09
415213,4152.13
415317,4153.17
415432,4154.32
415548,4155.48
415655,4156.55
415755,4157.55
415861,4158.61
415974,4159.74
416077,4160.77
416174,4161.74
416274,4162.74
416377,4163.77
416501,4165.01
416612,4166.12
416726,4167.26
416841,4168.41
416949,4169.49
417050,4170.5
417153,4171.53
417259,4172.59
417357,4173.57
417453,4174.53
417555,4175.55
417672,4176.72
417786,4177.86
417890,4178.9
417995,4179.95
418102,4181.02
418209,4182.09
418313,4183.13
418421,4184.21
418534,4185.34
418640,4186.4
418738,4187.38
418837,4188.37
418944,4189.44
419063,4190.63
419179,4191.79
419293,4192.93
419410,4194.1
419524,4195.24
419628,4196.28
419733,4197.33
419848,4198.48
419963,4199.63
420072,4200.72
420181,4201.81
420292,4202.92
420407,4204.07
420513,4205.13
420607,4206.07
420703,4207.03
420819,4208.19
420933,4209.33
421040,4210.4
421146,4211.46
421260,4212.6
421373,4213.73
421477,4214.77
421582,4215.82
421701,4217.01
421818,4218.18
421927,4219.27
422038,4220.38
422155,4221.55
422273,4222.73
422383,4223.83
422494,4224.94
422599,4225.99
422697,4226.97
422798,4227.98
422910,4229.1
423020,4230.2
423121,4231.21
423229,4232.29
423346,4233.46
423457,4234.57
423564,4235.64
423679,4236.79
423798,4237.98
423911,4239.11
424020,4240.2
424133,4241.33
424246,4242.46
424348,4243.48
424446,4244.46
424547,4245.47
424652,4246.52
424760,4247.6
424865,4248.65
424972,4249.72
425087,4250.87
425198,4251.98
425303,4253.03
425407,4254.07
425515,4255.15
425623,4256.23
425723,4257.23
425821,4258.21
425923,4259.23
426031,4260.31
426134,4261.34
426235,4262.35
426350,4263.5
426462,4264.62
426566,4265.66
426663,4266.63
426765,4267.65
426878,4268.78
426986,4269.86
427091,4270.91
427200,4272.0
427314,4273.14
427422,4274.22
427524,4275.24
427631,4276.31
427741,4277.41
427849,4278.49
427950,4279.5
428053,4280.53
428164,4281.64
428268,4282.68
428363,4283.63
428456,4284.56
428568,4285.68
428685,4286.85
428793,4287.93
428894,4288.94
429002,4290.02
429111,4291.11
429212,4292.12
429311,4293.11
429421,4294.21
429538,4295.38
429646,4296.46
429746,4297.46
429847,4298.47
429956,4299.56
430073,4300.73
430179,4301.79
430288,4302.88
430400,4304.0
430512,4305.12
430616,4306.16
430716,4307.16
430824,4308.24
430938,4309.38
431048,4310.48
431153,4311.53
431267,4312.67
431380,4313.8
431488,4314.88
431592,4315.92
431706,4317.06
431818,4318.18
431923,4319.23
432024,4320.24
432137,4321.37
432254,4322.54
432366,4323.66
432471,4324.71
432583,4325.83
432695,4326.95
432802,4328.02
432904,4329.04
433013,4330.13
433130,4331.3
433244,4332.44
433350,4333.5
433458,4334.58
433572,4335.72
433682,4336.82
433785,4337.85
433891,4338.91
434003,4340.03
434111,4341.11
434210,4342.1
434311,4343.11
434416,4344.16
434526,4345.26
434627,4346.27
434722,4347.22
434826,4348.26
434935,4349.35
435038,4350.38
435140,4351.4
435248,4352.48
435361,4353.61
435471,4354.71
435575,4355.75
435683,4356.83
435800,4358.0
435914,4359.14
436023,4360.23
436130,4361.3
436240,4362.4
436346,4363.46
436448,4364.48
436550,4365.5
436658,4366.58
436770,4367.7
436870,4368.7
436971,4369.71
437078,4370.78
437196,4371.96
437308,4373.08
437413,4374.13
437524,4375.24
437639,4376.39
437745,4377.45
437843,4378.43
437946,4379.46
438057,4380.57
438165,4381.65
438264,4382.64
438362,4383.62
438465,4384.65
438581,4385.81
438692,4386.92
438796,4387.96
438906,4389.06
439018,4390.18
439124,4391.24
439224,4392.24
439319,4393.19
439421,4394.21
439529,4395.29
439630,4396.3
439730,4397.3
439838,4398.38
439962,4399.62
440082,4400.82
440192,4401.92
440305,4403.05
440423,4404.23
440537,4405.37
440644,4406.44
440755,4407.55
440870,4408.7
440981,4409.81
441084,4410.84
441181,4411.81
441283,4412.83
441402,4414.02
441513,4415.13
441614,4416.14
441720,4417.2
441833,4418.33
441942,4419.42
442041,4420.41
442146,4421.46
442248,4422.48
442348,4423.48
442443,4424.43
442544,4425.44
442664,4426.64
442785,4427.85
442895,4428.95
443004,4430.04
443120,4431.2
443230,4432.3
443333,4433.33
443432,4434.32
443536,4435.36
443645,4436.45
443747,4437.47
443843,4438.43
443942,4439.42
444050,4440.5
444162,4441.62
444268,4442.68
444372,4443.72
444484,4444.84
444596,4445.96
444699,4446.99
444794,4447.94
444894,4448.94
445006,4450.06
445116,4451.16
445217,4452.17
445321,4453.21
445427,4454.27
445530,4455.3
445626,4456.26
445725,4457.25
445851,4458.51
445970,4459.7
446084,4460.84
446196,4461.96
446310,4463.1
446424,4464.24
446532,4465.32
446633,4466.33
446748,4467.48
446864,4468.64
446968,4469.68
447074,4470.74
447189,4471.89
447298,4472.98
447400,4474.0
447506,4475.06
447621,4476.21
447731,4477.31
447832,4478.32
447936,4479.36
448049,4480.49
448157,4481.57
448259,4482.59
448361,4483.61
448468,4484.68
448574,4485.74
448676,4486.76
448779,4487.79
448883,4488.83
448988,4489.88
449085,4490.85
449177,4491.77
449277,4492.77
449402,4494.02
449517,4495.17
449628,4496.28
449742,4497.42
449857,4498.57
449968,4499.68
450072,4500.72
450179,4501.79
450291,4502.91
450406,4504.06
450513,4505.13
450618,4506.18
450732,4507.32
450846,4508.46
450949,4509.49
451044,4510.44
451145,4511.45
451260,4512.6
451372,4513.72
451475,4514.75
451579,4515.79
451696,4516.96
451812,4518.12
451916,4519.16
452016,4520.16
452136,4521.36
452250,4522.5
452353,4523.53
452449,4524.49
452551,4525.51
452659,4526.59
452767,4527.67
452865,4528.65
452956,4529.56
453051,4530.51
453172,4531.72
453280,4532.8
453389,4533.89
453503,4535.03
453618,4536.18
453729,4537.29
453841,4538.41
453955,4539.55
454069,4540.69
454179,4541.79
454281,4542.81
454375,4543.75
454471,4544.71
454578,4545.78
454678,4546.78
454784,4547.84
454909,4549.09
455027,4550.27
455139,4551.39
455251,4552.51
455373,4553.73
455485,4554.85
455586,4555.86
455684,4556.84
455785,4557.85
455894,4558.94
455998,4559.98
456096,4560.96
456208,4562.08
456331,4563.31
456445,4564.45
456548,4565.48
456650,4566.5
456756,4567.56
456862,4568.62
456961,4569.61
457057,4570.57
457164,4571.64
457287,4572.87
457403,4574.03
457508,4575.08
457613,4576.13
457718,4577.18
457820,4578.2
457917,4579.17
458010,4580.1
458113,4581.13
458227,4582.27
458334,4583.34
458438,4584.38
458555,4585.55
458676,4586.76
458789,4587.89
458892,4588.92
459006,4590.06
459121,4591.21
459229,4592.29
459329,4593.29
459434,4594.34
459554,4595.54
459667,4596.67
459770,4597.7
459877,4598.77
459988,4599.88
460094,4600.94
460192,4601.92
460291,4602.91
460404,4604.04
460518,4605.18
460626,4606.26
460729,4607.29
460837,4608.37
460954,4609.54
461058,4610.58
461153,4611.53
461249,4612.49
461352,4613.52
461472,4614.72
461581,4615.81
461686,4616.86
461792,4617.92
461898,4618.98
461998,4619.98
462093,4620.93
462186,4621.86
462288,4622.88
462399,4623.99
462516,4625.16
462625,4626.25
462739,4627.39
462855,4628.55
462968,4629.68
463074,4630.74
463185,4631.85
463304,4633.04
463412,4634.12
463514,4635.14
463614,4636.14
463723,4637.23
463835,4638.35
463940,4639.4
464033,4640.33
464131,4641.31
464236,4642.36
464361,4643.61
464474,4644.74
464585,4645.85
464703,4647.03
464816,4648.16
464918,4649.18
465015,4650.15
465123,4651.23
465237,4652.37
465344,4653.44
465442,4654.42
465548,4655.48
465665,4656.65
465775,4657.75
465874,4658.74
465977,4659.77
466090,4660.9
466200,4662.0
466302,4663.02
466402,4664.02
466513,4665.13
466629,4666.29
466738,4667.38
466842,4668.42
466953,4669.53
467068,4670.68
467173,4671.73
467272,4672.72
467377,4673.77
467491,4674.91
467606,4676.06
467711,4677.11
467809,4678.09
467917,4679.17
468035,4680.35
468148,4681.48
468254,4682.54
468364,4683.64
468481,4684.81
468588,4685.88
468692,4686.92
468812,4688.12
468929,4689.29
469037,4690.37
469142,4691.42
469259,4692.59
469380,4693.8
469486,4694.86
469588,4695.88
469692,4696.92
469807,4698.07
469919,4699.19
470026,4700.26
470132,4701.32
470248,4702.48
470362,4703.62
470464,4704.64
470561,4705.61
470667,4706.67
470778,4707.78
470887,4708.87
470993,4709.93
471105,4711.05
471219,4712.19
471323,4713.23
471420,4714.2
471522,4715.22
471624,4716.24
471729,4717.29
471827,4718.27
471924,4719.24
472030,4720.3
472152,4721.52
472269,4722.69
472373,4723.73
472476,4724.76
472589,4725.89
472704,4727.04
472810,4728.1
472909,4729.09
473015,4730.15
473125,4731.25
473228,4732.28
473325,4733.25
473444,4734.44
473565,4735.65
473676,4736.76
473775,4737.75
473881,4738.81
473992,4739.92
474104,4741.04
474206,4742.06
474307,4743.07
474412,4744.12
474528,4745.28
474639,4746.39
474741,4747.41
474843,4748.43
474949,4749.49
475052,4750.52
475151,4751.51
475246,4752.46
475356,4753.56
475476,4754.76
475589,4755.89
475693,4756.93
475803,4758.03
475920,4759.2
476025,4760.25
476123,4761.23
476216,4762.16
476316,4763.16
476433,4764.33
476545,4765.45
476647,4766.47
476742,4767.42
476844,4768.44
476962,4769.62
477076,4770.76
477178,4771.78
477280,4772.8
477385,4773.85
477494,4774.94
477599,4775.99
477693,4776.93
477794,4777.94
477897,4778.97
478003,4780.03
478105,4781.05
478203,4782.03
478307,4783.07
478421,4784.21
478529,4785.29
478631,4786.31
478737,4787.37
478846,4788.46
478948,4789.48
479042,4790.42
479135,4791.35
479235,4792.35
479333,4793.33
479425,4794.25
479516,4795.16
479607,4796.07
479723,4797.23
479839,4798.39
479940,4799.4
480035,4800.35
480130,4801.3
480222,4802.22
480312,4803.12
480399,4803.99
480500,4805.0
480608,4806.08
480718,4807.18
480823,4808.23
480935,4809.35
481062,4810.62
481182,4811.82
481298,4812.98
481409,4814.09
481526,4815.26
481637,4816.37
481744,4817.44
481847,4818.47
481944,4819.44
482043,4820.43
482143,4821.43
482256,4822.56
482366,4823.66
482469,4824.69
482578,4825.78
482682,4826.82
482782,4827.82
482888,4828.88
483001,4830.01
483110,4831.1
483208,4832.08
483302,4833.02
483401,4834.01
483519,4835.19
483630,4836.3
483738,4837.38
483849,4838.49
483968,4839.68
484073,4840.73
484171,4841.71
484272,4842.72
484390,4843.9
484505,4845.05
484609,4846.09
484709,4847.09
484825,4848.25
484940,4849.4
485049,4850.49
485150,4851.5
485258,4852.58
485376,4853.76
485485,4854.85
485581,4855.81
485680,4856.8
485793,4857.93
485904,4859.04
486009,4860.09
486111,4861.11
486229,4862.29
486350,4863.5
486465,4864.65
486568,4865.68
486674,4866.74
486780,4867.8
486888,4868.88
486990,4869.9
487089,4870.89
487205,4872.05
487328,4873.28
487441,4874.41
487545,4875.45
487656,4876.56
487775,4877.75
487885,4878.85
487987,4879.87
488085,4880.85
488195,4881.95
488312,4883.12
488421,4884.21
488519,4885.19
488619,4886.19
488732,4887.32
488845,4888.45
488948,4889.48
489044,4890.44
489145,4891.45
489263,4892.63
489370,4893.7
489470,4894.7
489568,4895.68
489678,4896.78
489794,4897.94
489903,4899.03
490007,4900.07
490125,4901.25
490247,4902.47
490357,4903.57
490454,4904.54
490552,4905.52
490659,4906.59
490769,4907.69
490877,4908.77
490985,4909.85
491114,4911.14
491238,4912.38
491356,4913.56
491471,4914.71
491583,4915.83
491703,4917.03
491817,4918.17
491918,4919.18
492011,4920.11
492114,4921.14
492233,4922.33
492349,4923.49
492451,4924.51
492552,4925.52
492666,4926.66
492784,4927.84
492894,4928.94
492992,4929.92
493094,4930.94
493202,4932.02
493315,4933.15
493417,4934.17
493512,4935.12
493611,4936.11
493720,4937.2
493820,4938.2
493917,4939.17
494019,4940.19
494131,4941.31
494243,4942.43
494354,4943.54
494456,4944.56
494564,4945.64
494685,4946.85
494794,4947.94
494896,4948.96
495003,4950.03
495115,4951.15
495228,4952.28
495331,4953.31
495429,4954.29
495532,4955.32
495647,4956.47
495764,4957.64
495869,4958.69
495978,4959.78
496090,4960.9
496204,4962.04
496306,4963.06
496403,4964.03
496507,4965.07
496633,4966.33
496748,4967.48
496857,4968.57
496955,4969.55
497055,4970.55
497163,4971.63
497264,4972.64
497360,4973.6
497460,4974.6
497586,4975.86
497704,4977.04
497810,4978.1
497904,4979.04
498006,4980.06
498118,4981.18
498222,4982.22
498321,4983.21
498427,4984.27
498546,4985.46
498664,4986.64
498771,4987.71
498863,4988.63
498956,4989.56
499051,4990.51
499148,4991.48
499237,4992.37
499325,4993.25
499452,4994.52
499576,4995.76
499697,4996.97
499815,4998.15
499937,4999.37
500059,5000.59
500174,5001.74
500271,5002.71
500369,5003.69
500493,5004.93
500611,5006.11
500714,5007.14
500814,5008.14
500922,5009.22
501038,5010.38
501146,5011.46
501246,5012.46
501348,5013.48
501463,5014.63
501580,5015.8
501688,5016.88
501785,5017.85
501885,5018.85
501992,5019.92
502113,5021.13
502224,5022.24
502329,5023.29
502444,5024.44
502559,5025.59
502662,5026.62
502760,5027.6
502862,5028.62
502990,5029.9
503106,5031.06
503218,5032.18
503325,5033.25
503435,5034.35
503544,5035.44
503645,5036.45
503736,5037.36
503836,5038.36
503939,5039.39
504057,5040.57
504164,5041.64
504267,5042.67
504383,5043.83
504503,5045.03
504611,5046.11
504709,5047.09
504814,5048.14
504933,5049.33
505053,5050.53
505159,5051.59
505254,5052.54
505347,5053.47
505455,5054.55
505581,5055.81
505692,5056.92
505806,5058.06
505925,5059.25
506044,5060.44
506155,5061.55
506269,5062.69
506386,5063.86
506504,5065.04
506611,5066.11
506706,5067.06
506801,5068.01
506927,5069.27
507046,5070.46
507158,5071.58
507255,5072.55
507357,5073.57
507464,5074.64
507567,5075.67
507664,5076.64
507759,5077.59
507865,5078.65
507968,5079.68
508071,5080.71
508170,5081.7
508265,5082.65
508373,5083.73
508469,5084.69
508564,5085.64
508652,5086.52
508736,5087.36
508824,5088.24
508918,5089.18
509012,5090.12
509109,5091.09
509209,5092.09
509318,5093.18
509418,5094.18
509513,5095.13
509608,5096.08
509735,5097.35
509852,5098.52
509962,5099.62
510069,5100.69
510166,5101.66
510262,5102.62
510353,5103.53
510444,5104.44
510539,5105.39
510669,5106.69
510794,5107.94
510917,5109.17
511037,5110.37
511158,5111.58
511279,5112.79
511400,5114.0
511518,5115.18
511629,5116.29
511742,5117.42
511857,5118.57
511969,5119.69
512076,5120.76
512184,5121.84
512286,5122.86
512394,5123.94
512495,5124.95
512593,5125.93
512698,5126.98
512814,5128.14
512940,5129.4
513056,5130.56
513160,5131.6
513259,5132.59
513359,5133.59
513467,5134.67
513575,5135.75
513683,5136.83
513801,5138.01
513929,5139.29
514048,5140.48
514158,5141.58
514275,5142.75
514397,5143.97
514510,5145.1
514615,5146.15
514712,5147.12
514809,5148.09
514906,5149.06
514993,5149.93
515081,5150.81
515198,5151.98
515306,5153.06
515423,5154.23
515518,5155.18
515609,5156.09
515704,5157.04
515833,5158.33
515951,5159.51
516069,5160.69
516190,5161.9
516313,5163.13
516429,5164.29
516539,5165.39
516646,5166.46
516764,5167.64
516880,5168.8
516989,5169.89
517101,5171.01
517220,5172.2
517338,5173.38
517441,5174.41
517541,5175.41
517647,5176.47
517751,5177.51
517851,5178.51
517946,5179.46
518046,5180.46
518173,5181.73
518291,5182.91
518406,5184.06
518511,5185.11
518613,5186.13
518721,5187.21
518831,5188.31
518933,5189.33
519039,5190.39
519160,5191.6
519282,5192.82
519383,5193.83
519481,5194.81
519582,5195.82
519676,5196.76
519765,5197.65
519855,5198.55
519950,5199.5
520044,5200.44
520144,5201.44
520276,5202.76
520406,5204.06
520531,5205.31
520651,5206.51
520774,5207.74
520896,5208.96
521010,5210.1
521106,5211.06
521202,5212.02
521305,5213.05
521422,5214.22
521539,5215.39
521664,5216.64
521788,5217.88
521906,5219.06
522014,5220.14
522127,5221.27
522247,5222.47
522363,5223.63
522474,5224.74
522588,5225.88
522712,5227.12
522828,5228.28
522936,5229.36
523039,5230.39
523149,5231.49
523279,5232.79
523395,5233.95
523507,5235.07
523614,5236.14
523728,5237.28
523843,5238.43
523951,5239.51
524056,5240.56
524171,5241.71
524294,5242.94
524406,5244.06
524507,5245.07
524612,5246.12
524725,5247.25
524840,5248.4
524946,5249.46
525047,5250.47
525166,5251.66
525290,5252.9
525398,5253.98
525496,5254.96
525593,5255.93
525690,5256.9
525802,5258.02
525903,5259.03
525994,5259.94
526095,5260.95
526222,5262.22
526338,5263.38
526445,5264.45
526552,5265.52
526661,5266.61
526770,5267.7
526877,5268.77
526984,5269.84
527092,5270.92
527201,5272.01
527306,5273.06
527409,5274.09
527509,5275.09
527611,5276.11
527720,5277.2
527835,5278.35
527941,5279.41
528042,5280.42
528168,5281.68
528285,5282.85
528395,5283.95
528503,5285.03
528615,5286.15
528725,5287.25
528836,5288.36
528934,5289.34
529028,5290.28
529129,5291.29
529249,5292.49
529361,5293.61
529464,5294.64
529568,5295.68
529680,5296.8
529783,5297.83
529879,5298.79
529972,5299.72
530078,5300.78
530196,5301.96
530309,5303.09
530409,5304.09
530505,5305.05
530602,5306.02
530704,5307.04
530799,5307.99
530887,5308.87
530978,5309.78
531089,5310.89
531206,5312.06
531320,5313.2
531426,5314.26
531523,5315.23
531628,5316.28
531742,5317.42
531854,5318.54
531951,5319.51
532041,5320.41
532135,5321.35
532231,5322.31
532346,5323.46
532460,5324.6
532565,5325.65
532675,5326.75
532797,5327.97
532908,5329.08
533015,5330.15
533119,5331.19
533225,5332.25
533331,5333.31
533426,5334.26
533517,5335.17
533606,5336.06
533704,5337.04
533826,5338.26
533948,5339.48
534056,5340.56
534168,5341.68
534278,5342.78
534388,5343.88
534493,5344.93
534595,5345.95
534687,5346.87
534781,5347.81
534906,5349.06
535024,5350.24
535138,5351.38
535244,5352.44
535347,5353.47
535451,5354.51
535552,5355.52
535650,5356.5
535745,5357.45
535841,5358.41
535968,5359.68
536086,5360.86
536194,5361.94
536292,5362.92
536384,5363.84
536477,5364.77
536602,5366.02
536713,5367.13
536822,5368.22
536929,5369.29
537041,5370.41
537151,5371.51
537257,5372.57
537362,5373.62
537463,5374.63
537561,5375.61
537660,5376.6
537750,5377.5
537833,5378.33
537925,5379.25
538021,5380.21
538143,5381.43
538255,5382.55
538362,5383.62
538468,5384.68
538566,5385.66
538658,5386.58
538748,5387.48
538833,5388.33
538918,5389.18
539012,5390.12
539109,5391.09
539210,5392.1
539300,5393.0
539385,5393.85
539471,5394.71
539562,5395.62
539653,5396.53
539744,5397.44
539830,5398.3
539918,5399.18
540011,5400.11
540106,5401.06
540200,5402.0
540290,5402.9
540376,5403.76
540464,5404.64
540559,5405.59
540661,5406.61
540756,5407.56
540847,5408.47
540934,5409.34
541029,5410.29
541129,5411.29
541237,5412.37
541337,5413.37
541430,5414.3
541522,5415.22
541624,5416.24
541737,5417.37
541838,5418.38
541930,5419.3
542019,5420.19
542115,5421.15
542213,5422.13
542317,5423.17
542413,5424.13
542505,5425.05
542610,5426.1
542724,5427.24
542830,5428.3
542925,5429.25
543015,5430.15
543110,5431.1
543206,5432.06
543307,5433.07
543400,5434.0
543486,5434.86
543579,5435.79
543678,5436.78
543781,5437.81
543874,5438.74
543962,5439.62
544048,5440.48
544140,5441.4
544237,5442.37
544329,5443.29
544416,5444.16
544504,5445.04
544600,5446.0
544708,5447.08
544827,5448.27
544934,5449.34
545029,5450.29
545123,5451.23
545223,5452.23
545325,5453.25
545418,5454.18
545508,5455.08
545595,5455.95
545690,5456.9
545796,5457.96
545900,5459.0
545999,5459.99
546095,5460.95
546189,5461.89
546281,5462.81
546370,5463.7
546458,5464.58
546546,5465.46
546673,5466.73
546786,5467.86
546896,5468.96
547000,5470.0
547094,5470.94
547186,5471.86
547274,5472.74
547368,5473.68
547461,5474.61
547550,5475.5
547640,5476.4
547757,5477.57
547879,5478.79
547988,5479.88
548082,5480.82
548170,5481.7
548263,5482.63
548354,5483.54
548454,5484.54
548545,5485.45
548634,5486.34
548724,5487.24
548822,5488.22
548925,5489.25
549024,5490.24
549118,5491.18
549212,5492.12
549318,5493.18
549419,5494.19
549521,5495.21
549616,5496.16
549707,5497.07
549806,5498.06
549916,5499.16
550031,5500.31
550136,5501.36
550230,5502.3
550331,5503.31
550434,5504.34
550534,5505.34
550628,5506.28
550726,5507.26
550832,5508.32
550945,5509.45
551049,5510.49
551145,5511.45
551242,5512.42
551346,5513.46
551453,5514.53
551556,5515.56
551651,5516.51
551741,5517.41
551830,5518.3
551931,5519.31
552034,5520.34
552132,5521.32
552225,5522.25
552313,5523.13
552410,5524.1
552513,5525.13
552619,5526.19
552714,5527.14
552804,5528.04
552890,5528.9
552974,5529.74
553062,5530.62
553156,5531.56
553263,5532.63
553361,5533.61
553456,5534.56
553545,5535.45
553633,5536.33
553731,5537.31
553824,5538.24
553924,5539.24
554016,5540.16
554104,5541.04
554198,5541.98
554292,5542.92
554388,5543.88
554482,5544.82
554571,5545.71
554658,5546.58
554753,5547.53
554847,5548.47
554945,5549.45
555038,5550.38
555132,5551.32
555228,5552.28
555343,5553.43
555459,5554.59
555568,5555.68
555667,5556.67
555762,5557.62
555859,5558.59
555954,5559.54
556049,5560.49
556142,5561.42
556232,5562.32
556347,5563.47
556456,5564.56
556570,5565.7
556685,5566.85
556785,5567.85
556879,5568.79
556974,5569.74
557070,5570.7
557165,5571.65
557258,5572.58
557349,5573.49
557444,5574.44
557547,5575.47
557648,5576.48
557743,5577.43
557841,5578.41
557944,5579.44
558043,5580.43
558138,5581.38
558231,5582.31
558333,5583.33
558440,5584.4
558542,5585.42
558636,5586.36
558724,5587.24
558812,5588.12
558906,5589.06
559003,5590.03
559100,5591.0
559189,5591.89
559277,5592.77
559367,5593.67
559456,5594.56
559550,5595.5
559640,5596.4
559726,5597.26
559810,5598.1
559899,5598.99
559988,5599.88
560081,5600.81
560168,5601.68
560255,5602.55
560346,5603.46
560440,5604.4
560538,5605.38
560629,5606.29
560715,5607.15
560807,5608.07
560902,5609.02
561003,5610.03
561099,5610.99
561189,5611.89
561279,5612.79
561375,5613.75
561474,5614.74
561575,5615.75
561670,5616.7
561761,5617.61
561853,5618.53
561946,5619.46
562039,5620.39
562131,5621.31
562222,5622.22
562314,5623.14
562412,5624.12
562511,5625.11
562607,5626.07
562699,5626.99
562789,5627.89
562878,5628.78
562974,5629.74
563070,5630.7
563164,5631.64
563253,5632.53
563340,5633.4
563435,5634.35
563531,5635.31
563625,5636.25
563715,5637.15
563802,5638.02
563888,5638.88
563981,5639.81
564077,5640.77
564180,5641.8
564283,5642.83
564370,5643.7
564453,5644.53
564532,5645.32
564609,5646.09
564685,5646.85
564790,5647.9
564904,5649.04
565012,5650.12
565129,5651.29
565248,5652.48
565370,5653.7
565490,5654.9
565603,5656.03
565716,5657.16
565817,5658.17
565916,5659.16
566010,5660.1
566101,5661.01
566189,5661.89
566300,5663.0
566426,5664.26
566544,5665.44
566652,5666.52
566748,5667.48
566845,5668.45
566941,5669.41
567038,5670.38
567130,5671.3
567216,5672.16
567304,5673.04
567398,5673.98
567498,5674.98
567612,5676.12
567731,5677.31
567844,5678.44
567950,5679.5
568054,5680.54
568158,5681.58
568260,5682.6
568358,5683.58
568457,5684.57
568571,5685.71
568695,5686.95
568816,5688.16
568926,5689.26
569031,5690.31
569134,5691.34
569247,5692.47
569360,5693.6
569465,5694.65
569566,5695.66
569668,5696.68
569780,5697.8
569893,5698.93
569999,5699.99
570098,5700.98
570195,5701.95
570297,5702.97
570399,5703.99
570491,5704.91
570589,5705.89
570683,5706.83
570773,5707.73
570867,5708.67
570958,5709.58
571044,5710.44
571130,5711.3
571215,5712.15
571305,5713.05
571394,5713.94
571499,5714.99
571596,5715.96
571691,5716.91
571785,5717.85
571883,5718.83
571984,5719.84
572077,5720.77
572164,5721.64
572249,5722.49
572336,5723.36
572424,5724.24
572526,5725.26
572620,5726.2
572711,5727.11
572806,5728.06
572903,5729.03
573007,5730.07
573104,5731.04
573197,5731.97
573290,5732.9
573390,5733.9
573490,5734.9
573588,5735.88
573681,5736.81
573769,5737.69
573864,5738.64
573957,5739.57
574054,5740.54
574149,5741.49
574239,5742.39
574330,5743.3
574426,5744.26
574524,5745.24
574628,5746.28
574724,5747.24
574818,5748.18
574915,5749.15
575017,5750.17
575121,5751.21
575214,5752.14
575300,5753.0
575384,5753.84
575470,5754.7
575560,5755.6
575663,5756.63
575751,5757.51
575841,5758.41
575936,5759.36
576043,5760.43
576162,5761.62
576282,5762.82
576383,5763.83
576478,5764.78
576573,5765.73
576672,5766.72
576770,5767.7
576867,5768.67
576973,5769.73
577091,5770.91
577206,5772.06
577312,5773.12
577410,5774.1
577508,5775.08
577607,5776.07
577701,5777.01
577792,5777.92
577879,5778.79
577970,5779.7
578068,5780.68
578167,5781.67
578261,5782.61
578355,5783.55
578447,5784.47
578546,5785.46
578663,5786.63
578784,5787.84
578897,5788.97
578998,5789.98
579092,5790.92
579188,5791.88
579284,5792.84
579382,5793.82
579477,5794.77
579572,5795.72
579682,5796.82
579798,5797.98
579908,5799.08
580007,5800.07
580104,5801.04
580204,5802.04
580301,5803.01
580395,5803.95
580490,5804.9
580598,5805.98
580710,5807.1
580816,5808.16
580911,5809.11
581003,5810.03
581097,5810.97
581191,5811.91
581289,5812.89
581382,5813.82
581468,5814.68
581552,5815.52
581636,5816.36
581730,5817.3
581853,5818.53
581969,5819.69
582081,5820.81
582190,5821.9
582302,5823.02
582407,5824.07
582506,5825.06
582599,5825.99
582689,5826.89
582777,5827.77
582871,5828.71
582965,5829.65
583059,5830.59
583149,5831.49
583237,5832.37
583332,5833.32
583427,5834.27
583530,5835.3
583627,5836.27
583722,5837.22
583811,5838.11
583897,5838.97
583981,5839.81
584065,5840.65
584153,5841.53
584279,5842.79
584402,5844.02
584523,5845.23
584635,5846.35
584746,5847.46
584846,5848.46
584943,5849.43
585036,5850.36
585125,5851.25
585212,5852.12
585299,5852.99
585396,5853.96
585521,5855.21
585635,5856.35
585746,5857.46
585854,5858.54
585957,5859.57
586058,5860.58
586158,5861.58
586249,5862.49
586337,5863.37
586430,5864.3
586524,5865.24
586632,5866.32
586734,5867.34
586835,5868.35
586934,5869.34
587043,5870.43
587161,5871.61
587273,5872.73
587371,5873.71
587463,5874.63
587558,5875.58
587653,5876.53
587759,5877.59
587856,5878.56
587950,5879.5
588043,5880.43
588147,5881.47
588249,5882.49
588343,5883.43
588433,5884.33
588530,5885.3
588625,5886.25
588722,5887.22
588818,5888.18
588911,5889.11
589007,5890.07
589107,5891.07
589213,5892.13
589307,5893.07
589397,5893.97
589486,5894.86
589582,5895.82
589691,5896.91
589797,5897.97
589897,5898.97
589990,5899.9
590093,5900.93
590204,5902.04
590316,5903.16
590415,5904.15
590507,5905.07
590603,5906.03
590705,5907.05
590833,5908.33
590946,5909.46
591055,5910.55
591165,5911.65
591266,5912.66
591364,5913.64
591456,5914.56
591542,5915.42
591634,5916.34
591729,5917.29
591826,5918.26
591930,5919.3
592025,5920.25
592119,5921.19
592224,5922.24
592343,5923.43
592461,5924.61
592564,5925.64
592656,5926.56
592748,5927.48
592838,5928.38
592931,5929.31
593022,5930.22
593111,5931.11
593203,5932.03
593304,5933.04
593416,5934.16
593529,5935.29
593634,5936.34
593732,5937.32
593836,5938.36
593933,5939.33
594031,5940.31
594124,5941.24
594217,5942.17
594314,5943.14
594413,5944.13
594526,5945.26
594633,5946.33
594730,5947.3
594827,5948.27
594929,5949.29
595050,5950.5
595170,5951.7
595274,5952.74
595369,5953.69
595465,5954.65
595559,5955.59
595668,5956.68
595771,5957.71
595869,5958.69
595969,5959.69
596084,5960.84
596203,5962.03
596308,5963.08
596405,5964.05
596504,5965.04
596604,5966.04
596706,5967.06
596805,5968.05
596903,5969.03
597001,5970.01
597106,5971.06
597220,5972.2
597330,5973.3
597426,5974.26
597522,5975.22
597617,5976.17
597714,5977.14
597808,5978.08
597901,5979.01
597996,5979.96
598109,5981.09
598229,5982.29
598338,5983.38
598436,5984.36
598532,5985.32
598627,5986.27
598720,5987.2
598817,5988.17
598912,5989.12
599005,5990.05
599094,5990.94
599194,5991.94
599300,5993.0
599414,5994.14
599529,5995.29
599639,5996.39
599743,5997.43
599845,5998.45
599937,5999.37
600028,6000.28
600123,6001.23
600223,6002.23
600343,6003.43
600458,6004.58
600562,6005.62
600657,6006.57
600754,6007.54
600852,6008.52
600944,6009.44
601034,6010.34
601120,6011.2
601205,6012.05
601286,6012.86
601369,6013.69
601482,6014.82
601588,6015.88
601704,6017.04
601812,6018.12
601924,6019.24
602031,6020.31
602127,6021.27
602216,6022.16
602301,6023.01
602392,6023.92
602481,6024.81
602574,6025.74
602663,6026.63
602748,6027.48
602834,6028.34
602922,6029.22
603017,6030.17
603119,6031.19
603222,6032.22
603315,6033.15
603403,6034.03
603491,6034.91
603583,6035.83
603680,6036.8
603780,6037.8
603875,6038.75
603969,6039.69
604067,6040.67
604170,6041.7
604277,6042.77
604379,6043.79
604471,6044.71
604559,6045.59
604648,6046.48
604748,6047.48
604858,6048.58
604958,6049.58
605056,6050.56
605152,6051.52
605257,6052.57
605374,6053.74
605480,6054.8
605575,6055.75
605666,6056.66
605759,6057.59
605855,6058.55
605952,6059.52
606045,6060.45
606133,6061.33
606229,6062.29
606328,6063.28
606430,6064.3
606524,6065.24
606612,6066.12
606703,6067.03
606792,6067.92
606888,6068.88
606978,6069.78
607066,6070.66
607151,6071.51
607243,6072.43
607352,6073.52
607469,6074.69
607570,6075.7
607661,6076.61
607754,6077.54
607848,6078.48
607946,6079.46
608041,6080.41
608131,6081.31
608229,6082.29
608337,6083.37
608447,6084.47
608564,6085.64
608671,6086.71
608767,6087.67
608864,6088.64
608959,6089.59
609057,6090.57
609152,6091.52
609247,6092.47
609341,6093.41
609448,6094.48
609570,6095.7
609683,6096.83
609782,6097.82
609875,6098.75
609970,6099.7
610067,6100.67
610172,6101.72
610270,6102.7
610365,6103.65
610467,6104.67
610595,6105.95
610714,6107.14
610829,6108.29
610930,6109.3
611026,6110.26
611123,6111.23
611217,6112.17
611308,6113.08
611395,6113.95
611484,6114.84
611596,6115.96
611724,6117.24
611835,6118.35
611933,6119.33
612019,6120.19
612101,6121.01
612183,6121.83
612276,6122.76
612407,6124.07
612527,6125.27
612648,6126.48
612772,6127.72
612890,6128.9
613002,6130.02
613103,6131.03
613201,6132.01
613297,6132.97
613389,6133.89
613478,6134.78
613575,6135.75
613677,6136.77
613795,6137.95
613906,6139.06
614008,6140.08
614105,6141.05
614206,6142.06
614315,6143.15
614421,6144.21
614518,6145.18
614610,6146.1
614708,6147.08
614800,6148.0
614908,6149.08
615018,6150.18
615125,6151.25
615232,6152.32
615348,6153.48
615464,6154.64
615572,6155.72
615669,6156.69
615762,6157.62
615861,6158.61
615965,6159.65
616081,6160.81
616193,6161.93
616297,6162.97
616401,6164.01
616506,6165.06
616613,6166.13
616715,6167.15
616817,6168.17
616928,6169.28
617045,6170.45
617157,6171.57
617258,6172.58
617358,6173.58
617459,6174.59
617564,6175.64
617669,6176.69
617767,6177.67
617866,6178.66
617971,6179.71
618078,6180.78
618186,6181.86
618287,6182.87
618384,6183.84
618483,6184.83
618589,6185.89
618698,6186.98
618808,6188.08
618915,6189.15
619012,6190.12
619107,6191.07
619207,6192.07
619309,6193.09
619408,6194.08
619506,6195.06
619609,6196.09
619730,6197.3
619847,6198.47
619951,6199.51
620046,6200.46
620139,6201.39
620238,6202.38
620352,6203.52
620459,6204.59
620556,6205.56
620652,6206.52
620745,6207.45
620843,6208.43
620935,6209.35
621024,6210.24
621111,6211.11
621211,6212.11
621318,6213.18
621413,6214.13
621502,6215.02
621587,6215.87
621672,6216.72
621758,6217.58
621848,6218.48
621937,6219.37
622029,6220.29
622143,6221.43
622264,6222.64
622379,6223.79
622482,6224.82
622577,6225.77
622675,6226.75
622782,6227.82
622891,6228.91
622996,6229.96
623094,6230.94
623194,6231.94
623296,6232.96
623407,6234.07
623515,6235.15
623613,6236.13
623715,6237.15
623818,6238.18
623925,6239.25
624027,6240.27
624124,6241.24
624225,6242.25
624326,6243.26
624422,6244.22
624517,6245.17
624608,6246.08
624701,6247.01
624813,6248.13
624941,6249.41
625062,6250.62
625180,6251.8
625299,6252.99
625419,6254.19
625537,6255.37
625645,6256.45
625752,6257.52
625865,6258.65
625979,6259.79
626093,6260.93
626199,6261.99
626307,6263.07
626421,6264.21
626535,6265.35
626645,6266.45
626750,6267.5
626858,6268.58
626979,6269.79
627095,6270.95
627200,6272.0
627295,6272.95
627391,6273.91
627497,6274.97
627606,6276.06
627715,6277.15
627820,6278.2
627927,6279.27
628041,6280.41
628154,6281.54
628260,6282.6
628357,6283.57
628459,6284.59
628578,6285.78
628697,6286.97
628806,6288.06
628907,6289.07
629015,6290.15
629126,6291.26
629241,6292.41
629345,6293.45
629451,6294.51
629552,6295.52
629654,6296.54
629751,6297.51
629841,6298.41
629933,6299.33
630061,6300.61
630181,6301.81
630296,6302.96
630413,6304.13
630530,6305.3
630645,6306.45
630753,6307.53
630846,6308.46
630941,6309.41
631036,6310.36
631137,6311.37
631236,6312.36
631334,6313.34
631443,6314.43
631561,6315.61
631677,6316.77
631786,6317.86
631887,6318.87
631992,6319.92
632098,6320.98
632202,6322.02
632301,6323.01
632398,6323.98
632503,6325.03
632612,6326.12
632713,6327.13
632817,6328.17
632928,6329.28
633042,6330.42
633152,6331.52
633257,6332.57
633367,6333.67
633487,6334.87
633604,6336.04
633713,6337.13
633818,6338.18
633932,6339.32
634049,6340.49
634163,6341.63
634263,6342.63
634359,6343.59
634466,6344.66
634588,6345.88
634706,6347.06
634813,6348.13
634917,6349.17
635030,6350.3
635145,6351.45
635255,6352.55
635358,6353.58
635460,6354.6
635570,6355.7
635686,6356.86
635796,6357.96
635900,6359.0
636012,6360.12
636129,6361.29
636237,6362.37
636333,6363.33
636425,6364.25
636522,6365.22
636628,6366.28
636738,6367.38
636839,6368.39
636935,6369.35
637035,6370.35
637136,6371.36
637241,6372.41
637341,6373.41
637440,6374.4
637547,6375.47
637657,6376.57
637770,6377.7
637877,6378.77
637977,6379.77
638082,6380.82
638187,6381.87
638290,6382.9
638388,6383.88
638491,6384.91
638602,6386.02
638719,6387.19
638833,6388.33
638938,6389.38
639045,6390.45
639157,6391.57
639265,6392.65
639364,6393.64
639458,6394.58
639561,6395.61
639676,6396.76
639790,6397.9
639892,6398.92
639984,6399.84
640077,6400.77
640165,6401.65
640252,6402.52
640337,6403.37
640423,6404.23
640521,6405.21
640652,6406.52
640775,6407.75
640897,6408.97
641019,6410.19
641135,6411.35
641238,6412.38
641340,6413.4
641443,6414.43
641542,6415.42
641637,6416.37
641728,6417.28
641822,6418.22
641918,6419.18
642017,6420.17
642116,6421.16
642244,6422.44
642369,6423.69
642492,6424.92
642612,6426.12
642735,6427.35
642856,6428.56
642976,6429.76
643079,6430.79
643183,6431.83
643286,6432.86
643405,6434.05
643524,6435.24
643639,6436.39
643758,6437.58
643876,6438.76
643988,6439.88
644087,6440.87
644188,6441.88
644295,6442.95
644418,6444.18
644534,6445.34
644640,6446.4
644747,6447.47
644852,6448.52
644960,6449.6
645064,6450.64
645167,6451.67
645289,6452.89
645414,6454.14
645533,6455.33
645645,6456.45
645754,6457.54
645861,6458.61
645969,6459.69
646073,6460.73
646172,6461.72
646274,6462.74
646388,6463.88
646498,6464.98
646600,6466.0
646704,6467.04
646808,6468.08
646913,6469.13
647013,6470.13
647110,6471.1
647215,6472.15
647342,6473.42
647460,6474.6
647570,6475.7
647679,6476.79
647789,6477.89
647899,6478.99
648001,6480.01
648097,6480.97
648199,6481.99
648314,6483.14
648435,6484.35
648550,6485.5
648656,6486.56
648767,6487.67
648884,6488.84
649002,6490.02
649115,6491.15
649221,6492.21
649332,6493.32
649449,6494.49
649562,6495.62
649671,6496.71
649788,6497.88
649906,6499.06
650020,6500.2
650128,6501.28
650234,6502.34
650349,6503.49
650469,6504.69
650585,6505.85
650696,6506.96
650812,6508.12
650925,6509.25
651033,6510.33
651134,6511.34
651241,6512.41
651355,6513.55
651467,6514.67
651571,6515.71
651678,6516.78
651785,6517.85
651889,6518.89
651987,6519.87
652091,6520.91
652200,6522.0
652311,6523.11
652420,6524.2
652525,6525.25
652637,6526.37
652750,6527.5
652860,6528.6
652957,6529.57
653050,6530.5
653144,6531.44
653244,6532.44
653352,6533.52
653460,6534.6
653567,6535.67
653686,6536.86
653806,6538.06
653918,6539.18
654021,6540.21
654121,6541.21
654226,6542.26
654331,6543.31
654431,6544.31
654528,6545.28
654633,6546.33
654744,6547.44
654858,6548.58
654966,6549.66
655071,6550.71
655167,6551.67
655253,6552.53
655342,6553.42
655432,6554.32
655522,6555.22
655622,6556.22
655740,6557.4
655857,6558.57
655964,6559.64
656066,6560.66
656162,6561.62
656254,6562.54
656344,6563.44
656437,6564.37
656567,6565.67
656692,6566.92
656813,6568.13
656935,6569.35
657059,6570.59
657183,6571.83
657303,6573.03
657418,6574.18
657531,6575.31
657644,6576.44
657753,6577.53
657857,6578.57
657962,6579.62
658066,6580.66
658170,6581.7
658267,6582.67
658364,6583.64
658473,6584.73
658598,6585.98
658718,6587.18
658829,6588.29
658939,6589.39
659055,6590.55
659169,6591.69
659278,6592.78
659381,6593.81
659487,6594.87
659607,6596.07
659726,6597.26
659835,6598.35
659936,6599.36
660038,6600.38
660144,6601.44
660247,6602.47
660346,6603.46
660447,6604.47
660555,6605.55
660663,6606.63
660764,6607.64
660864,6608.64
660975,6609.75
661089,6610.89
661202,6612.02
661307,6613.07
661419,6614.19
661535,6615.35
661641,6616.41
661738,6617.38
661843,6618.43
661956,6619.56
662071,6620.71
662180,6621.8
662290,6622.9
662405,6624.05
662516,6625.16
662620,6626.2
662718,6627.18
662821,6628.21
662935,6629.35
663048,6630.48
663151,6631.51
663249,6632.49
663357,6633.57
663474,6634.74
663586,6635.86
663687,6636.87
663788,6637.88
663889,6638.89
663996,6639.96
664099,6640.99
664199,6641.99
664310,6643.1
664435,6644.35
664554,6645.54
664664,6646.64
664765,6647.65
664871,6648.71
664974,6649.74
665076,6650.76
665194,6651.94
665320,6653.2
665441,6654.41
665549,6655.49
665660,6656.6
665773,6657.73
665885,6658.85
665990,6659.9
666095,6660.95
666210,6662.1
666327,6663.27
666437,6664.37
666543,6665.43
666655,6666.55
666771,6667.71
666884,6668.84
666989,6669.89
667093,6670.93
667201,6672.01
667311,6673.11
667411,6674.11
667507,6675.07
667608,6676.08
667718,6677.18
667826,6678.26
667929,6679.29
668036,6680.36
668156,6681.56
668274,6682.74
668383,6683.83
668485,6684.85
668596,6685.96
668712,6687.12
668821,6688.21
668922,6689.22
669025,6690.25
669132,6691.32
669241,6692.41
669346,6693.46
669449,6694.49
669555,6695.55
669664,6696.64
669767,6697.67
669867,6698.67
669975,6699.75
670087,6700.87
670198,6701.98
670301,6703.01
670402,6704.02
670505,6705.05
670611,6706.11
670719,6707.19
670825,6708.25
670938,6709.38
671055,6710.55
671168,6711.68
671274,6712.74
671386,6713.86
671501,6715.01
671611,6716.11
671715,6717.15
671824,6718.24
671940,6719.4
672052,6720.52
672158,6721.58
672270,6722.7
672382,6723.82
672485,6724.85
672588,6725.88
672696,6726.96
672805,6728.05
672908,6729.08
673003,6730.03
673104,6731.04
673211,6732.11
673316,6733.16
673417,6734.17
673518,6735.18
673623,6736.23
673729,6737.29
673826,6738.26
673921,6739.21
674032,6740.32
674149,6741.49
674262,6742.62
674371,6743.71
674483,6744.83
674594,6745.94
674699,6746.99
674798,6747.98
674906,6749.06
675028,6750.28
675145,6751.45
675254,6752.54
675363,6753.63
675480,6754.8
675595,6755.95
675701,6757.01
675806,6758.06
675922,6759.22
676038,6760.38
676148,6761.48
676250,6762.5
676357,6763.57
676463,6764.63
676566,6765.66
676665,6766.65
676769,6767.69
676883,6768.83
676998,6769.98
677108,6771.08
677208,6772.08
677311,6773.11
677418,6774.18
677518,6775.18
677615,6776.15
677720,6777.2
677831,6778.31
677942,6779.42
678049,6780.49
678156,6781.56
678264,6782.64
678374,6783.74
678474,6784.74
678566,6785.66
678659,6786.59
678754,6787.54
678848,6788.48
678944,6789.44
679047,6790.47
679179,6791.79
679301,6793.01
679420,6794.2
679540,6795.4
679660,6796.6
679776,6797.76
679884,6798.84
679990,6799.9
680099,6800.99
680208,6802.08
680321,6803.21
680446,6804.46
680568,6805.68
680683,6806.83
680789,6807.89
680901,6809.01
681019,6810.19
681131,6811.31
681236,6812.36
681341,6813.41
681448,6814.48
681553,6815.53
681653,6816.53
681757,6817.57
681865,6818.65
681966,6819.66
682065,6820.65
682172,6821.72
682277,6822.77
682378,6823.78
682475,6824.75
682572,6825.72
682672,6826.72
682773,6827.73
682873,6828.73
682970,6829.7
683075,6830.75
683193,6831.93
683308,6833.08
683416,6834.16
683508,6835.08
683598,6835.98
683697,6836.97
683795,6837.95
683898,6838.98
684015,6840.15
684141,6841.41
684260,6842.6
684368,6843.68
684476,6844.76
684602,6846.02
684723,6847.23
684837,6848.37
684956,6849.56
685071,6850.71
685176,6851.76
685275,6852.75
685369,6853.69
685474,6854.74
685585,6855.85
685700,6857.0
685810,6858.1
685924,6859.24
686054,6860.54
686177,6861.77
686296,6862.96
686415,6864.15
686534,6865.34
686654,6866.54
686772,6867.72
686881,6868.81
686993,6869.93
687112,6871.12
687229,6872.29
687335,6873.35
687436,6874.36
687544,6875.44
687664,6876.64
687783,6877.83
687893,6878.93
687996,6879.96
688107,6881.07
688223,6882.23
688331,6883.31
688431,6884.31
688537,6885.37
688656,6886.56
688769,6887.69
688873,6888.73
688977,6889.77
689086,6890.86
689201,6892.01
689309,6893.09
689412,6894.12
689519,6895.19
689630,6896.3
689739,6897.39
689841,6898.41
689941,6899.41
690047,6900.47
690154,6901.54
690257,6902.57
690359,6903.59
690487,6904.87
690606,6906.06
690723,6907.23
690837,6908.37
690952,6909.52
691068,6910.68
691176,6911.76
691280,6912.8
691390,6913.9
691509,6915.09
691624,6916.24
691732,6917.32
691836,6918.36
691952,6919.52
692072,6920.72
692185,6921.85
692293,6922.93
692410,6924.1
692526,6925.26
692637,6926.37
692742,6927.42
692853,6928.53
692979,6929.79
693101,6931.01
693215,6932.15
693328,6933.28
693441,6934.41
693546,6935.46
693644,6936.44
693744,6937.44
693852,6938.52
693958,6939.58
694059,6940.59
694162,6941.62
694269,6942.69
694379,6943.79
694485,6944.85
694586,6945.86
694693,6946.93
694807,6948.07
694916,6949.16
695018,6950.18
695124,6951.24
695240,6952.4
695349,6953.49
695452,6954.52
695555,6955.55
695666,6956.66
695774,6957.74
695876,6958.76
695981,6959.81
696091,6960.91
696204,6962.04
696305,6963.05
696400,6964.0
696499,6964.99
696600,6966.0
696699,6966.99
696797,6967.97
696912,6969.12
697041,6970.41
697161,6971.61
697278,6972.78
697397,6973.97
697516,6975.16
697633,6976.33
697748,6977.48
697860,6978.6
697974,6979.74
698087,6980.87
698195,6981.95
698301,6983.01
698422,6984.22
698540,6985.4
698651,6986.51
698754,6987.54
698860,6988.6
698978,6989.78
699090,6990.9
699196,6991.96
699299,6992.99
699409,6994.09
699518,6995.18
699623,6996.23
699738,6997.38
699849,6998.49
699957,6999.57
700063,7000.63
700178,7001.78
700301,7003.01
700420,7004.2
700530,7005.3
700639,7006.39
700754,7007.54
700870,7008.7
700977,7009.77
701083,7010.83
701198,7011.98
701317,7013.17
701426,7014.26
701528,7015.28
701635,7016.35
701747,7017.47
701856,7018.56
701957,7019.57
702065,7020.65
702175,7021.75
702283,7022.83
702383,7023.83
702486,7024.86
702596,7025.96
702710,7027.1
702814,7028.14
702914,7029.14
703024,7030.24
703139,7031.39
703248,7032.48
703347,7033.47
703449,7034.49
703564,7035.64
703679,7036.79
703784,7037.84
703889,7038.89
704005,7040.05
704127,7041.27
704243,7042.43
704352,7043.52
704462,7044.62
704573,7045.73
704678,7046.78
704778,7047.78
704887,7048.87
705009,7050.09
705120,7051.2
705227,7052.27
705339,7053.39
705454,7054.54
705562,7055.62
705663,7056.63
705769,7057.69
705888,7058.88
706006,7060.06
706116,7061.16
706225,7062.25
706342,7063.42
706461,7064.61
706572,7065.72
706677,7066.77
706788,7067.88
706904,7069.04
707013,7070.13
707117,7071.17
707229,7072.29
707340,7073.4
707445,7074.45
707548,7075.48
707655,7076.55
707764,7077.64
707869,7078.69
707967,7079.67
708069,7080.69
708178,7081.78
708282,7082.82
708382,7083.82
708484,7084.84
708596,7085.96
708708,7087.08
708814,7088.14
708920,7089.2
709027,7090.27
709139,7091.39
709244,7092.44
709342,7093.42
709453,7094.53
709574,7095.74
709689,7096.89
709793,7097.93
709896,7098.96
710003,7100.03
710105,7101.05
710202,7102.02
710308,7103.08
710420,7104.2
710529,7105.29
710633,7106.33
710737,7107.37
710846,7108.46
710955,7109.55
711058,7110.58
711160,7111.6
711279,7112.79
711400,7114.0
711511,7115.11
711611,7116.11
711713,7117.13
711821,7118.21
711927,7119.27
712026,7120.26
712127,7121.27
712234,7122.34
712349,7123.49
712460,7124.6
712564,7125.64
712672,7126.72
712784,7127.84
712895,7128.95
712997,7129.97
713097,7130.97
713199,7131.99
713305,7133.05
713406,7134.06
713502,7135.02
713613,7136.13
713726,7137.26
713833,7138.33
713933,7139.33
714035,7140.35
714145,7141.45
714262,7142.62
714373,7143.73
714479,7144.79
714593,7145.93
714711,7147.11
714822,7148.22
714934,7149.34
715047,7150.47
715155,7151.55
715255,7152.55
715355,7153.55
715461,7154.61
715573,7155.73
715682,7156.82
715785,7157.85
715895,7158.95
716005,7160.05
716114,7161.14
716214,7162.14
716315,7163.15
716427,7164.27
716538,7165.38
716640,7166.4
716738,7167.38
716840,7168.4
716937,7169.37
717029,7170.29
717117,7171.17
717203,7172.03
717300,7173.0
717412,7174.12
717533,7175.33
717651,7176.51
717770,7177.7
717892,7178.92
718011,7180.11
718128,7181.28
718245,7182.45
718362,7183.62
718476,7184.76
718587,7185.87
718689,7186.89
718798,7187.98
718916,7189.16
719030,7190.3
719135,7191.35
719246,7192.46
719358,7193.58
719468,7194.68
719572,7195.72
719678,7196.78
719793,7197.93
719907,7199.07
720012,7200.12
720110,7201.1
720210,7202.1
720313,7203.13
720417,7204.17
720516,7205.16
720613,7206.13
720722,7207.22
720843,7208.43
720954,7209.54
721056,7210.56
721157,7211.57
721261,7212.61
721384,7213.84
721498,7214.98
721606,7216.06
721721,7217.21
721840,7218.4
721948,7219.48
722049,7220.49
722149,7221.49
722261,7222.61
722378,7223.78
722487,7224.87
722589,7225.89
722693,7226.93
722795,7227.95
722895,7228.95
722991,7229.91
723085,7230.85
723189,7231.89
723307,7233.07
723427,7234.27
723536,7235.36
723644,7236.44
723757,7237.57
723869,7238.69
723971,7239.71
724068,7240.68
724170,7241.7
724272,7242.72
724370,7243.7
724467,7244.67
724570,7245.7
724691,7246.91
724804,7248.04
724909,7249.09
725018,7250.18
725133,7251.33
725243,7252.43
725342,7253.42
725439,7254.39
725539,7255.39
725650,7256.5
725755,7257.55
725855,7258.55
725965,7259.65
726080,7260.8
726185,7261.85
726283,7262.83
726380,7263.8
726481,7264.81
726586,7265.86
726689,7266.89
726790,7267.9
726903,7269.03
727028,7270.28
727148,7271.48
727257,7272.57
727364,7273.64
727479,7274.79
727596,7275.96
727704,7277.04
727809,7278.09
727919,7279.19
728033,7280.33
728138,7281.38
728238,7282.38
728342,7283.42
728453,7284.53
728565,7285.65
728672,7286.72
728778,7287.78
728894,7288.94
729009,7290.09
729114,7291.14
729210,7292.1
729307,7293.07
729412,7294.12
729525,7295.25
729631,7296.31
729732,7297.32
729844,7298.44
729961,7299.61
730068,7300.68
730170,7301.7
730279,7302.79
730396,7303.96
730508,7305.08
730611,7306.11
730714,7307.14
730821,7308.21
730928,7309.28
731027,7310.27
731123,7311.23
731223,7312.23
731337,7313.37
731452,7314.52
731563,7315.63
731665,7316.65
731774,7317.74
731887,7318.87
731994,7319.94
732093,7320.93
732196,7321.96
732307,7323.07
732420,7324.2
732528,7325.28
732630,7326.3
732737,7327.37
732855,7328.55
732974,7329.74
733076,7330.76
733183,7331.83
733297,7332.97
733411,7334.11
733511,7335.11
733612,7336.12
733727,7337.27
733845,7338.45
733957,7339.57
734061,7340.61
734176,7341.76
734290,7342.9
734394,7343.94
734491,7344.91
734599,7345.99
734719,7347.19
734834,7348.34
734941,7349.41
735049,7350.49
735163,7351.63
735271,7352.71
735372,7353.72
735473,7354.73
735578,7355.78
735687,7356.87
735790,7357.9
735889,7358.89
736000,7360.0
736114,7361.14
736226,7362.26
736327,7363.27
736431,7364.31
736538,7365.38
736644,7366.44
736743,7367.43
736841,7368.41
736952,7369.52
737071,7370.71
737181,7371.81
737283,7372.83
737390,7373.9
737499,7374.99
737604,7376.04
737701,7377.01
737791,7377.91
737888,7378.88
737985,7379.85
738090,7380.9
738187,7381.87
738284,7382.84
738400,7384.0
738522,7385.22
738641,7386.41
738748,7387.48
738855,7388.55
738973,7389.73
739089,7390.89
739194,7391.94
739299,7392.99
739420,7394.2
739537,7395.37
739643,7396.43
739743,7397.43
739847,7398.47
739959,7399.59
740064,7400.64
740163,7401.63
740267,7402.67
740386,7403.86
740501,7405.01
740605,7406.05
740707,7407.07
740816,7408.16
740928,7409.28
741029,7410.29
741124,7411.24
741223,7412.23
741333,7413.33
741440,7414.4
741537,7415.37
741630,7416.3
741729,7417.29
741828,7418.28
741920,7419.2
742009,7420.09
742103,7421.03
742197,7421.97
742293,7422.93
742391,7423.91
742486,7424.86
742594,7425.94
742719,7427.19
742837,7428.37
742944,7429.44
743048,7430.48
743157,7431.57
743264,7432.64
743366,7433.66
743470,7434.7
743594,7435.94
743717,7437.17
743827,7438.27
743930,7439.3
744039,7440.39
744151,7441.51
744257,7442.57
744359,7443.59
744460,7444.6
744572,7445.72
744688,7446.88
744796,7447.96
744900,7449.0
745012,7450.12
745121,7451.21
745225,7452.25
745321,7453.21
745417,7454.17
745523,7455.23
745636,7456.36
745740,7457.4
745841,7458.41
745954,7459.54
746070,7460.7
746179,7461.79
746279,7462.79
746390,7463.9
746504,7465.04
746611,7466.11
746708,7467.08
746805,7468.05
746903,7469.03
747003,7470.03
747101,7471.01
747196,7471.96
747297,7472.97
747414,7474.14
747529,7475.29
747637,7476.37
747740,7477.4
747858,7478.58
747974,7479.74
748083,7480.83
748184,7481.84
748282,7482.82
748383,7483.83
748492,7484.92
748596,7485.96
748692,7486.92
748795,7487.95
748912,7489.12
749030,7490.3
749136,7491.36
749233,7492.33
749333,7493.33
749434,7494.34
749541,7495.41
749639,7496.39
749736,7497.36
749839,7498.39
749952,7499.52
750068,7500.68
750174,7501.74
750278,7502.78
750385,7503.85
750490,7504.9
750587,7505.87
750688,7506.88
750795,7507.95
750909,7509.09
751014,7510.14
751116,7511.16
751221,7512.21
751334,7513.34
751442,7514.42
751540,7515.4
751639,7516.39
751741,7517.41
751849,7518.49
751950,7519.5
752047,7520.47
752152,7521.52
752258,7522.58
752358,7523.58
752454,7524.54
752555,7525.55
752665,7526.65
752773,7527.73
752879,7528.79
752983,7529.83
753097,7530.97
753212,7532.12
753314,7533.14
753410,7534.1
753516,7535.16
753639,7536.39
753750,7537.5
753855,7538.55
753959,7539.59
754070,7540.7
754179,7541.79
754277,7542.77
754374,7543.74
754477,7544.77
754586,7545.86
754691,7546.91
754790,7547.9
754892,7548.92
755007,7550.07
755122,7551.22
755230,7552.3
755337,7553.37
755455,7554.55
755565,7555.65
755669,7556.69
755768,7557.68
755874,7558.74
755984,7559.84
756087,7560.87
756186,7561.86
756293,7562.93
756398,7563.98
756500,7565.0
756613,7566.13
756727,7567.27
756833,7568.33
756926,7569.26
757022,7570.22
757124,7571.24
757227,7572.27
757326,7573.26
757428,7574.28
757555,7575.55
757677,7576.77
757795,7577.95
757906,7579.06
758017,7580.17
758131,7581.31
758236,7582.36
758334,7583.34
758439,7584.39
758549,7585.49
758648,7586.48
758742,7587.42
758835,7588.35
758936,7589.36
759041,7590.41
759147,7591.47
759249,7592.49
759360,7593.6
759481,7594.81
759599,7595.99
759706,7597.06
759809,7598.09
759916,7599.16
760022,7600.22
760122,7601.22
760217,7602.17
760313,7603.13
760415,7604.15
760534,7605.34
760645,7606.45
760755,7607.55
760875,7608.75
760992,7609.92
761096,7610.96
761195,7611.95
761302,7613.02
761407,7614.07
761506,7615.06
761610,7616.1
761733,7617.33
761851,7618.51
761959,7619.59
762059,7620.59
762165,7621.65
762276,7622.76
762380,7623.8
762478,7624.78
762578,7625.78
762689,7626.89
762804,7628.04
762913,7629.13
763013,7630.13
763119,7631.19
763230,7632.3
763339,7633.39
763439,7634.39
763541,7635.41
763647,7636.47
763760,7637.6
763866,7638.66
763969,7639.69
764075,7640.75
764182,7641.82
764279,7642.79
764374,7643.74
764469,7644.69
764570,7645.7
764667,7646.67
764763,7647.63
764870,7648.7
764986,7649.86
765096,7650.96
765197,7651.97
765304,7653.04
765417,7654.17
765522,7655.22
765618,7656.18
765719,7657.19
765822,7658.22
765934,7659.34
766038,7660.38
766144,7661.44
766260,7662.6
766378,7663.78
766487,7664.87
766591,7665.91
766700,7667.0
766814,7668.14
766921,7669.21
767022,7670.22
767131,7671.31
767249,7672.49
767364,7673.64
767468,7674.68
767570,7675.7
767679,7676.79
767794,7677.94
767903,7679.03
768000,7680.0
768103,7681.03
768206,7682.06
768310,7683.1
768407,7684.07
768504,7685.04
768609,7686.09
768731,7687.31
768843,7688.43
768945,7689.45
769050,7690.5
769155,7691.55
769253,7692.53
769349,7693.49
769445,7694.45
769558,7695.58
769675,7696.75
769781,7697.81
769880,7698.8
769988,7699.88
770100,7701.0
770205,7702.05
770304,7703.04
770403,7704.03
770510,7705.1
770616,7706.16
770718,7707.18
770819,7708.19
770930,7709.3
771036,7710.36
771135,7711.35
771238,7712.38
771350,7713.5
771457,7714.57
771558,7715.58
771661,7716.61
771770,7717.7
771886,7718.86
771991,7719.91
772089,7720.89
772193,7721.93
772301,7723.01
772402,7724.02
772498,7724.98
772598,7725.98
772704,7727.04
772808,7728.08
772905,7729.05
773000,7730.0
773103,7731.03
773212,7732.12
773320,7733.2
773418,7734.18
773518,7735.18
773617,7736.17
773718,7737.18
773814,7738.14
773907,7739.07
774010,7740.1
774127,7741.27
774240,7742.4
774347,7743.47
774454,7744.54
774570,7745.7
774683,7746.83
774789,7747.89
774885,7748.85
774983,7749.83
775082,7750.82
775178,7751.78
775273,7752.73
775382,7753.82
775510,7755.1
775630,7756.3
775739,7757.39
775845,7758.45
775957,7759.57
776061,7760.61
776159,7761.59
776257,7762.57
776365,7763.65
776470,7764.7
776571,7765.71
776668,7766.68
776771,7767.71
776876,7768.76
776976,7769.76
777073,7770.73
777170,7771.7
777284,7772.84
777402,7774.02
777507,7775.07
777606,7776.06
777713,7777.13
777824,7778.24
777929,7779.29
778029,7780.29
778134,7781.34
778242,7782.42
778350,7783.5
778449,7784.49
778551,7785.51
778659,7786.59
778771,7787.71
778875,7788.75
778970,7789.7
779074,7790.74
779177,7791.77
779278,7792.78
779372,7793.72
779464,7794.64
779575,7795.75
779695,7796.95
779810,7798.1
779914,7799.14
780018,7800.18
780124,7801.24
780221,7802.21
780313,7803.13
780403,7804.03
780504,7805.04
780610,7806.1
780714,7807.14
780816,7808.16
780926,7809.26
781051,7810.51
781167,7811.67
781270,7812.7
781368,7813.68
781476,7814.76
781594,7815.94
781701,7817.01
781801,7818.01
781904,7819.04
782011,7820.11
782117,7821.17
782215,7822.15
782309,7823.09
782407,7824.07
782505,7825.05
782614,7826.14
782720,7827.2
782819,7828.19
782928,7829.28
783047,7830.47
783155,7831.55
783255,7832.55
783367,7833.67
783482,7834.82
783583,7835.83
783678,7836.78
783778,7837.78
783884,7838.84
783992,7839.92
784092,7840.92
784187,7841.87
784292,7842.92
784406,7844.06
784505,7845.05
784600,7846.0
784699,7846.99
784801,7848.01
784901,7849.01
784997,7849.97
785091,7850.91
785199,7851.99
785322,7853.22
785430,7854.3
785528,7855.28
785627,7856.27
785727,7857.27
785831,7858.31
785929,7859.29
786026,7860.26
786132,7861.32
786251,7862.51
786361,7863.61
786455,7864.55
786543,7865.43
786630,7866.3
786721,7867.21
786810,7868.1
786897,7868.97
786986,7869.86
787114,7871.14
787237,7872.37
787356,7873.56
787474,7874.74
787594,7875.94
787711,7877.11
787812,7878.12
787906,7879.06
788009,7880.09
788131,7881.31
788247,7882.47
788353,7883.53
788460,7884.6
788578,7885.78
788695,7886.95
788796,7887.96
788895,7888.95
789002,7890.02
789125,7891.25
789235,7892.35
789336,7893.36
789447,7894.47
789564,7895.64
789678,7896.78
789777,7897.77
789878,7898.78
789983,7899.83
790088,7900.88
790184,7901.84
790277,7902.77
790379,7903.79
790506,7905.06
790626,7906.26
790732,7907.32
790834,7908.34
790942,7909.42
791051,7910.51
791152,7911.52
791246,7912.46
791344,7913.44
791456,7914.56
791572,7915.72
791677,7916.77
791780,7917.8
791891,7918.91
792008,7920.08
792111,7921.11
792209,7922.09
792312,7923.12
792430,7924.3
792545,7925.45
792646,7926.46
792745,7927.45
792850,7928.5
792969,7929.69
793077,7930.77
793176,7931.76
793279,7932.79
793389,7933.89
793501,7935.01
793603,7936.03
793704,7937.04
793820,7938.2
793942,7939.42
794048,7940.48
794147,7941.47
794251,7942.51
794367,7943.67
794483,7944.83
794586,7945.86
794685,7946.85
794792,7947.92
794902,7949.02
795004,7950.04
795099,7950.99
795196,7951.96
795298,7952.98
795404,7954.04
795502,7955.02
795595,7955.95
795692,7956.92
795799,7957.99
795914,7959.14
796021,7960.21
796120,7961.2
796229,7962.29
796342,7963.42
796451,7964.51
796549,7965.49
796645,7966.45
796747,7967.47
796860,7968.6
796963,7969.63
797059,7970.59
797158,7971.58
797271,7972.71
797382,7973.82
797488,7974.88
797594,7975.94
797709,7977.09
797827,7978.27
797935,7979.35
798035,7980.35
798140,7981.4
798255,7982.55
798363,7983.63
798464,7984.64
798575,7985.75
798687,7986.87
798790,7987.9
798883,7988.83
798976,7989.76
799075,7990.75
799194,7991.94
799304,7993.04
799406,7994.06
799510,7995.1
799618,7996.18
799724,7997.24
799820,7998.2
799912,7999.12
800009,8000.09
800114,8001.14
800221,8002.21
800324,8003.24
800431,8004.31
800556,8005.56
800674,8006.74
800783,8007.83
800888,8008.88
800999,8009.99
801113,8011.13
801216,8012.16
801311,8013.11
801411,8014.11
801517,8015.17
801618,8016.18
801715,8017.15
801815,8018.15
801925,8019.25
802034,8020.34
802133,8021.33
802227,8022.27
802324,8023.24
802431,8024.31
802538,8025.38
802638,8026.38
802735,8027.35
802840,8028.4
802957,8029.57
803064,8030.64
803163,8031.63
803263,8032.63
803371,8033.71
803476,8034.76
803572,8035.72
803664,8036.64
803758,8037.58
803856,8038.56
803960,8039.6
804056,8040.56
804149,8041.49
804257,8042.57
804372,8043.72
804485,8044.85
804587,8045.87
804684,8046.84
804788,8047.88
804890,8048.9
804985,8049.85
805075,8050.75
805178,8051.78
805287,8052.87
805393,8053.93
805493,8054.93
805586,8055.86
805689,8056.89
805803,8058.03
805911,8059.11
806009,8060.09
806106,8061.06
806213,8062.13
806323,8063.23
806423,8064.23
806519,8065.19
806617,8066.17
806722,8067.22
806825,8068.25
806920,8069.2
807009,8070.09
807103,8071.03
807201,8072.01
807301,8073.01
807395,8073.95
807487,8074.87
807591,8075.91
807712,8077.12
807823,8078.23
807921,8079.21
808023,8080.23
808136,8081.36
808248,8082.48
808351,8083.51
808444,8084.44
808543,8085.43
808647,8086.47
808749,8087.49
808845,8088.45
808942,8089.42
809057,8090.57
809178,8091.78
809284,8092.84
809383,8093.83
809490,8094.9
809598,8095.98
809698,8096.98
809793,8097.93
809891,8098.91
809992,8099.92
810101,8101.01
810199,8101.99
810297,8102.97
810404,8104.04
810508,8105.08
810602,8106.02
810696,8106.96
810791,8107.91
810886,8108.86
810986,8109.86
811083,8110.83
811178,8111.78
811286,8112.86
811410,8114.1
811525,8115.25
811627,8116.27
811724,8117.24
811827,8118.27
811932,8119.32
812030,8120.3
812123,8121.23
812219,8122.19
812321,8123.21
812433,8124.33
812540,8125.4
812638,8126.38
812738,8127.38
812845,8128.45
812953,8129.53
813050,8130.5
813146,8131.46
813250,8132.5
813366,8133.66
813477,8134.77
813577,8135.77
813678,8136.78
813782,8137.82
813891,8138.91
813989,8139.89
814089,8140.89
814197,8141.97
814298,8142.98
814393,8143.93
814499,8144.99
814613,8146.13
814726,8147.26
814825,8148.25
814922,8149.22
815025,8150.25
815132,8151.32
815231,8152.31
815329,8153.29
815436,8154.36
815557,8155.57
815668,8156.68
815771,8157.71
815873,8158.73
815980,8159.8
816088,8160.88
816186,8161.86
816279,8162.79
816380,8163.8
816484,8164.84
816589,8165.89
816685,8166.85
816779,8167.79
816882,8168.82
816990,8169.9
817096,8170.96
817196,8171.96
817303,8173.03
817426,8174.26
817545,8175.45
817653,8176.53
817752,8177.52
817856,8178.56
817964,8179.64
818066,8180.66
818163,8181.63
818273,8182.73
818393,8183.93
818506,8185.06
818607,8186.07
818709,8187.09
818811,8188.11
818919,8189.19
819015,8190.15
819108,8191.08
819205,8192.05
819305,8193.05
819413,8194.13
819512,8195.12
819609,8196.09
819707,8197.07
819813,8198.13
819922,8199.22
820021,8200.21
820117,8201.17
820218,8202.18
820323,8203.23
820424,8204.24
820521,8205.21
820614,8206.14
820718,8207.18
820830,8208.3
820932,8209.32
821028,8210.28
821127,8211.27
821236,8212.36
821338,8213.38
821434,8214.34
821532,8215.32
821634,8216.34
821735,8217.35
821830,8218.3
821923,8219.23
822021,8220.21
822131,8221.31
822243,8222.43
822345,8223.45
822442,8224.42
822546,8225.46
822656,8226.56
822762,8227.62
822859,8228.59
822953,8229.53
823051,8230.51
823149,8231.49
823247,8232.47
823337,8233.37
823434,8234.34
823541,8235.41
823663,8236.63
823774,8237.74
823877,8238.77
823988,8239.88
824103,8241.03
824207,8242.07
824303,8243.03
824401,8244.01
824503,8245.03
824604,8246.04
824700,8247.0
824791,8247.91
824892,8248.92
824997,8249.97
825097,8250.97
825192,8251.92
825283,8252.83
825382,8253.82
825478,8254.78
825570,8255.7
825660,8256.6
825751,8257.51
825852,8258.52
825964,8259.64
826067,8260.67
826164,8261.64
826262,8262.62
826369,8263.69
826473,8264.73
826572,8265.72
826674,8266.74
826783,8267.83
826895,8268.95
826995,8269.95
827090,8270.9
827189,8271.89
827293,8272.93
827393,8273.93
827477,8274.77
827561,8275.61
827649,8276.49
827744,8277.44
827835,8278.35
827924,8279.24
828012,8280.12
828103,8281.03
828188,8281.88
828272,8282.72
828355,8283.55
828440,8284.4
828528,8285.28
828614,8286.14
828700,8287.0
828802,8288.02
828896,8288.96
828984,8289.84
829070,8290.7
829165,8291.65
829256,8292.56
829351,8293.51
829442,8294.42
829554,8295.54
829685,8296.85
829811,8298.11
829932,8299.32
830053,8300.53
830173,8301.73
830287,8302.87
830397,8303.97
830501,8305.01
830603,8306.03
830698,8306.98
830791,8307.91
830883,8308.83
830979,8309.79
831080,8310.8
831185,8311.85
831302,8313.02
831420,8314.2
831548,8315.48
831679,8316.79
831806,8318.06
831930,8319.3
832051,8320.51
832166,8321.66
832282,8322.82
832390,8323.9
832492,8324.92
832603,8326.03
832723,8327.23
832841,8328.41
832950,8329.5
833054,8330.54
833163,8331.63
833276,8332.76
833382,8333.82
833481,8334.81
833585,8335.85
833707,8337.07
833827,8338.27
833936,8339.36
834038,8340.38
834150,8341.5
834269,8342.69
834381,8343.81
834486,8344.86
834588,8345.88
834699,8346.99
834810,8348.1
834915,8349.15
835014,8350.14
835123,8351.23
835230,8352.3
835334,8353.34
835435,8354.35
835535,8355.35
835645,8356.45
835768,8357.68
835882,8358.82
835992,8359.92
836103,8361.03
836226,8362.26
836338,8363.38
836444,8364.44
836563,8365.63
836686,8366.86
836801,8368.01
836903,8369.03
837007,8370.07
837115,8371.15
837227,8372.27
837330,8373.3
837428,8374.28
837525,8375.25
837625,8376.25
837718,8377.18
837804,8378.04
837893,8378.93
837980,8379.8
838067,8380.67
838157,8381.57
838244,8382.44
838328,8383.28
838408,8384.08
838486,8384.86
838563,8385.63
838639,8386.39
838714,8387.14
838789,8387.89
838864,8388.64
838939,8389.39
839013,8390.13
839089,8390.89
839166,8391.66
839243,8392.43
839321,8393.21
839399,8393.99
839473,8394.73
839548,8395.48
839622,8396.22
839694,8396.94
839765,8397.65
839836,8398.36
839905,8399.05
839972,8399.72
840039,8400.39
840106,8401.06
840175,8401.75
840249,8402.49
840344,8403.44
840450,8404.5
840556,8405.56
840665,8406.65
840775,8407.75
840885,8408.85
840997,8409.97
841110,8411.1
841222,8412.22
841329,8413.29
841442,8414.42
841559,8415.59
841671,8416.71
841780,8417.8
841868,8418.68
841946,8419.46
842023,8420.23
842097,8420.97
842179,8421.79
842292,8422.92
842405,8424.05
842509,8425.09
842622,8426.22
842739,8427.39
842850,8428.5
842960,8429.6
843070,8430.7
843170,8431.7
843260,8432.6
843347,8433.47
843472,8434.72
843590,8435.9
843706,8437.06
843820,8438.2
843933,8439.33
844052,8440.52
844174,8441.74
844302,8443.02
844424,8444.24
844539,8445.39
844646,8446.46
844754,8447.54
844883,8448.83
845002,8450.02
845118,8451.18
845240,8452.4
845362,8453.62
845480,8454.8
845595,8455.95
845705,8457.05
845803,8458.03
845894,8458.94
845980,8459.8
846068,8460.68
846164,8461.64
846250,8462.5
846338,8463.38
846469,8464.69
846588,8465.88
846712,8467.12
846840,8468.4
846967,8469.67
847088,8470.88
847205,8472.05
847318,8473.18
847437,8474.37
847552,8475.52
847671,8476.71
847795,8477.95
847916,8479.16
848030,8480.3
848145,8481.45
848258,8482.58
848377,8483.77
848495,8484.95
848603,8486.03
848715,8487.15
848826,8488.26
848942,8489.42
849048,8490.48
849159,8491.59
849279,8492.79
849398,8493.98
849514,8495.14
849623,8496.23
849738,8497.38
849858,8498.58
849973,8499.73
850078,8500.78
850186,8501.86
850311,8503.11
850426,8504.26
850537,8505.37
850649,8506.49
850762,8507.62
850876,8508.76
850986,8509.86
851096,8510.96
851204,8512.04
851309,8513.09
851412,8514.12
851514,8515.14
851636,8516.36
851757,8517.57
851873,8518.73
851988,8519.88
852104,8521.04
852220,8522.2
852334,8523.34
852445,8524.45
852559,8525.59
852676,8526.76
852792,8527.92
852905,8529.05
853019,8530.19
853134,8531.34
853249,8532.49
853361,8533.61
853473,8534.73
853582,8535.82
853693,8536.93
853796,8537.96
853897,8538.97
854008,8540.08
854126,8541.26
854242,8542.42
854340,8543.4
854428,8544.28
854508,8545.08
854588,8545.88
854672,8546.72
854792,8547.92
854904,8549.04
855017,8550.17
855129,8551.29
855246,8552.46
855363,8553.63
855476,8554.76
855594,8555.94
855715,8557.15
855836,8558.36
855955,8559.55
856076,8560.76
856196,8561.96
856316,8563.16
856432,8564.32
856547,8565.47
856663,8566.63
856777,8567.77
856890,8568.9
857005,8570.05
857120,8571.2
857233,8572.33
857345,8573.45
857460,8574.6
857574,8575.74
857684,8576.84
857796,8577.96
857914,8579.14
858033,8580.33
858152,8581.52
858266,8582.66
858381,8583.81
858498,8584.98
858612,8586.12
858723,8587.23
858835,8588.35
858951,8589.51
859061,8590.61
859164,8591.64
859277,8592.77
859401,8594.01
859521,8595.21
859633,8596.33
859744,8597.44
859862,8598.62
859958,8599.58
860055,8600.55
860174,8601.74
860295,8602.95
860412,8604.12
860526,8605.26
860641,8606.41
860758,8607.58
860872,8608.72
860974,8609.74
861068,8610.68
861160,8611.6
861245,8612.45
861329,8613.29
861411,8614.11
861494,8614.94
861576,8615.76
861656,8616.56
861737,8617.37
861821,8618.21
861903,8619.03
861991,8619.91
862095,8620.95
862221,8622.21
862339,8623.39
862459,8624.59
862581,8625.81
862706,8627.06
862829,8628.29
862949,8629.49
863071,8630.71
863194,8631.94
863313,8633.13
863424,8634.24
863528,8635.28
863635,8636.35
863752,8637.52
863865,8638.65
863971,8639.71
864083,8640.83
864197,8641.97
864308,8643.08
864403,8644.03
864491,8644.91
864580,8645.8
864705,8647.05
864824,8648.24
864943,8649.43
865061,8650.61
865187,8651.87
865313,8653.13
865434,8654.34
865552,8655.52
865675,8656.75
865797,8657.97
865915,8659.15
866025,8660.25
866140,8661.4
866263,8662.63
866378,8663.78
866481,8664.81
866585,8665.85
866698,8666.98
866809,8668.09
866914,8669.14
867019,8670.19
867142,8671.42
867262,8672.62
867376,8673.76
867480,8674.8
867587,8675.87
867706,8677.06
867816,8678.16
867923,8679.23
868039,8680.39
868167,8681.67
868287,8682.87
868397,8683.97
868508,8685.08
868624,8686.24
868740,8687.4
868848,8688.48
868961,8689.61
869086,8690.86
869206,8692.06
869316,8693.16
869424,8694.24
869535,8695.35
869650,8696.5
869762,8697.62
869870,8698.7
869989,8699.89
870106,8701.06
870214,8702.14
870313,8703.13
870414,8704.14
870518,8705.18
870620,8706.2
870719,8707.19
870822,8708.22
870951,8709.51
871074,8710.74
871193,8711.93
871309,8713.09
871424,8714.24
871537,8715.37
871639,8716.39
871735,8717.35
871840,8718.4
871960,8719.6
872074,8720.74
872178,8721.78
872284,8722.84
872400,8724.0
872516,8725.16
872624,8726.24
872725,8727.25
872838,8728.38
872954,8729.54
873064,8730.64
873164,8731.64
873262,8732.62
873364,8733.64
873469,8734.69
873569,8735.69
873666,8736.66
873772,8737.72
873897,8738.97
874013,8740.13
874121,8741.21
874234,8742.34
874356,8743.56
874470,8744.7
874577,8745.77
874694,8746.94
874810,8748.1
874922,8749.22
875027,8750.27
875130,8751.3
875239,8752.39
875352,8753.52
875455,8754.55
875553,8755.53
875656,8756.56
875772,8757.72
875888,8758.88
875995,8759.95
876104,8761.04
876218,8762.18
876332,8763.32
876434,8764.34
876528,8765.28
876630,8766.3
876744,8767.44
876862,8768.62
876969,8769.69
877080,8770.8
877207,8772.07
877325,8773.25
877432,8774.32
877538,8775.38
877648,8776.48
877757,8777.57
877858,8778.58
877958,8779.58
878085,8780.85
878207,8782.07
878320,8783.2
878427,8784.27
878535,8785.35
878646,8786.46
878747,8787.47
878844,8788.44
878948,8789.48
879065,8790.65
879180,8791.8
879288,8792.88
879392,8793.92
879504,8795.04
879622,8796.22
879730,8797.3
879826,8798.26
879926,8799.26
880039,8800.39
880161,8801.61
880275,8802.75
880392,8803.92
880503,8805.03
880602,8806.02
880694,8806.94
880788,8807.88
880892,8808.92
881025,8810.25
881145,8811.45
881264,8812.64
881387,8813.87
881509,8815.09
881625,8816.25
881737,8817.37
881844,8818.44
881955,8819.55
882063,8820.63
882163,8821.63
882265,8822.65
882377,8823.77
882497,8824.97
882609,8826.09
882716,8827.16
882824,8828.24
882933,8829.33
883034,8830.34
883131,8831.31
883240,8832.4
883367,8833.67
883486,8834.86
883594,8835.94
883704,8837.04
883818,8838.18
883926,8839.26
884027,8840.27
884129,8841.29
884252,8842.52
884365,8843.65
884468,8844.68
884573,8845.73
884690,8846.9
884806,8848.06
884913,8849.13
885021,8850.21
885130,8851.3
885241,8852.41
885347,8853.47
885447,8854.47
885557,8855.57
885676,8856.76
885793,8857.93
885904,8859.04
886017,8860.17
886133,8861.33
886244,8862.44
886344,8863.44
886443,8864.43
886543,8865.43
886647,8866.47
886751,8867.51
886853,8868.53
886972,8869.72
887090,8870.9
887199,8871.99
887305,8873.05
887414,8874.14
887525,8875.25
887630,8876.3
887733,8877.33
887848,8878.48
887968,8879.68
888077,8880.77
888176,8881.76
888276,8882.76
888382,8883.82
888485,8884.85
888586,8885.86
888692,8886.92
888797,8887.97
888902,8889.02
889003,8890.03
889106,8891.06
889233,8892.33
889354,8893.54
889462,8894.62
889569,8895.69
889674,8896.74
889779,8897.79
889882,8898.82
889991,8899.91
890117,8901.17
890240,8902.4
890354,8903.54
890462,8904.62
890582,8905.82
890705,8907.05
890819,8908.19
890926,8909.26
891033,8910.33
891142,8911.42
891244,8912.44
891340,8913.4
891436,8914.36
891546,8915.46
891664,8916.64
891777,8917.77
891885,8918.85
892001,8920.01
892119,8921.19
892228,8922.28
892329,8923.29
892433,8924.33
892545,8925.45
892657,8926.57
892764,8927.64
892876,8928.76
892992,8929.92
893106,8931.06
893211,8932.11
893317,8933.17
893431,8934.31
893547,8935.47
893657,8936.57
893764,8937.64
893869,8938.69
893976,8939.76
894076,8940.76
894175,8941.75
894293,8942.93
894416,8944.16
894529,8945.29
894640,8946.4
894757,8947.57
894871,8948.71
894979,8949.79
895086,8950.86
895200,8952.0
895310,8953.1
895415,8954.15
895514,8955.14
895626,8956.26
895744,8957.44
895853,8958.53
895954,8959.54
896058,8960.58
896168,8961.68
896274,8962.74
896375,8963.75
896472,8964.72
896572,8965.72
896677,8966.77
896776,8967.76
896873,8968.73
896975,8969.75
897096,8970.96
897217,8972.17
897318,8973.18
897411,8974.11
897508,8975.08
897616,8976.16
897725,8977.25
897828,8978.28
897934,8979.34
898049,8980.49
898165,8981.65
898274,8982.74
898381,8983.81
898495,8984.95
898617,8986.17
898728,8987.28
898833,8988.33
898946,8989.46
899067,8990.67
899181,8991.81
899288,8992.88
899403,8994.03
899520,8995.2
899631,8996.31
899737,8997.37
899849,8998.49
899962,8999.62
900069,9000.69
900172,9001.72
900283,9002.83
900403,9004.03
900514,9005.14
900620,9006.2
900727,9007.27
900834,9008.34
900935,9009.35
901031,9010.31
901135,9011.35
901256,9012.56
901377,9013.77
901485,9014.85
901589,9015.89
901695,9016.95
901801,9018.01
901904,9019.04
902003,9020.03
902107,9021.07
902219,9022.19
902327,9023.27
902427,9024.27
902527,9025.27
902638,9026.38
902752,9027.52
902856,9028.56
902956,9029.56
903065,9030.65
903180,9031.8
903290,9032.9
903390,9033.9
903489,9034.89
903594,9035.94
903703,9037.03
903805,9038.05
903902,9039.02
904006,9040.06
904115,9041.15
904224,9042.24
904327,9043.27
904427,9044.27
904533,9045.33
904646,9046.46
904754,9047.54
904858,9048.58
904966,9049.66
905081,9050.81
905196,9051.96
905300,9053.0
905399,9053.99
905505,9055.05
905620,9056.2
905731,9057.31
905834,9058.34
905942,9059.42
906062,9060.62
906177,9061.77
906283,9062.83
906393,9063.93
906498,9064.98
906601,9066.01
906697,9066.97
906793,9067.93
906897,9068.97
907011,9070.11
907122,9071.22
907226,9072.26
907330,9073.3
907448,9074.48
907567,9075.67
907677,9076.77
907780,9077.8
907887,9078.87
907996,9079.96
908096,9080.96
908191,9081.91
908292,9082.92
908401,9084.01
908509,9085.09
908612,9086.12
908714,9087.14
908828,9088.28
908945,9089.45
909063,9090.63
909172,9091.72
909281,9092.81
909392,9093.92
909501,9095.01
909603,9096.03
909699,9096.99
909803,9098.03
909919,9099.19
910034,9100.34
910142,9101.42
910247,9102.47
910365,9103.65
910481,9104.81
910588,9105.88
910693,9106.93
910807,9108.07
910923,9109.23
911032,9110.32
911135,9111.35
911244,9112.44
911353,9113.53
911457,9114.57
911552,9115.52
911647,9116.47
911751,9117.51
911856,9118.56
911963,9119.63
912065,9120.65
912167,9121.67
912285,9122.85
912400,9124.0
912507,9125.07
912615,9126.15
912726,9127.26
912833,9128.33
912932,9129.32
913029,9130.29
913133,9131.33
913250,9132.5
913362,9133.62
913465,9134.65
913568,9135.68
913673,9136.73
913776,9137.76
913874,9138.74
913972,9139.72
914073,9140.73
914181,9141.81
914285,9142.85
914384,9143.84
914484,9144.84
914590,9145.9
914697,9146.97
914796,9147.96
914892,9148.92
914991,9149.91
915098,9150.98
915209,9152.09
915317,9153.17
915426,9154.26
915546,9155.46
915661,9156.61
915767,9157.67
915873,9158.73
915987,9159.87
916100,9161.0
916204,9162.04
916305,9163.05
916413,9164.13
916528,9165.28
916635,9166.35
916739,9167.39
916845,9168.45
916954,9169.54
917055,9170.55
917152,9171.52
917253,9172.53
917355,9173.55
917461,9174.61
917563,9175.63
917662,9176.62
917770,9177.7
917884,9178.84
917991,9179.91
918092,9180.92
918196,9181.96
918303,9183.03
918407,9184.07
918508,9185.08
918610,9186.1
918719,9187.19
918828,9188.28
918931,9189.31
919028,9190.28
919132,9191.32
919245,9192.45
919357,9193.57
919464,9194.64
919566,9195.66
919672,9196.72
919776,9197.76
919873,9198.73
919969,9199.69
920073,9200.73
920182,9201.82
920286,9202.86
920385,9203.85
920489,9204.89
920596,9205.96
920702,9207.02
920803,9208.03
920899,9208.99
921002,9210.02
921105,9211.05
921206,9212.06
921300,9213.0
921393,9213.93
921492,9214.92
921607,9216.07
921722,9217.22
921828,9218.28
921931,9219.31
922039,9220.39
922160,9221.6
922273,9222.73
922378,9223.78
922485,9224.85
922593,9225.93
922694,9226.94
922792,9227.92
922888,9228.88
922990,9229.9
923093,9230.93
923193,9231.93
923289,9232.89
923384,9233.84
923491,9234.91
923601,9236.01
923706,9237.06
923810,9238.1
923926,9239.26
924043,9240.43
924158,9241.58
924267,9242.67
924376,9243.76
924489,9244.89
924595,9245.95
924696,9246.96
924803,9248.03
924918,9249.18
925032,9250.32
925137,9251.37
925239,9252.39
925347,9253.47
925458,9254.58
925563,9255.63
925663,9256.63
925765,9257.65
925867,9258.67
925964,9259.64
926059,9260.59
926163,9261.63
926270,9262.7
926373,9263.73
926472,9264.72
926569,9265.69
926677,9266.77
926788,9267.88
926890,9268.9
926986,9269.86
927086,9270.86
927184,9271.84
927287,9272.87
927385,9273.85
927480,9274.8
927584,9275.84
927709,9277.09
927826,9278.26
927934,9279.34
928043,9280.43
928158,9281.58
928269,9282.69
928370,9283.7
928471,9284.71
928581,9285.81
928693,9286.93
928803,9288.03
928909,9289.09
929017,9290.17
929128,9291.28
929236,9292.36
929338,9293.38
929454,9294.54
929575,9295.75
929686,9296.86
929790,9297.9
929895,9298.95
930007,9300.07
930114,9301.14
930214,9302.14
930319,9303.19
930432,9304.32
930545,9305.45
930651,9306.51
930750,9307.5
930853,9308.53
930961,9309.61
931067,9310.67
931167,9311.67
931266,9312.66
931372,9313.72
931482,9314.82
931586,9315.86
931688,9316.88
931793,9317.93
931904,9319.04
932012,9320.12
932113,9321.13
932214,9322.14
932323,9323.23
932433,9324.33
932534,9325.34
932633,9326.33
932733,9327.33
932834,9328.34
932929,9329.29
933023,9330.23
933121,9331.21
933227,9332.27
933345,9333.45
933455,9334.55
933564,9335.64
933680,9336.8
933796,9337.96
933906,9339.06
934010,9340.1
934119,9341.19
934233,9342.33
934336,9343.36
934433,9344.33
934533,9345.33
934643,9346.43
934750,9347.5
934855,9348.55
934965,9349.65
935083,9350.83
935197,9351.97
935301,9353.01
935404,9354.04
935517,9355.17
935624,9356.24
935722,9357.22
935821,9358.21
935932,9359.32
936040,9360.4
936141,9361.41
936239,9362.39
936345,9363.45
936451,9364.51
936554,9365.54
936650,9366.5
936747,9367.47
936849,9368.49
936958,9369.58
937062,9370.62
937159,9371.59
937267,9372.67
937378,9373.78
937485,9374.85
937584,9375.84
937687,9376.87
937795,9377.95
937905,9379.05
938006,9380.06
938104,9381.04
938210,9382.1
938333,9383.33
938448,9384.48
938553,9385.53
938662,9386.62
938771,9387.71
938877,9388.77
938977,9389.77
939079,9390.79
939187,9391.87
939297,9392.97
939397,9393.97
939493,9394.93
939592,9395.92
939701,9397.01
939809,9398.09
939913,9399.13
940012,9400.12
940120,9401.2
940225,9402.25
940333,9403.33
940433,9404.33
940533,9405.33
940652,9406.52
940771,9407.71
940879,9408.79
940979,9409.79
941089,9410.89
941205,9412.05
941312,9413.12
941410,9414.1
941506,9415.06
941608,9416.08
941706,9417.06
941801,9418.01
941898,9418.98
942003,9420.03
942134,9421.34
942257,9422.57
942373,9423.73
942481,9424.81
942587,9425.87
942692,9426.92
942790,9427.9
942885,9428.85
942983,9429.83
943088,9430.88
943195,9431.95
943297,9432.97
943396,9433.96
943500,9435.0
943610,9436.1
943710,9437.1
943807,9438.07
943907,9439.07
944009,9440.09
944109,9441.09
944206,9442.06
944303,9443.03
944406,9444.06
944518,9445.18
944620,9446.2
944716,9447.16
944819,9448.19
944932,9449.32
945042,9450.42
945150,9451.5
945262,9452.62
945384,9453.84
945505,9455.05
945614,9456.14
945718,9457.18
945827,9458.27
945936,9459.36
946035,9460.35
946130,9461.3
946229,9462.29
946332,9463.32
946436,9464.36
946534,9465.34
946631,9466.31
946737,9467.37
946849,9468.49
946956,9469.56
947056,9470.56
947154,9471.54
947252,9472.52
947349,9473.49
947446,9474.46
947546,9475.46
947650,9476.5
947750,9477.5
947848,9478.48
947950,9479.5
948067,9480.67
948189,9481.89
948301,9483.01
948402,9484.02
948507,9485.07
948610,9486.1
948707,9487.07
948795,9487.95
948880,9488.8
948970,9489.7
949096,9490.96
949209,9492.09
949322,9493.22
949440,9494.4
949557,9495.57
949672,9496.72
949767,9497.67
949855,9498.55
949939,9499.39
950019,9500.19
950100,9501.0
950184,9501.84
950267,9502.67
950352,9503.52
950444,9504.44
950572,9505.72
950689,9506.89
950809,9508.09
950930,9509.3
951051,9510.51
951169,9511.69
951287,9512.87
951400,9514.0
951507,9515.07
951614,9516.14
951723,9517.23
951831,9518.31
951940,9519.4
952045,9520.45
952159,9521.59
952277,9522.77
952392,9523.92
952498,9524.98
952606,9526.06
952722,9527.22
952840,9528.4
952950,9529.5
953052,9530.52
953158,9531.58
953262,9532.62
953363,9533.63
953459,9534.59
953558,9535.58
953663,9536.63
953774,9537.74
953880,9538.8
953979,9539.79
954081,9540.81
954187,9541.87
954293,9542.93
954391,9543.91
954484,9544.84
954584,9545.84
954689,9546.89
954805,9548.05
954916,9549.16
955022,9550.22
955139,9551.39
955256,9552.56
955364,9553.64
955466,9554.66
955573,9555.73
955686,9556.86
955795,9557.95
955901,9559.01
956018,9560.18
956137,9561.37
956249,9562.49
956354,9563.54
956460,9564.6
956567,9565.67
956668,9566.68
956765,9567.65
956867,9568.67
956994,9569.94
957113,9571.13
957223,9572.23
957330,9573.3
957443,9574.43
957551,9575.51
957651,9576.51
957750,9577.5
957855,9578.55
957970,9579.7
958081,9580.81
958186,9581.86
958301,9583.01
958417,9584.17
958520,9585.2
958616,9586.16
958714,9587.14
958818,9588.18
958926,9589.26
959027,9590.27
959126,9591.26
959231,9592.31
959344,9593.44
959447,9594.47
959542,9595.42
959636,9596.36
959734,9597.34
959840,9598.4
959943,9599.43
960044,9600.44
960151,9601.51
960274,9602.74
960397,9603.97
960507,9605.07
960615,9606.15
960731,9607.31
960843,9608.43
960945,9609.45
961043,9610.43
961147,9611.47
961255,9612.55
961362,9613.62
961462,9614.62
961565,9615.65
961672,9616.72
961779,9617.79
961879,9618.79
961975,9619.75
962080,9620.8
962194,9621.94
962303,9623.03
962407,9624.07
962516,9625.16
962630,9626.3
962745,9627.45
962850,9628.5
962949,9629.49
963051,9630.51
963154,9631.54
963256,9632.56
963355,9633.55
963454,9634.54
963561,9635.61
963674,9636.74
963781,9637.81
963883,9638.83
963986,9639.86
964098,9640.98
964208,9642.08
964309,9643.09
964407,9644.07
964512,9645.12
964621,9646.21
964724,9647.24
964824,9648.24
964929,9649.29
965041,9650.41
965153,9651.53
965258,9652.58
965357,9653.57
965462,9654.62
965571,9655.71
965681,9656.81
965782,9657.82
965879,9658.79
965981,9659.81
966084,9660.84
966185,9661.85
966283,9662.83
966383,9663.83
966505,9665.05
966627,9666.27
966735,9667.35
966839,9668.39
966948,9669.48
967058,9670.58
967160,9671.6
967255,9672.55
967354,9673.54
967455,9674.55
967558,9675.58
967654,9676.54
967748,9677.48
967846,9678.46
967946,9679.46
968044,9680.44
968139,9681.39
968239,9682.39
968361,9683.61
968483,9684.83
968593,9685.93
968697,9686.97
968805,9688.05
968916,9689.16
969024,9690.24
969125,9691.25
969237,9692.37
969355,9693.55
969468,9694.68
969574,9695.74
969681,9696.81
969789,9697.89
969892,9698.92
969992,9699.92
970093,9700.93
970198,9701.98
970303,9703.03
970402,9704.02
970501,9705.01
970604,9706.04
970711,9707.11
970812,9708.12
970910,9709.1
971009,9710.09
971114,9711.14
971222,9712.22
971323,9713.23
971421,9714.21
971525,9715.25
971630,9716.3
971735,9717.35
971833,9718.33
971931,9719.31
972035,9720.35
972142,9721.42
972240,9722.4
972334,9723.34
972428,9724.28
972524,9725.24
972626,9726.26
972727,9727.27
972822,9728.22
972923,9729.23
973035,9730.35
973146,9731.46
973252,9732.52
973352,9733.52
973457,9734.57
973572,9735.72
973683,9736.83
973787,9737.87
973885,9738.85
973983,9739.83
974078,9740.78
974169,9741.69
974265,9742.65
974369,9743.69
974493,9744.93
974617,9746.17
974723,9747.23
974819,9748.19
974914,9749.14
975009,9750.09
975109,9751.09
975207,9752.07
975300,9753.0
975430,9754.3
975551,9755.51
975668,9756.68
975786,9757.86
975905,9759.05
976020,9760.2
976125,9761.25
976223,9762.23
976328,9763.28
976436,9764.36
976545,9765.45
976646,9766.46
976742,9767.42
976841,9768.41
976941,9769.41
977041,9770.41
977143,9771.43
977250,9772.5
977371,9773.71
977492,9774.92
977599,9775.99
977701,9777.01
977806,9778.06
977911,9779.11
978013,9780.13
978112,9781.12
978212,9782.12
978317,9783.17
978423,9784.23
978526,9785.26
978627,9786.27
978726,9787.26
978823,9788.23
978916,9789.16
979014,9790.14
979125,9791.25
979242,9792.42
979353,9793.53
979462,9794.62
979575,9795.75
979691,9796.91
979799,9797.99
979899,9798.99
980002,9800.02
980114,9801.14
980222,9802.22
980323,9803.23
980424,9804.24
980529,9805.29
980633,9806.33
980730,9807.3
980823,9808.23
980924,9809.24
981027,9810.27
981127,9811.27
981221,9812.21
981325,9813.25
981440,9814.4
981548,9815.48
981652,9816.52
981760,9817.6
981873,9818.73
981984,9819.84
982089,9820.89
982196,9821.96
982308,9823.08
982422,9824.22
982530,9825.3
982634,9826.34
982744,9827.44
982855,9828.55
982957,9829.57
983052,9830.52
983150,9831.5
983258,9832.58
983371,9833.71
983481,9834.81
983587,9835.87
983697,9836.97
983812,9838.12
983922,9839.22
984019,9840.19
984116,9841.16
984213,9842.13
984312,9843.12
984407,9844.07
984503,9845.03
984608,9846.08
984735,9847.35
984853,9848.53
984959,9849.59
985072,9850.72
985182,9851.82
985279,9852.79
985368,9853.68
985454,9854.54
985546,9855.46
985642,9856.42
985737,9857.37
985836,9858.36
985963,9859.63
986086,9860.86
986208,9862.08
986325,9863.25
986445,9864.45
986561,9865.61
986674,9866.74
986784,9867.84
986892,9868.92
987005,9870.05
987117,9871.17
987223,9872.23
987325,9873.25
987435,9874.35
987549,9875.49
987664,9876.64
987771,9877.71
987877,9878.77
987984,9879.84
988086,9880.86
988184,9881.84
988283,9882.83
988391,9883.91
988505,9885.05
988615,9886.15
988713,9887.13
988812,9888.12
988912,9889.12
989010,9890.1
989107,9891.07
989204,9892.04
989308,9893.08
989433,9894.33
989549,9895.49
989656,9896.56
989768,9897.68
989883,9898.83
989988,9899.88
990090,9900.9
990190,9901.9
990298,9902.98
990407,9904.07
990510,9905.1
990611,9906.11
990716,9907.16
990825,9908.25
990924,9909.24
991020,9910.2
991119,9911.19
991228,9912.28
991343,9913.43
991453,9914.53
991557,9915.57
991676,9916.76
991794,9917.94
991908,9919.08
992007,9920.07
992109,9921.09
992213,9922.13
992317,9923.17
992415,9924.15
992512,9925.12
992617,9926.17
992735,9927.35
992849,9928.49
992956,9929.56
993066,9930.66
993174,9931.74
993277,9932.77
993376,9933.76
993471,9934.71
993573,9935.73
993690,9936.9
993799,9937.99
993904,9939.04
994016,9940.16
994131,9941.31
994236,9942.36
994335,9943.35
994438,9944.38
994542,9945.42
994643,9946.43
994739,9947.39
994835,9948.35
994933,9949.33
995038,9950.38
995139,9951.39
995237,9952.37
995339,9953.39
995448,9954.48
995549,9955.49
995649,9956.49
995752,9957.52
995874,9958.74
995993,9959.93
996104,9961.04
996209,9962.09
996318,9963.18
996427,9964.27
996530,9965.3
996627,9966.27
996728,9967.28
996834,9968.34
996946,9969.46
997053,9970.53
997153,9971.53
997258,9972.58
997359,9973.59
997453,9974.53
997550,9975.5
997650,9976.5
997753,9977.53
997853,9978.53
997953,9979.53
998063,9980.63
998182,9981.82
998296,9982.96
998401,9984.01
998502,9985.02
998608,9986.08
998718,9987.18
998822,9988.22
998921,9989.21
999026,9990.26
999129,9991.29
999229,9992.29
999322,9993.22
999416,9994.16
999512,9995.12
999616,9996.16
999721,9997.21
999820,9998.2
999921,9999.21
1000037,10000.37
1000153,10001.53
1000264,10002.64
1000367,10003.67
1000469,10004.69
1000576,10005.76
1000676,10006.76
1000775,10007.75
1000877,10008.77
1000984,10009.84
1001093,10010.93
1001192,10011.92
1001291,10012.91
1001396,10013.96
1001502,10015.02
1001605,10016.05
1001703,10017.03
1001798,10017.98
1001900,10019.0
1002005,10020.05
1002106,10021.06
1002206,10022.06
1002305,10023.05
1002411,10024.11
1002518,10025.18
1002619,10026.19
1002715,10027.15
1002815,10028.15
1002918,10029.18
1003016,10030.16
1003114,10031.14
1003216,10032.16
1003321,10033.21
1003425,10034.25
1003524,10035.24
1003618,10036.18
1003718,10037.18
1003828,10038.28
1003943,10039.43
1004050,10040.5
1004152,10041.52
1004256,10042.56
1004359,10043.59
1004457,10044.57
1004555,10045.55
1004660,10046.6
1004779,10047.79
1004898,10048.98
1005005,10050.05
1005107,10051.07
1005214,10052.14
1005317,10053.17
1005414,10054.14
1005512,10055.12
1005615,10056.15
1005721,10057.21
1005821,10058.21
1005917,10059.17
1006017,10060.17
1006124,10061.24
1006234,10062.34
1006336,10063.36
1006432,10064.32
1006533,10065.33
1006635,10066.35
1006739,10067.39
1006838,10068.38
1006937,10069.37
1007047,10070.47
1007162,10071.62
1007278,10072.78
1007383,10073.83
1007487,10074.87
1007596,10075.96
1007698,10076.98
1007798,10077.98
1007903,10079.03
1008010,10080.1
1008111,10081.11
1008208,10082.08
1008307,10083.07
1008412,10084.12
1008521,10085.21
1008625,10086.25
1008726,10087.26
1008831,10088.31
1008936,10089.36
1009038,10090.38
1009135,10091.35
1009235,10092.35
1009344,10093.44
1009462,10094.62
1009571,10095.71
1009674,10096.74
1009780,10097.8
1009890,10098.9
1009992,10099.92
1010089,10100.89
1010187,10101.87
1010281,10102.81
1010374,10103.74
1010466,10104.66
1010559,10105.59
1010659,10106.59
1010770,10107.7
1010880,10108.8
1010983,10109.83
1011083,10110.83
1011191,10111.91
1011300,10113.0
1011401,10114.01
1011497,10114.97
1011596,10115.96
1011704,10117.04
1011806,10118.06
1011903,10119.03
1012002,10120.02
1012107,10121.07
1012212,10122.12
1012311,10123.11
1012409,10124.09
1012509,10125.09
1012607,10126.07
1012701,10127.01
1012795,10127.95
1012896,10128.96
1013001,10130.01
1013104,10131.04
1013201,10132.01
1013297,10132.97
1013399,10133.99
1013500,10135.0
1013611,10136.11
1013712,10137.12
1013816,10138.16
1013923,10139.23
1014045,10140.45
1014160,10141.6
1014265,10142.65
1014367,10143.67
1014474,10144.74
1014581,10145.81
1014682,10146.82
1014778,10147.78
1014876,10148.76
1014974,10149.74
1015088,10150.88
1015196,10151.96
1015303,10153.03
1015427,10154.27
1015552,10155.52
1015661,10156.61
1015764,10157.64
1015874,10158.74
1015989,10159.89
1016095,10160.95
1016198,10161.98
1016301,10163.01
1016404,10164.04
1016504,10165.04
1016596,10165.96
1016688,10166.88
1016785,10167.85
1016887,10168.87
1016991,10169.91
1017092,10170.92
1017189,10171.89
1017291,10172.91
1017403,10174.03
1017511,10175.11
1017612,10176.12
1017716,10177.16
1017821,10178.21
1017923,10179.23
1018021,10180.21
1018116,10181.16
1018221,10182.21
1018326,10183.26
1018427,10184.27
1018524,10185.24
1018627,10186.27
1018733,10187.33
1018838,10188.38
1018937,10189.37
1019033,10190.33
1019137,10191.37
1019249,10192.49
1019350,10193.5
1019446,10194.46
1019544,10195.44
1019634,10196.34
1019717,10197.17
1019809,10198.09
1019921,10199.21
1020035,10200.35
1020142,10201.42
1020245,10202.45
1020356,10203.56
1020470,10204.7
1020577,10205.77
1020678,10206.78
1020783,10207.83
1020890,10208.9
1020989,10209.89
1021085,10210.85
1021179,10211.79
1021278,10212.78
1021387,10213.87
1021494,10214.94
1021595,10215.95
1021694,10216.94
1021809,10218.09
1021930,10219.3
1022043,10220.43
1022147,10221.47
1022248,10222.48
1022357,10223.57
1022468,10224.68
1022574,10225.74
1022676,10226.76
1022782,10227.82
1022891,10228.91
1023002,10230.02
1023104,10231.04
1023202,10232.02
1023301,10233.01
1023402,10234.02
1023500,10235.0
1023596,10235.96
1023697,10236.97
1023802,10238.02
1023911,10239.11
1024011,10240.11
1024110,10241.1
1024213,10242.13
1024321,10243.21
1024427,10244.27
1024529,10245.29
1024628,10246.28
1024732,10247.32
1024838,10248.38
1024941,10249.41
1025038,10250.38
1025137,10251.37
1025240,10252.4
1025348,10253.48
1025450,10254.5
1025551,10255.51
1025652,10256.52
1025755,10257.55
1025857,10258.57
1025952,10259.52
1026046,10260.46
1026146,10261.46
1026246,10262.46
1026348,10263.48
1026444,10264.44
1026540,10265.4
1026636,10266.36
1026744,10267.44
1026853,10268.53
1026952,10269.52
1027051,10270.51
1027156,10271.56
1027259,10272.59
1027354,10273.54
1027449,10274.49
1027550,10275.5
1027653,10276.53
1027751,10277.51
1027846,10278.46
1027948,10279.48
1028050,10280.5
1028149,10281.49
1028244,10282.44
1028340,10283.4
1028441,10284.41
1028543,10285.43
1028641,10286.41
1028737,10287.37
1028837,10288.37
1028940,10289.4
1029043,10290.43
1029140,10291.4
1029240,10292.4
1029343,10293.43
1029443,10294.43
1029536,10295.36
1029632,10296.32
1029736,10297.36
1029852,10298.52
1029969,10299.69
1030073,10300.73
1030174,10301.74
1030277,10302.77
1030383,10303.83
1030481,10304.81
1030576,10305.76
1030679,10306.79
1030782,10307.82
1030886,10308.86
1030985,10309.85
1031079,10310.79
1031180,10311.8
1031283,10312.83
1031383,10313.83
1031479,10314.79
1031574,10315.74
1031674,10316.74
1031777,10317.77
1031879,10318.79
1031976,10319.76
1032067,10320.67
1032165,10321.65
1032260,10322.6
1032353,10323.53
1032449,10324.49
1032543,10325.43
1032654,10326.54
1032769,10327.69
1032878,10328.78
1032978,10329.78
1033080,10330.8
1033180,10331.8
1033276,10332.76
1033372,10333.72
1033466,10334.66
1033569,10335.69
1033678,10336.78
1033783,10337.83
1033880,10338.8
1033981,10339.81
1034085,10340.85
1034192,10341.92
1034292,10342.92
1034390,10343.9
1034485,10344.85
1034585,10345.85
1034687,10346.87
1034786,10347.86
1034884,10348.84
1034990,10349.9
1035098,10350.98
1035200,10352.0
1035298,10352.98
1035398,10353.98
1035501,10355.01
1035608,10356.08
1035708,10357.08
1035805,10358.05
1035906,10359.06
1036006,10360.06
1036107,10361.07
1036201,10362.01
1036294,10362.94
1036397,10363.97
1036518,10365.18
1036635,10366.35
1036741,10367.41
1036836,10368.36
1036930,10369.3
1037020,10370.2
1037112,10371.12
1037201,10372.01
1037295,10372.95
1037396,10373.96
1037508,10375.08
1037618,10376.18
1037721,10377.21
1037826,10378.26
1037938,10379.38
1038053,10380.53
1038161,10381.61
1038261,10382.61
1038364,10383.64
1038474,10384.74
1038585,10385.85
1038686,10386.86
1038794,10387.94
1038905,10389.05
1039009,10390.09
1039109,10391.09
1039206,10392.06
1039312,10393.12
1039428,10394.28
1039539,10395.39
1039639,10396.39
1039742,10397.42
1039847,10398.47
1039954,10399.54
1040056,10400.56
1040156,10401.56
1040261,10402.61
1040373,10403.73
1040484,10404.84
1040587,10405.87
1040686,10406.86
1040787,10407.87
1040887,10408.87
1040982,10409.82
1041075,10410.75
1041171,10411.71
1041275,10412.75
1041384,10413.84
1041489,10414.89
1041586,10415.86
1041679,10416.79
1041769,10417.69
1041867,10418.67
1041971,10419.71
1042084,10420.84
1042190,10421.9
1042297,10422.97
1042412,10424.12
1042520,10425.2
1042620,10426.2
1042724,10427.24
1042828,10428.28
1042931,10429.31
1043031,10430.31
1043135,10431.35
1043254,10432.54
1043370,10433.7
1043479,10434.79
1043579,10435.79
1043684,10436.84
1043788,10437.88
1043891,10438.91
1043988,10439.88
1044083,10440.83
1044182,10441.82
1044281,10442.81
1044377,10443.77
1044470,10444.7
1044570,10445.7
1044671,10446.71
1044770,10447.7
1044870,10448.7
1044975,10449.75
1045085,10450.85
1045193,10451.93
1045296,10452.96
1045394,10453.94
1045498,10454.98
1045606,10456.06
1045709,10457.09
1045807,10458.07
1045911,10459.11
1046017,10460.17
1046120,10461.2
1046217,10462.17
1046314,10463.14
1046414,10464.14
1046518,10465.18
1046616,10466.16
1046711,10467.11
1046811,10468.11
1046914,10469.14
1047018,10470.18
1047119,10471.19
1047221,10472.21
1047336,10473.36
1047450,10474.5
1047555,10475.55
1047655,10476.55
1047755,10477.55
1047853,10478.53
1047949,10479.49
1048045,10480.45
1048152,10481.52
1048269,10482.69
1048385,10483.85
1048488,10484.88
1048588,10485.88
1048694,10486.94
1048804,10488.04
1048913,10489.13
1049013,10490.13
1049115,10491.15
1049219,10492.19
1049321,10493.21
1049417,10494.17
1049512,10495.12
1049614,10496.14
1049727,10497.27
1049838,10498.38
1049941,10499.41
1050041,10500.41
1050144,10501.44
1050245,10502.45
1050341,10503.41
1050434,10504.34
1050531,10505.31
1050631,10506.31
1050737,10507.37
1050844,10508.44
1050940,10509.4
1051041,10510.41
1051140,10511.4
1051241,10512.41
1051337,10513.37
1051431,10514.31
1051529,10515.29
1051633,10516.33
1051745,10517.45
1051851,10518.51
1051960,10519.6
1052067,10520.67
1052172,10521.72
1052272,10522.72
1052368,10523.68
1052471,10524.71
1052576,10525.76
1052678,10526.78
1052775,10527.75
1052874,10528.74
1052983,10529.83
1053093,10530.93
1053200,10532.0
1053299,10532.99
1053396,10533.96
1053501,10535.01
1053612,10536.12
1053721,10537.21
1053824,10538.24
1053923,10539.23
1054026,10540.26
1054125,10541.25
1054223,10542.23
1054321,10543.21
1054426,10544.26
1054536,10545.36
1054643,10546.43
1054744,10547.44
1054849,10548.49
1054955,10549.55
1055055,10550.55
1055152,10551.52
1055257,10552.57
1055358,10553.58
1055460,10554.6
1055557,10555.57
1055651,10556.51
1055754,10557.54
1055863,10558.63
1055973,10559.73
1056077,10560.77
1056183,10561.83
1056290,10562.9
1056394,10563.94
1056491,10564.91
1056584,10565.84
1056684,10566.84
1056790,10567.9
1056893,10568.93
1056992,10569.92
1057092,10570.92
1057197,10571.97
1057303,10573.03
1057403,10574.03
1057504,10575.04
1057608,10576.08
1057712,10577.12
1057812,10578.12
1057907,10579.07
1058002,10580.02
1058099,10580.99
1058206,10582.06
1058307,10583.07
1058405,10584.05
1058508,10585.08
1058615,10586.15
1058710,10587.1
1058804,10588.04
1058896,10588.96
1058991,10589.91
1059091,10590.91
1059185,10591.85
1059280,10592.8
1059380,10593.8
1059481,10594.81
1059587,10595.87
1059686,10596.86
1059787,10597.87
1059895,10598.95
1060006,10600.06
1060110,10601.1
1060211,10602.11
1060318,10603.18
1060424,10604.24
1060522,10605.22
1060616,10606.16
1060715,10607.15
1060821,10608.21
1060927,10609.27
1061026,10610.26
1061126,10611.26
1061229,10612.29
1061335,10613.35
1061436,10614.36
1061536,10615.36
1061639,10616.39
1061744,10617.44
1061843,10618.43
1061942,10619.42
1062042,10620.42
1062154,10621.54
1062262,10622.62
1062365,10623.65
1062469,10624.69
1062570,10625.7
1062674,10626.74
1062771,10627.71
1062869,10628.69
1062972,10629.72
1063078,10630.78
1063184,10631.84
1063284,10632.84
1063384,10633.84
1063490,10634.9
1063601,10636.01
1063704,10637.04
1063800,10638.0
1063897,10638.97
1063993,10639.93
1064091,10640.91
1064188,10641.88
1064286,10642.86
1064394,10643.94
1064503,10645.03
1064608,10646.08
1064705,10647.05
1064803,10648.03
1064903,10649.03
1065000,10650.0
1065093,10650.93
1065184,10651.84
1065282,10652.82
1065381,10653.81
1065487,10654.87
1065586,10655.86
1065682,10656.82
1065784,10657.84
1065890,10658.9
1065993,10659.93
1066090,10660.9
1066187,10661.87
1066292,10662.92
1066400,10664.0
1066504,10665.04
1066602,10666.02
1066705,10667.05
1066815,10668.15
1066921,10669.21
1067022,10670.22
1067119,10671.19
1067218,10672.18
1067318,10673.18
1067417,10674.17
1067516,10675.16
1067626,10676.26
1067742,10677.42
1067849,10678.49
1067947,10679.47
1068049,10680.49
1068150,10681.5
1068250,10682.5
1068348,10683.48
1068446,10684.46
1068550,10685.5
1068652,10686.52
1068752,10687.52
1068850,10688.5
1068948,10689.48
1069055,10690.55
1069161,10691.61
1069260,10692.6
1069357,10693.57
1069460,10694.6
1069563,10695.63
1069664,10696.64
1069760,10697.6
1069856,10698.56
1069956,10699.56
1070064,10700.64
1070174,10701.74
1070274,10702.74
1070376,10703.76
1070486,10704.86
1070601,10706.01
1070703,10707.03
1070802,10708.02
1070902,10709.02
1070997,10709.97
1071089,10710.89
1071194,10711.94
1071300,10713.0
1071400,10714.0
1071497,10714.97
1071596,10715.96
1071700,10717.0
1071802,10718.02
1071900,10719.0
1071996,10719.96
1072094,10720.94
1072202,10722.02
1072304,10723.04
1072401,10724.01
1072496,10724.96
1072593,10725.93
1072699,10726.99
1072803,10728.03
1072900,10729.0
1072996,10729.96
1073096,10730.96
1073199,10731.99
1073299,10732.99
1073395,10733.95
1073495,10734.95
1073597,10735.97
1073706,10737.06
1073810,10738.1
1073912,10739.12
1074014,10740.14
1074112,10741.12
1074213,10742.13
1074310,10743.1
1074404,10744.04
1074507,10745.07
1074622,10746.22
1074728,10747.28
1074828,10748.28
1074928,10749.28
1075034,10750.34
1075131,10751.31
1075225,10752.25
1075323,10753.23
1075420,10754.2
1075518,10755.18
1075609,10756.09
1075705,10757.05
1075809,10758.09
1075922,10759.22
1076031,10760.31
1076135,10761.35
1076238,10762.38
1076341,10763.41
1076441,10764.41
1076536,10765.36
1076627,10766.27
1076728,10767.28
1076830,10768.3
1076932,10769.32
1077029,10770.29
1077125,10771.25
1077226,10772.26
1077330,10773.3
1077434,10774.34
1077533,10775.33
1077629,10776.29
1077731,10777.31
1077838,10778.38
1077945,10779.45
1078046,10780.46
1078147,10781.47
1078253,10782.53
1078358,10783.58
1078458,10784.58
1078558,10785.58
1078667,10786.67
1078776,10787.76
1078874,10788.74
1078969,10789.69
1079067,10790.67
1079169,10791.69
1079266,10792.66
1079360,10793.6
1079459,10794.59
1079563,10795.63
1079665,10796.65
1079762,10797.62
1079863,10798.63
1079967,10799.67
1080081,10800.81
1080188,10801.88
1080288,10802.88
1080386,10803.86
1080489,10804.89
1080596,10805.96
1080696,10806.96
1080796,10807.96
1080894,10808.94
1080993,10809.93
1081097,10810.97
1081198,10811.98
1081293,10812.93
1081388,10813.88
1081486,10814.86
1081586,10815.86
1081685,10816.85
1081785,10817.85
1081890,10818.9
1081996,10819.96
1082094,10820.94
1082191,10821.91
1082293,10822.93
1082396,10823.96
1082495,10824.95
1082589,10825.89
1082680,10826.8
1082777,10827.77
1082878,10828.78
1082971,10829.71
1083064,10830.64
1083155,10831.55
1083254,10832.54
1083347,10833.47
1083447,10834.47
1083538,10835.38
1083630,10836.3
1083730,10837.3
1083841,10838.41
1083951,10839.51
1084057,10840.57
1084166,10841.66
1084280,10842.8
1084389,10843.89
1084487,10844.87
1084585,10845.85
1084687,10846.87
1084794,10847.94
1084899,10848.99
1084996,10849.96
1085090,10850.9
1085191,10851.91
1085291,10852.91
1085391,10853.91
1085488,10854.88
1085581,10855.81
1085680,10856.8
1085784,10857.84
1085883,10858.83
1085977,10859.77
1086072,10860.72
1086171,10861.71
1086275,10862.75
1086377,10863.77
1086476,10864.76
1086578,10865.78
1086687,10866.87
1086795,10867.95
1086902,10869.02
1087005,10870.05
1087104,10871.04
1087208,10872.08
1087311,10873.11
1087407,10874.07
1087501,10875.01
1087595,10875.95
1087692,10876.92
1087790,10877.9
1087887,10878.87
1087982,10879.82
1088083,10880.83
1088188,10881.88
1088290,10882.9
1088386,10883.86
1088480,10884.8
1088579,10885.79
1088675,10886.75
1088772,10887.72
1088863,10888.63
1088959,10889.59
1089056,10890.56
1089157,10891.57
1089258,10892.58
1089351,10893.51
1089447,10894.47
1089547,10895.47
1089654,10896.54
1089761,10897.61
1089859,10898.59
1089957,10899.57
1090059,10900.59
1090163,10901.63
1090263,10902.63
1090358,10903.58
1090453,10904.53
1090551,10905.51
1090651,10906.51
1090749,10907.49
1090840,10908.4
1090936,10909.36
1091034,10910.34
1091131,10911.31
1091226,10912.26
1091326,10913.26
1091432,10914.32
1091538,10915.38
1091638,10916.38
1091734,10917.34
1091830,10918.3
1091929,10919.29
1092028,10920.28
1092127,10921.27
1092227,10922.27
1092335,10923.35
1092447,10924.47
1092552,10925.52
1092653,10926.53
1092752,10927.52
1092856,10928.56
1092953,10929.53
1093047,10930.47
1093136,10931.36
1093232,10932.32
1093339,10933.39
1093441,10934.41
1093542,10935.42
1093638,10936.38
1093742,10937.42
1093855,10938.55
1093968,10939.68
1094069,10940.69
1094165,10941.65
1094264,10942.64
1094368,10943.68
1094469,10944.69
1094565,10945.65
1094658,10946.58
1094761,10947.61
1094865,10948.65
1094966,10949.66
1095061,10950.61
1095151,10951.51
1095250,10952.5
1095349,10953.49
1095445,10954.45
1095539,10955.39
1095631,10956.31
1095730,10957.3
1095830,10958.3
1095937,10959.37
1096036,10960.36
1096133,10961.33
1096234,10962.34
1096342,10963.42
1096448,10964.48
1096547,10965.47
1096641,10966.41
1096738,10967.38
1096838,10968.38
1096937,10969.37
1097030,10970.3
1097127,10971.27
1097230,10972.3
1097338,10973.38
1097446,10974.46
1097547,10975.47
1097646,10976.46
1097748,10977.48
1097850,10978.5
1097949,10979.49
1098046,10980.46
1098140,10981.4
1098240,10982.4
1098343,10983.43
1098441,10984.41
1098536,10985.36
1098638,10986.38
1098740,10987.4
1098842,10988.42
1098937,10989.37
1099033,10990.33
1099132,10991.32
1099232,10992.32
1099328,10993.28
1099423,10994.23
1099522,10995.22
1099626,10996.26
1099729,10997.29
1099828,10998.28
1099925,10999.25
1100027,11000.27
1100131,11001.31
1100231,11002.31
1100326,11003.26
1100419,11004.19
1100523,11005.23
1100621,11006.21
1100719,11007.19
1100815,11008.15
1100904,11009.04
1101003,11010.03
1101105,11011.05
1101213,11012.13
1101316,11013.16
1101414,11014.14
1101510,11015.1
1101617,11016.17
1101723,11017.23
1101824,11018.24
1101925,11019.25
1102032,11020.32
1102144,11021.44
1102243,11022.43
1102341,11023.41
1102443,11024.43
1102556,11025.56
1102670,11026.7
1102771,11027.71
1102870,11028.7
1102974,11029.74
1103081,11030.81
1103182,11031.82
1103278,11032.78
1103375,11033.75
1103477,11034.77
1103585,11035.85
1103693,11036.93
1103797,11037.97
1103898,11038.98
1104004,11040.04
1104113,11041.13
1104214,11042.14
1104310,11043.1
1104406,11044.06
1104507,11045.07
1104613,11046.13
1104716,11047.16
1104822,11048.22
1104924,11049.24
1105021,11050.21
1105122,11051.22
1105224,11052.24
1105330,11053.3
1105433,11054.33
1105531,11055.31
1105632,11056.32
1105736,11057.36
1105836,11058.36
1105932,11059.32
1106030,11060.3
1106129,11061.29
1106233,11062.33
1106327,11063.27
1106423,11064.23
1106520,11065.2
1106622,11066.22
1106725,11067.25
1106819,11068.19
1106912,11069.12
1107005,11070.05
1107120,11071.2
1107229,11072.29
1107330,11073.3
1107428,11074.28
1107529,11075.29
1107632,11076.32
1107729,11077.29
1107824,11078.24
1107927,11079.27
1108039,11080.39
1108142,11081.42
1108239,11082.39
1108336,11083.36
1108435,11084.35
1108537,11085.37
1108633,11086.33
1108729,11087.29
1108825,11088.25
1108928,11089.28
1109030,11090.3
1109128,11091.28
1109224,11092.24
1109330,11093.3
1109449,11094.49
1109563,11095.63
1109669,11096.69
1109774,11097.74
1109873,11098.73
1109971,11099.71
1110066,11100.66
1110161,11101.61
1110266,11102.66
1110389,11103.89
1110513,11105.13
1110616,11106.16
1110720,11107.2
1110823,11108.23
1110931,11109.31
1111035,11110.35
1111142,11111.42
1111264,11112.64
1111385,11113.85
1111496,11114.96
1111598,11115.98
1111704,11117.04
1111809,11118.09
1111909,11119.09
1111999,11119.99
1112091,11120.91
1112187,11121.87
1112287,11122.87
1112387,11123.87
1112486,11124.86
1112590,11125.9
1112705,11127.05
1112820,11128.2
1112924,11129.24
1113024,11130.24
1113117,11131.17
1113210,11132.1
1113305,11133.05
1113408,11134.08
1113516,11135.16
1113632,11136.32
1113743,11137.43
1113846,11138.46
1113951,11139.51
1114055,11140.55
1114155,11141.55
1114252,11142.52
1114353,11143.53
1114461,11144.61
1114567,11145.67
1114671,11146.71
1114773,11147.73
1114877,11148.77
1114980,11149.8
1115077,11150.77
1115171,11151.71
1115268,11152.68
1115369,11153.69
1115476,11154.76
1115576,11155.76
1115674,11156.74
1115787,11157.87
1115910,11159.1
1116022,11160.22
1116125,11161.25
1116230,11162.3
1116338,11163.38
1116437,11164.37
1116531,11165.31
1116629,11166.29
1116731,11167.31
1116831,11168.31
1116929,11169.29
1117030,11170.3
1117137,11171.37
1117248,11172.48
1117353,11173.53
1117451,11174.51
1117547,11175.47
1117644,11176.44
1117741,11177.41
1117836,11178.36
1117933,11179.33
1118040,11180.4
1118165,11181.65
1118281,11182.81
1118386,11183.86
1118493,11184.93
1118601,11186.01
1118707,11187.07
1118808,11188.08
1118911,11189.11
1119021,11190.21
1119129,11191.29
1119231,11192.31
1119329,11193.29
1119431,11194.31
1119535,11195.35
1119635,11196.35
1119729,11197.29
1119825,11198.25
1119926,11199.26
1120034,11200.34
1120134,11201.34
1120230,11202.3
1120330,11203.3
1120432,11204.32
1120542,11205.42
1120645,11206.45
1120752,11207.52
1120852,11208.52
1120959,11209.59
1121060,11210.6
1121162,11211.62
1121273,11212.73
1121394,11213.94
1121508,11215.08
1121611,11216.11
1121714,11217.14
1121816,11218.16
1121918,11219.18
1122015,11220.15
1122106,11221.06
1122203,11222.03
1122305,11223.05
1122403,11224.03
1122501,11225.01
1122596,11225.96
1122697,11226.97
1122800,11228.0
1122899,11228.99
1122995,11229.95
1123091,11230.91
1123191,11231.91
1123292,11232.92
1123391,11233.91
1123487,11234.87
1123592,11235.92
1123693,11236.93
1123800,11238.0
1123897,11238.97
1123995,11239.95
1124098,11240.98
1124215,11242.15
1124325,11243.25
1124429,11244.29
1124526,11245.26
1124621,11246.21
1124716,11247.16
1124811,11248.11
1124902,11249.02
1125001,11250.01
1125105,11251.05
1125212,11252.12
1125311,11253.11
1125408,11254.08
1125508,11255.08
1125613,11256.13
1125720,11257.2
1125823,11258.23
1125922,11259.22
1126029,11260.29
1126136,11261.36
1126233,11262.33
1126326,11263.26
1126421,11264.21
1126519,11265.19
1126618,11266.18
1126720,11267.2
1126810,11268.1
1126896,11268.96
1126983,11269.83
1127068,11270.68
1127149,11271.49
1127228,11272.28
1127306,11273.06
1127382,11273.82
1127456,11274.56
1127529,11275.29
1127602,11276.02
1127675,11276.75
1127747,11277.47
1127820,11278.2
1127891,11278.91
1127962,11279.62
1128033,11280.33
1128104,11281.04
1128175,11281.75
1128247,11282.47
1128320,11283.2
1128393,11283.93
1128467,11284.67
1128541,11285.41
1128615,11286.15
1128689,11286.89
1128764,11287.64
1128842,11288.42
1128923,11289.23
1129009,11290.09
1129103,11291.03
1129211,11292.11
1129322,11293.22
1129437,11294.37
1129555,11295.55
1129672,11296.72
1129791,11297.91
1129898,11298.98
1129999,11299.99
1130093,11300.93
1130181,11301.81
1130269,11302.69
1130370,11303.7
1130495,11304.95
1130613,11306.13
1130730,11307.3
1130855,11308.55
1130975,11309.75
1131084,11310.84
1131185,11311.85
1131282,11312.82
1131388,11313.88
1131498,11314.98
1131593,11315.93
1131682,11316.82
1131777,11317.77
1131875,11318.75
1131969,11319.69
1132069,11320.69
1132197,11321.97
1132309,11323.09
1132406,11324.06
1132503,11325.03
1132614,11326.14
1132744,11327.44
1132866,11328.66
1132985,11329.85
1133097,11330.97
1133210,11332.1
1133322,11333.22
1133424,11334.24
1133520,11335.2
1133617,11336.17
1133720,11337.2
1133835,11338.35
1133942,11339.42
1134036,11340.36
1134129,11341.29
1134227,11342.27
1134339,11343.39
1134449,11344.49
1134561,11345.61
1134686,11346.86
1134809,11348.09
1134921,11349.21
1135027,11350.27
1135144,11351.44
1135261,11352.61
1135371,11353.71
1135478,11354.78
1135588,11355.88
1135697,11356.97
1135801,11358.01
1135900,11359.0
1135998,11359.98
1136100,11361.0
1136199,11361.99
1136290,11362.9
1136379,11363.79
1136480,11364.8
1136594,11365.94
1136700,11367.0
1136796,11367.96
1136885,11368.85
1136977,11369.77
1137081,11370.81
1137190,11371.9
1137294,11372.94
1137403,11374.03
1137524,11375.24
1137645,11376.45
1137758,11377.58
1137864,11378.64
1137966,11379.66
1138059,11380.59
1138146,11381.46
1138231,11382.31
1138316,11383.16
1138405,11384.05
1138531,11385.31
1138644,11386.44
1138758,11387.58
1138852,11388.52
1138936,11389.36
1139020,11390.2
1139105,11391.05
1139196,11391.96
1139326,11393.26
1139450,11394.5
1139571,11395.71
1139691,11396.91
1139810,11398.1
1139929,11399.29
1140039,11400.39
1140137,11401.37
1140232,11402.32
1140322,11403.22
1140413,11404.13
1140516,11405.16
1140650,11406.5
1140772,11407.72
1140893,11408.93
1141016,11410.16
1141135,11411.35
1141244,11412.44
1141348,11413.48
1141458,11414.58
1141569,11415.69
1141666,11416.66
1141763,11417.63
1141865,11418.65
1141982,11419.82
1142095,11420.95
1142210,11422.1
1142332,11423.32
1142450,11424.5
1142554,11425.54
1142647,11426.47
1142744,11427.44
1142862,11428.62
1142973,11429.73
1143079,11430.79
1143199,11431.99
1143322,11433.22
1143435,11434.35
1143542,11435.42
1143654,11436.54
1143773,11437.73
1143876,11438.76
1143970,11439.7
1144066,11440.66
1144176,11441.76
1144293,11442.93
1144409,11444.09
1144533,11445.33
1144658,11446.58
1144775,11447.75
1144874,11448.74
1144967,11449.67
1145066,11450.66
1145177,11451.77
1145301,11453.01
1145421,11454.21
1145543,11455.43
1145666,11456.66
1145788,11457.88
1145898,11458.98
1145993,11459.93
1146085,11460.85
1146179,11461.79
1146275,11462.75
1146383,11463.83
1146516,11465.16
1146642,11466.42
1146758,11467.58
1146864,11468.64
1146966,11469.66
1147068,11470.68
1147173,11471.73
1147293,11472.93
1147422,11474.22
1147540,11475.4
1147649,11476.49
1147744,11477.44
1147842,11478.42
1147962,11479.62
1148084,11480.84
1148202,11482.02
1148324,11483.24
1148446,11484.46
1148564,11485.64
1148679,11486.79
1148796,11487.96
1148914,11489.14
1149020,11490.2
1149113,11491.13
1149201,11492.01
1149295,11492.95
1149398,11493.98
1149526,11495.26
1149644,11496.44
1149763,11497.63
1149884,11498.84
1150004,11500.04
1150120,11501.2
1150225,11502.25
1150331,11503.31
1150454,11504.54
1150572,11505.72
1150675,11506.75
1150778,11507.78
1150888,11508.88
1151005,11510.05
1151109,11511.09
1151207,11512.07
1151311,11513.11
1151428,11514.28
1151548,11515.48
1151661,11516.61
1151775,11517.75
1151882,11518.82
1151987,11519.87
1152089,11520.89
1152193,11521.93
1152319,11523.19
1152441,11524.41
1152557,11525.57
1152667,11526.67
1152771,11527.71
1152877,11528.77
1152979,11529.79
1153078,11530.78
1153186,11531.86
1153305,11533.05
1153421,11534.21
1153521,11535.21
1153613,11536.13
1153710,11537.1
1153830,11538.3
1153954,11539.54
1154071,11540.71
1154191,11541.91
1154314,11543.14
1154434,11544.34
1154550,11545.5
1154666,11546.66
1154782,11547.82
1154897,11548.97
1155001,11550.01
1155098,11550.98
1155200,11552.0
1155330,11553.3
1155451,11554.51
1155563,11555.63
1155675,11556.75
1155786,11557.86
1155899,11558.99
1156004,11560.04
1156103,11561.03
1156208,11562.08
1156326,11563.26
1156436,11564.36
1156543,11565.43
1156647,11566.47
1156741,11567.41
1156831,11568.31
1156917,11569.17
1157002,11570.02
1157092,11570.92
1157192,11571.92
1157280,11572.8
1157368,11573.68
1157462,11574.62
1157590,11575.9
1157712,11577.12
1157829,11578.29
1157947,11579.47
1158065,11580.65
1158179,11581.79
1158290,11582.9
1158398,11583.98
1158505,11585.05
1158614,11586.14
1158718,11587.18
1158833,11588.33
1158957,11589.57
1159075,11590.75
1159187,11591.87
1159299,11592.99
1159406,11594.06
1159505,11595.05
1159606,11596.06
1159729,11597.29
1159851,11598.51
1159966,11599.66
1160074,11600.74
1160185,11601.85
1160293,11602.93
1160397,11603.97
1160496,11604.96
1160599,11605.99
1160708,11607.08
1160822,11608.22
1160933,11609.33
1161039,11610.39
1161147,11611.47
1161252,11612.52
1161355,11613.55
1161449,11614.49
1161538,11615.38
1161634,11616.34
1161743,11617.43
1161864,11618.64
1161978,11619.78
1162092,11620.92
1162210,11622.1
1162327,11623.27
1162431,11624.31
1162523,11625.23
1162613,11626.13
1162710,11627.1
1162825,11628.25
1162941,11629.41
1163036,11630.36
1163126,11631.26
1163218,11632.18
1163306,11633.06
1163395,11633.95
1163493,11634.93
1163581,11635.81
1163665,11636.65
1163759,11637.59
1163859,11638.59
1163949,11639.49
1164076,11640.76
1164201,11642.01
1164326,11643.26
1164444,11644.44
1164565,11645.65
1164688,11646.88
1164809,11648.09
1164923,11649.23
1165026,11650.26
1165130,11651.3
1165242,11652.42
1165356,11653.56
1165462,11654.62
1165569,11655.69
1165675,11656.75
1165780,11657.8
1165881,11658.81
1165978,11659.78
1166085,11660.85
1166200,11662.0
1166315,11663.15
1166421,11664.21
1166520,11665.2
1166620,11666.2
1166723,11667.23
1166824,11668.24
1166925,11669.25
1167021,11670.21
1167123,11671.23
1167218,11672.18
1167319,11673.19
1167417,11674.17
1167519,11675.19
1167637,11676.37
1167765,11677.65
1167886,11678.86
1168004,11680.04
1168124,11681.24
1168238,11682.38
1168345,11683.45
1168444,11684.44
1168552,11685.52
1168678,11686.78
1168799,11687.99
1168905,11689.05
1169011,11690.11
1169108,11691.08
1169203,11692.03
1169296,11692.96
1169396,11693.96
1169527,11695.27
1169650,11696.5
1169770,11697.7
1169887,11698.87
1170002,11700.02
1170114,11701.14
1170220,11702.2
1170320,11703.2
1170422,11704.22
1170525,11705.25
1170622,11706.22
1170718,11707.18
1170817,11708.17
1170925,11709.25
1171040,11710.4
1171144,11711.44
1171240,11712.4
1171342,11713.42
1171441,11714.41
1171548,11715.48
1171656,11716.56
1171764,11717.64
1171872,11718.72
1171986,11719.86
1172092,11720.92
1172194,11721.94
1172297,11722.97
1172412,11724.12
1172521,11725.21
1172620,11726.2
1172723,11727.23
1172834,11728.34
1172949,11729.49
1173056,11730.56
1173163,11731.63
1173262,11732.62
1173363,11733.63
1173460,11734.6
1173559,11735.59
1173687,11736.87
1173808,11738.08
1173929,11739.29
1174048,11740.48
1174169,11741.69
1174289,11742.89
1174406,11744.06
1174519,11745.19
1174626,11746.26
1174728,11747.28
1174832,11748.32
1174931,11749.31
1175031,11750.31
1175143,11751.43
1175257,11752.57
1175376,11753.76
1175488,11754.88
1175600,11756.0
1175712,11757.12
1175822,11758.22
1175921,11759.21
1176019,11760.19
1176126,11761.26
1176241,11762.41
1176349,11763.49
1176449,11764.49
1176549,11765.49
1176644,11766.44
1176742,11767.42
1176840,11768.4
1176937,11769.37
1177048,11770.48
1177156,11771.56
1177262,11772.62
1177363,11773.63
1177470,11774.7
1177577,11775.77
1177689,11776.89
1177800,11778.0
1177911,11779.11
1178023,11780.23
1178128,11781.28
1178228,11782.28
1178331,11783.31
1178445,11784.45
1178558,11785.58
1178663,11786.63
1178765,11787.65
1178866,11788.66
1178968,11789.68
1179069,11790.69
1179165,11791.65
1179269,11792.69
1179376,11793.76
1179481,11794.81
1179572,11795.72
1179666,11796.66
1179766,11797.66
1179896,11798.96
1180014,11800.14
1180131,11801.31
1180250,11802.5
1180369,11803.69
1180484,11804.84
1180591,11805.91
1180688,11806.88
1180787,11807.87
1180886,11808.86
1180982,11809.82
1181078,11810.78
1181179,11811.79
1181299,11812.99
1181415,11814.15
1181519,11815.19
1181614,11816.14
1181711,11817.11
1181808,11818.08
1181911,11819.11
1182014,11820.14
1182115,11821.15
1182231,11822.31
1182342,11823.42
1182445,11824.45
1182547,11825.47
1182645,11826.45
1182741,11827.41
1182844,11828.44
1182958,11829.58
1183068,11830.68
1183172,11831.72
1183271,11832.71
1183366,11833.66
1183470,11834.7
1183574,11835.74
1183672,11836.72
1183768,11837.68
1183878,11838.78
1183990,11839.9
1184098,11840.98
1184200,11842.0
1184304,11843.04
1184411,11844.11
1184513,11845.13
1184611,11846.11
1184710,11847.1
1184818,11848.18
1184919,11849.19
1185016,11850.16
1185110,11851.1
1185216,11852.16
1185326,11853.26
1185430,11854.3
1185527,11855.27
1185622,11856.22
1185719,11857.19
1185819,11858.19
1185912,11859.12
1186005,11860.05
1186101,11861.01
1186201,11862.01
1186295,11862.95
1186388,11863.88
1186481,11864.81
1186581,11865.81
1186678,11866.78
1186770,11867.7
1186868,11868.68
1186967,11869.67
1187062,11870.62
1187154,11871.54
1187251,11872.51
1187347,11873.47
1187446,11874.46
1187538,11875.38
1187627,11876.27
1187721,11877.21
1187809,11878.09
1187902,11879.02
1187990,11879.9
1188077,11880.77
1188166,11881.66
1188258,11882.58
1188350,11883.5
1188440,11884.4
1188528,11885.28
1188621,11886.21
1188712,11887.12
1188805,11888.05
1188894,11888.94
1188982,11889.82
1189070,11890.7
1189160,11891.6
1189252,11892.52
1189345,11893.45
1189433,11894.33
1189521,11895.21
1189613,11896.13
1189703,11897.03
1189799,11897.99
1189896,11898.96
1189983,11899.83
1190072,11900.72
1190162,11901.62
1190256,11902.56
1190349,11903.49
1190442,11904.42
1190531,11905.31
1190629,11906.29
1190732,11907.32
1190840,11908.4
1190941,11909.41
1191038,11910.38
1191132,11911.32
1191233,11912.33
1191335,11913.35
1191425,11914.25
1191518,11915.18
1191609,11916.09
1191704,11917.04
1191802,11918.02
1191897,11918.97
1191993,11919.93
1192093,11920.93
1192197,11921.97
1192307,11923.07
1192408,11924.08
1192505,11925.05
1192599,11925.99
1192701,11927.01
1192803,11928.03
1192906,11929.06
1193006,11930.06
1193109,11931.09
1193217,11932.17
1193317,11933.17
1193410,11934.1
1193504,11935.04
1193605,11936.05
1193705,11937.05
1193799,11937.99
1193892,11938.92
1193989,11939.89
1194084,11940.84
1194176,11941.76
1194264,11942.64
1194357,11943.57
1194448,11944.48
1194546,11945.46
1194637,11946.37
1194732,11947.32
1194828,11948.28
1194928,11949.28
1195029,11950.29
1195129,11951.29
1195225,11952.25
1195326,11953.26
1195417,11954.17
1195507,11955.07
1195598,11955.98
1195694,11956.94
1195786,11957.86
1195879,11958.79
1195978,11959.78
1196082,11960.82
1196184,11961.84
1196282,11962.82
1196383,11963.83
1196484,11964.84
1196580,11965.8
1196673,11966.73
1196768,11967.68
1196863,11968.63
1196962,11969.62
1197053,11970.53
1197144,11971.44
1197234,11972.34
1197325,11973.25
1197421,11974.21
1197512,11975.12
1197603,11976.03
1197693,11976.93
1197783,11977.83
1197878,11978.78
1197966,11979.66
1198055,11980.55
1198143,11981.43
1198233,11982.33
1198331,11983.31
1198426,11984.26
1198517,11985.17
1198607,11986.07
1198698,11986.98
1198792,11987.92
1198887,11988.87
1198976,11989.76
1199069,11990.69
1199161,11991.61
1199260,11992.6
1199353,11993.53
1199445,11994.45
1199535,11995.35
1199626,11996.26
1199712,11997.12
1199798,11997.98
1199886,11998.86
1199976,11999.76
1200072,12000.72
1200169,12001.69
1200260,12002.6
1200352,12003.52
1200446,12004.46
1200540,12005.4
1200632,12006.32
1200722,12007.22
1200813,12008.13
1200907,12009.07
1201001,12010.01
1201093,12010.93
1201185,12011.85
1201275,12012.75
1201366,12013.66
1201459,12014.59
1201550,12015.5
1201640,12016.4
1201729,12017.29
1201821,12018.21
1201913,12019.13
1202003,12020.03
1202095,12020.95
1202196,12021.96
1202297,12022.97
1202393,12023.93
1202489,12024.89
1202583,12025.83
1202675,12026.75
1202767,12027.67
1202861,12028.61
1202957,12029.57
1203048,12030.48
1203140,12031.4
1203232,12032.32
1203326,12033.26
1203420,12034.2
1203510,12035.1
1203600,12036.0
1203690,12036.9
1203782,12037.82
1203872,12038.72
1203960,12039.6
1204049,12040.49
1204138,12041.38
1204228,12042.28
1204316,12043.16
1204405,12044.05
1204493,12044.93
1204581,12045.81
1204672,12046.72
1204759,12047.59
1204846,12048.46
1204938,12049.38
1205033,12050.33
1205124,12051.24
1205216,12052.16
1205310,12053.1
1205405,12054.05
1205500,12055.0
1205591,12055.91
1205682,12056.82
1205774,12057.74
1205867,12058.67
1205960,12059.6
1206051,12060.51
1206141,12061.41
1206230,12062.3
1206323,12063.23
1206416,12064.16
1206504,12065.04
1206594,12065.94
1206683,12066.83
1206775,12067.75
1206868,12068.68
1206959,12069.59
1207050,12070.5
1207140,12071.4
1207227,12072.27
1207314,12073.14
1207399,12073.99
1207485,12074.85
1207570,12075.7
1207659,12076.59
1207750,12077.5
1207838,12078.38
1207928,12079.28
1208014,12080.14
1208103,12081.03
1208189,12081.89
1208278,12082.78
1208363,12083.63
1208448,12084.48
1208535,12085.35
1208622,12086.22
1208712,12087.12
1208802,12088.02
1208896,12088.96
1208994,12089.94
1209100,12091.0
1209206,12092.06
1209300,12093.0
1209390,12093.9
1209479,12094.79
1209564,12095.64
1209648,12096.48
1209731,12097.31
1209815,12098.15
1209899,12098.99
1209985,12099.85
1210075,12100.75
1210169,12101.69
1210262,12102.62
1210353,12103.53
1210447,12104.47
1210542,12105.42
1210636,12106.36
1210724,12107.24
1210814,12108.14
1210905,12109.05
1211000,12110.0
1211090,12110.9
1211180,12111.8
1211270,12112.7
1211359,12113.59
1211446,12114.46
1211531,12115.31
1211616,12116.16
1211701,12117.01
1211786,12117.86
1211872,12118.72
1211962,12119.62
1212052,12120.52
1212141,12121.41
1212230,12122.3
1212319,12123.19
1212408,12124.08
1212493,12124.93
1212580,12125.8
1212665,12126.65
1212752,12127.52
1212837,12128.37
1212922,12129.22
1213005,12130.05
1213089,12130.89
1213172,12131.72
1213255,12132.55
1213339,12133.39
1213426,12134.26
1213513,12135.13
1213602,12136.02
1213691,12136.91
1213781,12137.81
1213871,12138.71
1213959,12139.59
1214045,12140.45
1214132,12141.32
1214217,12142.17
1214301,12143.01
1214383,12143.83
1214463,12144.63
1214543,12145.43
1214621,12146.21
1214700,12147.0
1214784,12147.84
1214868,12148.68
1214955,12149.55
1215042,12150.42
1215142,12151.42
1215242,12152.42
1215333,12153.33
1215421,12154.21
1215509,12155.09
1215598,12155.98
1215686,12156.86
1215773,12157.73
1215857,12158.57
1215941,12159.41
1216023,12160.23
1216105,12161.05
1216189,12161.89
1216273,12162.73
1216358,12163.58
1216442,12164.42
1216527,12165.27
1216616,12166.16
1216704,12167.04
1216792,12167.92
1216877,12168.77
1216965,12169.65
1217057,12170.57
1217152,12171.52
1217250,12172.5
1217349,12173.49
1217445,12174.45
1217543,12175.43
1217640,12176.4
1217738,12177.38
1217832,12178.32
1217928,12179.28
1218022,12180.22
1218118,12181.18
1218217,12182.17
1218317,12183.17
1218408,12184.08
1218501,12185.01
1218599,12185.99
1218699,12186.99
1218798,12187.98
1218898,12188.98
1218995,12189.95
1219095,12190.95
1219195,12191.95
1219294,12192.94
1219389,12193.89
1219482,12194.82
1219575,12195.75
1219669,12196.69
1219762,12197.62
1219856,12198.56
1219946,12199.46
1220036,12200.36
1220127,12201.27
1220220,12202.2
1220312,12203.12
1220402,12204.02
1220494,12204.94
1220588,12205.88
1220680,12206.8
1220769,12207.69
1220856,12208.56
1220942,12209.42
1221029,12210.29
1221114,12211.14
1221201,12212.01
1221291,12212.91
1221385,12213.85
1221476,12214.76
1221579,12215.79
1221682,12216.82
1221778,12217.78
1221868,12218.68
1221957,12219.57
1222047,12220.47
1222135,12221.35
1222221,12222.21
1222305,12223.05
1222388,12223.88
1222470,12224.7
1222552,12225.52
1222633,12226.33
1222714,12227.14
1222795,12227.95
1222877,12228.77
1222967,12229.67
1223075,12230.75
1223180,12231.8
1223279,12232.79
1223370,12233.7
1223457,12234.57
1223545,12235.45
1223633,12236.33
1223731,12237.31
1223826,12238.26
1223919,12239.19
1224027,12240.27
1224130,12241.3
1224238,12242.38
1224342,12243.42
1224438,12244.38
1224533,12245.33
1224630,12246.3
1224729,12247.29
1224832,12248.32
1224927,12249.27
1225022,12250.22
1225115,12251.15
1225210,12252.1
1225312,12253.12
1225409,12254.09
1225503,12255.03
1225595,12255.95
1225689,12256.89
1225780,12257.8
1225875,12258.75
1225970,12259.7
1226064,12260.64
1226159,12261.59
1226254,12262.54
1226353,12263.53
1226449,12264.49
1226543,12265.43
1226636,12266.36
1226732,12267.32
1226826,12268.26
1226920,12269.2
1227013,12270.13
1227111,12271.11
1227210,12272.1
1227302,12273.02
1227399,12273.99
1227493,12274.93
1227585,12275.85
1227679,12276.79
1227771,12277.71
1227861,12278.61
1227952,12279.52
1228041,12280.41
1228128,12281.28
1228216,12282.16
1228302,12283.02
1228389,12283.89
1228479,12284.79
1228572,12285.72
1228663,12286.63
1228752,12287.52
1228844,12288.44
1228933,12289.33
1229022,12290.22
1229109,12291.09
1229196,12291.96
1229284,12292.84
1229371,12293.71
1229459,12294.59
1229543,12295.43
1229626,12296.26
1229707,12297.07
1229788,12297.88
1229867,12298.67
1229944,12299.44
1230022,12300.22
1230100,12301.0
1230178,12301.78
1230259,12302.59
1230339,12303.39
1230421,12304.21
1230504,12305.04
1230585,12305.85
1230668,12306.68
1230749,12307.49
1230831,12308.31
1230911,12309.11
1230989,12309.89
1231067,12310.67
1231144,12311.44
1231221,12312.21
1231296,12312.96
1231372,12313.72
1231448,12314.48
1231527,12315.27
1231610,12316.1
1231697,12316.97
1231787,12317.87
1231875,12318.75
1231966,12319.66
1232060,12320.6
1232157,12321.57
1232257,12322.57
1232357,12323.57
1232454,12324.54
1232551,12325.51
1232652,12326.52
1232755,12327.55
1232859,12328.59
1232957,12329.57
1233052,12330.52
1233150,12331.5
1233252,12332.52
1233351,12333.51
1233449,12334.49
1233541,12335.41
1233638,12336.38
1233734,12337.34
1233832,12338.32
1233926,12339.26
1234019,12340.19
1234119,12341.19
1234219,12342.19
1234317,12343.17
1234413,12344.13
1234506,12345.06
1234603,12346.03
1234700,12347.0
1234796,12347.96
1234885,12348.85
1234977,12349.77
1235066,12350.66
1235158,12351.58
1235253,12352.53
1235348,12353.48
1235435,12354.35
1235525,12355.25
1235616,12356.16
1235708,12357.08
1235806,12358.06
1235905,12359.05
1235999,12359.99
1236095,12360.95
1236194,12361.94
1236292,12362.92
1236392,12363.92
1236488,12364.88
1236584,12365.84
1236678,12366.78
1236770,12367.7
1236863,12368.63
1236954,12369.54
1237042,12370.42
1237135,12371.35
1237224,12372.24
1237317,12373.17
1237410,12374.1
1237501,12375.01
1237595,12375.95
1237693,12376.93
1237793,12377.93
1237893,12378.93
1237990,12379.9
1238084,12380.84
1238177,12381.77
1238271,12382.71
1238362,12383.62
1238451,12384.51
1238540,12385.4
1238631,12386.31
1238723,12387.23
1238817,12388.17
1238910,12389.1
1239003,12390.03
1239097,12390.97
1239192,12391.92
1239285,12392.85
1239376,12393.76
1239467,12394.67
1239555,12395.55
1239641,12396.41
1239726,12397.26
1239811,12398.11
1239895,12398.95
1239981,12399.81
1240067,12400.67
1240157,12401.57
1240256,12402.56
1240352,12403.52
1240450,12404.5
1240545,12405.45
1240641,12406.41
1240738,12407.38
1240829,12408.29
1240919,12409.19
1241010,12410.1
1241099,12410.99
1241187,12411.87
1241273,12412.73
1241358,12413.58
1241443,12414.43
1241529,12415.29
1241615,12416.15
1241703,12417.03
1241790,12417.9
1241877,12418.77
1241965,12419.65
1242057,12420.57
1242150,12421.5
1242238,12422.38
1242326,12423.26
1242415,12424.15
1242503,12425.03
1242588,12425.88
1242674,12426.74
1242761,12427.61
1242849,12428.49
1242936,12429.36
1243021,12430.21
1243108,12431.08
1243197,12431.97
1243287,12432.87
1243376,12433.76
1243462,12434.62
1243549,12435.49
1243637,12436.37
1243725,12437.25
1243809,12438.09
1243895,12438.95
1243980,12439.8
1244065,12440.65
1244151,12441.51
1244237,12442.37
1244324,12443.24
1244416,12444.16
1244509,12445.09
1244601,12446.01
1244690,12446.9
1244778,12447.78
1244867,12448.67
1244956,12449.56
1245044,12450.44
1245130,12451.3
1245214,12452.14
1245298,12452.98
1245381,12453.81
1245467,12454.67
1245553,12455.53
1245639,12456.39
1245728,12457.28
1245822,12458.22
1245917,12459.17
1246006,12460.06
1246095,12460.95
1246184,12461.84
1246274,12462.74
1246359,12463.59
1246445,12464.45
1246531,12465.31
1246620,12466.2
1246712,12467.12
1246802,12468.02
1246892,12468.92
1246990,12469.9
1247087,12470.87
1247182,12471.82
1247275,12472.75
1247366,12473.66
1247460,12474.6
1247552,12475.52
1247644,12476.44
1247733,12477.33
1247821,12478.21
1247910,12479.1
1247999,12479.99
1248091,12480.91
1248180,12481.8
1248267,12482.67
1248353,12483.53
1248441,12484.41
1248530,12485.3
1248621,12486.21
1248708,12487.08
1248796,12487.96
1248886,12488.86
1248988,12489.88
1249085,12490.85
1249177,12491.77
1249270,12492.7
1249364,12493.64
1249457,12494.57
1249552,12495.52
1249643,12496.43
1249733,12497.33
1249823,12498.23
1249918,12499.18
1250015,12500.15
1250110,12501.1
1250202,12502.02
1250293,12502.93
1250389,12503.89
1250484,12504.84
1250580,12505.8
1250672,12506.72
1250767,12507.67
1250860,12508.6
1250955,12509.55
1251048,12510.48
1251138,12511.38
1251228,12512.28
1251321,12513.21
1251415,12514.15
1251505,12515.05
1251597,12515.97
1251692,12516.92
1251787,12517.87
1251884,12518.84
1251976,12519.76
1252069,12520.69
1252160,12521.6
1252253,12522.53
1252349,12523.49
1252441,12524.41
1252529,12525.29
1252617,12526.17
1252704,12527.04
1252789,12527.89
1252876,12528.76
1252964,12529.64
1253052,12530.52
1253144,12531.44
1253242,12532.42
1253343,12533.43
1253443,12534.43
1253535,12535.35
1253626,12536.26
1253718,12537.18
1253808,12538.08
1253900,12539.0
1253987,12539.87
1254073,12540.73
1254159,12541.59
1254249,12542.49
1254345,12543.45
1254442,12544.42
1254533,12545.33
1254625,12546.25
1254723,12547.23
1254816,12548.16
1254916,12549.16
1255010,12550.1
1255100,12551.0
1255192,12551.92
1255283,12552.83
1255379,12553.79
1255472,12554.72
1255561,12555.61
1255651,12556.51
1255744,12557.44
1255836,12558.36
1255936,12559.36
1256038,12560.38
1256136,12561.36
1256230,12562.3
1256329,12563.29
1256422,12564.22
1256522,12565.22
1256620,12566.2
1256715,12567.15
1256812,12568.12
1256911,12569.11
1257013,12570.13
1257106,12571.06
1257196,12571.96
1257285,12572.85
1257375,12573.75
1257474,12574.74
1257574,12575.74
1257684,12576.84
1257792,12577.92
1257897,12578.97
1258006,12580.06
1258115,12581.15
1258220,12582.2
1258315,12583.15
1258405,12584.05
1258498,12584.98
1258590,12585.9
1258688,12586.88
1258785,12587.85
1258884,12588.84
1258985,12589.85
1259089,12590.89
1259191,12591.91
1259291,12592.91
1259390,12593.9
1259492,12594.92
1259591,12595.91
1259688,12596.88
1259783,12597.83
1259887,12598.87
1259988,12599.88
1260093,12600.93
1260191,12601.91
1260288,12602.88
1260389,12603.89
1260489,12604.89
1260586,12605.86
1260681,12606.81
1260780,12607.8
1260880,12608.8
1260982,12609.82
1261081,12610.81
1261177,12611.77
1261278,12612.78
1261379,12613.79
1261480,12614.8
1261578,12615.78
1261675,12616.75
1261773,12617.73
1261874,12618.74
1261975,12619.75
1262072,12620.72
1262166,12621.66
1262264,12622.64
1262362,12623.62
1262458,12624.58
1262552,12625.52
1262645,12626.45
1262740,12627.4
1262840,12628.4
1262938,12629.38
1263033,12630.33
1263127,12631.27
1263225,12632.25
1263324,12633.24
1263423,12634.23
1263520,12635.2
1263611,12636.11
1263706,12637.06
1263801,12638.01
1263896,12638.96
1263985,12639.85
1264077,12640.77
1264172,12641.72
1264269,12642.69
1264363,12643.63
1264455,12644.55
1264549,12645.49
1264645,12646.45
1264742,12647.42
1264837,12648.37
1264933,12649.33
1265029,12650.29
1265128,12651.28
1265228,12652.28
1265326,12653.26
1265418,12654.18
1265513,12655.13
1265605,12656.05
1265696,12656.96
1265786,12657.86
1265875,12658.75
1265964,12659.64
1266057,12660.57
1266152,12661.52
1266251,12662.51
1266347,12663.47
1266442,12664.42
1266535,12665.35
1266630,12666.3
1266725,12667.25
1266818,12668.18
1266914,12669.14
1267008,12670.08
1267101,12671.01
1267193,12671.93
1267291,12672.91
1267388,12673.88
1267484,12674.84
1267578,12675.78
1267670,12676.7
1267767,12677.67
1267866,12678.66
1267965,12679.65
1268060,12680.6
1268149,12681.49
1268237,12682.37
1268323,12683.23
1268410,12684.1
1268502,12685.02
1268602,12686.02
1268698,12686.98
1268794,12687.94
1268896,12688.96
1268997,12689.97
1269097,12690.97
1269191,12691.91
1269283,12692.83
1269375,12693.75
1269467,12694.67
1269556,12695.56
1269645,12696.45
1269734,12697.34
1269825,12698.25
1269923,12699.23
1270018,12700.18
1270114,12701.14
1270210,12702.1
1270309,12703.09
1270406,12704.06
1270501,12705.01
1270596,12705.96
1270692,12706.92
1270791,12707.91
1270891,12708.91
1270991,12709.91
1271087,12710.87
1271181,12711.81
1271277,12712.77
1271371,12713.71
1271469,12714.69
1271560,12715.6
1271646,12716.46
1271730,12717.3
1271813,12718.13
1271901,12719.01
1272012,12720.12
1272141,12721.41
1272259,12722.59
1272377,12723.77
1272495,12724.95
1272610,12726.1
1272710,12727.1
1272807,12728.07
1272909,12729.09
1273005,12730.05
1273095,12730.95
1273189,12731.89
1273282,12732.82
1273384,12733.84
1273483,12734.83
1273577,12735.77
1273670,12736.7
1273766,12737.66
1273863,12738.63
1273963,12739.63
1274055,12740.55
1274147,12741.47
1274244,12742.44
1274348,12743.48
1274452,12744.52
1274555,12745.55
1274654,12746.54
1274763,12747.63
1274872,12748.72
1274975,12749.75
1275069,12750.69
1275157,12751.57
1275251,12752.51
1275354,12753.54
1275464,12754.64
1275569,12755.69
1275670,12756.7
1275800,12758.0
1275922,12759.22
1276041,12760.41
1276156,12761.56
1276259,12762.59
1276360,12763.6
1276464,12764.64
1276562,12765.62
1276662,12766.62
1276764,12767.64
1276870,12768.7
1276971,12769.71
1277075,12770.75
1277187,12771.87
1277295,12772.95
1277403,12774.03
1277519,12775.19
1277633,12776.33
1277736,12777.36
1277839,12778.39
1277941,12779.41
1278041,12780.41
1278136,12781.36
1278228,12782.28
1278322,12783.22
1278420,12784.2
1278515,12785.15
1278610,12786.1
1278708,12787.08
1278810,12788.1
1278911,12789.11
1279008,12790.08
1279105,12791.05
1279202,12792.02
1279303,12793.03
1279405,12794.05
1279500,12795.0
1279596,12795.96
1279696,12796.96
1279797,12797.97
1279895,12798.95
1279991,12799.91
1280085,12800.85
1280183,12801.83
1280277,12802.77
1280372,12803.72
1280464,12804.64
1280558,12805.58
1280652,12806.52
1280751,12807.51
1280841,12808.41
1280931,12809.31
1281023,12810.23
1281117,12811.17
1281214,12812.14
1281304,12813.04
1281395,12813.95
1281480,12814.8
1281566,12815.66
1281653,12816.53
1281739,12817.39
1281825,12818.25
1281919,12819.19
1282045,12820.45
1282164,12821.64
1282280,12822.8
1282394,12823.94
1282507,12825.07
1282610,12826.1
1282710,12827.1
1282807,12828.07
1282906,12829.06
1283015,12830.15
1283128,12831.28
1283238,12832.38
1283337,12833.37
1283434,12834.34
1283525,12835.25
1283615,12836.15
1283702,12837.02
1283789,12837.89
1283874,12838.74
1283958,12839.58
1284043,12840.43
1284129,12841.29
1284215,12842.15
1284299,12842.99
1284385,12843.85
1284472,12844.72
1284559,12845.59
1284646,12846.46
1284734,12847.34
1284827,12848.27
1284919,12849.19
1285009,12850.09
1285100,12851.0
1285193,12851.93
1285286,12852.86
1285375,12853.75
1285464,12854.64
1285556,12855.56
1285647,12856.47
1285739,12857.39
1285827,12858.27
1285914,12859.14
1286003,12860.03
1286092,12860.92
1286181,12861.81
1286269,12862.69
1286356,12863.56
1286445,12864.45
1286534,12865.34
1286622,12866.22
1286708,12867.08
1286795,12867.95
1286883,12868.83
1286973,12869.73
1287064,12870.64
1287151,12871.51
1287239,12872.39
1287328,12873.28
1287418,12874.18
1287508,12875.08
1287597,12875.97
1287686,12876.86
1287775,12877.75
1287865,12878.65
1287955,12879.55
1288044,12880.44
1288131,12881.31
1288215,12882.15
1288301,12883.01
1288385,12883.85
1288469,12884.69
1288554,12885.54
1288640,12886.4
1288727,12887.27
1288818,12888.18
1288909,12889.09
1288996,12889.96
1289084,12890.84
1289174,12891.74
1289264,12892.64
1289355,12893.55
1289443,12894.43
1289531,12895.31
1289619,12896.19
1289711,12897.11
1289803,12898.03
1289893,12898.93
1289984,12899.84
1290077,12900.77
1290168,12901.68
1290261,12902.61
1290350,12903.5
1290440,12904.4
1290531,12905.31
1290624,12906.24
1290716,12907.16
1290807,12908.07
1290896,12908.96
1290986,12909.86
1291075,12910.75
1291163,12911.63
1291250,12912.5
1291338,12913.38
1291428,12914.28
1291519,12915.19
1291612,12916.12
1291701,12917.01
1291791,12917.91
1291882,12918.82
1291974,12919.74
1292067,12920.67
1292156,12921.56
1292245,12922.45
1292333,12923.33
1292420,12924.2
1292505,12925.05
1292591,12925.91
1292679,12926.79
1292770,12927.7
1292859,12928.59
1292948,12929.48
1293036,12930.36
1293126,12931.26
1293218,12932.18
1293312,12933.12
1293406,12934.06
1293495,12934.95
1293584,12935.84
1293676,12936.76
1293768,12937.68
1293862,12938.62
1293956,12939.56
1294048,12940.48
1294140,12941.4
1294230,12942.3
1294321,12943.21
1294410,12944.1
1294499,12944.99
1294587,12945.87
1294674,12946.74
1294768,12947.68
1294860,12948.6
1294954,12949.54
1295049,12950.49
1295142,12951.42
1295234,12952.34
1295329,12953.29
1295424,12954.24
1295517,12955.17
1295609,12956.09
1295700,12957.0
1295793,12957.93
1295886,12958.86
1295977,12959.77
1296067,12960.67
1296160,12961.6
1296254,12962.54
1296351,12963.51
1296441,12964.41
1296532,12965.32
1296624,12966.24
1296716,12967.16
1296808,12968.08
1296900,12969.0
1296991,12969.91
1297082,12970.82
1297170,12971.7
1297258,12972.58
1297346,12973.46
1297434,12974.34
1297526,12975.26
1297622,12976.22
1297718,12977.18
1297809,12978.09
1297902,12979.02
1297995,12979.95
1298088,12980.88
1298179,12981.79
1298267,12982.67
1298354,12983.54
1298442,12984.42
1298529,12985.29
1298616,12986.16
1298703,12987.03
1298789,12987.89
1298876,12988.76
1298967,12989.67
1299065,12990.65
1299165,12991.65
1299261,12992.61
1299354,12993.54
1299450,12994.5
1299545,12995.45
1299635,12996.35
1299725,12997.25
1299815,12998.15
1299908,12999.08
1299997,12999.97
1300087,13000.87
1300176,13001.76
1300264,13002.64
1300353,13003.53
1300442,13004.42
1300531,13005.31
1300622,13006.22
1300715,13007.15
1300807,13008.07
1300896,13008.96
1300984,13009.84
1301073,13010.73
1301160,13011.6
1301249,13012.49
1301337,13013.37
1301426,13014.26
1301515,13015.15
1301604,13016.04
1301693,13016.93
1301784,13017.84
1301877,13018.77
1301968,13019.68
1302061,13020.61
1302150,13021.5
1302238,13022.38
1302329,13023.29
1302417,13024.17
1302506,13025.06
1302592,13025.92
1302679,13026.79
1302765,13027.65
1302851,13028.51
1302937,13029.37
1303022,13030.22
1303107,13031.07
1303192,13031.92
1303276,13032.76
1303360,13033.6
1303445,13034.45
1303532,13035.32
1303631,13036.31
1303732,13037.32
1303835,13038.35
1303932,13039.32
1304029,13040.29
1304127,13041.27
1304218,13042.18
1304305,13043.05
1304391,13043.91
1304476,13044.76
1304561,13045.61
1304671,13046.71
1304777,13047.77
1304895,13048.95
1305014,13050.14
1305128,13051.28
1305241,13052.41
1305342,13053.42
1305441,13054.41
1305535,13055.35
1305629,13056.29
1305727,13057.27
1305820,13058.2
1305922,13059.22
1306021,13060.21
1306120,13061.2
1306219,13062.19
1306315,13063.15
1306414,13064.14
1306508,13065.08
1306604,13066.04
1306701,13067.01
1306797,13067.97
1306895,13068.95
1306991,13069.91
1307089,13070.89
1307188,13071.88
1307289,13072.89
1307389,13073.89
1307484,13074.84
1307578,13075.78
1307676,13076.76
1307774,13077.74
1307862,13078.62
1307952,13079.52
1308042,13080.42
1308139,13081.39
1308243,13082.43
1308350,13083.5
1308449,13084.49
1308548,13085.48
1308639,13086.39
1308731,13087.31
1308826,13088.26
1308915,13089.15
1309006,13090.06
1309102,13091.02
1309207,13092.07
1309309,13093.09
1309406,13094.06
1309502,13095.02
1309597,13095.97
1309696,13096.96
1309790,13097.9
1309884,13098.84
1309980,13099.8
1310075,13100.75
1310174,13101.74
1310266,13102.66
1310359,13103.59
1310452,13104.52
1310547,13105.47
1310642,13106.42
1310736,13107.36
1310833,13108.33
1310937,13109.37
1311041,13110.41
1311140,13111.4
1311237,13112.37
1311333,13113.33
1311432,13114.32
1311532,13115.32
1311631,13116.31
1311728,13117.28
1311829,13118.29
1311926,13119.26
1312025,13120.25
1312119,13121.19
1312218,13122.18
1312310,13123.1
1312410,13124.1
1312513,13125.13
1312616,13126.16
1312713,13127.13
1312810,13128.1
1312910,13129.1
1313009,13130.09
1313113,13131.13
1313214,13132.14
1313310,13133.1
1313410,13134.1
1313513,13135.13
1313617,13136.17
1313715,13137.15
1313808,13138.08
1313907,13139.07
1314000,13140.0
1314090,13140.9
1314174,13141.74
1314257,13142.57
1314338,13143.38
1314423,13144.23
1314542,13145.42
1314661,13146.61
1314773,13147.73
1314894,13148.94
1315005,13150.05
1315115,13151.15
1315223,13152.23
1315324,13153.24
1315424,13154.24
1315520,13155.2
1315614,13156.14
1315712,13157.12
1315811,13158.11
1315913,13159.13
1316009,13160.09
1316102,13161.02
1316198,13161.98
1316297,13162.97
1316397,13163.97
1316493,13164.93
1316590,13165.9
1316693,13166.93
1316795,13167.95
1316902,13169.02
1317004,13170.04
1317104,13171.04
1317206,13172.06
1317311,13173.11
1317413,13174.13
1317514,13175.14
1317611,13176.11
1317707,13177.07
1317810,13178.1
1317912,13179.12
1318015,13180.15
1318114,13181.14
1318216,13182.16
1318322,13183.22
1318427,13184.27
1318530,13185.3
1318630,13186.3
1318736,13187.36
1318846,13188.46
1318956,13189.56
1319063,13190.63
1319167,13191.67
1319275,13192.75
1319388,13193.88
1319501,13195.01
1319603,13196.03
1319702,13197.02
1319803,13198.03
1319902,13199.02
1320000,13200.0
1320095,13200.95
1320196,13201.96
1320300,13203.0
1320400,13204.0
1320497,13204.97
1320598,13205.98
1320698,13206.98
1320800,13208.0
1320892,13208.92
1320986,13209.86
1321080,13210.8
1321178,13211.78
1321275,13212.75
1321371,13213.71
1321469,13214.69
1321561,13215.61
1321658,13216.58
1321756,13217.56
1321851,13218.51
1321947,13219.47
1322043,13220.43
1322142,13221.42
1322239,13222.39
1322333,13223.33
1322426,13224.26
1322524,13225.24
1322621,13226.21
1322718,13227.18
1322809,13228.09
1322899,13228.99
1322988,13229.88
1323082,13230.82
1323180,13231.8
1323281,13232.81
1323383,13233.83
1323481,13234.81
1323576,13235.76
1323677,13236.77
1323775,13237.75
1323876,13238.76
1323974,13239.74
1324069,13240.69
1324161,13241.61
1324258,13242.58
1324366,13243.66
1324474,13244.74
1324577,13245.77
1324681,13246.81
1324788,13247.88
1324896,13248.96
1324999,13249.99
1325098,13250.98
1325198,13251.98
1325297,13252.97
1325399,13253.99
1325494,13254.94
1325586,13255.86
1325682,13256.82
1325775,13257.75
1325861,13258.61
1325945,13259.45
1326031,13260.31
1326116,13261.16
1326206,13262.06
1326319,13263.19
1326441,13264.41
1326556,13265.56
1326657,13266.57
1326756,13267.56
1326856,13268.56
1326955,13269.55
1327051,13270.51
1327142,13271.42
1327234,13272.34
1327335,13273.35
1327433,13274.33
1327532,13275.32
1327630,13276.3
1327729,13277.29
1327847,13278.47
1327967,13279.67
1328079,13280.79
1328181,13281.81
1328281,13282.81
1328384,13283.84
1328486,13284.86
1328585,13285.85
1328682,13286.82
1328792,13287.92
1328903,13289.03
1329016,13290.16
1329125,13291.25
1329228,13292.28
1329333,13293.33
1329443,13294.43
1329546,13295.46
1329644,13296.44
1329743,13297.43
1329849,13298.49
1329954,13299.54
1330060,13300.6
1330166,13301.66
1330276,13302.76
1330396,13303.96
1330511,13305.11
1330614,13306.14
1330713,13307.13
1330811,13308.11
1330909,13309.09
1331005,13310.05
1331100,13311.0
1331196,13311.96
1331308,13313.08
1331421,13314.21
1331529,13315.29
1331629,13316.29
1331729,13317.29
1331830,13318.3
1331932,13319.32
1332028,13320.28
1332121,13321.21
1332222,13322.22
1332322,13323.22
1332420,13324.2
1332517,13325.17
1332610,13326.1
1332706,13327.06
1332803,13328.03
1332899,13328.99
1332991,13329.91
1333089,13330.89
1333189,13331.89
1333285,13332.85
1333376,13333.76
1333473,13334.73
1333570,13335.7
1333663,13336.63
1333753,13337.53
1333847,13338.47
1333943,13339.43
1334041,13340.41
1334135,13341.35
1334228,13342.28
1334331,13343.31
1334435,13344.35
1334532,13345.32
1334626,13346.26
1334718,13347.18
1334806,13348.06
1334894,13348.94
1334984,13349.84
1335078,13350.78
1335173,13351.73
1335267,13352.67
1335354,13353.54
1335441,13354.41
1335533,13355.33
1335624,13356.24
1335717,13357.17
1335816,13358.16
1335917,13359.17
1336012,13360.12
1336104,13361.04
1336202,13362.02
1336302,13363.02
1336401,13364.01
1336498,13364.98
1336592,13365.92
1336695,13366.95
1336798,13367.98
1336899,13368.99
1336997,13369.97
1337090,13370.9
1337191,13371.91
1337290,13372.9
1337390,13373.9
1337486,13374.86
1337578,13375.78
1337677,13376.77
1337778,13377.78
1337888,13378.88
1337987,13379.87
1338083,13380.83
1338173,13381.73
1338272,13382.72
1338369,13383.69
1338472,13384.72
1338570,13385.7
1338667,13386.67
1338773,13387.73
1338885,13388.85
1338996,13389.96
1339100,13391.0
1339203,13392.03
1339307,13393.07
1339411,13394.11
1339512,13395.12
1339615,13396.15
1339723,13397.23
1339834,13398.34
1339936,13399.36
1340041,13400.41
1340151,13401.51
1340259,13402.59
1340366,13403.66
1340480,13404.8
1340584,13405.84
1340684,13406.84
1340789,13407.89
1340893,13408.93
1340991,13409.91
1341090,13410.9
1341193,13411.93
1341299,13412.99
1341399,13413.99
1341497,13414.97
1341596,13415.96
1341701,13417.01
1341804,13418.04
1341902,13419.02
1341993,13419.93
1342090,13420.9
1342186,13421.86
1342286,13422.86
1342378,13423.78
1342471,13424.71
1342564,13425.64
1342659,13426.59
1342758,13427.58
1342855,13428.55
1342954,13429.54
1343051,13430.51
1343153,13431.53
1343248,13432.48
1343341,13433.41
1343432,13434.32
1343523,13435.23
1343613,13436.13
1343705,13437.05
1343799,13437.99
1343895,13438.95
1343996,13439.96
1344094,13440.94
1344192,13441.92
1344287,13442.87
1344385,13443.85
1344477,13444.77
1344570,13445.7
1344665,13446.65
1344758,13447.58
1344848,13448.48
1344937,13449.37
1345021,13450.21
1345108,13451.08
1345203,13452.03
1345318,13453.18
1345433,13454.33
1345540,13455.4
1345648,13456.48
1345756,13457.56
1345861,13458.61
1345957,13459.57
1346045,13460.45
1346128,13461.28
1346210,13462.1
1346292,13462.92
1346376,13463.76
1346494,13464.94
1346607,13466.07
1346728,13467.28
1346850,13468.5
1346960,13469.6
1347073,13470.73
1347185,13471.85
1347292,13472.92
1347388,13473.88
1347481,13474.81
1347574,13475.74
1347675,13476.75
1347785,13477.85
1347895,13478.95
1348004,13480.04
1348112,13481.12
1348226,13482.26
1348341,13483.41
1348443,13484.43
1348539,13485.39
1348638,13486.38
1348737,13487.37
1348840,13488.4
1348940,13489.4
1349039,13490.39
1349145,13491.45
1349256,13492.56
1349365,13493.65
1349468,13494.68
1349573,13495.73
1349681,13496.81
1349785,13497.85
1349885,13498.85
1349983,13499.83
1350086,13500.86
1350194,13501.94
1350299,13502.99
1350401,13504.01
1350499,13504.99
1350602,13506.02
1350703,13507.03
1350800,13508.0
1350894,13508.94
1350991,13509.91
1351088,13510.88
1351187,13511.87
1351275,13512.75
1351365,13513.65
1351459,13514.59
1351546,13515.46
1351641,13516.41
1351736,13517.36
1351827,13518.27
1351926,13519.26
1352021,13520.21
1352119,13521.19
1352211,13522.11
1352301,13523.01
1352392,13523.92
1352481,13524.81
1352570,13525.7
1352657,13526.57
1352744,13527.44
1352832,13528.32
1352926,13529.26
1353025,13530.25
1353131,13531.31
1353226,13532.26
1353320,13533.2
1353416,13534.16
1353511,13535.11
1353607,13536.07
1353697,13536.97
1353787,13537.87
1353883,13538.83
1353982,13539.82
1354084,13540.84
1354181,13541.81
1354275,13542.75
1354378,13543.78
1354479,13544.79
1354581,13545.81
1354680,13546.8
1354777,13547.77
1354876,13548.76
1354974,13549.74
1355069,13550.69
1355163,13551.63
1355254,13552.54
1355352,13553.52
1355450,13554.5
1355554,13555.54
1355653,13556.53
1355752,13557.52
1355851,13558.51
1355953,13559.53
1356055,13560.55
1356152,13561.52
1356248,13562.48
1356347,13563.47
1356449,13564.49
1356550,13565.5
1356648,13566.48
1356746,13567.46
1356852,13568.52
1356958,13569.58
1357058,13570.58
1357156,13571.56
1357255,13572.55
1357351,13573.51
1357443,13574.43
1357535,13575.35
1357637,13576.37
1357753,13577.53
1357869,13578.69
1357974,13579.74
1358075,13580.75
1358178,13581.78
1358279,13582.79
1358378,13583.78
1358475,13584.75
1358570,13585.7
1358670,13586.7
1358772,13587.72
1358870,13588.7
1358967,13589.67
1359071,13590.71
1359173,13591.73
1359271,13592.71
1359368,13593.68
1359458,13594.58
1359554,13595.54
1359647,13596.47
1359741,13597.41
1359831,13598.31
1359922,13599.22
1360018,13600.18
1360111,13601.11
1360207,13602.07
1360297,13602.97
1360386,13603.86
1360478,13604.78
1360570,13605.7
1360663,13606.63
1360755,13607.55
1360845,13608.45
1360936,13609.36
1361027,13610.27
1361121,13611.21
1361214,13612.14
1361305,13613.05
1361394,13613.94
1361485,13614.85
1361578,13615.78
1361674,13616.74
1361765,13617.65
1361861,13618.61
1361957,13619.57
1362058,13620.58
1362158,13621.58
1362251,13622.51
1362341,13623.41
1362434,13624.34
1362528,13625.28
1362616,13626.16
1362705,13627.05
1362796,13627.96
1362892,13628.92
1362983,13629.83
1363077,13630.77
1363172,13631.72
1363278,13632.78
1363384,13633.84
1363484,13634.84
1363579,13635.79
1363674,13636.74
1363765,13637.65
1363861,13638.61
1363950,13639.5
1364040,13640.4
1364134,13641.34
1364243,13642.43
1364352,13643.52
1364454,13644.54
1364551,13645.51
1364643,13646.43
1364740,13647.4
1364837,13648.37
1364929,13649.29
1365017,13650.17
1365105,13651.05
1365197,13651.97
1365285,13652.85
1365375,13653.75
1365462,13654.62
1365552,13655.52
1365643,13656.43
1365740,13657.4
1365836,13658.36
1365936,13659.36
1366034,13660.34
1366132,13661.32
1366240,13662.4
1366356,13663.56
1366466,13664.66
1366567,13665.67
1366662,13666.62
1366759,13667.59
1366853,13668.53
1366953,13669.53
1367050,13670.5
1367143,13671.43
1367240,13672.4
1367345,13673.45
1367451,13674.51
1367551,13675.51
1367644,13676.44
1367735,13677.35
1367831,13678.31
1367930,13679.3
1368030,13680.3
1368127,13681.27
1368219,13682.19
1368313,13683.13
1368403,13684.03
1368504,13685.04
1368601,13686.01
1368687,13686.87
1368772,13687.72
1368853,13688.53
1368933,13689.33
1369011,13690.11
1369091,13690.91
1369190,13691.9
1369320,13693.2
1369440,13694.4
1369556,13695.56
1369670,13696.7
1369787,13697.87
1369902,13699.02
1370016,13700.16
1370122,13701.22
1370220,13702.2
1370325,13703.25
1370436,13704.36
1370559,13705.59
1370680,13706.8
1370789,13707.89
1370890,13708.9
1370997,13709.97
1371103,13711.03
1371204,13712.04
1371302,13713.02
1371398,13713.98
1371508,13715.08
1371618,13716.18
1371728,13717.28
1371830,13718.3
1371933,13719.33
1372050,13720.5
1372174,13721.74
1372292,13722.92
1372399,13723.99
1372503,13725.03
1372616,13726.16
1372724,13727.24
1372826,13728.26
1372927,13729.27
1373031,13730.31
1373138,13731.38
1373242,13732.42
1373342,13733.42
1373450,13734.5
1373561,13735.61
1373671,13736.71
1373776,13737.76
1373880,13738.8
1373988,13739.88
1374095,13740.95
1374196,13741.96
1374293,13742.93
1374396,13743.96
1374499,13744.99
1374601,13746.01
1374701,13747.01
1374801,13748.01
1374910,13749.1
1375023,13750.23
1375139,13751.39
1375246,13752.46
1375346,13753.46
1375446,13754.46
1375548,13755.48
1375652,13756.52
1375754,13757.54
1375862,13758.62
1375981,13759.81
1376094,13760.94
1376197,13761.97
1376300,13763.0
1376402,13764.02
1376505,13765.05
1376605,13766.05
1376707,13767.07
1376820,13768.2
1376926,13769.26
1377024,13770.24
1377113,13771.13
1377210,13772.1
1377303,13773.03
1377423,13774.23
1377533,13775.33
1377633,13776.33
1377735,13777.35
1377838,13778.38
1377943,13779.43
1378044,13780.44
1378142,13781.42
1378238,13782.38
1378337,13783.37
1378436,13784.36
1378535,13785.35
1378632,13786.32
1378727,13787.27
1378826,13788.26
1378923,13789.23
1379023,13790.23
1379120,13791.2
1379219,13792.19
1379326,13793.26
1379437,13794.37
1379555,13795.55
1379666,13796.66
1379773,13797.73
1379881,13798.81
1379987,13799.87
1380089,13800.89
1380185,13801.85
1380282,13802.82
1380380,13803.8
1380478,13804.78
1380573,13805.73
1380670,13806.7
1380773,13807.73
1380885,13808.85
1380988,13809.88
1381092,13810.92
1381196,13811.96
1381302,13813.02
1381405,13814.05
1381505,13815.05
1381604,13816.04
1381706,13817.06
1381812,13818.12
1381913,13819.13
1382010,13820.1
1382114,13821.14
1382222,13822.22
1382330,13823.3
1382430,13824.3
1382529,13825.29
1382628,13826.28
1382730,13827.3
1382825,13828.25
1382917,13829.17
1383016,13830.16
1383114,13831.14
1383211,13832.11
1383304,13833.04
1383401,13834.01
1383501,13835.01
1383597,13835.97
1383692,13836.92
1383791,13837.91
1383893,13838.93
1383994,13839.94
1384087,13840.87
1384182,13841.82
1384280,13842.8
1384379,13843.79
1384473,13844.73
1384565,13845.65
1384657,13846.57
1384754,13847.54
1384854,13848.54
1384950,13849.5
1385040,13850.4
1385128,13851.28
1385218,13852.18
1385306,13853.06
1385396,13853.96
1385486,13854.86
1385582,13855.82
1385688,13856.88
1385796,13857.96
1385901,13859.01
1385996,13859.96
1386086,13860.86
1386174,13861.74
1386261,13862.61
1386350,13863.5
1386437,13864.37
1386522,13865.22
1386607,13866.07
1386696,13866.96
1386789,13867.89
1386890,13868.9
1386986,13869.86
1387072,13870.72
1387162,13871.62
1387254,13872.54
1387356,13873.56
1387457,13874.57
1387557,13875.57
1387657,13876.57
1387761,13877.61
1387869,13878.69
1387980,13879.8
1388085,13880.85
1388185,13881.85
1388285,13882.85
1388384,13883.84
1388485,13884.85
1388583,13885.83
1388676,13886.76
1388773,13887.73
1388891,13888.91
1389009,13890.09
1389119,13891.19
1389218,13892.18
1389315,13893.15
1389415,13894.15
1389515,13895.15
1389613,13896.13
1389714,13897.14
1389815,13898.15
1389912,13899.12
1390008,13900.08
1390098,13900.98
1390191,13901.91
1390308,13903.08
1390437,13904.37
1390558,13905.58
1390675,13906.75
1390794,13907.94
1390914,13909.14
1391024,13910.24
1391123,13911.23
1391214,13912.14
1391312,13913.12
1391414,13914.14
1391523,13915.23
1391625,13916.25
1391722,13917.22
1391823,13918.23
1391925,13919.25
1392035,13920.35
1392141,13921.41
1392243,13922.43
1392340,13923.4
1392439,13924.39
1392536,13925.36
1392638,13926.38
1392734,13927.34
1392827,13928.27
1392923,13929.23
1393032,13930.32
1393148,13931.48
1393262,13932.62
1393370,13933.7
1393479,13934.79
1393588,13935.88
1393698,13936.98
1393801,13938.01
1393900,13939.0
1394000,13940.0
1394111,13941.11
1394228,13942.28
1394345,13943.45
1394455,13944.55
1394559,13945.59
1394667,13946.67
1394777,13947.77
1394884,13948.84
1394984,13949.84
1395075,13950.75
1395161,13951.61
1395250,13952.5
1395338,13953.38
1395431,13954.31
1395543,13955.43
1395649,13956.49
1395750,13957.5
1395848,13958.48
1395944,13959.44
1396034,13960.34
1396121,13961.21
1396207,13962.07
1396301,13963.01
1396431,13964.31
1396554,13965.54
1396671,13966.71
1396786,13967.86
1396899,13968.99
1397005,13970.05
1397103,13971.03
1397198,13971.98
1397297,13972.97
1397401,13974.01
1397509,13975.09
1397613,13976.13
1397712,13977.12
1397810,13978.1
1397907,13979.07
1398006,13980.06
1398105,13981.05
1398202,13982.02
1398299,13982.99
1398405,13984.05
1398526,13985.26
1398639,13986.39
1398739,13987.39
1398835,13988.35
1398930,13989.3
1399026,13990.26
1399119,13991.19
1399205,13992.05
1399290,13992.9
1399374,13993.74
1399470,13994.7
1399602,13996.02
1399727,13997.27
1399848,13998.48
1399969,13999.69
1400090,14000.9
1400209,14002.09
1400323,14003.23
1400424,14004.24
1400524,14005.24
1400630,14006.3
1400743,14007.43
1400854,14008.54
1400952,14009.52
1401049,14010.49
1401152,14011.52
1401263,14012.63
1401374,14013.74
1401477,14014.77
1401577,14015.77
1401681,14016.81
1401786,14017.86
1401891,14018.91
1401989,14019.89
1402080,14020.8
1402184,14021.84
1402293,14022.93
1402398,14023.98
1402497,14024.97
1402598,14025.98
1402711,14027.11
1402822,14028.22
1402928,14029.28
1403028,14030.28
1403129,14031.29
1403229,14032.29
1403339,14033.39
1403442,14034.42
1403544,14035.44
1403652,14036.52
1403771,14037.71
1403885,14038.85
1403988,14039.88
1404088,14040.88
1404191,14041.91
1404298,14042.98
1404408,14044.08
1404511,14045.11
1404612,14046.12
1404723,14047.23
1404839,14048.39
1404947,14049.47
1405044,14050.44
1405140,14051.4
1405231,14052.31
1405327,14053.27
1405420,14054.2
1405511,14055.11
1405609,14056.09
1405736,14057.36
1405858,14058.58
1405974,14059.74
1406082,14060.82
1406188,14061.88
1406290,14062.9
1406389,14063.89
1406484,14064.84
1406578,14065.78
1406671,14066.71
1406763,14067.63
1406855,14068.55
1406958,14069.58
1407054,14070.54
1407140,14071.4
1407226,14072.26
1407314,14073.14
1407440,14074.4
1407560,14075.6
1407673,14076.73
1407786,14077.86
1407902,14079.02
1408016,14080.16
1408131,14081.31
1408240,14082.4
1408351,14083.51
1408449,14084.49
1408551,14085.51
1408650,14086.5
1408747,14087.47
1408854,14088.54
1408976,14089.76
1409098,14090.98
1409201,14092.01
1409303,14093.03
1409402,14094.02
1409500,14095.0
1409594,14095.94
1409682,14096.82
1409770,14097.7
1409861,14098.61
1409973,14099.73
1410102,14101.02
1410225,14102.25
1410350,14103.5
1410474,14104.74
1410592,14105.92
1410702,14107.02
1410813,14108.13
1410929,14109.29
1411042,14110.42
1411146,14111.46
1411260,14112.6
1411381,14113.81
1411502,14115.02
1411609,14116.09
1411718,14117.18
1411838,14118.38
1411961,14119.61
1412075,14120.75
1412177,14121.77
1412287,14122.87
1412403,14124.03
1412518,14125.18
1412628,14126.28
1412738,14127.38
1412855,14128.55
1412966,14129.66
1413069,14130.69
1413172,14131.72
1413275,14132.75
1413380,14133.8
1413481,14134.81
1413577,14135.77
1413674,14136.74
1413776,14137.76
1413893,14138.93
1414013,14140.13
1414123,14141.23
1414233,14142.33
1414347,14143.47
1414463,14144.63
1414573,14145.73
1414678,14146.78
1414784,14147.84
1414888,14148.88
1414997,14149.97
1415103,14151.03
1415202,14152.02
1415310,14153.1
1415426,14154.26
1415537,14155.37
1415642,14156.42
1415751,14157.51
1415861,14158.61
1415968,14159.68
1416068,14160.68
1416165,14161.65
1416267,14162.67
1416369,14163.69
1416472,14164.72
1416569,14165.69
1416666,14166.66
1416785,14167.85
1416909,14169.09
1417023,14170.23
1417122,14171.22
1417217,14172.17
1417307,14173.07
1417397,14173.97
1417484,14174.84
1417574,14175.74
1417704,14177.04
1417832,14178.32
1417954,14179.54
1418073,14180.73
1418194,14181.94
1418314,14183.14
1418424,14184.24
1418525,14185.25
1418621,14186.21
1418719,14187.19
1418826,14188.26
1418933,14189.33
1419040,14190.4
1419150,14191.5
1419270,14192.7
1419389,14193.89
1419501,14195.01
1419617,14196.17
1419736,14197.36
1419851,14198.51
1419961,14199.61
1420065,14200.65
1420168,14201.68
1420274,14202.74
1420386,14203.86
1420491,14204.91
1420595,14205.95
1420715,14207.15
1420839,14208.39
1420953,14209.53
1421059,14210.59
1421168,14211.68
1421288,14212.88
1421405,14214.05
1421516,14215.16
1421623,14216.23
1421737,14217.37
1421853,14218.53
1421964,14219.64
1422063,14220.63
1422165,14221.65
1422267,14222.67
1422372,14223.72
1422474,14224.74
1422575,14225.75
1422686,14226.86
1422799,14227.99
1422905,14229.05
1423010,14230.1
1423123,14231.23
1423238,14232.38
1423346,14233.46
1423445,14234.45
1423549,14235.49
1423653,14236.53
1423753,14237.53
1423848,14238.48
1423948,14239.48
1424052,14240.52
1424160,14241.6
1424268,14242.68
1424373,14243.73
1424478,14244.78
1424590,14245.9
1424703,14247.03
1424811,14248.11
1424913,14249.13
1425013,14250.13
1425116,14251.16
1425234,14252.34
1425343,14253.43
1425447,14254.47
1425555,14255.55
1425662,14256.62
1425768,14257.68
1425867,14258.67
1425963,14259.63
1426065,14260.65
1426169,14261.69
1426275,14262.75
1426376,14263.76
1426478,14264.78
1426586,14265.86
1426703,14267.03
1426816,14268.16
1426920,14269.2
1427018,14270.18
1427106,14271.06
1427192,14271.92
1427282,14272.82
1427373,14273.73
1427471,14274.71
1427554,14275.54
1427635,14276.35
1427715,14277.15
1427797,14277.97
1427880,14278.8
1427961,14279.61
1428041,14280.41
1428124,14281.24
1428208,14282.08
1428289,14282.89
1428370,14283.7
1428456,14284.56
1428574,14285.74
1428686,14286.86
1428799,14287.99
1428920,14289.2
1429043,14290.43
1429165,14291.65
1429280,14292.8
1429393,14293.93
1429509,14295.09
1429629,14296.29
1429744,14297.44
1429851,14298.51
1429955,14299.55
1430076,14300.76
1430200,14302.0
1430322,14303.22
1430438,14304.38
1430563,14305.63
1430686,14306.86
1430806,14308.06
1430918,14309.18
1431021,14310.21
1431130,14311.3
1431245,14312.45
1431367,14313.67
1431480,14314.8
1431591,14315.91
1431704,14317.04
1431815,14318.15
1431927,14319.27
1432028,14320.28
1432127,14321.27
1432232,14322.32
1432337,14323.37
1432437,14324.37
1432539,14325.39
1432668,14326.68
1432795,14327.95
1432921,14329.21
1433043,14330.43
1433165,14331.65
1433284,14332.84
1433392,14333.92
1433492,14334.92
1433584,14335.84
1433682,14336.82
1433788,14337.88
1433892,14338.92
1433998,14339.98
1434096,14340.96
1434184,14341.84
1434285,14342.85
1434415,14344.15
1434535,14345.35
1434655,14346.55
1434776,14347.76
1434897,14348.97
1435018,14350.18
1435133,14351.33
1435246,14352.46
1435363,14353.63
1435482,14354.82
1435599,14355.99
1435712,14357.12
1435821,14358.21
1435934,14359.34
1436043,14360.43
1436146,14361.46
1436267,14362.67
1436395,14363.95
1436515,14365.15
1436632,14366.32
1436751,14367.51
1436871,14368.71
1436992,14369.92
1437109,14371.09
1437222,14372.22
1437330,14373.3
1437437,14374.37
1437540,14375.4
1437640,14376.4
1437744,14377.44
1437873,14378.73
1437991,14379.91
1438105,14381.05
1438222,14382.22
1438325,14383.25
1438421,14384.21
1438511,14385.11
1438600,14386.0
1438711,14387.11
1438844,14388.44
1438971,14389.71
1439091,14390.91
1439213,14392.13
1439336,14393.36
1439457,14394.57
1439568,14395.68
1439671,14396.71
1439775,14397.75
1439878,14398.78
1439978,14399.78
1440074,14400.74
1440176,14401.76
1440286,14402.86
1440395,14403.95
1440506,14405.06
1440612,14406.12
1440713,14407.13
1440825,14408.25
1440942,14409.42
1441058,14410.58
1441165,14411.65
1441266,14412.66
1441370,14413.7
1441484,14414.84
1441602,14416.02
1441710,14417.1
1441817,14418.17
1441925,14419.25
1442034,14420.34
1442139,14421.39
1442239,14422.39
1442346,14423.46
1442465,14424.65
1442581,14425.81
1442688,14426.88
1442800,14428.0
1442912,14429.12
1443016,14430.16
1443112,14431.12
1443204,14432.04
1443294,14432.94
1443386,14433.86
1443477,14434.77
1443569,14435.69
1443666,14436.66
1443798,14437.98
1443925,14439.25
1444048,14440.48
1444167,14441.67
1444288,14442.88
1444406,14444.06
1444519,14445.19
1444630,14446.3
1444745,14447.45
1444861,14448.61
1444977,14449.77
1445088,14450.88
1445195,14451.95
1445308,14453.08
1445420,14454.2
1445525,14455.25
1445624,14456.24
1445720,14457.2
1445830,14458.3
1445954,14459.54
1446071,14460.71
1446174,14461.74
1446275,14462.75
1446386,14463.86
1446506,14465.06
1446619,14466.19
1446721,14467.21
1446827,14468.27
1446948,14469.48
1447065,14470.65
1447170,14471.7
1447272,14472.72
1447390,14473.9
1447517,14475.17
1447635,14476.35
1447739,14477.39
1447841,14478.41
1447951,14479.51
1448065,14480.65
1448169,14481.69
1448276,14482.76
1448393,14483.93
1448511,14485.11
1448613,14486.13
1448707,14487.07
1448798,14487.98
1448888,14488.88
1448978,14489.78
1449065,14490.65
1449152,14491.52
1449248,14492.48
1449385,14493.85
1449514,14495.14
1449638,14496.38
1449762,14497.62
1449887,14498.87
1450011,14500.11
1450112,14501.12
1450213,14502.13
1450334,14503.34
1450451,14504.51
1450561,14505.61
1450660,14506.6
1450757,14507.57
1450864,14508.64
1450989,14509.89
1451109,14511.09
1451218,14512.18
1451324,14513.24
1451433,14514.33
1451539,14515.39
1451638,14516.38
1451734,14517.34
1451844,14518.44
1451971,14519.71
1452089,14520.89
1452195,14521.95
1452303,14523.03
1452414,14524.14
1452525,14525.25
1452627,14526.27
1452728,14527.28
1452840,14528.4
1452957,14529.57
1453067,14530.67
1453169,14531.69
1453277,14532.77
1453394,14533.94
1453509,14535.09
1453614,14536.14
1453718,14537.18
1453833,14538.33
1453950,14539.5
1454059,14540.59
1454157,14541.57
1454265,14542.65
1454385,14543.85
1454503,14545.03
1454611,14546.11
1454717,14547.17
1454832,14548.32
1454949,14549.49
1455056,14550.56
1455157,14551.57
1455267,14552.67
1455384,14553.84
1455489,14554.89
1455586,14555.86
1455688,14556.88
1455802,14558.02
1455922,14559.22
1456033,14560.33
1456137,14561.37
1456246,14562.46
1456359,14563.59
1456470,14564.7
1456573,14565.73
1456679,14566.79
1456797,14567.97
1456906,14569.06
1457007,14570.07
1457100,14571.0
1457193,14571.93
1457282,14572.82
1457371,14573.71
1457461,14574.61
1457560,14575.6
1457695,14576.95
1457823,14578.23
1457946,14579.46
1458066,14580.66
1458184,14581.84
1458285,14582.85
1458380,14583.8
1458470,14584.7
1458559,14585.59
1458670,14586.7
1458735,14587.35
1458800,14588.0
1458930,14589.3
1459033,14590.33
1459137,14591.37
1459269,14592.69
1459397,14593.97
1459516,14595.16
1459626,14596.26
1459747,14597.47
1459865,14598.65
1459974,14599.74
1460073,14600.73
1460181,14601.81
1460302,14603.02
1460421,14604.21
1460528,14605.28
1460630,14606.3
1460747,14607.47
1460872,14608.72
1460988,14609.88
1461101,14611.01
1461221,14612.21
1461337,14613.37
1461433,14614.33
1461529,14615.29
1461649,14616.49
1461768,14617.68
1461881,14618.81
1461992,14619.92
1462102,14621.02
1462213,14622.13
1462315,14623.15
1462410,14624.1
1462501,14625.01
1462599,14625.99
1462704,14627.04
1462833,14628.33
1462949,14629.49
1463058,14630.58
1463173,14631.73
1463288,14632.88
1463403,14634.03
1463514,14635.14
1463624,14636.24
1463738,14637.38
1463854,14638.54
1463964,14639.64
1464073,14640.73
1464186,14641.86
1464301,14643.01
1464411,14644.11
1464519,14645.19
1464633,14646.33
1464747,14647.47
1464859,14648.59
1464968,14649.68
1465076,14650.76
1465190,14651.9
1465305,14653.05
1465417,14654.17
1465526,14655.26
1465639,14656.39
1465754,14657.54
1465870,14658.7
1465980,14659.8
1466088,14660.88
1466203,14662.03
1466320,14663.2
1466436,14664.36
1466545,14665.45
1466656,14666.56
1466772,14667.72
1466886,14668.86
1466994,14669.94
1467102,14671.02
1467215,14672.15
1467329,14673.29
1467438,14674.38
1467546,14675.46
1467662,14676.62
1467779,14677.79
1467894,14678.94
1468004,14680.04
1468118,14681.18
1468233,14682.33
1468347,14683.47
1468456,14684.56
1468567,14685.67
1468682,14686.82
1468798,14687.98
1468909,14689.09
1469015,14690.15
1469125,14691.25
1469230,14692.3
1469324,14693.24
1469417,14694.17
1469507,14695.07
1469622,14696.22
1469731,14697.31
1469847,14698.47
1469939,14699.39
1470024,14700.24
1470109,14701.09
1470191,14701.91
1470273,14702.73
1470355,14703.55
1470435,14704.35
1470514,14705.14
1470591,14705.91
1470668,14706.68
1470743,14707.43
1470817,14708.17
1470891,14708.91
1470964,14709.64
1471037,14710.37
1471110,14711.1
1471183,14711.83
1471256,14712.56
1471328,14713.28
1471400,14714.0
1471470,14714.7
1471541,14715.41
1471612,14716.12
1471682,14716.82
1471751,14717.51
1471821,14718.21
1471890,14718.9
1471959,14719.59
1472029,14720.29
1472099,14720.99
1472172,14721.72
1472246,14722.46
1472326,14723.26
1472408,14724.08
1472484,14724.84
1472559,14725.59
1472637,14726.37
1472719,14727.19
1472806,14728.06
1472899,14728.99
1472986,14729.86
1473074,14730.74
1473170,14731.7
1473278,14732.78
1473389,14733.89
1473493,14734.93
1473592,14735.92
1473697,14736.97
1473812,14738.12
1473920,14739.2
1474016,14740.16
1474119,14741.19
1474231,14742.31
1474337,14743.37
1474435,14744.35
1474545,14745.45
1474669,14746.69
1474783,14747.83
1474882,14748.82
1474976,14749.76
1475072,14750.72
1475178,14751.78
1475279,14752.79
1475380,14753.8
1475511,14755.11
1475634,14756.34
1475752,14757.52
1475870,14758.7
1475987,14759.87
1476105,14761.05
1476219,14762.19
1476333,14763.33
1476445,14764.45
1476558,14765.58
1476668,14766.68
1476767,14767.67
1476881,14768.81
1477010,14770.1
1477129,14771.29
1477246,14772.46
1477366,14773.66
1477484,14774.84
1477602,14776.02
1477717,14777.17
1477828,14778.28
1477933,14779.33
1478033,14780.33
1478129,14781.29
1478225,14782.25
1478354,14783.54
1478475,14784.75
1478594,14785.94
1478715,14787.15
1478836,14788.36
1478956,14789.56
1479073,14790.73
1479191,14791.91
1479310,14793.1
1479429,14794.29
1479546,14795.46
1479659,14796.59
1479762,14797.62
1479860,14798.6
1479948,14799.48
1480030,14800.3
1480115,14801.15
1480217,14802.17
1480316,14803.16
1480432,14804.32
1480564,14805.64
1480687,14806.87
1480803,14808.03
1480912,14809.12
1481010,14810.1
1481106,14811.06
1481200,14812.0
1481289,14812.89
1481403,14814.03
1481531,14815.31
1481649,14816.49
1481768,14817.68
1481888,14818.88
1482009,14820.09
1482128,14821.28
1482245,14822.45
1482359,14823.59
1482473,14824.73
1482581,14825.81
1482686,14826.86
1482778,14827.78
1482869,14828.69
1482956,14829.56
1483040,14830.4
1483123,14831.23
1483201,14832.01
1483281,14832.81
1483388,14833.88
1483495,14834.95
1483603,14836.03
1483734,14837.34
1483860,14838.6
1483980,14839.8
1484102,14841.02
1484223,14842.23
1484345,14843.45
1484465,14844.65
1484580,14845.8
1484696,14846.96
1484814,14848.14
1484934,14849.34
1485049,14850.49
1485155,14851.55
1485260,14852.6
1485362,14853.62
1485465,14854.65
1485566,14855.66
1485686,14856.86
1485815,14858.15
1485937,14859.37
1486054,14860.54
1486174,14861.74
1486296,14862.96
1486417,14864.17
1486535,14865.35
1486650,14866.5
1486763,14867.63
1486877,14868.77
1486986,14869.86
1487091,14870.91
1487203,14872.03
1487330,14873.3
1487449,14874.49
1487564,14875.64
1487685,14876.85
1487805,14878.05
1487922,14879.22
1488034,14880.34
1488146,14881.46
1488259,14882.59
1488372,14883.72
1488483,14884.83
1488594,14885.94
1488709,14887.09
1488826,14888.26
1488938,14889.38
1489050,14890.5
1489163,14891.63
1489276,14892.76
1489380,14893.8
1489483,14894.83
1489593,14895.93
1489700,14897.0
1489806,14898.06
1489911,14899.11
1490017,14900.17
1490111,14901.11
1490195,14901.95
1490284,14902.84
1490380,14903.8
1490509,14905.09
1490633,14906.33
1490754,14907.54
1490867,14908.67
1490980,14909.8
1491093,14910.93
1491204,14912.04
1491311,14913.11
1491416,14914.16
1491513,14915.13
1491614,14916.14
1491711,14917.11
1491805,14918.05
1491908,14919.08
1492017,14920.17
1492120,14921.2
1492221,14922.21
1492329,14923.29
1492436,14924.36
1492543,14925.43
1492649,14926.49
1492774,14927.74
1492900,14929.0
1492997,14929.97
1493094,14930.94
1493218,14932.18
1493336,14933.36
1493453,14934.53
1493564,14935.64
1493674,14936.74
1493791,14937.91
1493908,14939.08
1494023,14940.23
1494134,14941.34
1494241,14942.41
1494350,14943.5
1494454,14944.54
1494551,14945.51
1494670,14946.7
1494794,14947.94
1494908,14949.08
1495018,14950.18
1495130,14951.3
1495246,14952.46
1495356,14953.56
1495469,14954.69
1495588,14955.88
1495710,14957.1
1495830,14958.3
1495943,14959.43
1496063,14960.63
1496180,14961.8
1496291,14962.91
1496396,14963.96
1496504,14965.04
1496612,14966.12
1496717,14967.17
1496819,14968.19
1496926,14969.26
1497036,14970.36
1497143,14971.43
1497252,14972.52
1497365,14973.65
1497481,14974.81
1497598,14975.98
1497712,14977.12
1497828,14978.28
1497944,14979.44
1498063,14980.63
1498177,14981.77
1498292,14982.92
1498409,14984.09
1498524,14985.24
1498636,14986.36
1498744,14987.44
1498856,14988.56
1498971,14989.71
1499083,14990.83
1499192,14991.92
1499307,14993.07
1499424,14994.24
1499540,14995.4
1499651,14996.51
1499764,14997.64
1499877,14998.77
1499991,14999.91
1500098,15000.98
1500206,15002.06
1500319,15003.19
1500430,15004.3
1500534,15005.34
1500635,15006.35
1500729,15007.29
1500812,15008.12
1500891,15008.91
1500973,15009.73
1501064,15010.64
1501153,15011.53
1501281,15012.81
1501406,15014.06
1501524,15015.24
1501641,15016.41
1501753,15017.53
1501848,15018.48
1501943,15019.43
1502048,15020.48
1502166,15021.66
1502282,15022.82
1502386,15023.86
1502488,15024.88
1502583,15025.83
1502665,15026.65
1502744,15027.44
1502826,15028.26
1502952,15029.52
1503067,15030.67
1503187,15031.87
1503311,15033.11
1503426,15034.26
1503542,15035.42
1503658,15036.58
1503773,15037.73
1503888,15038.88
1504005,15040.05
1504128,15041.28
1504253,15042.53
1504377,15043.77
1504496,15044.96
1504616,15046.16
1504736,15047.36
1504855,15048.55
1504971,15049.71
1505087,15050.87
1505201,15052.01
1505313,15053.13
1505419,15054.19
1505527,15055.27
1505643,15056.43
1505753,15057.53
1505860,15058.6
1505974,15059.74
1506092,15060.92
1506205,15062.05
1506315,15063.15
1506432,15064.32
1506550,15065.5
1506664,15066.64
1506772,15067.72
1506884,15068.84
1506995,15069.95
1507107,15071.07
1507216,15072.16
1507328,15073.28
1507443,15074.43
1507556,15075.56
1507661,15076.61
1507767,15077.67
1507876,15078.76
1507994,15079.94
1508110,15081.1
1508219,15082.19
1508335,15083.35
1508456,15084.56
1508575,15085.75
1508690,15086.9
1508809,15088.09
1508930,15089.3
1509046,15090.46
1509159,15091.59
1509276,15092.76
1509393,15093.93
1509506,15095.06
1509620,15096.2
1509741,15097.41
1509858,15098.58
1509973,15099.73
1510090,15100.9
1510208,15102.08
1510325,15103.25
1510437,15104.37
1510551,15105.51
1510669,15106.69
1510782,15107.82
1510887,15108.87
1510992,15109.92
1511088,15110.88
1511184,15111.84
1511281,15112.81
1511386,15113.86
1511508,15115.08
1511630,15116.3
1511735,15117.35
1511820,15118.2
1511903,15119.03
1511985,15119.85
1512063,15120.63
1512142,15121.42
1512246,15122.46
1512375,15123.75
1512494,15124.94
1512613,15126.13
1512732,15127.32
1512851,15128.51
1512968,15129.68
1513083,15130.83
1513198,15131.98
1513314,15133.14
1513425,15134.25
1513536,15135.36
1513645,15136.45
1513757,15137.57
1513875,15138.75
1513993,15139.93
1514108,15141.08
1514213,15142.13
1514315,15143.15
1514411,15144.11
1514512,15145.12
1514618,15146.18
1514754,15147.54
1514885,15148.85
1515010,15150.1
1515131,15151.31
1515257,15152.57
1515381,15153.81
1515484,15154.84
1515588,15155.88
1515712,15157.12
1515834,15158.34
1515952,15159.52
1516062,15160.62
1516160,15161.6
1516265,15162.65
1516381,15163.81
1516503,15165.03
1516623,15166.23
1516744,15167.44
1516858,15168.58
1516972,15169.72
1517090,15170.9
1517208,15172.08
1517319,15173.19
1517431,15174.31
1517545,15175.45
1517657,15176.57
1517763,15177.63
1517872,15178.72
1517983,15179.83
1518091,15180.91
1518195,15181.95
1518304,15183.04
1518416,15184.16
1518527,15185.27
1518633,15186.33
1518741,15187.41
1518851,15188.51
1518962,15189.62
1519069,15190.69
1519173,15191.73
1519283,15192.83
1519392,15193.92
1519502,15195.02
1519609,15196.09
1519717,15197.17
1519826,15198.26
1519933,15199.33
1520040,15200.4
1520144,15201.44
1520254,15202.54
1520366,15203.66
1520478,15204.78
1520587,15205.87
1520703,15207.03
1520820,15208.2
1520934,15209.34
1521044,15210.44
1521157,15211.57
1521268,15212.68
1521375,15213.75
1521473,15214.73
1521557,15215.57
1521642,15216.42
1521728,15217.28
1521831,15218.31
1521935,15219.35
1522024,15220.24
1522114,15221.14
1522211,15222.11
1522314,15223.14
1522427,15224.27
1522535,15225.35
1522653,15226.53
1522772,15227.72
1522885,15228.85
1522999,15229.99
1523109,15231.09
1523221,15232.21
1523336,15233.36
1523454,15234.54
1523568,15235.68
1523680,15236.8
1523796,15237.96
1523911,15239.11
1524026,15240.26
1524136,15241.36
1524249,15242.49
1524362,15243.62
1524467,15244.67
1524572,15245.72
1524670,15246.7
1524775,15247.75
1524888,15248.88
1525006,15250.06
1525125,15251.25
1525247,15252.47
1525367,15253.67
1525486,15254.86
1525601,15256.01
1525721,15257.21
1525841,15258.41
1525959,15259.59
1526072,15260.72
1526188,15261.88
1526302,15263.02
1526413,15264.13
1526520,15265.2
1526625,15266.25
1526728,15267.28
1526822,15268.22
1526905,15269.05
1526988,15269.88
1527073,15270.73
1527160,15271.6
1527268,15272.68
1527380,15273.8
1527497,15274.97
1527609,15276.09
1527728,15277.28
1527854,15278.54
1527971,15279.71
1528079,15280.79
1528188,15281.88
1528310,15283.1
1528432,15284.32
1528540,15285.4
1528655,15286.55
1528770,15287.7
1528880,15288.8
1528990,15289.9
1529102,15291.02
1529216,15292.16
1529327,15293.27
1529436,15294.36
1529550,15295.5
1529669,15296.69
1529785,15297.85
1529903,15299.03
1530025,15300.25
1530148,15301.48
1530266,15302.66
1530383,15303.83
1530502,15305.02
1530620,15306.2
1530734,15307.34
1530848,15308.48
1530967,15309.67
1531086,15310.86
1531203,15312.03
1531317,15313.17
1531431,15314.31
1531541,15315.41
1531648,15316.48
1531744,15317.44
1531841,15318.41
1531951,15319.51
1532062,15320.62
1532163,15321.63
1532285,15322.85
1532407,15324.07
1532508,15325.08
1532600,15326.0
1532696,15326.96
1532802,15328.02
1532905,15329.05
1533013,15330.13
1533139,15331.39
1533266,15332.66
1533381,15333.81
1533493,15334.93
1533606,15336.06
1533719,15337.19
1533832,15338.32
1533944,15339.44
1534060,15340.6
1534176,15341.76
1534290,15342.9
1534400,15344.0
1534514,15345.14
1534630,15346.3
1534746,15347.46
1534859,15348.59
1534972,15349.72
1535089,15350.89
1535208,15352.08
1535325,15353.25
1535441,15354.41
1535560,15355.6
1535679,15356.79
1535793,15357.93
1535907,15359.07
1536023,15360.23
1536142,15361.42
1536251,15362.51
1536357,15363.57
1536460,15364.6
1536552,15365.52
1536639,15366.39
1536726,15367.26
1536856,15368.56
1536983,15369.83
1537108,15371.08
1537227,15372.27
1537349,15373.49
1537466,15374.66
1537568,15375.68
1537654,15376.54
1537738,15377.38
1537819,15378.19
1537897,15378.97
1537981,15379.81
1538106,15381.06
1538231,15382.31
1538351,15383.51
1538473,15384.73
1538588,15385.88
1538704,15387.04
1538821,15388.21
1538934,15389.34
1539048,15390.48
1539163,15391.63
1539277,15392.77
1539387,15393.87
1539500,15395.0
1539617,15396.17
1539731,15397.31
1539839,15398.39
1539947,15399.47
1540056,15400.56
1540163,15401.63
1540268,15402.68
1540373,15403.73
1540484,15404.84
1540592,15405.92
1540697,15406.97
1540801,15408.01
1540900,15409.0
1540986,15409.86
1541075,15410.75
1541161,15411.61
1541240,15412.4
1541324,15413.24
1541450,15414.5
1541574,15415.74
1541692,15416.92
1541805,15418.05
1541925,15419.25
1542044,15420.44
1542161,15421.61
1542275,15422.75
1542392,15423.92
1542511,15425.11
1542630,15426.3
1542745,15427.45
1542861,15428.61
1542979,15429.79
1543095,15430.95
1543206,15432.06
1543316,15433.16
1543430,15434.3
1543546,15435.46
1543660,15436.6
1543770,15437.7
1543887,15438.87
1544006,15440.06
1544118,15441.18
1544223,15442.23
1544329,15443.29
1544425,15444.25
1544514,15445.14
1544604,15446.04
1544720,15447.2
1544832,15448.32
1544958,15449.58
1545085,15450.85
1545210,15452.1
1545336,15453.36
1545457,15454.57
1545576,15455.76
1545694,15456.94
1545808,15458.08
1545915,15459.15
1546025,15460.25
1546139,15461.39
1546250,15462.5
1546357,15463.57
1546463,15464.63
1546573,15465.73
1546685,15466.85
1546792,15467.92
1546900,15469.0
1547011,15470.11
1547122,15471.22
1547229,15472.29
1547339,15473.39
1547450,15474.5
1547564,15475.64
1547672,15476.72
1547783,15477.83
1547897,15478.97
1548012,15480.12
1548121,15481.21
1548230,15482.3
1548341,15483.41
1548454,15484.54
1548562,15485.62
1548674,15486.74
1548789,15487.89
1548900,15489.0
1549008,15490.08
1549121,15491.21
1549234,15492.34
1549347,15493.47
1549455,15494.55
1549565,15495.65
1549678,15496.78
1549790,15497.9
1549899,15498.99
1550007,15500.07
1550123,15501.23
1550239,15502.39
1550351,15503.51
1550462,15504.62
1550576,15505.76
1550688,15506.88
1550795,15507.95
1550899,15508.99
1551010,15510.1
1551125,15511.25
1551240,15512.4
1551348,15513.48
1551458,15514.58
1551568,15515.68
1551675,15516.75
1551775,15517.75
1551874,15518.74
1551962,15519.62
1552044,15520.44
1552124,15521.24
1552222,15522.22
1552325,15523.25
1552429,15524.29
1552554,15525.54
1552680,15526.8
1552790,15527.9
1552898,15528.98
1553009,15530.09
1553118,15531.18
1553222,15532.22
1553324,15533.24
1553421,15534.21
1553520,15535.2
1553612,15536.12
1553702,15537.02
1553811,15538.11
1553915,15539.15
1554026,15540.26
1554133,15541.33
1554257,15542.57
1554381,15543.81
1554494,15544.94
1554609,15546.09
1554727,15547.27
1554843,15548.43
1554953,15549.53
1555067,15550.67
1555183,15551.83
1555297,15552.97
1555407,15554.07
1555522,15555.22
1555637,15556.37
1555750,15557.5
1555859,15558.59
1555971,15559.71
1556084,15560.84
1556197,15561.97
1556307,15563.07
1556410,15564.1
1556520,15565.2
1556630,15566.3
1556737,15567.37
1556845,15568.45
1556960,15569.6
1557079,15570.79
1557197,15571.97
1557312,15573.12
1557431,15574.31
1557549,15575.49
1557664,15576.64
1557773,15577.73
1557880,15578.8
1557988,15579.88
1558098,15580.98
1558201,15582.01
1558307,15583.07
1558417,15584.17
1558531,15585.31
1558639,15586.39
1558746,15587.46
1558855,15588.55
1558962,15589.62
1559067,15590.67
1559159,15591.59
1559251,15592.51
1559360,15593.6
1559467,15594.67
1559591,15595.91
1559709,15597.09
1559830,15598.3
1559944,15599.44
1560051,15600.51
1560163,15601.63
1560280,15602.8
1560395,15603.95
1560504,15605.04
1560618,15606.18
1560735,15607.35
1560852,15608.52
1560961,15609.61
1561070,15610.7
1561183,15611.83
1561293,15612.93
1561401,15614.01
1561511,15615.11
1561623,15616.23
1561737,15617.37
1561848,15618.48
1561958,15619.58
1562072,15620.72
1562188,15621.88
1562306,15623.06
1562420,15624.2
1562536,15625.36
1562649,15626.49
1562763,15627.63
1562871,15628.71
1562975,15629.75
1563082,15630.82
1563191,15631.91
1563297,15632.97
1563400,15634.0
1563506,15635.06
1563608,15636.08
1563703,15637.03
1563787,15637.87
1563868,15638.68
1563946,15639.46
1564031,15640.31
1564157,15641.57
1564283,15642.83
1564403,15644.03
1564523,15645.23
1564640,15646.4
1564753,15647.53
1564870,15648.7
1564990,15649.9
1565110,15651.1
1565223,15652.23
1565339,15653.39
1565456,15654.56
1565572,15655.72
1565683,15656.83
1565795,15657.95
1565911,15659.11
1566027,15660.27
1566139,15661.39
1566253,15662.53
1566368,15663.68
1566482,15664.82
1566592,15665.92
1566705,15667.05
1566818,15668.18
1566925,15669.25
1567026,15670.26
1567120,15671.2
1567215,15672.15
1567341,15673.41
1567467,15674.67
1567586,15675.86
1567709,15677.09
1567833,15678.33
1567949,15679.49
1568059,15680.59
1568174,15681.74
1568290,15682.9
1568403,15684.03
1568514,15685.14
1568629,15686.29
1568743,15687.43
1568854,15688.54
1568959,15689.59
1569066,15690.66
1569175,15691.75
1569283,15692.83
1569388,15693.88
1569495,15694.95
1569605,15696.05
1569713,15697.13
1569821,15698.21
1569933,15699.33
1570046,15700.46
1570155,15701.55
1570260,15702.6
1570371,15703.71
1570482,15704.82
1570593,15705.93
1570700,15707.0
1570812,15708.12
1570921,15709.21
1571024,15710.24
1571121,15711.21
1571205,15712.05
1571293,15712.93
1571375,15713.75
1571455,15714.55
1571561,15715.61
1571661,15716.61
1571762,15717.62
1571864,15718.64
1571955,15719.55
1572042,15720.42
1572122,15721.22
1572201,15722.01
1572279,15722.79
1572361,15723.61
1572470,15724.7
1572574,15725.74
1572689,15726.89
1572804,15728.04
1572915,15729.15
1573026,15730.26
1573134,15731.34
1573247,15732.47
1573358,15733.58
1573466,15734.66
1573573,15735.73
1573677,15736.77
1573782,15737.82
1573894,15738.94
1574003,15740.03
1574120,15741.2
1574242,15742.42
1574363,15743.63
1574483,15744.83
1574600,15746.0
1574711,15747.11
1574818,15748.18
1574919,15749.19
1575022,15750.22
1575131,15751.31
1575245,15752.45
1575361,15753.61
1575464,15754.64
1575561,15755.61
1575653,15756.53
1575750,15757.5
1575842,15758.42
1575941,15759.41
1576071,15760.71
1576192,15761.92
1576306,15763.06
1576425,15764.25
1576544,15765.44
1576658,15766.58
1576769,15767.69
1576881,15768.81
1576992,15769.92
1577098,15770.98
1577208,15772.08
1577322,15773.22
1577433,15774.33
1577540,15775.4
1577652,15776.52
1577767,15777.67
1577883,15778.83
1577995,15779.95
1578104,15781.04
1578216,15782.16
1578326,15783.26
1578434,15784.34
1578542,15785.42
1578656,15786.56
1578771,15787.71
1578883,15788.83
1578989,15789.89
1579094,15790.94
1579205,15792.05
1579315,15793.15
1579422,15794.22
1579534,15795.34
1579647,15796.47
1579759,15797.59
1579867,15798.67
1579980,15799.8
1580096,15800.96
1580211,15802.11
1580317,15803.17
1580424,15804.24
1580532,15805.32
1580641,15806.41
1580747,15807.47
1580852,15808.52
1580964,15809.64
1581077,15810.77
1581186,15811.86
1581295,15812.95
1581409,15814.09
1581522,15815.22
1581632,15816.32
1581742,15817.42
1581856,15818.56
1581970,15819.7
1582079,15820.79
1582188,15821.88
1582299,15822.99
1582408,15824.08
1582514,15825.14
1582618,15826.18
1582727,15827.27
1582836,15828.36
1582942,15829.42
1583047,15830.47
1583157,15831.57
1583267,15832.67
1583370,15833.7
1583470,15834.7
1583560,15835.6
1583652,15836.52
1583735,15837.35
1583814,15838.14
1583897,15838.97
1584008,15840.08
1584116,15841.16
1584245,15842.45
1584369,15843.69
1584489,15844.89
1584609,15846.09
1584729,15847.29
1584847,15848.47
1584959,15849.59
1585072,15850.72
1585186,15851.86
1585299,15852.99
1585408,15854.08
1585520,15855.2
1585636,15856.36
1585750,15857.5
1585861,15858.61
1585974,15859.74
1586087,15860.87
1586201,15862.01
1586311,15863.11
1586422,15864.22
1586539,15865.39
1586656,15866.56
1586768,15867.68
1586878,15868.78
1586987,15869.87
1587090,15870.9
1587183,15871.83
1587273,15872.73
1587373,15873.73
1587472,15874.72
1587565,15875.65
1587664,15876.64
1587763,15877.63
1587850,15878.5
1587945,15879.45
1588032,15880.32
1588116,15881.16
1588205,15882.05
1588315,15883.15
1588425,15884.25
1588529,15885.29
1588647,15886.47
1588765,15887.65
1588880,15888.8
1588999,15889.99
1589123,15891.23
1589245,15892.45
1589360,15893.6
1589474,15894.74
1589588,15895.88
1589704,15897.04
1589820,15898.2
1589932,15899.32
1590042,15900.42
1590155,15901.55
1590269,15902.69
1590381,15903.81
1590489,15904.89
1590598,15905.98
1590708,15907.08
1590817,15908.17
1590924,15909.24
1591031,15910.31
1591138,15911.38
1591244,15912.44
1591349,15913.49
1591453,15914.53
1591563,15915.63
1591681,15916.81
1591796,15917.96
1591909,15919.09
1592029,15920.29
1592149,15921.49
1592266,15922.66
1592377,15923.77
1592494,15924.94
1592610,15926.1
1592727,15927.27
1592839,15928.39
1592955,15929.55
1593074,15930.74
1593189,15931.89
1593296,15932.96
1593403,15934.03
1593510,15935.1
1593604,15936.04
1593695,15936.95
1593782,15937.82
1593870,15938.7
1593987,15939.87
1594100,15941.0
1594222,15942.22
1594340,15943.4
1594459,15944.59
1594577,15945.77
1594691,15946.91
1594808,15948.08
1594924,15949.24
1595035,15950.35
1595145,15951.45
1595261,15952.61
1595378,15953.78
1595491,15954.91
1595603,15956.03
1595718,15957.18
1595837,15958.37
1595951,15959.51
1596059,15960.59
1596167,15961.67
1596279,15962.79
1596392,15963.92
1596499,15964.99
1596605,15966.05
1596712,15967.12
1596796,15967.96
1596876,15968.76
1596959,15969.59
1597086,15970.86
1597210,15972.1
1597329,15973.29
1597448,15974.48
1597570,15975.7
1597691,15976.91
1597810,15978.1
1597925,15979.25
1598040,15980.4
1598157,15981.57
1598269,15982.69
1598383,15983.83
1598498,15984.98
1598612,15986.12
1598720,15987.2
1598827,15988.27
1598937,15989.37
1599049,15990.49
1599155,15991.55
1599260,15992.6
1599372,15993.72
1599486,15994.86
1599598,15995.98
1599706,15997.06
1599817,15998.17
1599929,15999.29
1600035,16000.35
1600137,16001.37
1600240,16002.4
1600332,16003.32
1600419,16004.19
1600504,16005.04
1600592,16005.92
1600692,16006.92
1600795,16007.95
1600891,16008.91
1600979,16009.79
1601074,16010.74
1601156,16011.56
1601238,16012.38
1601325,16013.25
1601416,16014.16
1601525,16015.25
1601651,16016.51
1601769,16017.69
1601884,16018.84
1602002,16020.02
1602116,16021.16
1602226,16022.26
1602342,16023.42
1602459,16024.59
1602572,16025.72
1602684,16026.84
1602800,16028.0
1602915,16029.15
1603027,16030.27
1603134,16031.34
1603244,16032.44
1603353,16033.53
1603462,16034.62
1603567,16035.67
1603674,16036.74
1603783,16037.83
1603895,16038.95
1604003,16040.03
1604112,16041.12
1604224,16042.24
1604340,16043.4
1604452,16044.52
1604566,16045.66
1604681,16046.81
1604795,16047.95
1604903,16049.03
1605018,16050.18
1605128,16051.28
1605234,16052.34
1605335,16053.35
1605427,16054.27
1605514,16055.14
1605597,16055.97
1605675,16056.75
1605761,16057.61
1605851,16058.51
1605941,16059.41
1606066,16060.66
1606184,16061.84
1606294,16062.94
1606403,16064.03
1606511,16065.11
1606605,16066.05
1606691,16066.91
1606787,16067.87
1606894,16068.94
1606991,16069.91
1607087,16070.87
1607181,16071.81
1607286,16072.86
1607385,16073.85
1607476,16074.76
1607574,16075.74
1607683,16076.83
1607797,16077.97
1607909,16079.09
1608031,16080.31
1608158,16081.58
1608276,16082.76
1608389,16083.89
1608499,16084.99
1608609,16086.09
1608719,16087.19
1608824,16088.24
1608931,16089.31
1609040,16090.4
1609148,16091.48
1609255,16092.55
1609366,16093.66
1609480,16094.8
1609589,16095.89
1609695,16096.95
1609804,16098.04
1609914,16099.14
1610018,16100.18
1610122,16101.22
1610230,16102.3
1610341,16103.41
1610452,16104.52
1610562,16105.62
1610675,16106.75
1610787,16107.87
1610897,16108.97
1611001,16110.01
1611105,16111.05
1611209,16112.09
1611311,16113.11
1611412,16114.12
1611518,16115.18
1611629,16116.29
1611735,16117.35
1611835,16118.35
1611939,16119.39
1612038,16120.38
1612138,16121.38
1612232,16122.32
1612319,16123.19
1612411,16124.11
1612507,16125.07
1612607,16126.07
1612704,16127.04
1612829,16128.29
1612949,16129.49
1613064,16130.64
1613173,16131.73
1613285,16132.85
1613397,16133.97
1613504,16135.04
1613611,16136.11
1613718,16137.18
1613827,16138.27
1613931,16139.31
1614037,16140.37
1614145,16141.45
1614250,16142.5
1614350,16143.5
1614444,16144.44
1614526,16145.26
1614604,16146.04
1614682,16146.82
1614775,16147.75
1614870,16148.7
1614971,16149.71
1615100,16151.0
1615222,16152.22
1615339,16153.39
1615459,16154.59
1615579,16155.79
1615699,16156.99
1615815,16158.15
1615931,16159.31
1616048,16160.48
1616164,16161.64
1616275,16162.75
1616385,16163.85
1616492,16164.92
1616590,16165.9
1616681,16166.81
1616768,16167.68
1616862,16168.62
1616974,16169.74
1617096,16170.96
1617206,16172.06
1617318,16173.18
1617435,16174.35
1617547,16175.47
1617657,16176.57
1617765,16177.65
1617871,16178.71
1617968,16179.68
1618063,16180.63
1618159,16181.59
1618271,16182.71
1618383,16183.83
1618483,16184.83
1618573,16185.73
1618656,16186.56
1618740,16187.4
1618823,16188.23
1618907,16189.07
1619001,16190.01
1619121,16191.21
1619241,16192.41
1619346,16193.46
1619452,16194.52
1619559,16195.59
1619665,16196.65
1619771,16197.71
1619880,16198.8
1619993,16199.93
1620104,16201.04
1620213,16202.13
1620325,16203.25
1620439,16204.39
1620551,16205.51
1620664,16206.64
1620776,16207.76
1620889,16208.89
1620996,16209.96
1621098,16210.98
1621193,16211.93
1621290,16212.9
1621390,16213.9
1621498,16214.98
1621613,16216.13
1621740,16217.4
1621859,16218.59
1621976,16219.76
1622093,16220.93
1622211,16222.11
1622329,16223.29
1622438,16224.38
1622545,16225.45
1622655,16226.55
1622769,16227.69
1622877,16228.77
1622982,16229.82
1623091,16230.91
1623201,16232.01
1623311,16233.11
1623417,16234.17
1623528,16235.28
1623641,16236.41
1623755,16237.55
1623867,16238.67
1623978,16239.78
1624093,16240.93
1624208,16242.08
1624318,16243.18
1624428,16244.28
1624542,16245.42
1624653,16246.53
1624755,16247.55
1624850,16248.5
1624934,16249.34
1625019,16250.19
1625123,16251.23
1625216,16252.16
1625300,16253.0
1625380,16253.8
1625459,16254.59
1625539,16255.39
1625619,16256.19
1625696,16256.96
1625772,16257.72
1625846,16258.46
1625921,16259.21
1625996,16259.96
1626071,16260.71
1626146,16261.46
1626223,16262.23
1626300,16263.0
1626375,16263.75
1626454,16264.54
1626534,16265.34
1626623,16266.23
1626728,16267.28
1626828,16268.28
1626926,16269.26
1627017,16270.17
1627112,16271.12
1627208,16272.08
1627291,16272.91
1627371,16273.71
1627450,16274.5
1627533,16275.33
1627628,16276.28
1627739,16277.39
1627850,16278.5
1627955,16279.55
1628060,16280.6
1628161,16281.61
1628256,16282.56
1628348,16283.48
1628444,16284.44
1628544,16285.44
1628665,16286.65
1628778,16287.78
1628889,16288.89
1629005,16290.05
1629117,16291.17
1629215,16292.15
1629314,16293.14
1629432,16294.32
1629546,16295.46
1629643,16296.43
1629738,16297.38
1629832,16298.32
1629938,16299.38
1630037,16300.37
1630131,16301.31
1630235,16302.35
1630354,16303.54
1630474,16304.74
1630571,16305.71
1630664,16306.64
1630760,16307.6
1630863,16308.63
1630965,16309.65
1631063,16310.63
1631172,16311.72
1631300,16313.0
1631416,16314.16
1631529,16315.29
1631643,16316.43
1631753,16317.53
1631848,16318.48
1631934,16319.34
1632025,16320.25
1632122,16321.22
1632220,16322.2
1632310,16323.1
1632392,16323.92
1632479,16324.79
1632607,16326.07
1632723,16327.23
1632840,16328.4
1632958,16329.58
1633071,16330.71
1633182,16331.82
1633294,16332.94
1633411,16334.11
1633529,16335.29
1633644,16336.44
1633755,16337.55
1633870,16338.7
1633984,16339.84
1634092,16340.92
1634201,16342.01
1634309,16343.09
1634407,16344.07
1634499,16344.99
1634587,16345.87
1634683,16346.83
1634781,16347.81
1634884,16348.84
1634982,16349.82
1635090,16350.9
1635202,16352.02
1635313,16353.13
1635415,16354.15
1635514,16355.14
1635610,16356.1
1635706,16357.06
1635795,16357.95
1635887,16358.87
1635998,16359.98
1636110,16361.1
1636214,16362.14
1636314,16363.14
1636412,16364.12
1636502,16365.02
1636591,16365.91
1636673,16366.73
1636756,16367.56
1636849,16368.49
1636973,16369.73
1637087,16370.87
1637201,16372.01
1637314,16373.14
1637428,16374.28
1637535,16375.35
1637642,16376.42
1637752,16377.52
1637864,16378.64
1637976,16379.76
1638090,16380.9
1638205,16382.05
1638320,16383.2
1638436,16384.36
1638548,16385.48
1638659,16386.59
1638771,16387.71
1638885,16388.85
1638999,16389.99
1639108,16391.08
1639219,16392.19
1639335,16393.35
1639449,16394.49
1639558,16395.58
1639668,16396.68
1639775,16397.75
1639880,16398.8
1639983,16399.83
1640092,16400.92
1640213,16402.13
1640323,16403.23
1640433,16404.33
1640546,16405.46
1640659,16406.59
1640764,16407.64
1640867,16408.67
1640972,16409.72
1641076,16410.76
1641175,16411.75
1641267,16412.67
1641350,16413.5
1641428,16414.28
1641506,16415.06
1641606,16416.06
1641714,16417.14
1641811,16418.11
1641912,16419.12
1642018,16420.18
1642142,16421.42
1642258,16422.58
1642375,16423.75
1642494,16424.94
1642610,16426.1
1642724,16427.24
1642835,16428.35
1642947,16429.47
1643060,16430.6
1643176,16431.76
1643287,16432.87
1643397,16433.97
1643509,16435.09
1643616,16436.16
1643717,16437.17
1643810,16438.1
1643917,16439.17
1644042,16440.42
1644158,16441.58
1644276,16442.76
1644393,16443.93
1644504,16445.04
1644595,16445.95
1644686,16446.86
1644792,16447.92
1644893,16448.93
1644995,16449.95
1645122,16451.22
1645243,16452.43
1645360,16453.6
1645473,16454.73
1645578,16455.78
1645678,16456.78
1645776,16457.76
1645869,16458.69
1645965,16459.65
1646092,16460.92
1646211,16462.11
1646323,16463.23
1646435,16464.35
1646547,16465.47
1646656,16466.56
1646759,16467.59
1646859,16468.59
1646952,16469.52
1647038,16470.38
1647118,16471.18
1647200,16472.0
1647310,16473.1
1647414,16474.14
1647538,16475.38
1647663,16476.63
1647781,16477.81
1647892,16478.92
1648004,16480.04
1648116,16481.16
1648228,16482.28
1648335,16483.35
1648443,16484.43
1648554,16485.54
1648669,16486.69
1648778,16487.78
1648881,16488.81
1648987,16489.87
1649093,16490.93
1649190,16491.9
1649278,16492.78
1649389,16493.89
1649501,16495.01
1649617,16496.17
1649733,16497.33
1649842,16498.42
1649953,16499.53
1650056,16500.56
1650161,16501.61
1650269,16502.69
1650379,16503.79
1650490,16504.9
1650603,16506.03
1650719,16507.19
1650836,16508.36
1650948,16509.48
1651060,16510.6
1651173,16511.73
1651287,16512.87
1651399,16513.99
1651505,16515.05
1651612,16516.12
1651718,16517.18
1651824,16518.24
1651927,16519.27
1652033,16520.33
1652143,16521.43
1652257,16522.57
1652369,16523.69
1652482,16524.82
1652596,16525.96
1652709,16527.09
1652817,16528.17
1652923,16529.23
1653034,16530.34
1653150,16531.5
1653260,16532.6
1653371,16533.71
1653487,16534.87
1653605,16536.05
1653717,16537.17
1653825,16538.25
1653935,16539.35
1654046,16540.46
1654156,16541.56
1654264,16542.64
1654376,16543.76
1654491,16544.91
1654606,16546.06
1654716,16547.16
1654821,16548.21
1654930,16549.3
1655036,16550.36
1655139,16551.39
1655239,16552.39
1655331,16553.31
1655421,16554.21
1655521,16555.21
1655622,16556.22
1655722,16557.22
1655808,16558.08
1655894,16558.94
1655995,16559.95
1656096,16560.96
1656190,16561.9
1656298,16562.98
1656418,16564.18
1656529,16565.29
1656637,16566.37
1656748,16567.48
1656864,16568.64
1656976,16569.76
1657087,16570.87
1657200,16572.0
1657306,16573.06
1657400,16574.0
1657491,16574.91
1657585,16575.85
1657684,16576.84
1657779,16577.79
1657872,16578.72
1657987,16579.87
1658100,16581.0
1658208,16582.08
1658302,16583.02
1658387,16583.87
1658467,16584.67
1658545,16585.45
1658622,16586.22
1658709,16587.09
1658832,16588.32
1658947,16589.47
1659057,16590.57
1659156,16591.56
1659240,16592.4
1659331,16593.31
1659429,16594.29
1659530,16595.3
1659638,16596.38
1659756,16597.56
1659874,16598.74
1659985,16599.85
1660096,16600.96
1660212,16602.12
1660329,16603.29
1660444,16604.44
1660552,16605.52
1660660,16606.6
1660766,16607.66
1660869,16608.69
1660966,16609.66
1661057,16610.57
1661146,16611.46
1661240,16612.4
1661369,16613.69
1661490,16614.9
1661602,16616.02
1661717,16617.17
1661830,16618.3
1661939,16619.39
1662048,16620.48
1662159,16621.59
1662270,16622.7
1662376,16623.76
1662482,16624.82
1662590,16625.9
1662699,16626.99
1662806,16628.06
1662909,16629.09
1663013,16630.13
1663119,16631.19
1663229,16632.29
1663336,16633.36
1663442,16634.42
1663552,16635.52
1663663,16636.63
1663768,16637.68
1663871,16638.71
1663967,16639.67
1664059,16640.59
1664151,16641.51
1664239,16642.39
1664329,16643.29
1664424,16644.24
1664526,16645.26
1664624,16646.24
1664724,16647.24
1664830,16648.3
1664934,16649.34
1665030,16650.3
1665119,16651.19
1665214,16652.14
1665305,16653.05
1665397,16653.97
1665492,16654.92
1665599,16655.99
1665712,16657.12
1665819,16658.19
1665929,16659.29
1666041,16660.41
1666146,16661.46
1666243,16662.43
1666340,16663.4
1666444,16664.44
1666559,16665.59
1666669,16666.69
1666772,16667.72
1666865,16668.65
1666961,16669.61
1667053,16670.53
1667148,16671.48
1667235,16672.35
1667320,16673.2
1667412,16674.12
1667520,16675.2
1667637,16676.37
1667749,16677.49
1667865,16678.65
1667980,16679.8
1668088,16680.88
1668190,16681.9
1668289,16682.89
1668389,16683.89
1668492,16684.92
1668594,16685.94
1668708,16687.08
1668830,16688.3
1668951,16689.51
1669057,16690.57
1669153,16691.53
1669239,16692.39
1669326,16693.26
1669414,16694.14
1669494,16694.94
1669598,16695.98
1669725,16697.25
1669842,16698.42
1669960,16699.6
1670076,16700.76
1670189,16701.89
1670291,16702.91
1670389,16703.89
1670475,16704.75
1670558,16705.58
1670637,16706.37
1670718,16707.18
1670809,16708.09
1670934,16709.34
1671050,16710.5
1671168,16711.68
1671289,16712.89
1671408,16714.08
1671523,16715.23
1671639,16716.39
1671754,16717.54
1671869,16718.69
1671978,16719.78
1672084,16720.84
1672183,16721.83
1672284,16722.84
1672393,16723.93
1672499,16724.99
1672611,16726.11
1672726,16727.26
1672842,16728.42
1672951,16729.51
1673055,16730.55
1673161,16731.61
1673277,16732.77
1673386,16733.86
1673487,16734.87
1673587,16735.87
1673684,16736.84
1673786,16737.86
1673878,16738.78
1673971,16739.71
1674071,16740.71
1674178,16741.78
1674277,16742.77
1674372,16743.72
1674475,16744.75
1674593,16745.93
1674708,16747.08
1674815,16748.15
1674921,16749.21
1675030,16750.3
1675135,16751.35
1675233,16752.33
1675336,16753.36
1675439,16754.39
1675540,16755.4
1675636,16756.36
1675741,16757.41
1675846,16758.46
1675938,16759.38
1676026,16760.26
1676119,16761.19
1676220,16762.2
1676321,16763.21
1676420,16764.2
1676532,16765.32
1676642,16766.42
1676750,16767.5
1676858,16768.58
1676975,16769.75
1677088,16770.88
1677194,16771.94
1677303,16773.03
1677423,16774.23
1677538,16775.38
1677644,16776.44
1677745,16777.45
1677848,16778.48
1677949,16779.49
1678048,16780.48
1678142,16781.42
1678246,16782.46
1678345,16783.45
1678436,16784.36
1678525,16785.25
1678619,16786.19
1678726,16787.26
1678835,16788.35
1678940,16789.4
1679061,16790.61
1679182,16791.82
1679291,16792.91
1679389,16793.89
1679488,16794.88
1679591,16795.91
1679697,16796.97
1679802,16798.02
1679899,16798.99
1679998,16799.98
1680099,16800.99
1680225,16802.25
1680344,16803.44
1680456,16804.56
1680557,16805.57
1680651,16806.51
1680740,16807.4
1680827,16808.27
1680912,16809.12
1680992,16809.92
1681076,16810.76
1681183,16811.83
1681281,16812.81
1681404,16814.04
1681528,16815.28
1681641,16816.41
1681745,16817.45
1681839,16818.39
1681930,16819.3
1682015,16820.15
1682098,16820.98
1682178,16821.78
1682261,16822.61
1682368,16823.68
1682473,16824.73
1682569,16825.69
1682668,16826.68
1682766,16827.66
1682863,16828.63
1682954,16829.54
1683053,16830.53
1683156,16831.56
1683258,16832.58
1683357,16833.57
1683460,16834.6
1683575,16835.75
1683688,16836.88
1683789,16837.89
1683887,16838.87
1683990,16839.9
1684094,16840.94
1684197,16841.97
1684294,16842.94
1684385,16843.85
1684479,16844.79
1684580,16845.8
1684682,16846.82
1684783,16847.83
1684885,16848.85
1684993,16849.93
1685097,16850.97
1685197,16851.97
1685288,16852.88
1685379,16853.79
1685462,16854.62
1685540,16855.4
1685619,16856.19
1685698,16856.98
1685774,16857.74
1685849,16858.49
1685924,16859.24
1685998,16859.98
1686071,16860.71
1686145,16861.45
1686217,16862.17
1686290,16862.9
1686363,16863.63
1686436,16864.36
1686509,16865.09
1686583,16865.83
1686654,16866.54
1686726,16867.26
1686797,16867.97
1686868,16868.68
1686940,16869.4
1687011,16870.11
1687081,16870.81
1687151,16871.51
1687221,16872.21
1687290,16872.9
1687360,16873.6
1687431,16874.31
1687503,16875.03
1687575,16875.75
1687646,16876.46
1687716,16877.16
1687787,16877.87
1687856,16878.56
1687926,16879.26
1687998,16879.98
1688069,16880.69
1688140,16881.4
1688211,16882.11
1688283,16882.83
1688354,16883.54
1688425,16884.25
1688498,16884.98
1688577,16885.77
1688674,16886.74
1688772,16887.72
1688868,16888.68
1688960,16889.6
1689058,16890.58
1689158,16891.58
1689249,16892.49
1689333,16893.33
1689415,16894.15
1689491,16894.91
1689567,16895.67
1689649,16896.49
1689737,16897.37
1689858,16898.58
1689977,16899.77
1690091,16900.91
1690191,16901.91
1690286,16902.86
1690384,16903.84
1690479,16904.79
1690569,16905.69
1690677,16906.77
1690803,16908.03
1690919,16909.19
1691028,16910.28
1691135,16911.35
1691241,16912.41
1691341,16913.41
1691439,16914.39
1691539,16915.39
1691647,16916.47
1691746,16917.46
1691843,16918.43
1691947,16919.47
1692055,16920.55
1692155,16921.55
1692252,16922.52
1692348,16923.48
1692457,16924.57
1692567,16925.67
1692662,16926.62
1692754,16927.54
1692842,16928.42
1692932,16929.32
1693023,16930.23
1693150,16931.5
1693275,16932.75
1693393,16933.93
1693510,16935.1
1693627,16936.27
1693741,16937.41
1693853,16938.53
1693966,16939.66
1694080,16940.8
1694192,16941.92
1694302,16943.02
1694413,16944.13
1694522,16945.22
1694624,16946.24
1694720,16947.2
1694816,16948.16
1694913,16949.13
1695014,16950.14
1695107,16951.07
1695199,16951.99
1695300,16953.0
1695405,16954.05
1695504,16955.04
1695600,16956.0
1695698,16956.98
1695798,16957.98
1695892,16958.92
1695987,16959.87
1696091,16960.91
1696199,16961.99
1696304,16963.04
1696406,16964.06
1696512,16965.12
1696618,16966.18
1696718,16967.18
1696824,16968.24
1696933,16969.33
1697036,16970.36
1697134,16971.34
1697232,16972.32
1697324,16973.24
1697412,16974.12
1697501,16975.01
1697583,16975.83
1697661,16976.61
1697745,16977.45
1697869,16978.69
1697984,16979.84
1698100,16981.0
1698217,16982.17
1698331,16983.31
1698442,16984.42
1698555,16985.55
1698669,16986.69
1698778,16987.78
1698886,16988.86
1698989,16989.89
1699088,16990.88
1699187,16991.87
1699286,16992.86
1699394,16993.94
1699508,16995.08
1699625,16996.25
1699735,16997.35
1699846,16998.46
1699966,16999.66
1700083,17000.83
1700192,17001.92
1700297,17002.97
1700408,17004.08
1700515,17005.15
1700611,17006.11
1700709,17007.09
1700817,17008.17
1700936,17009.36
1701052,17010.52
1701172,17011.72
1701288,17012.88
1701401,17014.01
1701509,17015.09
1701611,17016.11
1701712,17017.12
1701809,17018.09
1701898,17018.98
1702007,17020.07
1702124,17021.24
1702242,17022.42
1702343,17023.43
1702444,17024.44
1702547,17025.47
1702646,17026.46
1702740,17027.4
1702843,17028.43
1702963,17029.63
1703084,17030.84
1703195,17031.95
1703307,17033.07
1703419,17034.19
1703527,17035.27
1703636,17036.36
1703748,17037.48
1703860,17038.6
1703966,17039.66
1704071,17040.71
1704178,17041.78
1704287,17042.87
1704395,17043.95
1704506,17045.06
1704619,17046.19
1704731,17047.31
1704838,17048.38
1704948,17049.48
1705060,17050.6
1705173,17051.73
1705280,17052.8
1705393,17053.93
1705507,17055.07
1705617,17056.17
1705726,17057.26
1705838,17058.38
1705948,17059.48
1706055,17060.55
1706162,17061.62
1706271,17062.71
1706380,17063.8
1706485,17064.85
1706589,17065.89
1706697,17066.97
1706808,17068.08
1706915,17069.15
1707019,17070.19
1707126,17071.26
1707231,17072.31
1707332,17073.32
1707438,17074.38
1707548,17075.48
1707660,17076.6
1707765,17077.65
1707870,17078.7
1707979,17079.79
1708094,17080.94
1708207,17082.07
1708314,17083.14
1708422,17084.22
1708531,17085.31
1708634,17086.34
1708735,17087.35
1708840,17088.4
1708947,17089.47
1709053,17090.53
1709158,17091.58
1709269,17092.69
1709383,17093.83
1709492,17094.92
1709601,17096.01
1709711,17097.11
1709821,17098.21
1709928,17099.28
1710037,17100.37
1710147,17101.47
1710254,17102.54
1710360,17103.6
1710469,17104.69
1710578,17105.78
1710686,17106.86
1710795,17107.95
1710909,17109.09
1711025,17110.25
1711137,17111.37
1711243,17112.43
1711349,17113.49
1711455,17114.55
1711558,17115.58
1711661,17116.61
1711772,17117.72
1711885,17118.85
1711997,17119.97
1712109,17121.09
1712226,17122.26
1712342,17123.42
1712455,17124.55
1712563,17125.63
1712674,17126.74
1712786,17127.86
1712894,17128.94
1713004,17130.04
1713120,17131.2
1713232,17132.32
1713342,17133.42
1713455,17134.55
1713565,17135.65
1713672,17136.72
1713775,17137.75
1713876,17138.76
1713981,17139.81
1714089,17140.89
1714198,17141.98
1714309,17143.09
1714421,17144.21
1714528,17145.28
1714633,17146.33
1714741,17147.41
1714850,17148.5
1714956,17149.56
1715061,17150.61
1715170,17151.7
1715282,17152.82
1715391,17153.91
1715495,17154.95
1715602,17156.02
1715712,17157.12
1715820,17158.2
1715928,17159.28
1716041,17160.41
1716156,17161.56
1716268,17162.68
1716379,17163.79
1716491,17164.91
1716601,17166.01
1716710,17167.1
1716815,17168.15
1716917,17169.17
1717024,17170.24
1717137,17171.37
1717254,17172.54
1717366,17173.66
1717476,17174.76
1717591,17175.91
1717708,17177.08
1717823,17178.23
1717933,17179.33
1718042,17180.42
1718151,17181.51
1718258,17182.58
1718361,17183.61
1718463,17184.63
1718571,17185.71
1718683,17186.83
1718791,17187.91
1718896,17188.96
1719004,17190.04
1719112,17191.12
1719217,17192.17
1719320,17193.2
1719427,17194.27
1719537,17195.37
1719649,17196.49
1719759,17197.59
1719868,17198.68
1719979,17199.79
1720086,17200.86
1720187,17201.87
1720286,17202.86
1720388,17203.88
1720494,17204.94
1720605,17206.05
1720711,17207.11
1720818,17208.18
1720928,17209.28
1721041,17210.41
1721151,17211.51
1721263,17212.63
1721378,17213.78
1721491,17214.91
1721603,17216.03
1721712,17217.12
1721825,17218.25
1721938,17219.38
1722042,17220.42
1722144,17221.44
1722248,17222.48
1722341,17223.41
1722422,17224.22
1722514,17225.14
1722608,17226.08
1722711,17227.11
1722828,17228.28
1722946,17229.46
1723058,17230.58
1723169,17231.69
1723277,17232.77
1723383,17233.83
1723489,17234.89
1723597,17235.97
1723705,17237.05
1723814,17238.14
1723927,17239.27
1724039,17240.39
1724147,17241.47
1724254,17242.54
1724365,17243.65
1724474,17244.74
1724583,17245.83
1724690,17246.9
1724799,17247.99
1724915,17249.15
1725031,17250.31
1725142,17251.42
1725250,17252.5
1725361,17253.61
1725472,17254.72
1725582,17255.82
1725686,17256.86
1725788,17257.88
1725895,17258.95
1726007,17260.07
1726118,17261.18
1726228,17262.28
1726342,17263.42
1726454,17264.54
1726564,17265.64
1726677,17266.77
1726792,17267.92
1726904,17269.04
1727011,17270.11
1727121,17271.21
1727232,17272.32
1727346,17273.46
1727451,17274.51
1727557,17275.57
1727665,17276.65
1727771,17277.71
1727876,17278.76
1727979,17279.79
1728085,17280.85
1728194,17281.94
1728306,17283.06
1728414,17284.14
1728525,17285.25
1728638,17286.38
1728753,17287.53
1728863,17288.63
1728972,17289.72
1729084,17290.84
1729199,17291.99
1729307,17293.07
1729412,17294.12
1729518,17295.18
1729628,17296.28
1729733,17297.33
1729834,17298.34
1729939,17299.39
1730044,17300.44
1730148,17301.48
1730249,17302.49
1730355,17303.55
1730464,17304.64
1730571,17305.71
1730675,17306.75
1730776,17307.76
1730880,17308.8
1730985,17309.85
1731085,17310.85
1731183,17311.83
1731277,17312.77
1731371,17313.71
1731466,17314.66
1731564,17315.64
1731663,17316.63
1731766,17317.66
1731880,17318.8
1731994,17319.94
1732093,17320.93
1732183,17321.83
1732273,17322.73
1732381,17323.81
1732489,17324.89
1732611,17326.11
1732728,17327.28
1732844,17328.44
1732958,17329.58
1733066,17330.66
1733175,17331.75
1733284,17332.84
1733392,17333.92
1733497,17334.97
1733600,17336.0
1733707,17337.07
1733814,17338.14
1733919,17339.19
1734029,17340.29
1734147,17341.47
1734261,17342.61
1734372,17343.72
1734486,17344.86
1734599,17345.99
1734710,17347.1
1734816,17348.16
1734923,17349.23
1735032,17350.32
1735141,17351.41
1735247,17352.47
1735354,17353.54
1735463,17354.63
1735569,17355.69
1735673,17356.73
1735774,17357.74
1735879,17358.79
1735986,17359.86
1736091,17360.91
1736193,17361.93
1736301,17363.01
1736405,17364.05
1736504,17365.04
1736599,17365.99
1736685,17366.85
1736780,17367.8
1736876,17368.76
1736976,17369.76
1737103,17371.03
1737223,17372.23
1737338,17373.38
1737454,17374.54
1737566,17375.66
1737674,17376.74
1737782,17377.82
1737891,17378.91
1738002,17380.02
1738113,17381.13
1738218,17382.18
1738329,17383.29
1738441,17384.41
1738552,17385.52
1738656,17386.56
1738763,17387.63
1738869,17388.69
1738971,17389.71
1739071,17390.71
1739176,17391.76
1739282,17392.82
1739387,17393.87
1739488,17394.88
1739593,17395.93
1739702,17397.02
1739806,17398.06
1739910,17399.1
1740019,17400.19
1740130,17401.3
1740241,17402.41
1740350,17403.5
1740462,17404.62
1740578,17405.78
1740694,17406.94
1740806,17408.06
1740921,17409.21
1741038,17410.38
1741149,17411.49
1741254,17412.54
1741355,17413.55
1741447,17414.47
1741547,17415.47
1741640,17416.4
1741737,17417.37
1741840,17418.4
1741961,17419.61
1742083,17420.83
1742197,17421.97
1742312,17423.12
1742427,17424.27
1742533,17425.33
1742640,17426.4
1742751,17427.51
1742863,17428.63
1742970,17429.7
1743081,17430.81
1743192,17431.92
1743302,17433.02
1743408,17434.08
1743511,17435.11
1743613,17436.13
1743719,17437.19
1743822,17438.22
1743925,17439.25
1744022,17440.22
1744114,17441.14
1744203,17442.03
1744283,17442.83
1744361,17443.61
1744440,17444.4
1744523,17445.23
1744642,17446.42
1744762,17447.62
1744875,17448.75
1744989,17449.89
1745098,17450.98
1745203,17452.03
1745301,17453.01
1745388,17453.88
1745475,17454.75
1745558,17455.58
1745641,17456.41
1745728,17457.28
1745834,17458.34
1745945,17459.45
1746056,17460.56
1746170,17461.7
1746289,17462.89
1746408,17464.08
1746526,17465.26
1746641,17466.41
1746759,17467.59
1746875,17468.75
1746987,17469.87
1747090,17470.9
1747189,17471.89
1747287,17472.87
1747389,17473.89
1747486,17474.86
1747583,17475.83
1747695,17476.95
1747822,17478.22
1747943,17479.43
1748060,17480.6
1748178,17481.78
1748294,17482.94
1748409,17484.09
1748518,17485.18
1748631,17486.31
1748743,17487.43
1748851,17488.51
1748955,17489.55
1749063,17490.63
1749173,17491.73
1749280,17492.8
1749388,17493.88
1749501,17495.01
1749614,17496.14
1749724,17497.24
1749837,17498.37
1749952,17499.52
1750064,17500.64
1750171,17501.71
1750281,17502.81
1750394,17503.94
1750508,17505.08
1750615,17506.15
1750719,17507.19
1750827,17508.27
1750937,17509.37
1751044,17510.44
1751152,17511.52
1751264,17512.64
1751375,17513.75
1751484,17514.84
1751596,17515.96
1751707,17517.07
1751820,17518.2
1751928,17519.28
1752032,17520.32
1752138,17521.38
1752248,17522.48
1752356,17523.56
1752464,17524.64
1752583,17525.83
1752704,17527.04
1752819,17528.19
1752932,17529.32
1753047,17530.47
1753163,17531.63
1753270,17532.7
1753371,17533.71
1753462,17534.62
1753560,17535.6
1753668,17536.68
1753772,17537.72
1753899,17538.99
1754020,17540.2
1754130,17541.3
1754223,17542.23
1754308,17543.08
1754396,17543.96
1754497,17544.97
1754604,17546.04
1754701,17547.01
1754795,17547.95
1754882,17548.82
1754963,17549.63
1755047,17550.47
1755144,17551.44
1755241,17552.41
1755351,17553.51
1755468,17554.68
1755581,17555.81
1755678,17556.78
1755771,17557.71
1755861,17558.61
1755945,17559.45
1756027,17560.27
1756108,17561.08
1756191,17561.91
1756289,17562.89
1756380,17563.8
1756472,17564.72
1756570,17565.7
1756659,17566.59
1756744,17567.44
1756826,17568.26
1756904,17569.04
1756980,17569.8
1757055,17570.55
1757129,17571.29
1757203,17572.03
1757277,17572.77
1757352,17573.52
1757428,17574.28
1757501,17575.01
1757574,17575.74
1757646,17576.46
1757719,17577.19
1757792,17577.92
1757866,17578.66
1757941,17579.41
1758014,17580.14
1758087,17580.87
1758160,17581.6
1758232,17582.32
1758305,17583.05
1758377,17583.77
1758448,17584.48
1758520,17585.2
1758590,17585.9
1758659,17586.59
1758727,17587.27
1758796,17587.96
1758865,17588.65
1758933,17589.33
1759003,17590.03
1759072,17590.72
1759142,17591.42
1759211,17592.11
1759280,17592.8
1759350,17593.5
1759420,17594.2
1759490,17594.9
1759559,17595.59
1759624,17596.24
1759689,17596.89
1759763,17597.63
1759838,17598.38
1759907,17599.07
1759976,17599.76
1760045,17600.45
1760114,17601.14
1760182,17601.82
1760251,17602.51
1760319,17603.19
1760387,17603.87
1760455,17604.55
1760522,17605.22
1760590,17605.9
1760658,17606.58
1760726,17607.26
1760795,17607.95
1760866,17608.66
1760940,17609.4
1761018,17610.18
1761101,17611.01
1761189,17611.89
1761284,17612.84
1761382,17613.82
1761480,17614.8
1761576,17615.76
1761665,17616.65
1761759,17617.59
1761859,17618.59
1761976,17619.76
1762092,17620.92
1762201,17622.01
1762308,17623.08
1762416,17624.16
1762526,17625.26
1762629,17626.29
1762729,17627.29
1762840,17628.4
1762951,17629.51
1763056,17630.56
1763157,17631.57
1763276,17632.76
1763395,17633.95
1763500,17635.0
1763593,17635.93
1763691,17636.91
1763801,17638.01
1763911,17639.11
1764017,17640.17
1764146,17641.46
1764267,17642.67
1764385,17643.85
1764498,17644.98
1764611,17646.11
1764716,17647.16
1764824,17648.24
1764927,17649.27
1765030,17650.3
1765159,17651.59
1765278,17652.78
1765393,17653.93
1765508,17655.08
1765622,17656.22
1765736,17657.36
1765847,17658.47
1765957,17659.57
1766058,17660.58
1766159,17661.59
1766255,17662.55
1766348,17663.48
1766447,17664.47
1766559,17665.59
1766681,17666.81
1766793,17667.93
1766900,17669.0
1767006,17670.06
1767117,17671.17
1767225,17672.25
1767332,17673.32
1767443,17674.43
1767559,17675.59
1767667,17676.67
1767776,17677.76
1767891,17678.91
1768008,17680.08
1768118,17681.18
1768232,17682.32
1768351,17683.51
1768468,17684.68
1768573,17685.73
1768672,17686.72
1768775,17687.75
1768887,17688.87
1769003,17690.03
1769113,17691.13
1769221,17692.21
1769333,17693.33
1769442,17694.42
1769546,17695.46
1769649,17696.49
1769756,17697.56
1769875,17698.75
1769989,17699.89
1770100,17701.0
1770215,17702.15
1770327,17703.27
1770434,17704.34
1770538,17705.38
1770648,17706.48
1770759,17707.59
1770865,17708.65
1770967,17709.67
1771078,17710.78
1771196,17711.96
1771312,17713.12
1771422,17714.22
1771534,17715.34
1771651,17716.51
1771767,17717.67
1771877,17718.77
1771983,17719.83
1772088,17720.88
1772189,17721.89
1772285,17722.85
1772393,17723.93
1772508,17725.08
1772628,17726.28
1772738,17727.38
1772837,17728.37
1772938,17729.38
1773041,17730.41
1773141,17731.41
1773238,17732.38
1773355,17733.55
1773468,17734.68
1773587,17735.87
1773707,17737.07
1773823,17738.23
1773938,17739.38
1774048,17740.48
1774157,17741.57
1774269,17742.69
1774384,17743.84
1774496,17744.96
1774606,17746.06
1774718,17747.18
1774832,17748.32
1774943,17749.43
1775054,17750.54
1775166,17751.66
1775279,17752.79
1775388,17753.88
1775500,17755.0
1775615,17756.15
1775730,17757.3
1775841,17758.41
1775947,17759.47
1776057,17760.57
1776167,17761.67
1776272,17762.72
1776378,17763.78
1776489,17764.89
1776604,17766.04
1776715,17767.15
1776825,17768.25
1776938,17769.38
1777052,17770.52
1777160,17771.6
1777266,17772.66
1777377,17773.77
1777492,17774.92
1777607,17776.07
1777717,17777.17
1777832,17778.32
1777947,17779.47
1778058,17780.58
1778165,17781.65
1778274,17782.74
1778386,17783.86
1778497,17784.97
1778606,17786.06
1778717,17787.17
1778829,17788.29
1778937,17789.37
1779044,17790.44
1779157,17791.57
1779271,17792.71
1779384,17793.84
1779494,17794.94
1779606,17796.06
1779719,17797.19
1779830,17798.3
1779938,17799.38
1780049,17800.49
1780163,17801.63
1780273,17802.73
1780380,17803.8
1780486,17804.86
1780598,17805.98
1780712,17807.12
1780827,17808.27
1780936,17809.36
1781049,17810.49
1781164,17811.64
1781277,17812.77
1781385,17813.85
1781495,17814.95
1781609,17816.09
1781721,17817.21
1781829,17818.29
1781937,17819.37
1782049,17820.49
1782166,17821.66
1782277,17822.77
1782388,17823.88
1782500,17825.0
1782610,17826.1
1782715,17827.15
1782824,17828.24
1782932,17829.32
1783040,17830.4
1783147,17831.47
1783256,17832.56
1783367,17833.67
1783478,17834.78
1783584,17835.84
1783691,17836.91
1783800,17838.0
1783910,17839.1
1784015,17840.15
1784118,17841.18
1784226,17842.26
1784334,17843.34
1784439,17844.39
1784543,17845.43
1784651,17846.51
1784760,17847.6
1784866,17848.66
1784969,17849.69
1785070,17850.7
1785176,17851.76
1785287,17852.87
1785395,17853.95
1785503,17855.03
1785621,17856.21
1785737,17857.37
1785850,17858.5
1785960,17859.6
1786074,17860.74
1786185,17861.85
1786293,17862.93
1786405,17864.05
1786520,17865.2
1786636,17866.36
1786746,17867.46
1786858,17868.58
1786971,17869.71
1787081,17870.81
1787188,17871.88
1787295,17872.95
1787407,17874.07
1787522,17875.22
1787632,17876.32
1787739,17877.39
1787850,17878.5
1787961,17879.61
1788071,17880.71
1788176,17881.76
1788285,17882.85
1788393,17883.93
1788501,17885.01
1788605,17886.05
1788709,17887.09
1788815,17888.15
1788921,17889.21
1789023,17890.23
1789125,17891.25
1789233,17892.33
1789346,17893.46
1789451,17894.51
1789554,17895.54
1789661,17896.61
1789770,17897.7
1789876,17898.76
1789985,17899.85
1790096,17900.96
1790211,17902.11
1790322,17903.22
1790436,17904.36
1790551,17905.51
1790666,17906.66
1790776,17907.76
1790889,17908.89
1791001,17910.01
1791113,17911.13
1791217,17912.17
1791321,17913.21
1791431,17914.31
1791543,17915.43
1791653,17916.53
1791760,17917.6
1791870,17918.7
1791981,17919.81
1792091,17920.91
1792196,17921.96
1792303,17923.03
1792412,17924.12
1792520,17925.2
1792625,17926.25
1792733,17927.33
1792846,17928.46
1792956,17929.56
1793064,17930.64
1793168,17931.68
1793276,17932.76
1793386,17933.86
1793494,17934.94
1793600,17936.0
1793711,17937.11
1793822,17938.22
1793938,17939.38
1794051,17940.51
1794163,17941.63
1794276,17942.76
1794390,17943.9
1794501,17945.01
1794608,17946.08
1794711,17947.11
1794811,17948.11
1794911,17949.11
1795012,17950.12
1795109,17951.09
1795235,17952.35
1795357,17953.57
1795472,17954.72
1795582,17955.82
1795693,17956.93
1795806,17958.06
1795917,17959.17
1796024,17960.24
1796134,17961.34
1796247,17962.47
1796360,17963.6
1796469,17964.69
1796581,17965.81
1796694,17966.94
1796803,17968.03
1796907,17969.07
1797012,17970.12
1797120,17971.2
1797233,17972.33
1797342,17973.42
1797451,17974.51
1797564,17975.64
1797679,17976.79
1797787,17977.87
1797895,17978.95
1798007,17980.07
1798120,17981.2
1798226,17982.26
1798330,17983.3
1798439,17984.39
1798548,17985.48
1798653,17986.53
1798757,17987.57
1798861,17988.61
1798966,17989.66
1799068,17990.68
1799168,17991.68
1799273,17992.73
1799383,17993.83
1799489,17994.89
1799593,17995.93
1799700,17997.0
1799808,17998.08
1799911,17999.11
1800013,18000.13
1800118,18001.18
1800225,18002.25
1800334,18003.34
1800439,18004.39
1800542,18005.42
1800647,18006.47
1800754,18007.54
1800856,18008.56
1800958,18009.58
1801060,18010.6
1801166,18011.66
1801274,18012.74
1801379,18013.79
1801487,18014.87
1801600,18016.0
1801712,18017.12
1801822,18018.22
1801936,18019.36
1802049,18020.49
1802161,18021.61
1802270,18022.7
1802380,18023.8
1802492,18024.92
1802605,18026.05
1802715,18027.15
1802824,18028.24
1802934,18029.34
1803046,18030.46
1803154,18031.54
1803258,18032.58
1803369,18033.69
1803480,18034.8
1803588,18035.88
1803694,18036.94
1803803,18038.03
1803918,18039.18
1804036,18040.36
1804146,18041.46
1804254,18042.54
1804364,18043.64
1804472,18044.72
1804577,18045.77
1804680,18046.8
1804790,18047.9
1804901,18049.01
1805006,18050.06
1805110,18051.1
1805218,18052.18
1805334,18053.34
1805451,18054.51
1805566,18055.66
1805681,18056.81
1805796,18057.96
1805907,18059.07
1806015,18060.15
1806127,18061.27
1806236,18062.36
1806343,18063.43
1806452,18064.52
1806563,18065.63
1806670,18066.7
1806777,18067.77
1806889,18068.89
1807002,18070.02
1807112,18071.12
1807220,18072.2
1807331,18073.31
1807442,18074.42
1807549,18075.49
1807652,18076.52
1807758,18077.58
1807867,18078.67
1807973,18079.73
1808078,18080.78
1808182,18081.82
1808293,18082.93
1808408,18084.08
1808521,18085.21
1808630,18086.3
1808741,18087.41
1808852,18088.52
1808961,18089.61
1809066,18090.66
1809174,18091.74
1809288,18092.88
1809403,18094.03
1809511,18095.11
1809617,18096.17
1809728,18097.28
1809838,18098.38
1809942,18099.42
1810044,18100.44
1810147,18101.47
1810247,18102.47
1810343,18103.43
1810440,18104.4
1810548,18105.48
1810665,18106.65
1810783,18107.83
1810897,18108.97
1811012,18110.12
1811128,18111.28
1811239,18112.39
1811347,18113.47
1811458,18114.58
1811569,18115.69
1811676,18116.76
1811787,18117.87
1811901,18119.01
1812016,18120.16
1812128,18121.28
1812243,18122.43
1812360,18123.6
1812475,18124.75
1812583,18125.83
1812696,18126.96
1812811,18128.11
1812923,18129.23
1813032,18130.32
1813141,18131.41
1813252,18132.52
1813363,18133.63
1813473,18134.73
1813580,18135.8
1813691,18136.91
1813802,18138.02
1813911,18139.11
1814016,18140.16
1814124,18141.24
1814239,18142.39
1814354,18143.54
1814465,18144.65
1814576,18145.76
1814693,18146.93
1814808,18148.08
1814915,18149.15
1815018,18150.18
1815124,18151.24
1815229,18152.29
1815334,18153.34
1815438,18154.38
1815542,18155.42
1815650,18156.5
1815757,18157.57
1815862,18158.62
1815969,18159.69
1816078,18160.78
1816183,18161.83
1816287,18162.87
1816394,18163.94
1816501,18165.01
1816603,18166.03
1816702,18167.02
1816803,18168.03
1816894,18168.94
1816983,18169.83
1817072,18170.72
1817186,18171.86
1817293,18172.93
1817412,18174.12
1817515,18175.15
1817619,18176.19
1817717,18177.17
1817805,18178.05
1817891,18178.91
1817972,18179.72
1818051,18180.51
1818133,18181.33
1818229,18182.29
1818321,18183.21
1818428,18184.28
1818538,18185.38
1818657,18186.57
1818764,18187.64
1818862,18188.62
1818960,18189.6
1819059,18190.59
1819157,18191.57
1819250,18192.5
1819362,18193.62
1819485,18194.85
1819606,18196.06
1819718,18197.18
1819829,18198.29
1819942,18199.42
1820059,18200.59
1820173,18201.73
1820281,18202.81
1820384,18203.84
1820488,18204.88
1820589,18205.89
1820689,18206.89
1820796,18207.96
1820919,18209.19
1821039,18210.39
1821150,18211.5
1821256,18212.56
1821363,18213.63
1821464,18214.64
1821558,18215.58
1821655,18216.55
1821765,18217.65
1821878,18218.78
1821984,18219.84
1822082,18220.82
1822172,18221.72
1822270,18222.7
1822371,18223.71
1822470,18224.7
1822569,18225.69
1822697,18226.97
1822817,18228.17
1822930,18229.3
1823044,18230.44
1823156,18231.56
1823265,18232.65
1823371,18233.71
1823478,18234.78
1823590,18235.9
1823700,18237.0
1823811,18238.11
1823926,18239.26
1824044,18240.44
1824158,18241.58
1824274,18242.74
1824391,18243.91
1824503,18245.03
1824612,18246.12
1824725,18247.25
1824841,18248.41
1824957,18249.57
1825065,18250.65
1825168,18251.68
1825258,18252.58
1825353,18253.53
1825466,18254.66
1825590,18255.9
1825714,18257.14
1825837,18258.37
1825960,18259.6
1826079,18260.79
1826198,18261.98
1826313,18263.13
1826422,18264.22
1826517,18265.17
1826601,18266.01
1826694,18266.94
1826828,18268.28
1826954,18269.54
1827077,18270.77
1827199,18271.99
1827322,18273.22
1827440,18274.4
1827555,18275.55
1827658,18276.58
1827761,18277.61
1827860,18278.6
1827951,18279.51
1828055,18280.55
1828169,18281.69
1828284,18282.84
1828384,18283.84
1828482,18284.82
1828576,18285.76
1828666,18286.66
1828757,18287.57
1828846,18288.46
1828953,18289.53
1829059,18290.59
1829153,18291.53
1829237,18292.37
1829319,18293.19
1829406,18294.06
1829494,18294.94
1829578,18295.78
1829659,18296.59
1829740,18297.4
1829822,18298.22
1829902,18299.02
1829980,18299.8
1830056,18300.56
1830131,18301.31
1830206,18302.06
1830279,18302.79
1830351,18303.51
1830423,18304.23
1830493,18304.93
1830566,18305.66
1830638,18306.38
1830710,18307.1
1830782,18307.82
1830854,18308.54
1830926,18309.26
1831000,18310.0
1831076,18310.76
1831151,18311.51
1831224,18312.24
1831297,18312.97
1831368,18313.68
1831439,18314.39
1831510,18315.1
1831581,18315.81
1831654,18316.54
1831727,18317.27
1831804,18318.04
1831888,18318.88
1831988,18319.88
1832089,18320.89
1832190,18321.9
1832292,18322.92
1832400,18324.0
1832511,18325.11
1832615,18326.15
1832710,18327.1
1832801,18328.01
1832898,18328.98
1833017,18330.17
1833136,18331.36
1833252,18332.52
1833369,18333.69
1833481,18334.81
1833586,18335.86
1833678,18336.78
1833769,18337.69
1833858,18338.58
1833943,18339.43
1834036,18340.36
1834157,18341.57
1834279,18342.79
1834393,18343.93
1834508,18345.08
1834622,18346.22
1834735,18347.35
1834847,18348.47
1834963,18349.63
1835080,18350.8
1835195,18351.95
1835306,18353.06
1835419,18354.19
1835531,18355.31
1835642,18356.42
1835752,18357.52
1835864,18358.64
1835979,18359.79
1836092,18360.92
1836191,18361.91
1836291,18362.91
1836411,18364.11
1836531,18365.31
1836629,18366.29
1836725,18367.25
1836824,18368.24
1836927,18369.27
1837032,18370.32
1837160,18371.6
1837283,18372.83
1837402,18374.02
1837519,18375.19
1837636,18376.36
1837752,18377.52
1837865,18378.65
1837966,18379.66
1838068,18380.68
1838181,18381.81
1838292,18382.92
1838402,18384.02
1838517,18385.17
1838629,18386.29
1838732,18387.32
1838829,18388.29
1838928,18389.28
1839028,18390.28
1839123,18391.23
1839211,18392.11
1839307,18393.07
1839398,18393.98
1839499,18394.99
1839597,18395.97
1839690,18396.9
1839791,18397.91
1839885,18398.85
1839970,18399.7
1840054,18400.54
1840137,18401.37
1840216,18402.16
1840294,18402.94
1840375,18403.75
1840463,18404.63
1840571,18405.71
1840686,18406.86
1840799,18407.99
1840904,18409.04
1841002,18410.02
1841105,18411.05
1841213,18412.13
1841316,18413.16
1841414,18414.14
1841518,18415.18
1841632,18416.32
1841747,18417.47
1841861,18418.61
1841978,18419.78
1842092,18420.92
1842195,18421.95
1842296,18422.96
1842401,18424.01
1842501,18425.01
1842597,18425.97
1842700,18427.0
1842807,18428.07
1842908,18429.08
1843009,18430.09
1843137,18431.37
1843255,18432.55
1843370,18433.7
1843486,18434.86
1843602,18436.02
1843715,18437.15
1843823,18438.23
1843943,18439.43
1844061,18440.61
1844174,18441.74
1844288,18442.88
1844403,18444.03
1844512,18445.12
1844616,18446.16
1844706,18447.06
1844802,18448.02
1844910,18449.1
1845016,18450.16
1845141,18451.41
1845266,18452.66
1845387,18453.87
1845505,18455.05
1845622,18456.22
1845734,18457.34
1845846,18458.46
1845952,18459.52
1846049,18460.49
1846145,18461.45
1846246,18462.46
1846346,18463.46
1846450,18464.5
1846579,18465.79
1846700,18467.0
1846818,18468.18
1846924,18469.24
1847021,18470.21
1847119,18471.19
1847220,18472.2
1847325,18473.25
1847449,18474.49
1847574,18475.74
1847683,18476.83
1847779,18477.79
1847875,18478.75
1847975,18479.75
1848073,18480.73
1848165,18481.65
1848270,18482.7
1848375,18483.75
1848467,18484.67
1848551,18485.51
1848633,18486.33
1848711,18487.11
1848788,18487.88
1848862,18488.62
1848936,18489.36
1849009,18490.09
1849080,18490.8
1849153,18491.53
1849227,18492.27
1849302,18493.02
1849377,18493.77
1849452,18494.52
1849526,18495.26
1849603,18496.03
1849681,18496.81
1849757,18497.57
1849833,18498.33
1849907,18499.07
1849981,18499.81
1850054,18500.54
1850128,18501.28
1850202,18502.02
1850276,18502.76
1850351,18503.51
1850425,18504.25
1850497,18504.97
1850571,18505.71
1850647,18506.47
1850731,18507.31
1850831,18508.31
1850934,18509.34
1851039,18510.39
1851149,18511.49
1851263,18512.63
1851380,18513.8
1851497,18514.97
1851616,18516.16
1851736,18517.36
1851851,18518.51
1851966,18519.66
1852088,18520.88
1852210,18522.1
1852312,18523.12
1852419,18524.19
1852530,18525.3
1852640,18526.4
1852760,18527.6
1852875,18528.75
1852991,18529.91
1853107,18531.07
1853217,18532.17
1853329,18533.29
1853441,18534.41
1853554,18535.54
1853667,18536.67
1853782,18537.82
1853899,18538.99
1854016,18540.16
1854130,18541.3
1854242,18542.42
1854357,18543.57
1854472,18544.72
1854585,18545.85
1854701,18547.01
1854819,18548.19
1854936,18549.36
1855051,18550.51
1855169,18551.69
1855286,18552.86
1855402,18554.02
1855515,18555.15
1855631,18556.31
1855746,18557.46
1855860,18558.6
1855974,18559.74
1856085,18560.85
1856198,18561.98
1856311,18563.11
1856428,18564.28
1856547,18565.47
1856666,18566.66
1856785,18567.85
1856906,18569.06
1857025,18570.25
1857140,18571.4
1857253,18572.53
1857358,18573.58
1857456,18574.56
1857554,18575.54
1857653,18576.53
1857752,18577.52
1857865,18578.65
1857978,18579.78
1858087,18580.87
1858209,18582.09
1858332,18583.32
1858444,18584.44
1858559,18585.59
1858672,18586.72
1858783,18587.83
1858896,18588.96
1859010,18590.1
1859125,18591.25
1859235,18592.35
1859347,18593.47
1859458,18594.58
1859568,18595.68
1859674,18596.74
1859783,18597.83
1859893,18598.93
1860003,18600.03
1860112,18601.12
1860230,18602.3
1860349,18603.49
1860462,18604.62
1860574,18605.74
1860688,18606.88
1860800,18608.0
1860909,18609.09
1861019,18610.19
1861131,18611.31
1861243,18612.43
1861355,18613.55
1861466,18614.66
1861581,18615.81
1861692,18616.92
1861797,18617.97
1861903,18619.03
1862010,18620.1
1862115,18621.15
1862219,18622.19
1862327,18623.27
1862439,18624.39
1862552,18625.52
1862662,18626.62
1862778,18627.78
1862893,18628.93
1863006,18630.06
1863118,18631.18
1863233,18632.33
1863348,18633.48
1863462,18634.62
1863571,18635.71
1863682,18636.82
1863793,18637.93
1863899,18638.99
1864005,18640.05
1864115,18641.15
1864226,18642.26
1864335,18643.35
1864445,18644.45
1864556,18645.56
1864670,18646.7
1864782,18647.82
1864888,18648.88
1864997,18649.97
1865107,18651.07
1865214,18652.14
1865320,18653.2
1865429,18654.29
1865531,18655.31
1865624,18656.24
1865718,18657.18
1865815,18658.15
1865916,18659.16
1866012,18660.12
1866107,18661.07
1866200,18662.0
1866304,18663.04
1866408,18664.08
1866503,18665.03
1866591,18665.91
1866673,18666.73
1866763,18667.63
1866878,18668.78
1866993,18669.93
1867115,18671.15
1867235,18672.35
1867349,18673.49
1867459,18674.59
1867572,18675.72
1867688,18676.88
1867800,18678.0
1867909,18679.09
1868021,18680.21
1868135,18681.35
1868248,18682.48
1868357,18683.57
1868468,18684.68
1868582,18685.82
1868698,18686.98
1868810,18688.1
1868920,18689.2
1869033,18690.33
1869147,18691.47
1869257,18692.57
1869366,18693.66
1869482,18694.82
1869599,18695.99
1869717,18697.17
1869829,18698.29
1869938,18699.38
1870049,18700.49
1870162,18701.62
1870273,18702.73
1870385,18703.85
1870500,18705.0
1870613,18706.13
1870724,18707.24
1870845,18708.45
1870966,18709.66
1871080,18710.8
1871189,18711.89
1871301,18713.01
1871416,18714.16
1871527,18715.27
1871634,18716.34
1871745,18717.45
1871855,18718.55
1871962,18719.62
1872068,18720.68
1872177,18721.77
1872292,18722.92
1872407,18724.07
1872519,18725.19
1872635,18726.35
1872752,18727.52
1872866,18728.66
1872977,18729.77
1873092,18730.92
1873205,18732.05
1873316,18733.16
1873424,18734.24
1873534,18735.34
1873644,18736.44
1873755,18737.55
1873864,18738.64
1873974,18739.74
1874086,18740.86
1874192,18741.92
1874296,18742.96
1874401,18744.01
1874510,18745.1
1874623,18746.23
1874735,18747.35
1874845,18748.45
1874959,18749.59
1875074,18750.74
1875187,18751.87
1875297,18752.97
1875414,18754.14
1875531,18755.31
1875642,18756.42
1875750,18757.5
1875863,18758.63
1875979,18759.79
1876093,18760.93
1876203,18762.03
1876316,18763.16
1876430,18764.3
1876539,18765.39
1876652,18766.52
1876767,18767.67
1876880,18768.8
1876986,18769.86
1877096,18770.96
1877205,18772.05
1877311,18773.11
1877416,18774.16
1877528,18775.28
1877644,18776.44
1877759,18777.59
1877868,18778.68
1877979,18779.79
1878092,18780.92
1878202,18782.02
1878310,18783.1
1878420,18784.2
1878533,18785.33
1878647,18786.47
1878759,18787.59
1878870,18788.7
1878985,18789.85
1879093,18790.93
1879201,18792.01
1879310,18793.1
1879420,18794.2
1879528,18795.28
1879633,18796.33
1879740,18797.4
1879848,18798.48
1879955,18799.55
1880060,18800.6
1880168,18801.68
1880279,18802.79
1880388,18803.88
1880493,18804.93
1880602,18806.02
1880708,18807.08
1880812,18808.12
1880913,18809.13
1881019,18810.19
1881133,18811.33
1881251,18812.51
1881364,18813.64
1881479,18814.79
1881594,18815.94
1881704,18817.04
1881809,18818.09
1881913,18819.13
1882026,18820.26
1882147,18821.47
1882269,18822.69
1882387,18823.87
1882509,18825.09
1882631,18826.31
1882750,18827.5
1882861,18828.61
1882970,18829.7
1883081,18830.81
1883194,18831.94
1883304,18833.04
1883416,18834.16
1883534,18835.34
1883651,18836.51
1883763,18837.63
1883873,18838.73
1883987,18839.87
1884103,18841.03
1884213,18842.13
1884320,18843.2
1884430,18844.3
1884543,18845.43
1884657,18846.57
1884769,18847.69
1884883,18848.83
1884993,18849.93
1885103,18851.03
1885209,18852.09
1885318,18853.18
1885429,18854.29
1885538,18855.38
1885644,18856.44
1885750,18857.5
1885856,18858.56
1885965,18859.65
1886071,18860.71
1886181,18861.81
1886296,18862.96
1886409,18864.09
1886517,18865.17
1886629,18866.29
1886744,18867.44
1886856,18868.56
1886962,18869.62
1887070,18870.7
1887182,18871.82
1887291,18872.91
1887397,18873.97
1887504,18875.04
1887613,18876.13
1887724,18877.24
1887833,18878.33
1887939,18879.39
1888048,18880.48
1888159,18881.59
1888269,18882.69
1888375,18883.75
1888484,18884.84
1888595,18885.95
1888703,18887.03
1888810,18888.1
1888921,18889.21
1889031,18890.31
1889138,18891.38
1889245,18892.45
1889354,18893.54
1889464,18894.64
1889571,18895.71
1889678,18896.78
1889790,18897.9
1889903,18899.03
1890011,18900.11
1890119,18901.19
1890222,18902.22
1890329,18903.29
1890444,18904.44
1890557,18905.57
1890669,18906.69
1890787,18907.87
1890901,18909.01
1891005,18910.05
1891106,18911.06
1891212,18912.12
1891324,18913.24
1891428,18914.28
1891530,18915.3
1891640,18916.4
1891748,18917.48
1891853,18918.53
1891952,18919.52
1892057,18920.57
1892167,18921.67
1892270,18922.7
1892367,18923.67
1892467,18924.67
1892563,18925.63
1892654,18926.54
1892746,18927.46
1892838,18928.38
1892965,18929.65
1893088,18930.88
1893206,18932.06
1893321,18933.21
1893436,18934.36
1893551,18935.51
1893661,18936.61
1893771,18937.71
1893883,18938.83
1893997,18939.97
1894104,18941.04
1894213,18942.13
1894325,18943.25
1894438,18944.38
1894546,18945.46
1894651,18946.51
1894758,18947.58
1894872,18948.72
1894986,18949.86
1895083,18950.83
1895179,18951.79
1895280,18952.8
1895378,18953.78
1895478,18954.78
1895609,18956.09
1895734,18957.34
1895856,18958.56
1895977,18959.77
1896101,18961.01
1896223,18962.23
1896342,18963.42
1896457,18964.57
1896569,18965.69
1896680,18966.8
1896787,18967.87
1896887,18968.87
1896992,18969.92
1897097,18970.97
1897203,18972.03
1897305,18973.05
1897405,18974.05
1897506,18975.06
1897606,18976.06
1897702,18977.02
1897810,18978.1
1897938,18979.38
1898060,18980.6
1898179,18981.79
1898296,18982.96
1898414,18984.14
1898530,18985.3
1898641,18986.41
1898755,18987.55
1898873,18988.73
1898989,18989.89
1899101,18991.01
1899212,18992.12
1899324,18993.24
1899438,18994.38
1899549,18995.49
1899660,18996.6
1899773,18997.73
1899883,18998.83
1899990,18999.9
1900103,19001.03
1900215,19002.15
1900326,19003.26
1900434,19004.34
1900547,19005.47
1900659,19006.59
1900767,19007.67
1900877,19008.77
1900989,19009.89
1901099,19010.99
1901206,19012.06
1901312,19013.12
1901422,19014.22
1901526,19015.26
1901625,19016.25
1901721,19017.21
1901819,19018.19
1901920,19019.2
1902020,19020.2
1902118,19021.18
1902229,19022.29
1902346,19023.46
1902459,19024.59
1902566,19025.66
1902678,19026.78
1902799,19027.99
1902913,19029.13
1903023,19030.23
1903138,19031.38
1903255,19032.55
1903368,19033.68
1903470,19034.7
1903569,19035.69
1903672,19036.72
1903778,19037.78
1903882,19038.82
1903982,19039.82
1904084,19040.84
1904184,19041.84
1904280,19042.8
1904381,19043.81
1904491,19044.91
1904604,19046.04
1904710,19047.1
1904812,19048.12
1904916,19049.16
1905020,19050.2
1905119,19051.19
1905212,19052.12
1905313,19053.13
1905414,19054.14
1905512,19055.12
1905608,19056.08
1905698,19056.98
1905799,19057.99
1905911,19059.11
1906018,19060.18
1906118,19061.18
1906217,19062.17
1906316,19063.16
1906413,19064.13
1906502,19065.02
1906598,19065.98
1906697,19066.97
1906797,19067.97
1906897,19068.97
1907002,19070.02
1907116,19071.16
1907223,19072.23
1907323,19073.23
1907420,19074.2
1907520,19075.2
1907627,19076.27
1907732,19077.32
1907833,19078.33
1907937,19079.37
1908043,19080.43
1908144,19081.44
1908244,19082.44
1908345,19083.45
1908451,19084.51
1908554,19085.54
1908655,19086.55
1908761,19087.61
1908866,19088.66
1908966,19089.66
1909061,19090.61
1909161,19091.61
1909269,19092.69
1909389,19093.89
1909505,19095.05
1909617,19096.17
1909734,19097.34
1909842,19098.42
1909938,19099.38
1910027,19100.27
1910117,19101.17
1910207,19102.07
1910315,19103.15
1910414,19104.14
1910516,19105.16
1910620,19106.2
1910720,19107.2
1910812,19108.12
1910897,19108.97
1910985,19109.85
1911073,19110.73
1911162,19111.62
1911248,19112.48
1911336,19113.36
1911465,19114.65
1911592,19115.92
1911715,19117.15
1911834,19118.34
1911956,19119.56
1912078,19120.78
1912194,19121.94
1912305,19123.05
1912419,19124.19
1912532,19125.32
1912634,19126.34
1912730,19127.3
1912829,19128.29
1912943,19129.43
1913069,19130.69
1913187,19131.87
1913300,19133.0
1913418,19134.18
1913534,19135.34
1913639,19136.39
1913742,19137.42
1913848,19138.48
1913955,19139.55
1914057,19140.57
1914158,19141.58
1914269,19142.69
1914379,19143.79
1914488,19144.88
1914589,19145.89
1914692,19146.92
1914803,19148.03
1914909,19149.09
1915011,19150.11
1915114,19151.14
1915217,19152.17
1915326,19153.26
1915426,19154.26
1915524,19155.24
1915625,19156.25
1915730,19157.3
1915834,19158.34
1915934,19159.34
1916039,19160.39
1916153,19161.53
1916263,19162.63
1916368,19163.68
1916479,19164.79
1916592,19165.92
1916698,19166.98
1916805,19168.05
1916925,19169.25
1917043,19170.43
1917150,19171.5
1917254,19172.54
1917355,19173.55
1917457,19174.57
1917556,19175.56
1917649,19176.49
1917751,19177.51
1917859,19178.59
1917958,19179.58
1918058,19180.58
1918174,19181.74
1918298,19182.98
1918414,19184.14
1918521,19185.21
1918629,19186.29
1918744,19187.44
1918853,19188.53
1918957,19189.57
1919069,19190.69
1919187,19191.87
1919303,19193.03
1919415,19194.15
1919539,19195.39
1919659,19196.59
1919769,19197.69
1919871,19198.71
1919973,19199.73
1920071,19200.71
1920166,19201.66
1920266,19202.66
1920369,19203.69
1920468,19204.68
1920566,19205.66
1920666,19206.66
1920769,19207.69
1920873,19208.73
1920973,19209.73
1921068,19210.68
1921168,19211.68
1921269,19212.69
1921369,19213.69
1921460,19214.6
1921556,19215.56
1921655,19216.55
1921761,19217.61
1921858,19218.58
1921951,19219.51
1922052,19220.52
1922154,19221.54
1922257,19222.57
1922358,19223.58
1922454,19224.54
1922554,19225.54
1922656,19226.56
1922757,19227.57
1922854,19228.54
1922964,19229.64
1923075,19230.75
1923184,19231.84
1923283,19232.83
1923383,19233.83
1923484,19234.84
1923582,19235.82
1923678,19236.78
1923778,19237.78
1923882,19238.82
1923993,19239.93
1924098,19240.98
1924206,19242.06
1924325,19243.25
1924446,19244.46
1924558,19245.58
1924658,19246.58
1924759,19247.59
1924865,19248.65
1924965,19249.65
1925064,19250.64
1925193,19251.93
1925316,19253.16
1925433,19254.33
1925549,19255.49
1925661,19256.61
1925769,19257.69
1925870,19258.7
1925969,19259.69
1926070,19260.7
1926178,19261.78
1926282,19262.82
1926387,19263.87
1926504,19265.04
1926625,19266.25
1926738,19267.38
1926846,19268.46
1926956,19269.56
1927065,19270.65
1927165,19271.65
1927259,19272.59
1927356,19273.56
1927450,19274.5
1927549,19275.49
1927645,19276.45
1927747,19277.47
1927866,19278.66
1927985,19279.85
1928097,19280.97
1928207,19282.07
1928317,19283.17
1928422,19284.22
1928518,19285.18
1928611,19286.11
1928720,19287.2
1928837,19288.37
1928948,19289.48
1929058,19290.58
1929168,19291.68
1929272,19292.72
1929369,19293.69
1929461,19294.61
1929561,19295.61
1929666,19296.66
1929773,19297.73
1929875,19298.75
1929983,19299.83
1930093,19300.93
1930202,19302.02
1930303,19303.03
1930401,19304.01
1930503,19305.03
1930617,19306.17
1930731,19307.31
1930835,19308.35
1930938,19309.38
1931052,19310.52
1931166,19311.66
1931274,19312.74
1931376,19313.76
1931482,19314.82
1931592,19315.92
1931697,19316.97
1931798,19317.98
1931902,19319.02
1932005,19320.05
1932104,19321.04
1932201,19322.01
1932306,19323.06
1932415,19324.15
1932518,19325.18
1932620,19326.2
1932722,19327.22
1932830,19328.3
1932931,19329.31
1933026,19330.26
1933132,19331.32
1933233,19332.33
1933332,19333.32
1933426,19334.26
1933521,19335.21
1933622,19336.22
1933731,19337.31
1933835,19338.35
1933934,19339.34
1934035,19340.35
1934138,19341.38
1934259,19342.59
1934375,19343.75
1934487,19344.87
1934595,19345.95
1934700,19347.0
1934800,19348.0
1934898,19348.98
1935007,19350.07
1935129,19351.29
1935247,19352.47
1935354,19353.54
1935459,19354.59
1935561,19355.61
1935657,19356.57
1935749,19357.49
1935851,19358.51
1935981,19359.81
1936102,19361.02
1936218,19362.18
1936335,19363.35
1936451,19364.51
1936560,19365.6
1936660,19366.6
1936758,19367.58
1936860,19368.6
1936963,19369.63
1937059,19370.59
1937152,19371.52
1937254,19372.54
1937363,19373.63
1937469,19374.69
1937568,19375.68
1937668,19376.68
1937771,19377.71
1937875,19378.75
1937974,19379.74
1938065,19380.65
1938163,19381.63
1938263,19382.63
1938361,19383.61
1938459,19384.59
1938563,19385.63
1938672,19386.72
1938782,19387.82
1938882,19388.82
1938979,19389.79
1939087,19390.87
1939187,19391.87
1939279,19392.79
1939368,19393.68
1939480,19394.8
1939610,19396.1
1939731,19397.31
1939849,19398.49
1939970,19399.7
1940089,19400.89
1940204,19402.04
1940312,19403.12
1940422,19404.22
1940530,19405.3
1940630,19406.3
1940727,19407.27
1940831,19408.31
1940939,19409.39
1941046,19410.46
1941146,19411.46
1941247,19412.47
1941351,19413.51
1941456,19414.56
1941554,19415.54
1941650,19416.5
1941751,19417.51
1941862,19418.62
1941965,19419.65
1942064,19420.64
1942162,19421.62
1942269,19422.69
1942376,19423.76
1942480,19424.8
1942580,19425.8
1942683,19426.83
1942789,19427.89
1942888,19428.88
1942980,19429.8
1943072,19430.72
1943166,19431.66
1943264,19432.64
1943357,19433.57
1943449,19434.49
1943557,19435.57
1943664,19436.64
1943764,19437.64
1943857,19438.57
1943957,19439.57
1944059,19440.59
1944161,19441.61
1944263,19442.63
1944373,19443.73
1944497,19444.97
1944622,19446.22
1944738,19447.38
1944847,19448.47
1944956,19449.56
1945064,19450.64
1945165,19451.65
1945266,19452.66
1945369,19453.69
1945472,19454.72
1945570,19455.7
1945665,19456.65
1945772,19457.72
1945887,19458.87
1946002,19460.02
1946111,19461.11
1946220,19462.2
1946333,19463.33
1946436,19464.36
1946531,19465.31
1946631,19466.31
1946734,19467.34
1946837,19468.37
1946936,19469.36
1947031,19470.31
1947134,19471.34
1947244,19472.44
1947351,19473.51
1947450,19474.5
1947548,19475.48
1947652,19476.52
1947758,19477.58
1947861,19478.61
1947957,19479.57
1948056,19480.56
1948165,19481.65
1948279,19482.79
1948386,19483.86
1948486,19484.86
1948590,19485.9
1948691,19486.91
1948790,19487.9
1948884,19488.84
1948983,19489.83
1949094,19490.94
1949209,19492.09
1949320,19493.2
1949421,19494.21
1949522,19495.22
1949622,19496.22
1949725,19497.25
1949827,19498.27
1949920,19499.2
1950032,19500.32
1950143,19501.43
1950251,19502.51
1950349,19503.49
1950449,19504.49
1950556,19505.56
1950656,19506.56
1950756,19507.56
1950857,19508.57
1950962,19509.62
1951069,19510.69
1951167,19511.67
1951263,19512.63
1951369,19513.69
1951472,19514.72
1951572,19515.72
1951672,19516.72
1951777,19517.77
1951886,19518.86
1951986,19519.86
1952074,19520.74
1952166,19521.66
1952262,19522.62
1952373,19523.73
1952477,19524.77
1952577,19525.77
1952675,19526.75
1952773,19527.73
1952873,19528.73
1952973,19529.73
1953083,19530.83
1953201,19532.01
1953316,19533.16
1953421,19534.21
1953523,19535.23
1953624,19536.24
1953717,19537.17
1953806,19538.06
1953896,19538.96
1954004,19540.04
1954111,19541.11
1954213,19542.13
1954321,19543.21
1954439,19544.39
1954552,19545.52
1954657,19546.57
1954759,19547.59
1954858,19548.58
1954958,19549.58
1955053,19550.53
1955149,19551.49
1955253,19552.53
1955365,19553.65
1955474,19554.74
1955575,19555.75
1955678,19556.78
1955785,19557.85
1955888,19558.88
1955986,19559.86
1956090,19560.9
1956200,19562.0
1956308,19563.08
1956411,19564.11
1956512,19565.12
1956622,19566.22
1956728,19567.28
1956830,19568.3
1956928,19569.28
1957031,19570.31
1957133,19571.33
1957232,19572.32
1957325,19573.25
1957419,19574.19
1957520,19575.2
1957627,19576.27
1957727,19577.27
1957824,19578.24
1957931,19579.31
1958029,19580.29
1958116,19581.16
1958199,19581.99
1958281,19582.81
1958365,19583.65
1958464,19584.64
1958592,19585.92
1958705,19587.05
1958818,19588.18
1958930,19589.3
1959039,19590.39
1959137,19591.37
1959223,19592.23
1959312,19593.12
1959420,19594.2
1959549,19595.49
1959669,19596.69
1959793,19597.93
1959916,19599.16
1960036,19600.36
1960151,19601.51
1960263,19602.63
1960371,19603.71
1960473,19604.73
1960575,19605.75
1960676,19606.76
1960775,19607.75
1960868,19608.68
1960963,19609.63
1961066,19610.66
1961189,19611.89
1961311,19613.11
1961418,19614.18
1961516,19615.16
1961618,19616.18
1961719,19617.19
1961818,19618.18
1961916,19619.16
1962025,19620.25
1962145,19621.45
1962266,19622.66
1962373,19623.73
1962475,19624.75
1962578,19625.78
1962685,19626.85
1962786,19627.86
1962881,19628.81
1962971,19629.71
1963070,19630.7
1963178,19631.78
1963280,19632.8
1963380,19633.8
1963509,19635.09
1963631,19636.31
1963749,19637.49
1963861,19638.61
1963975,19639.75
1964089,19640.89
1964200,19642.0
1964301,19643.01
1964405,19644.05
1964515,19645.15
1964626,19646.26
1964731,19647.31
1964832,19648.32
1964938,19649.38
1965043,19650.43
1965144,19651.44
1965246,19652.46
1965361,19653.61
1965477,19654.77
1965583,19655.83
1965681,19656.81
1965780,19657.8
1965883,19658.83
1965985,19659.85
1966085,19660.85
1966198,19661.98
1966320,19663.2
1966442,19664.42
1966554,19665.54
1966661,19666.61
1966775,19667.75
1966888,19668.88
1966994,19669.94
1967093,19670.93
1967197,19671.97
1967302,19673.02
1967408,19674.08
1967510,19675.1
1967610,19676.1
1967720,19677.2
1967830,19678.3
1967933,19679.33
1968033,19680.33
1968136,19681.36
1968240,19682.4
1968342,19683.42
1968437,19684.37
1968534,19685.34
1968632,19686.32
1968736,19687.36
1968838,19688.38
1968940,19689.4
1969041,19690.41
1969150,19691.5
1969261,19692.61
1969362,19693.62
1969463,19694.63
1969569,19695.69
1969680,19696.8
1969785,19697.85
1969884,19698.84
1969982,19699.82
1970078,19700.78
1970172,19701.72
1970265,19702.65
1970378,19703.78
1970486,19704.86
1970591,19705.91
1970687,19706.87
1970785,19707.85
1970892,19708.92
1971002,19710.02
1971106,19711.06
1971215,19712.15
1971332,19713.32
1971446,19714.46
1971552,19715.52
1971655,19716.55
1971755,19717.55
1971859,19718.59
1971957,19719.57
1972054,19720.54
1972159,19721.59
1972265,19722.65
1972368,19723.68
1972469,19724.69
1972574,19725.74
1972677,19726.77
1972776,19727.76
1972870,19728.7
1972968,19729.68
1973064,19730.64
1973177,19731.77
1973293,19732.93
1973402,19734.02
1973521,19735.21
1973635,19736.35
1973742,19737.42
1973846,19738.46
1973955,19739.55
1974073,19740.73
1974186,19741.86
1974291,19742.91
1974398,19743.98
1974510,19745.1
1974619,19746.19
1974723,19747.23
1974827,19748.27
1974931,19749.31
1975027,19750.27
1975119,19751.19
1975214,19752.14
1975311,19753.11
1975411,19754.11
1975507,19755.07
1975605,19756.05
1975710,19757.1
1975821,19758.21
1975923,19759.23
1976021,19760.21
1976120,19761.2
1976222,19762.22
1976321,19763.21
1976417,19764.17
1976519,19765.19
1976622,19766.22
1976726,19767.26
1976821,19768.21
1976920,19769.2
1977019,19770.19
1977118,19771.18
1977214,19772.14
1977310,19773.1
1977414,19774.14
1977519,19775.19
1977619,19776.19
1977717,19777.17
1977819,19778.19
1977924,19779.24
1978023,19780.23
1978113,19781.13
1978203,19782.03
1978302,19783.02
1978413,19784.13
1978529,19785.29
1978643,19786.43
1978755,19787.55
1978874,19788.74
1978985,19789.85
1979083,19790.83
1979180,19791.8
1979277,19792.77
1979379,19793.79
1979476,19794.76
1979571,19795.71
1979680,19796.8
1979792,19797.92
1979897,19798.97
1979993,19799.93
1980086,19800.86
1980180,19801.8
1980267,19802.67
1980357,19803.57
1980449,19804.49
1980548,19805.48
1980650,19806.5
1980745,19807.45
1980848,19808.48
1980980,19809.8
1981102,19811.02
1981221,19812.21
1981324,19813.24
1981422,19814.22
1981520,19815.2
1981619,19816.19
1981717,19817.17
1981836,19818.36
1981956,19819.56
1982070,19820.7
1982173,19821.73
1982271,19822.71
1982368,19823.68
1982462,19824.62
1982555,19825.55
1982655,19826.55
1982768,19827.68
1982878,19828.78
1982981,19829.81
1983083,19830.83
1983185,19831.85
1983285,19832.85
1983383,19833.83
1983474,19834.74
1983583,19835.83
1983693,19836.93
1983806,19838.06
1983915,19839.15
1984017,19840.17
1984120,19841.2
1984215,19842.15
1984308,19843.08
1984402,19844.02
1984504,19845.04
1984613,19846.13
1984718,19847.18
1984819,19848.19
1984916,19849.16
1985021,19850.21
1985129,19851.29
1985232,19852.32
1985331,19853.31
1985436,19854.36
1985548,19855.48
1985660,19856.6
1985764,19857.64
1985866,19858.66
1985970,19859.7
1986073,19860.73
1986177,19861.77
1986276,19862.76
1986379,19863.79
1986493,19864.93
1986613,19866.13
1986722,19867.22
1986823,19868.23
1986921,19869.21
1987022,19870.22
1987126,19871.26
1987224,19872.24
1987324,19873.24
1987429,19874.29
1987538,19875.38
1987638,19876.38
1987737,19877.37
1987837,19878.37
1987936,19879.36
1988037,19880.37
1988132,19881.32
1988227,19882.27
1988331,19883.31
1988437,19884.37
1988541,19885.41
1988640,19886.4
1988742,19887.42
1988847,19888.47
1988953,19889.53
1989055,19890.55
1989151,19891.51
1989250,19892.5
1989359,19893.59
1989464,19894.64
1989564,19895.64
1989660,19896.6
1989753,19897.53
1989847,19898.47
1989954,19899.54
1990052,19900.52
1990146,19901.46
1990247,19902.47
1990346,19903.46
1990448,19904.48
1990545,19905.45
1990642,19906.42
1990744,19907.44
1990847,19908.47
1990954,19909.54
1991051,19910.51
1991143,19911.43
1991236,19912.36
1991328,19913.28
1991417,19914.17
1991503,19915.03
1991588,19915.88
1991675,19916.75
1991775,19917.75
1991872,19918.72
1991967,19919.67
1992074,19920.74
1992176,19921.76
1992273,19922.73
1992365,19923.65
1992454,19924.54
1992545,19925.45
1992633,19926.33
1992724,19927.24
1992808,19928.08
1992892,19928.92
1992976,19929.76
1993059,19930.59
1993150,19931.5
1993239,19932.39
1993325,19933.25
1993411,19934.11
1993497,19934.97
1993585,19935.85
1993673,19936.73
1993756,19937.56
1993838,19938.38
1993919,19939.19
1994001,19940.01
1994088,19940.88
1994173,19941.73
1994258,19942.58
1994340,19943.4
1994422,19944.22
1994504,19945.04
1994586,19945.86
1994667,19946.67
1994748,19947.48
1994834,19948.34
1994933,19949.33
1995031,19950.31
1995126,19951.26
1995215,19952.15
1995307,19953.07
1995398,19953.98
1995495,19954.95
1995587,19955.87
1995675,19956.75
1995765,19957.65
1995855,19958.55
1995946,19959.46
1996035,19960.35
1996126,19961.26
1996220,19962.2
1996309,19963.09
1996394,19963.94
1996480,19964.8
1996567,19965.67
1996658,19966.58
1996747,19967.47
1996837,19968.37
1996935,19969.35
1997027,19970.27
1997115,19971.15
1997198,19971.98
1997282,19972.82
1997365,19973.65
1997448,19974.48
1997530,19975.3
1997612,19976.12
1997695,19976.95
1997776,19977.76
1997859,19978.59
1997945,19979.45
1998034,19980.34
1998128,19981.28
1998219,19982.19
1998308,19983.08
1998400,19984.0
1998493,19984.93
1998579,19985.79
1998662,19986.62
1998746,19987.46
1998828,19988.28
1998911,19989.11
1998992,19989.92
1999073,19990.73
1999155,19991.55
1999240,19992.4
1999328,19993.28
1999413,19994.13
1999498,19994.98
1999588,19995.88
1999677,19996.77
1999767,19997.67
1999853,19998.53
1999939,19999.39
2000028,20000.28
2000120,20001.2
2000211,20002.11
2000298,20002.98
2000390,20003.9
2000479,20004.79
2000568,20005.68
2000654,20006.54
2000740,20007.4
2000828,20008.28
2000923,20009.23
2001015,20010.15
2001106,20011.06
2001207,20012.07
2001305,20013.05
2001401,20014.01
2001492,20014.92
2001587,20015.87
2001680,20016.8
2001777,20017.77
2001866,20018.66
2001954,20019.54
2002043,20020.43
2002133,20021.33
2002227,20022.27
2002319,20023.19
2002406,20024.06
2002492,20024.92
2002578,20025.78
2002666,20026.66
2002757,20027.57
2002855,20028.55
2002944,20029.44
2003032,20030.32
2003120,20031.2
2003217,20032.17
2003314,20033.14
2003411,20034.11
2003503,20035.03
2003593,20035.93
2003686,20036.86
2003788,20037.88
2003885,20038.85
2003981,20039.81
2004085,20040.85
2004189,20041.89
2004288,20042.88
2004385,20043.85
2004487,20044.87
2004590,20045.9
2004686,20046.86
2004779,20047.79
2004871,20048.71
2004965,20049.65
2005062,20050.62
2005156,20051.56
2005248,20052.48
2005340,20053.4
2005442,20054.42
2005544,20055.44
2005633,20056.33
2005719,20057.19
2005802,20058.02
2005883,20058.83
2005963,20059.63
2006044,20060.44
2006125,20061.25
2006206,20062.06
2006299,20062.99
2006405,20064.05
2006504,20065.04
2006595,20065.95
2006689,20066.89
2006782,20067.82
2006877,20068.77
2006964,20069.64
2007053,20070.53
2007141,20071.41
2007230,20072.3
2007325,20073.25
2007425,20074.25
2007520,20075.2
2007611,20076.11
2007704,20077.04
2007797,20077.97
2007890,20078.9
2007982,20079.82
2008068,20080.68
2008159,20081.59
2008250,20082.5
2008342,20083.42
2008429,20084.29
2008518,20085.18
2008605,20086.05
2008693,20086.93
2008783,20087.83
2008872,20088.72
2008961,20089.61
2009048,20090.48
2009141,20091.41
2009231,20092.31
2009321,20093.21
2009409,20094.09
2009497,20094.97
2009596,20095.96
2009689,20096.89
2009780,20097.8
2009876,20098.76
2009969,20099.69
2010063,20100.63
2010152,20101.52
2010241,20102.41
2010330,20103.3
2010425,20104.25
2010517,20105.17
2010606,20106.06
2010692,20106.92
2010781,20107.81
2010877,20108.77
2010973,20109.73
2011059,20110.59
2011149,20111.49
2011236,20112.36
2011322,20113.22
2011408,20114.08
2011493,20114.93
2011577,20115.77
2011662,20116.62
2011749,20117.49
2011843,20118.43
2011937,20119.37
2012025,20120.25
2012109,20121.09
2012195,20121.95
2012280,20122.8
2012365,20123.65
2012450,20124.5
2012538,20125.38
2012626,20126.26
2012725,20127.25
2012821,20128.21
2012912,20129.12
2013006,20130.06
2013102,20131.02
2013198,20131.98
2013290,20132.9
2013381,20133.81
2013473,20134.73
2013576,20135.76
2013677,20136.77
2013775,20137.75
2013869,20138.69
2013965,20139.65
2014062,20140.62
2014163,20141.63
2014261,20142.61
2014356,20143.56
2014452,20144.52
2014548,20145.48
2014646,20146.46
2014745,20147.45
2014836,20148.36
2014926,20149.26
2015024,20150.24
2015117,20151.17
2015215,20152.15
2015306,20153.06
2015395,20153.95
2015482,20154.82
2015567,20155.67
2015656,20156.56
2015745,20157.45
2015831,20158.31
2015914,20159.14
2016007,20160.07
2016102,20161.02
2016200,20162.0
2016294,20162.94
2016384,20163.84
2016475,20164.75
2016566,20165.66
2016662,20166.62
2016751,20167.51
2016840,20168.4
2016925,20169.25
2017015,20170.15
2017101,20171.01
2017194,20171.94
2017283,20172.83
2017372,20173.72
2017460,20174.6
2017542,20175.42
2017622,20176.22
2017701,20177.01
2017792,20177.92
2017915,20179.15
2018033,20180.33
2018148,20181.48
2018255,20182.55
2018348,20183.48
2018441,20184.41
2018532,20185.32
2018629,20186.29
2018722,20187.22
2018817,20188.17
2018922,20189.22
2019028,20190.28
2019128,20191.28
2019223,20192.23
2019316,20193.16
2019414,20194.14
2019513,20195.13
2019605,20196.05
2019695,20196.95
2019786,20197.86
2019892,20198.92
2019999,20199.99
2020096,20200.96
2020190,20201.9
2020281,20202.81
2020377,20203.77
2020478,20204.78
2020574,20205.74
2020667,20206.67
2020764,20207.64
2020853,20208.53
2020941,20209.41
2021028,20210.28
2021116,20211.16
2021218,20212.18
2021314,20213.14
2021414,20214.14
2021517,20215.17
2021634,20216.34
2021751,20217.51
2021856,20218.56
2021952,20219.52
2022049,20220.49
2022143,20221.43
2022235,20222.35
2022322,20223.22
2022411,20224.11
2022505,20225.05
2022602,20226.02
2022689,20226.89
2022779,20227.79
2022869,20228.69
2022955,20229.55
2023045,20230.45
2023145,20231.45
2023239,20232.39
2023330,20233.3
2023420,20234.2
2023512,20235.12
2023607,20236.07
2023696,20236.96
2023787,20237.87
2023879,20238.79
2023974,20239.74
2024064,20240.64
2024156,20241.56
2024247,20242.47
2024345,20243.45
2024438,20244.38
2024535,20245.35
2024626,20246.26
2024718,20247.18
2024812,20248.12
2024913,20249.13
2025009,20250.09
2025103,20251.03
2025201,20252.01
2025303,20253.03
2025402,20254.02
2025498,20254.98
2025596,20255.96
2025696,20256.96
2025796,20257.96
2025890,20258.9
2025978,20259.78
2026075,20260.75
2026172,20261.72
2026270,20262.7
2026363,20263.63
2026454,20264.54
2026550,20265.5
2026643,20266.43
2026742,20267.42
2026834,20268.34
2026924,20269.24
2027015,20270.15
2027107,20271.07
2027199,20271.99
2027287,20272.87
2027378,20273.78
2027471,20274.71
2027567,20275.67
2027658,20276.58
2027748,20277.48
2027839,20278.39
2027932,20279.32
2028028,20280.28
2028118,20281.18
2028207,20282.07
2028296,20282.96
2028384,20283.84
2028479,20284.79
2028573,20285.73
2028663,20286.63
2028754,20287.54
2028853,20288.53
2028950,20289.5
2029043,20290.43
2029134,20291.34
2029230,20292.3
2029323,20293.23
2029410,20294.1
2029494,20294.94
2029578,20295.78
2029665,20296.65
2029756,20297.56
2029848,20298.48
2029937,20299.37
2030028,20300.28
2030123,20301.23
2030220,20302.2
2030311,20303.11
2030398,20303.98
2030485,20304.85
2030572,20305.72
2030662,20306.62
2030755,20307.55
2030842,20308.42
2030931,20309.31
2031022,20310.22
2031118,20311.18
2031216,20312.16
2031313,20313.13
2031407,20314.07
2031498,20314.98
2031594,20315.94
2031686,20316.86
2031777,20317.77
2031863,20318.63
2031951,20319.51
2032038,20320.38
2032125,20321.25
2032211,20322.11
2032297,20322.97
2032385,20323.85
2032485,20324.85
2032581,20325.81
2032675,20326.75
2032767,20327.67
2032864,20328.64
2032961,20329.61
2033053,20330.53
2033144,20331.44
2033234,20332.34
2033332,20333.32
2033428,20334.28
2033521,20335.21
2033612,20336.12
2033705,20337.05
2033796,20337.96
2033890,20338.9
2033980,20339.8
2034074,20340.74
2034178,20341.78
2034275,20342.75
2034368,20343.68
2034464,20344.64
2034563,20345.63
2034660,20346.6
2034751,20347.51
2034845,20348.45
2034939,20349.39
2035034,20350.34
2035122,20351.22
2035211,20352.11
2035301,20353.01
2035392,20353.92
2035489,20354.89
2035580,20355.8
2035671,20356.71
2035762,20357.62
2035858,20358.58
2035952,20359.52
2036041,20360.41
2036132,20361.32
2036220,20362.2
2036313,20363.13
2036406,20364.06
2036497,20364.97
2036588,20365.88
2036676,20366.76
2036764,20367.64
2036856,20368.56
2036947,20369.47
2037043,20370.43
2037131,20371.31
2037219,20372.19
2037307,20373.07
2037399,20373.99
2037495,20374.95
2037586,20375.86
2037675,20376.75
2037764,20377.64
2037849,20378.49
2037934,20379.34
2038020,20380.2
2038104,20381.04
2038189,20381.89
2038275,20382.75
2038361,20383.61
2038456,20384.56
2038551,20385.51
2038638,20386.38
2038725,20387.25
2038813,20388.13
2038916,20389.16
2039021,20390.21
2039124,20391.24
2039222,20392.22
2039316,20393.16
2039411,20394.11
2039507,20395.07
2039605,20396.05
2039699,20396.99
2039791,20397.91
2039879,20398.79
2039974,20399.74
2040073,20400.73
2040174,20401.74
2040272,20402.72
2040368,20403.68
2040462,20404.62
2040560,20405.6
2040658,20406.58
2040756,20407.56
2040848,20408.48
2040937,20409.37
2041028,20410.28
2041124,20411.24
2041229,20412.29
2041329,20413.29
2041428,20414.28
2041528,20415.28
2041629,20416.29
2041737,20417.37
2041845,20418.45
2041944,20419.44
2042040,20420.4
2042136,20421.36
2042235,20422.35
2042321,20423.21
2042403,20424.03
2042483,20424.83
2042563,20425.63
2042692,20426.92
2042818,20428.18
2042940,20429.4
2043059,20430.59
2043182,20431.82
2043302,20433.02
2043418,20434.18
2043516,20435.16
2043614,20436.14
2043710,20437.1
2043806,20438.06
2043899,20438.99
2043987,20439.87
2044093,20440.93
2044207,20442.07
2044319,20443.19
2044419,20444.19
2044515,20445.15
2044615,20446.15
2044721,20447.21
2044817,20448.17
2044916,20449.16
2045025,20450.25
2045133,20451.33
2045240,20452.4
2045343,20453.43
2045451,20454.51
2045556,20455.56
2045654,20456.54
2045748,20457.48
2045846,20458.46
2045943,20459.43
2046045,20460.45
2046143,20461.43
2046241,20462.41
2046342,20463.42
2046451,20464.51
2046553,20465.53
2046652,20466.52
2046748,20467.48
2046844,20468.44
2046940,20469.4
2047037,20470.37
2047129,20471.29
2047228,20472.28
2047330,20473.3
2047439,20474.39
2047537,20475.37
2047637,20476.37
2047733,20477.33
2047825,20478.25
2047916,20479.16
2048006,20480.06
2048107,20481.07
2048203,20482.03
2048314,20483.14
2048422,20484.22
2048523,20485.23
2048630,20486.3
2048739,20487.39
2048840,20488.4
2048934,20489.34
2049024,20490.24
2049114,20491.14
2049204,20492.04
2049294,20492.94
2049383,20493.83
2049473,20494.73
2049572,20495.72
2049672,20496.72
2049774,20497.74
2049869,20498.69
2049965,20499.65
2050064,20500.64
2050163,20501.63
2050260,20502.6
2050353,20503.53
2050456,20504.56
2050557,20505.57
2050656,20506.56
2050750,20507.5
2050843,20508.43
2050939,20509.39
2051038,20510.38
2051140,20511.4
2051237,20512.37
2051338,20513.38
2051438,20514.38
2051534,20515.34
2051626,20516.26
2051726,20517.26
2051827,20518.27
2051924,20519.24
2052021,20520.21
2052114,20521.14
2052212,20522.12
2052307,20523.07
2052402,20524.02
2052492,20524.92
2052582,20525.82
2052674,20526.74
2052770,20527.7
2052871,20528.71
2052964,20529.64
2053057,20530.57
2053149,20531.49
2053249,20532.49
2053347,20533.47
2053440,20534.4
2053532,20535.32
2053622,20536.22
2053718,20537.18
2053810,20538.1
2053902,20539.02
2053993,20539.93
2054087,20540.87
2054184,20541.84
2054278,20542.78
2054366,20543.66
2054453,20544.53
2054536,20545.36
2054624,20546.24
2054717,20547.17
2054815,20548.15
2054907,20549.07
2054997,20549.97
2055094,20550.94
2055193,20551.93
2055291,20552.91
2055382,20553.82
2055470,20554.7
2055557,20555.57
2055642,20556.42
2055736,20557.36
2055830,20558.3
2055921,20559.21
2056010,20560.1
2056104,20561.04
2056201,20562.01
2056296,20562.96
2056387,20563.87
2056482,20564.82
2056571,20565.71
2056668,20566.68
2056756,20567.56
2056843,20568.43
2056935,20569.35
2057034,20570.34
2057134,20571.34
2057226,20572.26
2057320,20573.2
2057410,20574.1
2057504,20575.04
2057598,20575.98
2057688,20576.88
2057775,20577.75
2057858,20578.58
2057940,20579.4
2058026,20580.26
2058123,20581.23
2058218,20582.18
2058306,20583.06
2058392,20583.92
2058481,20584.81
2058585,20585.85
2058693,20586.93
2058797,20587.97
2058895,20588.95
2058993,20589.93
2059092,20590.92
2059192,20591.92
2059295,20592.95
2059393,20593.93
2059492,20594.92
2059603,20596.03
2059714,20597.14
2059825,20598.25
2059929,20599.29
2060034,20600.34
2060141,20601.41
2060247,20602.47
2060347,20603.47
2060444,20604.44
2060543,20605.43
2060644,20606.44
2060739,20607.39
2060832,20608.32
2060934,20609.34
2061036,20610.36
2061140,20611.4
2061242,20612.42
2061342,20613.42
2061442,20614.42
2061545,20615.45
2061648,20616.48
2061745,20617.45
2061839,20618.39
2061933,20619.33
2062030,20620.3
2062123,20621.23
2062215,20622.15
2062312,20623.12
2062422,20624.22
2062534,20625.34
2062640,20626.4
2062738,20627.38
2062838,20628.38
2062937,20629.37
2063032,20630.32
2063122,20631.22
2063215,20632.15
2063313,20633.13
2063418,20634.18
2063519,20635.19
2063615,20636.15
2063710,20637.1
2063811,20638.11
2063907,20639.07
2064000,20640.0
2064103,20641.03
2064212,20642.12
2064314,20643.14
2064411,20644.11
2064506,20645.06
2064605,20646.05
2064705,20647.05
2064798,20647.98
2064890,20648.9
2064986,20649.86
2065084,20650.84
2065177,20651.77
2065271,20652.71
2065368,20653.68
2065468,20654.68
2065568,20655.68
2065665,20656.65
2065763,20657.63
2065862,20658.62
2065962,20659.62
2066052,20660.52
2066142,20661.42
2066232,20662.32
2066323,20663.23
2066416,20664.16
2066506,20665.06
2066594,20665.94
2066685,20666.85
2066778,20667.78
2066876,20668.76
2066964,20669.64
2067055,20670.55
2067145,20671.45
2067236,20672.36
2067328,20673.28
2067413,20674.13
2067496,20674.96
2067580,20675.8
2067664,20676.64
2067753,20677.53
2067844,20678.44
2067934,20679.34
2068038,20680.38
2068145,20681.45
2068256,20682.56
2068362,20683.62
2068464,20684.64
2068566,20685.66
2068661,20686.61
2068751,20687.51
2068843,20688.43
2068936,20689.36
2069026,20690.26
2069117,20691.17
2069205,20692.05
2069297,20692.97
2069395,20693.95
2069486,20694.86
2069575,20695.75
2069670,20696.7
2069767,20697.67
2069864,20698.64
2069957,20699.57
2070057,20700.57
2070157,20701.57
2070255,20702.55
2070346,20703.46
2070445,20704.45
2070544,20705.44
2070642,20706.42
2070736,20707.36
2070833,20708.33
2070930,20709.3
2071024,20710.24
2071113,20711.13
2071207,20712.07
2071298,20712.98
2071389,20713.89
2071476,20714.76
2071565,20715.65
2071651,20716.51
2071740,20717.4
2071827,20718.27
2071920,20719.2
2072015,20720.15
2072110,20721.1
2072201,20722.01
2072292,20722.92
2072387,20723.87
2072476,20724.76
2072565,20725.65
2072653,20726.53
2072746,20727.46
2072843,20728.43
2072940,20729.4
2073034,20730.34
2073131,20731.31
2073229,20732.29
2073325,20733.25
2073416,20734.16
2073509,20735.09
2073602,20736.02
2073695,20736.95
2073785,20737.85
2073874,20738.74
2073966,20739.66
2074057,20740.57
2074148,20741.48
2074237,20742.37
2074331,20743.31
2074423,20744.23
2074518,20745.18
2074609,20746.09
2074699,20746.99
2074792,20747.92
2074884,20748.84
2074972,20749.72
2075058,20750.58
2075144,20751.44
2075231,20752.31
2075316,20753.16
2075398,20753.98
2075482,20754.82
2075568,20755.68
2075656,20756.56
2075744,20757.44
2075831,20758.31
2075919,20759.19
2076007,20760.07
2076095,20760.95
2076181,20761.81
2076266,20762.66
2076350,20763.5
2076434,20764.34
2076519,20765.19
2076602,20766.02
2076685,20766.85
2076768,20767.68
2076852,20768.52
2076936,20769.36
2077018,20770.18
2077101,20771.01
2077186,20771.86
2077273,20772.73
2077361,20773.61
2077450,20774.5
2077537,20775.37
2077626,20776.26
2077715,20777.15
2077802,20778.02
2077887,20778.87
2077973,20779.73
2078058,20780.58
2078144,20781.44
2078228,20782.28
2078313,20783.13
2078401,20784.01
2078488,20784.88
2078576,20785.76
2078665,20786.65
2078756,20787.56
2078846,20788.46
2078936,20789.36
2079025,20790.25
2079110,20791.1
2079197,20791.97
2079283,20792.83
2079369,20793.69
2079454,20794.54
2079538,20795.38
2079621,20796.21
2079706,20797.06
2079793,20797.93
2079879,20798.79
2079964,20799.64
2080048,20800.48
2080134,20801.34
2080220,20802.2
2080306,20803.06
2080393,20803.93
2080479,20804.79
2080565,20805.65
2080649,20806.49
2080730,20807.3
2080813,20808.13
2080894,20808.94
2080976,20809.76
2081058,20810.58
2081140,20811.4
2081221,20812.21
2081303,20813.03
2081384,20813.84
2081467,20814.67
2081549,20815.49
2081631,20816.31
2081713,20817.13
2081795,20817.95
2081878,20818.78
2081961,20819.61
2082044,20820.44
2082125,20821.25
2082206,20822.06
2082287,20822.87
2082367,20823.67
2082445,20824.45
2082520,20825.2
2082593,20825.93
2082666,20826.66
2082766,20827.66
2082855,20828.55
2082962,20829.62
2083059,20830.59
2083163,20831.63
2083267,20832.67
2083364,20833.64
2083448,20834.48
2083531,20835.31
2083611,20836.11
2083691,20836.91
2083769,20837.69
2083846,20838.46
2083923,20839.23
2083999,20839.99
2084076,20840.76
2084154,20841.54
2084233,20842.33
2084312,20843.12
2084392,20843.92
2084471,20844.71
2084552,20845.52
2084637,20846.37
2084727,20847.27
2084816,20848.16
2084908,20849.08
2084999,20849.99
2085086,20850.86
2085179,20851.79
2085271,20852.71
2085367,20853.67
2085463,20854.63
2085556,20855.56
2085653,20856.53
2085746,20857.46
2085840,20858.4
2085933,20859.33
2086028,20860.28
2086124,20861.24
2086222,20862.22
2086322,20863.22
2086423,20864.23
2086520,20865.2
2086613,20866.13
2086708,20867.08
2086804,20868.04
2086901,20869.01
2086994,20869.94
2087086,20870.86
2087180,20871.8
2087276,20872.76
2087369,20873.69
2087462,20874.62
2087550,20875.5
2087641,20876.41
2087732,20877.32
2087822,20878.22
2087909,20879.09
2087996,20879.96
2088089,20880.89
2088184,20881.84
2088277,20882.77
2088368,20883.68
2088459,20884.59
2088552,20885.52
2088645,20886.45
2088736,20887.36
2088825,20888.25
2088912,20889.12
2088999,20889.99
2089087,20890.87
2089174,20891.74
2089260,20892.6
2089344,20893.44
2089432,20894.32
2089521,20895.21
2089604,20896.04
2089688,20896.88
2089771,20897.71
2089856,20898.56
2089941,20899.41
2090029,20900.29
2090118,20901.18
2090207,20902.07
2090304,20903.04
2090401,20904.01
2090492,20904.92
2090581,20905.81
2090671,20906.71
2090760,20907.6
2090850,20908.5
2090934,20909.34
2091017,20910.17
2091099,20910.99
2091183,20911.83
2091269,20912.69
2091353,20913.53
2091439,20914.39
2091526,20915.26
2091614,20916.14
2091703,20917.03
2091794,20917.94
2091883,20918.83
2091971,20919.71
2092060,20920.6
2092149,20921.49
2092239,20922.39
2092324,20923.24
2092409,20924.09
2092493,20924.93
2092579,20925.79
2092667,20926.67
2092752,20927.52
2092836,20928.36
2092921,20929.21
2093006,20930.06
2093092,20930.92
2093179,20931.79
2093263,20932.63
2093348,20933.48
2093431,20934.31
2093516,20935.16
2093601,20936.01
2093687,20936.87
2093771,20937.71
2093854,20938.54
2093938,20939.38
2094023,20940.23
2094109,20941.09
2094198,20941.98
2094288,20942.88
2094377,20943.77
2094468,20944.68
2094566,20945.66
2094665,20946.65
2094762,20947.62
2094853,20948.53
2094948,20949.48
2095043,20950.43
2095133,20951.33
2095227,20952.27
2095322,20953.22
2095415,20954.15
2095505,20955.05
2095597,20955.97
2095693,20956.93
2095792,20957.92
2095887,20958.87
2095980,20959.8
2096079,20960.79
2096184,20961.84
2096279,20962.79
2096373,20963.73
2096467,20964.67
2096559,20965.59
2096647,20966.47
2096734,20967.34
2096822,20968.22
2096915,20969.15
2097008,20970.08
2097105,20971.05
2097193,20971.93
2097280,20972.8
2097369,20973.69
2097461,20974.61
2097556,20975.56
2097650,20976.5
2097739,20977.39
2097827,20978.27
2097910,20979.1
2097992,20979.92
2098074,20980.74
2098156,20981.56
2098241,20982.41
2098350,20983.5
2098461,20984.61
2098574,20985.74
2098679,20986.79
2098774,20987.74
2098870,20988.7
2098962,20989.62
2099052,20990.52
2099141,20991.41
2099230,20992.3
2099320,20993.2
2099424,20994.24
2099525,20995.25
2099620,20996.2
2099713,20997.13
2099807,20998.07
2099901,20999.01
2099995,20999.95
2100087,21000.87
2100174,21001.74
2100260,21002.6
2100348,21003.48
2100445,21004.45
2100549,21005.49
2100646,21006.46
2100744,21007.44
2100842,21008.42
2100942,21009.42
2101046,21010.46
2101144,21011.44
2101236,21012.36
2101327,21013.27
2101418,21014.18
2101518,21015.18
2101621,21016.21
2101717,21017.17
2101811,21018.11
2101909,21019.09
2102007,21020.07
2102107,21021.07
2102206,21022.06
2102299,21022.99
2102389,21023.89
2102482,21024.82
2102571,21025.71
2102663,21026.63
2102754,21027.54
2102848,21028.48
2102955,21029.55
2103061,21030.61
2103163,21031.63
2103255,21032.55
2103345,21033.45
2103430,21034.3
2103514,21035.14
2103598,21035.98
2103680,21036.8
2103760,21037.6
2103838,21038.38
2103913,21039.13
2103988,21039.88
2104065,21040.65
2104141,21041.41
2104219,21042.19
2104297,21042.97
2104378,21043.78
2104463,21044.63
2104546,21045.46
2104626,21046.26
2104709,21047.09
2104800,21048.0
2104895,21048.95
2104991,21049.91
2105076,21050.76
2105159,21051.59
2105239,21052.39
2105320,21053.2
2105403,21054.03
2105488,21054.88
2105571,21055.71
2105656,21056.56
2105747,21057.47
2105845,21058.45
2105943,21059.43
2106032,21060.32
2106121,21061.21
2106213,21062.13
2106306,21063.06
2106399,21063.99
2106485,21064.85
2106570,21065.7
2106655,21066.55
2106743,21067.43
2106839,21068.39
2106934,21069.34
2107023,21070.23
2107122,21071.22
2107222,21072.22
2107325,21073.25
2107418,21074.18
2107505,21075.05
2107597,21075.97
2107692,21076.92
2107786,21077.86
2107878,21078.78
2107968,21079.68
2108067,21080.67
2108167,21081.67
2108263,21082.63
2108355,21083.55
2108446,21084.46
2108540,21085.4
2108640,21086.4
2108732,21087.32
2108822,21088.22
2108917,21089.17
2109014,21090.14
2109115,21091.15
2109212,21092.12
2109305,21093.05
2109403,21094.03
2109505,21095.05
2109610,21096.1
2109705,21097.05
2109796,21097.96
2109889,21098.89
2109982,21099.82
2110079,21100.79
2110172,21101.72
2110262,21102.62
2110362,21103.62
2110462,21104.62
2110568,21105.68
2110665,21106.65
2110759,21107.59
2110854,21108.54
2110950,21109.5
2111045,21110.45
2111134,21111.34
2111223,21112.23
2111319,21113.19
2111417,21114.17
2111509,21115.09
2111604,21116.04
2111698,21116.98
2111796,21117.96
2111896,21118.96
2111991,21119.91
2112082,21120.82
2112181,21121.81
2112282,21122.82
2112385,21123.85
2112482,21124.82
2112573,21125.73
2112672,21126.72
2112770,21127.7
2112867,21128.67
2112960,21129.6
2113052,21130.52
2113146,21131.46
2113246,21132.46
2113343,21133.43
2113440,21134.4
2113531,21135.31
2113628,21136.28
2113725,21137.25
2113821,21138.21
2113910,21139.1
2114000,21140.0
2114094,21140.94
2114201,21142.01
2114309,21143.09
2114411,21144.11
2114507,21145.07
2114597,21145.97
2114690,21146.9
2114788,21147.88
2114894,21148.94
2114991,21149.91
2115090,21150.9
2115197,21151.97
2115298,21152.98
2115401,21154.01
2115498,21154.98
2115596,21155.96
2115700,21157.0
2115800,21158.0
2115899,21158.99
2115990,21159.9
2116082,21160.82
2116178,21161.78
2116280,21162.8
2116384,21163.84
2116482,21164.82
2116574,21165.74
2116667,21166.67
2116762,21167.62
2116854,21168.54
2116943,21169.43
2117031,21170.31
2117127,21171.27
2117242,21172.42
2117356,21173.56
2117462,21174.62
2117563,21175.63
2117661,21176.61
2117753,21177.53
2117841,21178.41
2117931,21179.31
2118031,21180.31
2118138,21181.38
2118236,21182.36
2118328,21183.28
2118423,21184.23
2118519,21185.19
2118614,21186.14
2118704,21187.04
2118789,21187.89
2118873,21188.73
2118962,21189.62
2119051,21190.51
2119140,21191.4
2119233,21192.33
2119341,21193.41
2119448,21194.48
2119551,21195.51
2119652,21196.52
2119753,21197.53
2119852,21198.52
2119947,21199.47
2120039,21200.39
2120128,21201.28
2120223,21202.23
2120322,21203.22
2120429,21204.29
2120527,21205.27
2120620,21206.2
2120717,21207.17
2120818,21208.18
2120919,21209.19
2121016,21210.16
2121111,21211.11
2121212,21212.12
2121317,21213.17
2121418,21214.18
2121520,21215.2
2121615,21216.15
2121708,21217.08
2121801,21218.01
2121904,21219.04
2122004,21220.04
2122100,21221.0
2122191,21221.91
2122293,21222.93
2122394,21223.94
2122496,21224.96
2122593,21225.93
2122687,21226.87
2122784,21227.84
2122881,21228.81
2122975,21229.75
2123066,21230.66
2123160,21231.6
2123267,21232.67
2123375,21233.75
2123470,21234.7
2123564,21235.64
2123663,21236.63
2123765,21237.65
2123864,21238.64
2123958,21239.58
2124054,21240.54
2124152,21241.52
2124250,21242.5
2124346,21243.46
2124439,21244.39
2124531,21245.31
2124633,21246.33
2124742,21247.42
2124841,21248.41
2124938,21249.38
2125037,21250.37
2125132,21251.32
2125233,21252.33
2125326,21253.26
2125423,21254.23
2125527,21255.27
2125636,21256.36
2125738,21257.38
2125830,21258.3
2125922,21259.22
2126021,21260.21
2126125,21261.25
2126224,21262.24
2126317,21263.17
2126415,21264.15
2126518,21265.18
2126625,21266.25
2126722,21267.22
2126815,21268.15
2126915,21269.15
2127014,21270.14
2127112,21271.12
2127209,21272.09
2127302,21273.02
2127407,21274.07
2127506,21275.06
2127598,21275.98
2127689,21276.89
2127777,21277.77
2127876,21278.76
2127985,21279.85
2128102,21281.02
2128213,21282.13
2128314,21283.14
2128411,21284.11
2128507,21285.07
2128598,21285.98
2128694,21286.94
2128798,21287.98
2128912,21289.12
2129023,21290.23
2129123,21291.23
2129219,21292.19
2129321,21293.21
2129422,21294.22
2129522,21295.22
2129618,21296.18
2129720,21297.2
2129825,21298.25
2129930,21299.3
2130028,21300.28
2130115,21301.15
2130212,21302.12
2130310,21303.1
2130419,21304.19
2130522,21305.22
2130623,21306.23
2130731,21307.31
2130837,21308.37
2130940,21309.4
2131036,21310.36
2131130,21311.3
2131238,21312.38
2131349,21313.49
2131463,21314.63
2131567,21315.67
2131669,21316.69
2131770,21317.7
2131870,21318.7
2131966,21319.66
2132058,21320.58
2132164,21321.64
2132274,21322.74
2132378,21323.78
2132474,21324.74
2132565,21325.65
2132665,21326.65
2132772,21327.72
2132879,21328.79
2132977,21329.77
2133074,21330.74
2133180,21331.8
2133291,21332.91
2133399,21333.99
2133499,21334.99
2133598,21335.98
2133698,21336.98
2133800,21338.0
2133898,21338.98
2134001,21340.01
2134114,21341.14
2134226,21342.26
2134332,21343.32
2134429,21344.29
2134529,21345.29
2134630,21346.3
2134733,21347.33
2134832,21348.32
2134933,21349.33
2135040,21350.4
2135150,21351.5
2135253,21352.53
2135352,21353.52
2135454,21354.54
2135557,21355.57
2135662,21356.62
2135759,21357.59
2135854,21358.54
2135961,21359.61
2136061,21360.61
2136166,21361.66
2136262,21362.62
2136359,21363.59
2136460,21364.6
2136567,21365.67
2136669,21366.69
2136765,21367.65
2136862,21368.62
2136962,21369.62
2137069,21370.69
2137177,21371.77
2137278,21372.78
2137377,21373.77
2137473,21374.73
2137573,21375.73
2137670,21376.7
2137760,21377.6
2137858,21378.58
2137958,21379.58
2138058,21380.58
2138155,21381.55
2138246,21382.46
2138343,21383.43
2138445,21384.45
2138548,21385.48
2138640,21386.4
2138725,21387.25
2138808,21388.08
2138891,21388.91
2138978,21389.78
2139077,21390.77
2139186,21391.86
2139298,21392.98
2139410,21394.1
2139523,21395.23
2139631,21396.31
2139733,21397.33
2139830,21398.3
2139923,21399.23
2140016,21400.16
2140116,21401.16
2140226,21402.26
2140341,21403.41
2140452,21404.52
2140558,21405.58
2140656,21406.56
2140755,21407.55
2140850,21408.5
2140946,21409.46
2141049,21410.49
2141161,21411.61
2141286,21412.86
2141401,21414.01
2141510,21415.1
2141615,21416.15
2141716,21417.16
2141812,21418.12
2141902,21419.02
2141993,21419.93
2142092,21420.92
2142185,21421.85
2142273,21422.73
2142371,21423.71
2142478,21424.78
2142582,21425.82
2142683,21426.83
2142782,21427.82
2142881,21428.81
2142978,21429.78
2143074,21430.74
2143170,21431.7
2143270,21432.7
2143381,21433.81
2143493,21434.93
2143601,21436.01
2143705,21437.05
2143807,21438.07
2143906,21439.06
2143999,21439.99
2144090,21440.9
2144186,21441.86
2144291,21442.91
2144390,21443.9
2144489,21444.89
2144586,21445.86
2144693,21446.93
2144804,21448.04
2144909,21449.09
2145008,21450.08
2145107,21451.07
2145206,21452.06
2145300,21453.0
2145391,21453.91
2145493,21454.93
2145592,21455.92
2145695,21456.95
2145794,21457.94
2145892,21458.92
2145995,21459.95
2146098,21460.98
2146196,21461.96
2146295,21462.95
2146405,21464.05
2146517,21465.17
2146625,21466.25
2146723,21467.23
2146819,21468.19
2146918,21469.18
2147021,21470.21
2147117,21471.17
2147217,21472.17
2147318,21473.18
2147420,21474.2
2147516,21475.16
2147610,21476.1
2147711,21477.11
2147815,21478.15
2147915,21479.15
2148017,21480.17
2148128,21481.28
2148233,21482.33
2148336,21483.36
2148436,21484.36
2148534,21485.34
2148629,21486.29
2148726,21487.26
2148817,21488.17
2148903,21489.03
2148986,21489.86
2149087,21490.87
2149201,21492.01
2149309,21493.09
2149421,21494.21
2149539,21495.39
2149657,21496.57
2149769,21497.69
2149871,21498.71
2149975,21499.75
2150074,21500.74
2150170,21501.7
2150264,21502.64
2150371,21503.71
2150482,21504.82
2150592,21505.92
2150692,21506.92
2150787,21507.87
2150886,21508.86
2150988,21509.88
2151090,21510.9
2151191,21511.91
2151297,21512.97
2151403,21514.03
2151501,21515.01
2151593,21515.93
2151688,21516.88
2151782,21517.82
2151879,21518.79
2151975,21519.75
2152063,21520.63
2152153,21521.53
2152250,21522.5
2152351,21523.51
2152445,21524.45
2152539,21525.39
2152634,21526.34
2152762,21527.62
2152884,21528.84
2153003,21530.03
2153120,21531.2
2153236,21532.36
2153346,21533.46
2153447,21534.47
2153545,21535.45
2153644,21536.44
2153745,21537.45
2153842,21538.42
2153938,21539.38
2154033,21540.33
2154141,21541.41
2154257,21542.57
2154370,21543.7
2154472,21544.72
2154570,21545.7
2154668,21546.68
2154765,21547.65
2154863,21548.63
2154967,21549.67
2155082,21550.82
2155200,21552.0
2155308,21553.08
2155414,21554.14
2155522,21555.22
2155623,21556.23
2155719,21557.19
2155819,21558.19
2155930,21559.3
2156042,21560.42
2156140,21561.4
2156235,21562.35
2156331,21563.31
2156429,21564.29
2156529,21565.29
2156625,21566.25
2156728,21567.28
2156834,21568.34
2156936,21569.36
2157037,21570.37
2157138,21571.38
2157238,21572.38
2157341,21573.41
2157438,21574.38
2157533,21575.33
2157637,21576.37
2157743,21577.43
2157844,21578.44
2157940,21579.4
2158030,21580.3
2158128,21581.28
2158229,21582.29
2158329,21583.29
2158426,21584.26
2158522,21585.22
2158607,21586.07
2158694,21586.94
2158791,21587.91
2158892,21588.92
2158996,21589.96
2159127,21591.27
2159251,21592.51
2159369,21593.69
2159485,21594.85
2159602,21596.02
2159714,21597.14
2159815,21598.15
2159913,21599.13
2160014,21600.14
2160119,21601.19
2160219,21602.19
2160321,21603.21
2160427,21604.27
2160534,21605.34
2160636,21606.36
2160734,21607.34
2160829,21608.29
2160927,21609.27
2161028,21610.28
2161132,21611.32
2161227,21612.27
2161322,21613.22
2161425,21614.25
2161537,21615.37
2161648,21616.48
2161749,21617.49
2161849,21618.49
2161955,21619.55
2162061,21620.61
2162163,21621.63
2162260,21622.6
2162363,21623.63
2162466,21624.66
2162573,21625.73
2162674,21626.74
2162771,21627.71
2162873,21628.73
2162980,21629.8
2163081,21630.81
2163179,21631.79
2163276,21632.76
2163377,21633.77
2163477,21634.77
2163571,21635.71
2163662,21636.62
2163761,21637.61
2163873,21638.73
2163985,21639.85
2164085,21640.85
2164183,21641.83
2164282,21642.82
2164377,21643.77
2164470,21644.7
2164571,21645.71
2164678,21646.78
2164783,21647.83
2164884,21648.84
2164981,21649.81
2165080,21650.8
2165191,21651.91
2165308,21653.08
2165417,21654.17
2165521,21655.21
2165627,21656.27
2165730,21657.3
2165829,21658.29
2165924,21659.24
2166023,21660.23
2166125,21661.25
2166228,21662.28
2166325,21663.25
2166417,21664.17
2166516,21665.16
2166614,21666.14
2166714,21667.14
2166810,21668.1
2166907,21669.07
2167013,21670.13
2167115,21671.15
2167215,21672.15
2167312,21673.12
2167411,21674.11
2167509,21675.09
2167607,21676.07
2167700,21677.0
2167794,21677.94
2167890,21678.9
2167990,21679.9
2168084,21680.84
2168183,21681.83
2168312,21683.12
2168433,21684.33
2168549,21685.49
2168665,21686.65
2168772,21687.72
2168877,21688.77
2168975,21689.75
2169071,21690.71
2169173,21691.73
2169276,21692.76
2169376,21693.76
2169473,21694.73
2169573,21695.73
2169681,21696.81
2169790,21697.9
2169892,21698.92
2169992,21699.92
2170096,21700.96
2170200,21702.0
2170299,21702.99
2170394,21703.94
2170489,21704.89
2170585,21705.85
2170677,21706.77
2170770,21707.7
2170874,21708.74
2170975,21709.75
2171073,21710.73
2171165,21711.65
2171261,21712.61
2171367,21713.67
2171475,21714.75
2171576,21715.76
2171673,21716.73
2171775,21717.75
2171877,21718.77
2171973,21719.73
2172065,21720.65
2172158,21721.58
2172255,21722.55
2172350,21723.5
2172441,21724.41
2172535,21725.35
2172651,21726.51
2172767,21727.67
2172869,21728.69
2172964,21729.64
2173061,21730.61
2173162,21731.62
2173275,21732.75
2173387,21733.87
2173489,21734.89
2173594,21735.94
2173706,21737.06
2173822,21738.22
2173930,21739.3
2174034,21740.34
2174139,21741.39
2174243,21742.43
2174343,21743.43
2174438,21744.38
2174531,21745.31
2174629,21746.29
2174733,21747.33
2174832,21748.32
2174935,21749.35
2175045,21750.45
2175151,21751.51
2175253,21752.53
2175352,21753.52
2175459,21754.59
2175573,21755.73
2175682,21756.82
2175783,21757.83
2175884,21758.84
2175986,21759.86
2176085,21760.85
2176184,21761.84
2176282,21762.82
2176384,21763.84
2176486,21764.86
2176588,21765.88
2176686,21766.86
2176785,21767.85
2176886,21768.86
2176985,21769.85
2177082,21770.82
2177176,21771.76
2177273,21772.73
2177379,21773.79
2177480,21774.8
2177577,21775.77
2177677,21776.77
2177781,21777.81
2177886,21778.86
2177984,21779.84
2178081,21780.81
2178181,21781.81
2178285,21782.85
2178389,21783.89
2178487,21784.87
2178582,21785.82
2178687,21786.87
2178790,21787.9
2178888,21788.88
2178986,21789.86
2179093,21790.93
2179202,21792.02
2179310,21793.1
2179414,21794.14
2179511,21795.11
2179613,21796.13
2179714,21797.14
2179812,21798.12
2179907,21799.07
2180015,21800.15
2180125,21801.25
2180228,21802.28
2180327,21803.27
2180430,21804.3
2180535,21805.35
2180637,21806.37
2180737,21807.37
2180835,21808.35
2180936,21809.36
2181040,21810.4
2181139,21811.39
2181232,21812.32
2181323,21813.23
2181409,21814.09
2181494,21814.94
2181577,21815.77
2181661,21816.61
2181760,21817.6
2181892,21818.92
2182017,21820.17
2182138,21821.38
2182259,21822.59
2182379,21823.79
2182487,21824.87
2182584,21825.84
2182681,21826.81
2182780,21827.8
2182888,21828.88
2182991,21829.91
2183087,21830.87
2183185,21831.85
2183291,21832.91
2183398,21833.98
2183500,21835.0
2183603,21836.03
2183711,21837.11
2183818,21838.18
2183921,21839.21
2184015,21840.15
2184114,21841.14
2184221,21842.21
2184337,21843.37
2184451,21844.51
2184563,21845.63
2184676,21846.76
2184783,21847.83
2184886,21848.86
2184985,21849.85
2185091,21850.91
2185212,21852.12
2185327,21853.27
2185435,21854.35
2185545,21855.45
2185636,21856.36
2185722,21857.22
2185818,21858.18
2185925,21859.25
2186037,21860.37
2186171,21861.71
2186298,21862.98
2186419,21864.19
2186532,21865.32
2186634,21866.34
2186731,21867.31
2186831,21868.31
2186934,21869.34
2187037,21870.37
2187146,21871.46
2187267,21872.67
2187390,21873.9
2187505,21875.05
2187617,21876.17
2187733,21877.33
2187843,21878.43
2187943,21879.43
2188041,21880.41
2188144,21881.44
2188247,21882.47
2188347,21883.47
2188445,21884.45
2188545,21885.45
2188653,21886.53
2188758,21887.58
2188859,21888.59
2188959,21889.59
2189070,21890.7
2189182,21891.82
2189286,21892.86
2189385,21893.85
2189488,21894.88
2189592,21895.92
2189695,21896.95
2189793,21897.93
2189890,21898.9
2189995,21899.95
2190103,21901.03
2190204,21902.04
2190302,21903.02
2190404,21904.04
2190513,21905.13
2190615,21906.15
2190716,21907.16
2190814,21908.14
2190922,21909.22
2191034,21910.34
2191142,21911.42
2191243,21912.43
2191350,21913.5
2191454,21914.54
2191551,21915.51
2191648,21916.48
2191742,21917.42
2191834,21918.34
2191926,21919.26
2192016,21920.16
2192106,21921.06
2192216,21922.16
2192329,21923.29
2192445,21924.45
2192550,21925.5
2192652,21926.52
2192755,21927.55
2192863,21928.63
2192960,21929.6
2193059,21930.59
2193159,21931.59
2193261,21932.61
2193358,21933.58
2193451,21934.51
2193542,21935.42
2193642,21936.42
2193738,21937.38
2193826,21938.26
2193917,21939.17
2194008,21940.08
2194105,21941.05
2194208,21942.08
2194307,21943.07
2194405,21944.05
2194514,21945.14
2194633,21946.33
2194748,21947.48
2194856,21948.56
2194957,21949.57
2195067,21950.67
2195175,21951.75
2195284,21952.84
2195383,21953.83
2195483,21954.83
2195588,21955.88
2195697,21956.97
2195799,21957.99
2195895,21958.95
2195990,21959.9
2196094,21960.94
2196194,21961.94
2196289,21962.89
2196381,21963.81
2196487,21964.87
2196594,21965.94
2196697,21966.97
2196799,21967.99
2196904,21969.04
2197010,21970.1
2197114,21971.14
2197213,21972.13
2197314,21973.14
2197434,21974.34
2197553,21975.53
2197664,21976.64
2197763,21977.63
2197867,21978.67
2197971,21979.71
2198070,21980.7
2198168,21981.68
2198274,21982.74
2198386,21983.86
2198499,21984.99
2198601,21986.01
2198703,21987.03
2198806,21988.06
2198907,21989.07
2199003,21990.03
2199095,21990.95
2199199,21991.99
2199306,21993.06
2199406,21994.06
2199506,21995.06
2199615,21996.15
2199722,21997.22
2199826,21998.26
2199923,21999.23
2200020,22000.2
2200119,22001.19
2200222,22002.22
2200319,22003.19
2200415,22004.15
2200515,22005.15
2200622,22006.22
2200724,22007.24
2200824,22008.24
2200926,22009.26
2201033,22010.33
2201136,22011.36
2201235,22012.35
2201334,22013.34
2201446,22014.46
2201558,22015.58
2201666,22016.66
2201765,22017.65
2201869,22018.69
2201973,22019.73
2202074,22020.74
2202171,22021.71
2202272,22022.72
2202378,22023.78
2202485,22024.85
2202585,22025.85
2202681,22026.81
2202784,22027.84
2202889,22028.89
2202989,22029.89
2203089,22030.89
2203196,22031.96
2203317,22033.17
2203439,22034.39
2203544,22035.44
2203647,22036.47
2203750,22037.5
2203856,22038.56
2203957,22039.57
2204053,22040.53
2204151,22041.51
2204254,22042.54
2204364,22043.64
2204466,22044.66
2204569,22045.69
2204675,22046.75
2204776,22047.76
2204864,22048.64
2204948,22049.48
2205032,22050.32
2205119,22051.19
2205244,22052.44
2205364,22053.64
2205484,22054.84
2205608,22056.08
2205731,22057.31
2205851,22058.51
2205968,22059.68
2206080,22060.8
2206190,22061.9
2206289,22062.89
2206385,22063.85
2206488,22064.88
2206598,22065.98
2206713,22067.13
2206824,22068.24
2206929,22069.29
2207032,22070.32
2207137,22071.37
2207237,22072.37
2207335,22073.35
2207437,22074.37
2207552,22075.52
2207666,22076.66
2207770,22077.7
2207872,22078.72
2207974,22079.74
2208077,22080.77
2208175,22081.75
2208281,22082.81
2208395,22083.95
2208512,22085.12
2208620,22086.2
2208721,22087.21
2208828,22088.28
2208932,22089.32
2209029,22090.29
2209122,22091.22
2209226,22092.26
2209334,22093.34
2209435,22094.35
2209533,22095.33
2209637,22096.37
2209745,22097.45
2209844,22098.44
2209940,22099.4
2210034,22100.34
2210135,22101.35
2210238,22102.38
2210339,22103.39
2210434,22104.34
2210536,22105.36
2210642,22106.42
2210746,22107.46
2210844,22108.44
2210939,22109.39
2211040,22110.4
2211139,22111.39
2211245,22112.45
2211345,22113.45
2211445,22114.45
2211555,22115.55
2211673,22116.73
2211786,22117.86
2211890,22118.9
2211988,22119.88
2212095,22120.95
2212199,22121.99
2212298,22122.98
2212398,22123.98
2212508,22125.08
2212619,22126.19
2212729,22127.29
2212835,22128.35
2212945,22129.45
2213058,22130.58
2213166,22131.66
2213268,22132.68
2213370,22133.7
2213477,22134.77
2213578,22135.78
2213677,22136.77
2213771,22137.71
2213872,22138.72
2213972,22139.72
2214081,22140.81
2214178,22141.78
2214275,22142.75
2214375,22143.75
2214477,22144.77
2214575,22145.75
2214672,22146.72
2214776,22147.76
2214883,22148.83
2214992,22149.92
2215094,22150.94
2215198,22151.98
2215299,22152.99
2215401,22154.01
2215502,22155.02
2215605,22156.05
2215713,22157.13
2215824,22158.24
2215929,22159.29
2216028,22160.28
2216129,22161.29
2216226,22162.26
2216327,22163.27
2216423,22164.23
2216520,22165.2
2216627,22166.27
2216735,22167.35
2216836,22168.36
2216935,22169.35
2217038,22170.38
2217143,22171.43
2217241,22172.41
2217333,22173.33
2217423,22174.23
2217521,22175.21
2217620,22176.2
2217717,22177.17
2217814,22178.14
2217917,22179.17
2218021,22180.21
2218120,22181.2
2218217,22182.17
2218317,22183.17
2218416,22184.16
2218514,22185.14
2218604,22186.04
2218703,22187.03
2218799,22187.99
2218892,22188.92
2218983,22189.83
2219071,22190.71
2219160,22191.6
2219272,22192.72
2219400,22194.0
2219521,22195.21
2219639,22196.39
2219760,22197.6
2219880,22198.8
2219996,22199.96
2220107,22201.07
2220212,22202.12
2220319,22203.19
2220419,22204.19
2220516,22205.16
2220619,22206.19
2220727,22207.27
2220830,22208.3
2220929,22209.29
2221022,22210.22
2221128,22211.28
2221235,22212.35
2221349,22213.49
2221458,22214.58
2221564,22215.64
2221673,22216.73
2221784,22217.84
2221887,22218.87
2221987,22219.87
2222091,22220.91
2222202,22222.02
2222310,22223.1
2222411,22224.11
2222508,22225.08
2222608,22226.08
2222705,22227.05
2222802,22228.02
2222899,22228.99
2223007,22230.07
2223120,22231.2
2223230,22232.3
2223337,22233.37
2223443,22234.43
2223549,22235.49
2223654,22236.54
2223751,22237.51
2223850,22238.5
2223964,22239.64
2224080,22240.8
2224192,22241.92
2224295,22242.95
2224403,22244.03
2224511,22245.11
2224612,22246.12
2224706,22247.06
2224802,22248.02
2224910,22249.1
2225026,22250.26
2225141,22251.41
2225248,22252.48
2225356,22253.56
2225463,22254.63
2225565,22255.65
2225663,22256.63
2225767,22257.67
2225885,22258.85
2226000,22260.0
2226104,22261.04
2226207,22262.07
2226304,22263.04
2226395,22263.95
2226483,22264.83
2226566,22265.66
2226651,22266.51
2226777,22267.77
2226895,22268.95
2227006,22270.06
2227121,22271.21
2227239,22272.39
2227347,22273.47
2227449,22274.49
2227559,22275.59
2227672,22276.72
2227777,22277.77
2227874,22278.74
2227975,22279.75
2228078,22280.78
2228181,22281.81
2228280,22282.8
2228377,22283.77
2228487,22284.87
2228593,22285.93
2228695,22286.95
2228791,22287.91
2228887,22288.87
2228994,22289.94
2229095,22290.95
2229205,22292.05
2229311,22293.11
2229414,22294.14
2229517,22295.17
2229621,22296.21
2229717,22297.17
2229811,22298.11
2229926,22299.26
2230056,22300.56
2230176,22301.76
2230293,22302.93
2230407,22304.07
2230524,22305.24
2230642,22306.42
2230757,22307.57
2230864,22308.64
2230972,22309.72
2231080,22310.8
2231184,22311.84
2231285,22312.85
2231388,22313.88
2231497,22314.97
2231596,22315.96
2231687,22316.87
2231777,22317.77
2231875,22318.75
2231980,22319.8
2232089,22320.89
2232192,22321.92
2232296,22322.96
2232409,22324.09
2232521,22325.21
2232626,22326.26
2232732,22327.32
2232842,22328.42
2232947,22329.47
2233046,22330.46
2233145,22331.45
2233255,22332.55
2233367,22333.67
2233474,22334.74
2233576,22335.76
2233685,22336.85
2233796,22337.96
2233900,22339.0
2234000,22340.0
2234104,22341.04
2234214,22342.14
2234323,22343.23
2234425,22344.25
2234522,22345.22
2234621,22346.21
2234721,22347.21
2234824,22348.24
2234923,22349.23
2235020,22350.2
2235127,22351.27
2235234,22352.34
2235332,22353.32
2235430,22354.3
2235533,22355.33
2235639,22356.39
2235739,22357.39
2235835,22358.35
2235931,22359.31
2236037,22360.37
2236140,22361.4
2236242,22362.42
2236342,22363.42
2236451,22364.51
2236557,22365.57
2236655,22366.55
2236751,22367.51
2236854,22368.54
2236959,22369.59
2237058,22370.58
2237156,22371.56
2237258,22372.58
2237367,22373.67
2237471,22374.71
2237571,22375.71
2237675,22376.75
2237784,22377.84
2237885,22378.85
2237983,22379.83
2238079,22380.79
2238178,22381.78
2238282,22382.82
2238379,22383.79
2238477,22384.77
2238573,22385.73
2238663,22386.63
2238756,22387.56
2238843,22388.43
2238929,22389.29
2239017,22390.17
2239113,22391.13
2239218,22392.18
2239311,22393.11
2239402,22394.02
2239494,22394.94
2239603,22396.03
2239714,22397.14
2239817,22398.17
2239921,22399.21
2240026,22400.26
2240131,22401.31
2240229,22402.29
2240327,22403.27
2240433,22404.33
2240542,22405.42
2240649,22406.49
2240749,22407.49
2240846,22408.46
2240948,22409.48
2241053,22410.53
2241154,22411.54
2241250,22412.5
2241348,22413.48
2241460,22414.6
2241573,22415.73
2241679,22416.79
2241780,22417.8
2241887,22418.87
2241992,22419.92
2242092,22420.92
2242186,22421.86
2242284,22422.84
2242391,22423.91
2242495,22424.95
2242591,22425.91
2242685,22426.85
2242787,22427.87
2242892,22428.92
2242990,22429.9
2243083,22430.83
2243184,22431.84
2243298,22432.98
2243410,22434.1
2243511,22435.11
2243609,22436.09
2243708,22437.08
2243808,22438.08
2243906,22439.06
2244001,22440.01
2244089,22440.89
2244181,22441.81
2244272,22442.72
2244359,22443.59
2244447,22444.47
2244543,22445.43
2244649,22446.49
2244746,22447.46
2244843,22448.43
2244949,22449.49
2245059,22450.59
2245160,22451.6
2245257,22452.57
2245357,22453.57
2245465,22454.65
2245574,22455.74
2245678,22456.78
2245780,22457.8
2245895,22458.95
2246012,22460.12
2246117,22461.17
2246215,22462.15
2246316,22463.16
2246425,22464.25
2246543,22465.43
2246654,22466.54
2246765,22467.65
2246878,22468.78
2246986,22469.86
2247086,22470.86
2247185,22471.85
2247281,22472.81
2247381,22473.81
2247472,22474.72
2247562,22475.62
2247663,22476.63
2247768,22477.68
2247865,22478.65
2247971,22479.71
2248077,22480.77
2248182,22481.82
2248283,22482.83
2248384,22483.84
2248494,22484.94
2248605,22486.05
2248713,22487.13
2248817,22488.17
2248928,22489.28
2249041,22490.41
2249149,22491.49
2249251,22492.51
2249352,22493.52
2249457,22494.57
2249561,22495.61
2249660,22496.6
2249754,22497.54
2249851,22498.51
2249948,22499.48
2250045,22500.45
2250137,22501.37
2250230,22502.3
2250329,22503.29
2250432,22504.32
2250529,22505.29
2250620,22506.2
2250717,22507.17
2250820,22508.2
2250920,22509.2
2251015,22510.15
2251114,22511.14
2251212,22512.12
2251304,22513.04
2251395,22513.95
2251487,22514.87
2251587,22515.87
2251687,22516.87
2251781,22517.81
2251873,22518.73
2251968,22519.68
2252067,22520.67
2252173,22521.73
2252270,22522.7
2252379,22523.79
2252493,22524.93
2252603,22526.03
2252705,22527.05
2252805,22528.05
2252904,22529.04
2253007,22530.07
2253105,22531.05
2253199,22531.99
2253303,22533.03
2253408,22534.08
2253510,22535.1
2253610,22536.1
2253719,22537.19
2253826,22538.26
2253927,22539.27
2254026,22540.26
2254124,22541.24
2254223,22542.23
2254321,22543.21
2254416,22544.16
2254514,22545.14
2254618,22546.18
2254729,22547.29
2254831,22548.31
2254930,22549.3
2255035,22550.35
2255140,22551.4
2255238,22552.38
2255336,22553.36
2255445,22554.45
2255555,22555.55
2255657,22556.57
2255753,22557.53
2255858,22558.58
2255966,22559.66
2256067,22560.67
2256162,22561.62
2256256,22562.56
2256352,22563.52
2256458,22564.58
2256557,22565.57
2256657,22566.57
2256764,22567.64
2256873,22568.73
2256975,22569.75
2257074,22570.74
2257174,22571.74
2257275,22572.75
2257383,22573.83
2257482,22574.82
2257580,22575.8
2257684,22576.84
2257786,22577.86
2257884,22578.84
2257980,22579.8
2258081,22580.81
2258186,22581.86
2258289,22582.89
2258385,22583.85
2258487,22584.87
2258595,22585.95
2258699,22586.99
2258798,22587.98
2258894,22588.94
2258998,22589.98
2259103,22591.03
2259205,22592.05
2259305,22593.05
2259411,22594.11
2259518,22595.18
2259618,22596.18
2259718,22597.18
2259824,22598.24
2259934,22599.34
2260038,22600.38
2260139,22601.39
2260243,22602.43
2260351,22603.51
2260455,22604.55
2260557,22605.57
2260659,22606.59
2260769,22607.69
2260872,22608.72
2260970,22609.7
2261067,22610.67
2261167,22611.67
2261276,22612.76
2261374,22613.74
2261472,22614.72
2261574,22615.74
2261679,22616.79
2261779,22617.79
2261876,22618.76
2261977,22619.77
2262074,22620.74
2262166,22621.66
2262254,22622.54
2262345,22623.45
2262443,22624.43
2262554,22625.54
2262666,22626.66
2262774,22627.74
2262888,22628.88
2263003,22630.03
2263109,22631.09
2263210,22632.1
2263315,22633.15
2263419,22634.19
2263519,22635.19
2263617,22636.17
2263714,22637.14
2263810,22638.1
2263907,22639.07
2263995,22639.95
2264092,22640.92
2264189,22641.89
2264291,22642.91
2264394,22643.94
2264490,22644.9
2264584,22645.84
2264684,22646.84
2264784,22647.84
2264881,22648.81
2264979,22649.79
2265084,22650.84
2265183,22651.83
2265279,22652.79
2265379,22653.79
2265493,22654.93
2265608,22656.08
2265714,22657.14
2265814,22658.14
2265924,22659.24
2266031,22660.31
2266131,22661.31
2266237,22662.37
2266343,22663.43
2266446,22664.46
2266543,22665.43
2266647,22666.47
2266750,22667.5
2266849,22668.49
2266945,22669.45
2267046,22670.46
2267147,22671.47
2267244,22672.44
2267337,22673.37
2267435,22674.35
2267535,22675.35
2267637,22676.37
2267734,22677.34
2267831,22678.31
2267931,22679.31
2268029,22680.29
2268123,22681.23
2268220,22682.2
2268325,22683.25
2268433,22684.33
2268533,22685.33
2268634,22686.34
2268736,22687.36
2268849,22688.49
2268962,22689.62
2269065,22690.65
2269167,22691.67
2269272,22692.72
2269372,22693.72
2269467,22694.67
2269561,22695.61
2269662,22696.62
2269762,22697.62
2269860,22698.6
2269960,22699.6
2270065,22700.65
2270168,22701.68
2270268,22702.68
2270365,22703.65
2270465,22704.65
2270569,22705.69
2270668,22706.68
2270766,22707.66
2270866,22708.66
2270970,22709.7
2271074,22710.74
2271173,22711.73
2271270,22712.7
2271374,22713.74
2271475,22714.75
2271568,22715.68
2271651,22716.51
2271738,22717.38
2271832,22718.32
2271921,22719.21
2272007,22720.07
2272097,22720.97
2272189,22721.89
2272303,22723.03
2272417,22724.17
2272531,22725.31
2272650,22726.5
2272772,22727.72
2272884,22728.84
2272991,22729.91
2273096,22730.96
2273202,22732.02
2273305,22733.05
2273401,22734.01
2273504,22735.04
2273626,22736.26
2273747,22737.47
2273860,22738.6
2273970,22739.7
2274086,22740.86
2274204,22742.04
2274314,22743.14
2274413,22744.13
2274516,22745.16
2274624,22746.24
2274727,22747.27
2274828,22748.28
2274926,22749.26
2275030,22750.3
2275144,22751.44
2275262,22752.62
2275364,22753.64
2275460,22754.6
2275560,22755.6
2275671,22756.71
2275786,22757.86
2275894,22758.94
2275997,22759.97
2276110,22761.1
2276225,22762.25
2276334,22763.34
2276437,22764.37
2276546,22765.46
2276651,22766.51
2276750,22767.5
2276849,22768.49
2276958,22769.58
2277056,22770.56
2277152,22771.52
2277256,22772.56
2277358,22773.58
2277455,22774.55
2277550,22775.5
2277649,22776.49
2277758,22777.58
2277859,22778.59
2277956,22779.56
2278054,22780.54
2278156,22781.56
2278258,22782.58
2278356,22783.56
2278452,22784.52
2278552,22785.52
2278653,22786.53
2278758,22787.58
2278856,22788.56
2278952,22789.52
2279053,22790.53
2279156,22791.56
2279254,22792.54
2279351,22793.51
2279460,22794.6
2279573,22795.73
2279686,22796.86
2279791,22797.91
2279897,22798.97
2280004,22800.04
2280106,22801.06
2280202,22802.02
2280298,22802.98
2280402,22804.02
2280509,22805.09
2280610,22806.1
2280707,22807.07
2280806,22808.06
2280896,22808.96
2280990,22809.9
2281076,22810.76
2281166,22811.66
2281263,22812.63
2281390,22813.9
2281506,22815.06
2281619,22816.19
2281734,22817.34
2281849,22818.49
2281959,22819.59
2282069,22820.69
2282183,22821.83
2282295,22822.95
2282404,22824.04
2282511,22825.11
2282619,22826.19
2282722,22827.22
2282820,22828.2
2282917,22829.17
2283019,22830.19
2283130,22831.3
2283236,22832.36
2283337,22833.37
2283439,22834.39
2283558,22835.58
2283672,22836.72
2283779,22837.79
2283879,22838.79
2283985,22839.85
2284088,22840.88
2284186,22841.86
2284281,22842.81
2284379,22843.79
2284486,22844.86
2284587,22845.87
2284684,22846.84
2284782,22847.82
2284887,22848.87
2284996,22849.96
2285103,22851.03
2285205,22852.05
2285306,22853.06
2285413,22854.13
2285519,22855.19
2285624,22856.24
2285735,22857.35
2285847,22858.47
2285949,22859.49
2286048,22860.48
2286148,22861.48
2286256,22862.56
2286363,22863.63
2286461,22864.61
2286557,22865.57
2286658,22866.58
2286764,22867.64
2286866,22868.66
2286963,22869.63
2287064,22870.64
2287171,22871.71
2287280,22872.8
2287383,22873.83
2287481,22874.81
2287585,22875.85
2287692,22876.92
2287792,22877.92
2287889,22878.89
2287985,22879.85
2288086,22880.86
2288197,22881.97
2288303,22883.03
2288409,22884.09
2288517,22885.17
2288623,22886.23
2288726,22887.26
2288823,22888.23
2288929,22889.29
2289031,22890.31
2289131,22891.31
2289228,22892.28
2289325,22893.25
2289433,22894.33
2289547,22895.47
2289655,22896.55
2289759,22897.59
2289864,22898.64
2289969,22899.69
2290069,22900.69
2290166,22901.66
2290266,22902.66
2290371,22903.71
2290473,22904.73
2290571,22905.71
2290668,22906.68
2290775,22907.75
2290885,22908.85
2290992,22909.92
2291088,22910.88
2291189,22911.89
2291298,22912.98
2291398,22913.98
2291495,22914.95
2291594,22915.94
2291703,22917.03
2291815,22918.15
2291923,22919.23
2292029,22920.29
2292142,22921.42
2292255,22922.55
2292361,22923.61
2292460,22924.6
2292565,22925.65
2292669,22926.69
2292772,22927.72
2292867,22928.67
2292957,22929.57
2293055,22930.55
2293156,22931.56
2293256,22932.56
2293356,22933.56
2293461,22934.61
2293572,22935.72
2293679,22936.79
2293779,22937.79
2293878,22938.78
2293982,22939.82
2294087,22940.87
2294188,22941.88
2294285,22942.85
2294388,22943.88
2294496,22944.96
2294603,22946.03
2294701,22947.01
2294797,22947.97
2294897,22948.97
2295000,22950.0
2295100,22951.0
2295198,22951.98
2295295,22952.95
2295399,22953.99
2295507,22955.07
2295605,22956.05
2295693,22956.93
2295777,22957.77
2295863,22958.63
2295957,22959.57
2296053,22960.53
2296146,22961.46
2296260,22962.6
2296383,22963.83
2296500,22965.0
2296609,22966.09
2296718,22967.18
2296831,22968.31
2296945,22969.45
2297048,22970.48
2297149,22971.49
2297255,22972.55
2297361,22973.61
2297459,22974.59
2297555,22975.55
2297653,22976.53
2297755,22977.55
2297857,22978.57
2297952,22979.52
2298046,22980.46
2298145,22981.45
2298248,22982.48
2298347,22983.47
2298444,22984.44
2298540,22985.4
2298643,22986.43
2298761,22987.61
2298878,22988.78
2298984,22989.84
2299085,22990.85
2299188,22991.88
2299289,22992.89
2299382,22993.82
2299472,22994.72
2299568,22995.68
2299686,22996.86
2299811,22998.11
2299927,22999.27
2300036,23000.36
2300147,23001.47
2300258,23002.58
2300367,23003.67
2300469,23004.69
2300574,23005.74
2300685,23006.85
2300792,23007.92
2300891,23008.91
2300986,23009.86
2301087,23010.87
2301191,23011.91
2301289,23012.89
2301382,23013.82
2301479,23014.79
2301581,23015.81
2301689,23016.89
2301785,23017.85
2301884,23018.84
2301994,23019.94
2302098,23020.98
2302198,23021.98
2302294,23022.94
2302393,23023.93
2302495,23024.95
2302602,23026.02
2302702,23027.02
2302802,23028.02
2302912,23029.12
2303022,23030.22
2303127,23031.27
2303231,23032.31
2303343,23033.43
2303456,23034.56
2303558,23035.58
2303657,23036.57
2303760,23037.6
2303868,23038.68
2303968,23039.68
2304061,23040.61
2304148,23041.48
2304233,23042.33
2304319,23043.19
2304407,23044.07
2304498,23044.98
2304592,23045.92
2304703,23047.03
2304816,23048.16
2304934,23049.34
2305037,23050.37
2305136,23051.36
2305239,23052.39
2305346,23053.46
2305455,23054.55
2305562,23055.62
2305663,23056.63
2305773,23057.73
2305883,23058.83
2305998,23059.98
2306100,23061.0
2306194,23061.94
2306282,23062.82
2306378,23063.78
2306488,23064.88
2306609,23066.09
2306728,23067.28
2306846,23068.46
2306958,23069.58
2307060,23070.6
2307154,23071.54
2307245,23072.45
2307345,23073.45
2307460,23074.6
2307579,23075.79
2307696,23076.96
2307808,23078.08
2307917,23079.17
2308019,23080.19
2308117,23081.17
2308213,23082.13
2308312,23083.12
2308416,23084.16
2308517,23085.17
2308614,23086.14
2308717,23087.17
2308832,23088.32
2308944,23089.44
2309046,23090.46
2309143,23091.43
2309245,23092.45
2309334,23093.34
2309419,23094.19
2309500,23095.0
2309581,23095.81
2309665,23096.65
2309771,23097.71
2309888,23098.88
2310000,23100.0
2310104,23101.04
2310212,23102.12
2310328,23103.28
2310439,23104.39
2310540,23105.4
2310627,23106.27
2310711,23107.11
2310799,23107.99
2310886,23108.86
2310972,23109.72
2311068,23110.68
2311182,23111.82
2311300,23113.0
2311411,23114.11
2311511,23115.11
2311613,23116.13
2311712,23117.12
2311807,23118.07
2311900,23119.0
2312014,23120.14
2312139,23121.39
2312260,23122.6
2312377,23123.77
2312487,23124.87
2312599,23125.99
2312710,23127.1
2312817,23128.17
2312919,23129.19
2313017,23130.17
2313125,23131.25
2313230,23132.3
2313340,23133.4
2313449,23134.49
2313548,23135.48
2313644,23136.44
2313752,23137.52
2313870,23138.7
2313984,23139.84
2314090,23140.9
2314196,23141.96
2314306,23143.06
2314413,23144.13
2314512,23145.12
2314616,23146.16
2314726,23147.26
2314837,23148.37
2314941,23149.41
2315038,23150.38
2315140,23151.4
2315236,23152.36
2315336,23153.36
2315434,23154.34
2315533,23155.33
2315642,23156.42
2315757,23157.57
2315869,23158.69
2315973,23159.73
2316081,23160.81
2316190,23161.9
2316292,23162.92
2316385,23163.85
2316477,23164.77
2316568,23165.68
2316668,23166.68
2316763,23167.63
2316858,23168.58
2316956,23169.56
2317052,23170.52
2317164,23171.64
2317273,23172.73
2317374,23173.74
2317481,23174.81
2317599,23175.99
2317718,23177.18
2317828,23178.28
2317932,23179.32
2318040,23180.4
2318150,23181.5
2318262,23182.62
2318368,23183.68
2318470,23184.7
2318584,23185.84
2318706,23187.06
2318818,23188.18
2318924,23189.24
2319034,23190.34
2319147,23191.47
2319252,23192.52
2319349,23193.49
2319449,23194.49
2319560,23195.6
2319670,23196.7
2319772,23197.72
2319866,23198.66
2319964,23199.64
2320069,23200.69
2320175,23201.75
2320273,23202.73
2320366,23203.66
2320469,23204.69
2320578,23205.78
2320683,23206.83
2320784,23207.84
2320886,23208.86
2321004,23210.04
2321123,23211.23
2321225,23212.25
2321321,23213.21
2321420,23214.2
2321526,23215.26
2321630,23216.3
2321728,23217.28
2321824,23218.24
2321930,23219.3
2322045,23220.45
2322151,23221.51
2322249,23222.49
2322352,23223.52
2322474,23224.74
2322595,23225.95
2322704,23227.04
2322805,23228.05
2322910,23229.1
2323013,23230.13
2323117,23231.17
2323212,23232.12
2323307,23233.07
2323408,23234.08
2323517,23235.17
2323622,23236.22
2323723,23237.23
2323824,23238.24
2323932,23239.32
2324036,23240.36
2324138,23241.38
2324232,23242.32
2324333,23243.33
2324435,23244.35
2324541,23245.41
2324637,23246.37
2324733,23247.33
2324834,23248.34
2324933,23249.33
2325026,23250.26
2325115,23251.15
2325206,23252.06
2325308,23253.08
2325412,23254.12
2325508,23255.08
2325600,23256.0
2325691,23256.91
2325799,23257.99
2325911,23259.11
2326016,23260.16
2326117,23261.17
2326228,23262.28
2326347,23263.47
2326466,23264.66
2326572,23265.72
2326676,23266.76
2326785,23267.85
2326896,23268.96
2327001,23270.01
2327102,23271.02
2327208,23272.08
2327320,23273.2
2327423,23274.23
2327521,23275.21
2327624,23276.24
2327725,23277.25
2327824,23278.24
2327915,23279.15
2328010,23280.1
2328112,23281.12
2328228,23282.28
2328339,23283.39
2328443,23284.43
2328553,23285.53
2328665,23286.65
2328774,23287.74
2328874,23288.74
2328970,23289.7
2329072,23290.72
2329173,23291.73
2329269,23292.69
2329365,23293.65
2329472,23294.72
2329582,23295.82
2329684,23296.84
2329783,23297.83
2329885,23298.85
2329988,23299.88
2330091,23300.91
2330187,23301.87
2330281,23302.81
2330379,23303.79
2330481,23304.81
2330585,23305.85
2330680,23306.8
2330771,23307.71
2330864,23308.64
2330958,23309.58
2331059,23310.59
2331154,23311.54
2331246,23312.46
2331338,23313.38
2331434,23314.34
2331525,23315.25
2331614,23316.14
2331700,23317.0
2331788,23317.88
2331873,23318.73
2331954,23319.54
2332031,23320.31
2332106,23321.06
2332182,23321.82
2332254,23322.54
2332327,23323.27
2332398,23323.98
2332468,23324.68
2332537,23325.37
2332607,23326.07
2332677,23326.77
2332746,23327.46
2332816,23328.16
2332886,23328.86
2332956,23329.56
2333026,23330.26
2333096,23330.96
2333166,23331.66
2333235,23332.35
2333304,23333.04
2333373,23333.73
2333441,23334.41
2333509,23335.09
2333576,23335.76
2333643,23336.43
2333709,23337.09
2333773,23337.73
2333837,23338.37
2333900,23339.0
2333963,23339.63
2334024,23340.24
2334086,23340.86
2334148,23341.48
2334209,23342.09
2334272,23342.72
2334336,23343.36
2334401,23344.01
2334466,23344.66
2334533,23345.33
2334603,23346.03
2334693,23346.93
2334780,23347.8
2334884,23348.84
2334985,23349.85
2335098,23350.98
2335213,23352.13
2335327,23353.27
2335436,23354.36
2335539,23355.39
2335642,23356.42
2335751,23357.51
2335868,23358.68
2335985,23359.85
2336097,23360.97
2336214,23362.14
2336332,23363.32
2336446,23364.46
2336555,23365.55
2336667,23366.67
2336781,23367.81
2336894,23368.94
2337003,23370.03
2337115,23371.15
2337227,23372.27
2337342,23373.42
2337456,23374.56
2337568,23375.68
2337682,23376.82
2337796,23377.96
2337911,23379.11
2338024,23380.24
2338134,23381.34
2338246,23382.46
2338359,23383.59
2338471,23384.71
2338582,23385.82
2338691,23386.91
2338804,23388.04
2338916,23389.16
2339029,23390.29
2339141,23391.41
2339255,23392.55
2339370,23393.7
2339487,23394.87
2339601,23396.01
2339718,23397.18
2339834,23398.34
2339946,23399.46
2340059,23400.59
2340169,23401.69
2340283,23402.83
2340397,23403.97
2340511,23405.11
2340623,23406.23
2340735,23407.35
2340851,23408.51
2340964,23409.64
2341072,23410.72
2341183,23411.83
2341294,23412.94
2341404,23414.04
2341512,23415.12
2341622,23416.22
2341733,23417.33
2341841,23418.41
2341948,23419.48
2342060,23420.6
2342175,23421.75
2342288,23422.88
2342400,23424.0
2342517,23425.17
2342630,23426.3
2342741,23427.41
2342849,23428.49
2342958,23429.58
2343069,23430.69
2343182,23431.82
2343293,23432.93
2343407,23434.07
2343508,23435.08
2343594,23435.94
2343689,23436.89
2343784,23437.84
2343875,23438.75
2343984,23439.84
2344104,23441.04
2344216,23442.16
2344322,23443.22
2344442,23444.42
2344560,23445.6
2344670,23446.7
2344765,23447.65
2344864,23448.64
2344967,23449.67
2345072,23450.72
2345170,23451.7
2345270,23452.7
2345386,23453.86
2345505,23455.05
2345616,23456.16
2345722,23457.22
2345832,23458.32
2345941,23459.41
2346045,23460.45
2346140,23461.4
2346238,23462.38
2346345,23463.45
2346446,23464.46
2346549,23465.49
2346665,23466.65
2346784,23467.84
2346892,23468.92
2346995,23469.95
2347094,23470.94
2347197,23471.97
2347295,23472.95
2347391,23473.91
2347494,23474.94
2347599,23475.99
2347702,23477.02
2347802,23478.02
2347906,23479.06
2348025,23480.25
2348142,23481.42
2348243,23482.43
2348337,23483.37
2348431,23484.31
2348531,23485.31
2348633,23486.33
2348732,23487.32
2348845,23488.45
2348964,23489.64
2349075,23490.75
2349176,23491.76
2349273,23492.73
2349369,23493.69
2349463,23494.63
2349559,23495.59
2349669,23496.69
2349791,23497.91
2349908,23499.08
2350016,23500.16
2350120,23501.2
2350223,23502.23
2350335,23503.35
2350447,23504.47
2350555,23505.55
2350675,23506.75
2350794,23507.94
2350900,23509.0
2351000,23510.0
2351103,23511.03
2351213,23512.13
2351317,23513.17
2351416,23514.16
2351512,23515.12
2351613,23516.13
2351727,23517.27
2351837,23518.37
2351948,23519.48
2352069,23520.69
2352183,23521.83
2352290,23522.9
2352404,23524.04
2352519,23525.19
2352629,23526.29
2352730,23527.3
2352831,23528.31
2352938,23529.38
2353038,23530.38
2353133,23531.33
2353225,23532.25
2353321,23533.21
2353418,23534.18
2353529,23535.29
2353639,23536.39
2353738,23537.38
2353837,23538.37
2353937,23539.37
2354036,23540.36
2354131,23541.31
2354239,23542.39
2354364,23543.64
2354482,23544.82
2354592,23545.92
2354700,23547.0
2354806,23548.06
2354911,23549.11
2355011,23550.11
2355131,23551.31
2355252,23552.52
2355366,23553.66
2355472,23554.72
2355573,23555.73
2355678,23556.78
2355779,23557.79
2355876,23558.76
2355971,23559.71
2356080,23560.8
2356197,23561.97
2356310,23563.1
2356425,23564.25
2356542,23565.42
2356651,23566.51
2356753,23567.53
2356877,23568.77
2356998,23569.98
2357111,23571.11
2357220,23572.2
2357333,23573.33
2357445,23574.45
2357549,23575.49
2357646,23576.46
2357743,23577.43
2357846,23578.46
2357951,23579.51
2358052,23580.52
2358152,23581.52
2358271,23582.71
2358391,23583.91
2358490,23584.9
2358581,23585.81
2358677,23586.77
2358787,23587.87
2358908,23589.08
2359027,23590.27
2359145,23591.45
2359262,23592.62
2359373,23593.73
2359470,23594.7
2359571,23595.71
2359667,23596.67
2359763,23597.63
2359854,23598.54
2359950,23599.5
2360049,23600.49
2360173,23601.73
2360289,23602.89
2360396,23603.96
2360506,23605.06
2360623,23606.23
2360738,23607.38
2360846,23608.46
2360954,23609.54
2361057,23610.57
2361163,23611.63
2361261,23612.61
2361362,23613.62
2361466,23614.66
2361566,23615.66
2361660,23616.6
2361751,23617.51
2361851,23618.51
2361949,23619.49
2362051,23620.51
2362144,23621.44
2362238,23622.38
2362338,23623.38
2362444,23624.44
2362547,23625.47
2362648,23626.48
2362750,23627.5
2362857,23628.57
2362963,23629.63
2363066,23630.66
2363170,23631.7
2363278,23632.78
2363383,23633.83
2363481,23634.81
2363579,23635.79
2363678,23636.78
2363787,23637.87
2363889,23638.89
2363991,23639.91
2364107,23641.07
2364227,23642.27
2364337,23643.37
2364444,23644.44
2364552,23645.52
2364656,23646.56
2364753,23647.53
2364850,23648.5
2364958,23649.58
2365066,23650.66
2365169,23651.69
2365271,23652.71
2365381,23653.81
2365494,23654.94
2365597,23655.97
2365691,23656.91
2365788,23657.88
2365891,23658.91
2365993,23659.93
2366091,23660.91
2366186,23661.86
2366300,23663.0
2366426,23664.26
2366544,23665.44
2366665,23666.65
2366786,23667.86
2366905,23669.05
2367022,23670.22
2367136,23671.36
2367250,23672.5
2367355,23673.55
2367454,23674.54
2367553,23675.53
2367660,23676.6
2367764,23677.64
2367866,23678.66
2367970,23679.7
2368079,23680.79
2368185,23681.85
2368285,23682.85
2368386,23683.86
2368496,23684.96
2368606,23686.06
2368718,23687.18
2368823,23688.23
2368931,23689.31
2369040,23690.4
2369144,23691.44
2369242,23692.42
2369350,23693.5
2369463,23694.63
2369580,23695.8
2369693,23696.93
2369808,23698.08
2369920,23699.2
2370032,23700.32
2370135,23701.35
2370234,23702.34
2370340,23703.4
2370446,23704.46
2370547,23705.47
2370648,23706.48
2370767,23707.67
2370885,23708.85
2370992,23709.92
2371092,23710.92
2371193,23711.93
2371298,23712.98
2371399,23713.99
2371493,23714.93
2371595,23715.95
2371708,23717.08
2371817,23718.17
2371920,23719.2
2372024,23720.24
2372132,23721.32
2372236,23722.36
2372333,23723.33
2372441,23724.41
2372543,23725.43
2372644,23726.44
2372743,23727.43
2372848,23728.48
2372958,23729.58
2373063,23730.63
2373161,23731.61
2373260,23732.6
2373362,23733.62
2373455,23734.55
2373547,23735.47
2373642,23736.42
2373767,23737.67
2373885,23738.85
2373998,23739.98
2374109,23741.09
2374222,23742.22
2374333,23743.33
2374441,23744.41
2374553,23745.53
2374666,23746.66
2374780,23747.8
2374888,23748.88
2374995,23749.95
2375098,23750.98
2375206,23752.06
2375312,23753.12
2375419,23754.19
2375543,23755.43
2375666,23756.66
2375785,23757.85
2375893,23758.93
2375998,23759.98
2376099,23760.99
2376196,23761.96
2376292,23762.92
2376395,23763.95
2376513,23765.13
2376632,23766.32
2376739,23767.39
2376839,23768.39
2376929,23769.29
2377012,23770.12
2377099,23770.99
2377208,23772.08
2377329,23773.29
2377455,23774.55
2377578,23775.78
2377696,23776.96
2377811,23778.11
2377927,23779.27
2378043,23780.43
2378155,23781.55
2378266,23782.66
2378376,23783.76
2378482,23784.82
2378578,23785.78
2378670,23786.7
2378764,23787.64
2378877,23788.77
2378995,23789.95
2379108,23791.08
2379217,23792.17
2379328,23793.28
2379437,23794.37
2379541,23795.41
2379638,23796.38
2379738,23797.38
2379843,23798.43
2379951,23799.51
2380052,23800.52
2380152,23801.52
2380245,23802.45
2380338,23803.38
2380429,23804.29
2380523,23805.23
2380652,23806.52
2380775,23807.75
2380893,23808.93
2381010,23810.1
2381126,23811.26
2381240,23812.4
2381348,23813.48
2381460,23814.6
2381569,23815.69
2381677,23816.77
2381783,23817.83
2381891,23818.91
2382002,23820.02
2382114,23821.14
2382225,23822.25
2382337,23823.37
2382449,23824.49
2382563,23825.63
2382673,23826.73
2382781,23827.81
2382893,23828.93
2383003,23830.03
2383111,23831.11
2383211,23832.11
2383312,23833.12
2383414,23834.14
2383516,23835.16
2383615,23836.15
2383723,23837.23
2383832,23838.32
2383932,23839.32
2384028,23840.28
2384119,23841.19
2384224,23842.24
2384352,23843.52
2384471,23844.71
2384586,23845.86
2384701,23847.01
2384816,23848.16
2384926,23849.26
2385034,23850.34
2385144,23851.44
2385253,23852.53
2385359,23853.59
2385468,23854.68
2385580,23855.8
2385690,23856.9
2385800,23858.0
2385911,23859.11
2386023,23860.23
2386132,23861.32
2386240,23862.4
2386352,23863.52
2386465,23864.65
2386577,23865.77
2386687,23866.87
2386798,23867.98
2386912,23869.12
2387022,23870.22
2387129,23871.29
2387226,23872.26
2387328,23873.28
2387432,23874.32
2387539,23875.39
2387647,23876.47
2387762,23877.62
2387873,23878.73
2387975,23879.75
2388072,23880.72
2388173,23881.73
2388277,23882.77
2388376,23883.76
2388475,23884.75
2388578,23885.78
2388689,23886.89
2388798,23887.98
2388902,23889.02
2388998,23889.98
2389101,23891.01
2389209,23892.09
2389314,23893.14
2389423,23894.23
2389538,23895.38
2389657,23896.57
2389772,23897.72
2389878,23898.78
2389984,23899.84
2390086,23900.86
2390183,23901.83
2390281,23902.81
2390396,23903.96
2390513,23905.13
2390625,23906.25
2390744,23907.44
2390858,23908.58
2390965,23909.65
2391075,23910.75
2391188,23911.88
2391296,23912.96
2391396,23913.96
2391502,23915.02
2391610,23916.1
2391711,23917.11
2391809,23918.09
2391912,23919.12
2392020,23920.2
2392126,23921.26
2392227,23922.27
2392332,23923.32
2392442,23924.42
2392548,23925.48
2392650,23926.5
2392753,23927.53
2392863,23928.63
2392970,23929.7
2393075,23930.75
2393186,23931.86
2393305,23933.05
2393419,23934.19
2393522,23935.22
2393624,23936.24
2393726,23937.26
2393830,23938.3
2393927,23939.27
2394022,23940.22
2394129,23941.29
2394241,23942.41
2394354,23943.54
2394462,23944.62
2394573,23945.73
2394688,23946.88
2394797,23947.97
2394898,23948.98
2395002,23950.02
2395113,23951.13
2395217,23952.17
2395316,23953.16
2395412,23954.12
2395508,23955.08
2395602,23956.02
2395697,23956.97
2395798,23957.98
2395905,23959.05
2396005,23960.05
2396103,23961.03
2396191,23961.91
2396289,23962.89
2396396,23963.96
2396500,23965.0
2396603,23966.03
2396713,23967.13
2396835,23968.35
2396953,23969.53
2397059,23970.59
2397162,23971.62
2397268,23972.68
2397372,23973.72
2397471,23974.71
2397569,23975.69
2397672,23976.72
2397784,23977.84
2397890,23978.9
2397995,23979.95
2398106,23981.06
2398214,23982.14
2398315,23983.15
2398412,23984.12
2398517,23985.17
2398624,23986.24
2398726,23987.26
2398820,23988.2
2398916,23989.16
2399016,23990.16
2399115,23991.15
2399212,23992.12
2399310,23993.1
2399421,23994.21
2399529,23995.29
2399631,23996.31
2399728,23997.28
2399829,23998.29
2399926,23999.26
2400022,24000.22
2400119,24001.19
2400218,24002.18
2400326,24003.26
2400425,24004.25
2400523,24005.23
2400621,24006.21
2400723,24007.23
2400825,24008.25
2400924,24009.24
2401023,24010.23
2401126,24011.26
2401235,24012.35
2401336,24013.36
2401437,24014.37
2401547,24015.47
2401653,24016.53
2401757,24017.57
2401864,24018.64
2401975,24019.75
2402083,24020.83
2402185,24021.85
2402286,24022.86
2402394,24023.94
2402499,24024.99
2402607,24026.07
2402714,24027.14
2402821,24028.21
2402923,24029.23
2403021,24030.21
2403116,24031.16
2403219,24032.19
2403328,24033.28
2403429,24034.29
2403529,24035.29
2403626,24036.26
2403731,24037.31
2403837,24038.37
2403937,24039.37
2404035,24040.35
2404145,24041.45
2404253,24042.53
2404361,24043.61
2404462,24044.62
2404568,24045.68
2404673,24046.73
2404774,24047.74
2404873,24048.73
2404975,24049.75
2405092,24050.92
2405209,24052.09
2405320,24053.2
2405427,24054.27
2405536,24055.36
2405644,24056.44
2405745,24057.45
2405842,24058.42
2405939,24059.39
2406045,24060.45
2406150,24061.5
2406248,24062.48
2406344,24063.44
2406454,24064.54
2406565,24065.65
2406670,24066.7
2406769,24067.69
2406869,24068.69
2406969,24069.69
2407067,24070.67
2407167,24071.67
2407264,24072.64
2407369,24073.69
2407472,24074.72
2407572,24075.72
2407678,24076.78
2407783,24077.83
2407888,24078.88
2407988,24079.88
2408086,24080.86
2408195,24081.95
2408296,24082.96
2408391,24083.91
2408487,24084.87
2408600,24086.0
2408717,24087.17
2408828,24088.28
2408932,24089.32
2409037,24090.37
2409142,24091.42
2409243,24092.43
2409342,24093.42
2409447,24094.47
2409551,24095.51
2409647,24096.47
2409739,24097.39
2409832,24098.32
2409932,24099.32
2410029,24100.29
2410127,24101.27
2410225,24102.25
2410330,24103.3
2410437,24104.37
2410540,24105.4
2410640,24106.4
2410742,24107.42
2410847,24108.47
2410948,24109.48
2411050,24110.5
2411153,24111.53
2411260,24112.6
2411361,24113.61
2411458,24114.58
2411561,24115.61
2411666,24116.66
2411764,24117.64
2411862,24118.62
2411963,24119.63
2412066,24120.66
2412165,24121.65
2412264,24122.64
2412371,24123.71
2412487,24124.87
2412601,24126.01
2412710,24127.1
2412818,24128.18
2412930,24129.3
2413042,24130.42
2413146,24131.46
2413249,24132.49
2413353,24133.53
2413456,24134.56
2413557,24135.57
2413655,24136.55
2413763,24137.63
2413874,24138.74
2413983,24139.83
2414083,24140.83
2414182,24141.82
2414279,24142.79
2414373,24143.73
2414469,24144.69
2414566,24145.66
2414667,24146.67
2414780,24147.8
2414888,24148.88
2414990,24149.9
2415093,24150.93
2415194,24151.94
2415293,24152.93
2415386,24153.86
2415477,24154.77
2415575,24155.75
2415674,24156.74
2415768,24157.68
2415860,24158.6
2415953,24159.53
2416051,24160.51
2416145,24161.45
2416245,24162.45
2416347,24163.47
2416444,24164.44
2416539,24165.39
2416645,24166.45
2416752,24167.52
2416860,24168.6
2416961,24169.61
2417061,24170.61
2417166,24171.66
2417267,24172.67
2417364,24173.64
2417466,24174.66
2417575,24175.75
2417681,24176.81
2417781,24177.81
2417879,24178.79
2417976,24179.76
2418081,24180.81
2418181,24181.81
2418279,24182.79
2418383,24183.83
2418492,24184.92
2418598,24185.98
2418696,24186.96
2418805,24188.05
2418923,24189.23
2419040,24190.4
2419148,24191.48
2419255,24192.55
2419362,24193.62
2419462,24194.62
2419558,24195.58
2419657,24196.57
2419766,24197.66
2419872,24198.72
2419972,24199.72
2420078,24200.78
2420189,24201.89
2420301,24203.01
2420408,24204.08
2420511,24205.11
2420616,24206.16
2420724,24207.24
2420826,24208.26
2420925,24209.25
2421028,24210.28
2421135,24211.35
2421234,24212.34
2421336,24213.36
2421440,24214.4
2421540,24215.4
2421637,24216.37
2421735,24217.35
2421831,24218.31
2421931,24219.31
2422026,24220.26
2422120,24221.2
2422227,24222.27
2422331,24223.31
2422439,24224.39
2422533,24225.33
2422625,24226.25
2422721,24227.21
2422816,24228.16
2422911,24229.11
2423001,24230.01
2423088,24230.88
2423176,24231.76
2423266,24232.66
2423363,24233.63
2423479,24234.79
2423609,24236.09
2423730,24237.3
2423847,24238.47
2423962,24239.62
2424078,24240.78
2424194,24241.94
2424308,24243.08
2424413,24244.13
2424512,24245.12
2424611,24246.11
2424710,24247.1
2424808,24248.08
2424907,24249.07
2425018,24250.18
2425133,24251.33
2425245,24252.45
2425348,24253.48
2425453,24254.53
2425560,24255.6
2425666,24256.66
2425768,24257.68
2425867,24258.67
2425977,24259.77
2426087,24260.87
2426189,24261.89
2426284,24262.84
2426386,24263.86
2426495,24264.95
2426600,24266.0
2426703,24267.03
2426809,24268.09
2426915,24269.15
2427016,24270.16
2427114,24271.14
2427208,24272.08
2427316,24273.16
2427424,24274.24
2427525,24275.25
2427630,24276.3
2427742,24277.42
2427851,24278.51
2427952,24279.52
2428050,24280.5
2428157,24281.57
2428259,24282.59
2428361,24283.61
2428462,24284.62
2428572,24285.72
2428681,24286.81
2428784,24287.84
2428883,24288.83
2428988,24289.88
2429093,24290.93
2429198,24291.98
2429295,24292.95
2429397,24293.97
2429494,24294.94
2429595,24295.95
2429693,24296.93
2429797,24297.97
2429918,24299.18
2430040,24300.4
2430152,24301.52
2430261,24302.61
2430373,24303.73
2430482,24304.82
2430586,24305.86
2430691,24306.91
2430805,24308.05
2430914,24309.14
2431019,24310.19
2431125,24311.25
2431235,24312.35
2431340,24313.4
2431441,24314.41
2431541,24315.41
2431641,24316.41
2431735,24317.35
2431834,24318.34
2431943,24319.43
2432048,24320.48
2432150,24321.5
2432249,24322.49
2432355,24323.55
2432460,24324.6
2432556,24325.56
2432650,24326.5
2432746,24327.46
2432845,24328.45
2432946,24329.46
2433046,24330.46
2433141,24331.41
2433236,24332.36
2433348,24333.48
2433454,24334.54
2433553,24335.53
2433657,24336.57
2433766,24337.66
2433869,24338.69
2433971,24339.71
2434074,24340.74
2434177,24341.77
2434279,24342.79
2434376,24343.76
2434476,24344.76
2434583,24345.83
2434688,24346.88
2434794,24347.94
2434894,24348.94
2435000,24350.0
2435108,24351.08
2435213,24352.13
2435310,24353.1
2435408,24354.08
2435514,24355.14
2435623,24356.23
2435729,24357.29
2435835,24358.35
2435948,24359.48
2436065,24360.65
2436176,24361.76
2436274,24362.74
2436373,24363.73
2436467,24364.67
2436564,24365.64
2436659,24366.59
2436759,24367.59
2436878,24368.78
2437003,24370.03
2437119,24371.19
2437235,24372.35
2437352,24373.52
2437460,24374.6
2437561,24375.61
2437670,24376.7
2437777,24377.77
2437878,24378.78
2437980,24379.8
2438089,24380.89
2438192,24381.92
2438293,24382.93
2438390,24383.9
2438487,24384.87
2438588,24385.88
2438689,24386.89
2438790,24387.9
2438898,24388.98
2439008,24390.08
2439109,24391.09
2439208,24392.08
2439305,24393.05
2439411,24394.11
2439520,24395.2
2439625,24396.25
2439729,24397.29
2439838,24398.38
2439946,24399.46
2440047,24400.47
2440143,24401.43
2440243,24402.43
2440349,24403.49
2440448,24404.48
2440548,24405.48
2440658,24406.58
2440776,24407.76
2440888,24408.88
2440992,24409.92
2441096,24410.96
2441201,24412.01
2441300,24413.0
2441396,24413.96
2441495,24414.95
2441594,24415.94
2441692,24416.92
2441786,24417.86
2441889,24418.89
2442003,24420.03
2442117,24421.17
2442228,24422.28
2442334,24423.34
2442442,24424.42
2442551,24425.51
2442661,24426.61
2442763,24427.63
2442872,24428.72
2442982,24429.82
2443089,24430.89
2443193,24431.93
2443298,24432.98
2443406,24434.06
2443515,24435.15
2443617,24436.17
2443716,24437.16
2443820,24438.2
2443923,24439.23
2444023,24440.23
2444115,24441.15
2444229,24442.29
2444353,24443.53
2444466,24444.66
2444573,24445.73
2444683,24446.83
2444790,24447.9
2444890,24448.9
2444989,24449.89
2445088,24450.88
2445202,24452.02
2445316,24453.16
2445418,24454.18
2445526,24455.26
2445630,24456.3
2445727,24457.27
2445821,24458.21
2445920,24459.2
2446027,24460.27
2446136,24461.36
2446237,24462.37
2446336,24463.36
2446447,24464.47
2446558,24465.58
2446667,24466.67
2446770,24467.7
2446873,24468.73
2446977,24469.77
2447077,24470.77
2447177,24471.77
2447269,24472.69
2447368,24473.68
2447485,24474.85
2447600,24476.0
2447710,24477.1
2447831,24478.31
2447949,24479.49
2448059,24480.59
2448162,24481.62
2448263,24482.63
2448369,24483.69
2448463,24484.63
2448558,24485.58
2448651,24486.51
2448756,24487.56
2448861,24488.61
2448959,24489.59
2449059,24490.59
2449161,24491.61
2449265,24492.65
2449368,24493.68
2449469,24494.69
2449571,24495.71
2449675,24496.75
2449775,24497.75
2449872,24498.72
2449973,24499.73
2450081,24500.81
2450185,24501.85
2450286,24502.86
2450384,24503.84
2450487,24504.87
2450592,24505.92
2450696,24506.96
2450794,24507.94
2450900,24509.0
2451010,24510.1
2451110,24511.1
2451212,24512.12
2451321,24513.21
2451453,24514.53
2451572,24515.72
2451684,24516.84
2451796,24517.96
2451910,24519.1
2452022,24520.22
2452135,24521.35
2452244,24522.44
2452352,24523.52
2452464,24524.64
2452579,24525.79
2452684,24526.84
2452780,24527.8
2452876,24528.76
2452985,24529.85
2453088,24530.88
2453186,24531.86
2453292,24532.92
2453402,24534.02
2453504,24535.04
2453605,24536.05
2453696,24536.96
2453795,24537.95
2453908,24539.08
2454019,24540.19
2454123,24541.23
2454221,24542.21
2454322,24543.22
2454422,24544.22
2454520,24545.2
2454621,24546.21
2454751,24547.51
2454873,24548.73
2454990,24549.9
2455102,24551.02
2455215,24552.15
2455329,24553.29
2455440,24554.4
2455542,24555.42
2455641,24556.41
2455746,24557.46
2455846,24558.46
2455950,24559.5
2456053,24560.53
2456157,24561.57
2456267,24562.67
2456366,24563.66
2456464,24564.64
2456563,24565.63
2456670,24566.7
2456783,24567.83
2456900,24569.0
2457009,24570.09
2457114,24571.14
2457223,24572.23
2457330,24573.3
2457439,24574.39
2457545,24575.45
2457662,24576.62
2457776,24577.76
2457880,24578.8
2457986,24579.86
2458101,24581.01
2458223,24582.23
2458343,24583.43
2458454,24584.54
2458566,24585.66
2458673,24586.73
2458779,24587.79
2458880,24588.8
2458982,24589.82
2459096,24590.96
2459200,24592.0
2459299,24592.99
2459392,24593.92
2459491,24594.91
2459609,24596.09
2459726,24597.26
2459836,24598.36
2459938,24599.38
2460040,24600.4
2460143,24601.43
2460238,24602.38
2460333,24603.33
2460429,24604.29
2460536,24605.36
2460644,24606.44
2460746,24607.46
2460843,24608.43
2460949,24609.49
2461055,24610.55
2461153,24611.53
2461248,24612.48
2461342,24613.42
2461441,24614.41
2461547,24615.47
2461647,24616.47
2461743,24617.43
2461841,24618.41
2461949,24619.49
2462058,24620.58
2462171,24621.71
2462276,24622.76
2462384,24623.84
2462494,24624.94
2462600,24626.0
2462702,24627.02
2462806,24628.06
2462906,24629.06
2463005,24630.05
2463097,24630.97
2463186,24631.86
2463277,24632.77
2463376,24633.76
2463474,24634.74
2463563,24635.63
2463661,24636.61
2463755,24637.55
2463861,24638.61
2463957,24639.57
2464052,24640.52
2464150,24641.5
2464253,24642.53
2464357,24643.57
2464456,24644.56
2464548,24645.48
2464646,24646.46
2464755,24647.55
2464863,24648.63
2464965,24649.65
2465068,24650.68
2465171,24651.71
2465270,24652.7
2465365,24653.65
2465457,24654.57
2465548,24655.48
2465647,24656.47
2465743,24657.43
2465851,24658.51
2465950,24659.5
2466051,24660.51
2466156,24661.56
2466266,24662.66
2466368,24663.68
2466465,24664.65
2466565,24665.65
2466664,24666.64
2466773,24667.73
2466872,24668.72
2466973,24669.73
2467078,24670.78
2467195,24671.95
2467304,24673.04
2467404,24674.04
2467502,24675.02
2467601,24676.01
2467705,24677.05
2467803,24678.03
2467904,24679.04
2468021,24680.21
2468147,24681.47
2468264,24682.64
2468372,24683.72
2468476,24684.76
2468580,24685.8
2468679,24686.79
2468782,24687.82
2468888,24688.88
2468997,24689.97
2469110,24691.1
2469218,24692.18
2469324,24693.24
2469435,24694.35
2469557,24695.57
2469673,24696.73
2469778,24697.78
2469883,24698.83
2469990,24699.9
2470101,24701.01
2470207,24702.07
2470304,24703.04
2470404,24704.04
2470503,24705.03
2470604,24706.04
2470698,24706.98
2470792,24707.92
2470883,24708.83
2470991,24709.91
2471087,24710.87
2471186,24711.86
2471274,24712.74
2471368,24713.68
2471462,24714.62
2471557,24715.57
2471646,24716.46
2471731,24717.31
2471820,24718.2
2471911,24719.11
2472014,24720.14
2472109,24721.09
2472202,24722.02
2472294,24722.94
2472393,24723.93
2472501,24725.01
2472599,24725.99
2472696,24726.96
2472786,24727.86
2472878,24728.78
2472972,24729.72
2473066,24730.66
2473158,24731.58
2473255,24732.55
2473355,24733.55
2473463,24734.63
2473565,24735.65
2473659,24736.59
2473750,24737.5
2473844,24738.44
2473947,24739.47
2474046,24740.46
2474141,24741.41
2474232,24742.32
2474334,24743.34
2474442,24744.42
2474549,24745.49
2474650,24746.5
2474747,24747.47
2474848,24748.48
2474952,24749.52
2475056,24750.56
2475158,24751.58
2475263,24752.63
2475375,24753.75
2475490,24754.9
2475595,24755.95
2475694,24756.94
2475795,24757.95
2475899,24758.99
2476007,24760.07
2476105,24761.05
2476204,24762.04
2476305,24763.05
2476410,24764.1
2476505,24765.05
2476598,24765.98
2476699,24766.99
2476806,24768.06
2476906,24769.06
2477000,24770.0
2477100,24771.0
2477191,24771.91
2477288,24772.88
2477384,24773.84
2477479,24774.79
2477575,24775.75
2477677,24776.77
2477775,24777.75
2477880,24778.8
2477977,24779.77
2478075,24780.75
2478164,24781.64
2478249,24782.49
2478333,24783.33
2478427,24784.27
2478548,24785.48
2478659,24786.59
2478767,24787.67
2478878,24788.78
2478990,24789.9
2479100,24791.0
2479208,24792.08
2479315,24793.15
2479424,24794.24
2479534,24795.34
2479644,24796.44
2479752,24797.52
2479855,24798.55
2479951,24799.51
2480043,24800.43
2480140,24801.4
2480255,24802.55
2480372,24803.72
2480479,24804.79
2480580,24805.8
2480680,24806.8
2480779,24807.79
2480878,24808.78
2480977,24809.77
2481071,24810.71
2481182,24811.82
2481294,24812.94
2481401,24814.01
2481501,24815.01
2481595,24815.95
2481694,24816.94
2481794,24817.94
2481890,24818.9
2481980,24819.8
2482075,24820.75
2482170,24821.7
2482278,24822.78
2482380,24823.8
2482478,24824.78
2482580,24825.8
2482686,24826.86
2482785,24827.85
2482878,24828.78
2482971,24829.71
2483064,24830.64
2483158,24831.58
2483249,24832.49
2483341,24833.41
2483442,24834.42
2483545,24835.45
2483643,24836.43
2483745,24837.45
2483846,24838.46
2483947,24839.47
2484043,24840.43
2484137,24841.37
2484235,24842.35
2484336,24843.36
2484438,24844.38
2484537,24845.37
2484633,24846.33
2484731,24847.31
2484830,24848.3
2484927,24849.27
2485021,24850.21
2485117,24851.17
2485217,24852.17
2485322,24853.22
2485420,24854.2
2485515,24855.15
2485613,24856.13
2485709,24857.09
2485803,24858.03
2485892,24858.92
2485985,24859.85
2486080,24860.8
2486179,24861.79
2486276,24862.76
2486373,24863.73
2486475,24864.75
2486580,24865.8
2486679,24866.79
2486776,24867.76
2486875,24868.75
2486974,24869.74
2487073,24870.73
2487166,24871.66
2487257,24872.57
2487349,24873.49
2487442,24874.42
2487538,24875.38
2487635,24876.35
2487728,24877.28
2487818,24878.18
2487916,24879.16
2488012,24880.12
2488112,24881.12
2488206,24882.06
2488300,24883.0
2488399,24883.99
2488502,24885.02
2488599,24885.99
2488693,24886.93
2488790,24887.9
2488896,24888.96
2488997,24889.97
2489096,24890.96
2489194,24891.94
2489291,24892.91
2489382,24893.82
2489470,24894.7
2489561,24895.61
2489653,24896.53
2489743,24897.43
2489842,24898.42
2489951,24899.51
2490056,24900.56
2490156,24901.56
2490259,24902.59
2490362,24903.62
2490460,24904.6
2490557,24905.57
2490650,24906.5
2490744,24907.44
2490841,24908.41
2490939,24909.39
2491027,24910.27
2491121,24911.21
2491216,24912.16
2491320,24913.2
2491424,24914.24
2491516,24915.16
2491609,24916.09
2491703,24917.03
2491799,24917.99
2491891,24918.91
2491983,24919.83
2492080,24920.8
2492179,24921.79
2492277,24922.77
2492371,24923.71
2492468,24924.68
2492567,24925.67
2492664,24926.64
2492757,24927.57
2492854,24928.54
2492949,24929.49
2493043,24930.43
2493135,24931.35
2493228,24932.28
2493326,24933.26
2493425,24934.25
2493523,24935.23
2493618,24936.18
2493711,24937.11
2493811,24938.11
2493914,24939.14
2494012,24940.12
2494109,24941.09
2494206,24942.06
2494306,24943.06
2494398,24943.98
2494490,24944.9
2494584,24945.84
2494686,24946.86
2494787,24947.87
2494884,24948.84
2494979,24949.79
2495075,24950.75
2495171,24951.71
2495268,24952.68
2495360,24953.6
2495451,24954.51
2495543,24955.43
2495639,24956.39
2495731,24957.31
2495823,24958.23
2495911,24959.11
2495998,24959.98
2496089,24960.89
2496183,24961.83
2496275,24962.75
2496366,24963.66
2496459,24964.59
2496547,24965.47
2496636,24966.36
2496724,24967.24
2496812,24968.12
2496902,24969.02
2496996,24969.96
2497091,24970.91
2497185,24971.85
2497279,24972.79
2497377,24973.77
2497478,24974.78
2497577,24975.77
2497672,24976.72
2497768,24977.68
2497866,24978.66
2497962,24979.62
2498053,24980.53
2498148,24981.48
2498246,24982.46
2498350,24983.5
2498447,24984.47
2498542,24985.42
2498639,24986.39
2498738,24987.38
2498832,24988.32
2498930,24989.3
2499029,24990.29
2499128,24991.28
2499223,24992.23
2499321,24993.21
2499418,24994.18
2499514,24995.14
2499609,24996.09
2499707,24997.07
2499812,24998.12
2499911,24999.11
2500008,25000.08
2500105,25001.05
2500204,25002.04
2500303,25003.03
2500398,25003.98
2500493,25004.93
2500592,25005.92
2500693,25006.93
2500791,25007.91
2500888,25008.88
2500985,25009.85
2501081,25010.81
2501175,25011.75
2501268,25012.68
2501365,25013.65
2501468,25014.68
2501565,25015.65
2501660,25016.6
2501758,25017.58
2501858,25018.58
2501957,25019.57
2502054,25020.54
2502151,25021.51
2502251,25022.51
2502350,25023.5
2502447,25024.47
2502548,25025.48
2502649,25026.49
2502747,25027.47
2502842,25028.42
2502936,25029.36
2503033,25030.33
2503127,25031.27
2503220,25032.2
2503311,25033.11
2503402,25034.02
2503496,25034.96
2503593,25035.93
2503689,25036.89
2503786,25037.86
2503881,25038.81
2503982,25039.82
2504083,25040.83
2504179,25041.79
2504270,25042.7
2504359,25043.59
2504443,25044.43
2504524,25045.24
2504602,25046.02
2504679,25046.79
2504756,25047.56
2504862,25048.62
2504962,25049.62
2505075,25050.75
2505189,25051.89
2505297,25052.97
2505405,25054.05
2505506,25055.06
2505596,25055.96
2505684,25056.84
2505770,25057.7
2505858,25058.58
2505946,25059.46
2506036,25060.36
2506125,25061.25
2506214,25062.14
2506308,25063.08
2506405,25064.05
2506502,25065.02
2506608,25066.08
2506706,25067.06
2506805,25068.05
2506911,25069.11
2507021,25070.21
2507127,25071.27
2507230,25072.3
2507337,25073.37
2507445,25074.45
2507550,25075.5
2507651,25076.51
2507752,25077.52
2507854,25078.54
2507957,25079.57
2508053,25080.53
2508151,25081.51
2508256,25082.56
2508363,25083.63
2508461,25084.61
2508565,25085.65
2508673,25086.73
2508779,25087.79
2508878,25088.78
2508976,25089.76
2509072,25090.72
2509175,25091.75
2509273,25092.73
2509368,25093.68
2509469,25094.69
2509575,25095.75
2509678,25096.78
2509775,25097.75
2509871,25098.71
2509969,25099.69
2510068,25100.68
2510162,25101.62
2510247,25102.47
2510334,25103.34
2510426,25104.26
2510523,25105.23
2510624,25106.24
2510724,25107.24
2510821,25108.21
2510921,25109.21
2511024,25110.24
2511121,25111.21
2511215,25112.15
2511306,25113.06
2511401,25114.01
2511495,25114.95
2511588,25115.88
2511686,25116.86
2511785,25117.85
2511882,25118.82
2511978,25119.78
2512079,25120.79
2512179,25121.79
2512276,25122.76
2512371,25123.71
2512468,25124.68
2512564,25125.64
2512660,25126.6
2512755,25127.55
2512853,25128.53
2512953,25129.53
2513052,25130.52
2513147,25131.47
2513242,25132.42
2513339,25133.39
2513435,25134.35
2513531,25135.31
2513625,25136.25
2513718,25137.18
2513814,25138.14
2513911,25139.11
2514011,25140.11
2514106,25141.06
2514199,25141.99
2514294,25142.94
2514390,25143.9
2514485,25144.85
2514577,25145.77
2514672,25146.72
2514768,25147.68
2514865,25148.65
2514963,25149.63
2515058,25150.58
2515151,25151.51
2515247,25152.47
2515344,25153.44
2515441,25154.41
2515536,25155.36
2515631,25156.31
2515730,25157.3
2515829,25158.29
2515925,25159.25
2516016,25160.16
2516106,25161.06
2516196,25161.96
2516290,25162.9
2516385,25163.85
2516471,25164.71
2516560,25165.6
2516651,25166.51
2516745,25167.45
2516835,25168.35
2516922,25169.22
2517008,25170.08
2517095,25170.95
2517190,25171.9
2517283,25172.83
2517377,25173.77
2517467,25174.67
2517559,25175.59
2517652,25176.52
2517742,25177.42
2517827,25178.27
2517913,25179.13
2517999,25179.99
2518085,25180.85
2518172,25181.72
2518258,25182.58
2518344,25183.44
2518431,25184.31
2518516,25185.16
2518597,25185.97
2518676,25186.76
2518752,25187.52
2518830,25188.3
2518911,25189.11
2519000,25190.0
2519122,25191.22
2519238,25192.38
2519353,25193.53
2519465,25194.65
2519577,25195.77
2519681,25196.81
2519780,25197.8
2519873,25198.73
2519965,25199.65
2520056,25200.56
2520160,25201.6
2520269,25202.69
2520372,25203.72
2520471,25204.71
2520572,25205.72
2520675,25206.75
2520776,25207.76
2520880,25208.8
2520979,25209.79
2521079,25210.79
2521186,25211.86
2521294,25212.94
2521401,25214.01
2521505,25215.05
2521601,25216.01
2521696,25216.96
2521793,25217.93
2521896,25218.96
2521999,25219.99
2522095,25220.95
2522194,25221.94
2522301,25223.01
2522410,25224.1
2522514,25225.14
2522612,25226.12
2522707,25227.07
2522801,25228.01
2522898,25228.98
2522995,25229.95
2523090,25230.9
2523184,25231.84
2523282,25232.82
2523382,25233.82
2523485,25234.85
2523582,25235.82
2523677,25236.77
2523773,25237.73
2523872,25238.72
2523973,25239.73
2524069,25240.69
2524166,25241.66
2524270,25242.7
2524373,25243.73
2524468,25244.68
2524562,25245.62
2524657,25246.57
2524755,25247.55
2524855,25248.55
2524951,25249.51
2525044,25250.44
2525145,25251.45
2525248,25252.48
2525345,25253.45
2525439,25254.39
2525534,25255.34
2525630,25256.3
2525726,25257.26
2525822,25258.22
2525914,25259.14
2526005,25260.05
2526101,25261.01
2526196,25261.96
2526292,25262.92
2526388,25263.88
2526484,25264.84
2526588,25265.88
2526692,25266.92
2526794,25267.94
2526893,25268.93
2526995,25269.95
2527096,25270.96
2527190,25271.9
2527282,25272.82
2527380,25273.8
2527485,25274.85
2527587,25275.87
2527684,25276.84
2527781,25277.81
2527875,25278.75
2527963,25279.63
2528049,25280.49
2528142,25281.42
2528245,25282.45
2528341,25283.41
2528448,25284.48
2528560,25285.6
2528669,25286.69
2528772,25287.72
2528876,25288.76
2528975,25289.75
2529070,25290.7
2529164,25291.64
2529260,25292.6
2529359,25293.59
2529454,25294.54
2529546,25295.46
2529636,25296.36
2529730,25297.3
2529829,25298.29
2529929,25299.29
2530024,25300.24
2530117,25301.17
2530204,25302.04
2530290,25302.9
2530377,25303.77
2530467,25304.67
2530562,25305.62
2530651,25306.51
2530743,25307.43
2530837,25308.37
2530935,25309.35
2531032,25310.32
2531126,25311.26
2531221,25312.21
2531312,25313.12
2531404,25314.04
2531493,25314.93
2531584,25315.84
2531677,25316.77
2531772,25317.72
2531870,25318.7
2531971,25319.71
2532075,25320.75
2532173,25321.73
2532268,25322.68
2532364,25323.64
2532459,25324.59
2532554,25325.54
2532646,25326.46
2532736,25327.36
2532831,25328.31
2532926,25329.26
2533017,25330.17
2533102,25331.02
2533187,25331.87
2533272,25332.72
2533363,25333.63
2533458,25334.58
2533546,25335.46
2533633,25336.33
2533718,25337.18
2533801,25338.01
2533886,25338.86
2533971,25339.71
2534058,25340.58
2534149,25341.49
2534241,25342.41
2534333,25343.33
2534423,25344.23
2534511,25345.11
2534601,25346.01
2534688,25346.88
2534773,25347.73
2534855,25348.55
2534937,25349.37
2535017,25350.17
2535101,25351.01
2535192,25351.92
2535292,25352.92
2535388,25353.88
2535488,25354.88
2535585,25355.85
2535683,25356.83
2535778,25357.78
2535873,25358.73
2535970,25359.7
2536067,25360.67
2536166,25361.66
2536266,25362.66
2536362,25363.62
2536462,25364.62
2536564,25365.64
2536661,25366.61
2536757,25367.57
2536858,25368.58
2536964,25369.64
2537066,25370.66
2537168,25371.68
2537264,25372.64
2537363,25373.63
2537463,25374.63
2537563,25375.63
2537658,25376.58
2537752,25377.52
2537849,25378.49
2537949,25379.49
2538052,25380.52
2538146,25381.46
2538240,25382.4
2538335,25383.35
2538435,25384.35
2538532,25385.32
2538630,25386.3
2538725,25387.25
2538827,25388.27
2538928,25389.28
2539024,25390.24
2539123,25391.23
2539222,25392.22
2539323,25393.23
2539418,25394.18
2539512,25395.12
2539608,25396.08
2539705,25397.05
2539804,25398.04
2539899,25398.99
2539994,25399.94
2540090,25400.9
2540186,25401.86
2540279,25402.79
2540371,25403.71
2540465,25404.65
2540560,25405.6
2540652,25406.52
2540736,25407.36
2540819,25408.19
2540899,25408.99
2540975,25409.75
2541050,25410.5
2541126,25411.26
2541204,25412.04
2541281,25412.81
2541359,25413.59
2541437,25414.37
2541514,25415.14
2541591,25415.91
2541667,25416.67
2541742,25417.42
2541817,25418.17
2541891,25418.91
2541965,25419.65
2542038,25420.38
2542110,25421.1
2542180,25421.8
2542249,25422.49
2542318,25423.18
2542386,25423.86
2542455,25424.55
2542521,25425.21
2542589,25425.89
2542654,25426.54
2542718,25427.18
2542783,25427.83
2542847,25428.47
2542911,25429.11
2542975,25429.75
2543040,25430.4
2543107,25431.07
2543177,25431.77
2543258,25432.58
2543355,25433.55
2543454,25434.54
2543560,25435.6
2543667,25436.67
2543779,25437.79
2543893,25438.93
2544007,25440.07
2544121,25441.21
2544244,25442.44
2544367,25443.67
2544491,25444.91
2544605,25446.05
2544695,25446.95
2544789,25447.89
2544894,25448.94
2544998,25449.98
2545119,25451.19
2545230,25452.3
2545344,25453.44
2545459,25454.59
2545576,25455.76
2545689,25456.89
2545804,25458.04
2545919,25459.19
2546033,25460.33
2546146,25461.46
2546255,25462.55
2546365,25463.65
2546474,25464.74
2546583,25465.83
2546691,25466.91
2546801,25468.01
2546911,25469.11
2547022,25470.22
2547127,25471.27
2547223,25472.23
2547320,25473.2
2547443,25474.43
2547557,25475.57
2547668,25476.68
2547783,25477.83
2547899,25478.99
2548013,25480.13
2548124,25481.24
2548234,25482.34
2548345,25483.45
2548457,25484.57
2548564,25485.64
2548671,25486.71
2548777,25487.77
2548888,25488.88
2549002,25490.02
2549114,25491.14
2549223,25492.23
2549334,25493.34
2549447,25494.47
2549560,25495.6
2549671,25496.71
2549781,25497.81
2549891,25498.91
2549999,25499.99
2550107,25501.07
2550205,25502.05
2550300,25503.0
2550405,25504.05
2550514,25505.14
2550617,25506.17
2550716,25507.16
2550822,25508.22
2550932,25509.32
2551040,25510.4
2551140,25511.4
2551236,25512.36
2551338,25513.38
2551439,25514.39
2551541,25515.41
2551638,25516.38
2551734,25517.34
2551835,25518.35
2551942,25519.42
2552049,25520.49
2552149,25521.49
2552245,25522.45
2552342,25523.42
2552440,25524.4
2552547,25525.47
2552645,25526.45
2552743,25527.43
2552847,25528.47
2552953,25529.53
2553056,25530.56
2553153,25531.53
2553253,25532.53
2553356,25533.56
2553457,25534.57
2553551,25535.51
2553644,25536.44
2553740,25537.4
2553838,25538.38
2553932,25539.32
2554025,25540.25
2554125,25541.25
2554234,25542.34
2554351,25543.51
2554459,25544.59
2554561,25545.61
2554663,25546.63
2554765,25547.65
2554866,25548.66
2554964,25549.64
2555068,25550.68
2555172,25551.72
2555270,25552.7
2555363,25553.63
2555466,25554.66
2555574,25555.74
2555681,25556.81
2555796,25557.96
2555906,25559.06
2556011,25560.11
2556116,25561.16
2556221,25562.21
2556324,25563.24
2556420,25564.2
2556522,25565.22
2556627,25566.27
2556726,25567.26
2556824,25568.24
2556937,25569.37
2557060,25570.6
2557170,25571.7
2557265,25572.65
2557358,25573.58
2557447,25574.47
2557537,25575.37
2557624,25576.24
2557712,25577.12
2557821,25578.21
2557940,25579.4
2558052,25580.52
2558161,25581.61
2558265,25582.65
2558361,25583.61
2558456,25584.56
2558554,25585.54
2558654,25586.54
2558751,25587.51
2558847,25588.47
2558941,25589.41
2559036,25590.36
2559132,25591.32
2559230,25592.3
2559336,25593.36
2559439,25594.39
2559540,25595.4
2559639,25596.39
2559739,25597.39
2559839,25598.39
2559937,25599.37
2560031,25600.31
2560129,25601.29
2560239,25602.39
2560350,25603.5
2560453,25604.53
2560549,25605.49
2560649,25606.49
2560754,25607.54
2560854,25608.54
2560949,25609.49
2561041,25610.41
2561134,25611.34
2561241,25612.41
2561339,25613.39
2561429,25614.29
2561526,25615.26
2561621,25616.21
2561729,25617.29
2561828,25618.28
2561922,25619.22
2562015,25620.15
2562104,25621.04
2562195,25621.95
2562280,25622.8
2562365,25623.65
2562452,25624.52
2562543,25625.43
2562650,25626.5
2562753,25627.53
2562850,25628.5
2562945,25629.45
2563041,25630.41
2563129,25631.29
2563217,25632.17
2563303,25633.03
2563394,25633.94
2563502,25635.02
2563614,25636.14
2563714,25637.14
2563812,25638.12
2563908,25639.08
2564000,25640.0
2564087,25640.87
2564174,25641.74
2564272,25642.72
2564383,25643.83
2564494,25644.94
2564595,25645.95
2564689,25646.89
2564784,25647.84
2564884,25648.84
2564992,25649.92
2565093,25650.93
2565197,25651.97
2565307,25653.07
2565410,25654.1
2565504,25655.04
2565600,25656.0
2565698,25656.98
2565793,25657.93
2565883,25658.83
2565973,25659.73
2566055,25660.55
2566136,25661.36
2566214,25662.14
2566292,25662.92
2566414,25664.14
2566528,25665.28
2566651,25666.51
2566775,25667.75
2566894,25668.94
2567013,25670.13
2567128,25671.28
2567235,25672.35
2567328,25673.28
2567416,25674.16
2567508,25675.08
2567598,25675.98
2567688,25676.88
2567783,25677.83
2567880,25678.8
2567975,25679.75
2568070,25680.7
2568161,25681.61
2568262,25682.62
2568367,25683.67
2568468,25684.68
2568563,25685.63
2568654,25686.54
2568749,25687.49
2568845,25688.45
2568942,25689.42
2569042,25690.42
2569135,25691.35
2569232,25692.32
2569334,25693.34
2569435,25694.35
2569534,25695.34
2569627,25696.27
2569716,25697.16
2569811,25698.11
2569904,25699.04
2569999,25699.99
2570096,25700.96
2570197,25701.97
2570306,25703.06
2570402,25704.02
2570498,25704.98
2570607,25706.07
2570716,25707.16
2570817,25708.17
2570921,25709.21
2571031,25710.31
2571133,25711.33
2571228,25712.28
2571324,25713.24
2571419,25714.19
2571518,25715.18
2571613,25716.13
2571713,25717.13
2571816,25718.16
2571913,25719.13
2572010,25720.1
2572111,25721.11
2572219,25722.19
2572327,25723.27
2572426,25724.26
2572523,25725.23
2572621,25726.21
2572723,25727.23
2572820,25728.2
2572917,25729.17
2573021,25730.21
2573131,25731.31
2573233,25732.33
2573328,25733.28
2573430,25734.3
2573540,25735.4
2573647,25736.47
2573747,25737.47
2573844,25738.44
2573949,25739.49
2574055,25740.55
2574150,25741.5
2574243,25742.43
2574342,25743.42
2574442,25744.42
2574536,25745.36
2574631,25746.31
2574734,25747.34
2574843,25748.43
2574941,25749.41
2575038,25750.38
2575134,25751.34
2575230,25752.3
2575320,25753.2
2575409,25754.09
2575499,25754.99
2575598,25755.98
2575691,25756.91
2575779,25757.79
2575866,25758.66
2575955,25759.55
2576042,25760.42
2576129,25761.29
2576214,25762.14
2576300,25763.0
2576401,25764.01
2576498,25764.98
2576594,25765.94
2576683,25766.83
2576770,25767.7
2576860,25768.6
2576946,25769.46
2577034,25770.34
2577117,25771.17
2577199,25771.99
2577280,25772.8
2577364,25773.64
2577450,25774.5
2577542,25775.42
2577631,25776.31
2577717,25777.17
2577810,25778.1
2577904,25779.04
2577996,25779.96
2578083,25780.83
2578169,25781.69
2578262,25782.62
2578365,25783.65
2578463,25784.63
2578560,25785.6
2578655,25786.55
2578757,25787.57
2578860,25788.6
2578958,25789.58
2579056,25790.56
2579161,25791.61
2579274,25792.74
2579389,25793.89
2579494,25794.94
2579596,25795.96
2579697,25796.97
2579790,25797.9
2579887,25798.87
2580013,25800.13
2580128,25801.28
2580237,25802.37
2580341,25803.41
2580449,25804.49
2580557,25805.57
2580663,25806.63
2580767,25807.67
2580874,25808.74
2580982,25809.82
2581089,25810.89
2581193,25811.93
2581301,25813.01
2581408,25814.08
2581514,25815.14
2581619,25816.19
2581724,25817.24
2581832,25818.32
2581940,25819.4
2582048,25820.48
2582152,25821.52
2582257,25822.57
2582353,25823.53
2582439,25824.39
2582526,25825.26
2582634,25826.34
2582760,25827.6
2582877,25828.77
2582990,25829.9
2583103,25831.03
2583214,25832.14
2583322,25833.22
2583425,25834.25
2583515,25835.15
2583603,25836.03
2583696,25836.96
2583794,25837.94
2583895,25838.95
2583999,25839.99
2584122,25841.22
2584241,25842.41
2584355,25843.55
2584465,25844.65
2584576,25845.76
2584684,25846.84
2584786,25847.86
2584888,25848.88
2584984,25849.84
2585076,25850.76
2585163,25851.63
2585254,25852.54
2585351,25853.51
2585463,25854.63
2585570,25855.7
2585676,25856.76
2585781,25857.81
2585882,25858.82
2585978,25859.78
2586076,25860.76
2586177,25861.77
2586274,25862.74
2586369,25863.69
2586465,25864.65
2586568,25865.68
2586667,25866.67
2586768,25867.68
2586862,25868.62
2586965,25869.65
2587064,25870.64
2587165,25871.65
2587268,25872.68
2587365,25873.65
2587459,25874.59
2587551,25875.51
2587647,25876.47
2587750,25877.5
2587852,25878.52
2587950,25879.5
2588046,25880.46
2588143,25881.43
2588235,25882.35
2588321,25883.21
2588405,25884.05
2588488,25884.88
2588573,25885.73
2588654,25886.54
2588731,25887.31
2588807,25888.07
2588882,25888.82
2588962,25889.62
2589073,25890.73
2589184,25891.84
2589284,25892.84
2589390,25893.9
2589496,25894.96
2589601,25896.01
2589702,25897.02
2589789,25897.89
2589875,25898.75
2589960,25899.6
2590040,25900.4
2590116,25901.16
2590190,25901.9
2590264,25902.64
2590347,25903.47
2590464,25904.64
2590571,25905.71
2590675,25906.75
2590782,25907.82
2590894,25908.94
2591004,25910.04
2591113,25911.13
2591220,25912.2
2591329,25913.29
2591428,25914.28
2591523,25915.23
2591617,25916.17
2591710,25917.1
2591811,25918.11
2591905,25919.05
2591994,25919.94
2592087,25920.87
2592181,25921.81
2592287,25922.87
2592392,25923.92
2592498,25924.98
2592598,25925.98
2592702,25927.02
2592815,25928.15
2592935,25929.35
2593055,25930.55
2593166,25931.66
2593273,25932.73
2593381,25933.81
2593488,25934.88
2593593,25935.93
2593699,25936.99
2593806,25938.06
2593914,25939.14
2594020,25940.2
2594129,25941.29
2594238,25942.38
2594349,25943.49
2594455,25944.55
2594561,25945.61
2594673,25946.73
2594786,25947.86
2594898,25948.98
2595009,25950.09
2595120,25951.2
2595232,25952.32
2595340,25953.4
2595444,25954.44
2595551,25955.51
2595660,25956.6
2595767,25957.67
2595875,25958.75
2595983,25959.83
2596091,25960.91
2596196,25961.96
2596297,25962.97
2596400,25964.0
2596500,25965.0
2596597,25965.97
2596690,25966.9
2596790,25967.9
2596891,25968.91
2596989,25969.89
2597087,25970.87
2597198,25971.98
2597310,25973.1
2597411,25974.11
2597506,25975.06
2597605,25976.05
2597703,25977.03
2597797,25977.97
2597893,25978.93
2597998,25979.98
2598102,25981.02
2598202,25982.02
2598305,25983.05
2598411,25984.11
2598518,25985.18
2598621,25986.21
2598717,25987.17
2598813,25988.13
2598917,25989.17
2599022,25990.22
2599125,25991.25
2599228,25992.28
2599330,25993.3
2599438,25994.38
2599539,25995.39
2599634,25996.34
2599725,25997.25
2599824,25998.24
2599924,25999.24
2600024,26000.24
2600119,26001.19
2600211,26002.11
2600306,26003.06
2600400,26004.0
2600494,26004.94
2600585,26005.85
2600675,26006.75
2600765,26007.65
2600853,26008.53
2600941,26009.41
2601028,26010.28
2601114,26011.14
2601197,26011.97
2601282,26012.82
2601367,26013.67
2601451,26014.51
2601535,26015.35
2601626,26016.26
2601732,26017.32
2601848,26018.48
2601955,26019.55
2602056,26020.56
2602153,26021.53
2602248,26022.48
2602344,26023.44
2602440,26024.4
2602536,26025.36
2602643,26026.43
2602758,26027.58
2602872,26028.72
2602981,26029.81
2603087,26030.87
2603185,26031.85
2603279,26032.79
2603373,26033.73
2603472,26034.72
2603579,26035.79
2603680,26036.8
2603777,26037.77
2603882,26038.82
2603989,26039.89
2604087,26040.87
2604185,26041.85
2604280,26042.8
2604377,26043.77
2604470,26044.7
2604562,26045.62
2604655,26046.55
2604758,26047.58
2604868,26048.68
2604978,26049.78
2605079,26050.79
2605174,26051.74
2605270,26052.7
2605365,26053.65
2605462,26054.62
2605555,26055.55
2605646,26056.46
2605748,26057.48
2605855,26058.55
2605956,26059.56
2606051,26060.51
2606151,26061.51
2606253,26062.53
2606358,26063.58
2606451,26064.51
2606535,26065.35
2606619,26066.19
2606698,26066.98
2606775,26067.75
2606864,26068.64
2606990,26069.9
2607109,26071.09
2607230,26072.3
2607346,26073.46
2607460,26074.6
2607573,26075.73
2607674,26076.74
2607766,26077.66
2607853,26078.53
2607941,26079.41
2608032,26080.32
2608128,26081.28
2608221,26082.21
2608310,26083.1
2608403,26084.03
2608505,26085.05
2608607,26086.07
2608711,26087.11
2608807,26088.07
2608902,26089.02
2608998,26089.98
2609094,26090.94
2609186,26091.86
2609280,26092.8
2609376,26093.76
2609473,26094.73
2609568,26095.68
2609670,26096.7
2609775,26097.75
2609880,26098.8
2609977,26099.77
2610071,26100.71
2610168,26101.68
2610269,26102.69
2610375,26103.75
2610473,26104.73
2610569,26105.69
2610671,26106.71
2610777,26107.77
2610878,26108.78
2610980,26109.8
2611089,26110.89
2611195,26111.95
2611297,26112.97
2611403,26114.03
2611508,26115.08
2611605,26116.05
2611710,26117.1
2611821,26118.21
2611925,26119.25
2612029,26120.29
2612128,26121.28
2612222,26122.22
2612321,26123.21
2612427,26124.27
2612528,26125.28
2612626,26126.26
2612732,26127.32
2612844,26128.44
2612957,26129.57
2613063,26130.63
2613163,26131.63
2613265,26132.65
2613365,26133.65
2613465,26134.65
2613561,26135.61
2613666,26136.66
2613774,26137.74
2613882,26138.82
2613982,26139.82
2614088,26140.88
2614195,26141.95
2614295,26142.95
2614388,26143.88
2614484,26144.84
2614581,26145.81
2614682,26146.82
2614780,26147.8
2614880,26148.8
2614981,26149.81
2615082,26150.82
2615176,26151.76
2615269,26152.69
2615366,26153.66
2615461,26154.61
2615555,26155.55
2615648,26156.48
2615744,26157.44
2615850,26158.5
2615949,26159.49
2616049,26160.49
2616151,26161.51
2616250,26162.5
2616345,26163.45
2616441,26164.41
2616539,26165.39
2616634,26166.34
2616726,26167.26
2616814,26168.14
2616907,26169.07
2617003,26170.03
2617099,26170.99
2617190,26171.9
2617282,26172.82
2617375,26173.75
2617468,26174.68
2617561,26175.61
2617649,26176.49
2617736,26177.36
2617824,26178.24
2617911,26179.11
2618006,26180.06
2618095,26180.95
2618183,26181.83
2618278,26182.78
2618376,26183.76
2618473,26184.73
2618565,26185.65
2618654,26186.54
2618747,26187.47
2618838,26188.38
2618926,26189.26
2619013,26190.13
2619104,26191.04
2619197,26191.97
2619294,26192.94
2619388,26193.88
2619478,26194.78
2619573,26195.73
2619674,26196.74
2619775,26197.75
2619865,26198.65
2619958,26199.58
2620051,26200.51
2620147,26201.47
2620248,26202.48
2620348,26203.48
2620456,26204.56
2620566,26205.66
2620673,26206.73
2620770,26207.7
2620864,26208.64
2620965,26209.65
2621063,26210.63
2621158,26211.58
2621253,26212.53
2621348,26213.48
2621452,26214.52
2621557,26215.57
2621657,26216.57
2621751,26217.51
2621852,26218.52
2621959,26219.59
2622059,26220.59
2622154,26221.54
2622250,26222.5
2622351,26223.51
2622447,26224.47
2622539,26225.39
2622634,26226.34
2622731,26227.31
2622825,26228.25
2622917,26229.17
2623016,26230.16
2623119,26231.19
2623219,26232.19
2623313,26233.13
2623404,26234.04
2623498,26234.98
2623592,26235.92
2623683,26236.83
2623774,26237.74
2623868,26238.68
2623991,26239.91
2624113,26241.13
2624224,26242.24
2624330,26243.3
2624436,26244.36
2624542,26245.42
2624637,26246.37
2624725,26247.25
2624817,26248.17
2624911,26249.11
2625007,26250.07
2625098,26250.98
2625200,26252.0
2625301,26253.01
2625401,26254.01
2625493,26254.93
2625582,26255.82
2625672,26256.72
2625762,26257.62
2625850,26258.5
2625936,26259.36
2626024,26260.24
2626115,26261.15
2626213,26262.13
2626309,26263.09
2626397,26263.97
2626485,26264.85
2626570,26265.7
2626657,26266.57
2626756,26267.56
2626851,26268.51
2626942,26269.42
2627031,26270.31
2627120,26271.2
2627212,26272.12
2627302,26273.02
2627390,26273.9
2627485,26274.85
2627586,26275.86
2627694,26276.94
2627788,26277.88
2627881,26278.81
2627974,26279.74
2628067,26280.67
2628167,26281.67
2628276,26282.76
2628377,26283.77
2628476,26284.76
2628583,26285.83
2628689,26286.89
2628793,26287.93
2628894,26288.94
2628992,26289.92
2629090,26290.9
2629180,26291.8
2629266,26292.66
2629351,26293.51
2629437,26294.37
2629526,26295.26
2629614,26296.14
2629710,26297.1
2629809,26298.09
2629906,26299.06
2630000,26300.0
2630095,26300.95
2630193,26301.93
2630288,26302.88
2630384,26303.84
2630481,26304.81
2630583,26305.83
2630675,26306.75
2630767,26307.67
2630864,26308.64
2630961,26309.61
2631056,26310.56
2631154,26311.54
2631262,26312.62
2631365,26313.65
2631463,26314.63
2631557,26315.57
2631655,26316.55
2631752,26317.52
2631847,26318.47
2631940,26319.4
2632031,26320.31
2632133,26321.33
2632230,26322.3
2632322,26323.22
2632411,26324.11
2632506,26325.06
2632598,26325.98
2632688,26326.88
2632776,26327.76
2632869,26328.69
2632963,26329.63
2633056,26330.56
2633147,26331.47
2633240,26332.4
2633333,26333.33
2633430,26334.3
2633521,26335.21
2633610,26336.1
2633706,26337.06
2633799,26337.99
2633897,26338.97
2633989,26339.89
2634082,26340.82
2634181,26341.81
2634280,26342.8
2634379,26343.79
2634472,26344.72
2634563,26345.63
2634657,26346.57
2634751,26347.51
2634844,26348.44
2634935,26349.35
2635028,26350.28
2635123,26351.23
2635217,26352.17
2635309,26353.09
2635405,26354.05
2635503,26355.03
2635599,26355.99
2635689,26356.89
2635783,26357.83
2635876,26358.76
2635970,26359.7
2636059,26360.59
2636148,26361.48
2636240,26362.4
2636334,26363.34
2636429,26364.29
2636522,26365.22
2636613,26366.13
2636710,26367.1
2636808,26368.08
2636902,26369.02
2636991,26369.91
2637081,26370.81
2637171,26371.71
2637264,26372.64
2637353,26373.53
2637438,26374.38
2637520,26375.2
2637601,26376.01
2637679,26376.79
2637757,26377.57
2637834,26378.34
2637909,26379.09
2637983,26379.83
2638058,26380.58
2638138,26381.38
2638242,26382.42
2638347,26383.47
2638446,26384.46
2638549,26385.49
2638653,26386.53
2638752,26387.52
2638844,26388.44
2638932,26389.32
2639025,26390.25
2639115,26391.15
2639206,26392.06
2639295,26392.95
2639383,26393.83
2639471,26394.71
2639561,26395.61
2639653,26396.53
2639749,26397.49
2639842,26398.42
2639933,26399.33
2640020,26400.2
2640112,26401.12
2640210,26402.1
2640309,26403.09
2640404,26404.04
2640495,26404.95
2640581,26405.81
2640673,26406.73
2640765,26407.65
2640858,26408.58
2640950,26409.5
2641045,26410.45
2641137,26411.37
2641238,26412.38
2641341,26413.41
2641439,26414.39
2641534,26415.34
2641631,26416.31
2641730,26417.3
2641829,26418.29
2641923,26419.23
2642015,26420.15
2642110,26421.1
2642208,26422.08
2642305,26423.05
2642398,26423.98
2642488,26424.88
2642583,26425.83
2642677,26426.77
2642774,26427.74
2642865,26428.65
2642956,26429.56
2643052,26430.52
2643150,26431.5
2643246,26432.46
2643339,26433.39
2643436,26434.36
2643532,26435.32
2643631,26436.31
2643727,26437.27
2643821,26438.21
2643911,26439.11
2644004,26440.04
2644096,26440.96
2644190,26441.9
2644285,26442.85
2644373,26443.73
2644461,26444.61
2644555,26445.55
2644661,26446.61
2644763,26447.63
2644859,26448.59
2644963,26449.63
2645068,26450.68
2645170,26451.7
2645267,26452.67
2645360,26453.6
2645450,26454.5
2645546,26455.46
2645639,26456.39
2645727,26457.27
2645814,26458.14
2645901,26459.01
2645991,26459.91
2646079,26460.79
2646177,26461.77
2646270,26462.7
2646367,26463.67
2646470,26464.7
2646578,26465.78
2646684,26466.84
2646780,26467.8
2646874,26468.74
2646965,26469.65
2647058,26470.58
2647155,26471.55
2647254,26472.54
2647350,26473.5
2647445,26474.45
2647547,26475.47
2647652,26476.52
2647757,26477.57
2647859,26478.59
2647954,26479.54
2648051,26480.51
2648155,26481.55
2648258,26482.58
2648357,26483.57
2648454,26484.54
2648559,26485.59
2648663,26486.63
2648756,26487.56
2648852,26488.52
2648952,26489.52
2649056,26490.56
2649153,26491.53
2649249,26492.49
2649340,26493.4
2649439,26494.39
2649537,26495.37
2649632,26496.32
2649724,26497.24
2649823,26498.23
2649925,26499.25
2650024,26500.24
2650120,26501.2
2650215,26502.15
2650316,26503.16
2650419,26504.19
2650512,26505.12
2650604,26506.04
2650700,26507.0
2650797,26507.97
2650891,26508.91
2650982,26509.82
2651076,26510.76
2651173,26511.73
2651268,26512.68
2651358,26513.58
2651453,26514.53
2651548,26515.48
2651648,26516.48
2651741,26517.41
2651836,26518.36
2651940,26519.4
2652045,26520.45
2652143,26521.43
2652237,26522.37
2652332,26523.32
2652427,26524.27
2652516,26525.16
2652603,26526.03
2652691,26526.91
2652778,26527.78
2652874,26528.74
2652966,26529.66
2653055,26530.55
2653143,26531.43
2653240,26532.4
2653336,26533.36
2653430,26534.3
2653520,26535.2
2653615,26536.15
2653710,26537.1
2653801,26538.01
2653891,26538.91
2653984,26539.84
2654077,26540.77
2654169,26541.69
2654257,26542.57
2654347,26543.47
2654440,26544.4
2654537,26545.37
2654630,26546.3
2654719,26547.19
2654807,26548.07
2654899,26548.99
2654995,26549.95
2655089,26550.89
2655177,26551.77
2655266,26552.66
2655349,26553.49
2655430,26554.3
2655510,26555.1
2655589,26555.89
2655674,26556.74
2655784,26557.84
2655895,26558.95
2655999,26559.99
2656107,26561.07
2656215,26562.15
2656321,26563.21
2656423,26564.23
2656524,26565.24
2656614,26566.14
2656696,26566.96
2656776,26567.76
2656854,26568.54
2656936,26569.36
2657039,26570.39
2657152,26571.52
2657260,26572.6
2657359,26573.59
2657455,26574.55
2657548,26575.48
2657640,26576.4
2657729,26577.29
2657814,26578.14
2657900,26579.0
2657993,26579.93
2658085,26580.85
2658186,26581.86
2658279,26582.79
2658371,26583.71
2658467,26584.67
2658567,26585.67
2658670,26586.7
2658769,26587.69
2658866,26588.66
2658967,26589.67
2659069,26590.69
2659169,26591.69
2659263,26592.63
2659355,26593.55
2659443,26594.43
2659530,26595.3
2659618,26596.18
2659708,26597.08
2659802,26598.02
2659896,26598.96
2659987,26599.87
2660084,26600.84
2660181,26601.81
2660278,26602.78
2660373,26603.73
2660468,26604.68
2660572,26605.72
2660675,26606.75
2660770,26607.7
2660864,26608.64
2660965,26609.65
2661067,26610.67
2661166,26611.66
2661265,26612.65
2661371,26613.71
2661473,26614.73
2661574,26615.74
2661664,26616.64
2661753,26617.53
2661844,26618.44
2661939,26619.39
2662042,26620.42
2662136,26621.36
2662237,26622.37
2662333,26623.33
2662430,26624.3
2662520,26625.2
2662610,26626.1
2662703,26627.03
2662801,26628.01
2662902,26629.02
2662996,26629.96
2663086,26630.86
2663180,26631.8
2663274,26632.74
2663368,26633.68
2663460,26634.6
2663549,26635.49
2663645,26636.45
2663749,26637.49
2663848,26638.48
2663941,26639.41
2664036,26640.36
2664134,26641.34
2664233,26642.33
2664331,26643.31
2664427,26644.27
2664519,26645.19
2664611,26646.11
2664704,26647.04
2664799,26647.99
2664887,26648.87
2664971,26649.71
2665053,26650.53
2665132,26651.32
2665210,26652.1
2665292,26652.92
2665391,26653.91
2665518,26655.18
2665632,26656.32
2665739,26657.39
2665844,26658.44
2665952,26659.52
2666059,26660.59
2666159,26661.59
2666248,26662.48
2666338,26663.38
2666425,26664.25
2666518,26665.18
2666611,26666.11
2666700,26667.0
2666790,26667.9
2666887,26668.87
2666983,26669.83
2667080,26670.8
2667178,26671.78
2667274,26672.74
2667369,26673.69
2667458,26674.58
2667555,26675.55
2667652,26676.52
2667745,26677.45
2667829,26678.29
2667912,26679.12
2667995,26679.95
2668095,26680.95
2668209,26682.09
2668315,26683.15
2668417,26684.17
2668513,26685.13
2668610,26686.1
2668701,26687.01
2668791,26687.91
2668888,26688.88
2668999,26689.99
2669109,26691.09
2669214,26692.14
2669313,26693.13
2669407,26694.07
2669505,26695.05
2669606,26696.06
2669703,26697.03
2669799,26697.99
2669896,26698.96
2669996,26699.96
2670100,26701.0
2670196,26701.96
2670290,26702.9
2670394,26703.94
2670503,26705.03
2670610,26706.1
2670713,26707.13
2670811,26708.11
2670914,26709.14
2671016,26710.16
2671120,26711.2
2671215,26712.15
2671308,26713.08
2671407,26714.07
2671528,26715.28
2671649,26716.49
2671761,26717.61
2671872,26718.72
2671985,26719.85
2672099,26720.99
2672209,26722.09
2672316,26723.16
2672426,26724.26
2672534,26725.34
2672639,26726.39
2672738,26727.38
2672838,26728.38
2672944,26729.44
2673059,26730.59
2673165,26731.65
2673262,26732.62
2673361,26733.61
2673459,26734.59
2673558,26735.58
2673655,26736.55
2673749,26737.49
2673859,26738.59
2673969,26739.69
2674074,26740.74
2674174,26741.74
2674285,26742.85
2674402,26744.02
2674513,26745.13
2674615,26746.15
2674710,26747.1
2674811,26748.11
2674915,26749.15
2675020,26750.2
2675121,26751.21
2675227,26752.27
2675338,26753.38
2675451,26754.51
2675558,26755.58
2675656,26756.56
2675757,26757.57
2675860,26758.6
2675960,26759.6
2676057,26760.57
2676157,26761.57
2676267,26762.67
2676378,26763.78
2676480,26764.8
2676576,26765.76
2676688,26766.88
2676800,26768.0
2676916,26769.16
2677019,26770.19
2677120,26771.2
2677217,26772.17
2677312,26773.12
2677399,26773.99
2677490,26774.9
2677580,26775.8
2677671,26776.71
2677771,26777.71
2677878,26778.78
2677981,26779.81
2678080,26780.8
2678181,26781.81
2678283,26782.83
2678384,26783.84
2678483,26784.83
2678588,26785.88
2678695,26786.95
2678804,26788.04
2678909,26789.09
2679014,26790.14
2679124,26791.24
2679235,26792.35
2679341,26793.41
2679446,26794.46
2679554,26795.54
2679662,26796.62
2679769,26797.69
2679873,26798.73
2679978,26799.78
2680083,26800.83
2680184,26801.84
2680285,26802.85
2680394,26803.94
2680499,26804.99
2680599,26805.99
2680701,26807.01
2680802,26808.02
2680902,26809.02
2681004,26810.04
2681106,26811.06
2681206,26812.06
2681305,26813.05
2681401,26814.01
2681499,26814.99
2681598,26815.98
2681694,26816.94
2681793,26817.93
2681907,26819.07
2682021,26820.21
2682132,26821.32
2682227,26822.27
2682318,26823.18
2682409,26824.09
2682510,26825.1
2682610,26826.1
2682705,26827.05
2682811,26828.11
2682915,26829.15
2683020,26830.2
2683118,26831.18
2683217,26832.17
2683313,26833.13
2683405,26834.05
2683499,26834.99
2683591,26835.91
2683679,26836.79
2683767,26837.67
2683861,26838.61
2683959,26839.59
2684058,26840.58
2684157,26841.57
2684252,26842.52
2684346,26843.46
2684439,26844.39
2684530,26845.3
2684617,26846.17
2684701,26847.01
2684784,26847.84
2684868,26848.68
2684951,26849.51
2685035,26850.35
2685123,26851.23
2685212,26852.12
2685310,26853.1
2685406,26854.06
2685502,26855.02
2685590,26855.9
2685674,26856.74
2685758,26857.58
2685839,26858.39
2685918,26859.18
2685994,26859.94
2686068,26860.68
2686143,26861.43
2686218,26862.18
2686296,26862.96
2686378,26863.78
2686468,26864.68
2686581,26865.81
2686695,26866.95
2686800,26868.0
2686903,26869.03
2687006,26870.06
2687111,26871.11
2687209,26872.09
2687299,26872.99
2687390,26873.9
2687481,26874.81
2687574,26875.74
2687685,26876.85
2687798,26877.98
2687920,26879.2
2688032,26880.32
2688137,26881.37
2688242,26882.42
2688342,26883.42
2688441,26884.41
2688536,26885.36
2688628,26886.28
2688716,26887.16
2688805,26888.05
2688889,26888.89
2688970,26889.7
2689051,26890.51
2689136,26891.36
2689250,26892.5
2689356,26893.56
2689472,26894.72
2689577,26895.77
2689682,26896.82
2689784,26897.84
2689876,26898.76
2689964,26899.64
2690055,26900.55
2690153,26901.53
2690255,26902.55
2690359,26903.59
2690457,26904.57
2690552,26905.52
2690652,26906.52
2690751,26907.51
2690850,26908.5
2690945,26909.45
2691041,26910.41
2691143,26911.43
2691254,26912.54
2691360,26913.6
2691460,26914.6
2691557,26915.57
2691657,26916.57
2691756,26917.56
2691851,26918.51
2691945,26919.45
2692038,26920.38
2692138,26921.38
2692243,26922.43
2692339,26923.39
2692429,26924.29
2692520,26925.2
2692615,26926.15
2692714,26927.14
2692817,26928.17
2692913,26929.13
2693009,26930.09
2693115,26931.15
2693219,26932.19
2693320,26933.2
2693417,26934.17
2693513,26935.13
2693614,26936.14
2693714,26937.14
2693810,26938.1
2693903,26939.03
2693996,26939.96
2694093,26940.93
2694196,26941.96
2694296,26942.96
2694391,26943.91
2694483,26944.83
2694580,26945.8
2694679,26946.79
2694777,26947.77
2694871,26948.71
2694960,26949.6
2695054,26950.54
2695146,26951.46
2695243,26952.43
2695333,26953.33
2695420,26954.2
2695511,26955.11
2695602,26956.02
2695697,26956.97
2695791,26957.91
2695882,26958.82
2695980,26959.8
2696077,26960.77
2696168,26961.68
2696255,26962.55
2696341,26963.41
2696428,26964.28
2696509,26965.09
2696589,26965.89
2696676,26966.76
2696767,26967.67
2696850,26968.5
2696940,26969.4
2697038,26970.38
2697143,26971.43
2697238,26972.38
2697329,26973.29
2697424,26974.24
2697513,26975.13
2697607,26976.07
2697697,26976.97
2697786,26977.86
2697882,26978.82
2697984,26979.84
2698091,26980.91
2698198,26981.98
2698295,26982.95
2698395,26983.95
2698494,26984.94
2698594,26985.94
2698690,26986.9
2698786,26987.86
2698889,26988.89
2698989,26989.89
2699084,26990.84
2699177,26991.77
2699277,26992.77
2699376,26993.76
2699472,26994.72
2699566,26995.66
2699663,26996.63
2699765,26997.65
2699865,26998.65
2699955,26999.55
2700044,27000.44
2700131,27001.31
2700234,27002.34
2700348,27003.48
2700471,27004.71
2700583,27005.83
2700689,27006.89
2700792,27007.92
2700887,27008.87
2700978,27009.78
2701067,27010.67
2701161,27011.61
2701256,27012.56
2701359,27013.59
2701453,27014.53
2701546,27015.46
2701648,27016.48
2701748,27017.48
2701847,27018.47
2701941,27019.41
2702031,27020.31
2702128,27021.28
2702229,27022.29
2702330,27023.3
2702424,27024.24
2702515,27025.15
2702614,27026.14
2702714,27027.14
2702809,27028.09
2702898,27028.98
2702986,27029.86
2703077,27030.77
2703170,27031.7
2703267,27032.67
2703360,27033.6
2703458,27034.58
2703561,27035.61
2703661,27036.61
2703755,27037.55
2703846,27038.46
2703938,27039.38
2704028,27040.28
2704121,27041.21
2704207,27042.07
2704292,27042.92
2704385,27043.85
2704483,27044.83
2704588,27045.88
2704684,27046.84
2704779,27047.79
2704881,27048.81
2704990,27049.9
2705096,27050.96
2705194,27051.94
2705290,27052.9
2705390,27053.9
2705491,27054.91
2705586,27055.86
2705683,27056.83
2705785,27057.85
2705887,27058.87
2705983,27059.83
2706074,27060.74
2706166,27061.66
2706255,27062.55
2706345,27063.45
2706431,27064.31
2706525,27065.25
2706625,27066.25
2706742,27067.42
2706859,27068.59
2706965,27069.65
2707066,27070.66
2707163,27071.63
2707256,27072.56
2707353,27073.53
2707446,27074.46
2707540,27075.4
2707643,27076.43
2707745,27077.45
2707852,27078.52
2707950,27079.5
2708042,27080.42
2708131,27081.31
2708216,27082.16
2708301,27083.01
2708386,27083.86
2708480,27084.8
2708609,27086.09
2708731,27087.31
2708841,27088.41
2708948,27089.48
2709056,27090.56
2709163,27091.63
2709265,27092.65
2709365,27093.65
2709451,27094.51
2709532,27095.32
2709608,27096.08
2709693,27096.93
2709815,27098.15
2709937,27099.37
2710047,27100.47
2710162,27101.62
2710278,27102.78
2710394,27103.94
2710509,27105.09
2710621,27106.21
2710727,27107.27
2710838,27108.38
2710948,27109.48
2711057,27110.57
2711165,27111.65
2711270,27112.7
2711374,27113.74
2711482,27114.82
2711591,27115.91
2711702,27117.02
2711810,27118.1
2711917,27119.17
2712030,27120.3
2712138,27121.38
2712245,27122.45
2712351,27123.51
2712459,27124.59
2712567,27125.67
2712673,27126.73
2712777,27127.77
2712887,27128.87
2712995,27129.95
2713104,27131.04
2713213,27132.13
2713322,27133.22
2713430,27134.3
2713536,27135.36
2713642,27136.42
2713751,27137.51
2713857,27138.57
2713960,27139.6
2714068,27140.68
2714175,27141.75
2714279,27142.79
2714382,27143.82
2714489,27144.89
2714594,27145.94
2714700,27147.0
2714801,27148.01
2714904,27149.04
2715011,27150.11
2715119,27151.19
2715226,27152.26
2715330,27153.3
2715437,27154.37
2715542,27155.42
2715645,27156.45
2715748,27157.48
2715850,27158.5
2715957,27159.57
2716067,27160.67
2716173,27161.73
2716266,27162.66
2716359,27163.59
2716452,27164.52
2716544,27165.44
2716632,27166.32
2716715,27167.15
2716801,27168.01
2716889,27168.89
2716989,27169.89
2717084,27170.84
2717177,27171.77
2717270,27172.7
2717364,27173.64
2717458,27174.58
2717552,27175.52
2717646,27176.46
2717744,27177.44
2717855,27178.55
2717971,27179.71
2718081,27180.81
2718183,27181.83
2718288,27182.88
2718397,27183.97
2718507,27185.07
2718616,27186.16
2718722,27187.22
2718839,27188.39
2718948,27189.48
2719054,27190.54
2719161,27191.61
2719268,27192.68
2719377,27193.77
2719482,27194.82
2719589,27195.89
2719702,27197.02
2719816,27198.16
2719927,27199.27
2720036,27200.36
2720147,27201.47
2720259,27202.59
2720366,27203.66
2720472,27204.72
2720581,27205.81
2720691,27206.91
2720797,27207.97
2720899,27208.99
2720997,27209.97
2721089,27210.89
2721181,27211.81
2721279,27212.79
2721399,27213.99
2721520,27215.2
2721626,27216.26
2721722,27217.22
2721819,27218.19
2721917,27219.17
2722014,27220.14
2722109,27221.09
2722208,27222.08
2722314,27223.14
2722418,27224.18
2722519,27225.19
2722615,27226.15
2722722,27227.22
2722835,27228.35
2722942,27229.42
2723041,27230.41
2723144,27231.44
2723248,27232.48
2723345,27233.45
2723441,27234.41
2723532,27235.32
2723629,27236.29
2723723,27237.23
2723828,27238.28
2723914,27239.14
2723996,27239.96
2724074,27240.74
2724150,27241.5
2724224,27242.24
2724295,27242.95
2724363,27243.63
2724432,27244.32
2724501,27245.01
2724570,27245.7
2724639,27246.39
2724707,27247.07
2724776,27247.76
2724843,27248.43
2724911,27249.11
2724980,27249.8
2725049,27250.49
2725118,27251.18
2725189,27251.89
2725262,27252.62
2725338,27253.38
2725415,27254.15
2725491,27254.91
2725571,27255.71
2725654,27256.54
2725744,27257.44
2725840,27258.4
2725939,27259.39
2726033,27260.33
2726124,27261.24
2726227,27262.27
2726335,27263.35
2726452,27264.52
2726567,27265.67
2726674,27266.74
2726786,27267.86
2726908,27269.08
2727023,27270.23
2727125,27271.25
2727225,27272.25
2727351,27273.51
2727470,27274.7
2727584,27275.84
2727695,27276.95
2727811,27278.11
2727927,27279.27
2728041,27280.41
2728153,27281.53
2728262,27282.62
2728362,27283.62
2728460,27284.6
2728561,27285.61
2728663,27286.63
2728782,27287.82
2728900,27289.0
2729016,27290.16
2729132,27291.32
2729245,27292.45
2729358,27293.58
2729474,27294.74
2729590,27295.9
2729702,27297.02
2729805,27298.05
2729895,27298.95
2729999,27299.99
2730127,27301.27
2730242,27302.42
2730357,27303.57
2730478,27304.78
2730597,27305.97
2730711,27307.11
2730823,27308.23
2730936,27309.36
2731048,27310.48
2731158,27311.58
2731262,27312.62
2731354,27313.54
2731440,27314.4
2731543,27315.43
2731656,27316.56
2731777,27317.77
2731892,27318.92
2732008,27320.08
2732123,27321.23
2732236,27322.36
2732349,27323.49
2732464,27324.64
2732578,27325.78
2732689,27326.89
2732800,27328.0
2732912,27329.12
2733023,27330.23
2733130,27331.3
2733237,27332.37
2733345,27333.45
2733452,27334.52
2733555,27335.55
2733656,27336.56
2733762,27337.62
2733868,27338.68
2733975,27339.75
2734080,27340.8
2734184,27341.84
2734293,27342.93
2734401,27344.01
2734505,27345.05
2734609,27346.09
2734715,27347.15
2734827,27348.27
2734932,27349.32
2735035,27350.35
2735144,27351.44
2735254,27352.54
2735359,27353.59
2735462,27354.62
2735568,27355.68
2735671,27356.71
2735774,27357.74
2735870,27358.7
2735956,27359.56
2736050,27360.5
2736157,27361.57
2736271,27362.71
2736377,27363.77
2736469,27364.69
2736569,27365.69
2736661,27366.61
2736743,27367.43
2736821,27368.21
2736898,27368.98
2736977,27369.77
2737094,27370.94
2737210,27372.1
2737324,27373.24
2737440,27374.4
2737556,27375.56
2737669,27376.69
2737781,27377.81
2737894,27378.94
2738004,27380.04
2738110,27381.1
2738213,27382.13
2738324,27383.24
2738434,27384.34
2738542,27385.42
2738650,27386.5
2738763,27387.63
2738876,27388.76
2738982,27389.82
2739085,27390.85
2739193,27391.93
2739301,27393.01
2739409,27394.09
2739516,27395.16
2739624,27396.24
2739737,27397.37
2739848,27398.48
2739955,27399.55
2740060,27400.6
2740169,27401.69
2740280,27402.8
2740390,27403.9
2740495,27404.95
2740601,27406.01
2740710,27407.1
2740820,27408.2
2740924,27409.24
2741026,27410.26
2741135,27411.35
2741246,27412.46
2741356,27413.56
2741464,27414.64
2741577,27415.77
2741688,27416.88
2741793,27417.93
2741898,27418.98
2742001,27420.01
2742094,27420.94
2742181,27421.81
2742274,27422.74
2742380,27423.8
2742504,27425.04
2742618,27426.18
2742726,27427.26
2742832,27428.32
2742938,27429.38
2743041,27430.41
2743142,27431.42
2743246,27432.46
2743353,27433.53
2743462,27434.62
2743566,27435.66
2743671,27436.71
2743774,27437.74
2743878,27438.78
2743980,27439.8
2744081,27440.81
2744177,27441.77
2744269,27442.69
2744360,27443.6
2744461,27444.61
2744557,27445.57
2744663,27446.63
2744788,27447.88
2744904,27449.04
2745017,27450.17
2745124,27451.24
2745232,27452.32
2745338,27453.38
2745444,27454.44
2745540,27455.4
2745630,27456.3
2745731,27457.31
2745835,27458.35
2745941,27459.41
2746042,27460.42
2746139,27461.39
2746237,27462.37
2746338,27463.38
2746448,27464.48
2746549,27465.49
2746645,27466.45
2746741,27467.41
2746841,27468.41
2746955,27469.55
2747057,27470.57
2747152,27471.52
2747244,27472.44
2747337,27473.37
2747436,27474.36
2747530,27475.3
2747617,27476.17
2747705,27477.05
2747822,27478.22
2747939,27479.39
2748045,27480.45
2748150,27481.5
2748258,27482.58
2748366,27483.66
2748470,27484.7
2748575,27485.75
2748684,27486.84
2748794,27487.94
2748901,27489.01
2749005,27490.05
2749109,27491.09
2749219,27492.19
2749328,27493.28
2749434,27494.34
2749539,27495.39
2749645,27496.45
2749746,27497.46
2749846,27498.46
2749937,27499.37
2750021,27500.21
2750104,27501.04
2750187,27501.87
2750273,27502.73
2750396,27503.96
2750515,27505.15
2750632,27506.32
2750745,27507.45
2750855,27508.55
2750965,27509.65
2751063,27510.63
2751149,27511.49
2751230,27512.3
2751309,27513.09
2751390,27513.9
2751516,27515.16
2751639,27516.39
2751755,27517.55
2751873,27518.73
2751992,27519.92
2752105,27521.05
2752216,27522.16
2752322,27523.22
2752424,27524.24
2752532,27525.32
2752634,27526.34
2752731,27527.31
2752846,27528.46
2752964,27529.64
2753073,27530.73
2753171,27531.71
2753275,27532.75
2753381,27533.81
2753488,27534.88
2753584,27535.84
2753675,27536.75
2753777,27537.77
2753887,27538.87
2753997,27539.97
2754107,27541.07
2754223,27542.23
2754324,27543.24
2754419,27544.19
2754514,27545.14
2754620,27546.2
2754729,27547.29
2754834,27548.34
2754930,27549.3
2755033,27550.33
2755150,27551.5
2755264,27552.64
2755367,27553.67
2755468,27554.68
2755567,27555.67
2755667,27556.67
2755762,27557.62
2755853,27558.53
2755949,27559.49
2756055,27560.55
2756162,27561.62
2756256,27562.56
2756348,27563.48
2756448,27564.48
2756547,27565.47
2756646,27566.46
2756740,27567.4
2756829,27568.29
2756938,27569.38
2757059,27570.59
2757169,27571.69
2757275,27572.75
2757383,27573.83
2757488,27574.88
2757592,27575.92
2757692,27576.92
2757793,27577.93
2757900,27579.0
2758007,27580.07
2758111,27581.11
2758213,27582.13
2758319,27583.19
2758426,27584.26
2758530,27585.3
2758631,27586.31
2758731,27587.31
2758835,27588.35
2758936,27589.36
2759030,27590.3
2759115,27591.15
2759199,27591.99
2759283,27592.83
2759379,27593.79
2759503,27595.03
2759620,27596.2
2759728,27597.28
2759840,27598.4
2759954,27599.54
2760067,27600.67
2760175,27601.75
2760283,27602.83
2760395,27603.95
2760507,27605.07
2760620,27606.2
2760729,27607.29
2760838,27608.38
2760952,27609.52
2761067,27610.67
2761179,27611.79
2761287,27612.87
2761398,27613.98
2761512,27615.12
2761624,27616.24
2761733,27617.33
2761839,27618.39
2761950,27619.5
2762060,27620.6
2762168,27621.68
2762272,27622.72
2762379,27623.79
2762481,27624.81
2762565,27625.65
2762645,27626.45
2762723,27627.23
2762805,27628.05
2762929,27629.29
2763053,27630.53
2763167,27631.67
2763281,27632.81
2763397,27633.97
2763511,27635.11
2763622,27636.22
2763717,27637.17
2763813,27638.13
2763913,27639.13
2764016,27640.16
2764109,27641.09
2764204,27642.04
2764296,27642.96
2764421,27644.21
2764538,27645.38
2764649,27646.49
2764757,27647.57
2764863,27648.63
2764960,27649.6
2765052,27650.52
2765140,27651.4
2765228,27652.28
2765347,27653.47
2765466,27654.66
2765578,27655.78
2765685,27656.85
2765796,27657.96
2765908,27659.08
2766020,27660.2
2766125,27661.25
2766229,27662.29
2766338,27663.38
2766447,27664.47
2766554,27665.54
2766660,27666.6
2766767,27667.67
2766877,27668.77
2766986,27669.86
2767091,27670.91
2767193,27671.93
2767301,27673.01
2767410,27674.1
2767518,27675.18
2767623,27676.23
2767725,27677.25
2767834,27678.34
2767944,27679.44
2768052,27680.52
2768156,27681.56
2768259,27682.59
2768364,27683.64
2768459,27684.59
2768566,27685.66
2768672,27686.72
2768771,27687.71
2768889,27688.89
2769007,27690.07
2769113,27691.13
2769211,27692.11
2769305,27693.05
2769408,27694.08
2769514,27695.14
2769619,27696.19
2769719,27697.19
2769817,27698.17
2769928,27699.28
2770038,27700.38
2770146,27701.46
2770245,27702.45
2770342,27703.42
2770451,27704.51
2770564,27705.64
2770673,27706.73
2770774,27707.74
2770875,27708.75
2770981,27709.81
2771086,27710.86
2771181,27711.81
2771273,27712.73
2771379,27713.79
2771485,27714.85
2771594,27715.94
2771691,27716.91
2771785,27717.85
2771892,27718.92
2772009,27720.09
2772126,27721.26
2772232,27722.32
2772344,27723.44
2772457,27724.57
2772570,27725.7
2772678,27726.78
2772789,27727.89
2772901,27729.01
2773011,27730.11
2773116,27731.16
2773217,27732.17
2773312,27733.12
2773406,27734.06
2773514,27735.14
2773616,27736.16
2773717,27737.17
2773842,27738.42
2773955,27739.55
2774063,27740.63
2774163,27741.63
2774253,27742.53
2774344,27743.44
2774443,27744.43
2774535,27745.35
2774624,27746.24
2774743,27747.43
2774855,27748.55
2774959,27749.59
2775059,27750.59
2775163,27751.63
2775266,27752.66
2775364,27753.64
2775461,27754.61
2775561,27755.61
2775660,27756.6
2775764,27757.64
2775859,27758.59
2775951,27759.51
2776050,27760.5
2776147,27761.47
2776240,27762.4
2776327,27763.27
2776417,27764.17
2776517,27765.17
2776617,27766.17
2776710,27767.1
2776799,27767.99
2776895,27768.95
2776991,27769.91
2777082,27770.82
2777176,27771.76
2777273,27772.73
2777397,27773.97
2777513,27775.13
2777619,27776.19
2777723,27777.23
2777832,27778.32
2777940,27779.4
2778045,27780.45
2778150,27781.5
2778254,27782.54
2778363,27783.63
2778472,27784.72
2778579,27785.79
2778682,27786.82
2778793,27787.93
2778908,27789.08
2779019,27790.19
2779125,27791.25
2779231,27792.31
2779340,27793.4
2779450,27794.5
2779551,27795.51
2779645,27796.45
2779730,27797.3
2779823,27798.23
2779949,27799.49
2780063,27800.63
2780174,27801.74
2780289,27802.89
2780403,27804.03
2780515,27805.15
2780624,27806.24
2780725,27807.25
2780834,27808.34
2780946,27809.46
2781054,27810.54
2781150,27811.5
2781246,27812.46
2781358,27813.58
2781477,27814.77
2781592,27815.92
2781691,27816.91
2781792,27817.92
2781903,27819.03
2782022,27820.22
2782131,27821.31
2782230,27822.3
2782335,27823.35
2782439,27824.39
2782531,27825.31
2782616,27826.16
2782697,27826.97
2782777,27827.77
2782855,27828.55
2782934,27829.34
2783039,27830.39
2783166,27831.66
2783287,27832.87
2783404,27834.04
2783518,27835.18
2783632,27836.32
2783745,27837.45
2783859,27838.59
2783970,27839.7
2784063,27840.63
2784156,27841.56
2784258,27842.58
2784361,27843.61
2784458,27844.58
2784553,27845.53
2784650,27846.5
2784751,27847.51
2784859,27848.59
2784960,27849.6
2785051,27850.51
2785138,27851.38
2785228,27852.28
2785328,27853.28
2785451,27854.51
2785559,27855.59
2785671,27856.71
2785786,27857.86
2785896,27858.96
2786000,27860.0
2786109,27861.09
2786216,27862.16
2786320,27863.2
2786419,27864.19
2786512,27865.12
2786608,27866.08
2786716,27867.16
2786823,27868.23
2786917,27869.17
2787014,27870.14
2787114,27871.14
2787219,27872.19
2787317,27873.17
2787414,27874.14
2787529,27875.29
2787653,27876.53
2787766,27877.66
2787866,27878.66
2787965,27879.65
2788068,27880.68
2788174,27881.74
2788276,27882.76
2788375,27883.75
2788489,27884.89
2788612,27886.12
2788728,27887.28
2788831,27888.31
2788924,27889.24
2789024,27890.24
2789134,27891.34
2789240,27892.4
2789341,27893.41
2789457,27894.57
2789572,27895.72
2789673,27896.73
2789767,27897.67
2789864,27898.64
2789961,27899.61
2790059,27900.59
2790156,27901.56
2790269,27902.69
2790392,27903.92
2790504,27905.04
2790602,27906.02
2790704,27907.04
2790814,27908.14
2790923,27909.23
2791022,27910.22
2791131,27911.31
2791245,27912.45
2791356,27913.56
2791455,27914.55
2791544,27915.44
2791633,27916.33
2791725,27917.25
2791832,27918.32
2791936,27919.36
2792040,27920.4
2792153,27921.53
2792271,27922.71
2792377,27923.77
2792474,27924.74
2792575,27925.75
2792676,27926.76
2792774,27927.74
2792865,27928.65
2792950,27929.5
2793033,27930.33
2793122,27931.22
2793224,27932.24
2793336,27933.36
2793436,27934.36
2793530,27935.3
2793615,27936.15
2793697,27936.97
2793777,27937.77
2793855,27938.55
2793930,27939.3
2794006,27940.06
2794086,27940.86
2794210,27942.1
2794329,27943.29
2794444,27944.44
2794559,27945.59
2794677,27946.77
2794794,27947.94
2794903,27949.03
2795013,27950.13
2795120,27951.2
2795227,27952.27
2795323,27953.23
2795415,27954.15
2795508,27955.08
2795629,27956.29
2795752,27957.52
2795869,27958.69
2795984,27959.84
2796101,27961.01
2796219,27962.19
2796337,27963.37
2796450,27964.5
2796564,27965.64
2796679,27966.79
2796784,27967.84
2796878,27968.78
2796972,27969.72
2797073,27970.73
2797190,27971.9
2797306,27973.06
2797410,27974.1
2797515,27975.15
2797623,27976.23
2797728,27977.28
2797823,27978.23
2797912,27979.12
2798013,27980.13
2798119,27981.19
2798226,27982.26
2798322,27983.22
2798416,27984.16
2798522,27985.22
2798630,27986.3
2798738,27987.38
2798837,27988.37
2798932,27989.32
2799044,27990.44
2799158,27991.58
2799269,27992.69
2799369,27993.69
2799475,27994.75
2799591,27995.91
2799695,27996.95
2799788,27997.88
2799876,27998.76
2799973,27999.73
2800096,28000.96
2800211,28002.11
2800321,28003.21
2800430,28004.3
2800532,28005.32
2800630,28006.3
2800719,28007.19
2800816,28008.16
2800904,28009.04
2800986,28009.86
2801062,28010.62
2801137,28011.37
2801210,28012.1
2801285,28012.85
2801362,28013.62
2801436,28014.36
2801506,28015.06
2801576,28015.76
2801645,28016.45
2801712,28017.12
2801779,28017.79
2801845,28018.45
2801912,28019.12
2801979,28019.79
2802045,28020.45
2802111,28021.11
2802177,28021.77
2802243,28022.43
2802309,28023.09
2802377,28023.77
2802431,28024.31
2802505,28025.05
2802579,28025.79
2802648,28026.48
2802718,28027.18
2802788,28027.88
2802858,28028.58
2802926,28029.26
2802996,28029.96
2803066,28030.66
2803137,28031.37
2803212,28032.12
2803290,28032.9
2803371,28033.71
2803457,28034.57
2803544,28035.44
2803633,28036.33
2803725,28037.25
2803819,28038.19
2803911,28039.11
2804002,28040.02
2804100,28041.0
2804206,28042.06
2804313,28043.13
2804426,28044.26
2804534,28045.34
2804637,28046.37
2804730,28047.3
2804825,28048.25
2804928,28049.28
2805036,28050.36
2805135,28051.35
2805226,28052.26
2805318,28053.18
2805420,28054.2
2805508,28055.08
2805591,28055.91
2805677,28056.77
2805777,28057.77
2805897,28058.97
2806005,28060.05
2806108,28061.08
2806210,28062.1
2806312,28063.12
2806405,28064.05
2806499,28064.99
2806617,28066.17
2806735,28067.35
2806847,28068.47
2806952,28069.52
2807061,28070.61
2807172,28071.72
2807282,28072.82
2807387,28073.87
2807495,28074.95
2807599,28075.99
2807703,28077.03
2807805,28078.05
2807902,28079.02
2808004,28080.04
2808112,28081.12
2808219,28082.19
2808321,28083.21
2808428,28084.28
2808533,28085.33
2808634,28086.34
2808724,28087.24
2808814,28088.14
2808909,28089.09
2808997,28089.97
2809091,28090.91
2809182,28091.82
2809265,28092.65
2809343,28093.43
2809419,28094.19
2809488,28094.88
2809559,28095.59
2809629,28096.29
2809698,28096.98
2809765,28097.65
2809843,28098.43
2809907,28099.07
2809972,28099.72
2810041,28100.41
2810110,28101.1
2810178,28101.78
2810246,28102.46
2810314,28103.14
2810383,28103.83
2810451,28104.51
2810520,28105.2
2810588,28105.88
2810658,28106.58
2810727,28107.27
2810796,28107.96
2810866,28108.66
2810937,28109.37
2811011,28110.11
2811089,28110.89
2811168,28111.68
2811255,28112.55
2811347,28113.47
2811433,28114.33
2811516,28115.16
2811599,28115.99
2811685,28116.85
2811786,28117.86
2811891,28118.91
2811995,28119.95
2812088,28120.88
2812182,28121.82
2812287,28122.87
2812408,28124.08
2812525,28125.25
2812635,28126.35
2812747,28127.47
2812862,28128.62
2812976,28129.76
2813085,28130.85
2813194,28131.94
2813306,28133.06
2813413,28134.13
2813519,28135.19
2813623,28136.23
2813725,28137.25
2813817,28138.17
2813907,28139.07
2813998,28139.98
2814090,28140.9
2814182,28141.82
2814285,28142.85
2814382,28143.82
2814498,28144.98
2814611,28146.11
2814725,28147.25
2814834,28148.34
2814943,28149.43
2815051,28150.51
2815160,28151.6
2815267,28152.67
2815373,28153.73
2815481,28154.81
2815594,28155.94
2815707,28157.07
2815815,28158.15
2815919,28159.19
2816025,28160.25
2816131,28161.31
2816236,28162.36
2816337,28163.37
2816439,28164.39
2816535,28165.35
2816624,28166.24
2816705,28167.05
2816783,28167.83
2816859,28168.59
2816932,28169.32
2817004,28170.04
2817074,28170.74
2817145,28171.45
2817216,28172.16
2817287,28172.87
2817359,28173.59
2817434,28174.34
2817510,28175.1
2817587,28175.87
2817661,28176.61
2817737,28177.37
2817811,28178.11
2817884,28178.84
2817956,28179.56
2818028,28180.28
2818098,28180.98
2818168,28181.68
2818238,28182.38
2818311,28183.11
2818390,28183.9
2818484,28184.84
2818586,28185.86
2818690,28186.9
2818794,28187.94
2818899,28188.99
2819002,28190.02
2819105,28191.05
2819207,28192.07
2819311,28193.11
2819418,28194.18
2819523,28195.23
2819618,28196.18
2819713,28197.13
2819823,28198.23
2819928,28199.28
2820038,28200.38
2820138,28201.38
2820239,28202.39
2820350,28203.5
2820470,28204.7
2820586,28205.86
2820701,28207.01
2820820,28208.2
2820937,28209.37
2821052,28210.52
2821162,28211.62
2821274,28212.74
2821385,28213.85
2821496,28214.96
2821598,28215.98
2821697,28216.97
2821812,28218.12
2821931,28219.31
2822047,28220.47
2822158,28221.58
2822270,28222.7
2822382,28223.82
2822494,28224.94
2822604,28226.04
2822711,28227.11
2822819,28228.19
2822928,28229.28
2823041,28230.41
2823152,28231.52
2823262,28232.62
2823374,28233.74
2823486,28234.86
2823596,28235.96
2823702,28237.02
2823811,28238.11
2823920,28239.2
2824030,28240.3
2824139,28241.39
2824246,28242.46
2824357,28243.57
2824470,28244.7
2824582,28245.82
2824693,28246.93
2824807,28248.07
2824921,28249.21
2825033,28250.33
2825140,28251.4
2825249,28252.49
2825351,28253.51
2825451,28254.51
2825547,28255.47
2825658,28256.58
2825769,28257.69
2825874,28258.74
2825974,28259.74
2826088,28260.88
2826202,28262.02
2826319,28263.19
2826430,28264.3
2826542,28265.42
2826654,28266.54
2826764,28267.64
2826875,28268.75
2826985,28269.85
2827094,28270.94
2827202,28272.02
2827308,28273.08
2827415,28274.15
2827525,28275.25
2827631,28276.31
2827738,28277.38
2827849,28278.49
2827960,28279.6
2828067,28280.67
2828171,28281.71
2828277,28282.77
2828385,28283.85
2828489,28284.89
2828591,28285.91
2828699,28286.99
2828806,28288.06
2828913,28289.13
2829019,28290.19
2829123,28291.23
2829232,28292.32
2829340,28293.4
2829444,28294.44
2829547,28295.47
2829653,28296.53
2829761,28297.61
2829868,28298.68
2829972,28299.72
2830082,28300.82
2830195,28301.95
2830309,28303.09
2830419,28304.19
2830531,28305.31
2830643,28306.43
2830751,28307.51
2830855,28308.55
2830962,28309.62
2831071,28310.71
2831175,28311.75
2831283,28312.83
2831395,28313.95
2831510,28315.1
2831621,28316.21
2831728,28317.28
2831836,28318.36
2831943,28319.43
2832048,28320.48
2832155,28321.55
2832268,28322.68
2832385,28323.85
2832498,28324.98
2832612,28326.12
2832726,28327.26
2832840,28328.4
2832949,28329.49
2833059,28330.59
2833170,28331.7
2833281,28332.81
2833388,28333.88
2833491,28334.91
2833599,28335.99
2833710,28337.1
2833822,28338.22
2833930,28339.3
2834042,28340.42
2834155,28341.55
2834265,28342.65
2834370,28343.7
2834479,28344.79
2834589,28345.89
2834696,28346.96
2834801,28348.01
2834910,28349.1
2835019,28350.19
2835128,28351.28
2835233,28352.33
2835343,28353.43
2835459,28354.59
2835570,28355.7
2835677,28356.77
2835787,28357.87
2835898,28358.98
2836004,28360.04
2836105,28361.05
2836211,28362.11
2836321,28363.21
2836428,28364.28
2836528,28365.28
2836630,28366.3
2836725,28367.25
2836820,28368.2
2836919,28369.19
2837020,28370.2
2837141,28371.41
2837262,28372.62
2837376,28373.76
2837489,28374.89
2837601,28376.01
2837713,28377.13
2837821,28378.21
2837932,28379.32
2838043,28380.43
2838156,28381.56
2838266,28382.66
2838374,28383.74
2838486,28384.86
2838599,28385.99
2838709,28387.09
2838817,28388.17
2838928,28389.28
2839042,28390.42
2839152,28391.52
2839263,28392.63
2839377,28393.77
2839488,28394.88
2839596,28395.96
2839705,28397.05
2839815,28398.15
2839922,28399.22
2840030,28400.3
2840144,28401.44
2840260,28402.6
2840371,28403.71
2840479,28404.79
2840591,28405.91
2840703,28407.03
2840810,28408.1
2840915,28409.15
2841022,28410.22
2841131,28411.31
2841238,28412.38
2841343,28413.43
2841455,28414.55
2841572,28415.72
2841688,28416.88
2841802,28418.02
2841916,28419.16
2842033,28420.33
2842150,28421.5
2842263,28422.63
2842376,28423.76
2842488,28424.88
2842601,28426.01
2842712,28427.12
2842826,28428.26
2842943,28429.43
2843060,28430.6
2843173,28431.73
2843287,28432.87
2843401,28434.01
2843512,28435.12
2843620,28436.2
2843729,28437.29
2843840,28438.4
2843950,28439.5
2844058,28440.58
2844166,28441.66
2844278,28442.78
2844391,28443.91
2844500,28445.0
2844608,28446.08
2844718,28447.18
2844828,28448.28
2844939,28449.39
2845045,28450.45
2845153,28451.53
2845262,28452.62
2845372,28453.72
2845481,28454.81
2845585,28455.85
2845692,28456.92
2845800,28458.0
2845907,28459.07
2846012,28460.12
2846123,28461.23
2846235,28462.35
2846344,28463.44
2846455,28464.55
2846568,28465.68
2846680,28466.8
2846788,28467.88
2846895,28468.95
2847001,28470.01
2847111,28471.11
2847217,28472.17
2847321,28473.21
2847426,28474.26
2847529,28475.29
2847629,28476.29
2847714,28477.14
2847800,28478.0
2847888,28478.88
2848009,28480.09
2848130,28481.3
2848245,28482.45
2848363,28483.63
2848482,28484.82
2848596,28485.96
2848712,28487.12
2848826,28488.26
2848938,28489.38
2849048,28490.48
2849151,28491.51
2849254,28492.54
2849351,28493.51
2849450,28494.5
2849570,28495.7
2849691,28496.91
2849802,28498.02
2849911,28499.11
2850021,28500.21
2850129,28501.29
2850234,28502.34
2850335,28503.35
2850442,28504.42
2850552,28505.52
2850664,28506.64
2850773,28507.73
2850886,28508.86
2850998,28509.98
2851106,28511.06
2851213,28512.13
2851322,28513.22
2851435,28514.35
2851547,28515.47
2851655,28516.55
2851763,28517.63
2851878,28518.78
2851991,28519.91
2852098,28520.98
2852198,28521.98
2852285,28522.85
2852373,28523.73
2852469,28524.69
2852579,28525.79
2852706,28527.06
2852829,28528.29
2852949,28529.49
2853064,28530.64
2853179,28531.79
2853293,28532.93
2853405,28534.05
2853505,28535.05
2853599,28535.99
2853698,28536.98
2853809,28538.09
2853918,28539.18
2854025,28540.25
2854143,28541.43
2854262,28542.62
2854364,28543.64
2854467,28544.67
2854581,28545.81
2854697,28546.97
2854806,28548.06
2854907,28549.07
2855013,28550.13
2855122,28551.22
2855229,28552.29
2855329,28553.29
2855444,28554.44
2855564,28555.64
2855680,28556.8
2855793,28557.93
2855907,28559.07
2856023,28560.23
2856139,28561.39
2856252,28562.52
2856361,28563.61
2856471,28564.71
2856582,28565.82
2856692,28566.92
2856801,28568.01
2856912,28569.12
2857024,28570.24
2857137,28571.37
2857246,28572.46
2857353,28573.53
2857463,28574.63
2857574,28575.74
2857681,28576.81
2857788,28577.88
2857892,28578.92
2857985,28579.85
2858069,28580.69
2858150,28581.5
2858239,28582.39
2858362,28583.62
2858479,28584.79
2858593,28585.93
2858710,28587.1
2858827,28588.27
2858944,28589.44
2859055,28590.55
2859166,28591.66
2859278,28592.78
2859386,28593.86
2859485,28594.85
2859590,28595.9
2859713,28597.13
2859830,28598.3
2859943,28599.43
2860057,28600.57
2860169,28601.69
2860279,28602.79
2860385,28603.85
2860490,28604.9
2860594,28605.94
2860690,28606.9
2860776,28607.76
2860857,28608.57
2860944,28609.44
2861070,28610.7
2861191,28611.91
2861308,28613.08
2861426,28614.26
2861547,28615.47
2861664,28616.64
2861778,28617.78
2861894,28618.94
2862012,28620.12
2862129,28621.29
2862240,28622.4
2862339,28623.39
2862439,28624.39
2862559,28625.59
2862679,28626.79
2862789,28627.89
2862900,28629.0
2863012,28630.12
2863121,28631.21
2863235,28632.35
2863354,28633.54
2863470,28634.7
2863581,28635.81
2863694,28636.94
2863806,28638.06
2863914,28639.14
2864019,28640.19
2864129,28641.29
2864238,28642.38
2864346,28643.46
2864452,28644.52
2864561,28645.61
2864670,28646.7
2864776,28647.76
2864882,28648.82
2864991,28649.91
2865099,28650.99
2865202,28652.02
2865309,28653.09
2865418,28654.18
2865524,28655.24
2865628,28656.28
2865736,28657.36
2865845,28658.45
2865952,28659.52
2866058,28660.58
2866165,28661.65
2866272,28662.72
2866380,28663.8
2866483,28664.83
2866585,28665.85
2866688,28666.88
2866793,28667.93
2866889,28668.89
2866972,28669.72
2867056,28670.56
2867141,28671.41
2867263,28672.63
2867378,28673.78
2867491,28674.91
2867608,28676.08
2867724,28677.24
2867838,28678.38
2867952,28679.52
2868067,28680.67
2868181,28681.81
2868291,28682.91
2868402,28684.02
2868515,28685.15
2868627,28686.27
2868737,28687.37
2868846,28688.46
2868957,28689.57
2869066,28690.66
2869173,28691.73
2869278,28692.78
2869386,28693.86
2869493,28694.93
2869599,28695.99
2869707,28697.07
2869817,28698.17
2869928,28699.28
2870035,28700.35
2870143,28701.43
2870251,28702.51
2870362,28703.62
2870468,28704.68
2870573,28705.73
2870681,28706.81
2870791,28707.91
2870899,28708.99
2871005,28710.05
2871116,28711.16
2871227,28712.27
2871334,28713.34
2871438,28714.38
2871540,28715.4
2871636,28716.36
2871733,28717.33
2871828,28718.28
2871946,28719.46
2872065,28720.65
2872176,28721.76
2872284,28722.84
2872393,28723.93
2872497,28724.97
2872589,28725.89
2872672,28726.72
2872759,28727.59
2872849,28728.49
2872942,28729.42
2873035,28730.35
2873118,28731.18
2873198,28731.98
2873275,28732.75
2873349,28733.49
2873421,28734.21
2873492,28734.92
2873562,28735.62
2873633,28736.33
2873703,28737.03
2873773,28737.73
2873844,28738.44
2873914,28739.14
2873985,28739.85
2874056,28740.56
2874128,28741.28
2874199,28741.99
2874270,28742.7
2874341,28743.41
2874412,28744.12
2874483,28744.83
2874552,28745.52
2874620,28746.2
2874687,28746.87
2874754,28747.54
2874820,28748.2
2874885,28748.85
2874950,28749.5
2875009,28750.09
2875068,28750.68
2875136,28751.36
2875205,28752.05
2875269,28752.69
2875335,28753.35
2875402,28754.02
2875471,28754.71
2875542,28755.42
2875619,28756.19
2875703,28757.03
2875796,28757.96
2875892,28758.92
2875999,28759.99
2876108,28761.08
2876221,28762.21
2876334,28763.34
2876445,28764.45
2876553,28765.53
2876674,28766.74
2876796,28767.96
2876908,28769.08
2877020,28770.2
2877135,28771.35
2877253,28772.53
2877369,28773.69
2877479,28774.79
2877594,28775.94
2877708,28777.08
2877822,28778.22
2877931,28779.31
2878040,28780.4
2878149,28781.49
2878261,28782.61
2878368,28783.68
2878480,28784.8
2878596,28785.96
2878711,28787.11
2878824,28788.24
2878938,28789.38
2879051,28790.51
2879165,28791.65
2879276,28792.76
2879389,28793.89
2879506,28795.06
2879621,28796.21
2879734,28797.34
2879849,28798.49
2879965,28799.65
2880081,28800.81
2880196,28801.96
2880309,28803.09
2880422,28804.22
2880534,28805.34
2880642,28806.42
2880750,28807.5
2880862,28808.62
2880979,28809.79
2881097,28810.97
2881209,28812.09
2881324,28813.24
2881440,28814.4
2881556,28815.56
2881669,28816.69
2881781,28817.81
2881894,28818.94
2882010,28820.1
2882126,28821.26
2882241,28822.41
2882356,28823.56
2882473,28824.73
2882588,28825.88
2882701,28827.01
2882814,28828.14
2882923,28829.23
2883032,28830.32
2883138,28831.38
2883250,28832.5
2883366,28833.66
2883481,28834.81
2883594,28835.94
2883711,28837.11
2883828,28838.28
2883944,28839.44
2884056,28840.56
2884170,28841.7
2884281,28842.81
2884389,28843.89
2884494,28844.94
2884602,28846.02
2884713,28847.13
2884826,28848.26
2884937,28849.37
2885047,28850.47
2885161,28851.61
2885274,28852.74
2885386,28853.86
2885497,28854.97
2885609,28856.09
2885720,28857.2
2885829,28858.29
2885939,28859.39
2886051,28860.51
2886164,28861.64
2886276,28862.76
2886386,28863.86
2886498,28864.98
2886611,28866.11
2886720,28867.2
2886830,28868.3
2886941,28869.41
2887052,28870.52
2887159,28871.59
2887270,28872.7
2887382,28873.82
2887495,28874.95
2887605,28876.05
2887717,28877.17
2887829,28878.29
2887938,28879.38
2888050,28880.5
2888164,28881.64
2888277,28882.77
2888390,28883.9
2888506,28885.06
2888619,28886.19
2888730,28887.3
2888840,28888.4
2888944,28889.44
2889022,28890.22
2889095,28890.95
2889164,28891.64
2889230,28892.3
2889296,28892.96
2889362,28893.62
2889428,28894.28
2889493,28894.93
2889557,28895.57
2889621,28896.21
2889691,28896.91
2889758,28897.58
2889828,28898.28
2889896,28898.96
2889963,28899.63
2890029,28900.29
2890093,28900.93
2890158,28901.58
2890223,28902.23
2890288,28902.88
2890353,28903.53
2890419,28904.19
2890484,28904.84
2890550,28905.5
2890615,28906.15
2890682,28906.82
2890750,28907.5
2890817,28908.17
2890885,28908.85
2890951,28909.51
2891018,28910.18
2891084,28910.84
2891151,28911.51
2891216,28912.16
2891282,28912.82
2891347,28913.47
2891412,28914.12
2891477,28914.77
2891543,28915.43
2891609,28916.09
2891677,28916.77
2891745,28917.45
2891813,28918.13
2891882,28918.82
2891951,28919.51
2892020,28920.2
2892089,28920.89
2892156,28921.56
2892224,28922.24
2892290,28922.9
2892357,28923.57
2892423,28924.23
2892488,28924.88
2892552,28925.52
2892616,28926.16
2892679,28926.79
2892742,28927.42
2892805,28928.05
2892870,28928.7
2892939,28929.39
2893009,28930.09
2893078,28930.78
2893146,28931.46
2893215,28932.15
2893283,28932.83
2893352,28933.52
2893422,28934.22
2893492,28934.92
2893598,28935.98
2893704,28937.04
2893778,28937.78
2893855,28938.55
2893933,28939.33
2894010,28940.1
2894086,28940.86
2894161,28941.61
2894233,28942.33
2894302,28943.02
2894371,28943.71
2894438,28944.38
2894504,28945.04
2894571,28945.71
2894640,28946.4
2894709,28947.09
2894779,28947.79
2894848,28948.48
2894919,28949.19
2894994,28949.94
2895073,28950.73
2895160,28951.6
2895247,28952.47
2895324,28953.24
2895397,28953.97
2895471,28954.71
2895540,28955.4
2895612,28956.12
2895684,28956.84
2895755,28957.55
2895827,28958.27
2895901,28959.01
2895999,28959.99
2896077,28960.77
2896167,28961.67
2896232,28962.32
2896310,28963.1
2896384,28963.84
2896455,28964.55
2896525,28965.25
2896592,28965.92
2896660,28966.6
2896731,28967.31
2896803,28968.03
2896877,28968.77
2896950,28969.5
2897026,28970.26
2897101,28971.01
2897173,28971.73
2897244,28972.44
2897316,28973.16
2897388,28973.88
2897458,28974.58
2897529,28975.29
2897598,28975.98
2897672,28976.72
2897747,28977.47
2897826,28978.26
2897907,28979.07
2897988,28979.88
2898067,28980.67
2898149,28981.49
2898225,28982.25
