sample,time_sec
89,0.89
198,1.98
306,3.06
422,4.22
532,5.32
577,5.77
633,6.33
744,7.44
866,8.66
979,9.79
1089,10.89
1214,12.14
1323,13.23
1438,14.38
1558,15.58
1668,16.68
1772,17.72
1896,18.96
2011,20.11
2123,21.23
2240,22.4
2356,23.56
2464,24.64
2583,25.83
2703,27.03
2883,28.83
2928,29.28
3034,30.34
3121,31.21
3254,32.54
3323,33.23
3373,33.73
3477,34.77
3587,35.87
3717,37.17
3817,38.17
3931,39.31
4029,40.29
4128,41.28
4220,42.2
4281,42.81
4338,43.38
4464,44.64
4560,45.6
4639,46.39
4695,46.95
4809,48.09
4914,49.14
5034,50.34
5150,51.5
5262,52.62
5376,53.76
5482,54.82
5584,55.84
5703,57.03
5808,58.08
5925,59.25
6046,60.46
6166,61.66
6283,62.83
6391,63.91
6501,65.01
6625,66.25
6732,67.32
6842,68.42
6993,69.93
7109,71.09
7216,72.16
7363,73.63
7428,74.28
7490,74.9
7548,75.48
7599,75.99
7749,77.49
7901,79.01
8036,80.36
8095,80.95
8156,81.56
8265,82.65
8401,84.01
8556,85.56
8669,86.69
8778,87.78
8895,88.95
9012,90.12
9129,91.29
9236,92.36
9345,93.45
9469,94.69
9593,95.93
9707,97.07
9809,98.09
9918,99.18
10044,100.44
10162,101.62
10274,102.74
10389,103.89
10546,105.46
10687,106.87
10810,108.1
10919,109.19
11036,110.36
11182,111.82
11316,113.16
11442,114.42
11566,115.66
11689,116.89
11816,118.16
11941,119.41
12061,120.61
12172,121.72
12299,122.99
12435,124.35
12558,125.58
12670,126.7
12783,127.83
12915,129.15
13016,130.16
13127,131.27
13264,132.64
13375,133.75
13522,135.22
13615,136.15
13710,137.1
13810,138.1
13905,139.05
14000,140.0
14118,141.18
14224,142.24
14326,143.26
14417,144.17
14518,145.18
14619,146.19
14719,147.19
14829,148.29
14932,149.32
15027,150.27
15128,151.28
15240,152.4
15348,153.48
15451,154.51
15550,155.5
15664,156.64
15777,157.77
15882,158.82
15993,159.93
16118,161.18
16227,162.27
16326,163.26
16450,164.5
16557,165.57
16629,166.29
16765,167.65
16871,168.71
16976,169.76
17081,170.81
17177,171.77
17268,172.68
17359,173.59
17450,174.5
17537,175.37
17631,176.31
17729,177.29
17831,178.31
17928,179.28
18033,180.33
18143,181.43
18250,182.5
18349,183.49
18452,184.52
18505,185.05
18563,185.63
18666,186.66
18763,187.63
18802,188.02
18869,188.69
18976,189.76
19091,190.91
19200,192.0
19235,192.35
19287,192.87
19421,194.21
19578,195.78
19711,197.11
19803,198.03
19901,199.01
20013,200.13
20056,200.56
20101,201.01
20227,202.27
20278,202.78
20321,203.21
20419,204.19
20466,204.66
20523,205.23
20649,206.49
20731,207.31
20890,208.9
20938,209.38
21033,210.33
21136,211.36
21205,212.05
21255,212.55
21336,213.36
21407,214.07
21476,214.76
21521,215.21
21572,215.72
21604,216.04
21681,216.81
21747,217.47
21797,217.97
21911,219.11
22018,220.18
22117,221.17
22224,222.24
22336,223.36
22447,224.47
22562,225.62
22675,226.75
22780,227.8
22878,228.78
22992,229.92
23123,231.23
23246,232.46
23371,233.71
23480,234.8
23598,235.98
23702,237.02
23749,237.49
23873,238.73
24020,240.2
24132,241.32
24263,242.63
24497,244.97
24596,245.96
24694,246.94
24766,247.66
24912,249.12
25164,251.64
25395,253.95
25500,255.0
25743,257.43
25981,259.81
26112,261.12
26235,262.35
26347,263.47
26463,264.63
26583,265.83
26696,266.96
26800,268.0
26847,268.47
26910,269.1
27023,270.23
27200,272.0
27377,273.77
27522,275.22
27667,276.67
27821,278.21
27888,278.88
28093,280.93
28304,283.04
28513,285.13
28806,288.06
29099,290.99
29267,292.67
29380,293.8
29484,294.84
29591,295.91
29702,297.02
29736,297.36
29802,298.02
29906,299.06
30001,300.01
30101,301.01
30206,302.06
30309,303.09
30421,304.21
30528,305.28
30628,306.28
30735,307.35
30846,308.46
30952,309.52
31054,310.54
31159,311.59
31268,312.68
31375,313.75
31474,314.74
31571,315.71
31673,316.73
31780,317.8
31881,318.81
31986,319.86
32096,320.96
32200,322.0
32301,323.01
32409,324.09
32519,325.19
32620,326.2
32727,327.27
32834,328.34
32934,329.34
33029,330.29
33120,331.2
33224,332.24
33352,333.52
33471,334.71
33591,335.91
33698,336.98
33796,337.96
33885,338.85
33976,339.76
34081,340.81
34192,341.92
34303,343.03
34415,344.15
34531,345.31
34647,346.47
34759,347.59
34874,348.74
34982,349.82
35086,350.86
35192,351.92
35305,353.05
35421,354.21
35532,355.32
35645,356.45
35754,357.54
35862,358.62
35977,359.77
36093,360.93
36205,362.05
36315,363.15
36421,364.21
36526,365.26
36629,366.29
36731,367.31
36835,368.35
36939,369.39
37040,370.4
37151,371.51
37261,372.61
37370,373.7
37474,374.74
37573,375.73
37673,376.73
37777,377.77
37880,378.8
37980,379.8
38083,380.83
38182,381.82
38281,382.81
38385,383.85
38489,384.89
38591,385.91
38689,386.89
38789,387.89
38894,388.94
38997,389.97
39098,390.98
39199,391.99
39298,392.98
39397,393.97
39500,395.0
39603,396.03
39703,397.03
39803,398.03
39908,399.08
40014,400.14
40117,401.17
40216,402.16
40316,403.16
40419,404.19
40520,405.2
40620,406.2
40724,407.24
40827,408.27
40926,409.26
41025,410.25
41128,411.28
41233,412.33
41336,413.36
41438,414.38
41529,415.29
41616,416.16
41711,417.11
41863,418.63
41971,419.71
42080,420.8
42171,421.71
42278,422.78
42386,423.86
42491,424.91
42597,425.97
42690,426.9
42788,427.88
42920,429.2
43032,430.32
43145,431.45
43252,432.52
43354,433.54
43455,434.55
43546,435.46
43637,436.37
43724,437.24
43810,438.1
43914,439.14
44035,440.35
44146,441.46
44254,442.54
44365,443.65
44475,444.75
44583,445.83
44691,446.91
44799,447.99
44905,449.05
45014,450.14
45122,451.22
45230,452.3
45338,453.38
45447,454.47
45557,455.57
45663,456.63
45776,457.76
45888,458.88
46002,460.02
46114,461.14
46226,462.26
46336,463.36
46446,464.46
46557,465.57
46664,466.64
46770,467.7
46877,468.77
46982,469.82
47090,470.9
47202,472.02
47314,473.14
47429,474.29
47540,475.4
47647,476.47
47756,477.56
47867,478.67
47968,479.68
48074,480.74
48189,481.89
48298,482.98
48402,484.02
48503,485.03
48597,485.97
48690,486.9
48791,487.91
48908,489.08
49019,490.19
49129,491.29
49241,492.41
49345,493.45
49443,494.43
49543,495.43
49658,496.58
49766,497.66
49875,498.75
49985,499.85
50092,500.92
50200,502.0
50307,503.07
50408,504.08
50514,505.14
50619,506.19
50723,507.23
50824,508.24
50926,509.26
51029,510.29
51127,511.27
51230,512.3
51325,513.25
51419,514.19
51522,515.22
51625,516.25
51728,517.28
51834,518.34
51930,519.3
52023,520.23
52121,521.21
52223,522.23
52329,523.29
52427,524.27
52524,525.24
52625,526.25
52729,527.29
52833,528.33
52930,529.3
53030,530.3
53130,531.3
53233,532.33
53325,533.25
53421,534.21
53520,535.2
53621,536.21
53721,537.21
53821,538.21
53915,539.15
54009,540.09
54105,541.05
54198,541.98
54297,542.97
54396,543.96
54488,544.88
54580,545.8
54668,546.68
54752,547.52
54842,548.42
54938,549.38
55033,550.33
55130,551.3
55228,552.28
55326,553.26
55418,554.18
55511,555.11
55606,556.06
55701,557.01
55800,558.0
55898,558.98
55997,559.97
56069,560.69
56178,561.78
56277,562.77
56376,563.76
56460,564.6
56545,565.45
56643,566.43
56737,567.37
56833,568.33
56932,569.32
57034,570.34
57137,571.37
57238,572.38
57335,573.35
57432,574.32
57529,575.29
57625,576.25
57725,577.25
57828,578.28
57927,579.27
58032,580.32
58142,581.42
58253,582.53
58352,583.52
58454,584.54
58561,585.61
58666,586.66
58770,587.7
58869,588.69
58973,589.73
59079,590.79
59181,591.81
59289,592.89
59397,593.97
59503,595.03
59614,596.14
59724,597.24
59831,598.31
59929,599.29
60034,600.34
60134,601.34
60241,602.41
60348,603.48
60456,604.56
60562,605.62
60665,606.65
60771,607.71
60879,608.79
60981,609.81
61081,610.81
61188,611.88
61298,612.98
61401,614.01
61506,615.06
61617,616.17
61726,617.26
61833,618.33
61941,619.41
62048,620.48
62149,621.49
62256,622.56
62362,623.62
62475,624.75
62586,625.86
62683,626.83
62779,627.79
62887,628.87
62995,629.95
63096,630.96
63197,631.97
63306,633.06
63412,634.12
63514,635.14
63605,636.05
63696,636.96
63776,637.76
63836,638.36
63890,638.9
63938,639.38
63991,639.91
64055,640.55
64120,641.2
64183,641.83
64246,642.46
64326,643.26
64404,644.04
64480,644.8
64558,645.58
64635,646.35
64712,647.12
64791,647.91
64867,648.67
64942,649.42
65028,650.28
65092,650.92
65157,651.57
65234,652.34
65312,653.12
65376,653.76
65443,654.43
65521,655.21
65601,656.01
65682,656.82
65764,657.64
65848,658.48
65936,659.36
66025,660.25
66113,661.13
66195,661.95
66278,662.78
66359,663.59
66446,664.46
66542,665.42
66645,666.45
66746,667.46
66849,668.49
66953,669.53
67056,670.56
67160,671.6
67264,672.64
67364,673.64
67459,674.59
67553,675.53
67654,676.54
67757,677.57
67856,678.56
67953,679.53
68051,680.51
68145,681.45
68230,682.3
68313,683.13
68400,684.0
68494,684.94
68587,685.87
68680,686.8
68773,687.73
68868,688.68
68963,689.63
69059,690.59
69152,691.52
69243,692.43
69335,693.35
69436,694.36
69536,695.36
69635,696.35
69730,697.3
69825,698.25
69923,699.23
70024,700.24
70125,701.25
70224,702.24
70323,703.23
70420,704.2
70514,705.14
70616,706.16
70717,707.17
70818,708.18
70914,709.14
71008,710.08
71101,711.01
71199,711.99
71297,712.97
71392,713.92
71486,714.86
71583,715.83
71682,716.82
71781,717.81
71878,718.78
71972,719.72
72067,720.67
72166,721.66
72264,722.64
72360,723.6
72454,724.54
72550,725.5
72647,726.47
72745,727.45
72841,728.41
72935,729.35
73033,730.33
73133,731.33
73234,732.34
73331,733.31
73427,734.27
73528,735.28
73628,736.28
73728,737.28
73824,738.24
73921,739.21
74021,740.21
74122,741.22
74218,742.18
74314,743.14
74413,744.13
74513,745.13
74609,746.09
74703,747.03
74800,748.0
74898,748.98
74996,749.96
75090,750.9
75184,751.84
75284,752.84
75386,753.86
75483,754.83
75579,755.79
75679,756.79
75779,757.79
75879,758.79
75974,759.74
76066,760.66
76161,761.61
76257,762.57
76351,763.51
76442,764.42
76532,765.32
76626,766.26
76721,767.21
76816,768.16
76907,769.07
76999,769.99
77093,770.93
77186,771.86
77276,772.76
77364,773.64
77455,774.55
77548,775.48
77640,776.4
77729,777.29
77821,778.21
77915,779.15
78008,780.08
78098,780.98
78188,781.88
78281,782.81
78375,783.75
78467,784.67
78557,785.57
78649,786.49
78742,787.42
78836,788.36
78927,789.27
79016,790.16
79108,791.08
79201,792.01
79294,792.94
79386,793.86
79476,794.76
79569,795.69
79664,796.64
79760,797.6
79852,798.52
79947,799.47
80042,800.42
80137,801.37
80232,802.32
80323,803.23
80416,804.16
80509,805.09
80601,806.01
80692,806.92
80782,807.82
80876,808.76
80972,809.72
81071,810.71
81167,811.67
81262,812.62
81363,813.63
81463,814.63
81562,815.62
81657,816.57
81749,817.49
81842,818.42
81936,819.36
82032,820.32
82128,821.28
82223,822.23
82320,823.2
82421,824.21
82521,825.21
82619,826.19
82714,827.14
82811,828.11
82908,829.08
83004,830.04
83097,830.97
83190,831.9
83286,832.86
83383,833.83
83480,834.8
83573,835.73
83670,836.7
83767,837.67
83861,838.61
83953,839.53
84047,840.47
84141,841.41
84233,842.33
84322,843.22
84415,844.15
84509,845.09
84601,846.01
84692,846.92
84788,847.88
84884,848.84
84975,849.75
85066,850.66
85161,851.61
85257,852.57
85349,853.49
85439,854.39
85533,855.33
85629,856.29
85722,857.22
85812,858.12
85907,859.07
86004,860.04
86098,860.98
86189,861.89
86283,862.83
86378,863.78
86472,864.72
86562,865.62
86655,866.55
86750,867.5
86844,868.44
86934,869.34
87027,870.27
87121,871.21
87215,872.15
87306,873.06
87400,874.0
87494,874.94
87588,875.88
87679,876.79
87772,877.72
87868,878.68
87963,879.63
88055,880.55
88150,881.5
88246,882.46
88339,883.39
88430,884.3
88524,885.24
88618,886.18
88712,887.12
88803,888.03
88897,888.97
88993,889.93
89089,890.89
89180,891.8
89272,892.72
89366,893.66
89462,894.62
89554,895.54
89648,896.48
89744,897.44
89842,898.42
89934,899.34
90027,900.27
90120,901.2
90214,902.14
90303,903.03
90395,903.95
90491,904.91
90587,905.87
90680,906.8
90775,907.75
90870,908.7
90964,909.64
91054,910.54
91146,911.46
91239,912.39
91333,913.33
91422,914.22
91512,915.12
91606,916.06
91699,916.99
91788,917.88
91878,918.78
91970,919.7
92061,920.61
92152,921.52
92241,922.41
92332,923.32
92427,924.27
92522,925.22
92613,926.13
92705,927.05
92800,928.0
92897,928.97
92990,929.9
93082,930.82
93174,931.74
93266,932.66
93358,933.58
93448,934.48
93540,935.4
93633,936.33
93727,937.27
93817,938.17
93906,939.06
93998,939.98
94092,940.92
94181,941.81
94272,942.72
94364,943.64
94457,944.57
94547,945.47
94637,946.37
94730,947.3
94824,948.24
94914,949.14
95008,950.08
95103,951.03
95196,951.96
95285,952.85
95374,953.74
95467,954.67
95558,955.58
95645,956.45
95735,957.35
95829,958.29
95924,959.24
96016,960.16
96104,961.04
96198,961.98
96295,962.95
96391,963.91
96484,964.84
96572,965.72
96660,966.6
96753,967.53
96846,968.46
96939,969.39
97028,970.28
97118,971.18
97209,972.09
97300,973.0
97387,973.87
97478,974.78
97575,975.75
97674,976.74
97767,977.67
97858,978.58
97952,979.52
98045,980.45
98133,981.33
98224,982.24
98315,983.15
98406,984.06
98492,984.92
98582,985.82
98675,986.75
98766,987.66
98855,988.55
98945,989.45
99038,990.38
99128,991.28
99214,992.14
99304,993.04
99398,993.98
99494,994.94
99585,995.85
99679,996.79
99774,997.74
99867,998.67
99956,999.56
100049,1000.49
100144,1001.44
100236,1002.36
100323,1003.23
100419,1004.19
100514,1005.14
100607,1006.07
100696,1006.96
100789,1007.89
100883,1008.83
100975,1009.75
101063,1010.63
101158,1011.58
101252,1012.52
101343,1013.43
101431,1014.31
101527,1015.27
101623,1016.23
101717,1017.17
101807,1018.07
101900,1019.0
101996,1019.96
102088,1020.88
102175,1021.75
102266,1022.66
102358,1023.58
102452,1024.52
102542,1025.42
102633,1026.33
102728,1027.28
102826,1028.26
102920,1029.2
103009,1030.09
103102,1031.02
103197,1031.97
103291,1032.91
103381,1033.81
103471,1034.71
103562,1035.62
103653,1036.53
103740,1037.4
103829,1038.29
103922,1039.22
104019,1040.19
104116,1041.16
104207,1042.07
104297,1042.97
104390,1043.9
104483,1044.83
104574,1045.74
104661,1046.61
104752,1047.52
104843,1048.43
104933,1049.33
105021,1050.21
105113,1051.13
105207,1052.07
105299,1052.99
105388,1053.88
105479,1054.79
105570,1055.7
105660,1056.6
105746,1057.46
105836,1058.36
105927,1059.27
106016,1060.16
106102,1061.02
106191,1061.91
106281,1062.81
106372,1063.72
106459,1064.59
106549,1065.49
106641,1066.41
106734,1067.34
106822,1068.22
106911,1069.11
107001,1070.01
107093,1070.93
107181,1071.81
107268,1072.68
107359,1073.59
107448,1074.48
107535,1075.35
107620,1076.2
107708,1077.08
107799,1077.99
107899,1078.99
108005,1080.05
108105,1081.05
108213,1082.13
108321,1083.21
108417,1084.17
108508,1085.08
108603,1086.03
108702,1087.02
108802,1088.02
108898,1088.98
108994,1089.94
109088,1090.88
109174,1091.74
109253,1092.53
109335,1093.35
109418,1094.18
109497,1094.97
109581,1095.81
109671,1096.71
109760,1097.6
109845,1098.45
109931,1099.31
110023,1100.23
110114,1101.14
110199,1101.99
110284,1102.84
110373,1103.73
110464,1104.64
110552,1105.52
110636,1106.36
110724,1107.24
110814,1108.14
110903,1109.03
110988,1109.88
111076,1110.76
111169,1111.69
111259,1112.59
111345,1113.45
111435,1114.35
111525,1115.25
111616,1116.16
111701,1117.01
111788,1117.88
111879,1118.79
111970,1119.7
112055,1120.55
112143,1121.43
112234,1122.34
112325,1123.25
112412,1124.12
112504,1125.04
112597,1125.97
112687,1126.87
112773,1127.73
112864,1128.64
112956,1129.56
113045,1130.45
113130,1131.3
113222,1132.22
113316,1133.16
113407,1134.07
113493,1134.93
113585,1135.85
113676,1136.76
113767,1137.67
113855,1138.55
113946,1139.46
114039,1140.39
114131,1141.31
114218,1142.18
114310,1143.1
114402,1144.02
114494,1144.94
114581,1145.81
114671,1146.71
114763,1147.63
114857,1148.57
114945,1149.45
115031,1150.31
115125,1151.25
115217,1152.17
115308,1153.08
115394,1153.94
115485,1154.85
115577,1155.77
115667,1156.67
115753,1157.53
115846,1158.46
115940,1159.4
116033,1160.33
116119,1161.19
116209,1162.09
116300,1163.0
116392,1163.92
116487,1164.87
116581,1165.81
116670,1166.7
116760,1167.6
116854,1168.54
116949,1169.49
117043,1170.43
117134,1171.34
117227,1172.27
117320,1173.2
117413,1174.13
117502,1175.02
117592,1175.92
117687,1176.87
117786,1177.86
117881,1178.81
117973,1179.73
118066,1180.66
118160,1181.6
118255,1182.55
118346,1183.46
118435,1184.35
118527,1185.27
118621,1186.21
118711,1187.11
118801,1188.01
118895,1188.95
118991,1189.91
119089,1190.89
119179,1191.79
119270,1192.7
119363,1193.63
119455,1194.55
119539,1195.39
119628,1196.28
119720,1197.2
119818,1198.18
119915,1199.15
120007,1200.07
120103,1201.03
120203,1202.03
120297,1202.97
120381,1203.81
120469,1204.69
120562,1205.62
120660,1206.6
120755,1207.55
120853,1208.53
120953,1209.53
121050,1210.5
121145,1211.45
121234,1212.34
121327,1213.27
121420,1214.2
121512,1215.12
121603,1216.03
121690,1216.9
121781,1217.81
121872,1218.72
121968,1219.68
122065,1220.65
122156,1221.56
122249,1222.49
122344,1223.44
122441,1224.41
122531,1225.31
122618,1226.18
122708,1227.08
122798,1227.98
122889,1228.89
122980,1229.8
123074,1230.74
123173,1231.73
123270,1232.7
123360,1233.6
123453,1234.53
123544,1235.44
123636,1236.36
123725,1237.25
123814,1238.14
123905,1239.05
123999,1239.99
124093,1240.93
124182,1241.82
124271,1242.71
124364,1243.64
124456,1244.56
124546,1245.46
124632,1246.32
124721,1247.21
124811,1248.11
124902,1249.02
124990,1249.9
125080,1250.8
125173,1251.73
125265,1252.65
125355,1253.55
125443,1254.43
125535,1255.35
125629,1256.29
125722,1257.22
125812,1258.12
125901,1259.01
125983,1259.83
126065,1260.65
126159,1261.59
126246,1262.46
126338,1263.38
126419,1264.19
126497,1264.97
126572,1265.72
126649,1266.49
126738,1267.38
126836,1268.36
126930,1269.3
127019,1270.19
127101,1271.01
127186,1271.86
127278,1272.78
127369,1273.69
127459,1274.59
127547,1275.47
127635,1276.35
127733,1277.33
127829,1278.29
127923,1279.23
128015,1280.15
128104,1281.04
128190,1281.9
128283,1282.83
128377,1283.77
128472,1284.72
128555,1285.55
128637,1286.37
128724,1287.24
128812,1288.12
128897,1288.97
128976,1289.76
129056,1290.56
129140,1291.4
129230,1292.3
129323,1293.23
129418,1294.18
129510,1295.1
129600,1296.0
129691,1296.91
129787,1297.87
129881,1298.81
129970,1299.7
130057,1300.57
130149,1301.49
130243,1302.43
130336,1303.36
130423,1304.23
130512,1305.12
130604,1306.04
130695,1306.95
130787,1307.87
130875,1308.75
130961,1309.61
131051,1310.51
131141,1311.41
131234,1312.34
131327,1313.27
131418,1314.18
131508,1315.08
131594,1315.94
131684,1316.84
131776,1317.76
131867,1318.67
131956,1319.56
132045,1320.45
132136,1321.36
132229,1322.29
132321,1323.21
132412,1324.12
132498,1324.98
132583,1325.83
132672,1326.72
132762,1327.62
132853,1328.53
132944,1329.44
133033,1330.33
133121,1331.21
133211,1332.11
133302,1333.02
133391,1333.91
133480,1334.8
133569,1335.69
133662,1336.62
133753,1337.53
133839,1338.39
133928,1339.28
134019,1340.19
134110,1341.1
134198,1341.98
134285,1342.85
134375,1343.75
134467,1344.67
134556,1345.56
134641,1346.41
134731,1347.31
134821,1348.21
134910,1349.1
134999,1349.99
135082,1350.82
135169,1351.69
135258,1352.58
135346,1353.46
135436,1354.36
135524,1355.24
135615,1356.15
135706,1357.06
135799,1357.99
135892,1358.92
135978,1359.78
136062,1360.62
136150,1361.5
136238,1362.38
136325,1363.25
136407,1364.07
136494,1364.94
136583,1365.83
136673,1366.73
136763,1367.63
136848,1368.48
136936,1369.36
137025,1370.25
137113,1371.13
137200,1372.0
137282,1372.82
137364,1373.64
137452,1374.52
137540,1375.4
137631,1376.31
137720,1377.2
137807,1378.07
137900,1379.0
137995,1379.95
138087,1380.87
138174,1381.74
138265,1382.65
138358,1383.58
138451,1384.51
138541,1385.41
138629,1386.29
138720,1387.2
138812,1388.12
138904,1389.04
138992,1389.92
139077,1390.77
139163,1391.63
139255,1392.55
139351,1393.51
139448,1394.48
139543,1395.43
139632,1396.32
139721,1397.21
139813,1398.13
139905,1399.05
139997,1399.97
140085,1400.85
140171,1401.71
140262,1402.62
140355,1403.55
140447,1404.47
140536,1405.36
140622,1406.22
140714,1407.14
140806,1408.06
140900,1409.0
140990,1409.9
141082,1410.82
141175,1411.75
141267,1412.67
141359,1413.59
141450,1414.5
141540,1415.4
141631,1416.31
141723,1417.23
141814,1418.14
141904,1419.04
141996,1419.96
142087,1420.87
142178,1421.78
142262,1422.62
142348,1423.48
142435,1424.35
142522,1425.22
142610,1426.1
142693,1426.93
142778,1427.78
142867,1428.67
142958,1429.58
143050,1430.5
143139,1431.39
143228,1432.28
143320,1433.2
143412,1434.12
143502,1435.02
143588,1435.88
143678,1436.78
143768,1437.68
143855,1438.55
143939,1439.39
144029,1440.29
144120,1441.2
144208,1442.08
144295,1442.95
144382,1443.82
144472,1444.72
144561,1445.61
144643,1446.43
144726,1447.26
144811,1448.11
144895,1448.95
144981,1449.81
145061,1450.61
145141,1451.41
145227,1452.27
145315,1453.15
145403,1454.03
145489,1454.89
145578,1455.78
145673,1456.73
145774,1457.74
145869,1458.69
145959,1459.59
146051,1460.51
146142,1461.42
146236,1462.36
146328,1463.28
146414,1464.14
146504,1465.04
146595,1465.95
146688,1466.88
146784,1467.84
146874,1468.74
146968,1469.68
147065,1470.65
147162,1471.62
147255,1472.55
147345,1473.45
147436,1474.36
147529,1475.29
147624,1476.24
147714,1477.14
147803,1478.03
147893,1478.93
147985,1479.85
148076,1480.76
148163,1481.63
148246,1482.46
148335,1483.35
148425,1484.25
148509,1485.09
148592,1485.92
148680,1486.8
148769,1487.69
148859,1488.59
148940,1489.4
149025,1490.25
149113,1491.13
149201,1492.01
149285,1492.85
149367,1493.67
149451,1494.51
149537,1495.37
149624,1496.24
149708,1497.08
149790,1497.9
149879,1498.79
149969,1499.69
150059,1500.59
150148,1501.48
150231,1502.31
150321,1503.21
150408,1504.08
150494,1504.94
150574,1505.74
150654,1506.54
150742,1507.42
150828,1508.28
150910,1509.1
150994,1509.94
151078,1510.78
151164,1511.64
151252,1512.52
151338,1513.38
151421,1514.21
151504,1515.04
151594,1515.94
151686,1516.86
151775,1517.75
151860,1518.6
151948,1519.48
152041,1520.41
152134,1521.34
152225,1522.25
152312,1523.12
152402,1524.02
152495,1524.95
152587,1525.87
152675,1526.75
152758,1527.58
152849,1528.49
152940,1529.4
153032,1530.32
153123,1531.23
153207,1532.07
153294,1532.94
153383,1533.83
153472,1534.72
153563,1535.63
153653,1536.53
153742,1537.42
153832,1538.32
153926,1539.26
154019,1540.19
154108,1541.08
154192,1541.92
154280,1542.8
154369,1543.69
154459,1544.59
154551,1545.51
154640,1546.4
154726,1547.26
154817,1548.17
154913,1549.13
155003,1550.03
155090,1550.9
155172,1551.72
155261,1552.61
155350,1553.5
155439,1554.39
155521,1555.21
155608,1556.08
155695,1556.95
155783,1557.83
155872,1558.72
155955,1559.55
156044,1560.44
156132,1561.32
156222,1562.22
156309,1563.09
156392,1563.92
156477,1564.77
156566,1565.66
156656,1566.56
156749,1567.49
156839,1568.39
156920,1569.2
157007,1570.07
157095,1570.95
157186,1571.86
157277,1572.77
157366,1573.66
157452,1574.52
157541,1575.41
157635,1576.35
157724,1577.24
157808,1578.08
157897,1578.97
157991,1579.91
158091,1580.91
158188,1581.88
158280,1582.8
158365,1583.65
158460,1584.6
158555,1585.55
158652,1586.52
158746,1587.46
158834,1588.34
158921,1589.21
159013,1590.13
159113,1591.13
159210,1592.1
159306,1593.06
159399,1593.99
159493,1594.93
159588,1595.88
159682,1596.82
159771,1597.71
159856,1598.56
159946,1599.46
160037,1600.37
160130,1601.3
160222,1602.22
160311,1603.11
160398,1603.98
160488,1604.88
160576,1605.76
160664,1606.64
160747,1607.47
160830,1608.3
160920,1609.2
161009,1610.09
161099,1610.99
161185,1611.85
161270,1612.7
161362,1613.62
161459,1614.59
161557,1615.57
161650,1616.5
161744,1617.44
161841,1618.41
161939,1619.39
162031,1620.31
162121,1621.21
162213,1622.13
162305,1623.05
162399,1623.99
162491,1624.91
162586,1625.86
162685,1626.85
162781,1627.81
162873,1628.73
162963,1629.63
163053,1630.53
163150,1631.5
163251,1632.51
163346,1633.46
163438,1634.38
163531,1635.31
163628,1636.28
163723,1637.23
163813,1638.13
163907,1639.07
164002,1640.02
164098,1640.98
164193,1641.93
164284,1642.84
164373,1643.73
164465,1644.65
164560,1645.6
164651,1646.51
164742,1647.42
164831,1648.31
164922,1649.22
165008,1650.08
165094,1650.94
165184,1651.84
165276,1652.76
165362,1653.62
165442,1654.42
165528,1655.28
165613,1656.13
165694,1656.94
165778,1657.78
165865,1658.65
165946,1659.46
166032,1660.32
166130,1661.3
166229,1662.29
166324,1663.24
166414,1664.14
166494,1664.94
166580,1665.8
166662,1666.62
166746,1667.46
166838,1668.38
166929,1669.29
167008,1670.08
167085,1670.85
167164,1671.64
167250,1672.5
167341,1673.41
167425,1674.25
167507,1675.07
167591,1675.91
167682,1676.82
167773,1677.73
167864,1678.64
167954,1679.54
168039,1680.39
168130,1681.3
168223,1682.23
168319,1683.19
168415,1684.15
168511,1685.11
168603,1686.03
168695,1686.95
168792,1687.92
168889,1688.89
168986,1689.86
169083,1690.83
169178,1691.78
169271,1692.71
169362,1693.62
169451,1694.51
169541,1695.41
169636,1696.36
169735,1697.35
169836,1698.36
169932,1699.32
170024,1700.24
170115,1701.15
170208,1702.08
170302,1703.02
170395,1703.95
170489,1704.89
170581,1705.81
170674,1706.74
170773,1707.73
170873,1708.73
170971,1709.71
171064,1710.64
171154,1711.54
171244,1712.44
171334,1713.34
171421,1714.21
171512,1715.12
171614,1716.14
171725,1717.25
171839,1718.39
171945,1719.45
172037,1720.37
172124,1721.24
172218,1722.18
172317,1723.17
172416,1724.16
172508,1725.08
172604,1726.04
172703,1727.03
172804,1728.04
172900,1729.0
172991,1729.91
173085,1730.85
173179,1731.79
173272,1732.72
173363,1733.63
173450,1734.5
173541,1735.41
173633,1736.33
173726,1737.26
173816,1738.16
173898,1738.98
173988,1739.88
174083,1740.83
174193,1741.93
174304,1743.04
174405,1744.05
174503,1745.03
174596,1745.96
174687,1746.87
174771,1747.71
174854,1748.54
174945,1749.45
175039,1750.39
175140,1751.4
175240,1752.4
175334,1753.34
175429,1754.29
175523,1755.23
175615,1756.15
175699,1756.99
175788,1757.88
175878,1758.78
175972,1759.72
176066,1760.66
176156,1761.56
176244,1762.44
176336,1763.36
176430,1764.3
176524,1765.24
176618,1766.18
176708,1767.08
176796,1767.96
176886,1768.86
176979,1769.79
177072,1770.72
177163,1771.63
177257,1772.57
177355,1773.55
177452,1774.52
177547,1775.47
177633,1776.33
177722,1777.22
177813,1778.13
177905,1779.05
177996,1779.96
178085,1780.85
178173,1781.73
178269,1782.69
178364,1783.64
178453,1784.53
178542,1785.42
178636,1786.36
178730,1787.3
178823,1788.23
178911,1789.11
178999,1789.99
179090,1790.9
179184,1791.84
179276,1792.76
179365,1793.65
179452,1794.52
179543,1795.43
179636,1796.36
179728,1797.28
179820,1798.2
179907,1799.07
179996,1799.96
180089,1800.89
180183,1801.83
180273,1802.73
180357,1803.57
180438,1804.38
180527,1805.27
180619,1806.19
180720,1807.2
180820,1808.2
180914,1809.14
181008,1810.08
181106,1811.06
181201,1812.01
181297,1812.97
181388,1813.88
181473,1814.73
181568,1815.68
181661,1816.61
181755,1817.55
181845,1818.45
181935,1819.35
182027,1820.27
182118,1821.18
182212,1822.12
182304,1823.04
182393,1823.93
182477,1824.77
182567,1825.67
182658,1826.58
182752,1827.52
182844,1828.44
182931,1829.31
183023,1830.23
183118,1831.18
183216,1832.16
183313,1833.13
183405,1834.05
183498,1834.98
183598,1835.98
183695,1836.95
183787,1837.87
183876,1838.76
183967,1839.67
184060,1840.6
184151,1841.51
184234,1842.34
184324,1843.24
184411,1844.11
184501,1845.01
184589,1845.89
184671,1846.71
184762,1847.62
184855,1848.55
184950,1849.5
185042,1850.42
185130,1851.3
185221,1852.21
185310,1853.1
185398,1853.98
185486,1854.86
185573,1855.73
185665,1856.65
185757,1857.57
185850,1858.5
185940,1859.4
186032,1860.32
186130,1861.3
186227,1862.27
186325,1863.25
186417,1864.17
186506,1865.06
186597,1865.97
186689,1866.89
186780,1867.8
186871,1868.71
186965,1869.65
187065,1870.65
187167,1871.67
187264,1872.64
187354,1873.54
187445,1874.45
187539,1875.39
187639,1876.39
187736,1877.36
187829,1878.29
187929,1879.29
188041,1880.41
188151,1881.51
188254,1882.54
188346,1883.46
188440,1884.4
188532,1885.32
188627,1886.27
188721,1887.21
188814,1888.14
188914,1889.14
189011,1890.11
189104,1891.04
189196,1891.96
189284,1892.84
189377,1893.77
189474,1894.74
189570,1895.7
189663,1896.63
189759,1897.59
189857,1898.57
189953,1899.53
190046,1900.46
190135,1901.35
190224,1902.24
190316,1903.16
190411,1904.11
190506,1905.06
190599,1905.99
190688,1906.88
190783,1907.83
190884,1908.84
190984,1909.84
191080,1910.8
191171,1911.71
191260,1912.6
191355,1913.55
191450,1914.5
191544,1915.44
191634,1916.34
191720,1917.2
191812,1918.12
191905,1919.05
191998,1919.98
192089,1920.89
192177,1921.77
192266,1922.66
192358,1923.58
192451,1924.51
192540,1925.4
192629,1926.29
192721,1927.21
192816,1928.16
192911,1929.11
192998,1929.98
193085,1930.85
193174,1931.74
193269,1932.69
193366,1933.66
193458,1934.58
193550,1935.5
193646,1936.46
193742,1937.42
193836,1938.36
193925,1939.25
194014,1940.14
194103,1941.03
194193,1941.93
194281,1942.81
194370,1943.7
194462,1944.62
194556,1945.56
194647,1946.47
194736,1947.36
194824,1948.24
194906,1949.06
195001,1950.01
195093,1950.93
195186,1951.86
195278,1952.78
195373,1953.73
195474,1954.74
195572,1955.72
195668,1956.68
195758,1957.58
195848,1958.48
195938,1959.38
196030,1960.3
196123,1961.23
196211,1962.11
196300,1963.0
196392,1963.92
196491,1964.91
196590,1965.9
196685,1966.85
196775,1967.75
196870,1968.7
196965,1969.65
197059,1970.59
197148,1971.48
197237,1972.37
197327,1973.27
197416,1974.16
197508,1975.08
197598,1975.98
197689,1976.89
197783,1977.83
197885,1978.85
197991,1979.91
198094,1980.94
198191,1981.91
198287,1982.87
198381,1983.81
198472,1984.72
198561,1985.61
198652,1986.52
198745,1987.45
198841,1988.41
198937,1989.37
199030,1990.3
199120,1991.2
199216,1992.16
199314,1993.14
199411,1994.11
199504,1995.04
199595,1995.95
199689,1996.89
199785,1997.85
199882,1998.82
199975,1999.75
200066,2000.66
200162,2001.62
200258,2002.58
200356,2003.56
200452,2004.52
200542,2005.42
200634,2006.34
200728,2007.28
200823,2008.23
200914,2009.14
201004,2010.04
201098,2010.98
201195,2011.95
201292,2012.92
201385,2013.85
201474,2014.74
201567,2015.67
201661,2016.61
201753,2017.53
201843,2018.43
201931,2019.31
202023,2020.23
202117,2021.17
202214,2022.14
202302,2023.02
202390,2023.9
202477,2024.77
202567,2025.67
202664,2026.64
202756,2027.56
202850,2028.5
202946,2029.46
203042,2030.42
203133,2031.33
203221,2032.21
203309,2033.09
203402,2034.02
203492,2034.92
203578,2035.78
203666,2036.66
203756,2037.56
203847,2038.47
203936,2039.36
204021,2040.21
204107,2041.07
204196,2041.96
204280,2042.8
204364,2043.64
204451,2044.51
204540,2045.4
204630,2046.3
204718,2047.18
204812,2048.12
204909,2049.09
205002,2050.02
205092,2050.92
205183,2051.83
205276,2052.76
205368,2053.68
205462,2054.62
205555,2055.55
205645,2056.45
205738,2057.38
205836,2058.36
205934,2059.34
206031,2060.31
206125,2061.25
206220,2062.2
206316,2063.16
206411,2064.11
206503,2065.03
206593,2065.93
206686,2066.86
206782,2067.82
206877,2068.77
206967,2069.67
207057,2070.57
207149,2071.49
207245,2072.45
207339,2073.39
207431,2074.31
207516,2075.16
207610,2076.1
207706,2077.06
207809,2078.09
207907,2079.07
208001,2080.01
208100,2081.0
208203,2082.03
208306,2083.06
208402,2084.02
208491,2084.91
208583,2085.83
208676,2086.76
208770,2087.7
208864,2088.64
208954,2089.54
209048,2090.48
209150,2091.5
209251,2092.51
209347,2093.47
209438,2094.38
209533,2095.33
209629,2096.29
209728,2097.28
209823,2098.23
209914,2099.14
210007,2100.07
210102,2101.02
210195,2101.95
210291,2102.91
210390,2103.9
210490,2104.9
210583,2105.83
210673,2106.73
210766,2107.66
210860,2108.6
210953,2109.53
211042,2110.42
211130,2111.3
211222,2112.22
211317,2113.17
211411,2114.11
211500,2115.0
211582,2115.82
211676,2116.76
211770,2117.7
211866,2118.66
211962,2119.62
212051,2120.51
212135,2121.35
212231,2122.31
212325,2123.25
212420,2124.2
212513,2125.13
212605,2126.05
212696,2126.96
212790,2127.9
212887,2128.87
212980,2129.8
213070,2130.7
213163,2131.63
213261,2132.61
213360,2133.6
213458,2134.58
213550,2135.5
213642,2136.42
213736,2137.36
213833,2138.33
213929,2139.29
214021,2140.21
214107,2141.07
214193,2141.93
214284,2142.84
214372,2143.72
214461,2144.61
214555,2145.55
214654,2146.54
214756,2147.56
214855,2148.55
214952,2149.52
215058,2150.58
215166,2151.66
215261,2152.61
215351,2153.51
215442,2154.42
215534,2155.34
215628,2156.28
215721,2157.21
215815,2158.15
215917,2159.17
216021,2160.21
216121,2161.21
216212,2162.12
216304,2163.04
216396,2163.96
216488,2164.88
216581,2165.81
216668,2166.68
216751,2167.51
216849,2168.49
216946,2169.46
217042,2170.42
217139,2171.39
217239,2172.39
217359,2173.59
217480,2174.8
217582,2175.82
217690,2176.9
217792,2177.92
217893,2178.93
217991,2179.91
218087,2180.87
218191,2181.91
218294,2182.94
218395,2183.95
218494,2184.94
218588,2185.88
218682,2186.82
218785,2187.85
218886,2188.86
218987,2189.87
219083,2190.83
219182,2191.82
219282,2192.82
219382,2193.82
219480,2194.8
219575,2195.75
219672,2196.72
219772,2197.72
219872,2198.72
219973,2199.73
220070,2200.7
220168,2201.68
220270,2202.7
220371,2203.71
220469,2204.69
220568,2205.68
220668,2206.68
220770,2207.7
220868,2208.68
220964,2209.64
221063,2210.63
221164,2211.64
221263,2212.63
221358,2213.58
221452,2214.52
221548,2215.48
221646,2216.46
221743,2217.43
221839,2218.39
221936,2219.36
222037,2220.37
222141,2221.41
222241,2222.41
222340,2223.4
222442,2224.42
222544,2225.44
222643,2226.43
222739,2227.39
222836,2228.36
222933,2229.33
223032,2230.32
223131,2231.31
223229,2232.29
223330,2233.3
223432,2234.32
223535,2235.35
223639,2236.39
223739,2237.39
223846,2238.46
223952,2239.52
224056,2240.56
224154,2241.54
224255,2242.55
224357,2243.57
224456,2244.56
224552,2245.52
224648,2246.48
224747,2247.47
224852,2248.52
224956,2249.56
225056,2250.56
225159,2251.59
225262,2252.62
225367,2253.67
225466,2254.66
225559,2255.59
225650,2256.5
225743,2257.43
225843,2258.43
225942,2259.42
226046,2260.46
226150,2261.5
226254,2262.54
226354,2263.54
226455,2264.55
226558,2265.58
226657,2266.57
226753,2267.53
226852,2268.52
226954,2269.54
227057,2270.57
227157,2271.57
227260,2272.6
227364,2273.64
227467,2274.67
227565,2275.65
227661,2276.61
227760,2277.6
227859,2278.59
227956,2279.56
228054,2280.54
228152,2281.52
228252,2282.52
228353,2283.53
228452,2284.52
228549,2285.49
228651,2286.51
228753,2287.53
228855,2288.55
228954,2289.54
229054,2290.54
229156,2291.56
229257,2292.57
229353,2293.53
229450,2294.5
229550,2295.5
229650,2296.5
229749,2297.49
229845,2298.45
229942,2299.42
230042,2300.42
230143,2301.43
230243,2302.43
230343,2303.43
230449,2304.49
230554,2305.54
230656,2306.56
230753,2307.53
230851,2308.51
230947,2309.47
231044,2310.44
231136,2311.36
231229,2312.29
231339,2313.39
231443,2314.43
231554,2315.54
231659,2316.59
231774,2317.74
231889,2318.89
232002,2320.02
232108,2321.08
232214,2322.14
232321,2323.21
232426,2324.26
232526,2325.26
232627,2326.27
232729,2327.29
232831,2328.31
232932,2329.32
233030,2330.3
233131,2331.31
233230,2332.3
233326,2333.26
233418,2334.18
233508,2335.08
233605,2336.05
233703,2337.03
233800,2338.0
233894,2338.94
233991,2339.91
234090,2340.9
234186,2341.86
234279,2342.79
234370,2343.7
234467,2344.67
234565,2345.65
234660,2346.6
234751,2347.51
234846,2348.46
234942,2349.42
235040,2350.4
235136,2351.36
235224,2352.24
235318,2353.18
235411,2354.11
235505,2355.05
235599,2355.99
235685,2356.85
235776,2357.76
235869,2358.69
235966,2359.66
236063,2360.63
236155,2361.55
236247,2362.47
236348,2363.48
236452,2364.52
236552,2365.52
236644,2366.44
236737,2367.37
236833,2368.33
236933,2369.33
237030,2370.3
237124,2371.24
237225,2372.25
237333,2373.33
237444,2374.44
237550,2375.5
237659,2376.59
237769,2377.69
237876,2378.76
237976,2379.76
238069,2380.69
238162,2381.62
238262,2382.62
238364,2383.64
238463,2384.63
238565,2385.65
238671,2386.71
238779,2387.79
238881,2388.81
238976,2389.76
239074,2390.74
239172,2391.72
239268,2392.68
239359,2393.59
239444,2394.44
239541,2395.41
239639,2396.39
239738,2397.38
239835,2398.35
239928,2399.28
240028,2400.28
240127,2401.27
240223,2402.23
240316,2403.16
240407,2404.07
240501,2405.01
240602,2406.02
240705,2407.05
240803,2408.03
240898,2408.98
240995,2409.95
241094,2410.94
241192,2411.92
241283,2412.83
241375,2413.75
241473,2414.73
241572,2415.72
241668,2416.68
241761,2417.61
241858,2418.58
241961,2419.61
242063,2420.63
242160,2421.6
242257,2422.57
242361,2423.61
242465,2424.65
242560,2425.6
242651,2426.51
242741,2427.41
242835,2428.35
242933,2429.33
243029,2430.29
243123,2431.23
243221,2432.21
243320,2433.2
243417,2434.17
243509,2435.09
243603,2436.03
243699,2436.99
243793,2437.93
243883,2438.83
243974,2439.74
244070,2440.7
244170,2441.7
244271,2442.71
244367,2443.67
244467,2444.67
244568,2445.68
244668,2446.68
244764,2447.64
244856,2448.56
244951,2449.51
245050,2450.5
245152,2451.52
245249,2452.49
245345,2453.45
245444,2454.44
245546,2455.46
245641,2456.41
245733,2457.33
245829,2458.29
245927,2459.27
246021,2460.21
246110,2461.1
246204,2462.04
246301,2463.01
246398,2463.98
246492,2464.92
246585,2465.85
246680,2466.8
246776,2467.76
246874,2468.74
246966,2469.66
247055,2470.55
247148,2471.48
247245,2472.45
247343,2473.43
247437,2474.37
247531,2475.31
247629,2476.29
247730,2477.3
247824,2478.24
247909,2479.09
248001,2480.01
248096,2480.96
248196,2481.96
248297,2482.97
248394,2483.94
248503,2485.03
248624,2486.24
248746,2487.46
248850,2488.5
248956,2489.56
249070,2490.7
249173,2491.73
249263,2492.63
249377,2493.77
249491,2494.91
249596,2495.96
249687,2496.87
249801,2498.01
249911,2499.11
250019,2500.19
250111,2501.11
250220,2502.2
250325,2503.25
250426,2504.26
250518,2505.18
250623,2506.23
250710,2507.1
250816,2508.16
250922,2509.22
251023,2510.23
251113,2511.13
251218,2512.18
251319,2513.19
251421,2514.21
251522,2515.22
251619,2516.19
251717,2517.17
251816,2518.16
251915,2519.15
252010,2520.1
252096,2520.96
252200,2522.0
252308,2523.08
252414,2524.14
252505,2525.05
252609,2526.09
252711,2527.11
252813,2528.13
252910,2529.1
253006,2530.06
253104,2531.04
253203,2532.03
253302,2533.02
253399,2533.99
253497,2534.97
253599,2535.99
253702,2537.02
253805,2538.05
253898,2538.98
254004,2540.04
254103,2541.03
254201,2542.01
254292,2542.92
254393,2543.93
254491,2544.91
254591,2545.91
254691,2546.91
254782,2547.82
254886,2548.86
254984,2549.84
255082,2550.82
255177,2551.77
255263,2552.63
255363,2553.63
255469,2554.69
255569,2555.69
255670,2556.7
255763,2557.63
255867,2558.67
255971,2559.71
256073,2560.73
256174,2561.74
256271,2562.71
256370,2563.7
256473,2564.73
256576,2565.76
256677,2566.77
256774,2567.74
256875,2568.75
256979,2569.79
257080,2570.8
257173,2571.73
257276,2572.76
257374,2573.74
257475,2574.75
257576,2575.76
257671,2576.71
257767,2577.67
257866,2578.66
257968,2579.68
258067,2580.67
258161,2581.61
258259,2582.59
258361,2583.61
258465,2584.65
258563,2585.63
258664,2586.64
258765,2587.65
258867,2588.67
258963,2589.63
259054,2590.54
259155,2591.55
259253,2592.53
259353,2593.53
259445,2594.45
259547,2595.47
259646,2596.46
259745,2597.45
259838,2598.38
259932,2599.32
260032,2600.32
260135,2601.35
260240,2602.4
260340,2603.4
260441,2604.41
260545,2605.45
260649,2606.49
260746,2607.46
260848,2608.48
260948,2609.48
261050,2610.5
261152,2611.52
261251,2612.51
261349,2613.49
261450,2614.5
261551,2615.51
261649,2616.49
261740,2617.4
261841,2618.41
261940,2619.4
262040,2620.4
262141,2621.41
262238,2622.38
262336,2623.36
262435,2624.35
262532,2625.32
262631,2626.31
262724,2627.24
262822,2628.22
262928,2629.28
263031,2630.31
263127,2631.27
263226,2632.26
263325,2633.25
263421,2634.21
263516,2635.16
263610,2636.1
263710,2637.1
263815,2638.15
263920,2639.2
264020,2640.2
264118,2641.18
264218,2642.18
264316,2643.16
264408,2644.08
264507,2645.07
264606,2646.06
264706,2647.06
264810,2648.1
264906,2649.06
265004,2650.04
265107,2651.07
265208,2652.08
265306,2653.06
265402,2654.02
265499,2654.99
265602,2656.02
265704,2657.04
265804,2658.04
265901,2659.01
266002,2660.02
266108,2661.08
266208,2662.08
266301,2663.01
266399,2663.99
266497,2664.97
266597,2665.97
266698,2666.98
266794,2667.94
266895,2668.95
266998,2669.98
267097,2670.97
267197,2671.97
267293,2672.93
267391,2673.91
267491,2674.91
267595,2675.95
267697,2676.97
267795,2677.95
267896,2678.96
267997,2679.97
268098,2680.98
268193,2681.93
268289,2682.89
268394,2683.94
268501,2685.01
268606,2686.06
268708,2687.08
268807,2688.07
268908,2689.08
269010,2690.1
269106,2691.06
269203,2692.03
269305,2693.05
269407,2694.07
269505,2695.05
269601,2696.01
269697,2696.97
269799,2697.99
269899,2698.99
269992,2699.92
270086,2700.86
270190,2701.9
270291,2702.91
270392,2703.92
270485,2704.85
270588,2705.88
270684,2706.84
270783,2707.83
270877,2708.77
270968,2709.68
271075,2710.75
271181,2711.81
271283,2712.83
271385,2713.85
271491,2714.91
271598,2715.98
271704,2717.04
271803,2718.03
271902,2719.02
272007,2720.07
272108,2721.08
272209,2722.09
272307,2723.07
272405,2724.05
272506,2725.06
272608,2726.08
272709,2727.09
272808,2728.08
272911,2729.11
273013,2730.13
273116,2731.16
273215,2732.15
273311,2733.11
273409,2734.09
273505,2735.05
273595,2735.95
273691,2736.91
273786,2737.86
273885,2738.85
273982,2739.82
274074,2740.74
274170,2741.7
274272,2742.72
274374,2743.74
274472,2744.72
274565,2745.65
274659,2746.59
274755,2747.55
274853,2748.53
274948,2749.48
275039,2750.39
275132,2751.32
275228,2752.28
275325,2753.25
275419,2754.19
275511,2755.11
275607,2756.07
275704,2757.04
275801,2758.01
275894,2758.94
275989,2759.89
276085,2760.85
276186,2761.86
276287,2762.87
276384,2763.84
276483,2764.83
276585,2765.85
276686,2766.86
276784,2767.84
276877,2768.77
276973,2769.73
277071,2770.71
277170,2771.7
277261,2772.61
277352,2773.52
277446,2774.46
277544,2775.44
277640,2776.4
277737,2777.37
277834,2778.34
277938,2779.38
278046,2780.46
278148,2781.48
278243,2782.43
278339,2783.39
278441,2784.41
278543,2785.43
278640,2786.4
278733,2787.33
278830,2788.3
278930,2789.3
279027,2790.27
279121,2791.21
279214,2792.14
279309,2793.09
279403,2794.03
279498,2794.98
279591,2795.91
279684,2796.84
279782,2797.82
279882,2798.82
279980,2799.8
280076,2800.76
280173,2801.73
280269,2802.69
280362,2803.62
280453,2804.53
280546,2805.46
280642,2806.42
280742,2807.42
280844,2808.44
280943,2809.43
281043,2810.43
281142,2811.42
281241,2812.41
281334,2813.34
281426,2814.26
281520,2815.2
281618,2816.18
281717,2817.17
281812,2818.12
281909,2819.09
282009,2820.09
282109,2821.09
282204,2822.04
282294,2822.94
282384,2823.84
282480,2824.8
282574,2825.74
282666,2826.66
282761,2827.61
282862,2828.62
282966,2829.66
283067,2830.67
283164,2831.64
283263,2832.63
283364,2833.64
283461,2834.61
283560,2835.6
283654,2836.54
283748,2837.48
283847,2838.47
283953,2839.53
284069,2840.69
284185,2841.85
284302,2843.02
284414,2844.14
284517,2845.17
284610,2846.1
284704,2847.04
284801,2848.01
284899,2848.99
284991,2849.91
285080,2850.8
285175,2851.75
285274,2852.74
285372,2853.72
285466,2854.66
285558,2855.58
285654,2856.54
285750,2857.5
285848,2858.48
285942,2859.42
286033,2860.33
286129,2861.29
286226,2862.26
286321,2863.21
286414,2864.14
286510,2865.1
286606,2866.06
286706,2867.06
286801,2868.01
286893,2868.93
286991,2869.91
287090,2870.9
287187,2871.87
287280,2872.8
287371,2873.71
287468,2874.68
287568,2875.68
287669,2876.69
287767,2877.67
287862,2878.62
287955,2879.55
288053,2880.53
288153,2881.53
288250,2882.5
288345,2883.45
288444,2884.44
288543,2885.43
288643,2886.43
288734,2887.34
288827,2888.27
288919,2889.19
289014,2890.14
289108,2891.08
289198,2891.98
289294,2892.94
289396,2893.96
289498,2894.98
289594,2895.94
289694,2896.94
289796,2897.96
289897,2898.97
289993,2899.93
290088,2900.88
290185,2901.85
290286,2902.86
290389,2903.89
290488,2904.88
290585,2905.85
290685,2906.85
290785,2907.85
290884,2908.84
290978,2909.78
291072,2910.72
291171,2911.71
291271,2912.71
291371,2913.71
291466,2914.66
291559,2915.59
291654,2916.54
291753,2917.53
291847,2918.47
291940,2919.4
292032,2920.32
292128,2921.28
292227,2922.27
292324,2923.24
292409,2924.09
292502,2925.02
292596,2925.96
292693,2926.93
292793,2927.93
292890,2928.9
292985,2929.85
293100,2931.0
293211,2932.11
293327,2933.27
293428,2934.28
293522,2935.22
293618,2936.18
293711,2937.11
293803,2938.03
293899,2938.99
294003,2940.03
294122,2941.22
294242,2942.42
294348,2943.48
294449,2944.49
294551,2945.51
294650,2946.5
294745,2947.45
294837,2948.37
294933,2949.33
295035,2950.35
295137,2951.37
295235,2952.35
295331,2953.31
295433,2954.33
295534,2955.34
295635,2956.35
295730,2957.3
295824,2958.24
295921,2959.21
296020,2960.2
296115,2961.15
296208,2962.08
296308,2963.08
296414,2964.14
296523,2965.23
296624,2966.24
296722,2967.22
296817,2968.17
296917,2969.17
297016,2970.16
297110,2971.1
297208,2972.08
297310,2973.1
297411,2974.11
297507,2975.07
297598,2975.98
297695,2976.95
297793,2977.93
297891,2978.91
297984,2979.84
298079,2980.79
298173,2981.73
298266,2982.66
298362,2983.62
298455,2984.55
298547,2985.47
298644,2986.44
298744,2987.44
298839,2988.39
298932,2989.32
299025,2990.25
299123,2991.23
299223,2992.23
299321,2993.21
299416,2994.16
299509,2995.09
299607,2996.07
299707,2997.07
299803,2998.03
299895,2998.95
299988,2999.88
300085,3000.85
300184,3001.84
300277,3002.77
300368,3003.68
300462,3004.62
300555,3005.55
300651,3006.51
300746,3007.46
300838,3008.38
300937,3009.37
301040,3010.4
301145,3011.45
301246,3012.46
301342,3013.42
301441,3014.41
301539,3015.39
301637,3016.37
301731,3017.31
301827,3018.27
301931,3019.31
302034,3020.34
302131,3021.31
302221,3022.21
302312,3023.12
302406,3024.06
302500,3025.0
302600,3026.0
302696,3026.96
302798,3027.98
302919,3029.19
303040,3030.4
303148,3031.48
303244,3032.44
303341,3033.41
303435,3034.35
303530,3035.3
303626,3036.26
303722,3037.22
303821,3038.21
303928,3039.28
304039,3040.39
304147,3041.47
304251,3042.51
304354,3043.54
304450,3044.5
304540,3045.4
304633,3046.33
304728,3047.28
304828,3048.28
304923,3049.23
305016,3050.16
305115,3051.15
305214,3052.14
305309,3053.09
305407,3054.07
305502,3055.02
305599,3055.99
305694,3056.94
305789,3057.89
305886,3058.86
305984,3059.84
306081,3060.81
306179,3061.79
306287,3062.87
306403,3064.03
306515,3065.15
306619,3066.19
306721,3067.21
306822,3068.22
306918,3069.18
307010,3070.1
307100,3071.0
307197,3071.97
307298,3072.98
307403,3074.03
307506,3075.06
307600,3076.0
307696,3076.96
307795,3077.95
307893,3078.93
307990,3079.9
308083,3080.83
308175,3081.75
308272,3082.72
308374,3083.74
308473,3084.73
308567,3085.67
308658,3086.58
308756,3087.56
308856,3088.56
308953,3089.53
309048,3090.48
309140,3091.4
309236,3092.36
309330,3093.3
309421,3094.21
309512,3095.12
309607,3096.07
309712,3097.12
309823,3098.23
309935,3099.35
310041,3100.41
310146,3101.46
310250,3102.5
310347,3103.47
310438,3104.38
310537,3105.37
310636,3106.36
310737,3107.37
310834,3108.34
310929,3109.29
311030,3110.3
311133,3111.33
311234,3112.34
311333,3113.33
311429,3114.29
311528,3115.28
311625,3116.25
311718,3117.18
311812,3118.12
311911,3119.11
312004,3120.04
312098,3120.98
312189,3121.89
312285,3122.85
312387,3123.87
312491,3124.91
312593,3125.93
312691,3126.91
312813,3128.13
312928,3129.28
313050,3130.5
313152,3131.52
313255,3132.55
313357,3133.57
313461,3134.61
313564,3135.64
313659,3136.59
313754,3137.54
313857,3138.57
313962,3139.62
314065,3140.65
314161,3141.61
314255,3142.55
314352,3143.52
314453,3144.53
314553,3145.53
314649,3146.49
314739,3147.39
314833,3148.33
314931,3149.31
315030,3150.3
315125,3151.25
315219,3152.19
315320,3153.2
315419,3154.19
315517,3155.17
315609,3156.09
315704,3157.04
315801,3158.01
315900,3159.0
315994,3159.94
316086,3160.86
316182,3161.82
316281,3162.81
316378,3163.78
316474,3164.74
316564,3165.64
316657,3166.57
316754,3167.54
316854,3168.54
316951,3169.51
317046,3170.46
317141,3171.41
317238,3172.38
317337,3173.37
317435,3174.35
317531,3175.31
317630,3176.3
317732,3177.32
317833,3178.33
317930,3179.3
318026,3180.26
318128,3181.28
318242,3182.42
318357,3183.57
318458,3184.58
318560,3185.6
318661,3186.61
318757,3187.57
318855,3188.55
318955,3189.55
319075,3190.75
319195,3191.95
319304,3193.04
319414,3194.14
319525,3195.25
319626,3196.26
319731,3197.31
319838,3198.38
319943,3199.43
320043,3200.43
320139,3201.39
320239,3202.39
320344,3203.44
320444,3204.44
320538,3205.38
320635,3206.35
320734,3207.34
320832,3208.32
320933,3209.33
321029,3210.29
321124,3211.24
321231,3212.31
321343,3213.43
321448,3214.48
321546,3215.46
321643,3216.43
321740,3217.4
321839,3218.39
321936,3219.36
322032,3220.32
322128,3221.28
322227,3222.27
322328,3223.28
322426,3224.26
322519,3225.19
322617,3226.17
322716,3227.16
322812,3228.12
322906,3229.06
323001,3230.01
323097,3230.97
323197,3231.97
323294,3232.94
323387,3233.87
323484,3234.84
323586,3235.86
323693,3236.93
323793,3237.93
323894,3238.94
323996,3239.96
324100,3241.0
324206,3242.06
324305,3243.05
324403,3244.03
324505,3245.05
324608,3246.08
324707,3247.07
324802,3248.02
324898,3248.98
324997,3249.97
325098,3250.98
325197,3251.97
325292,3252.92
325388,3253.88
325487,3254.87
325587,3255.87
325681,3256.81
325772,3257.72
325868,3258.68
325965,3259.65
326062,3260.62
326158,3261.58
326249,3262.49
326345,3263.45
326442,3264.42
326541,3265.41
326640,3266.4
326732,3267.32
326825,3268.25
326921,3269.21
327017,3270.17
327114,3271.14
327207,3272.07
327301,3273.01
327401,3274.01
327497,3274.97
327592,3275.92
327685,3276.85
327779,3277.79
327882,3278.82
327986,3279.86
328084,3280.84
328178,3281.78
328278,3282.78
328379,3283.79
328477,3284.77
328570,3285.7
328665,3286.65
328765,3287.65
328865,3288.65
328967,3289.67
329061,3290.61
329155,3291.55
329274,3292.74
329393,3293.93
329495,3294.95
329593,3295.93
329695,3296.95
329803,3298.03
329909,3299.09
330011,3300.11
330118,3301.18
330224,3302.24
330329,3303.29
330427,3304.27
330534,3305.34
330637,3306.37
330740,3307.4
330840,3308.4
330938,3309.38
331038,3310.38
331144,3311.44
331250,3312.5
331352,3313.52
331451,3314.51
331554,3315.54
331657,3316.57
331758,3317.58
331858,3318.58
331950,3319.5
332055,3320.55
332158,3321.58
332261,3322.61
332359,3323.59
332462,3324.62
332565,3325.65
332669,3326.69
332769,3327.69
332867,3328.67
332970,3329.7
333073,3330.73
333175,3331.75
333275,3332.75
333368,3333.68
333473,3334.73
333577,3335.77
333681,3336.81
333782,3337.82
333883,3338.83
333988,3339.88
334093,3340.93
334193,3341.93
334291,3342.91
334394,3343.94
334500,3345.0
334605,3346.05
334704,3347.04
334802,3348.02
334901,3349.01
335001,3350.01
335103,3351.03
335200,3352.0
335301,3353.01
335405,3354.05
335511,3355.11
335615,3356.15
335716,3357.16
335822,3358.22
335929,3359.29
336035,3360.35
336135,3361.35
336234,3362.34
336339,3363.39
336445,3364.45
336552,3365.52
336655,3366.55
336756,3367.56
336859,3368.59
336962,3369.62
337050,3370.5
337142,3371.42
337240,3372.4
337342,3373.42
337455,3374.55
337562,3375.62
337664,3376.64
337772,3377.72
337880,3378.8
337986,3379.86
338085,3380.85
338187,3381.87
338292,3382.92
338395,3383.95
338496,3384.96
338594,3385.94
338697,3386.97
338800,3388.0
338904,3389.04
339007,3390.07
339107,3391.07
339211,3392.11
339315,3393.15
339420,3394.2
339520,3395.2
339617,3396.17
339718,3397.18
339821,3398.21
339925,3399.25
340029,3400.29
340130,3401.3
340236,3402.36
340342,3403.42
340448,3404.48
340551,3405.51
340652,3406.52
340756,3407.56
340859,3408.59
340960,3409.6
341057,3410.57
341159,3411.59
341260,3412.6
341363,3413.63
341463,3414.63
341561,3415.61
341662,3416.62
341765,3417.65
341868,3418.68
341965,3419.65
342061,3420.61
342158,3421.58
342257,3422.57
342356,3423.56
342454,3424.54
342551,3425.51
342654,3426.54
342759,3427.59
342865,3428.65
342965,3429.65
343068,3430.68
343176,3431.76
343281,3432.81
343385,3433.85
343485,3434.85
343589,3435.89
343694,3436.94
343797,3437.97
343898,3438.98
343997,3439.97
344100,3441.0
344201,3442.01
344304,3443.04
344404,3444.04
344508,3445.08
344616,3446.16
344721,3447.21
344823,3448.23
344921,3449.21
345020,3450.2
345121,3451.21
345223,3452.23
345324,3453.24
345419,3454.19
345514,3455.14
345619,3456.19
345728,3457.28
345831,3458.31
345937,3459.37
346042,3460.42
346147,3461.47
346245,3462.45
346337,3463.37
346431,3464.31
346527,3465.27
346628,3466.28
346722,3467.22
346820,3468.2
346921,3469.21
347026,3470.26
347132,3471.32
347231,3472.31
347328,3473.28
347425,3474.25
347523,3475.23
347622,3476.22
347718,3477.18
347815,3478.15
347917,3479.17
348020,3480.2
348120,3481.2
348214,3482.14
348306,3483.06
348404,3484.04
348507,3485.07
348610,3486.1
348708,3487.08
348800,3488.0
348899,3488.99
349002,3490.02
349102,3491.02
349198,3491.98
349291,3492.91
349387,3493.87
349487,3494.87
349586,3495.86
349681,3496.81
349774,3497.74
349867,3498.67
349964,3499.64
350061,3500.61
350157,3501.57
350258,3502.58
350365,3503.65
350472,3504.72
350561,3505.61
350650,3506.5
350747,3507.47
350845,3508.45
350940,3509.4
351035,3510.35
351130,3511.3
351232,3512.32
351348,3513.48
351472,3514.72
351588,3515.88
351701,3517.01
351818,3518.18
351931,3519.31
352031,3520.31
352130,3521.3
352231,3522.31
352336,3523.36
352444,3524.44
352546,3525.46
352647,3526.47
352751,3527.51
352856,3528.56
352954,3529.54
353049,3530.49
353148,3531.48
353244,3532.44
353340,3533.4
353433,3534.33
353529,3535.29
353634,3536.34
353740,3537.4
353837,3538.37
353930,3539.3
354029,3540.29
354131,3541.31
354230,3542.3
354323,3543.23
354417,3544.17
354514,3545.14
354615,3546.15
354714,3547.14
354808,3548.08
354904,3549.04
355002,3550.02
355101,3551.01
355197,3551.97
355291,3552.91
355388,3553.88
355489,3554.89
355593,3555.93
355688,3556.88
355780,3557.8
355875,3558.75
355970,3559.7
356071,3560.71
356168,3561.68
356261,3562.61
356358,3563.58
356466,3564.66
356575,3565.75
356682,3566.82
356782,3567.82
356885,3568.85
356991,3569.91
357095,3570.95
357195,3571.95
357289,3572.89
357384,3573.84
357485,3574.85
357584,3575.84
357679,3576.79
357770,3577.7
357868,3578.68
357970,3579.7
358072,3580.72
358172,3581.72
358270,3582.7
358374,3583.74
358483,3584.83
358598,3585.98
358699,3586.99
358798,3587.98
358898,3588.98
358996,3589.96
359096,3590.96
359191,3591.91
359285,3592.85
359387,3593.87
359490,3594.9
359594,3595.94
359692,3596.92
359791,3597.91
359892,3598.92
359991,3599.91
360086,3600.86
360182,3601.82
360282,3602.82
360386,3603.86
360484,3604.84
360578,3605.78
360675,3606.75
360779,3607.79
360885,3608.85
360989,3609.89
361086,3610.86
361184,3611.84
361278,3612.78
361377,3613.77
361475,3614.75
361570,3615.7
361668,3616.68
361775,3617.75
361883,3618.83
361987,3619.87
362082,3620.82
362177,3621.77
362274,3622.74
362374,3623.74
362468,3624.68
362561,3625.61
362657,3626.57
362751,3627.51
362849,3628.49
362942,3629.42
363034,3630.34
363133,3631.33
363233,3632.33
363331,3633.31
363428,3634.28
363520,3635.2
363617,3636.17
363718,3637.18
363817,3638.17
363913,3639.13
364009,3640.09
364106,3641.06
364207,3642.07
364306,3643.06
364399,3643.99
364493,3644.93
364592,3645.92
364692,3646.92
364792,3647.92
364887,3648.87
364979,3649.79
365075,3650.75
365172,3651.72
365266,3652.66
365358,3653.58
365450,3654.5
365547,3655.47
365650,3656.5
365756,3657.56
365855,3658.55
365959,3659.59
366074,3660.74
366190,3661.9
366293,3662.93
366396,3663.96
366502,3665.02
366608,3666.08
366709,3667.09
366801,3668.01
366897,3668.97
366999,3669.99
367101,3671.01
367198,3671.98
367291,3672.91
367388,3673.88
367486,3674.86
367584,3675.84
367680,3676.8
367773,3677.73
367871,3678.71
367976,3679.76
368082,3680.82
368180,3681.8
368267,3682.67
368367,3683.67
368465,3684.65
368562,3685.62
368659,3686.59
368751,3687.51
368845,3688.45
368946,3689.46
369048,3690.48
369142,3691.42
369236,3692.36
369335,3693.35
369436,3694.36
369539,3695.39
369634,3696.34
369730,3697.3
369826,3698.26
369923,3699.23
370019,3700.19
370105,3701.05
370201,3702.01
370299,3702.99
370404,3704.04
370505,3705.05
370606,3706.06
370714,3707.14
370841,3708.41
370968,3709.68
371085,3710.85
371197,3711.97
371304,3713.04
371402,3714.02
371502,3715.02
371608,3716.08
371718,3717.18
371824,3718.24
371931,3719.31
372040,3720.4
372147,3721.47
372250,3722.5
372349,3723.49
372455,3724.55
372567,3725.67
372677,3726.77
372778,3727.78
372879,3728.79
372985,3729.85
373091,3730.91
373194,3731.94
373291,3732.91
373391,3733.91
373492,3734.92
373601,3736.01
373706,3737.06
373806,3738.06
373909,3739.09
374013,3740.13
374114,3741.14
374216,3742.16
374312,3743.12
374407,3744.07
374504,3745.04
374605,3746.05
374702,3747.02
374793,3747.93
374893,3748.93
374995,3749.95
375097,3750.97
375195,3751.95
375292,3752.92
375395,3753.95
375505,3755.05
375610,3756.1
375709,3757.09
375809,3758.09
375918,3759.18
376025,3760.25
376123,3761.23
376216,3762.16
376312,3763.12
376413,3764.13
376517,3765.17
376619,3766.19
376720,3767.2
376828,3768.28
376945,3769.45
377059,3770.59
377165,3771.65
377273,3772.73
377379,3773.79
377480,3774.8
377576,3775.76
377672,3776.72
377772,3777.72
377880,3778.8
377991,3779.91
378095,3780.95
378201,3782.01
378310,3783.1
378417,3784.17
378520,3785.2
378619,3786.19
378723,3787.23
378834,3788.34
378943,3789.43
379050,3790.5
379164,3791.64
379282,3792.82
379396,3793.96
379503,3795.03
379603,3796.03
379705,3797.05
379811,3798.11
379917,3799.17
380015,3800.15
380113,3801.13
380215,3802.15
380323,3803.23
380428,3804.28
380527,3805.27
380628,3806.28
380731,3807.31
380834,3808.34
380929,3809.29
381021,3810.21
381120,3811.2
381222,3812.22
381326,3813.26
381427,3814.27
381525,3815.25
381628,3816.28
381743,3817.43
381853,3818.53
381955,3819.55
382051,3820.51
382153,3821.53
382259,3822.59
382364,3823.64
382467,3824.67
382565,3825.65
382668,3826.68
382774,3827.74
382879,3828.79
382979,3829.79
383078,3830.78
383182,3831.82
383284,3832.84
383380,3833.8
383471,3834.71
383565,3835.65
383663,3836.63
383768,3837.68
383870,3838.7
383969,3839.69
384074,3840.74
384183,3841.83
384292,3842.92
384393,3843.93
384492,3844.92
384586,3845.86
384681,3846.81
384773,3847.73
384864,3848.64
384961,3849.61
385061,3850.61
385161,3851.61
385259,3852.59
385364,3853.64
385475,3854.75
385581,3855.81
385682,3856.82
385785,3857.85
385887,3858.87
385983,3859.83
386077,3860.77
386174,3861.74
386290,3862.9
386410,3864.1
386526,3865.26
386632,3866.32
386742,3867.42
386859,3868.59
386974,3869.74
387075,3870.75
387177,3871.77
387281,3872.81
387385,3873.85
387486,3874.86
387587,3875.87
387688,3876.88
387791,3877.91
387891,3878.91
387986,3879.86
388083,3880.83
388185,3881.85
388291,3882.91
388390,3883.9
388490,3884.9
388593,3885.93
388696,3886.96
388793,3887.93
388891,3888.91
388992,3889.92
389091,3890.91
389186,3891.86
389280,3892.8
389375,3893.75
389473,3894.73
389571,3895.71
389670,3896.7
389774,3897.74
389885,3898.85
389998,3899.98
390104,3901.04
390203,3902.03
390299,3902.99
390395,3903.95
390496,3904.96
390598,3905.98
390696,3906.96
390794,3907.94
390901,3909.01
391012,3910.12
391118,3911.18
391216,3912.16
391305,3913.05
391397,3913.97
391494,3914.94
391600,3916.0
391705,3917.05
391814,3918.14
391932,3919.32
392057,3920.57
392170,3921.7
392270,3922.7
392377,3923.77
392490,3924.9
392599,3925.99
392704,3927.04
392803,3928.03
392906,3929.06
393012,3930.12
393117,3931.17
393217,3932.17
393322,3933.22
393428,3934.28
393531,3935.31
393630,3936.3
393730,3937.3
393833,3938.33
393939,3939.39
394045,3940.45
394144,3941.44
394246,3942.46
394349,3943.49
394456,3944.56
394561,3945.61
394663,3946.63
394772,3947.72
394882,3948.82
394990,3949.9
395091,3950.91
395192,3951.92
395292,3952.92
395395,3953.95
395493,3954.93
395589,3955.89
395691,3956.91
395799,3957.99
395903,3959.03
396000,3960.0
396097,3960.97
396198,3961.98
396304,3963.04
396405,3964.05
396500,3965.0
396601,3966.01
396707,3967.07
396815,3968.15
396919,3969.19
397017,3970.17
397116,3971.16
397221,3972.21
397326,3973.26
397427,3974.27
397524,3975.24
397623,3976.23
397727,3977.27
397829,3978.29
397929,3979.29
398023,3980.23
398119,3981.19
398220,3982.2
398324,3983.24
398427,3984.27
398525,3985.25
398626,3986.26
398726,3987.26
398828,3988.28
398926,3989.26
399022,3990.22
399120,3991.2
399220,3992.2
399318,3993.18
399412,3994.12
399507,3995.07
399610,3996.1
399716,3997.16
399817,3998.17
399914,3999.14
400019,4000.19
400125,4001.25
400229,4002.29
400328,4003.28
400432,4004.32
400537,4005.37
400640,4006.4
400738,4007.38
400836,4008.36
400937,4009.37
401038,4010.38
401136,4011.36
401232,4012.32
401326,4013.26
401427,4014.27
401526,4015.26
401624,4016.24
401722,4017.22
401826,4018.26
401933,4019.33
402035,4020.35
402135,4021.35
402237,4022.37
402339,4023.39
402438,4024.38
402534,4025.34
402644,4026.44
402756,4027.56
402870,4028.7
402974,4029.74
403076,4030.76
403175,4031.75
403277,4032.77
403382,4033.82
403482,4034.82
403590,4035.9
403708,4037.08
403823,4038.23
403913,4039.13
403996,4039.96
404079,4040.79
404169,4041.69
404270,4042.7
404368,4043.68
404457,4044.57
404540,4045.4
404624,4046.24
404706,4047.06
404789,4047.89
404868,4048.68
404958,4049.58
405044,4050.44
405119,4051.19
405193,4051.93
405270,4052.7
405347,4053.47
405432,4054.32
405513,4055.13
405594,4055.94
405672,4056.72
405745,4057.45
405815,4058.15
405885,4058.85
405953,4059.53
406045,4060.45
406131,4061.31
406217,4062.17
406280,4062.8
406343,4063.43
406406,4064.06
406468,4064.68
406530,4065.3
406585,4065.85
406641,4066.41
406717,4067.17
406780,4067.8
406845,4068.45
406912,4069.12
406981,4069.81
407052,4070.52
407121,4071.21
407168,4071.68
407215,4072.15
407267,4072.67
407319,4073.19
407382,4073.82
407446,4074.46
407509,4075.09
407573,4075.73
407638,4076.38
407704,4077.04
407771,4077.71
407837,4078.37
407904,4079.04
407972,4079.72
408038,4080.38
408105,4081.05
408175,4081.75
408247,4082.47
408325,4083.25
408415,4084.15
408514,4085.14
408615,4086.15
408715,4087.15
408811,4088.11
408903,4089.03
408991,4089.91
409075,4090.75
409160,4091.6
409248,4092.48
409349,4093.49
409463,4094.63
409580,4095.8
409696,4096.96
409806,4098.06
409907,4099.07
410017,4100.17
410141,4101.41
410271,4102.71
410383,4103.83
410484,4104.84
410592,4105.92
410690,4106.9
410787,4107.87
410881,4108.81
410992,4109.92
411141,4111.41
411270,4112.7
411380,4113.8
411480,4114.8
411584,4115.84
411692,4116.92
411797,4117.97
411895,4118.95
411992,4119.92
412098,4120.98
412209,4122.09
412319,4123.19
412422,4124.22
412519,4125.19
412625,4126.25
412730,4127.3
412827,4128.27
412920,4129.2
413017,4130.17
413127,4131.27
413264,4132.64
413402,4134.02
413531,4135.31
413655,4136.55
413768,4137.68
413871,4138.71
413976,4139.76
414091,4140.91
414204,4142.04
414309,4143.09
414409,4144.09
414510,4145.1
414609,4146.09
414709,4147.09
414807,4148.07
414926,4149.26
415046,4150.46
415180,4151.8
415293,4152.93
415412,4154.12
415526,4155.26
415639,4156.39
415743,4157.43
415843,4158.43
415940,4159.4
416039,4160.39
416136,4161.36
416234,4162.34
416355,4163.55
416475,4164.75
416594,4165.94
416700,4167.0
416807,4168.07
416916,4169.16
417023,4170.23
417123,4171.23
417217,4172.17
417320,4173.2
417435,4174.35
417556,4175.56
417674,4176.74
417797,4177.97
417915,4179.15
418032,4180.32
418139,4181.39
418247,4182.47
418358,4183.58
418461,4184.61
418556,4185.56
418651,4186.51
418758,4187.58
418878,4188.78
418988,4189.88
419094,4190.94
419200,4192.0
419319,4193.19
419434,4194.34
419539,4195.39
419636,4196.36
419744,4197.44
419861,4198.61
419970,4199.7
420074,4200.74
420186,4201.86
420302,4203.02
420418,4204.18
420525,4205.25
420627,4206.27
420740,4207.4
420858,4208.58
420970,4209.7
421075,4210.75
421171,4211.71
421268,4212.68
421369,4213.69
421476,4214.76
421608,4216.08
421741,4217.41
421870,4218.7
421987,4219.87
422104,4221.04
422217,4222.17
422325,4223.25
422426,4224.26
422532,4225.32
422641,4226.41
422745,4227.45
422846,4228.46
422938,4229.38
423027,4230.27
423120,4231.2
423220,4232.2
423334,4233.34
423471,4234.71
423609,4236.09
423721,4237.21
423823,4238.23
423933,4239.33
424046,4240.46
424149,4241.49
424245,4242.45
424337,4243.37
424435,4244.35
424558,4245.58
424675,4246.75
424785,4247.85
424893,4248.93
425013,4250.13
425128,4251.28
425239,4252.39
425344,4253.44
425452,4254.52
425564,4255.64
425671,4256.71
425771,4257.71
425876,4258.76
425993,4259.93
426111,4261.11
426217,4262.17
426316,4263.16
426424,4264.24
426537,4265.37
426642,4266.42
426739,4267.39
426840,4268.4
426952,4269.52
427057,4270.57
427165,4271.65
427311,4273.11
427457,4274.57
427574,4275.74
427680,4276.8
427794,4277.94
427908,4279.08
428016,4280.16
428116,4281.16
428217,4282.17
428328,4283.28
428440,4284.4
428553,4285.53
428654,4286.54
428757,4287.57
428874,4288.74
428988,4289.88
429096,4290.96
429210,4292.1
429327,4293.27
429439,4294.39
429543,4295.43
429649,4296.49
429763,4297.63
429875,4298.75
429979,4299.79
430075,4300.75
430176,4301.76
430279,4302.79
430384,4303.84
430485,4304.85
430585,4305.85
430697,4306.97
430805,4308.05
430907,4309.07
431007,4310.07
431113,4311.13
431218,4312.18
431320,4313.2
431418,4314.18
431519,4315.19
431622,4316.22
431721,4317.21
431818,4318.18
431922,4319.22
432030,4320.3
432147,4321.47
432249,4322.49
432355,4323.55
432476,4324.76
432591,4325.91
432701,4327.01
432818,4328.18
432933,4329.33
433046,4330.46
433154,4331.54
433256,4332.56
433371,4333.71
433491,4334.91
433605,4336.05
433713,4337.13
433816,4338.16
433916,4339.16
434014,4340.14
434124,4341.24
434249,4342.49
434375,4343.75
434480,4344.8
434589,4345.89
434702,4347.02
434807,4348.07
434909,4349.09
435015,4350.15
435121,4351.21
435225,4352.25
435323,4353.23
435423,4354.23
435519,4355.19
435613,4356.13
435706,4357.06
435815,4358.15
435949,4359.49
436074,4360.74
436187,4361.87
436302,4363.02
436424,4364.24
436536,4365.36
436639,4366.39
436743,4367.43
436851,4368.51
436962,4369.62
437069,4370.69
437174,4371.74
437284,4372.84
437398,4373.98
437507,4375.07
437610,4376.1
437720,4377.2
437830,4378.3
437937,4379.37
438045,4380.45
438175,4381.75
438305,4383.05
438410,4384.1
438511,4385.11
438615,4386.15
438723,4387.23
438824,4388.24
438924,4389.24
439032,4390.32
439146,4391.46
439253,4392.53
439350,4393.5
439442,4394.42
439539,4395.39
439635,4396.35
439731,4397.31
439826,4398.26
439936,4399.36
440070,4400.7
440197,4401.97
440311,4403.11
440432,4404.32
440554,4405.54
440652,4406.52
440745,4407.45
440847,4408.47
440961,4409.61
441081,4410.81
441193,4411.93
441323,4413.23
441433,4414.33
441538,4415.38
441636,4416.36
441743,4417.43
441847,4418.47
441947,4419.47
442049,4420.49
442183,4421.83
442308,4423.08
442419,4424.19
442518,4425.18
442618,4426.18
442722,4427.22
442822,4428.22
442928,4429.28
443031,4430.31
443162,4431.62
443294,4432.94
443407,4434.07
443513,4435.13
443619,4436.19
443734,4437.34
443844,4438.44
443946,4439.46
444043,4440.43
444145,4441.45
444250,4442.5
444354,4443.54
444457,4444.57
444569,4445.69
444693,4446.93
444808,4448.08
444911,4449.11
445012,4450.12
445113,4451.13
445216,4452.16
445318,4453.18
445436,4454.36
445553,4455.53
445672,4456.72
445781,4457.81
445888,4458.88
445990,4459.9
446091,4460.91
446189,4461.89
446297,4462.97
446412,4464.12
446521,4465.21
446625,4466.25
446726,4467.26
446832,4468.32
446940,4469.4
447049,4470.49
447152,4471.52
447255,4472.55
447367,4473.67
447480,4474.8
447589,4475.89
447690,4476.9
447793,4477.93
447898,4478.98
448004,4480.04
448108,4481.08
448208,4482.08
448311,4483.11
448415,4484.15
448516,4485.16
448613,4486.13
448713,4487.13
448815,4488.15
448918,4489.18
449019,4490.19
449115,4491.15
449215,4492.15
449315,4493.15
449416,4494.16
449525,4495.25
449656,4496.56
449788,4497.88
449897,4498.97
449996,4499.96
450095,4500.95
450198,4501.98
450324,4503.24
450450,4504.5
450567,4505.67
450689,4506.89
450806,4508.06
450915,4509.15
451030,4510.3
451148,4511.48
451260,4512.6
451364,4513.64
451469,4514.69
451577,4515.77
451687,4516.87
451794,4517.94
451894,4518.94
451997,4519.97
452108,4521.08
452222,4522.22
452326,4523.26
452426,4524.26
452528,4525.28
452641,4526.41
452751,4527.51
452856,4528.56
452969,4529.69
453090,4530.9
453208,4532.08
453305,4533.05
453396,4533.96
453489,4534.89
453595,4535.95
453730,4537.3
453866,4538.66
453988,4539.88
454115,4541.15
454232,4542.32
454339,4543.39
454450,4544.5
454563,4545.63
454673,4546.73
454777,4547.77
454886,4548.86
454999,4549.99
455108,4551.08
455212,4552.12
455320,4553.2
455430,4554.3
455539,4555.39
455644,4556.44
455744,4557.44
455848,4558.48
455949,4559.49
456047,4560.47
456148,4561.48
456263,4562.63
456382,4563.82
456496,4564.96
456605,4566.05
456719,4567.19
456832,4568.32
456940,4569.4
457041,4570.41
457142,4571.42
457247,4572.47
457355,4573.55
457462,4574.62
457567,4575.67
457683,4576.83
457797,4577.97
457908,4579.08
458015,4580.15
458124,4581.24
458235,4582.35
458346,4583.46
458451,4584.51
458554,4585.54
458662,4586.62
458767,4587.67
458868,4588.68
458966,4589.66
459069,4590.69
459181,4591.81
459292,4592.92
459396,4593.96
459505,4595.05
459617,4596.17
459730,4597.3
459838,4598.38
459939,4599.39
460044,4600.44
460155,4601.55
460264,4602.64
460370,4603.7
460477,4604.77
460594,4605.94
460710,4607.1
460817,4608.17
460923,4609.23
461043,4610.43
461166,4611.66
461284,4612.84
461383,4613.83
461480,4614.8
461584,4615.84
461689,4616.89
461803,4618.03
461944,4619.44
462086,4620.86
462200,4622.0
462308,4623.08
462424,4624.24
462541,4625.41
462636,4626.36
462725,4627.25
462820,4628.2
462922,4629.22
463028,4630.28
463149,4631.49
463288,4632.88
463417,4634.17
463537,4635.37
463645,4636.45
463749,4637.49
463857,4638.57
463964,4639.64
464065,4640.65
464163,4641.63
464262,4642.62
464366,4643.66
464473,4644.73
464576,4645.76
464674,4646.74
464775,4647.75
464881,4648.81
464984,4649.84
465084,4650.84
465182,4651.82
465282,4652.82
465388,4653.88
465495,4654.95
465597,4655.97
465694,4656.94
465794,4657.94
465897,4658.97
465998,4659.98
466093,4660.93
466189,4661.89
466289,4662.89
466391,4663.91
466493,4664.93
466588,4665.88
466683,4666.83
466782,4667.82
466888,4668.88
466997,4669.97
467106,4671.06
467235,4672.35
467364,4673.64
467472,4674.72
467572,4675.72
467672,4676.72
467781,4677.81
467880,4678.8
467971,4679.71
468061,4680.61
468158,4681.58
468261,4682.61
468380,4683.8
468498,4684.98
468627,4686.27
468757,4687.57
468863,4688.63
468964,4689.64
469066,4690.66
469169,4691.69
469270,4692.7
469366,4693.66
469466,4694.66
469571,4695.71
469675,4696.75
469772,4697.72
469867,4698.67
469967,4699.67
470068,4700.68
470163,4701.63
470257,4702.57
470349,4703.49
470443,4704.43
470540,4705.4
470639,4706.39
470739,4707.39
470855,4708.55
470985,4709.85
471102,4711.02
471208,4712.08
471319,4713.19
471435,4714.35
471546,4715.46
471652,4716.52
471750,4717.5
471850,4718.5
471952,4719.52
472055,4720.55
472160,4721.6
472264,4722.64
472375,4723.75
472485,4724.85
472597,4725.97
472701,4727.01
472804,4728.04
472905,4729.05
473007,4730.07
473105,4731.05
473201,4732.01
473301,4733.01
473403,4734.03
473500,4735.0
473593,4735.93
473692,4736.92
473791,4737.91
473892,4738.92
473988,4739.88
474091,4740.91
474197,4741.97
474306,4743.06
474408,4744.08
474513,4745.13
474618,4746.18
474718,4747.18
474813,4748.13
474907,4749.07
475004,4750.04
475102,4751.02
475201,4752.01
475298,4752.98
475396,4753.96
475494,4754.94
475590,4755.9
475686,4756.86
475780,4757.8
475873,4758.73
475973,4759.73
476076,4760.76
476177,4761.77
476274,4762.74
476373,4763.73
476473,4764.73
476573,4765.73
476671,4766.71
476767,4767.67
476867,4768.67
476970,4769.7
477072,4770.72
477168,4771.68
477267,4772.67
477366,4773.66
477466,4774.66
477561,4775.61
477656,4776.56
477754,4777.54
477851,4778.51
477947,4779.47
478040,4780.4
478132,4781.32
478229,4782.29
478327,4783.27
478423,4784.23
478518,4785.18
478620,4786.2
478726,4787.26
478828,4788.28
478924,4789.24
479018,4790.18
479116,4791.16
479211,4792.11
479304,4793.04
479398,4793.98
479496,4794.96
479597,4795.97
479703,4797.03
479806,4798.06
479909,4799.09
480027,4800.27
480141,4801.41
480249,4802.49
480353,4803.53
480456,4804.56
480562,4805.62
480671,4806.71
480784,4807.84
480907,4809.07
481022,4810.22
481138,4811.38
481242,4812.42
481339,4813.39
481435,4814.35
481529,4815.29
481627,4816.27
481722,4817.22
481818,4818.18
481923,4819.23
482033,4820.33
482147,4821.47
482251,4822.51
482345,4823.45
482437,4824.37
482535,4825.35
482638,4826.38
482739,4827.39
482880,4828.8
483021,4830.21
483137,4831.37
483242,4832.42
483354,4833.54
483463,4834.63
483574,4835.74
483684,4836.84
483788,4837.88
483894,4838.94
484009,4840.09
484123,4841.23
484232,4842.32
484337,4843.37
484452,4844.52
484569,4845.69
484676,4846.76
484776,4847.76
484871,4848.71
484971,4849.71
485073,4850.73
485176,4851.76
485279,4852.79
485378,4853.78
485486,4854.86
485593,4855.93
485697,4856.97
485796,4857.96
485894,4858.94
486000,4860.0
486112,4861.12
486223,4862.23
486323,4863.23
486419,4864.19
486516,4865.16
486614,4866.14
486714,4867.14
486812,4868.12
486907,4869.07
487005,4870.05
487107,4871.07
487210,4872.1
487311,4873.11
487416,4874.16
487526,4875.26
487642,4876.42
487754,4877.54
487861,4878.61
487978,4879.78
488087,4880.87
488190,4881.9
488287,4882.87
488386,4883.86
488495,4884.95
488610,4886.1
488720,4887.2
488824,4888.24
488932,4889.32
489044,4890.44
489156,4891.56
489257,4892.57
489358,4893.58
489470,4894.7
489587,4895.87
489695,4896.95
489797,4897.97
489903,4899.03
490010,4900.1
490116,4901.16
490219,4902.19
490319,4903.19
490418,4904.18
490523,4905.23
490632,4906.32
490736,4907.36
490835,4908.35
490938,4909.38
491044,4910.44
491150,4911.5
491253,4912.53
491351,4913.51
491449,4914.49
491548,4915.48
491647,4916.47
491743,4917.43
491837,4918.37
491934,4919.34
492035,4920.35
492133,4921.33
492228,4922.28
492324,4923.24
492424,4924.24
492524,4925.24
492619,4926.19
492715,4927.15
492813,4928.13
492912,4929.12
493009,4930.09
493104,4931.04
493204,4932.04
493304,4933.04
493400,4934.0
493494,4934.94
493590,4935.9
493684,4936.84
493779,4937.79
493874,4938.74
493968,4939.68
494076,4940.76
494196,4941.96
494317,4943.17
494422,4944.22
494527,4945.27
494634,4946.34
494743,4947.43
494846,4948.46
494951,4949.51
495072,4950.72
495186,4951.86
495290,4952.9
495388,4953.88
495489,4954.89
495596,4955.96
495700,4957.0
495800,4958.0
495898,4958.98
495995,4959.95
496092,4960.92
496189,4961.89
496285,4962.85
496387,4963.87
496495,4964.95
496605,4966.05
496712,4967.12
496815,4968.15
496922,4969.22
497027,4970.27
497128,4971.28
497223,4972.23
497317,4973.17
497408,4974.08
497500,4975.0
497594,4975.94
497692,4976.92
497826,4978.26
497961,4979.61
498067,4980.67
498173,4981.73
498283,4982.83
498393,4983.93
498496,4984.96
498596,4985.96
498695,4986.95
498792,4987.92
498891,4988.91
498988,4989.88
499087,4990.87
499195,4991.95
499312,4993.12
499426,4994.26
499531,4995.31
499635,4996.35
499738,4997.38
499842,4998.42
499944,4999.44
500047,5000.47
500150,5001.5
500254,5002.54
500357,5003.57
500463,5004.63
500573,5005.73
500682,5006.82
500787,5007.87
500887,5008.87
500985,5009.85
501083,5010.83
501180,5011.8
501278,5012.78
501377,5013.77
501480,5014.8
501588,5015.88
501704,5017.04
501814,5018.14
501928,5019.28
502038,5020.38
502139,5021.39
502234,5022.34
502330,5023.3
502429,5024.29
502530,5025.3
502628,5026.28
502726,5027.26
502833,5028.33
502945,5029.45
503052,5030.52
503154,5031.54
503259,5032.59
503361,5033.61
503463,5034.63
503564,5035.64
503668,5036.68
503777,5037.77
503887,5038.87
503993,5039.93
504093,5040.93
504195,5041.95
504295,5042.95
504393,5043.93
504489,5044.89
504588,5045.88
504688,5046.88
504786,5047.86
504881,5048.81
504982,5049.82
505085,5050.85
505188,5051.88
505284,5052.84
505379,5053.79
505480,5054.8
505579,5055.79
505676,5056.76
505772,5057.72
505871,5058.71
505972,5059.72
506077,5060.77
506173,5061.73
506267,5062.67
506367,5063.67
506470,5064.7
506569,5065.69
506670,5066.7
506770,5067.7
506877,5068.77
506990,5069.9
507100,5071.0
507214,5072.14
507318,5073.18
507416,5074.16
507512,5075.12
507613,5076.13
507742,5077.42
507871,5078.71
507979,5079.79
508086,5080.86
508199,5081.99
508312,5083.12
508419,5084.19
508525,5085.25
508643,5086.43
508761,5087.61
508874,5088.74
508980,5089.8
509087,5090.87
509195,5091.95
509300,5093.0
509401,5094.01
509499,5094.99
509603,5096.03
509709,5097.09
509817,5098.17
509922,5099.22
510024,5100.24
510128,5101.28
510229,5102.29
510326,5103.26
510417,5104.17
510509,5105.09
510604,5106.04
510699,5106.99
510792,5107.92
510886,5108.86
510983,5109.83
511079,5110.79
511172,5111.72
511263,5112.63
511358,5113.58
511458,5114.58
511562,5115.62
511660,5116.6
511753,5117.53
511846,5118.46
511942,5119.42
512040,5120.4
512135,5121.35
512238,5122.38
512356,5123.56
512474,5124.74
512574,5125.74
512664,5126.64
512752,5127.52
512845,5128.45
512943,5129.43
513044,5130.44
513148,5131.48
513285,5132.85
513423,5134.23
513539,5135.39
513651,5136.51
513766,5137.66
513873,5138.73
513976,5139.76
514078,5140.78
514199,5141.99
514317,5143.17
514425,5144.25
514528,5145.28
514641,5146.41
514752,5147.52
514860,5148.6
514961,5149.61
515053,5150.53
515137,5151.37
515228,5152.28
515321,5153.21
515417,5154.17
515516,5155.16
515645,5156.45
515775,5157.75
515894,5158.94
516002,5160.02
516109,5161.09
516222,5162.22
516335,5163.35
516442,5164.42
516542,5165.42
516646,5166.46
516751,5167.51
516856,5168.56
516956,5169.56
517055,5170.55
517154,5171.54
517253,5172.53
517347,5173.47
517446,5174.46
517547,5175.47
517648,5176.48
517748,5177.48
517845,5178.45
517949,5179.49
518054,5180.54
518157,5181.57
518253,5182.53
518348,5183.48
518447,5184.47
518548,5185.48
518646,5186.46
518744,5187.44
518850,5188.5
518957,5189.57
519058,5190.58
519154,5191.54
519251,5192.51
519351,5193.51
519450,5194.5
519547,5195.47
519642,5196.42
519738,5197.38
519836,5198.36
519931,5199.31
520021,5200.21
520113,5201.13
520211,5202.11
520313,5203.13
520417,5204.17
520518,5205.18
520616,5206.16
520717,5207.17
520817,5208.17
520914,5209.14
521009,5210.09
521102,5211.02
521202,5212.02
521301,5213.01
521394,5213.94
521484,5214.84
521578,5215.78
521672,5216.72
521765,5217.65
521858,5218.58
521953,5219.53
522060,5220.6
522169,5221.69
522275,5222.75
522377,5223.77
522483,5224.83
522588,5225.88
522692,5226.92
522794,5227.94
522891,5228.91
522990,5229.9
523089,5230.89
523190,5231.9
523289,5232.89
523388,5233.88
523496,5234.96
523606,5236.06
523715,5237.15
523817,5238.17
523911,5239.11
524008,5240.08
524105,5241.05
524204,5242.04
524304,5243.04
524412,5244.12
524529,5245.29
524646,5246.46
524758,5247.58
524870,5248.7
524984,5249.84
525094,5250.94
525194,5251.94
525295,5252.95
525401,5254.01
525509,5255.09
525614,5256.14
525713,5257.13
525816,5258.16
525921,5259.21
526027,5260.27
526130,5261.3
526230,5262.3
526334,5263.34
526434,5264.34
526531,5265.31
526625,5266.25
526719,5267.19
526816,5268.16
526916,5269.16
527016,5270.16
527115,5271.15
527210,5272.1
527307,5273.07
527406,5274.06
527504,5275.04
527599,5275.99
527691,5276.91
527786,5277.86
527885,5278.85
527982,5279.82
528077,5280.77
528170,5281.7
528263,5282.63
528364,5283.64
528467,5284.67
528565,5285.65
528659,5286.59
528755,5287.55
528856,5288.56
528955,5289.55
529051,5290.51
529145,5291.45
529242,5292.42
529346,5293.46
529449,5294.49
529548,5295.48
529651,5296.51
529755,5297.55
529854,5298.54
529950,5299.5
530046,5300.46
530151,5301.51
530254,5302.54
530353,5303.53
530448,5304.48
530542,5305.42
530642,5306.42
530743,5307.43
530841,5308.41
530936,5309.36
531029,5310.29
531124,5311.24
531222,5312.22
531320,5313.2
531418,5314.18
531513,5315.13
531608,5316.08
531704,5317.04
531801,5318.01
531897,5318.97
531992,5319.92
532091,5320.91
532190,5321.9
532289,5322.89
532384,5323.84
532479,5324.79
532578,5325.78
532677,5326.77
532781,5327.81
532881,5328.81
532978,5329.78
533076,5330.76
533180,5331.8
533285,5332.85
533388,5333.88
533486,5334.86
533588,5335.88
533691,5336.91
533792,5337.92
533889,5338.89
533982,5339.82
534075,5340.75
534174,5341.74
534274,5342.74
534376,5343.76
534476,5344.76
534583,5345.83
534696,5346.96
534813,5348.13
534919,5349.19
535018,5350.18
535116,5351.16
535215,5352.15
535313,5353.13
535406,5354.06
535502,5355.02
535604,5356.04
535706,5357.06
535809,5358.09
535908,5359.08
536005,5360.05
536104,5361.04
536203,5362.03
536302,5363.02
536400,5364.0
536496,5364.96
536591,5365.91
536695,5366.95
536798,5367.98
536897,5368.97
536993,5369.93
537084,5370.84
537178,5371.78
537275,5372.75
537369,5373.69
537461,5374.61
537555,5375.55
537652,5376.52
537750,5377.5
537847,5378.47
537956,5379.56
538069,5380.69
538182,5381.82
538286,5382.86
538383,5383.83
538483,5384.83
538585,5385.85
538687,5386.87
538789,5387.89
538882,5388.82
538975,5389.75
539064,5390.64
539155,5391.55
539249,5392.49
539351,5393.51
539483,5394.83
539615,5396.15
539722,5397.22
539832,5398.32
539939,5399.39
540044,5400.44
540144,5401.44
540241,5402.41
540347,5403.47
540458,5404.58
540567,5405.67
540673,5406.73
540774,5407.74
540879,5408.79
540987,5409.87
541091,5410.91
541193,5411.93
541293,5412.93
541398,5413.98
541502,5415.02
541605,5416.05
541707,5417.07
541805,5418.05
541907,5419.07
542012,5420.12
542117,5421.17
542217,5422.17
542317,5423.17
542421,5424.21
542526,5425.26
542629,5426.29
542729,5427.29
542832,5428.32
542936,5429.36
543039,5430.39
543139,5431.39
543232,5432.32
543329,5433.29
543429,5434.29
543531,5435.31
543630,5436.3
543725,5437.25
543826,5438.26
543929,5439.29
544031,5440.31
544131,5441.31
544229,5442.29
544338,5443.38
544449,5444.49
544558,5445.58
544659,5446.59
544755,5447.55
544852,5448.52
544951,5449.51
545046,5450.46
545137,5451.37
545232,5452.32
545333,5453.33
545437,5454.37
545543,5455.43
545647,5456.47
545746,5457.46
545845,5458.45
545949,5459.49
546052,5460.52
546152,5461.52
546256,5462.56
546363,5463.63
546469,5464.69
546569,5465.69
546664,5466.64
546765,5467.65
546864,5468.64
546963,5469.63
547059,5470.59
547153,5471.53
547242,5472.42
547331,5473.31
547421,5474.21
547511,5475.11
547601,5476.01
547701,5477.01
547806,5478.06
547915,5479.15
548019,5480.19
548135,5481.35
548251,5482.51
548366,5483.66
548481,5484.81
548582,5485.82
548684,5486.84
548792,5487.92
548898,5488.98
549002,5490.02
549105,5491.05
549214,5492.14
549325,5493.25
549430,5494.3
549529,5495.29
549631,5496.31
549733,5497.33
549836,5498.36
549936,5499.36
550038,5500.38
550131,5501.31
550222,5502.22
550310,5503.1
550400,5504.0
550491,5504.91
550578,5505.78
550664,5506.64
550744,5507.44
550826,5508.26
550905,5509.05
550989,5509.89
551070,5510.7
551149,5511.49
551235,5512.35
551317,5513.17
551395,5513.95
551475,5514.75
551559,5515.59
551641,5516.41
551720,5517.2
551798,5517.98
551878,5518.78
551955,5519.55
552033,5520.33
552110,5521.1
552186,5521.86
552261,5522.61
552336,5523.36
552415,5524.15
552493,5524.93
552571,5525.71
552649,5526.49
552727,5527.27
552802,5528.02
552878,5528.78
552954,5529.54
553029,5530.29
553104,5531.04
553179,5531.79
553254,5532.54
553328,5533.28
553402,5534.02
553479,5534.79
553561,5535.61
553648,5536.48
553739,5537.39
553836,5538.36
553937,5539.37
554038,5540.38
554133,5541.33
554228,5542.28
554323,5543.23
554414,5544.14
554502,5545.02
554590,5545.9
554677,5546.77
554774,5547.74
554876,5548.76
554979,5549.79
555079,5550.79
555179,5551.79
555281,5552.81
555385,5553.85
555485,5554.85
555583,5555.83
555676,5556.76
555769,5557.69
555865,5558.65
555967,5559.67
556070,5560.7
556173,5561.73
556275,5562.75
556380,5563.8
556486,5564.86
556590,5565.9
556691,5566.91
556788,5567.88
556882,5568.82
556980,5569.8
557080,5570.8
557182,5571.82
557284,5572.84
557381,5573.81
557480,5574.8
557585,5575.85
557690,5576.9
557794,5577.94
557891,5578.91
557992,5579.92
558101,5581.01
558207,5582.07
558306,5583.06
558406,5584.06
558511,5585.11
558636,5586.36
558762,5587.62
558867,5588.67
558967,5589.67
559070,5590.7
559174,5591.74
559278,5592.78
559381,5593.81
559489,5594.89
559600,5596.0
559707,5597.07
559809,5598.09
559910,5599.1
560014,5600.14
560119,5601.19
560223,5602.23
560324,5603.24
560425,5604.25
560526,5605.26
560628,5606.28
560728,5607.28
560827,5608.27
560929,5609.29
561036,5610.36
561139,5611.39
561241,5612.41
561345,5613.45
561451,5614.51
561555,5615.55
561657,5616.57
561762,5617.62
561868,5618.68
561969,5619.69
562067,5620.67
562164,5621.64
562263,5622.63
562363,5623.63
562460,5624.6
562557,5625.57
562657,5626.57
562758,5627.58
562856,5628.56
562953,5629.53
563054,5630.54
563153,5631.53
563250,5632.5
563347,5633.47
563448,5634.48
563544,5635.44
563636,5636.36
563728,5637.28
563823,5638.23
563924,5639.24
564026,5640.26
564125,5641.25
564225,5642.25
564328,5643.28
564429,5644.29
564526,5645.26
564621,5646.21
564722,5647.22
564825,5648.25
564923,5649.23
565018,5650.18
565113,5651.13
565207,5652.07
565304,5653.04
565401,5654.01
565495,5654.95
565592,5655.92
565695,5656.95
565798,5657.98
565901,5659.01
565998,5659.98
566093,5660.93
566202,5662.02
566316,5663.16
566429,5664.29
566535,5665.35
566640,5666.4
566745,5667.45
566846,5668.46
566943,5669.43
567041,5670.41
567139,5671.39
567236,5672.36
567334,5673.34
567432,5674.32
567535,5675.35
567643,5676.43
567753,5677.53
567859,5678.59
567964,5679.64
568072,5680.72
568176,5681.76
568276,5682.76
568374,5683.74
568476,5684.76
568580,5685.8
568682,5686.82
568776,5687.76
568872,5688.72
568971,5689.71
569067,5690.67
569166,5691.66
569286,5692.86
569406,5694.06
569518,5695.18
569631,5696.31
569754,5697.54
569872,5698.72
569981,5699.81
570081,5700.81
570181,5701.81
570284,5702.84
570390,5703.9
570495,5704.95
570596,5705.96
570700,5707.0
570810,5708.1
570919,5709.19
571023,5710.23
571126,5711.26
571224,5712.24
571322,5713.22
571424,5714.24
571529,5715.29
571632,5716.32
571731,5717.31
571828,5718.28
571927,5719.27
572030,5720.3
572134,5721.34
572237,5722.37
572353,5723.53
572471,5724.71
572581,5725.81
572679,5726.79
572773,5727.73
572869,5728.69
572973,5729.73
573077,5730.77
573177,5731.77
573279,5732.79
573380,5733.8
573480,5734.8
573579,5735.79
573674,5736.74
573775,5737.75
573877,5738.77
573976,5739.76
574073,5740.73
574167,5741.67
574263,5742.63
574361,5743.61
574463,5744.63
574563,5745.63
574660,5746.6
574764,5747.64
574871,5748.71
574974,5749.74
575071,5750.71
575167,5751.67
575271,5752.71
575383,5753.83
575490,5754.9
575588,5755.88
575688,5756.88
575789,5757.89
575889,5758.89
575987,5759.87
576083,5760.83
576180,5761.8
576281,5762.81
576384,5763.84
576484,5764.84
576581,5765.81
576678,5766.78
576774,5767.74
576869,5768.69
576964,5769.64
577057,5770.57
577153,5771.53
577253,5772.53
577354,5773.54
577450,5774.5
577545,5775.45
577640,5776.4
577736,5777.36
577833,5778.33
577928,5779.28
578025,5780.25
578133,5781.33
578247,5782.47
578360,5783.6
578464,5784.64
578560,5785.6
578660,5786.6
578768,5787.68
578877,5788.77
578985,5789.85
579099,5790.99
579220,5792.2
579332,5793.32
579436,5794.36
579534,5795.34
579632,5796.32
579730,5797.3
579829,5798.29
579929,5799.29
580027,5800.27
580132,5801.32
580241,5802.41
580352,5803.52
580463,5804.63
580569,5805.69
580676,5806.76
580787,5807.87
580890,5808.9
580988,5809.88
581085,5810.85
581180,5811.8
581275,5812.75
581371,5813.71
581466,5814.66
581565,5815.65
581661,5816.61
581757,5817.57
581852,5818.52
581947,5819.47
582048,5820.48
582151,5821.51
582254,5822.54
582352,5823.52
582449,5824.49
582550,5825.5
582651,5826.51
582750,5827.5
582846,5828.46
582941,5829.41
583038,5830.38
583132,5831.32
583228,5832.28
583323,5833.23
583419,5834.19
583522,5835.22
583623,5836.23
583727,5837.27
583825,5838.25
583924,5839.24
584024,5840.24
584125,5841.25
584221,5842.21
584316,5843.16
584412,5844.12
584532,5845.32
584647,5846.47
584768,5847.68
584873,5848.73
584969,5849.69
585066,5850.66
585166,5851.66
585271,5852.71
585377,5853.77
585480,5854.8
585592,5855.92
585710,5857.1
585820,5858.2
585920,5859.2
586021,5860.21
586123,5861.23
586225,5862.25
586319,5863.19
586412,5864.12
586508,5865.08
586606,5866.06
586705,5867.05
586803,5868.03
586900,5869.0
587000,5870.0
587103,5871.03
587204,5872.04
587300,5873.0
587397,5873.97
587495,5874.95
587596,5875.96
587693,5876.93
587788,5877.88
587887,5878.87
587991,5879.91
588090,5880.9
588189,5881.89
588287,5882.87
588387,5883.87
588485,5884.85
588582,5885.82
588683,5886.83
588782,5887.82
588882,5888.82
588986,5889.86
589085,5890.85
589183,5891.83
589281,5892.81
589379,5893.79
589480,5894.8
589576,5895.76
589671,5896.71
589773,5897.73
589875,5898.75
589977,5899.77
590074,5900.74
590171,5901.71
590274,5902.74
590376,5903.76
590473,5904.73
590566,5905.66
590662,5906.62
590763,5907.63
590862,5908.62
590958,5909.58
591052,5910.52
591151,5911.51
591252,5912.52
591353,5913.53
591451,5914.51
591546,5915.46
591644,5916.44
591742,5917.42
591843,5918.43
591940,5919.4
592037,5920.37
592135,5921.35
592236,5922.36
592337,5923.37
592436,5924.36
592532,5925.32
592630,5926.3
592730,5927.3
592832,5928.32
592932,5929.32
593029,5930.29
593133,5931.33
593243,5932.43
593355,5933.55
593464,5934.64
593566,5935.66
593669,5936.69
593774,5937.74
593875,5938.75
593970,5939.7
594066,5940.66
594165,5941.65
594266,5942.66
594369,5943.69
594470,5944.7
594569,5945.69
594680,5946.8
594791,5947.91
594900,5949.0
595002,5950.02
595101,5951.01
595199,5951.99
595295,5952.95
595390,5953.9
595488,5954.88
595588,5955.88
595690,5956.9
595790,5957.9
595886,5958.86
595983,5959.83
596083,5960.83
596181,5961.81
596276,5962.76
596371,5963.71
596469,5964.69
596566,5965.66
596663,5966.63
596757,5967.57
596853,5968.53
596950,5969.5
597051,5970.51
597148,5971.48
597246,5972.46
597346,5973.46
597442,5974.42
597541,5975.41
597640,5976.4
597737,5977.37
597833,5978.33
597932,5979.32
598033,5980.33
598131,5981.31
598226,5982.26
598324,5983.24
598423,5984.23
598523,5985.23
598619,5986.19
598713,5987.13
598813,5988.13
598917,5989.17
599017,5990.17
599114,5991.14
599213,5992.13
599311,5993.11
599411,5994.11
599510,5995.1
599605,5996.05
599703,5997.03
599799,5997.99
599902,5999.02
600005,6000.05
600106,6001.06
600207,6002.07
600314,6003.14
600421,6004.21
600523,6005.23
600631,6006.31
600744,6007.44
600858,6008.58
600964,6009.64
601063,6010.63
601163,6011.63
601266,6012.66
601368,6013.68
601464,6014.64
601557,6015.57
601656,6016.56
601755,6017.55
601853,6018.53
601949,6019.49
602046,6020.46
602149,6021.49
602248,6022.48
602345,6023.45
602438,6024.38
602533,6025.33
602632,6026.32
602732,6027.32
602836,6028.36
602937,6029.37
603034,6030.34
603135,6031.35
603235,6032.35
603334,6033.34
603437,6034.37
603548,6035.48
603662,6036.62
603769,6037.69
603870,6038.7
603975,6039.75
604078,6040.78
604177,6041.77
604275,6042.75
604375,6043.75
604476,6044.76
604577,6045.77
604675,6046.75
604775,6047.75
604879,6048.79
604984,6049.84
605090,6050.9
605193,6051.93
605291,6052.91
605394,6053.94
605495,6054.95
605594,6055.94
605695,6056.95
605793,6057.93
605891,6058.91
605996,6059.96
606101,6061.01
606206,6062.06
606300,6063.0
606395,6063.95
606494,6064.94
606596,6065.96
606696,6066.96
606796,6067.96
606900,6069.0
607007,6070.07
607114,6071.14
607217,6072.17
607312,6073.12
607410,6074.1
607506,6075.06
607603,6076.03
607699,6076.99
607794,6077.94
607895,6078.95
607993,6079.93
608089,6080.89
608181,6081.81
608277,6082.77
608373,6083.73
608470,6084.7
608566,6085.66
608663,6086.63
608762,6087.62
608857,6088.57
608953,6089.53
609047,6090.47
609142,6091.42
609241,6092.41
609341,6093.41
609440,6094.4
609537,6095.37
609634,6096.34
609736,6097.36
609839,6098.39
609942,6099.42
610040,6100.4
610136,6101.36
610236,6102.36
610338,6103.38
610441,6104.41
610541,6105.41
610637,6106.37
610735,6107.35
610829,6108.29
610923,6109.23
611018,6110.18
611123,6111.23
611238,6112.38
611354,6113.54
611463,6114.63
611567,6115.67
611676,6116.76
611792,6117.92
611902,6119.02
612004,6120.04
612109,6121.09
612210,6122.1
612313,6123.13
612413,6124.13
612512,6125.12
612618,6126.18
612724,6127.24
612825,6128.25
612922,6129.22
613020,6130.2
613118,6131.18
613216,6132.16
613311,6133.11
613406,6134.06
613500,6135.0
613596,6135.96
613694,6136.94
613790,6137.9
613885,6138.85
613981,6139.81
614085,6140.85
614188,6141.88
614292,6142.92
614391,6143.91
614489,6144.89
614588,6145.88
614689,6146.89
614788,6147.88
614885,6148.85
614980,6149.8
615080,6150.8
615179,6151.79
615280,6152.8
615380,6153.8
615478,6154.78
615581,6155.81
615687,6156.87
615780,6157.8
615872,6158.72
615967,6159.67
616068,6160.68
616172,6161.72
616272,6162.72
616377,6163.77
616500,6165.0
616624,6166.24
616727,6167.27
616832,6168.32
616938,6169.38
617049,6170.49
617154,6171.54
617255,6172.55
617351,6173.51
617455,6174.55
617562,6175.62
617668,6176.68
617773,6177.73
617873,6178.73
617975,6179.75
618079,6180.79
618181,6181.81
618285,6182.85
618406,6184.06
618523,6185.23
618634,6186.34
618736,6187.36
618839,6188.39
618944,6189.44
619044,6190.44
619140,6191.4
619242,6192.42
619346,6193.46
619452,6194.52
619550,6195.5
619647,6196.47
619751,6197.51
619854,6198.54
619951,6199.51
620044,6200.44
620138,6201.38
620235,6202.35
620334,6203.34
620429,6204.29
620522,6205.22
620615,6206.15
620715,6207.15
620820,6208.2
620926,6209.26
621027,6210.27
621128,6211.28
621233,6212.33
621334,6213.34
621429,6214.29
621524,6215.24
621641,6216.41
621754,6217.54
621866,6218.66
621972,6219.72
622074,6220.74
622182,6221.82
622287,6222.87
622390,6223.9
622489,6224.89
622592,6225.92
622700,6227.0
622808,6228.08
622912,6229.12
623013,6230.13
623118,6231.18
623226,6232.26
623330,6233.3
623432,6234.32
623537,6235.37
623644,6236.44
623753,6237.53
623856,6238.56
623958,6239.58
624061,6240.61
624166,6241.66
624264,6242.64
624360,6243.6
624465,6244.65
624569,6245.69
624669,6246.69
624766,6247.66
624866,6248.66
624967,6249.67
625068,6250.68
625165,6251.65
625263,6252.63
625363,6253.63
625470,6254.7
625570,6255.7
625669,6256.69
625763,6257.63
625861,6258.61
625960,6259.6
626061,6260.61
626160,6261.6
626256,6262.56
626355,6263.55
626456,6264.56
626553,6265.53
626650,6266.5
626746,6267.46
626845,6268.45
626947,6269.47
627048,6270.48
627149,6271.49
627249,6272.49
627366,6273.66
627476,6274.76
627593,6275.93
627693,6276.93
627793,6277.93
627896,6278.96
628003,6280.03
628107,6281.07
628206,6282.06
628313,6283.13
628422,6284.22
628528,6285.28
628629,6286.29
628728,6287.28
628830,6288.3
628926,6289.26
629026,6290.26
629126,6291.26
629226,6292.26
629329,6293.29
629439,6294.39
629547,6295.47
629651,6296.51
629750,6297.5
629852,6298.52
629951,6299.51
630055,6300.55
630156,6301.56
630257,6302.57
630360,6303.6
630460,6304.6
630559,6305.59
630660,6306.6
630762,6307.62
630873,6308.73
630978,6309.78
631082,6310.82
631186,6311.86
631292,6312.92
631393,6313.93
631491,6314.91
631587,6315.87
631686,6316.86
631783,6317.83
631878,6318.78
631973,6319.73
632065,6320.65
632159,6321.59
632258,6322.58
632358,6323.58
632454,6324.54
632545,6325.45
632636,6326.36
632731,6327.31
632826,6328.26
632923,6329.23
633021,6330.21
633118,6331.18
633229,6332.29
633340,6333.4
633442,6334.42
633549,6335.49
633658,6336.58
633763,6337.63
633867,6338.67
633968,6339.68
634072,6340.72
634175,6341.75
634279,6342.79
634378,6343.78
634483,6344.83
634590,6345.9
634700,6347.0
634804,6348.04
634907,6349.07
635010,6350.1
635112,6351.12
635215,6352.15
635313,6353.13
635414,6354.14
635517,6355.17
635622,6356.22
635723,6357.23
635822,6358.22
635925,6359.25
636028,6360.28
636127,6361.27
636223,6362.23
636325,6363.25
636427,6364.27
636527,6365.27
636624,6366.24
636722,6367.22
636827,6368.27
636936,6369.36
637046,6370.46
637149,6371.49
637249,6372.49
637356,6373.56
637465,6374.65
637571,6375.71
637670,6376.7
637770,6377.7
637878,6378.78
637984,6379.84
638085,6380.85
638186,6381.86
638289,6382.89
638393,6383.93
638496,6384.96
638596,6385.96
638698,6386.98
638802,6388.02
638906,6389.06
639008,6390.08
639105,6391.05
639206,6392.06
639306,6393.06
639408,6394.08
639509,6395.09
639610,6396.1
639715,6397.15
639824,6398.24
639928,6399.28
640027,6400.27
640128,6401.28
640234,6402.34
640343,6403.43
640448,6404.48
640550,6405.5
640651,6406.51
640755,6407.55
640865,6408.65
640969,6409.69
641071,6410.71
641168,6411.68
641269,6412.69
641368,6413.68
641466,6414.66
641561,6415.61
641658,6416.58
641761,6417.61
641866,6418.66
641967,6419.67
642067,6420.67
642164,6421.64
642264,6422.64
642363,6423.63
642457,6424.57
642550,6425.5
642647,6426.47
642746,6427.46
642846,6428.46
642948,6429.48
643046,6430.46
643158,6431.58
643270,6432.7
643372,6433.72
643468,6434.68
643561,6435.61
643658,6436.58
643759,6437.59
643861,6438.61
643966,6439.66
644067,6440.67
644172,6441.72
644278,6442.78
644388,6443.88
644495,6444.95
644597,6445.97
644699,6446.99
644800,6448.0
644899,6448.99
644994,6449.94
645088,6450.88
645187,6451.87
645286,6452.86
645388,6453.88
645486,6454.86
645579,6455.79
645674,6456.74
645770,6457.7
645867,6458.67
645965,6459.65
646063,6460.63
646165,6461.65
646268,6462.68
646373,6463.73
646474,6464.74
646578,6465.78
646678,6466.78
646777,6467.77
646871,6468.71
646965,6469.65
647064,6470.64
647160,6471.6
647256,6472.56
647351,6473.51
647445,6474.45
647546,6475.46
647649,6476.49
647751,6477.51
647849,6478.49
647949,6479.49
648051,6480.51
648151,6481.51
648249,6482.49
648343,6483.43
648441,6484.41
648534,6485.34
648628,6486.28
648720,6487.2
648818,6488.18
648923,6489.23
649028,6490.28
649121,6491.21
649214,6492.14
649312,6493.12
649411,6494.11
649505,6495.05
649602,6496.02
649702,6497.02
649802,6498.02
649905,6499.05
650003,6500.03
650101,6501.01
650201,6502.01
650299,6502.99
650397,6503.97
650492,6504.92
650591,6505.91
650697,6506.97
650801,6508.01
650900,6509.0
651002,6510.02
651104,6511.04
651205,6512.05
651303,6513.03
651399,6513.99
651497,6514.97
651597,6515.97
651694,6516.94
651791,6517.91
651886,6518.86
651981,6519.81
652078,6520.78
652178,6521.78
652278,6522.78
652374,6523.74
652469,6524.69
652564,6525.64
652663,6526.63
652762,6527.62
652859,6528.59
652952,6529.52
653045,6530.45
653140,6531.4
653236,6532.36
653332,6533.32
653425,6534.25
653520,6535.2
653618,6536.18
653714,6537.14
653808,6538.08
653902,6539.02
653999,6539.99
654097,6540.97
654192,6541.92
654287,6542.87
654382,6543.82
654479,6544.79
654579,6545.79
654676,6546.76
654772,6547.72
654871,6548.71
654970,6549.7
655066,6550.66
655161,6551.61
655262,6552.62
655362,6553.62
655462,6554.62
655555,6555.55
655648,6556.48
655746,6557.46
655846,6558.46
655947,6559.47
656046,6560.46
656144,6561.44
656246,6562.46
656351,6563.51
656453,6564.53
656552,6565.52
656646,6566.46
656743,6567.43
656842,6568.42
656942,6569.42
657040,6570.4
657140,6571.4
657243,6572.43
657346,6573.46
657445,6574.45
657547,6575.47
657654,6576.54
657756,6577.56
657856,6578.56
657954,6579.54
658057,6580.57
658158,6581.58
658257,6582.57
658353,6583.53
658447,6584.47
658541,6585.41
658639,6586.39
658736,6587.36
658834,6588.34
658931,6589.31
659027,6590.27
659126,6591.26
659226,6592.26
659329,6593.29
659428,6594.28
659537,6595.37
659649,6596.49
659762,6597.62
659866,6598.66
659962,6599.62
660057,6600.57
660149,6601.49
660242,6602.42
660336,6603.36
660432,6604.32
660531,6605.31
660630,6606.3
660725,6607.25
660825,6608.25
660923,6609.23
661019,6610.19
661114,6611.14
661210,6612.1
661311,6613.11
661407,6614.07
661504,6615.04
661600,6616.0
661698,6616.98
661797,6617.97
661894,6618.94
661991,6619.91
662088,6620.88
662182,6621.82
662277,6622.77
662375,6623.75
662473,6624.73
662582,6625.82
662692,6626.92
662802,6628.02
662908,6629.08
663010,6630.1
663113,6631.13
663216,6632.16
663316,6633.16
663415,6634.15
663514,6635.14
663613,6636.13
663712,6637.12
663805,6638.05
663897,6638.97
663996,6639.96
664095,6640.95
664193,6641.93
664287,6642.87
664381,6643.81
664480,6644.8
664581,6645.81
664682,6646.82
664783,6647.83
664899,6648.99
665011,6650.11
665128,6651.28
665230,6652.3
665331,6653.31
665431,6654.31
665532,6655.32
665630,6656.3
665730,6657.3
665846,6658.46
665963,6659.63
666068,6660.68
666167,6661.67
666267,6662.67
666366,6663.66
666460,6664.6
666552,6665.52
666643,6666.43
666736,6667.36
666830,6668.3
666921,6669.21
667016,6670.16
667108,6671.08
667202,6672.02
667297,6672.97
667390,6673.9
667492,6674.92
667598,6675.98
667711,6677.11
667818,6678.18
667924,6679.24
668031,6680.31
668135,6681.35
668235,6682.35
668333,6683.33
668439,6684.39
668544,6685.44
668648,6686.48
668748,6687.48
668854,6688.54
668957,6689.57
669059,6690.59
669155,6691.55
669254,6692.54
669358,6693.58
669458,6694.58
669557,6695.57
669653,6696.53
669743,6697.43
669832,6698.32
669922,6699.22
670013,6700.13
670105,6701.05
670205,6702.05
670315,6703.15
670425,6704.25
670520,6705.2
670608,6706.08
670690,6706.9
670775,6707.75
670861,6708.61
670945,6709.45
671025,6710.25
671105,6711.05
671185,6711.85
671262,6712.62
671338,6713.38
671414,6714.14
671490,6714.9
671566,6715.66
671642,6716.42
671717,6717.17
671792,6717.92
671866,6718.66
671941,6719.41
672014,6720.14
672085,6720.85
672156,6721.56
672225,6722.25
672293,6722.93
672359,6723.59
672425,6724.25
672491,6724.91
672555,6725.55
672618,6726.18
672681,6726.81
672743,6727.43
672805,6728.05
672867,6728.67
672928,6729.28
672989,6729.89
673050,6730.5
673112,6731.12
673174,6731.74
673239,6732.39
673308,6733.08
673384,6733.84
673466,6734.66
673554,6735.54
673646,6736.46
673732,6737.32
673812,6738.12
673889,6738.89
673967,6739.67
674049,6740.49
674135,6741.35
674222,6742.22
674308,6743.08
674398,6743.98
674485,6744.85
674568,6745.68
674649,6746.49
674737,6747.37
674835,6748.35
674937,6749.37
675043,6750.43
675151,6751.51
675257,6752.57
675364,6753.64
675469,6754.69
675572,6755.72
675679,6756.79
675789,6757.89
675897,6758.97
676004,6760.04
676106,6761.06
676207,6762.07
676304,6763.04
676401,6764.01
676498,6764.98
676605,6766.05
676728,6767.28
676844,6768.44
676959,6769.59
677074,6770.74
677189,6771.89
677305,6773.05
677401,6774.01
677497,6774.97
677599,6775.99
677712,6777.12
677829,6778.29
677948,6779.48
678063,6780.63
678182,6781.82
678302,6783.02
678414,6784.14
678524,6785.24
678628,6786.28
678730,6787.3
678834,6788.34
678940,6789.4
679040,6790.4
679138,6791.38
679238,6792.38
679341,6793.41
679447,6794.47
679553,6795.53
679656,6796.56
679762,6797.62
679871,6798.71
679976,6799.76
680075,6800.75
680172,6801.72
680271,6802.71
680370,6803.7
680469,6804.69
680564,6805.64
680661,6806.61
680757,6807.57
680854,6808.54
680950,6809.5
681040,6810.4
681138,6811.38
681239,6812.39
681338,6813.38
681434,6814.34
681529,6815.29
681624,6816.24
681717,6817.17
681809,6818.09
681901,6819.01
681997,6819.97
682096,6820.96
682194,6821.94
682291,6822.91
682393,6823.93
682488,6824.88
682580,6825.8
682669,6826.69
682757,6827.57
682845,6828.45
682936,6829.36
683029,6830.29
683122,6831.22
683215,6832.15
683313,6833.13
683414,6834.14
683514,6835.14
683612,6836.12
683707,6837.07
683804,6838.04
683897,6838.97
683989,6839.89
684080,6840.8
684171,6841.71
684263,6842.63
684356,6843.56
684451,6844.51
684547,6845.47
684642,6846.42
684739,6847.39
684840,6848.4
684943,6849.43
685044,6850.44
685142,6851.42
685241,6852.41
685343,6853.43
685440,6854.4
685532,6855.32
685625,6856.25
685727,6857.27
685827,6858.27
685926,6859.26
686026,6860.26
686128,6861.28
686231,6862.31
686332,6863.32
686428,6864.28
686518,6865.18
686608,6866.08
686702,6867.02
686808,6868.08
686921,6869.21
687033,6870.33
687156,6871.56
687280,6872.8
687387,6873.87
687491,6874.91
687597,6875.97
687698,6876.98
687796,6877.96
687895,6878.95
687993,6879.93
688088,6880.88
688182,6881.82
688278,6882.78
688380,6883.8
688479,6884.79
688576,6885.76
688676,6886.76
688776,6887.76
688875,6888.75
688969,6889.69
689067,6890.67
689163,6891.63
689258,6892.58
689350,6893.5
689441,6894.41
689530,6895.3
689624,6896.24
689712,6897.12
689799,6897.99
689884,6898.84
689969,6899.69
690054,6900.54
690143,6901.43
690230,6902.3
690320,6903.2
690412,6904.12
690503,6905.03
690595,6905.95
690692,6906.92
690787,6907.87
690881,6908.81
690974,6909.74
691068,6910.68
691163,6911.63
691260,6912.6
691356,6913.56
691449,6914.49
691545,6915.45
691645,6916.45
691744,6917.44
691848,6918.48
691949,6919.49
692054,6920.54
692158,6921.58
692258,6922.58
692352,6923.52
692444,6924.44
692537,6925.37
692629,6926.29
692722,6927.22
692815,6928.15
692910,6929.1
693007,6930.07
693103,6931.03
693197,6931.97
693290,6932.9
693386,6933.86
693484,6934.84
693582,6935.82
693677,6936.77
693771,6937.71
693866,6938.66
693964,6939.64
694061,6940.61
694154,6941.54
694248,6942.48
694346,6943.46
694444,6944.44
694542,6945.42
694636,6946.36
694729,6947.29
694827,6948.27
694925,6949.25
695020,6950.2
695113,6951.13
695210,6952.1
695304,6953.04
695398,6953.98
695493,6954.93
695586,6955.86
695678,6956.78
695767,6957.67
695859,6958.59
695953,6959.53
696045,6960.45
696134,6961.34
696224,6962.24
696313,6963.13
696401,6964.01
696490,6964.9
696579,6965.79
696666,6966.66
696753,6967.53
696844,6968.44
696939,6969.39
697038,6970.38
697132,6971.32
697225,6972.25
697318,6973.18
697408,6974.08
697498,6974.98
697586,6975.86
697676,6976.76
697764,6977.64
697853,6978.53
697942,6979.42
698032,6980.32
698122,6981.22
698214,6982.14
698303,6983.03
698393,6983.93
698485,6984.85
698579,6985.79
698671,6986.71
698760,6987.6
698852,6988.52
698944,6989.44
699037,6990.37
699128,6991.28
699219,6992.19
699313,6993.13
699407,6994.07
699501,6995.01
699597,6995.97
699686,6996.86
699775,6997.75
699866,6998.66
699958,6999.58
700049,7000.49
700138,7001.38
700226,7002.26
700317,7003.17
700411,7004.11
700504,7005.04
700597,7005.97
700692,7006.92
700787,7007.87
700881,7008.81
700975,7009.75
701067,7010.67
701156,7011.56
701244,7012.44
701333,7013.33
701421,7014.21
701509,7015.09
701596,7015.96
701684,7016.84
701773,7017.73
701860,7018.6
701946,7019.46
702032,7020.32
702119,7021.19
702212,7022.12
702307,7023.07
702405,7024.05
702502,7025.02
702600,7026.0
702700,7027.0
702802,7028.02
702901,7029.01
702996,7029.96
703087,7030.87
703177,7031.77
703268,7032.68
703360,7033.6
703452,7034.52
703543,7035.43
703635,7036.35
703728,7037.28
703822,7038.22
703916,7039.16
704010,7040.1
704102,7041.02
704191,7041.91
704279,7042.79
704366,7043.66
704454,7044.54
704545,7045.45
704639,7046.39
704735,7047.35
704832,7048.32
704934,7049.34
705036,7050.36
705140,7051.4
705245,7052.45
705346,7053.46
705448,7054.48
705550,7055.5
705648,7056.48
705744,7057.44
705842,7058.42
705940,7059.4
706038,7060.38
706133,7061.33
706232,7062.32
706332,7063.32
706431,7064.31
706528,7065.28
706625,7066.25
706721,7067.21
706817,7068.17
706913,7069.13
707005,7070.05
707099,7070.99
707193,7071.93
707288,7072.88
707383,7073.83
707479,7074.79
707580,7075.8
707683,7076.83
707785,7077.85
707887,7078.87
707985,7079.85
708081,7080.81
708176,7081.76
708268,7082.68
708358,7083.58
708448,7084.48
708545,7085.45
708650,7086.5
708759,7087.59
708865,7088.65
708971,7089.71
709084,7090.84
709197,7091.97
709299,7092.99
709395,7093.95
709490,7094.9
709586,7095.86
709683,7096.83
709781,7097.81
709879,7098.79
709979,7099.79
710082,7100.82
710185,7101.85
710286,7102.86
710384,7103.84
710478,7104.78
710572,7105.72
710667,7106.67
710762,7107.62
710856,7108.56
710952,7109.52
711055,7110.55
711158,7111.58
711260,7112.6
711358,7113.58
711458,7114.58
711558,7115.58
711654,7116.54
711748,7117.48
711839,7118.39
711933,7119.33
712026,7120.26
712118,7121.18
712208,7122.08
712301,7123.01
712399,7123.99
712497,7124.97
712594,7125.94
712691,7126.91
712785,7127.85
712878,7128.78
712970,7129.7
713067,7130.67
713165,7131.65
713261,7132.61
713356,7133.56
713450,7134.5
713544,7135.44
713636,7136.36
713726,7137.26
713816,7138.16
713912,7139.12
714009,7140.09
714103,7141.03
714195,7141.95
714288,7142.88
714381,7143.81
714475,7144.75
714565,7145.65
714655,7146.55
714745,7147.45
714836,7148.36
714925,7149.25
715010,7150.1
715096,7150.96
715186,7151.86
715284,7152.84
715383,7153.83
715481,7154.81
715589,7155.89
715698,7156.98
715803,7158.03
715898,7158.98
715988,7159.88
716078,7160.78
716167,7161.67
716253,7162.53
716339,7163.39
716430,7164.3
716522,7165.22
716617,7166.17
716711,7167.11
716805,7168.05
716904,7169.04
717006,7170.06
717105,7171.05
717202,7172.02
717299,7172.99
717394,7173.94
717488,7174.88
717584,7175.84
717680,7176.8
717773,7177.73
717865,7178.65
717958,7179.58
718053,7180.53
718150,7181.5
718242,7182.42
718331,7183.31
718427,7184.27
718526,7185.26
718625,7186.25
718720,7187.2
718817,7188.17
718920,7189.2
719020,7190.2
719115,7191.15
719207,7192.07
719301,7193.01
719395,7193.95
719492,7194.92
719587,7195.87
719681,7196.81
719779,7197.79
719876,7198.76
719974,7199.74
720068,7200.68
720164,7201.64
720263,7202.63
720360,7203.6
720457,7204.57
720552,7205.52
720650,7206.5
720749,7207.49
720848,7208.48
720945,7209.45
721036,7210.36
721126,7211.26
721218,7212.18
721311,7213.11
721407,7214.07
721504,7215.04
721601,7216.01
721699,7216.99
721807,7218.07
721916,7219.16
722023,7220.23
722122,7221.22
722218,7222.18
722312,7223.12
722404,7224.04
722497,7224.97
722591,7225.91
722692,7226.92
722801,7228.01
722908,7229.08
723012,7230.12
723114,7231.14
723219,7232.19
723324,7233.24
723424,7234.24
723520,7235.2
723615,7236.15
723713,7237.13
723809,7238.09
723906,7239.06
724002,7240.02
724097,7240.97
724196,7241.96
724294,7242.94
724388,7243.88
724478,7244.78
724570,7245.7
724663,7246.63
724758,7247.58
724853,7248.53
724945,7249.45
725038,7250.38
725133,7251.33
725228,7252.28
725323,7253.23
725415,7254.15
725513,7255.13
725612,7256.12
725709,7257.09
725803,7258.03
725896,7258.96
725995,7259.95
726090,7260.9
726185,7261.85
726276,7262.76
726367,7263.67
726464,7264.64
726561,7265.61
726656,7266.56
726748,7267.48
726839,7268.39
726931,7269.31
727027,7270.27
727121,7271.21
727218,7272.18
727317,7273.17
727415,7274.15
727510,7275.1
727605,7276.05
727703,7277.03
727800,7278.0
727894,7278.94
727983,7279.83
728076,7280.76
728165,7281.65
728259,7282.59
728357,7283.57
728457,7284.57
728552,7285.52
728643,7286.43
728740,7287.4
728838,7288.38
728938,7289.38
729034,7290.34
729127,7291.27
729222,7292.22
729316,7293.16
729406,7294.06
729494,7294.94
729585,7295.85
729682,7296.82
729784,7297.84
729890,7298.9
729994,7299.94
730102,7301.02
730211,7302.11
730318,7303.18
730418,7304.18
730513,7305.13
730609,7306.09
730705,7307.05
730801,7308.01
730896,7308.96
730989,7309.89
731084,7310.84
731181,7311.81
731282,7312.82
731381,7313.81
731479,7314.79
731573,7315.73
731667,7316.67
731762,7317.62
731858,7318.58
731953,7319.53
732052,7320.52
732150,7321.5
732246,7322.46
732339,7323.39
732437,7324.37
732533,7325.33
732634,7326.34
732735,7327.35
732830,7328.3
732924,7329.24
733016,7330.16
733108,7331.08
733200,7332.0
733295,7332.95
733396,7333.96
733497,7334.97
733592,7335.92
733684,7336.84
733778,7337.78
733871,7338.71
733963,7339.63
734052,7340.52
734142,7341.42
734234,7342.34
734327,7343.27
734419,7344.19
734509,7345.09
734601,7346.01
734694,7346.94
734787,7347.87
734881,7348.81
734976,7349.76
735074,7350.74
735172,7351.72
735266,7352.66
735360,7353.6
735456,7354.56
735549,7355.49
735643,7356.43
735739,7357.39
735835,7358.35
735927,7359.27
736020,7360.2
736115,7361.15
736208,7362.08
736300,7363.0
736390,7363.9
736478,7364.78
736568,7365.68
736657,7366.57
736746,7367.46
736833,7368.33
736921,7369.21
737008,7370.08
737097,7370.97
737187,7371.87
737274,7372.74
737361,7373.61
737450,7374.5
737539,7375.39
737628,7376.28
737716,7377.16
737802,7378.02
737889,7378.89
737976,7379.76
738068,7380.68
738164,7381.64
738264,7382.64
738364,7383.64
738462,7384.62
738556,7385.56
738647,7386.47
738738,7387.38
738829,7388.29
738918,7389.18
739005,7390.05
739091,7390.91
739179,7391.79
739266,7392.66
739355,7393.55
739444,7394.44
739534,7395.34
739626,7396.26
739718,7397.18
739810,7398.1
739900,7399.0
739992,7399.92
740084,7400.84
740175,7401.75
740267,7402.67
740355,7403.55
740442,7404.42
740525,7405.25
740605,7406.05
740683,7406.83
740761,7407.61
740842,7408.42
740927,7409.27
741034,7410.34
741143,7411.43
741251,7412.51
741353,7413.53
741458,7414.58
741563,7415.63
741663,7416.63
741760,7417.6
741852,7418.52
741944,7419.44
742037,7420.37
742131,7421.31
742227,7422.27
742323,7423.23
742419,7424.19
742518,7425.18
742619,7426.19
742719,7427.19
742814,7428.14
742907,7429.07
743000,7430.0
743094,7430.94
743190,7431.9
743285,7432.85
743380,7433.8
743474,7434.74
743570,7435.7
743668,7436.68
743764,7437.64
743858,7438.58
743949,7439.49
744042,7440.42
744135,7441.35
744228,7442.28
744319,7443.19
744408,7444.08
744501,7445.01
744594,7445.94
744687,7446.87
744780,7447.8
744874,7448.74
744971,7449.71
745071,7450.71
745168,7451.68
745263,7452.63
745355,7453.55
745443,7454.43
745533,7455.33
745623,7456.23
745713,7457.13
745801,7458.01
745890,7458.9
745981,7459.81
746075,7460.75
746169,7461.69
746262,7462.62
746355,7463.55
746445,7464.45
746534,7465.34
746622,7466.22
746712,7467.12
746804,7468.04
746893,7468.93
746979,7469.79
747064,7470.64
747151,7471.51
747239,7472.39
747327,7473.27
747415,7474.15
747504,7475.04
747595,7475.95
747687,7476.87
747778,7477.78
747866,7478.66
747952,7479.52
748039,7480.39
748125,7481.25
748212,7482.12
748298,7482.98
748384,7483.84
748473,7484.73
748562,7485.62
748651,7486.51
748739,7487.39
748827,7488.27
748917,7489.17
749008,7490.08
749099,7490.99
749189,7491.89
749279,7492.79
749370,7493.7
749463,7494.63
749555,7495.55
749646,7496.46
749734,7497.34
749823,7498.23
749911,7499.11
749998,7499.98
750086,7500.86
750175,7501.75
750270,7502.7
750370,7503.7
750470,7504.7
750567,7505.67
750663,7506.63
750759,7507.59
750853,7508.53
750946,7509.46
751038,7510.38
751130,7511.3
751222,7512.22
751315,7513.15
751406,7514.06
751498,7514.98
751590,7515.9
751683,7516.83
751776,7517.76
751871,7518.71
751966,7519.66
752059,7520.59
752153,7521.53
752247,7522.47
752338,7523.38
752427,7524.27
752516,7525.16
752606,7526.06
752697,7526.97
752787,7527.87
752876,7528.76
752964,7529.64
753054,7530.54
753146,7531.46
753239,7532.39
753331,7533.31
753421,7534.21
753510,7535.1
753602,7536.02
753694,7536.94
753786,7537.86
753875,7538.75
753964,7539.64
754054,7540.54
754148,7541.48
754243,7542.43
754336,7543.36
754428,7544.28
754522,7545.22
754616,7546.16
754709,7547.09
754801,7548.01
754890,7548.9
754979,7549.79
755065,7550.65
755151,7551.51
755236,7552.36
755320,7553.2
755406,7554.06
755494,7554.94
755583,7555.83
755673,7556.73
755762,7557.62
755851,7558.51
755942,7559.42
756034,7560.34
756124,7561.24
756212,7562.12
756298,7562.98
756384,7563.84
756475,7564.75
756567,7565.67
756660,7566.6
756753,7567.53
756845,7568.45
756937,7569.37
757028,7570.28
757117,7571.17
757202,7572.02
757287,7572.87
757376,7573.76
757469,7574.69
757566,7575.66
757660,7576.6
757756,7577.56
757854,7578.54
757952,7579.52
758045,7580.45
758137,7581.37
758229,7582.29
758321,7583.21
758411,7584.11
758502,7585.02
758593,7585.93
758683,7586.83
758769,7587.69
758855,7588.55
758938,7589.38
759022,7590.22
759105,7591.05
759194,7591.94
759296,7592.96
759400,7594.0
759502,7595.02
759602,7596.02
759707,7597.07
759811,7598.11
759908,7599.08
759999,7599.99
760088,7600.88
760179,7601.79
760271,7602.71
760362,7603.62
760451,7604.51
760542,7605.42
760638,7606.38
760733,7607.33
760829,7608.29
760920,7609.2
761012,7610.12
761105,7611.05
761198,7611.98
761290,7612.9
761384,7613.84
761474,7614.74
761565,7615.65
761656,7616.56
761752,7617.52
761852,7618.52
761958,7619.58
762062,7620.62
762166,7621.66
762272,7622.72
762377,7623.77
762478,7624.78
762574,7625.74
762664,7626.64
762752,7627.52
762841,7628.41
762936,7629.36
763034,7630.34
763132,7631.32
763235,7632.35
763340,7633.4
763443,7634.43
763542,7635.42
763637,7636.37
763733,7637.33
763830,7638.3
763927,7639.27
764027,7640.27
764127,7641.27
764229,7642.29
764333,7643.33
764434,7644.34
764529,7645.29
764617,7646.17
764699,7646.99
764777,7647.77
764855,7648.55
764932,7649.32
765009,7650.09
765084,7650.84
765162,7651.62
765250,7652.5
765352,7653.52
765459,7654.59
765568,7655.68
765672,7656.72
765776,7657.76
765881,7658.81
765979,7659.79
766075,7660.75
766169,7661.69
766261,7662.61
766356,7663.56
766452,7664.52
766549,7665.49
766646,7666.46
766739,7667.39
766834,7668.34
766931,7669.31
767028,7670.28
767122,7671.22
767216,7672.16
767309,7673.09
767402,7674.02
767492,7674.92
767588,7675.88
767682,7676.82
767773,7677.73
767865,7678.65
767954,7679.54
768044,7680.44
768133,7681.33
768224,7682.24
768317,7683.17
768411,7684.11
768512,7685.12
768616,7686.16
768725,7687.25
768832,7688.32
768937,7689.37
769049,7690.49
769154,7691.54
769254,7692.54
769355,7693.55
769458,7694.58
769558,7695.58
769661,7696.61
769766,7697.66
769871,7698.71
769972,7699.72
770069,7700.69
770165,7701.65
770260,7702.6
770357,7703.57
770454,7704.54
770555,7705.55
770659,7706.59
770763,7707.63
770862,7708.62
770962,7709.62
771065,7710.65
771166,7711.66
771263,7712.63
771358,7713.58
771454,7714.54
771542,7715.42
771628,7716.28
771712,7717.12
771798,7717.98
771898,7718.98
772015,7720.15
772128,7721.28
772237,7722.37
772350,7723.5
772461,7724.61
772567,7725.67
772667,7726.67
772765,7727.65
772864,7728.64
772963,7729.63
773060,7730.6
773157,7731.57
773253,7732.53
773350,7733.5
773447,7734.47
773542,7735.42
773634,7736.34
773725,7737.25
773817,7738.17
773910,7739.1
774006,7740.06
774102,7741.02
774197,7741.97
774296,7742.96
774398,7743.98
774501,7745.01
774603,7746.03
774702,7747.02
774802,7748.02
774899,7748.99
774996,7749.96
775093,7750.93
775188,7751.88
775286,7752.86
775383,7753.83
775479,7754.79
775574,7755.74
775667,7756.67
775764,7757.64
775860,7758.6
775958,7759.58
776053,7760.53
776148,7761.48
776245,7762.45
776341,7763.41
776436,7764.36
776530,7765.3
776624,7766.24
776718,7767.18
776812,7768.12
776906,7769.06
777000,7770.0
777097,7770.97
777196,7771.96
777293,7772.93
777386,7773.86
777477,7774.77
777567,7775.67
777659,7776.59
777750,7777.5
777840,7778.4
777931,7779.31
778026,7780.26
778123,7781.23
778220,7782.2
778319,7783.19
778424,7784.24
778529,7785.29
778627,7786.27
778721,7787.21
778813,7788.13
778904,7789.04
779001,7790.01
779101,7791.01
779202,7792.02
779301,7793.01
779398,7793.98
779497,7794.97
779599,7795.99
779701,7797.01
779801,7798.01
779896,7798.96
779993,7799.93
780089,7800.89
780185,7801.85
780279,7802.79
780372,7803.72
780469,7804.69
780565,7805.65
780659,7806.59
780750,7807.5
780840,7808.4
780930,7809.3
781024,7810.24
781121,7811.21
781218,7812.18
781315,7813.15
781416,7814.16
781518,7815.18
781617,7816.17
781711,7817.11
781805,7818.05
781902,7819.02
782000,7820.0
782096,7820.96
782189,7821.89
782284,7822.84
782379,7823.79
782474,7824.74
782567,7825.67
782658,7826.58
782752,7827.52
782849,7828.49
782945,7829.45
783041,7830.41
783139,7831.39
783243,7832.43
783348,7833.48
783452,7834.52
783551,7835.51
783653,7836.53
783752,7837.52
783849,7838.49
783944,7839.44
784038,7840.38
784133,7841.33
784226,7842.26
784317,7843.17
784405,7844.05
784494,7844.94
784591,7845.91
784691,7846.91
784791,7847.91
784888,7848.88
784988,7849.88
785089,7850.89
785191,7851.91
785289,7852.89
785384,7853.84
785478,7854.78
785571,7855.71
785663,7856.63
785754,7857.54
785847,7858.47
785945,7859.45
786044,7860.44
786141,7861.41
786235,7862.35
786329,7863.29
786424,7864.24
786517,7865.17
786608,7866.08
786697,7866.97
786786,7867.86
786877,7868.77
786968,7869.68
787061,7870.61
787154,7871.54
787249,7872.49
787351,7873.51
787454,7874.54
787554,7875.54
787654,7876.54
787755,7877.55
787856,7878.56
787957,7879.57
788057,7880.57
788155,7881.55
788255,7882.55
788355,7883.55
788455,7884.55
788552,7885.52
788652,7886.52
788752,7887.52
788853,7888.53
788947,7889.47
789039,7890.39
789136,7891.36
789236,7892.36
789338,7893.38
789434,7894.34
789530,7895.3
789634,7896.34
789746,7897.46
789855,7898.55
789964,7899.64
790069,7900.69
790176,7901.76
790282,7902.82
790385,7903.85
790484,7904.84
790586,7905.86
790690,7906.9
790792,7907.92
790890,7908.9
790986,7909.86
791086,7910.86
791185,7911.85
791283,7912.83
791379,7913.79
791477,7914.77
791576,7915.76
791675,7916.75
791772,7917.72
791870,7918.7
791973,7919.73
792073,7920.73
792173,7921.73
792268,7922.68
792360,7923.6
792453,7924.53
792547,7925.47
792639,7926.39
792728,7927.28
792820,7928.2
792914,7929.14
793006,7930.06
793098,7930.98
793189,7931.89
793285,7932.85
793380,7933.8
793473,7934.73
793565,7935.65
793658,7936.58
793753,7937.53
793848,7938.48
793940,7939.4
794033,7940.33
794125,7941.25
794216,7942.16
794307,7943.07
794399,7943.99
794495,7944.95
794591,7945.91
794687,7946.87
794781,7947.81
794874,7948.74
794970,7949.7
795066,7950.66
795161,7951.61
795254,7952.54
795348,7953.48
795445,7954.45
795542,7955.42
795636,7956.36
795729,7957.29
795827,7958.27
795925,7959.25
796021,7960.21
796115,7961.15
796206,7962.06
796301,7963.01
796394,7963.94
796485,7964.85
796573,7965.73
796659,7966.59
796747,7967.47
796836,7968.36
796923,7969.23
797009,7970.09
797100,7971.0
797196,7971.96
797288,7972.88
797381,7973.81
797475,7974.75
797574,7975.74
797675,7976.75
797774,7977.74
797869,7978.69
797963,7979.63
798060,7980.6
798158,7981.58
798256,7982.56
798354,7983.54
798458,7984.58
798565,7985.65
798670,7986.7
798773,7987.73
798878,7988.78
798980,7989.8
799081,7990.81
799182,7991.82
799281,7992.81
799383,7993.83
799486,7994.86
799585,7995.85
799682,7996.82
799779,7997.79
799875,7998.75
799970,7999.7
800065,8000.65
800160,8001.6
800261,8002.61
800364,8003.64
800468,8004.68
800571,8005.71
800671,8006.71
800776,8007.76
800881,8008.81
800984,8009.84
801080,8010.8
801175,8011.75
801270,8012.7
801366,8013.66
801461,8014.61
801552,8015.52
801645,8016.45
801741,8017.41
801842,8018.42
801943,8019.43
802040,8020.4
802138,8021.38
802238,8022.38
802338,8023.38
802438,8024.38
802535,8025.35
802635,8026.35
802736,8027.36
802837,8028.37
802936,8029.36
803034,8030.34
803134,8031.34
803234,8032.34
803334,8033.34
803432,8034.32
803525,8035.25
803618,8036.18
803714,8037.14
803814,8038.14
803920,8039.2
804025,8040.25
804136,8041.36
804251,8042.51
804361,8043.61
804465,8044.65
804564,8045.64
804667,8046.67
804767,8047.67
804867,8048.67
804962,8049.62
805060,8050.6
805162,8051.62
805264,8052.64
805366,8053.66
805463,8054.63
805561,8055.61
805662,8056.62
805764,8057.64
805865,8058.65
805963,8059.63
806063,8060.63
806167,8061.67
806267,8062.67
806366,8063.66
806460,8064.6
806555,8065.55
806652,8066.52
806749,8067.49
806847,8068.47
806944,8069.44
807049,8070.49
807157,8071.57
807266,8072.66
807367,8073.67
807465,8074.65
807563,8075.63
807661,8076.61
807758,8077.58
807853,8078.53
807946,8079.46
808041,8080.41
808136,8081.36
808230,8082.3
808323,8083.23
808414,8084.14
808511,8085.11
808606,8086.06
808702,8087.02
808795,8087.95
808887,8088.87
808984,8089.84
809082,8090.82
809178,8091.78
809272,8092.72
809365,8093.65
809461,8094.61
809554,8095.54
809646,8096.46
809737,8097.37
809828,8098.28
809920,8099.2
810017,8100.17
810117,8101.17
810217,8102.17
810315,8103.15
810414,8104.14
810510,8105.1
810606,8106.06
810707,8107.07
810809,8108.09
810910,8109.1
811006,8110.06
811100,8111.0
811198,8111.98
811296,8112.96
811395,8113.95
811495,8114.95
811592,8115.92
811691,8116.91
811792,8117.92
811892,8118.92
811991,8119.91
812087,8120.87
812182,8121.82
812280,8122.8
812378,8123.78
812474,8124.74
812568,8125.68
812666,8126.66
812767,8127.67
812867,8128.67
812966,8129.66
813064,8130.64
813164,8131.64
813268,8132.68
813371,8133.71
813473,8134.73
813572,8135.72
813673,8136.73
813776,8137.76
813875,8138.75
813970,8139.7
814066,8140.66
814162,8141.62
814261,8142.61
814361,8143.61
814459,8144.59
814558,8145.58
814656,8146.56
814753,8147.53
814848,8148.48
814942,8149.42
815039,8150.39
815142,8151.42
815243,8152.43
815340,8153.4
815434,8154.34
815531,8155.31
815627,8156.27
815722,8157.22
815814,8158.14
815909,8159.09
816006,8160.06
816104,8161.04
816201,8162.01
816297,8162.97
816393,8163.93
816492,8164.92
816590,8165.9
816687,8166.87
816779,8167.79
816875,8168.75
816971,8169.71
817068,8170.68
817164,8171.64
817259,8172.59
817359,8173.59
817461,8174.61
817560,8175.6
817656,8176.56
817750,8177.5
817847,8178.47
817946,8179.46
818044,8180.44
818142,8181.42
818239,8182.39
818337,8183.37
818437,8184.37
818535,8185.35
818631,8186.31
818724,8187.24
818821,8188.21
818920,8189.2
819018,8190.18
819114,8191.14
819210,8192.1
819307,8193.07
819405,8194.05
819504,8195.04
819601,8196.01
819696,8196.96
819793,8197.93
819891,8198.91
819990,8199.9
820088,8200.88
820184,8201.84
820279,8202.79
820375,8203.75
820470,8204.7
820567,8205.67
820663,8206.63
820760,8207.6
820863,8208.63
820963,8209.63
821063,8210.63
821161,8211.61
821260,8212.6
821361,8213.61
821462,8214.62
821560,8215.6
821658,8216.58
821757,8217.57
821862,8218.62
821968,8219.68
822075,8220.75
822179,8221.79
822287,8222.87
822398,8223.98
822504,8225.04
822605,8226.05
822700,8227.0
822795,8227.95
822889,8228.89
822982,8229.82
823075,8230.75
823167,8231.67
823263,8232.63
823361,8233.61
823456,8234.56
823549,8235.49
823641,8236.41
823736,8237.36
823831,8238.31
823928,8239.28
824024,8240.24
824119,8241.19
824218,8242.18
824322,8243.22
824427,8244.27
824529,8245.29
824628,8246.28
824728,8247.28
824829,8248.29
824928,8249.28
825027,8250.27
825125,8251.25
825225,8252.25
825327,8253.27
825428,8254.28
825528,8255.28
825626,8256.26
825727,8257.27
825828,8258.28
825927,8259.27
826023,8260.23
826120,8261.2
826217,8262.17
826313,8263.13
826408,8264.08
826499,8264.99
826591,8265.91
826687,8266.87
826785,8267.85
826884,8268.84
826981,8269.81
827081,8270.81
827185,8271.85
827288,8272.88
827387,8273.87
827483,8274.83
827580,8275.8
827676,8276.76
827771,8277.71
827864,8278.64
827958,8279.58
828057,8280.57
828158,8281.58
828256,8282.56
828352,8283.52
828446,8284.46
828540,8285.4
828636,8286.36
828732,8287.32
828828,8288.28
828924,8289.24
829024,8290.24
829124,8291.24
829223,8292.23
829320,8293.2
829416,8294.16
829514,8295.14
829610,8296.1
829706,8297.06
829800,8298.0
829894,8298.94
829990,8299.9
830086,8300.86
830183,8301.83
830277,8302.77
830370,8303.7
830466,8304.66
830565,8305.65
830666,8306.66
830766,8307.66
830872,8308.72
830984,8309.84
831091,8310.91
831196,8311.96
831297,8312.97
831400,8314.0
831504,8315.04
831607,8316.07
831705,8317.05
831801,8318.01
831899,8318.99
831997,8319.97
832096,8320.96
832194,8321.94
832289,8322.89
832385,8323.85
832481,8324.81
832578,8325.78
832673,8326.73
832769,8327.69
832868,8328.68
832968,8329.68
833069,8330.69
833169,8331.69
833266,8332.66
833356,8333.56
833444,8334.44
833528,8335.28
833614,8336.14
833708,8337.08
833810,8338.1
833910,8339.1
834011,8340.11
834124,8341.24
834237,8342.37
834344,8343.44
834446,8344.46
834553,8345.53
834660,8346.6
834763,8347.63
834859,8348.59
834948,8349.48
835034,8350.34
835118,8351.18
835198,8351.98
835279,8352.79
835369,8353.69
835461,8354.61
835561,8355.61
835674,8356.74
835789,8357.89
835900,8359.0
836009,8360.09
836115,8361.15
836228,8362.28
836337,8363.37
836443,8364.43
836549,8365.49
836654,8366.54
836755,8367.55
836861,8368.61
836974,8369.74
837085,8370.85
837191,8371.91
837295,8372.95
837394,8373.94
837495,8374.95
837597,8375.97
837698,8376.98
837799,8377.99
837897,8378.97
837994,8379.94
838093,8380.93
838193,8381.93
838295,8382.95
838396,8383.96
838495,8384.95
838598,8385.98
838698,8386.98
838798,8387.98
838896,8388.96
838994,8389.94
839096,8390.96
839196,8391.96
839295,8392.95
839391,8393.91
839488,8394.88
839587,8395.87
839686,8396.86
839783,8397.83
839876,8398.76
839970,8399.7
840065,8400.65
840162,8401.62
840258,8402.58
840353,8403.53
840452,8404.52
840555,8405.55
840660,8406.6
840762,8407.62
840860,8408.6
840961,8409.61
841063,8410.63
841164,8411.64
841263,8412.63
841362,8413.62
841465,8414.65
841567,8415.67
841666,8416.66
841763,8417.63
841861,8418.61
841958,8419.58
842051,8420.51
842145,8421.45
842236,8422.36
842329,8423.29
842426,8424.26
842522,8425.22
842616,8426.16
842714,8427.14
842813,8428.13
842909,8429.09
843004,8430.04
843096,8430.96
843187,8431.87
843276,8432.76
843364,8433.64
843449,8434.49
843534,8435.34
843624,8436.24
843716,8437.16
843810,8438.1
843903,8439.03
843994,8439.94
844089,8440.89
844186,8441.86
844279,8442.79
844370,8443.7
844461,8444.61
844555,8445.55
844650,8446.5
844745,8447.45
844837,8448.37
844928,8449.28
845024,8450.24
845123,8451.23
845224,8452.24
845323,8453.23
845423,8454.23
845530,8455.3
845638,8456.38
845741,8457.41
845840,8458.4
845944,8459.44
846048,8460.48
846150,8461.5
846248,8462.48
846345,8463.45
846447,8464.47
846546,8465.46
846642,8466.42
846736,8467.36
846831,8468.31
846929,8469.29
847026,8470.26
847122,8471.22
847216,8472.16
847313,8473.13
847409,8474.09
847506,8475.06
847599,8475.99
847692,8476.92
847789,8477.89
847889,8478.89
847988,8479.88
848085,8480.85
848181,8481.81
848280,8482.8
848377,8483.77
848473,8484.73
848567,8485.67
848667,8486.67
848767,8487.67
848869,8488.69
848967,8489.67
849066,8490.66
849167,8491.67
849265,8492.65
849359,8493.59
849453,8494.53
849548,8495.48
849646,8496.46
849744,8497.44
849841,8498.41
849938,8499.38
850039,8500.39
850142,8501.42
850242,8502.42
850336,8503.36
850432,8504.32
850528,8505.28
850624,8506.24
850718,8507.18
850811,8508.11
850905,8509.05
851003,8510.03
851103,8511.03
851201,8512.01
851297,8512.97
851394,8513.94
851492,8514.92
851589,8515.89
851684,8516.84
851779,8517.79
851875,8518.75
851971,8519.71
852065,8520.65
852157,8521.57
852251,8522.51
852347,8523.47
852444,8524.44
852538,8525.38
852637,8526.37
852737,8527.37
852836,8528.36
852931,8529.31
853028,8530.28
853126,8531.26
853223,8532.23
853320,8533.2
853416,8534.16
853517,8535.17
853619,8536.19
853718,8537.18
853815,8538.15
853912,8539.12
854011,8540.11
854113,8541.13
854213,8542.13
854312,8543.12
854416,8544.16
854519,8545.19
854618,8546.18
854717,8547.17
854817,8548.17
854916,8549.16
855013,8550.13
855108,8551.08
855203,8552.03
855300,8553.0
855396,8553.96
855492,8554.92
855588,8555.88
855695,8556.95
855803,8558.03
855911,8559.11
856017,8560.17
856118,8561.18
856222,8562.22
856325,8563.25
856426,8564.26
856523,8565.23
856620,8566.2
856720,8567.2
856822,8568.22
856923,8569.23
857022,8570.22
857123,8571.23
857225,8572.25
857324,8573.24
857420,8574.2
857516,8575.16
857611,8576.11
857706,8577.06
857798,8577.98
857889,8578.89
857979,8579.79
858073,8580.73
858166,8581.66
858256,8582.56
858345,8583.45
858438,8584.38
858534,8585.34
858630,8586.3
858724,8587.24
858824,8588.24
858927,8589.27
859029,8590.29
859126,8591.26
859222,8592.22
859322,8593.22
859426,8594.26
859526,8595.26
859622,8596.22
859724,8597.24
859829,8598.29
859933,8599.33
860031,8600.31
860125,8601.25
860222,8602.22
860320,8603.2
860419,8604.19
860519,8605.19
860618,8606.18
860721,8607.21
860827,8608.27
860930,8609.3
861029,8610.29
861127,8611.27
861227,8612.27
861329,8613.29
861432,8614.32
861533,8615.33
861635,8616.35
861739,8617.39
861841,8618.41
861940,8619.4
862037,8620.37
862137,8621.37
862236,8622.36
862338,8623.38
862437,8624.37
862531,8625.31
862632,8626.32
862733,8627.33
862833,8628.33
862933,8629.33
863032,8630.32
863134,8631.34
863234,8632.34
863332,8633.32
863425,8634.25
863520,8635.2
863617,8636.17
863716,8637.16
863814,8638.14
863912,8639.12
864011,8640.11
864104,8641.04
864196,8641.96
864284,8642.84
864371,8643.71
864462,8644.62
864558,8645.58
864662,8646.62
864761,8647.61
864862,8648.62
864954,8649.54
865040,8650.4
865124,8651.24
865207,8652.07
865291,8652.91
865373,8653.73
865455,8654.55
865539,8655.39
865621,8656.21
865706,8657.06
865792,8657.92
865877,8658.77
865961,8659.61
866044,8660.44
866131,8661.31
866221,8662.21
866315,8663.15
866411,8664.11
866506,8665.06
866600,8666.0
866695,8666.95
866796,8667.96
866900,8669.0
867004,8670.04
867106,8671.06
867206,8672.06
867305,8673.05
867405,8674.05
867509,8675.09
867611,8676.11
867714,8677.14
867818,8678.18
867918,8679.18
868019,8680.19
868119,8681.19
868217,8682.17
868313,8683.13
868405,8684.05
868503,8685.03
868605,8686.05
868711,8687.11
868815,8688.15
868916,8689.16
869019,8690.19
869123,8691.23
869226,8692.26
869325,8693.25
869426,8694.26
869529,8695.29
869632,8696.32
869731,8697.31
869826,8698.26
869916,8699.16
870007,8700.07
870097,8700.97
870185,8701.85
870273,8702.73
870365,8703.65
870454,8704.54
870537,8705.37
870625,8706.25
870723,8707.23
870827,8708.27
870931,8709.31
871034,8710.34
871134,8711.34
871241,8712.41
871346,8713.46
871450,8714.5
871552,8715.52
871650,8716.5
871752,8717.52
871857,8718.57
871962,8719.62
872065,8720.65
872166,8721.66
872267,8722.67
872373,8723.73
872476,8724.76
872573,8725.73
872668,8726.68
872763,8727.63
872862,8728.62
872963,8729.63
873062,8730.62
873162,8731.62
873261,8732.61
873364,8733.64
873468,8734.68
873570,8735.7
873671,8736.71
873769,8737.69
873870,8738.7
873972,8739.72
874073,8740.73
874172,8741.72
874269,8742.69
874367,8743.67
874467,8744.67
874569,8745.69
874670,8746.7
874780,8747.8
874889,8748.89
874996,8749.96
875098,8750.98
875202,8752.02
875307,8753.07
875411,8754.11
875511,8755.11
875610,8756.1
875713,8757.13
875817,8758.17
875920,8759.2
876020,8760.2
876119,8761.19
876218,8762.18
876319,8763.19
876418,8764.18
876516,8765.16
876612,8766.12
876714,8767.14
876819,8768.19
876923,8769.23
877026,8770.26
877128,8771.28
877231,8772.31
877335,8773.35
877439,8774.39
877542,8775.42
877643,8776.43
877747,8777.47
877855,8778.55
877965,8779.65
878073,8780.73
878178,8781.78
878287,8782.87
878395,8783.95
878499,8784.99
878597,8785.97
878695,8786.95
878796,8787.96
878893,8788.93
878992,8789.92
879090,8790.9
879192,8791.92
879299,8792.99
879403,8794.03
879501,8795.01
879596,8795.96
879693,8796.93
879789,8797.89
879885,8798.85
879979,8799.79
880076,8800.76
880175,8801.75
880274,8802.74
880374,8803.74
880473,8804.73
880573,8805.73
880672,8806.72
880769,8807.69
880864,8808.64
880956,8809.56
881051,8810.51
881147,8811.47
881244,8812.44
881342,8813.42
881445,8814.45
881549,8815.49
881653,8816.53
881750,8817.5
881846,8818.46
881945,8819.45
882045,8820.45
882145,8821.45
882243,8822.43
882339,8823.39
882434,8824.34
882534,8825.34
882636,8826.36
882734,8827.34
882823,8828.23
882910,8829.1
882996,8829.96
883080,8830.8
883160,8831.6
883243,8832.43
883331,8833.31
883419,8834.19
883501,8835.01
883584,8835.84
883666,8836.66
883746,8837.46
883829,8838.29
883913,8839.13
883997,8839.97
884084,8840.84
884175,8841.75
884269,8842.69
884365,8843.65
884458,8844.58
884545,8845.45
884630,8846.3
884715,8847.15
884797,8847.97
884879,8848.79
884961,8849.61
885042,8850.42
885123,8851.23
885204,8852.04
885284,8852.84
885364,8853.64
885444,8854.44
885523,8855.23
885604,8856.04
885689,8856.89
885780,8857.8
885873,8858.73
885969,8859.69
886068,8860.68
886169,8861.69
886270,8862.7
886373,8863.73
886475,8864.75
886576,8865.76
886680,8866.8
886783,8867.83
886885,8868.85
886984,8869.84
887081,8870.81
887177,8871.77
887273,8872.73
887369,8873.69
887465,8874.65
887561,8875.61
887654,8876.54
887743,8877.43
887830,8878.3
887918,8879.18
888010,8880.1
888105,8881.05
888202,8882.02
888310,8883.1
888415,8884.15
888524,8885.24
888629,8886.29
888730,8887.3
888825,8888.25
888922,8889.22
889022,8890.22
889125,8891.25
889227,8892.27
889325,8893.25
889422,8894.22
889522,8895.22
889627,8896.27
889730,8897.3
889831,8898.31
889928,8899.28
890025,8900.25
890124,8901.24
890222,8902.22
890320,8903.2
890419,8904.19
890515,8905.15
890618,8906.18
890724,8907.24
890826,8908.26
890921,8909.21
891015,8910.15
891109,8911.09
891202,8912.02
891293,8912.93
891380,8913.8
891467,8914.67
891551,8915.51
891637,8916.37
891725,8917.25
891815,8918.15
891905,8919.05
892001,8920.01
892101,8921.01
892201,8922.01
892301,8923.01
892400,8924.0
892497,8924.97
892595,8925.95
892696,8926.96
892796,8927.96
892897,8928.97
892994,8929.94
893088,8930.88
893187,8931.87
893288,8932.88
893389,8933.89
893486,8934.86
893581,8935.81
893673,8936.73
893764,8937.64
893852,8938.52
893939,8939.39
894030,8940.3
894129,8941.29
894234,8942.34
894334,8943.34
894433,8944.33
894541,8945.41
894650,8946.5
894754,8947.54
894855,8948.55
894951,8949.51
895050,8950.5
895153,8951.53
895256,8952.56
895357,8953.57
895455,8954.55
895553,8955.53
895649,8956.49
895743,8957.43
895837,8958.37
895944,8959.44
896058,8960.58
896169,8961.69
896273,8962.73
896382,8963.82
896489,8964.89
896592,8965.92
896690,8966.9
896786,8967.86
896886,8968.86
896985,8969.85
897083,8970.83
897180,8971.8
897277,8972.77
897380,8973.8
897487,8974.87
897591,8975.91
897692,8976.92
897789,8977.89
897887,8978.87
897984,8979.84
898079,8980.79
898174,8981.74
898268,8982.68
898369,8983.69
898471,8984.71
898569,8985.69
898668,8986.68
898765,8987.65
898857,8988.57
898949,8989.49
899038,8990.38
899124,8991.24
899213,8992.13
899301,8993.01
899385,8993.85
899467,8994.67
899551,8995.51
899636,8996.36
899721,8997.21
899805,8998.05
899889,8998.89
899975,8999.75
900063,9000.63
900151,9001.51
900239,9002.39
900325,9003.25
900410,9004.1
900499,9004.99
900589,9005.89
900680,9006.8
900772,9007.72
900865,9008.65
900956,9009.56
901049,9010.49
901145,9011.45
901243,9012.43
901342,9013.42
901440,9014.4
901540,9015.4
901641,9016.41
901740,9017.4
901835,9018.35
901933,9019.33
902033,9020.33
902129,9021.29
902223,9022.23
902316,9023.16
902406,9024.06
902494,9024.94
902581,9025.81
902669,9026.69
902759,9027.59
902852,9028.52
902950,9029.5
903046,9030.46
903139,9031.39
903228,9032.28
903316,9033.16
903399,9033.99
903480,9034.8
903567,9035.67
903656,9036.56
903752,9037.52
903846,9038.46
903940,9039.4
904039,9040.39
904138,9041.38
904236,9042.36
904330,9043.3
904424,9044.24
904524,9045.24
904625,9046.25
904724,9047.24
904821,9048.21
904921,9049.21
905021,9050.21
905120,9051.2
905219,9052.19
905314,9053.14
905409,9054.09
905507,9055.07
905603,9056.03
905700,9057.0
905794,9057.94
905889,9058.89
905989,9059.89
906089,9060.89
906188,9061.88
906284,9062.84
906381,9063.81
906478,9064.78
906576,9065.76
906672,9066.72
906769,9067.69
906871,9068.71
906972,9069.72
907072,9070.72
907167,9071.67
907264,9072.64
907364,9073.64
907463,9074.63
907559,9075.59
907652,9076.52
907748,9077.48
907847,9078.47
907948,9079.48
908048,9080.48
908146,9081.46
908248,9082.48
908347,9083.47
908445,9084.45
908539,9085.39
908635,9086.35
908733,9087.33
908832,9088.32
908930,9089.3
909023,9090.23
909117,9091.17
909213,9092.13
909308,9093.08
909402,9094.02
909494,9094.94
909591,9095.91
909690,9096.9
909787,9097.87
909880,9098.8
909972,9099.72
910063,9100.63
910154,9101.54
910246,9102.46
910337,9103.37
910431,9104.31
910528,9105.28
910630,9106.3
910730,9107.3
910829,9108.29
910932,9109.32
911035,9110.35
911133,9111.33
911227,9112.27
911323,9113.23
911419,9114.19
911516,9115.16
911613,9116.13
911708,9117.08
911806,9118.06
911906,9119.06
912005,9120.05
912103,9121.03
912196,9121.96
912293,9122.93
912391,9123.91
912489,9124.89
912586,9125.86
912685,9126.85
912784,9127.84
912880,9128.8
912974,9129.74
913069,9130.69
913168,9131.68
913270,9132.7
913373,9133.73
913472,9134.72
913573,9135.73
913674,9136.74
913771,9137.71
913866,9138.66
913958,9139.58
914052,9140.52
914147,9141.47
914242,9142.42
914334,9143.34
914426,9144.26
914523,9145.23
914622,9146.22
914718,9147.18
914810,9148.1
914904,9149.04
915000,9150.0
915098,9150.98
915194,9151.94
915288,9152.88
915385,9153.85
915482,9154.82
915578,9155.78
915670,9156.7
915765,9157.65
915861,9158.61
915954,9159.54
916046,9160.46
916138,9161.38
916240,9162.4
916346,9163.46
916450,9164.5
916551,9165.51
916658,9166.58
916766,9167.66
916866,9168.66
916967,9169.67
917074,9170.74
917181,9171.81
917283,9172.83
917380,9173.8
917478,9174.78
917577,9175.77
917675,9176.75
917770,9177.7
917865,9178.65
917963,9179.63
918066,9180.66
918169,9181.69
918267,9182.67
918366,9183.66
918462,9184.62
918558,9185.58
918651,9186.51
918744,9187.44
918838,9188.38
918934,9189.34
919031,9190.31
919127,9191.27
919222,9192.22
919316,9193.16
919412,9194.12
919506,9195.06
919598,9195.98
919694,9196.94
919790,9197.9
919886,9198.86
919981,9199.81
920075,9200.75
920173,9201.73
920274,9202.74
920376,9203.76
920475,9204.75
920576,9205.76
920680,9206.8
920778,9207.78
920872,9208.72
920969,9209.69
921064,9210.64
921159,9211.59
921252,9212.52
921346,9213.46
921445,9214.45
921545,9215.45
921644,9216.44
921741,9217.41
921839,9218.39
921939,9219.39
922039,9220.39
922134,9221.34
922227,9222.27
922326,9223.26
922429,9224.29
922535,9225.35
922638,9226.38
922746,9227.46
922860,9228.6
922972,9229.72
923075,9230.75
923178,9231.78
923280,9232.8
923378,9233.78
923474,9234.74
923568,9235.68
923662,9236.62
923759,9237.59
923855,9238.55
923948,9239.48
924046,9240.46
924148,9241.48
924247,9242.47
924344,9243.44
924439,9244.39
924542,9245.42
924646,9246.46
924748,9247.48
924843,9248.43
924939,9249.39
925031,9250.31
925122,9251.22
925213,9252.13
925304,9253.04
925397,9253.97
925492,9254.92
925586,9255.86
925680,9256.8
925771,9257.71
925864,9258.64
925961,9259.61
926061,9260.61
926162,9261.62
926260,9262.6
926358,9263.58
926458,9264.58
926557,9265.57
926652,9266.52
926743,9267.43
926838,9268.38
926937,9269.37
927040,9270.4
927142,9271.42
927241,9272.41
927340,9273.4
927441,9274.41
927541,9275.41
927638,9276.38
927726,9277.26
927809,9278.09
927892,9278.92
927977,9279.77
928063,9280.63
928146,9281.46
928227,9282.27
928312,9283.12
928398,9283.98
928482,9284.82
928568,9285.68
928654,9286.54
928747,9287.47
928845,9288.45
928943,9289.43
929041,9290.41
929136,9291.36
929231,9292.31
929326,9293.26
929430,9294.3
929536,9295.36
929643,9296.43
929750,9297.5
929854,9298.54
929960,9299.6
930064,9300.64
930166,9301.66
930269,9302.69
930369,9303.69
930466,9304.66
930564,9305.64
930663,9306.63
930764,9307.64
930864,9308.64
930968,9309.68
931072,9310.72
931169,9311.69
931263,9312.63
931356,9313.56
931450,9314.5
931544,9315.44
931639,9316.39
931736,9317.36
931831,9318.31
931927,9319.27
932025,9320.25
932121,9321.21
932216,9322.16
932310,9323.1
932409,9324.09
932509,9325.09
932609,9326.09
932706,9327.06
932801,9328.01
932899,9328.99
932997,9329.97
933093,9330.93
933187,9331.87
933277,9332.77
933369,9333.69
933463,9334.63
933555,9335.55
933644,9336.44
933733,9337.33
933822,9338.22
933915,9339.15
934007,9340.07
934098,9340.98
934191,9341.91
934286,9342.86
934380,9343.8
934472,9344.72
934562,9345.62
934655,9346.55
934749,9347.49
934843,9348.43
934935,9349.35
935027,9350.27
935122,9351.22
935216,9352.16
935312,9353.12
935408,9354.08
935504,9355.04
935604,9356.04
935704,9357.04
935804,9358.04
935900,9359.0
935999,9359.99
936100,9361.0
936199,9361.99
936296,9362.96
936391,9363.91
936490,9364.9
936589,9365.89
936685,9366.85
936776,9367.76
936867,9368.67
936960,9369.6
937054,9370.54
937147,9371.47
937238,9372.38
937329,9373.29
937423,9374.23
937522,9375.22
937621,9376.21
937718,9377.18
937816,9378.16
937917,9379.17
938019,9380.19
938118,9381.18
938214,9382.14
938310,9383.1
938407,9384.07
938505,9385.05
938601,9386.01
938694,9386.94
938791,9387.91
938890,9388.9
938988,9389.88
939083,9390.83
939176,9391.76
939273,9392.73
939371,9393.71
939469,9394.69
939563,9395.63
939655,9396.55
939749,9397.49
939845,9398.45
939940,9399.4
940032,9400.32
940122,9401.22
940215,9402.15
940309,9403.09
940403,9404.03
940494,9404.94
940587,9405.87
940686,9406.86
940789,9407.89
940889,9408.89
940984,9409.84
941084,9410.84
941186,9411.86
941288,9412.88
941389,9413.89
941486,9414.86
941586,9415.86
941686,9416.86
941784,9417.84
941881,9418.81
941975,9419.75
942074,9420.74
942173,9421.73
942270,9422.7
942364,9423.64
942456,9424.56
942552,9425.52
942649,9426.49
942746,9427.46
942840,9428.4
942933,9429.33
943027,9430.27
943123,9431.23
943221,9432.21
943315,9433.15
943412,9434.12
943509,9435.09
943604,9436.04
943696,9436.96
943785,9437.85
943876,9438.76
943968,9439.68
944061,9440.61
944154,9441.54
944248,9442.48
944341,9443.41
944435,9444.35
944532,9445.32
944628,9446.28
944721,9447.21
944816,9448.16
944920,9449.2
945026,9450.26
945128,9451.28
945228,9452.28
945332,9453.32
945436,9454.36
945537,9455.37
945635,9456.35
945731,9457.31
945831,9458.31
945930,9459.3
946027,9460.27
946123,9461.23
946216,9462.16
946312,9463.12
946407,9464.07
946502,9465.02
946597,9465.97
946690,9466.9
946788,9467.88
946888,9468.88
946987,9469.87
947084,9470.84
947176,9471.76
947268,9472.68
947363,9473.63
947459,9474.59
947558,9475.58
947656,9476.56
947761,9477.61
947868,9478.68
947974,9479.74
948077,9480.77
948180,9481.8
948285,9482.85
948391,9483.91
948490,9484.9
948585,9485.85
948681,9486.81
948778,9487.78
948872,9488.72
948966,9489.66
949059,9490.59
949155,9491.55
949254,9492.54
949352,9493.52
949445,9494.45
949540,9495.4
949641,9496.41
949742,9497.42
949840,9498.4
949938,9499.38
950034,9500.34
950131,9501.31
950231,9502.31
950329,9503.29
950423,9504.23
950516,9505.16
950611,9506.11
950706,9507.06
950803,9508.03
950896,9508.96
950987,9509.87
951084,9510.84
951181,9511.81
951274,9512.74
951368,9513.68
951466,9514.66
951573,9515.73
951680,9516.8
951782,9517.82
951877,9518.77
951974,9519.74
952071,9520.71
952166,9521.66
952260,9522.6
952352,9523.52
952448,9524.48
952547,9525.47
952646,9526.46
952744,9527.44
952841,9528.41
952944,9529.44
953049,9530.49
953152,9531.52
953251,9532.51
953353,9533.53
953454,9534.54
953553,9535.53
953651,9536.51
953747,9537.47
953847,9538.47
953949,9539.49
954053,9540.53
954154,9541.54
954251,9542.51
954350,9543.5
954449,9544.49
954547,9545.47
954642,9546.42
954739,9547.39
954837,9548.37
954936,9549.36
955035,9550.35
955129,9551.29
955222,9552.22
955318,9553.18
955418,9554.18
955517,9555.17
955613,9556.13
955709,9557.09
955814,9558.14
955917,9559.17
956017,9560.17
956116,9561.16
956215,9562.15
956315,9563.15
956409,9564.09
956505,9565.05
956600,9566.0
956696,9566.96
956790,9567.9
956880,9568.8
956972,9569.72
957065,9570.65
957161,9571.61
957256,9572.56
957351,9573.51
957449,9574.49
957548,9575.48
957648,9576.48
957745,9577.45
957839,9578.39
957937,9579.37
958036,9580.36
958135,9581.35
958233,9582.33
958330,9583.3
958428,9584.28
958525,9585.25
958621,9586.21
958715,9587.15
958811,9588.11
958911,9589.11
959009,9590.09
959106,9591.06
959202,9592.02
959302,9593.02
959412,9594.12
959522,9595.22
959625,9596.25
959723,9597.23
959825,9598.25
959926,9599.26
960023,9600.23
960119,9601.19
960212,9602.12
960308,9603.08
960406,9604.06
960504,9605.04
960602,9606.02
960700,9607.0
960798,9607.98
960899,9608.99
961001,9610.01
961100,9611.0
961194,9611.94
961287,9612.87
961384,9613.84
961481,9614.81
961578,9615.78
961675,9616.75
961772,9617.72
961875,9618.75
961975,9619.75
962073,9620.73
962165,9621.65
962261,9622.61
962360,9623.6
962458,9624.58
962553,9625.53
962646,9626.46
962747,9627.47
962850,9628.5
962951,9629.51
963049,9630.49
963145,9631.45
963246,9632.46
963347,9633.47
963446,9634.46
963542,9635.42
963634,9636.34
963730,9637.3
963829,9638.29
963927,9639.27
964026,9640.26
964122,9641.22
964217,9642.17
964314,9643.14
964412,9644.12
964505,9645.05
964594,9645.94
964686,9646.86
964780,9647.8
964875,9648.75
964972,9649.72
965067,9650.67
965160,9651.6
965258,9652.58
965356,9653.56
965454,9654.54
965551,9655.51
965649,9656.49
965748,9657.48
965844,9658.44
965939,9659.39
966035,9660.35
966133,9661.33
966233,9662.33
966331,9663.31
966424,9664.24
966521,9665.21
966618,9666.18
966715,9667.15
966808,9668.08
966902,9669.02
967003,9670.03
967104,9671.04
967204,9672.04
967299,9672.99
967396,9673.96
967498,9674.98
967597,9675.97
967695,9676.95
967791,9677.91
967889,9678.89
967990,9679.9
968091,9680.91
968190,9681.9
968285,9682.85
968382,9683.82
968477,9684.77
968575,9685.75
968669,9686.69
968763,9687.63
968863,9688.63
968964,9689.64
969062,9690.62
969155,9691.55
969250,9692.5
969346,9693.46
969444,9694.44
969538,9695.38
969633,9696.33
969733,9697.33
969832,9698.32
969930,9699.3
970026,9700.26
970123,9701.23
970221,9702.21
970317,9703.17
970412,9704.12
970503,9705.03
970594,9705.94
970691,9706.91
970788,9707.88
970886,9708.86
970985,9709.85
971082,9710.82
971178,9711.78
971280,9712.8
971385,9713.85
971487,9714.87
971584,9715.84
971685,9716.85
971791,9717.91
971890,9718.9
971987,9719.87
972082,9720.82
972180,9721.8
972276,9722.76
972371,9723.71
972464,9724.64
972561,9725.61
972660,9726.6
972758,9727.58
972856,9728.56
972950,9729.5
973049,9730.49
973148,9731.48
973245,9732.45
973341,9733.41
973436,9734.36
973535,9735.35
973634,9736.34
973730,9737.3
973824,9738.24
973922,9739.22
974018,9740.18
974116,9741.16
974210,9742.1
974302,9743.02
974397,9743.97
974496,9744.96
974597,9745.97
974694,9746.94
974789,9747.89
974887,9748.87
974987,9749.87
975087,9750.87
975187,9751.87
975283,9752.83
975381,9753.81
975478,9754.78
975574,9755.74
975667,9756.67
975760,9757.6
975853,9758.53
975946,9759.46
976039,9760.39
976130,9761.3
976219,9762.19
976308,9763.08
976402,9764.02
976498,9764.98
976592,9765.92
976688,9766.88
976790,9767.9
976892,9768.92
976988,9769.88
977087,9770.87
977186,9771.86
977288,9772.88
977386,9773.86
977480,9774.8
977579,9775.79
977678,9776.78
977774,9777.74
977871,9778.71
977966,9779.66
978063,9780.63
978166,9781.66
978258,9782.58
978343,9783.43
978426,9784.26
978508,9785.08
978592,9785.92
978675,9786.75
978764,9787.64
978857,9788.57
978948,9789.48
979043,9790.43
979139,9791.39
979237,9792.37
979331,9793.31
979418,9794.18
979505,9795.05
979591,9795.91
979675,9796.75
979756,9797.56
979839,9798.39
979927,9799.27
980023,9800.23
980119,9801.19
980217,9802.17
980316,9803.16
980418,9804.18
980516,9805.16
980616,9806.16
980720,9807.2
980823,9808.23
980924,9809.24
981024,9810.24
981124,9811.24
981220,9812.2
981317,9813.17
981417,9814.17
981518,9815.18
981619,9816.19
981717,9817.17
981813,9818.13
981911,9819.11
982009,9820.09
982108,9821.08
982204,9822.04
982298,9822.98
982397,9823.97
982498,9824.98
982596,9825.96
982693,9826.93
982793,9827.93
982894,9828.94
982991,9829.91
983086,9830.86
983180,9831.8
983280,9832.8
983379,9833.79
983469,9834.69
983557,9835.57
983644,9836.44
983736,9837.36
983832,9838.32
983925,9839.25
984018,9840.18
984114,9841.14
984216,9842.16
984321,9843.21
984422,9844.22
984528,9845.28
984636,9846.36
984740,9847.4
984841,9848.41
984939,9849.39
985037,9850.37
985130,9851.3
985220,9852.2
985307,9853.07
985394,9853.94
985487,9854.87
985585,9855.85
985683,9856.83
985783,9857.83
985883,9858.83
985988,9859.88
986094,9860.94
986197,9861.97
986300,9863.0
986393,9863.93
986483,9864.83
986571,9865.71
986658,9866.58
986741,9867.41
986822,9868.22
986908,9869.08
986999,9869.99
987086,9870.86
987174,9871.74
987261,9872.61
987346,9873.46
987429,9874.29
987515,9875.15
987599,9875.99
987683,9876.83
987766,9877.66
987848,9878.48
987934,9879.34
988025,9880.25
988119,9881.19
988215,9882.15
988313,9883.13
988413,9884.13
988511,9885.11
988608,9886.08
988710,9887.1
988813,9888.13
988915,9889.15
989015,9890.15
989115,9891.15
989216,9892.16
989316,9893.16
989415,9894.15
989513,9895.13
989611,9896.11
989708,9897.08
989800,9898.0
989891,9898.91
989978,9899.78
990063,9900.63
990155,9901.55
990249,9902.49
990341,9903.41
990431,9904.31
990523,9905.23
990615,9906.15
990705,9907.05
990794,9907.94
990885,9908.85
990979,9909.79
991075,9910.75
991172,9911.72
991266,9912.66
991360,9913.6
991458,9914.58
991558,9915.58
991660,9916.6
991761,9917.61
991862,9918.62
991959,9919.59
992056,9920.56
992149,9921.49
992238,9922.38
992326,9923.26
992418,9924.18
992518,9925.18
992623,9926.23
992728,9927.28
992828,9928.28
992933,9929.33
993035,9930.35
993137,9931.37
993237,9932.37
993336,9933.36
993441,9934.41
993547,9935.47
993650,9936.5
993748,9937.48
993848,9938.48
993954,9939.54
994059,9940.59
994163,9941.63
994260,9942.6
994356,9943.56
994453,9944.53
994548,9945.48
994640,9946.4
994734,9947.34
994831,9948.31
994929,9949.29
995028,9950.28
995122,9951.22
995215,9952.15
995308,9953.08
995402,9954.02
995496,9954.96
995587,9955.87
995678,9956.78
995773,9957.73
995870,9958.7
995966,9959.66
996061,9960.61
996157,9961.57
996253,9962.53
996349,9963.49
996444,9964.44
996537,9965.37
996629,9966.29
996727,9967.27
996823,9968.23
996914,9969.14
997004,9970.04
997096,9970.96
997190,9971.9
997286,9972.86
997374,9973.74
997460,9974.6
997547,9975.47
997635,9976.35
997719,9977.19
997802,9978.02
997885,9978.85
997971,9979.71
998054,9980.54
998135,9981.35
998215,9982.15
998293,9982.93
998370,9983.7
998450,9984.5
998531,9985.31
998609,9986.09
998686,9986.86
998763,9987.63
998838,9988.38
998906,9989.06
998974,9989.74
999050,9990.5
999126,9991.26
999196,9991.96
999265,9992.65
999332,9993.32
999400,9994.0
999466,9994.66
999531,9995.31
999596,9995.96
999660,9996.6
999725,9997.25
999789,9997.89
999853,9998.53
999917,9999.17
999985,9999.85
1000055,10000.55
1000131,10001.31
1000209,10002.09
1000286,10002.86
1000362,10003.62
1000438,10004.38
1000515,10005.15
1000591,10005.91
1000669,10006.69
1000752,10007.52
1000836,10008.36
1000920,10009.2
1001003,10010.03
1001091,10010.91
1001185,10011.85
1001282,10012.82
1001380,10013.8
1001479,10014.79
1001577,10015.77
1001672,10016.72
1001769,10017.69
1001868,10018.68
1001968,10019.68
1002068,10020.68
1002166,10021.66
1002260,10022.6
1002349,10023.49
1002440,10024.4
1002536,10025.36
1002637,10026.37
1002741,10027.41
1002842,10028.42
1002953,10029.53
1003066,10030.66
1003171,10031.71
1003269,10032.69
1003366,10033.66
1003461,10034.61
1003557,10035.57
1003651,10036.51
1003748,10037.48
1003852,10038.52
1003961,10039.61
1004064,10040.64
1004159,10041.59
1004258,10042.58
1004365,10043.65
1004474,10044.74
1004571,10045.71
1004660,10046.6
1004746,10047.46
1004839,10048.39
1004944,10049.44
1005044,10050.44
1005143,10051.43
1005236,10052.36
1005339,10053.39
1005443,10054.43
1005544,10055.44
1005638,10056.38
1005734,10057.34
1005832,10058.32
1005929,10059.29
1006022,10060.22
1006110,10061.1
1006202,10062.02
1006298,10062.98
1006394,10063.94
1006486,10064.86
1006576,10065.76
1006674,10066.74
1006771,10067.71
1006863,10068.63
1006954,10069.54
1007047,10070.47
1007135,10071.35
1007219,10072.19
1007310,10073.1
1007399,10073.99
1007493,10074.93
1007595,10075.95
1007696,10076.96
1007798,10077.98
1007898,10078.98
1007994,10079.94
1008093,10080.93
1008194,10081.94
1008295,10082.95
1008397,10083.97
1008499,10084.99
1008595,10085.95
1008688,10086.88
1008782,10087.82
1008878,10088.78
1008975,10089.75
1009077,10090.77
1009183,10091.83
1009289,10092.89
1009393,10093.93
1009491,10094.91
1009589,10095.89
1009689,10096.89
1009788,10097.88
1009885,10098.85
1009979,10099.79
1010077,10100.77
1010176,10101.76
1010274,10102.74
1010363,10103.63
1010451,10104.51
1010539,10105.39
1010628,10106.28
1010716,10107.16
1010803,10108.03
1010893,10108.93
1010982,10109.82
1011070,10110.7
1011158,10111.58
1011247,10112.47
1011351,10113.51
1011456,10114.56
1011553,10115.53
1011649,10116.49
1011746,10117.46
1011848,10118.48
1011948,10119.48
1012043,10120.43
1012143,10121.43
1012244,10122.44
1012344,10123.44
1012440,10124.4
1012533,10125.33
1012628,10126.28
1012726,10127.26
1012823,10128.23
1012918,10129.18
1013008,10130.08
1013103,10131.03
1013197,10131.97
1013291,10132.91
1013386,10133.86
1013480,10134.8
1013579,10135.79
1013678,10136.78
1013775,10137.75
1013870,10138.7
1013965,10139.65
1014065,10140.65
1014165,10141.65
1014263,10142.63
1014356,10143.56
1014455,10144.55
1014553,10145.53
1014648,10146.48
1014739,10147.39
1014828,10148.28
1014925,10149.25
1015028,10150.28
1015130,10151.3
1015226,10152.26
1015317,10153.17
1015407,10154.07
1015502,10155.02
1015601,10156.01
1015704,10157.04
1015807,10158.07
1015904,10159.04
1016009,10160.09
1016115,10161.15
1016219,10162.19
1016313,10163.13
1016408,10164.08
1016505,10165.05
1016603,10166.03
1016698,10166.98
1016791,10167.91
1016891,10168.91
1016993,10169.93
1017096,10170.96
1017196,10171.96
1017286,10172.86
1017373,10173.73
1017461,10174.61
1017552,10175.52
1017652,10176.52
1017751,10177.51
1017869,10178.69
1017991,10179.91
1018104,10181.04
1018202,10182.02
1018299,10182.99
1018405,10184.05
1018513,10185.13
1018616,10186.16
1018710,10187.1
1018805,10188.05
1018903,10189.03
1019002,10190.02
1019100,10191.0
1019191,10191.91
1019287,10192.87
1019390,10193.9
1019497,10194.97
1019600,10196.0
1019689,10196.89
1019775,10197.75
1019865,10198.65
1019960,10199.6
1020061,10200.61
1020170,10201.7
1020277,10202.77
1020398,10203.98
1020519,10205.19
1020622,10206.22
1020717,10207.17
1020817,10208.17
1020919,10209.19
1021022,10210.22
1021120,10211.2
1021212,10212.12
1021310,10213.1
1021408,10214.08
1021506,10215.06
1021602,10216.02
1021697,10216.97
1021800,10218.0
1021905,10219.05
1022002,10220.02
1022096,10220.96
1022192,10221.92
1022291,10222.91
1022393,10223.93
1022494,10224.94
1022589,10225.89
1022674,10226.74
1022762,10227.62
1022852,10228.52
1022940,10229.4
1023028,10230.28
1023122,10231.22
1023220,10232.2
1023315,10233.15
1023407,10234.07
1023517,10235.17
1023630,10236.3
1023734,10237.34
1023832,10238.32
1023938,10239.38
1024046,10240.46
1024145,10241.45
1024242,10242.42
1024335,10243.35
1024434,10244.34
1024538,10245.38
1024643,10246.43
1024746,10247.46
1024842,10248.42
1024932,10249.32
1025028,10250.28
1025126,10251.26
1025226,10252.26
1025323,10253.23
1025425,10254.25
1025532,10255.32
1025639,10256.39
1025743,10257.43
1025838,10258.38
1025929,10259.29
1026027,10260.27
1026126,10261.26
1026222,10262.22
1026320,10263.2
1026415,10264.15
1026505,10265.05
1026600,10266.0
1026698,10266.98
1026798,10267.98
1026897,10268.97
1026992,10269.92
1027090,10270.9
1027190,10271.9
1027288,10272.88
1027382,10273.82
1027478,10274.78
1027575,10275.75
1027672,10276.72
1027768,10277.68
1027861,10278.61
1027953,10279.53
1028052,10280.52
1028153,10281.53
1028253,10282.53
1028348,10283.48
1028437,10284.37
1028530,10285.3
1028625,10286.25
1028722,10287.22
1028822,10288.22
1028919,10289.19
1029015,10290.15
1029113,10291.13
1029215,10292.15
1029314,10293.14
1029408,10294.08
1029507,10295.07
1029604,10296.04
1029700,10297.0
1029793,10297.93
1029883,10298.83
1029976,10299.76
1030074,10300.74
1030170,10301.7
1030264,10302.64
1030354,10303.54
1030448,10304.48
1030542,10305.42
1030639,10306.39
1030733,10307.33
1030824,10308.24
1030918,10309.18
1031014,10310.14
1031108,10311.08
1031200,10312.0
1031287,10312.87
1031375,10313.75
1031467,10314.67
1031562,10315.62
1031651,10316.51
1031744,10317.44
1031857,10318.57
1031971,10319.71
1032075,10320.75
1032183,10321.83
1032286,10322.86
1032393,10323.93
1032497,10324.97
1032596,10325.96
1032690,10326.9
1032790,10327.9
1032893,10328.93
1032997,10329.97
1033100,10331.0
1033194,10331.94
1033286,10332.86
1033376,10333.76
1033463,10334.63
1033549,10335.49
1033643,10336.43
1033757,10337.57
1033866,10338.66
1033980,10339.8
1034088,10340.88
1034196,10341.96
1034301,10343.01
1034401,10344.01
1034494,10344.94
1034595,10345.95
1034698,10346.98
1034800,10348.0
1034901,10349.01
1034996,10349.96
1035095,10350.95
1035197,10351.97
1035301,10353.01
1035403,10354.03
1035498,10354.98
1035595,10355.95
1035695,10356.95
1035795,10357.95
1035893,10358.93
1035987,10359.87
1036083,10360.83
1036181,10361.81
1036278,10362.78
1036373,10363.73
1036462,10364.62
1036556,10365.56
1036649,10366.49
1036742,10367.42
1036831,10368.31
1036921,10369.21
1037013,10370.13
1037106,10371.06
1037198,10371.98
1037288,10372.88
1037384,10373.84
1037484,10374.84
1037583,10375.83
1037679,10376.79
1037770,10377.7
1037866,10378.66
1037962,10379.62
1038058,10380.58
1038150,10381.5
1038245,10382.45
1038345,10383.45
1038447,10384.47
1038543,10385.43
1038634,10386.34
1038730,10387.3
1038827,10388.27
1038924,10389.24
1039022,10390.22
1039115,10391.15
1039213,10392.13
1039314,10393.14
1039413,10394.13
1039507,10395.07
1039603,10396.03
1039702,10397.02
1039801,10398.01
1039898,10398.98
1039990,10399.9
1040090,10400.9
1040195,10401.95
1040298,10402.98
1040394,10403.94
1040487,10404.87
1040579,10405.79
1040672,10406.72
1040765,10407.65
1040856,10408.56
1040952,10409.52
1041060,10410.6
1041168,10411.68
1041272,10412.72
1041370,10413.7
1041478,10414.78
1041584,10415.84
1041688,10416.88
1041782,10417.82
1041879,10418.79
1041976,10419.76
1042072,10420.72
1042169,10421.69
1042262,10422.62
1042356,10423.56
1042455,10424.55
1042554,10425.54
1042653,10426.53
1042749,10427.49
1042845,10428.45
1042945,10429.45
1043045,10430.45
1043144,10431.44
1043237,10432.37
1043335,10433.35
1043439,10434.39
1043541,10435.41
1043640,10436.4
1043731,10437.31
1043828,10438.28
1043930,10439.3
1044029,10440.29
1044127,10441.27
1044223,10442.23
1044324,10443.24
1044431,10444.31
1044534,10445.34
1044631,10446.31
1044722,10447.22
1044821,10448.21
1044920,10449.2
1045018,10450.18
1045112,10451.12
1045204,10452.04
1045300,10453.0
1045400,10454.0
1045499,10454.99
1045591,10455.91
1045684,10456.84
1045781,10457.81
1045882,10458.82
1045980,10459.8
1046075,10460.75
1046169,10461.69
1046268,10462.68
1046365,10463.65
1046458,10464.58
1046554,10465.54
1046653,10466.53
1046753,10467.53
1046852,10468.52
1046947,10469.47
1047046,10470.46
1047150,10471.5
1047255,10472.55
1047358,10473.58
1047454,10474.54
1047549,10475.49
1047643,10476.43
1047738,10477.38
1047832,10478.32
1047926,10479.26
1048031,10480.31
1048138,10481.38
1048242,10482.42
1048341,10483.41
1048436,10484.36
1048536,10485.36
1048637,10486.37
1048735,10487.35
1048830,10488.3
1048921,10489.21
1049015,10490.15
1049110,10491.1
1049205,10492.05
1049297,10492.97
1049386,10493.86
1049478,10494.78
1049574,10495.74
1049672,10496.72
1049765,10497.65
1049865,10498.65
1049970,10499.7
1050074,10500.74
1050170,10501.7
1050264,10502.64
1050363,10503.63
1050465,10504.65
1050562,10505.62
1050656,10506.56
1050747,10507.47
1050845,10508.45
1050948,10509.48
1051049,10510.49
1051145,10511.45
1051245,10512.45
1051348,10513.48
1051450,10514.5
1051547,10515.47
1051638,10516.38
1051732,10517.32
1051828,10518.28
1051925,10519.25
1052021,10520.21
1052112,10521.12
1052210,10522.1
1052311,10523.11
1052413,10524.13
1052510,10525.1
1052603,10526.03
1052699,10526.99
1052799,10527.99
1052899,10528.99
1052993,10529.93
1053085,10530.85
1053183,10531.83
1053281,10532.81
1053377,10533.77
1053468,10534.68
1053560,10535.6
1053656,10536.56
1053754,10537.54
1053850,10538.5
1053942,10539.42
1054036,10540.36
1054137,10541.37
1054242,10542.42
1054342,10543.42
1054436,10544.36
1054533,10545.33
1054630,10546.3
1054728,10547.28
1054826,10548.26
1054923,10549.23
1055021,10550.21
1055122,10551.22
1055221,10552.21
1055318,10553.18
1055410,10554.1
1055507,10555.07
1055610,10556.1
1055714,10557.14
1055817,10558.17
1055913,10559.13
1056011,10560.11
1056111,10561.11
1056212,10562.12
1056309,10563.09
1056402,10564.02
1056499,10564.99
1056598,10565.98
1056697,10566.97
1056795,10567.95
1056887,10568.87
1056982,10569.82
1057079,10570.79
1057175,10571.75
1057269,10572.69
1057359,10573.59
1057452,10574.52
1057545,10575.45
1057640,10576.4
1057732,10577.32
1057821,10578.21
1057914,10579.14
1058009,10580.09
1058107,10581.07
1058205,10582.05
1058298,10582.98
1058396,10583.96
1058497,10584.97
1058598,10585.98
1058696,10586.96
1058789,10587.89
1058888,10588.88
1058988,10589.88
1059085,10590.85
1059178,10591.78
1059271,10592.71
1059368,10593.68
1059465,10594.65
1059562,10595.62
1059655,10596.55
1059750,10597.5
1059846,10598.46
1059944,10599.44
1060041,10600.41
1060133,10601.33
1060225,10602.25
1060322,10603.22
1060420,10604.2
1060518,10605.18
1060612,10606.12
1060708,10607.08
1060809,10608.09
1060909,10609.09
1061004,10610.04
1061093,10610.93
1061184,10611.84
1061277,10612.77
1061369,10613.69
1061460,10614.6
1061548,10615.48
1061638,10616.38
1061733,10617.33
1061832,10618.32
1061930,10619.3
1062022,10620.22
1062112,10621.12
1062204,10622.04
1062300,10623.0
1062397,10623.97
1062494,10624.94
1062586,10625.86
1062685,10626.85
1062787,10627.87
1062885,10628.85
1062983,10629.83
1063076,10630.76
1063172,10631.72
1063270,10632.7
1063367,10633.67
1063463,10634.63
1063554,10635.54
1063649,10636.49
1063745,10637.45
1063840,10638.4
1063932,10639.32
1064022,10640.22
1064110,10641.1
1064205,10642.05
1064301,10643.01
1064396,10643.96
1064488,10644.88
1064580,10645.8
1064676,10646.76
1064775,10647.75
1064874,10648.74
1064965,10649.65
1065055,10650.55
1065147,10651.47
1065241,10652.41
1065335,10653.35
1065426,10654.26
1065517,10655.17
1065614,10656.14
1065716,10657.16
1065815,10658.15
1065910,10659.1
1066001,10660.01
1066096,10660.96
1066192,10661.92
1066291,10662.91
1066388,10663.88
1066481,10664.81
1066576,10665.76
1066674,10666.74
1066771,10667.71
1066866,10668.66
1066957,10669.57
1067053,10670.53
1067151,10671.51
1067248,10672.48
1067338,10673.38
1067431,10674.31
1067524,10675.24
1067617,10676.17
1067706,10677.06
1067794,10677.94
1067885,10678.85
1067978,10679.78
1068074,10680.74
1068171,10681.71
1068266,10682.66
1068368,10683.68
1068467,10684.67
1068563,10685.63
1068659,10686.59
1068751,10687.51
1068844,10688.44
1068941,10689.41
1069042,10690.42
1069144,10691.44
1069240,10692.4
1069336,10693.36
1069435,10694.35
1069535,10695.35
1069632,10696.32
1069723,10697.23
1069814,10698.14
1069908,10699.08
1070002,10700.02
1070099,10700.99
1070191,10701.91
1070282,10702.82
1070379,10703.79
1070479,10704.79
1070580,10705.8
1070677,10706.77
1070769,10707.69
1070866,10708.66
1070964,10709.64
1071061,10710.61
1071157,10711.57
1071248,10712.48
1071340,10713.4
1071436,10714.36
1071533,10715.33
1071629,10716.29
1071722,10717.22
1071821,10718.21
1071925,10719.25
1072026,10720.26
1072124,10721.24
1072214,10722.14
1072305,10723.05
1072401,10724.01
1072501,10725.01
1072600,10726.0
1072693,10726.93
1072784,10727.84
1072879,10728.79
1072976,10729.76
1073072,10730.72
1073164,10731.64
1073259,10732.59
1073355,10733.55
1073452,10734.52
1073543,10735.43
1073637,10736.37
1073731,10737.31
1073825,10738.25
1073919,10739.19
1074010,10740.1
1074105,10741.05
1074199,10741.99
1074296,10742.96
1074394,10743.94
1074488,10744.88
1074585,10745.85
1074683,10746.83
1074780,10747.8
1074872,10748.72
1074964,10749.64
1075058,10750.58
1075155,10751.55
1075251,10752.51
1075343,10753.43
1075438,10754.38
1075538,10755.38
1075642,10756.42
1075739,10757.39
1075832,10758.32
1075930,10759.3
1076033,10760.33
1076136,10761.36
1076234,10762.34
1076326,10763.26
1076420,10764.2
1076516,10765.16
1076614,10766.14
1076707,10767.07
1076799,10767.99
1076896,10768.96
1076998,10769.98
1077101,10771.01
1077198,10771.98
1077293,10772.93
1077393,10773.93
1077498,10774.98
1077601,10776.01
1077694,10776.94
1077791,10777.91
1077889,10778.89
1077986,10779.86
1078081,10780.81
1078172,10781.72
1078269,10782.69
1078366,10783.66
1078466,10784.66
1078564,10785.64
1078656,10786.56
1078752,10787.52
1078851,10788.51
1078950,10789.5
1079046,10790.46
1079138,10791.38
1079236,10792.36
1079334,10793.34
1079433,10794.33
1079535,10795.35
1079628,10796.28
1079721,10797.21
1079818,10798.18
1079916,10799.16
1080011,10800.11
1080103,10801.03
1080195,10801.95
1080290,10802.9
1080389,10803.89
1080487,10804.87
1080578,10805.78
1080669,10806.69
1080768,10807.68
1080871,10808.71
1080974,10809.74
1081072,10810.72
1081165,10811.65
1081268,10812.68
1081370,10813.7
1081472,10814.72
1081572,10815.72
1081666,10816.66
1081762,10817.62
1081862,10818.62
1081959,10819.59
1082054,10820.54
1082144,10821.44
1082237,10822.37
1082333,10823.33
1082428,10824.28
1082523,10825.23
1082612,10826.12
1082709,10827.09
1082809,10828.09
1082906,10829.06
1083005,10830.05
1083096,10830.96
1083191,10831.91
1083284,10832.84
1083378,10833.78
1083472,10834.72
1083564,10835.64
1083655,10836.55
1083755,10837.55
1083859,10838.59
1083963,10839.63
1084060,10840.6
1084154,10841.54
1084252,10842.52
1084352,10843.52
1084447,10844.47
1084538,10845.38
1084629,10846.29
1084720,10847.2
1084812,10848.12
1084905,10849.05
1084998,10849.98
1085095,10850.95
1085200,10852.0
1085302,10853.02
1085400,10854.0
1085492,10854.92
1085586,10855.86
1085685,10856.85
1085785,10857.85
1085882,10858.82
1085975,10859.75
1086068,10860.68
1086163,10861.63
1086260,10862.6
1086357,10863.57
1086448,10864.48
1086547,10865.47
1086646,10866.46
1086743,10867.43
1086837,10868.37
1086927,10869.27
1087022,10870.22
1087117,10871.17
1087209,10872.09
1087298,10872.98
1087394,10873.94
1087494,10874.94
1087595,10875.95
1087694,10876.94
1087786,10877.86
1087881,10878.81
1087979,10879.79
1088077,10880.77
1088174,10881.74
1088267,10882.67
1088361,10883.61
1088460,10884.6
1088558,10885.58
1088655,10886.55
1088746,10887.46
1088839,10888.39
1088935,10889.35
1089033,10890.33
1089131,10891.31
1089224,10892.24
1089317,10893.17
1089414,10894.14
1089511,10895.11
1089606,10896.06
1089697,10896.97
1089787,10897.87
1089880,10898.8
1089977,10899.77
1090072,10900.72
1090165,10901.65
1090254,10902.54
1090347,10903.47
1090438,10904.38
1090531,10905.31
1090619,10906.19
1090710,10907.1
1090804,10908.04
1090899,10908.99
1090996,10909.96
1091089,10910.89
1091185,10911.85
1091285,10912.85
1091384,10913.84
1091479,10914.79
1091571,10915.71
1091664,10916.64
1091761,10917.61
1091858,10918.58
1091954,10919.54
1092043,10920.43
1092131,10921.31
1092226,10922.26
1092324,10923.24
1092423,10924.23
1092518,10925.18
1092608,10926.08
1092704,10927.04
1092802,10928.02
1092897,10928.97
1092990,10929.9
1093079,10930.79
1093167,10931.67
1093260,10932.6
1093354,10933.54
1093451,10934.51
1093545,10935.45
1093635,10936.35
1093732,10937.32
1093832,10938.32
1093934,10939.34
1094031,10940.31
1094123,10941.23
1094221,10942.21
1094318,10943.18
1094416,10944.16
1094514,10945.14
1094606,10946.06
1094703,10947.03
1094802,10948.02
1094902,10949.02
1095001,10950.01
1095096,10950.96
1095190,10951.9
1095290,10952.9
1095392,10953.92
1095490,10954.9
1095583,10955.83
1095672,10956.72
1095765,10957.65
1095859,10958.59
1095961,10959.61
1096064,10960.64
1096162,10961.62
1096262,10962.62
1096363,10963.63
1096467,10964.67
1096567,10965.67
1096661,10966.61
1096758,10967.58
1096859,10968.59
1096958,10969.58
1097055,10970.55
1097153,10971.53
1097250,10972.5
1097342,10973.42
1097433,10974.33
1097520,10975.2
1097607,10976.07
1097700,10977.0
1097801,10978.01
1097900,10979.0
1097994,10979.94
1098095,10980.95
1098200,10982.0
1098303,10983.03
1098403,10984.03
1098497,10984.97
1098597,10985.97
1098700,10987.0
1098803,10988.03
1098905,10989.05
1098999,10989.99
1099096,10990.96
1099193,10991.93
1099290,10992.9
1099383,10993.83
1099473,10994.73
1099564,10995.64
1099662,10996.62
1099763,10997.63
1099864,10998.64
1099961,10999.61
1100052,11000.52
1100149,11001.49
1100246,11002.46
1100343,11003.43
1100441,11004.41
1100535,11005.35
1100631,11006.31
1100730,11007.3
1100831,11008.31
1100932,11009.32
1101025,11010.25
1101117,11011.17
1101214,11012.14
1101312,11013.12
1101409,11014.09
1101499,11014.99
1101591,11015.91
1101688,11016.88
1101787,11017.87
1101886,11018.86
1101978,11019.78
1102071,11020.71
1102166,11021.66
1102264,11022.64
1102359,11023.59
1102449,11024.49
1102545,11025.45
1102644,11026.44
1102747,11027.47
1102847,11028.47
1102940,11029.4
1103034,11030.34
1103129,11031.29
1103222,11032.22
1103314,11033.14
1103402,11034.02
1103491,11034.91
1103580,11035.8
1103672,11036.72
1103764,11037.64
1103853,11038.53
1103945,11039.45
1104040,11040.4
1104139,11041.39
1104233,11042.33
1104324,11043.24
1104417,11044.17
1104515,11045.15
1104618,11046.18
1104721,11047.21
1104815,11048.15
1104913,11049.13
1105009,11050.09
1105109,11051.09
1105206,11052.06
1105297,11052.97
1105392,11053.92
1105489,11054.89
1105586,11055.86
1105685,11056.85
1105779,11057.79
1105873,11058.73
1105971,11059.71
1106068,11060.68
1106161,11061.61
1106250,11062.5
1106341,11063.41
1106437,11064.37
1106534,11065.34
1106627,11066.27
1106725,11067.25
1106825,11068.25
1106923,11069.23
1107019,11070.19
1107108,11071.08
1107201,11072.01
1107294,11072.94
1107389,11073.89
1107482,11074.82
1107571,11075.71
1107665,11076.65
1107759,11077.59
1107853,11078.53
1107946,11079.46
1108040,11080.4
1108143,11081.43
1108249,11082.49
1108351,11083.51
1108448,11084.48
1108547,11085.47
1108648,11086.48
1108751,11087.51
1108848,11088.48
1108943,11089.43
1109037,11090.37
1109134,11091.34
1109232,11092.32
1109327,11093.27
1109425,11094.25
1109526,11095.26
1109628,11096.28
1109726,11097.26
1109820,11098.2
1109914,11099.14
1110013,11100.13
1110114,11101.14
1110212,11102.12
1110308,11103.08
1110408,11104.08
1110507,11105.07
1110604,11106.04
1110693,11106.93
1110784,11107.84
1110875,11108.75
1110972,11109.72
1111073,11110.73
1111172,11111.72
1111281,11112.81
1111393,11113.93
1111502,11115.02
1111606,11116.06
1111702,11117.02
1111800,11118.0
1111901,11119.01
1111998,11119.98
1112094,11120.94
1112187,11121.87
1112283,11122.83
1112380,11123.8
1112481,11124.81
1112578,11125.78
1112672,11126.72
1112769,11127.69
1112872,11128.72
1112972,11129.72
1113069,11130.69
1113161,11131.61
1113255,11132.55
1113352,11133.52
1113448,11134.48
1113542,11135.42
1113631,11136.31
1113725,11137.25
1113821,11138.21
1113917,11139.17
1114013,11140.13
1114104,11141.04
1114199,11141.99
1114299,11142.99
1114397,11143.97
1114493,11144.93
1114584,11145.84
1114679,11146.79
1114776,11147.76
1114875,11148.75
1114969,11149.69
1115058,11150.58
1115151,11151.51
1115248,11152.48
1115349,11153.49
1115449,11154.49
1115544,11155.44
1115641,11156.41
1115741,11157.41
1115844,11158.44
1115944,11159.44
1116038,11160.38
1116135,11161.35
1116236,11162.36
1116336,11163.36
1116435,11164.35
1116527,11165.27
1116622,11166.22
1116718,11167.18
1116815,11168.15
1116912,11169.12
1117006,11170.06
1117102,11171.02
1117200,11172.0
1117297,11172.97
1117390,11173.9
1117480,11174.8
1117572,11175.72
1117665,11176.65
1117761,11177.61
1117857,11178.57
1117948,11179.48
1118038,11180.38
1118133,11181.33
1118231,11182.31
1118331,11183.31
1118428,11184.28
1118520,11185.2
1118619,11186.19
1118717,11187.17
1118819,11188.19
1118914,11189.14
1119005,11190.05
1119095,11190.95
1119186,11191.86
1119279,11192.79
1119367,11193.67
1119454,11194.54
1119549,11195.49
1119651,11196.51
1119756,11197.56
1119859,11198.59
1119956,11199.56
1120060,11200.6
1120167,11201.67
1120271,11202.71
1120370,11203.7
1120463,11204.63
1120558,11205.58
1120655,11206.55
1120751,11207.51
1120843,11208.43
1120933,11209.33
1121029,11210.29
1121129,11211.29
1121227,11212.27
1121323,11213.23
1121414,11214.14
1121507,11215.07
1121603,11216.03
1121699,11216.99
1121792,11217.92
1121881,11218.81
1121974,11219.74
1122072,11220.72
1122173,11221.73
1122273,11222.73
1122368,11223.68
1122467,11224.67
1122570,11225.7
1122675,11226.75
1122773,11227.73
1122867,11228.67
1122961,11229.61
1123061,11230.61
1123162,11231.62
1123264,11232.64
1123359,11233.59
1123457,11234.57
1123567,11235.67
1123679,11236.79
1123786,11237.86
1123884,11238.84
1123983,11239.83
1124081,11240.81
1124180,11241.8
1124275,11242.75
1124367,11243.67
1124463,11244.63
1124562,11245.62
1124662,11246.62
1124759,11247.59
1124851,11248.51
1124945,11249.45
1125039,11250.39
1125134,11251.34
1125229,11252.29
1125319,11253.19
1125412,11254.12
1125508,11255.08
1125604,11256.04
1125699,11256.99
1125791,11257.91
1125884,11258.84
1125981,11259.81
1126080,11260.8
1126176,11261.76
1126270,11262.7
1126365,11263.65
1126461,11264.61
1126557,11265.57
1126650,11266.5
1126742,11267.42
1126837,11268.37
1126937,11269.37
1127037,11270.37
1127132,11271.32
1127229,11272.29
1127332,11273.32
1127434,11274.34
1127533,11275.33
1127625,11276.25
1127720,11277.2
1127816,11278.16
1127916,11279.16
1128010,11280.1
1128100,11281.0
1128196,11281.96
1128294,11282.94
1128392,11283.92
1128488,11284.88
1128581,11285.81
1128676,11286.76
1128770,11287.7
1128860,11288.6
1128950,11289.5
1129037,11290.37
1129132,11291.32
1129241,11292.41
1129350,11293.5
1129458,11294.58
1129556,11295.56
1129658,11296.58
1129761,11297.61
1129863,11298.63
1129962,11299.62
1130054,11300.54
1130150,11301.5
1130248,11302.48
1130349,11303.49
1130444,11304.44
1130537,11305.37
1130636,11306.36
1130737,11307.37
1130837,11308.37
1130933,11309.33
1131026,11310.26
1131124,11311.24
1131223,11312.23
1131321,11313.21
1131414,11314.14
1131509,11315.09
1131609,11316.09
1131709,11317.09
1131809,11318.09
1131906,11319.06
1131999,11319.99
1132093,11320.93
1132191,11321.91
1132287,11322.87
1132379,11323.79
1132476,11324.76
1132576,11325.76
1132675,11326.75
1132771,11327.71
1132866,11328.66
1132966,11329.66
1133067,11330.67
1133165,11331.65
1133259,11332.59
1133355,11333.55
1133455,11334.55
1133556,11335.56
1133650,11336.5
1133743,11337.43
1133841,11338.41
1133942,11339.42
1134039,11340.39
1134132,11341.32
1134224,11342.24
1134319,11343.19
1134415,11344.15
1134512,11345.12
1134606,11346.06
1134699,11346.99
1134799,11347.99
1134900,11349.0
1135001,11350.01
1135099,11350.99
1135192,11351.92
1135282,11352.82
1135376,11353.76
1135474,11354.74
1135569,11355.69
1135662,11356.62
1135750,11357.5
1135841,11358.41
1135937,11359.37
1136038,11360.38
1136138,11361.38
1136232,11362.32
1136327,11363.27
1136425,11364.25
1136526,11365.26
1136626,11366.26
1136718,11367.18
1136812,11368.12
1136909,11369.09
1137006,11370.06
1137102,11371.02
1137193,11371.93
1137285,11372.85
1137382,11373.82
1137486,11374.86
1137593,11375.93
1137692,11376.92
1137796,11377.96
1137906,11379.06
1138012,11380.12
1138107,11381.07
1138206,11382.06
1138308,11383.08
1138412,11384.12
1138509,11385.09
1138600,11386.0
1138696,11386.96
1138794,11387.94
1138891,11388.91
1138983,11389.83
1139072,11390.72
1139163,11391.63
1139258,11392.58
1139357,11393.57
1139455,11394.55
1139562,11395.62
1139669,11396.69
1139781,11397.81
1139885,11398.85
1139980,11399.8
1140080,11400.8
1140184,11401.84
1140287,11402.87
1140387,11403.87
1140482,11404.82
1140578,11405.78
1140676,11406.76
1140773,11407.73
1140867,11408.67
1140955,11409.55
1141045,11410.45
1141135,11411.35
1141226,11412.26
1141316,11413.16
1141405,11414.05
1141502,11415.02
1141604,11416.04
1141705,11417.05
1141805,11418.05
1141900,11419.0
1141992,11419.92
1142090,11420.9
1142187,11421.87
1142286,11422.86
1142381,11423.81
1142471,11424.71
1142565,11425.65
1142662,11426.62
1142764,11427.64
1142861,11428.61
1142955,11429.55
1143053,11430.53
1143161,11431.61
1143266,11432.66
1143365,11433.65
1143463,11434.63
1143566,11435.66
1143672,11436.72
1143778,11437.78
1143879,11438.79
1143972,11439.72
1144069,11440.69
1144166,11441.66
1144263,11442.63
1144359,11443.59
1144453,11444.53
1144553,11445.53
1144664,11446.64
1144772,11447.72
1144872,11448.72
1144966,11449.66
1145061,11450.61
1145159,11451.59
1145257,11452.57
1145351,11453.51
1145444,11454.44
1145542,11455.42
1145643,11456.43
1145741,11457.41
1145834,11458.34
1145929,11459.29
1146028,11460.28
1146124,11461.24
1146222,11462.22
1146322,11463.22
1146420,11464.2
1146512,11465.12
1146604,11466.04
1146698,11466.98
1146795,11467.95
1146893,11468.93
1146988,11469.88
1147080,11470.8
1147178,11471.78
1147276,11472.76
1147372,11473.72
1147463,11474.63
1147553,11475.53
1147654,11476.54
1147761,11477.61
1147865,11478.65
1147966,11479.66
1148060,11480.6
1148158,11481.58
1148262,11482.62
1148366,11483.66
1148463,11484.63
1148554,11485.54
1148649,11486.49
1148747,11487.47
1148846,11488.46
1148947,11489.47
1149041,11490.41
1149136,11491.36
1149236,11492.36
1149337,11493.37
1149437,11494.37
1149532,11495.32
1149627,11496.27
1149727,11497.27
1149829,11498.29
1149928,11499.28
1150025,11500.25
1150117,11501.17
1150213,11502.13
1150303,11503.03
1150391,11503.91
1150475,11504.75
1150560,11505.6
1150651,11506.51
1150751,11507.51
1150854,11508.54
1150951,11509.51
1151060,11510.6
1151174,11511.74
1151282,11512.82
1151383,11513.83
1151479,11514.79
1151583,11515.83
1151688,11516.88
1151794,11517.94
1151896,11518.96
1151989,11519.89
1152088,11520.88
1152190,11521.9
1152291,11522.91
1152390,11523.9
1152484,11524.84
1152579,11525.79
1152679,11526.79
1152780,11527.8
1152881,11528.81
1152976,11529.76
1153072,11530.72
1153174,11531.74
1153276,11532.76
1153374,11533.74
1153466,11534.66
1153558,11535.58
1153654,11536.54
1153753,11537.53
1153852,11538.52
1153944,11539.44
1154039,11540.39
1154132,11541.32
1154225,11542.25
1154315,11543.15
1154404,11544.04
1154497,11544.97
1154598,11545.98
1154695,11546.95
1154790,11547.9
1154882,11548.82
1154978,11549.78
1155079,11550.79
1155181,11551.81
1155282,11552.82
1155377,11553.77
1155477,11554.77
1155581,11555.81
1155688,11556.88
1155791,11557.91
1155888,11558.88
1155984,11559.84
1156078,11560.78
1156173,11561.73
1156263,11562.63
1156354,11563.54
1156449,11564.49
1156546,11565.46
1156643,11566.43
1156738,11567.38
1156831,11568.31
1156931,11569.31
1157029,11570.29
1157126,11571.26
1157220,11572.2
1157312,11573.12
1157405,11574.05
1157505,11575.05
1157608,11576.08
1157708,11577.08
1157805,11578.05
1157895,11578.95
1157989,11579.89
1158087,11580.87
1158184,11581.84
1158278,11582.78
1158368,11583.68
1158462,11584.62
1158558,11585.58
1158653,11586.53
1158745,11587.45
1158835,11588.35
1158925,11589.25
1159019,11590.19
1159117,11591.17
1159215,11592.15
1159311,11593.11
1159403,11594.03
1159498,11594.98
1159596,11595.96
1159694,11596.94
1159790,11597.9
1159882,11598.82
1159976,11599.76
1160074,11600.74
1160174,11601.74
1160271,11602.71
1160363,11603.63
1160456,11604.56
1160559,11605.59
1160663,11606.63
1160760,11607.6
1160853,11608.53
1160951,11609.51
1161051,11610.51
1161152,11611.52
1161251,11612.51
1161343,11613.43
1161440,11614.4
1161536,11615.36
1161632,11616.32
1161722,11617.22
1161813,11618.13
1161911,11619.11
1162010,11620.1
1162105,11621.05
1162196,11621.96
1162292,11622.92
1162388,11623.88
1162485,11624.85
1162580,11625.8
1162670,11626.7
1162763,11627.63
1162862,11628.62
1162964,11629.64
1163062,11630.62
1163157,11631.57
1163247,11632.47
1163341,11633.41
1163437,11634.37
1163531,11635.31
1163624,11636.24
1163714,11637.14
1163811,11638.11
1163911,11639.11
1164011,11640.11
1164108,11641.08
1164200,11642.0
1164292,11642.92
1164385,11643.85
1164478,11644.78
1164569,11645.69
1164657,11646.57
1164751,11647.51
1164849,11648.49
1164946,11649.46
1165044,11650.44
1165136,11651.36
1165227,11652.27
1165323,11653.23
1165425,11654.25
1165522,11655.22
1165616,11656.16
1165710,11657.1
1165808,11658.08
1165913,11659.13
1166014,11660.14
1166111,11661.11
1166212,11662.12
1166311,11663.11
1166407,11664.07
1166503,11665.03
1166596,11665.96
1166692,11666.92
1166790,11667.9
1166891,11668.91
1166989,11669.89
1167081,11670.81
1167173,11671.73
1167269,11672.69
1167364,11673.64
1167459,11674.59
1167551,11675.51
1167643,11676.43
1167739,11677.39
1167836,11678.36
1167928,11679.28
1168022,11680.22
1168118,11681.18
1168215,11682.15
1168308,11683.08
1168399,11683.99
1168493,11684.93
1168587,11685.87
1168681,11686.81
1168777,11687.77
1168870,11688.7
1168964,11689.64
1169061,11690.61
1169157,11691.57
1169253,11692.53
1169344,11693.44
1169437,11694.37
1169532,11695.32
1169626,11696.26
1169720,11697.2
1169812,11698.12
1169907,11699.07
1170012,11700.12
1170109,11701.09
1170206,11702.06
1170297,11702.97
1170387,11703.87
1170485,11704.85
1170587,11705.87
1170689,11706.89
1170786,11707.86
1170889,11708.89
1170995,11709.95
1171103,11711.03
1171208,11712.08
1171306,11713.06
1171406,11714.06
1171509,11715.09
1171610,11716.1
1171707,11717.07
1171799,11717.99
1171894,11718.94
1171993,11719.93
1172092,11720.92
1172185,11721.85
1172276,11722.76
1172369,11723.69
1172469,11724.69
1172568,11725.68
1172662,11726.62
1172756,11727.56
1172852,11728.52
1172948,11729.48
1173043,11730.43
1173133,11731.33
1173224,11732.24
1173318,11733.18
1173410,11734.1
1173501,11735.01
1173594,11735.94
1173692,11736.92
1173792,11737.92
1173891,11738.91
1173983,11739.83
1174074,11740.74
1174169,11741.69
1174269,11742.69
1174371,11743.71
1174468,11744.68
1174566,11745.66
1174666,11746.66
1174754,11747.54
1174836,11748.36
1174916,11749.16
1174998,11749.98
1175082,11750.82
1175163,11751.63
1175250,11752.5
1175341,11753.41
1175432,11754.32
1175521,11755.21
1175606,11756.06
1175689,11756.89
1175770,11757.7
1175850,11758.5
1175933,11759.33
1176015,11760.15
1176096,11760.96
1176180,11761.8
1176267,11762.67
1176348,11763.48
1176427,11764.27
1176505,11765.05
1176581,11765.81
1176657,11766.57
1176737,11767.37
1176822,11768.22
1176907,11769.07
1176989,11769.89
1177071,11770.71
1177156,11771.56
1177239,11772.39
1177322,11773.22
1177402,11774.02
1177483,11774.83
1177564,11775.64
1177642,11776.42
1177719,11777.19
1177794,11777.94
1177870,11778.7
1177944,11779.44
1178018,11780.18
1178091,11780.91
1178164,11781.64
1178238,11782.38
1178315,11783.15
1178394,11783.94
1178475,11784.75
1178561,11785.61
1178651,11786.51
1178744,11787.44
1178839,11788.39
1178935,11789.35
1179031,11790.31
1179126,11791.26
1179215,11792.15
1179301,11793.01
1179381,11793.81
1179458,11794.58
1179538,11795.38
1179626,11796.26
1179720,11797.2
1179810,11798.1
1179896,11798.96
1179986,11799.86
1180081,11800.81
1180178,11801.78
1180278,11802.78
1180372,11803.72
1180471,11804.71
1180577,11805.77
1180682,11806.82
1180785,11807.85
1180885,11808.85
1180983,11809.83
1181081,11810.81
1181175,11811.75
1181272,11812.72
1181374,11813.74
1181476,11814.76
1181577,11815.77
1181678,11816.78
1181776,11817.76
1181874,11818.74
1181972,11819.72
1182066,11820.66
1182155,11821.55
1182240,11822.4
1182330,11823.3
1182429,11824.29
1182522,11825.22
1182611,11826.11
1182704,11827.04
1182805,11828.05
1182908,11829.08
1183008,11830.08
1183100,11831.0
1183193,11831.93
1183289,11832.89
1183384,11833.84
1183478,11834.78
1183568,11835.68
1183657,11836.57
1183750,11837.5
1183847,11838.47
1183945,11839.45
1184041,11840.41
1184133,11841.33
1184229,11842.29
1184332,11843.32
1184433,11844.33
1184531,11845.31
1184623,11846.23
1184718,11847.18
1184817,11848.17
1184917,11849.17
1185015,11850.15
1185108,11851.08
1185200,11852.0
1185293,11852.93
1185388,11853.88
1185483,11854.83
1185577,11855.77
1185673,11856.73
1185770,11857.7
1185861,11858.61
1185947,11859.47
1186032,11860.32
1186117,11861.17
1186199,11861.99
1186279,11862.79
1186361,11863.61
1186446,11864.46
1186534,11865.34
1186623,11866.23
1186721,11867.21
1186821,11868.21
1186922,11869.22
1187023,11870.23
1187119,11871.19
1187210,11872.1
1187306,11873.06
1187407,11874.07
1187506,11875.06
1187603,11876.03
1187696,11876.96
1187788,11877.88
1187888,11878.88
1187991,11879.91
1188091,11880.91
1188190,11881.9
1188284,11882.84
1188374,11883.74
1188464,11884.64
1188549,11885.49
1188632,11886.32
1188721,11887.21
1188816,11888.16
1188918,11889.18
1189022,11890.22
1189122,11891.22
1189219,11892.19
1189318,11893.18
1189413,11894.13
1189505,11895.05
1189590,11895.9
1189675,11896.75
1189762,11897.62
1189844,11898.44
1189924,11899.24
1190004,11900.04
1190082,11900.82
1190160,11901.6
1190240,11902.4
1190323,11903.23
1190405,11904.05
1190484,11904.84
1190562,11905.62
1190643,11906.43
1190728,11907.28
1190813,11908.13
1190893,11908.93
1190974,11909.74
1191060,11910.6
1191145,11911.45
1191233,11912.33
1191323,11913.23
1191415,11914.15
1191507,11915.07
1191599,11915.99
1191689,11916.89
1191782,11917.82
1191876,11918.76
1191973,11919.73
1192070,11920.7
1192166,11921.66
1192260,11922.6
1192354,11923.54
1192442,11924.42
1192530,11925.3
1192616,11926.16
1192701,11927.01
1192790,11927.9
1192881,11928.81
1192972,11929.72
1193063,11930.63
1193156,11931.56
1193251,11932.51
1193345,11933.45
1193438,11934.38
1193525,11935.25
1193611,11936.11
1193701,11937.01
1193792,11937.92
1193885,11938.85
1193980,11939.8
1194071,11940.71
1194163,11941.63
1194259,11942.59
1194357,11943.57
1194454,11944.54
1194550,11945.5
1194642,11946.42
1194737,11947.37
1194832,11948.32
1194928,11949.28
1195021,11950.21
1195110,11951.1
1195202,11952.02
1195293,11952.93
1195384,11953.84
1195473,11954.73
1195564,11955.64
1195659,11956.59
1195755,11957.55
1195848,11958.48
1195938,11959.38
1196030,11960.3
1196122,11961.22
1196215,11962.15
1196308,11963.08
1196399,11963.99
1196492,11964.92
1196585,11965.85
1196678,11966.78
1196768,11967.68
1196859,11968.59
1196953,11969.53
1197049,11970.49
1197144,11971.44
1197235,11972.35
1197327,11973.27
1197423,11974.23
1197520,11975.2
1197618,11976.18
1197713,11977.13
1197802,11978.02
1197897,11978.97
1197994,11979.94
1198089,11980.89
1198183,11981.83
1198273,11982.73
1198363,11983.63
1198455,11984.55
1198548,11985.48
1198643,11986.43
1198733,11987.33
1198822,11988.22
1198914,11989.14
1199002,11990.02
1199089,11990.89
1199173,11991.73
1199256,11992.56
1199339,11993.39
1199418,11994.18
1199501,11995.01
1199583,11995.83
1199666,11996.66
1199759,11997.59
1199858,11998.58
1199958,11999.58
1200057,12000.57
1200149,12001.49
1200244,12002.44
1200343,12003.43
1200442,12004.42
1200542,12005.42
1200640,12006.4
1200733,12007.33
1200829,12008.29
1200927,12009.27
1201024,12010.24
1201118,12011.18
1201208,12012.08
1201300,12013.0
1201389,12013.89
1201481,12014.81
1201573,12015.73
1201663,12016.63
1201758,12017.58
1201858,12018.58
1201960,12019.6
1202062,12020.62
1202165,12021.65
1202261,12022.61
1202356,12023.56
1202455,12024.55
1202554,12025.54
1202653,12026.53
1202746,12027.46
1202840,12028.4
1202934,12029.34
1203028,12030.28
1203120,12031.2
1203210,12032.1
1203302,12033.02
1203396,12033.96
1203489,12034.89
1203582,12035.82
1203674,12036.74
1203764,12037.64
1203852,12038.52
1203943,12039.43
1204038,12040.38
1204134,12041.34
1204226,12042.26
1204320,12043.2
1204414,12044.14
1204508,12045.08
1204601,12046.01
1204690,12046.9
1204782,12047.82
1204878,12048.78
1204970,12049.7
1205060,12050.6
1205147,12051.47
1205238,12052.38
1205333,12053.33
1205428,12054.28
1205521,12055.21
1205611,12056.11
1205707,12057.07
1205808,12058.08
1205906,12059.06
1205999,12059.99
1206095,12060.95
1206194,12061.94
1206294,12062.94
1206391,12063.91
1206484,12064.84
1206581,12065.81
1206681,12066.81
1206781,12067.81
1206878,12068.78
1206970,12069.7
1207064,12070.64
1207163,12071.63
1207261,12072.61
1207360,12073.6
1207456,12074.56
1207557,12075.57
1207660,12076.6
1207760,12077.6
1207854,12078.54
1207943,12079.43
1208030,12080.3
1208125,12081.25
1208235,12082.35
1208346,12083.46
1208446,12084.46
1208548,12085.48
1208658,12086.58
1208767,12087.67
1208864,12088.64
1208957,12089.57
1209049,12090.49
1209141,12091.41
1209231,12092.31
1209327,12093.27
1209432,12094.32
1209540,12095.4
1209643,12096.43
1209741,12097.41
1209845,12098.45
1209950,12099.5
1210055,12100.55
1210153,12101.53
1210244,12102.44
1210337,12103.37
1210430,12104.3
1210520,12105.2
1210607,12106.07
1210697,12106.97
1210789,12107.89
1210879,12108.79
1210969,12109.69
1211065,12110.65
1211162,12111.62
1211255,12112.55
1211343,12113.43
1211435,12114.35
1211529,12115.29
1211628,12116.28
1211725,12117.25
1211816,12118.16
1211912,12119.12
1212009,12120.09
1212105,12121.05
1212194,12121.94
1212282,12122.82
1212375,12123.75
1212472,12124.72
1212569,12125.69
1212662,12126.62
1212754,12127.54
1212850,12128.5
1212947,12129.47
1213042,12130.42
1213132,12131.32
1213223,12132.23
1213316,12133.16
1213408,12134.08
1213500,12135.0
1213589,12135.89
1213683,12136.83
1213776,12137.76
1213870,12138.7
1213963,12139.63
1214053,12140.53
1214145,12141.45
1214238,12142.38
1214330,12143.3
1214419,12144.19
1214508,12145.08
1214604,12146.04
1214701,12147.01
1214794,12147.94
1214890,12148.9
1214985,12149.85
1215078,12150.78
1215168,12151.68
1215261,12152.61
1215356,12153.56
1215449,12154.49
1215544,12155.44
1215639,12156.39
1215730,12157.3
1215820,12158.2
1215912,12159.12
1216004,12160.04
1216093,12160.93
1216180,12161.8
1216270,12162.7
1216359,12163.59
1216448,12164.48
1216535,12165.35
1216621,12166.21
1216708,12167.08
1216798,12167.98
1216887,12168.87
1216972,12169.72
1217059,12170.59
1217146,12171.46
1217233,12172.33
1217323,12173.23
1217411,12174.11
1217501,12175.01
1217597,12175.97
1217695,12176.95
1217788,12177.88
1217878,12178.78
1217971,12179.71
1218064,12180.64
1218157,12181.57
1218250,12182.5
1218340,12183.4
1218428,12184.28
1218516,12185.16
1218605,12186.05
1218695,12186.95
1218783,12187.83
1218874,12188.74
1218969,12189.69
1219065,12190.65
1219159,12191.59
1219249,12192.49
1219341,12193.41
1219433,12194.33
1219521,12195.21
1219606,12196.06
1219691,12196.91
1219781,12197.81
1219874,12198.74
1219966,12199.66
1220057,12200.57
1220149,12201.49
1220242,12202.42
1220335,12203.35
1220424,12204.24
1220515,12205.15
1220608,12206.08
1220700,12207.0
1220790,12207.9
1220883,12208.83
1220972,12209.72
1221061,12210.61
1221150,12211.5
1221238,12212.38
1221328,12213.28
1221420,12214.2
1221514,12215.14
1221608,12216.08
1221702,12217.02
1221799,12217.99
1221894,12218.94
1221986,12219.86
1222079,12220.79
1222172,12221.72
1222263,12222.63
1222351,12223.51
1222439,12224.39
1222530,12225.3
1222620,12226.2
1222708,12227.08
1222795,12227.95
1222883,12228.83
1222970,12229.7
1223058,12230.58
1223144,12231.44
1223232,12232.32
1223323,12233.23
1223414,12234.14
1223504,12235.04
1223591,12235.91
1223676,12236.76
1223763,12237.63
1223852,12238.52
1223943,12239.43
1224035,12240.35
1224127,12241.27
1224222,12242.22
1224318,12243.18
1224411,12244.11
1224504,12245.04
1224599,12245.99
1224695,12246.95
1224789,12247.89
1224883,12248.83
1224974,12249.74
1225067,12250.67
1225161,12251.61
1225255,12252.55
1225347,12253.47
1225441,12254.41
1225537,12255.37
1225631,12256.31
1225723,12257.23
1225817,12258.17
1225911,12259.11
1226001,12260.01
1226091,12260.91
1226184,12261.84
1226278,12262.78
1226368,12263.68
1226457,12264.57
1226547,12265.47
1226637,12266.37
1226724,12267.24
1226809,12268.09
1226895,12268.95
1226982,12269.82
1227069,12270.69
1227155,12271.55
1227239,12272.39
1227326,12273.26
1227413,12274.13
1227501,12275.01
1227589,12275.89
1227678,12276.78
1227768,12277.68
1227857,12278.57
1227944,12279.44
1228035,12280.35
1228126,12281.26
1228216,12282.16
1228303,12283.03
1228392,12283.92
1228482,12284.82
1228573,12285.73
1228662,12286.62
1228753,12287.53
1228845,12288.45
1228937,12289.37
1229028,12290.28
1229116,12291.16
1229204,12292.04
1229293,12292.93
1229381,12293.81
1229468,12294.68
1229553,12295.53
1229641,12296.41
1229731,12297.31
1229820,12298.2
1229907,12299.07
1229992,12299.92
1230079,12300.79
1230167,12301.67
1230255,12302.55
1230339,12303.39
1230423,12304.23
1230509,12305.09
1230597,12305.97
1230684,12306.84
1230769,12307.69
1230850,12308.5
1230931,12309.31
1231014,12310.14
1231097,12310.97
1231186,12311.86
1231276,12312.76
1231365,12313.65
1231461,12314.61
1231557,12315.57
1231649,12316.49
1231743,12317.43
1231835,12318.35
1231929,12319.29
1232024,12320.24
1232114,12321.14
1232206,12322.06
1232296,12322.96
1232384,12323.84
1232471,12324.71
1232558,12325.58
1232645,12326.45
1232731,12327.31
1232815,12328.15
1232900,12329.0
1232985,12329.85
1233071,12330.71
1233156,12331.56
1233240,12332.4
1233327,12333.27
1233414,12334.14
1233499,12334.99
1233583,12335.83
1233667,12336.67
1233751,12337.51
1233837,12338.37
1233924,12339.24
1234009,12340.09
1234094,12340.94
1234181,12341.81
1234270,12342.7
1234357,12343.57
1234442,12344.42
1234528,12345.28
1234615,12346.15
1234702,12347.02
1234789,12347.89
1234874,12348.74
1234961,12349.61
1235050,12350.5
1235140,12351.4
1235228,12352.28
1235318,12353.18
1235408,12354.08
1235497,12354.97
1235583,12355.83
1235671,12356.71
1235760,12357.6
1235850,12358.5
1235939,12359.39
1236027,12360.27
1236116,12361.16
1236207,12362.07
1236296,12362.96
1236383,12363.83
1236472,12364.72
1236561,12365.61
1236647,12366.47
1236732,12367.32
1236816,12368.16
1236899,12368.99
1236982,12369.82
1237069,12370.69
1237162,12371.62
1237255,12372.55
1237350,12373.5
1237445,12374.45
1237550,12375.5
1237655,12376.55
1237748,12377.48
1237843,12378.43
1237936,12379.36
1238030,12380.3
1238125,12381.25
1238216,12382.16
1238304,12383.04
1238394,12383.94
1238486,12384.86
1238579,12385.79
1238671,12386.71
1238761,12387.61
1238853,12388.53
1238947,12389.47
1239038,12390.38
1239127,12391.27
1239215,12392.15
1239304,12393.04
1239394,12393.94
1239484,12394.84
1239570,12395.7
1239656,12396.56
1239744,12397.44
1239833,12398.33
1239920,12399.2
1240009,12400.09
1240102,12401.02
1240196,12401.96
1240289,12402.89
1240379,12403.79
1240470,12404.7
1240562,12405.62
1240654,12406.54
1240743,12407.43
1240836,12408.36
1240930,12409.3
1241022,12410.22
1241110,12411.1
1241202,12412.02
1241293,12412.93
1241385,12413.85
1241474,12414.74
1241561,12415.61
1241649,12416.49
1241736,12417.36
1241823,12418.23
1241910,12419.1
1241997,12419.97
1242086,12420.86
1242175,12421.75
1242261,12422.61
1242345,12423.45
1242428,12424.28
1242510,12425.1
1242591,12425.91
1242670,12426.7
1242750,12427.5
1242829,12428.29
1242910,12429.1
1242994,12429.94
1243081,12430.81
1243171,12431.71
1243266,12432.66
1243364,12433.64
1243462,12434.62
1243556,12435.56
1243651,12436.51
1243746,12437.46
1243839,12438.39
1243929,12439.29
1244021,12440.21
1244113,12441.13
1244203,12442.03
1244292,12442.92
1244383,12443.83
1244475,12444.75
1244567,12445.67
1244656,12446.56
1244745,12447.45
1244835,12448.35
1244925,12449.25
1245014,12450.14
1245101,12451.01
1245189,12451.89
1245277,12452.77
1245363,12453.63
1245447,12454.47
1245530,12455.3
1245615,12456.15
1245699,12456.99
1245782,12457.82
1245866,12458.66
1245948,12459.48
1246033,12460.33
1246118,12461.18
1246203,12462.03
1246288,12462.88
1246372,12463.72
1246455,12464.55
1246539,12465.39
1246622,12466.22
1246704,12467.04
1246786,12467.86
1246867,12468.67
1246949,12469.49
1247032,12470.32
1247116,12471.16
1247201,12472.01
1247283,12472.83
1247366,12473.66
1247451,12474.51
1247536,12475.36
1247621,12476.21
1247705,12477.05
1247787,12477.87
1247867,12478.67
1247945,12479.45
1248024,12480.24
1248103,12481.03
1248185,12481.85
1248270,12482.7
1248370,12483.7
1248469,12484.69
1248574,12485.74
1248680,12486.8
1248783,12487.83
1248881,12488.81
1248977,12489.77
1249069,12490.69
1249161,12491.61
1249255,12492.55
1249349,12493.49
1249441,12494.41
1249534,12495.34
1249630,12496.3
1249725,12497.25
1249817,12498.17
1249910,12499.1
1250003,12500.03
1250099,12500.99
1250195,12501.95
1250290,12502.9
1250384,12503.84
1250475,12504.75
1250567,12505.67
1250660,12506.6
1250754,12507.54
1250845,12508.45
1250934,12509.34
1251025,12510.25
1251117,12511.17
1251209,12512.09
1251298,12512.98
1251389,12513.89
1251482,12514.82
1251575,12515.75
1251666,12516.66
1251754,12517.54
1251843,12518.43
1251931,12519.31
1252018,12520.18
1252104,12521.04
1252190,12521.9
1252281,12522.81
1252377,12523.77
1252474,12524.74
1252570,12525.7
1252666,12526.66
1252759,12527.59
1252852,12528.52
1252946,12529.46
1253038,12530.38
1253127,12531.27
1253216,12532.16
1253306,12533.06
1253398,12533.98
1253490,12534.9
1253584,12535.84
1253679,12536.79
1253775,12537.75
1253869,12538.69
1253965,12539.65
1254060,12540.6
1254152,12541.52
1254246,12542.46
1254338,12543.38
1254425,12544.25
1254514,12545.14
1254602,12546.02
1254691,12546.91
1254780,12547.8
1254865,12548.65
1254952,12549.52
1255040,12550.4
1255127,12551.27
1255213,12552.13
1255299,12552.99
1255388,12553.88
1255477,12554.77
1255567,12555.67
1255655,12556.55
1255744,12557.44
1255834,12558.34
1255925,12559.25
1256014,12560.14
1256104,12561.04
1256196,12561.96
1256286,12562.86
1256375,12563.75
1256466,12564.66
1256557,12565.57
1256648,12566.48
1256737,12567.37
1256828,12568.28
1256920,12569.2
1257009,12570.09
1257097,12570.97
1257186,12571.86
1257274,12572.74
1257363,12573.63
1257450,12574.5
1257536,12575.36
1257624,12576.24
1257713,12577.13
1257802,12578.02
1257889,12578.89
1257974,12579.74
1258061,12580.61
1258148,12581.48
1258237,12582.37
1258323,12583.23
1258408,12584.08
1258495,12584.95
1258582,12585.82
1258668,12586.68
1258752,12587.52
1258836,12588.36
1258922,12589.22
1259009,12590.09
1259096,12590.96
1259183,12591.83
1259271,12592.71
1259363,12593.63
1259455,12594.55
1259545,12595.45
1259638,12596.38
1259731,12597.31
1259822,12598.22
1259911,12599.11
1260002,12600.02
1260094,12600.94
1260187,12601.87
1260278,12602.78
1260368,12603.68
1260461,12604.61
1260555,12605.55
1260645,12606.45
1260737,12607.37
1260828,12608.28
1260918,12609.18
1261008,12610.08
1261098,12610.98
1261188,12611.88
1261276,12612.76
1261365,12613.65
1261454,12614.54
1261539,12615.39
1261627,12616.27
1261715,12617.15
1261803,12618.03
1261889,12618.89
1261975,12619.75
1262061,12620.61
1262148,12621.48
1262236,12622.36
1262322,12623.22
1262410,12624.1
1262498,12624.98
1262585,12625.85
1262671,12626.71
1262757,12627.57
1262843,12628.43
1262930,12629.3
1263015,12630.15
1263102,12631.02
1263192,12631.92
1263282,12632.82
1263372,12633.72
1263455,12634.55
1263538,12635.38
1263619,12636.19
1263697,12636.97
1263773,12637.73
1263851,12638.51
1263928,12639.28
1264004,12640.04
1264081,12640.81
1264159,12641.59
1264236,12642.36
1264312,12643.12
1264388,12643.88
1264466,12644.66
1264542,12645.42
1264617,12646.17
1264689,12646.89
1264761,12647.61
1264835,12648.35
1264906,12649.06
1264978,12649.78
1265052,12650.52
1265128,12651.28
1265207,12652.07
1265288,12652.88
1265370,12653.7
1265454,12654.54
1265546,12655.46
1265643,12656.43
1265743,12657.43
1265845,12658.45
1265948,12659.48
1266046,12660.46
1266147,12661.47
1266250,12662.5
1266352,12663.52
1266452,12664.52
1266547,12665.47
1266639,12666.39
1266736,12667.36
1266837,12668.37
1266938,12669.38
1267036,12670.36
1267138,12671.38
1267241,12672.41
1267345,12673.45
1267442,12674.42
1267542,12675.42
1267643,12676.43
1267742,12677.42
1267834,12678.34
1267924,12679.24
1268017,12680.17
1268112,12681.12
1268207,12682.07
1268300,12683.0
1268391,12683.91
1268480,12684.8
1268573,12685.73
1268665,12686.65
1268758,12687.58
1268847,12688.47
1268940,12689.4
1269035,12690.35
1269130,12691.3
1269224,12692.24
1269317,12693.17
1269411,12694.11
1269507,12695.07
1269603,12696.03
1269696,12696.96
1269792,12697.92
1269887,12698.87
1269982,12699.82
1270074,12700.74
1270168,12701.68
1270263,12702.63
1270359,12703.59
1270452,12704.52
1270542,12705.42
1270633,12706.33
1270725,12707.25
1270817,12708.17
1270906,12709.06
1270995,12709.95
1271087,12710.87
1271178,12711.78
1271268,12712.68
1271355,12713.55
1271443,12714.43
1271532,12715.32
1271622,12716.22
1271710,12717.1
1271797,12717.97
1271885,12718.85
1271973,12719.73
1272061,12720.61
1272148,12721.48
1272233,12722.33
1272319,12723.19
1272406,12724.06
1272493,12724.93
1272581,12725.81
1272667,12726.67
1272754,12727.54
1272843,12728.43
1272933,12729.33
1273021,12730.21
1273108,12731.08
1273197,12731.97
1273286,12732.86
1273375,12733.75
1273464,12734.64
1273551,12735.51
1273641,12736.41
1273734,12737.34
1273827,12738.27
1273917,12739.17
1274006,12740.06
1274096,12740.96
1274184,12741.84
1274273,12742.73
1274359,12743.59
1274445,12744.45
1274533,12745.33
1274622,12746.22
1274711,12747.11
1274798,12747.98
1274889,12748.89
1274981,12749.81
1275074,12750.74
1275166,12751.66
1275256,12752.56
1275348,12753.48
1275441,12754.41
1275533,12755.33
1275624,12756.24
1275716,12757.16
1275809,12758.09
1275901,12759.01
1275994,12759.94
1276091,12760.91
1276188,12761.88
1276279,12762.79
1276367,12763.67
1276457,12764.57
1276548,12765.48
1276639,12766.39
1276730,12767.3
1276825,12768.25
1276920,12769.2
1277013,12770.13
1277104,12771.04
1277196,12771.96
1277287,12772.87
1277376,12773.76
1277463,12774.63
1277550,12775.5
1277639,12776.39
1277731,12777.31
1277823,12778.23
1277914,12779.14
1278005,12780.05
1278097,12780.97
1278189,12781.89
1278279,12782.79
1278371,12783.71
1278462,12784.62
1278552,12785.52
1278643,12786.43
1278736,12787.36
1278830,12788.3
1278922,12789.22
1279012,12790.12
1279104,12791.04
1279197,12791.97
1279290,12792.9
1279382,12793.82
1279475,12794.75
1279568,12795.68
1279657,12796.57
1279747,12797.47
1279841,12798.41
1279934,12799.34
1280026,12800.26
1280119,12801.19
1280211,12802.11
1280302,12803.02
1280393,12803.93
1280485,12804.85
1280578,12805.78
1280668,12806.68
1280758,12807.58
1280849,12808.49
1280941,12809.41
1281027,12810.27
1281114,12811.14
1281200,12812.0
1281287,12812.87
1281372,12813.72
1281460,12814.6
1281549,12815.49
1281638,12816.38
1281725,12817.25
1281813,12818.13
1281906,12819.06
1281997,12819.97
1282087,12820.87
1282175,12821.75
1282268,12822.68
1282362,12823.62
1282457,12824.57
1282548,12825.48
1282640,12826.4
1282736,12827.36
1282831,12828.31
1282923,12829.23
1283013,12830.13
1283105,12831.05
1283198,12831.98
1283289,12832.89
1283377,12833.77
1283463,12834.63
1283551,12835.51
1283636,12836.36
1283723,12837.23
1283811,12838.11
1283898,12838.98
1283987,12839.87
1284080,12840.8
1284174,12841.74
1284264,12842.64
1284352,12843.52
1284442,12844.42
1284534,12845.34
1284624,12846.24
1284711,12847.11
1284798,12847.98
1284886,12848.86
1284978,12849.78
1285069,12850.69
1285157,12851.57
1285242,12852.42
1285330,12853.3
1285421,12854.21
1285517,12855.17
1285614,12856.14
1285707,12857.07
1285801,12858.01
1285905,12859.05
1286008,12860.08
1286106,12861.06
1286198,12861.98
1286288,12862.88
1286382,12863.82
1286478,12864.78
1286574,12865.74
1286668,12866.68
1286761,12867.61
1286859,12868.59
1286958,12869.58
1287055,12870.55
1287147,12871.47
1287244,12872.44
1287342,12873.42
1287436,12874.36
1287528,12875.28
1287621,12876.21
1287714,12877.14
1287807,12878.07
1287899,12878.99
1287994,12879.94
1288089,12880.89
1288184,12881.84
1288277,12882.77
1288367,12883.67
1288460,12884.6
1288552,12885.52
1288644,12886.44
1288733,12887.33
1288824,12888.24
1288916,12889.16
1289008,12890.08
1289097,12890.97
1289187,12891.87
1289277,12892.77
1289366,12893.66
1289455,12894.55
1289543,12895.43
1289630,12896.3
1289719,12897.19
1289807,12898.07
1289895,12898.95
1289982,12899.82
1290068,12900.68
1290156,12901.56
1290246,12902.46
1290336,12903.36
1290426,12904.26
1290513,12905.13
1290600,12906.0
1290687,12906.87
1290775,12907.75
1290863,12908.63
1290951,12909.51
1291039,12910.39
1291131,12911.31
1291227,12912.27
1291322,12913.22
1291416,12914.16
1291508,12915.08
1291599,12915.99
1291692,12916.92
1291784,12917.84
1291874,12918.74
1291962,12919.62
1292051,12920.51
1292142,12921.42
1292233,12922.33
1292323,12923.23
1292411,12924.11
1292500,12925.0
1292590,12925.9
1292682,12926.82
1292775,12927.75
1292864,12928.64
1292954,12929.54
1293046,12930.46
1293138,12931.38
1293228,12932.28
1293317,12933.17
1293410,12934.1
1293504,12935.04
1293593,12935.93
1293683,12936.83
1293775,12937.75
1293866,12938.66
1293955,12939.55
1294041,12940.41
1294125,12941.25
1294209,12942.09
1294293,12942.93
1294378,12943.78
1294464,12944.64
1294553,12945.53
1294660,12946.6
1294768,12947.68
1294871,12948.71
1294966,12949.66
1295063,12950.63
1295159,12951.59
1295248,12952.48
1295338,12953.38
1295426,12954.26
1295515,12955.15
1295609,12956.09
1295706,12957.06
1295802,12958.02
1295899,12958.99
1295992,12959.92
1296087,12960.87
1296183,12961.83
1296278,12962.78
1296371,12963.71
1296462,12964.62
1296557,12965.57
1296651,12966.51
1296744,12967.44
1296835,12968.35
1296927,12969.27
1297024,12970.24
1297123,12971.23
1297220,12972.2
1297318,12973.18
1297417,12974.17
1297515,12975.15
1297609,12976.09
1297704,12977.04
1297801,12978.01
1297895,12978.95
1297987,12979.87
1298083,12980.83
1298181,12981.81
1298279,12982.79
1298371,12983.71
1298466,12984.66
1298560,12985.6
1298654,12986.54
1298748,12987.48
1298838,12988.38
1298930,12989.3
1299023,12990.23
1299116,12991.16
1299208,12992.08
1299299,12992.99
1299392,12993.92
1299484,12994.84
1299578,12995.78
1299668,12996.68
1299758,12997.58
1299848,12998.48
1299938,12999.38
1300026,13000.26
1300112,13001.12
1300201,13002.01
1300290,13002.9
1300379,13003.79
1300466,13004.66
1300552,13005.52
1300637,13006.37
1300721,13007.21
1300803,13008.03
1300884,13008.84
1300969,13009.69
1301062,13010.62
1301163,13011.63
1301264,13012.64
1301362,13013.62
1301461,13014.61
1301566,13015.66
1301668,13016.68
1301768,13017.68
1301860,13018.6
1301953,13019.53
1302045,13020.45
1302136,13021.36
1302226,13022.26
1302313,13023.13
1302399,13023.99
1302489,13024.89
1302580,13025.8
1302673,13026.73
1302762,13027.62
1302850,13028.5
1302941,13029.41
1303034,13030.34
1303125,13031.25
1303217,13032.17
1303318,13033.18
1303419,13034.19
1303518,13035.18
1303613,13036.13
1303710,13037.1
1303807,13038.07
1303903,13039.03
1303995,13039.95
1304087,13040.87
1304180,13041.8
1304274,13042.74
1304369,13043.69
1304459,13044.59
1304553,13045.53
1304649,13046.49
1304744,13047.44
1304837,13048.37
1304929,13049.29
1305023,13050.23
1305117,13051.17
1305208,13052.08
1305297,13052.97
1305389,13053.89
1305482,13054.82
1305573,13055.73
1305664,13056.64
1305758,13057.58
1305853,13058.53
1305946,13059.46
1306041,13060.41
1306135,13061.35
1306228,13062.28
1306318,13063.18
1306410,13064.1
1306501,13065.01
1306589,13065.89
1306675,13066.75
1306761,13067.61
1306850,13068.5
1306943,13069.43
1307042,13070.42
1307145,13071.45
1307247,13072.47
1307346,13073.46
1307442,13074.42
1307541,13075.41
1307637,13076.37
1307731,13077.31
1307824,13078.24
1307921,13079.21
1308026,13080.26
1308129,13081.29
1308231,13082.31
1308330,13083.3
1308427,13084.27
1308524,13085.24
1308616,13086.16
1308707,13087.07
1308801,13088.01
1308895,13088.95
1308988,13089.88
1309088,13090.88
1309189,13091.89
1309288,13092.88
1309388,13093.88
1309489,13094.89
1309592,13095.92
1309694,13096.94
1309790,13097.9
1309892,13098.92
1309997,13099.97
1310099,13100.99
1310198,13101.98
1310302,13103.02
1310404,13104.04
1310503,13105.03
1310599,13105.99
1310696,13106.96
1310795,13107.95
1310893,13108.93
1310992,13109.92
1311092,13110.92
1311188,13111.88
1311281,13112.81
1311373,13113.73
1311463,13114.63
1311554,13115.54
1311641,13116.41
1311728,13117.28
1311830,13118.3
1311943,13119.43
1312050,13120.5
1312151,13121.51
1312247,13122.47
1312355,13123.55
1312462,13124.62
1312563,13125.63
1312655,13126.55
1312747,13127.47
1312839,13128.39
1312931,13129.31
1313021,13130.21
1313112,13131.12
1313200,13132.0
1313288,13132.88
1313384,13133.84
1313481,13134.81
1313579,13135.79
1313671,13136.71
1313761,13137.61
1313857,13138.57
1313959,13139.59
1314065,13140.65
1314167,13141.67
1314261,13142.61
1314359,13143.59
1314459,13144.59
1314558,13145.58
1314655,13146.55
1314747,13147.47
1314838,13148.38
1314933,13149.33
1315031,13150.31
1315130,13151.3
1315225,13152.25
1315317,13153.17
1315414,13154.14
1315509,13155.09
1315604,13156.04
1315700,13157.0
1315791,13157.91
1315887,13158.87
1315985,13159.85
1316086,13160.86
1316186,13161.86
1316280,13162.8
1316377,13163.77
1316477,13164.77
1316576,13165.76
1316674,13166.74
1316767,13167.67
1316862,13168.62
1316957,13169.57
1317052,13170.52
1317144,13171.44
1317238,13172.38
1317337,13173.37
1317439,13174.39
1317539,13175.39
1317636,13176.36
1317733,13177.33
1317832,13178.32
1317929,13179.29
1318024,13180.24
1318123,13181.23
1318224,13182.24
1318325,13183.25
1318423,13184.23
1318518,13185.18
1318614,13186.14
1318709,13187.09
1318804,13188.04
1318895,13188.95
1318982,13189.82
1319073,13190.73
1319165,13191.65
1319265,13192.65
1319359,13193.59
1319458,13194.58
1319565,13195.65
1319676,13196.76
1319782,13197.82
1319884,13198.84
1319979,13199.79
1320076,13200.76
1320176,13201.76
1320276,13202.76
1320373,13203.73
1320465,13204.65
1320560,13205.6
1320656,13206.56
1320753,13207.53
1320849,13208.49
1320942,13209.42
1321035,13210.35
1321130,13211.3
1321225,13212.25
1321320,13213.2
1321414,13214.14
1321507,13215.07
1321606,13216.06
1321707,13217.07
1321808,13218.08
1321905,13219.05
1322001,13220.01
1322100,13221.0
1322199,13221.99
1322300,13223.0
1322398,13223.98
1322498,13224.98
1322598,13225.98
1322696,13226.96
1322791,13227.91
1322885,13228.85
1322978,13229.78
1323074,13230.74
1323171,13231.71
1323265,13232.65
1323360,13233.6
1323455,13234.55
1323552,13235.52
1323649,13236.49
1323742,13237.42
1323837,13238.37
1323932,13239.32
1324027,13240.27
1324119,13241.19
1324211,13242.11
1324303,13243.03
1324396,13243.96
1324484,13244.84
1324572,13245.72
1324664,13246.64
1324754,13247.54
1324844,13248.44
1324930,13249.3
1325015,13250.15
1325101,13251.01
1325186,13251.86
1325272,13252.72
1325356,13253.56
1325441,13254.41
1325529,13255.29
1325616,13256.16
1325702,13257.02
1325786,13257.86
1325872,13258.72
1325962,13259.62
1326057,13260.57
1326152,13261.52
1326245,13262.45
1326348,13263.48
1326451,13264.51
1326552,13265.52
1326646,13266.46
1326738,13267.38
1326830,13268.3
1326921,13269.21
1327010,13270.1
1327098,13270.98
1327192,13271.92
1327289,13272.89
1327387,13273.87
1327480,13274.8
1327570,13275.7
1327664,13276.64
1327757,13277.57
1327850,13278.5
1327942,13279.42
1328032,13280.32
1328119,13281.19
1328203,13282.03
1328287,13282.87
1328371,13283.71
1328455,13284.55
1328536,13285.36
1328615,13286.15
1328696,13286.96
1328778,13287.78
1328864,13288.64
1328956,13289.56
1329053,13290.53
1329145,13291.45
1329239,13292.39
1329336,13293.36
1329436,13294.36
1329539,13295.39
1329633,13296.33
1329724,13297.24
1329819,13298.19
1329919,13299.19
1330019,13300.19
1330122,13301.22
1330219,13302.19
1330316,13303.16
1330415,13304.15
1330519,13305.19
1330624,13306.24
1330727,13307.27
1330829,13308.29
1330927,13309.27
1331021,13310.21
1331116,13311.16
1331213,13312.13
1331314,13313.14
1331415,13314.15
1331514,13315.14
1331607,13316.07
1331704,13317.04
1331802,13318.02
1331903,13319.03
1332003,13320.03
1332096,13320.96
1332185,13321.85
1332280,13322.8
1332378,13323.78
1332479,13324.79
1332580,13325.8
1332675,13326.75
1332767,13327.67
1332860,13328.6
1332958,13329.58
1333058,13330.58
1333159,13331.59
1333254,13332.54
1333353,13333.53
1333452,13334.52
1333554,13335.54
1333658,13336.58
1333755,13337.55
1333849,13338.49
1333950,13339.5
1334057,13340.57
1334161,13341.61
1334258,13342.58
1334353,13343.53
1334444,13344.44
1334536,13345.36
1334628,13346.28
1334722,13347.22
1334828,13348.28
1334939,13349.39
1335046,13350.46
1335143,13351.43
1335241,13352.41
1335346,13353.46
1335456,13354.56
1335562,13355.62
1335661,13356.61
1335763,13357.63
1335865,13358.65
1335963,13359.63
1336063,13360.63
1336159,13361.59
1336252,13362.52
1336350,13363.5
1336448,13364.48
1336547,13365.47
1336642,13366.42
1336733,13367.33
1336827,13368.27
1336926,13369.26
1337027,13370.27
1337122,13371.22
1337219,13372.19
1337319,13373.19
1337422,13374.22
1337521,13375.21
1337615,13376.15
1337712,13377.12
1337809,13378.09
1337907,13379.07
1338003,13380.03
1338098,13380.98
1338189,13381.89
1338283,13382.83
1338383,13383.83
1338483,13384.83
1338583,13385.83
1338678,13386.78
1338771,13387.71
1338870,13388.7
1338970,13389.7
1339068,13390.68
1339161,13391.61
1339255,13392.55
1339352,13393.52
1339449,13394.49
1339543,13395.43
1339635,13396.35
1339733,13397.33
1339832,13398.32
1339931,13399.31
1340027,13400.27
1340122,13401.22
1340221,13402.21
1340326,13403.26
1340429,13404.29
1340528,13405.28
1340621,13406.21
1340714,13407.14
1340810,13408.1
1340907,13409.07
1341004,13410.04
1341102,13411.02
1341196,13411.96
1341296,13412.96
1341400,13414.0
1341502,13415.02
1341604,13416.04
1341700,13417.0
1341795,13417.95
1341890,13418.9
1341986,13419.86
1342078,13420.78
1342175,13421.75
1342274,13422.74
1342377,13423.77
1342476,13424.76
1342578,13425.78
1342679,13426.79
1342782,13427.82
1342876,13428.76
1342965,13429.65
1343057,13430.57
1343147,13431.47
1343235,13432.35
1343321,13433.21
1343405,13434.05
1343491,13434.91
1343577,13435.77
1343665,13436.65
1343755,13437.55
1343841,13438.41
1343925,13439.25
1344011,13440.11
1344101,13441.01
1344196,13441.96
1344290,13442.9
1344393,13443.93
1344515,13445.15
1344630,13446.3
1344739,13447.39
1344837,13448.37
1344935,13449.35
1345035,13450.35
1345140,13451.4
1345245,13452.45
1345349,13453.49
1345448,13454.48
1345544,13455.44
1345646,13456.46
1345752,13457.52
1345859,13458.59
1345966,13459.66
1346066,13460.66
1346169,13461.69
1346277,13462.77
1346383,13463.83
1346486,13464.86
1346583,13465.83
1346678,13466.78
1346776,13467.76
1346877,13468.77
1346978,13469.78
1347076,13470.76
1347170,13471.7
1347266,13472.66
1347366,13473.66
1347467,13474.67
1347565,13475.65
1347658,13476.58
1347756,13477.56
1347855,13478.55
1347954,13479.54
1348049,13480.49
1348141,13481.41
1348237,13482.37
1348337,13483.37
1348438,13484.38
1348534,13485.34
1348628,13486.28
1348727,13487.27
1348828,13488.28
1348930,13489.3
1349026,13490.26
1349125,13491.25
1349222,13492.22
1349319,13493.19
1349416,13494.16
1349510,13495.1
1349607,13496.07
1349707,13497.07
1349808,13498.08
1349906,13499.06
1350001,13500.01
1350101,13501.01
1350201,13502.01
1350302,13503.02
1350400,13504.0
1350494,13504.94
1350590,13505.9
1350687,13506.87
1350786,13507.86
1350883,13508.83
1350975,13509.75
1351071,13510.71
1351167,13511.67
1351264,13512.64
1351358,13513.58
1351448,13514.48
1351543,13515.43
1351639,13516.39
1351735,13517.35
1351829,13518.29
1351931,13519.31
1352040,13520.4
1352147,13521.47
1352245,13522.45
1352342,13523.42
1352444,13524.44
1352551,13525.51
1352653,13526.53
1352749,13527.49
1352850,13528.5
1352956,13529.56
1353061,13530.61
1353164,13531.64
1353259,13532.59
1353353,13533.53
1353450,13534.5
1353546,13535.46
1353640,13536.4
1353731,13537.31
1353825,13538.25
1353920,13539.2
1354013,13540.13
1354104,13541.04
1354193,13541.93
1354286,13542.86
1354382,13543.82
1354477,13544.77
1354570,13545.7
1354664,13546.64
1354765,13547.65
1354867,13548.67
1354969,13549.69
1355067,13550.67
1355161,13551.61
1355261,13552.61
1355363,13553.63
1355464,13554.64
1355565,13555.65
1355661,13556.61
1355757,13557.57
1355858,13558.58
1355961,13559.61
1356061,13560.61
1356158,13561.58
1356254,13562.54
1356353,13563.53
1356453,13564.53
1356553,13565.53
1356651,13566.51
1356751,13567.51
1356854,13568.54
1356960,13569.6
1357061,13570.61
1357157,13571.57
1357255,13572.55
1357353,13573.53
1357450,13574.5
1357541,13575.41
1357631,13576.31
1357722,13577.22
1357821,13578.21
1357929,13579.29
1358041,13580.41
1358144,13581.44
1358264,13582.64
1358392,13583.92
1358512,13585.12
1358622,13586.22
1358720,13587.2
1358821,13588.21
1358927,13589.27
1359036,13590.36
1359143,13591.43
1359241,13592.41
1359341,13593.41
1359446,13594.46
1359555,13595.55
1359662,13596.62
1359762,13597.62
1359862,13598.62
1359960,13599.6
1360059,13600.59
1360158,13601.58
1360253,13602.53
1360356,13603.56
1360472,13604.72
1360588,13605.88
1360700,13607.0
1360805,13608.05
1360902,13609.02
1361002,13610.02
1361107,13611.07
1361212,13612.12
1361317,13613.17
1361414,13614.14
1361510,13615.1
1361610,13616.1
1361712,13617.12
1361812,13618.12
1361909,13619.09
1362002,13620.02
1362097,13620.97
1362197,13621.97
1362297,13622.97
1362398,13623.98
1362493,13624.93
1362589,13625.89
1362687,13626.87
1362784,13627.84
1362880,13628.8
1362971,13629.71
1363063,13630.63
1363161,13631.61
1363262,13632.62
1363362,13633.62
1363455,13634.55
1363547,13635.47
1363645,13636.45
1363744,13637.44
1363841,13638.41
1363936,13639.36
1364027,13640.27
1364122,13641.22
1364219,13642.19
1364317,13643.17
1364409,13644.09
1364504,13645.04
1364601,13646.01
1364700,13647.0
1364798,13647.98
1364890,13648.9
1364981,13649.81
1365075,13650.75
1365171,13651.71
1365261,13652.61
1365353,13653.53
1365457,13654.57
1365585,13655.85
1365714,13657.14
1365832,13658.32
1365950,13659.5
1366074,13660.74
1366187,13661.87
1366287,13662.87
1366383,13663.83
1366486,13664.86
1366593,13665.93
1366701,13667.01
1366806,13668.06
1366906,13669.06
1367012,13670.12
1367120,13671.2
1367227,13672.27
1367330,13673.3
1367427,13674.27
1367529,13675.29
1367637,13676.37
1367741,13677.41
1367842,13678.42
1367938,13679.38
1368038,13680.38
1368141,13681.41
1368248,13682.48
1368354,13683.54
1368452,13684.52
1368549,13685.49
1368651,13686.51
1368754,13687.54
1368855,13688.55
1368950,13689.5
1369043,13690.43
1369141,13691.41
1369242,13692.42
1369342,13693.42
1369438,13694.38
1369533,13695.33
1369631,13696.31
1369732,13697.32
1369829,13698.29
1369921,13699.21
1370016,13700.16
1370112,13701.12
1370211,13702.11
1370312,13703.12
1370407,13704.07
1370501,13705.01
1370597,13705.97
1370694,13706.94
1370790,13707.9
1370883,13708.83
1370977,13709.77
1371075,13710.75
1371174,13711.74
1371272,13712.72
1371372,13713.72
1371467,13714.67
1371566,13715.66
1371670,13716.7
1371776,13717.76
1371876,13718.76
1371973,13719.73
1372078,13720.78
1372186,13721.86
1372288,13722.88
1372383,13723.83
1372476,13724.76
1372574,13725.74
1372675,13726.75
1372774,13727.74
1372872,13728.72
1372968,13729.68
1373070,13730.7
1373179,13731.79
1373285,13732.85
1373386,13733.86
1373481,13734.81
1373580,13735.8
1373685,13736.85
1373791,13737.91
1373896,13738.96
1373992,13739.92
1374092,13740.92
1374194,13741.94
1374298,13742.98
1374398,13743.98
1374492,13744.92
1374588,13745.88
1374684,13746.84
1374781,13747.81
1374875,13748.75
1374965,13749.65
1375058,13750.58
1375153,13751.53
1375251,13752.51
1375345,13753.45
1375437,13754.37
1375532,13755.32
1375632,13756.32
1375730,13757.3
1375827,13758.27
1375918,13759.18
1376011,13760.11
1376105,13761.05
1376204,13762.04
1376302,13763.02
1376398,13763.98
1376489,13764.89
1376584,13765.84
1376680,13766.8
1376779,13767.79
1376873,13768.73
1376964,13769.64
1377062,13770.62
1377165,13771.65
1377268,13772.68
1377365,13773.65
1377464,13774.64
1377567,13775.67
1377670,13776.7
1377769,13777.69
1377866,13778.66
1377959,13779.59
1378056,13780.56
1378157,13781.57
1378256,13782.56
1378350,13783.5
1378441,13784.41
1378539,13785.39
1378638,13786.38
1378737,13787.37
1378834,13788.34
1378926,13789.26
1379018,13790.18
1379116,13791.16
1379218,13792.18
1379319,13793.19
1379418,13794.18
1379521,13795.21
1379631,13796.31
1379740,13797.4
1379843,13798.43
1379939,13799.39
1380036,13800.36
1380137,13801.37
1380242,13802.42
1380345,13803.45
1380445,13804.45
1380541,13805.41
1380644,13806.44
1380753,13807.53
1380859,13808.59
1380960,13809.6
1381054,13810.54
1381154,13811.54
1381257,13812.57
1381358,13813.58
1381457,13814.57
1381551,13815.51
1381651,13816.51
1381755,13817.55
1381861,13818.61
1381965,13819.65
1382060,13820.6
1382156,13821.56
1382259,13822.59
1382365,13823.65
1382469,13824.69
1382566,13825.66
1382661,13826.61
1382762,13827.62
1382867,13828.67
1382968,13829.68
1383066,13830.66
1383158,13831.58
1383246,13832.46
1383336,13833.36
1383429,13834.29
1383527,13835.27
1383627,13836.27
1383742,13837.42
1383867,13838.67
1383983,13839.83
1384093,13840.93
1384191,13841.91
1384290,13842.9
1384393,13843.93
1384496,13844.96
1384597,13845.97
1384692,13846.92
1384789,13847.89
1384891,13848.91
1384994,13849.94
1385096,13850.96
1385194,13851.94
1385290,13852.9
1385391,13853.91
1385496,13854.96
1385598,13855.98
1385692,13856.92
1385783,13857.83
1385880,13858.8
1385980,13859.8
1386080,13860.8
1386177,13861.77
1386269,13862.69
1386360,13863.6
1386449,13864.49
1386538,13865.38
1386625,13866.25
1386713,13867.13
1386800,13868.0
1386895,13868.95
1386996,13869.96
1387098,13870.98
1387195,13871.95
1387288,13872.88
1387390,13873.9
1387514,13875.14
1387639,13876.39
1387748,13877.48
1387851,13878.51
1387948,13879.48
1388049,13880.49
1388155,13881.55
1388265,13882.65
1388372,13883.72
1388476,13884.76
1388579,13885.79
1388677,13886.77
1388776,13887.76
1388879,13888.79
1388981,13889.81
1389083,13890.83
1389183,13891.83
1389280,13892.8
1389381,13893.81
1389484,13894.84
1389586,13895.86
1389687,13896.87
1389783,13897.83
1389878,13898.78
1389975,13899.75
1390071,13900.71
1390168,13901.68
1390261,13902.61
1390351,13903.51
1390448,13904.48
1390549,13905.49
1390649,13906.49
1390748,13907.48
1390842,13908.42
1390932,13909.32
1391028,13910.28
1391130,13911.3
1391231,13912.31
1391328,13913.28
1391427,13914.27
1391529,13915.29
1391631,13916.31
1391726,13917.26
1391822,13918.22
1391923,13919.23
1392024,13920.24
1392122,13921.22
1392215,13922.15
1392310,13923.1
1392409,13924.09
1392510,13925.1
1392609,13926.09
1392702,13927.02
1392796,13927.96
1392893,13928.93
1392992,13929.92
1393089,13930.89
1393179,13931.79
1393273,13932.73
1393368,13933.68
1393465,13934.65
1393562,13935.62
1393655,13936.55
1393752,13937.52
1393854,13938.54
1393959,13939.59
1394060,13940.6
1394156,13941.56
1394253,13942.53
1394357,13943.57
1394461,13944.61
1394563,13945.63
1394658,13946.58
1394759,13947.59
1394863,13948.63
1394970,13949.7
1395071,13950.71
1395164,13951.64
1395260,13952.6
1395360,13953.6
1395460,13954.6
1395559,13955.59
1395654,13956.54
1395749,13957.49
1395846,13958.46
1395947,13959.47
1396047,13960.47
1396143,13961.43
1396241,13962.41
1396343,13963.43
1396444,13964.44
1396543,13965.43
1396636,13966.36
1396728,13967.28
1396826,13968.26
1396929,13969.29
1397034,13970.34
1397130,13971.3
1397227,13972.27
1397329,13973.29
1397436,13974.36
1397538,13975.38
1397633,13976.33
1397731,13977.31
1397830,13978.3
1397928,13979.28
1398024,13980.24
1398114,13981.14
1398207,13982.07
1398304,13983.04
1398402,13984.02
1398501,13985.01
1398596,13985.96
1398690,13986.9
1398789,13987.89
1398890,13988.9
1398988,13989.88
1399081,13990.81
1399172,13991.72
1399266,13992.66
1399362,13993.62
1399457,13994.57
1399548,13995.48
1399640,13996.4
1399736,13997.36
1399834,13998.34
1399931,13999.31
1400021,14000.21
1400114,14001.14
1400208,14002.08
1400304,14003.04
1400397,14003.97
1400489,14004.89
1400585,14005.85
1400682,14006.82
1400777,14007.77
1400867,14008.67
1400953,14009.53
1401038,14010.38
1401128,14011.28
1401222,14012.22
1401318,14013.18
1401419,14014.19
1401523,14015.23
1401617,14016.17
1401704,14017.04
1401798,14017.98
1401908,14019.08
1402030,14020.3
1402149,14021.49
1402265,14022.65
1402369,14023.69
1402477,14024.77
1402589,14025.89
1402697,14026.97
1402806,14028.06
1402914,14029.14
1403017,14030.17
1403113,14031.13
1403212,14032.12
1403317,14033.17
1403423,14034.23
1403528,14035.28
1403627,14036.27
1403722,14037.22
1403822,14038.22
1403926,14039.26
1404029,14040.29
1404129,14041.29
1404225,14042.25
1404326,14043.26
1404431,14044.31
1404535,14045.35
1404637,14046.37
1404731,14047.31
1404831,14048.31
1404933,14049.33
1405037,14050.37
1405136,14051.36
1405228,14052.28
1405327,14053.27
1405429,14054.29
1405529,14055.29
1405623,14056.23
1405710,14057.1
1405794,14057.94
1405878,14058.78
1405963,14059.63
1406048,14060.48
1406131,14061.31
1406218,14062.18
1406303,14063.03
1406395,14063.95
1406503,14065.03
1406610,14066.1
1406707,14067.07
1406816,14068.16
1406931,14069.31
1407045,14070.45
1407154,14071.54
1407253,14072.53
1407352,14073.52
1407453,14074.53
1407556,14075.56
1407659,14076.59
1407756,14077.56
1407854,14078.54
1407959,14079.59
1408068,14080.68
1408173,14081.73
1408275,14082.75
1408371,14083.71
1408466,14084.66
1408564,14085.64
1408663,14086.63
1408764,14087.64
1408864,14088.64
1408960,14089.6
1409061,14090.61
1409168,14091.68
1409273,14092.73
1409375,14093.75
1409470,14094.7
1409565,14095.65
1409665,14096.65
1409769,14097.69
1409873,14098.73
1409972,14099.72
1410073,14100.73
1410176,14101.76
1410278,14102.78
1410377,14103.77
1410472,14104.72
1410569,14105.69
1410673,14106.73
1410779,14107.79
1410884,14108.84
1410982,14109.82
1411086,14110.86
1411195,14111.95
1411303,14113.03
1411407,14114.07
1411503,14115.03
1411598,14115.98
1411698,14116.98
1411802,14118.02
1411906,14119.06
1412005,14120.05
1412100,14121.0
1412200,14122.0
1412305,14123.05
1412413,14124.13
1412517,14125.17
1412615,14126.15
1412717,14127.17
1412821,14128.21
1412929,14129.29
1413032,14130.32
1413129,14131.29
1413228,14132.28
1413331,14133.31
1413435,14134.35
1413538,14135.38
1413636,14136.36
1413733,14137.33
1413831,14138.31
1413931,14139.31
1414030,14140.3
1414124,14141.24
1414220,14142.2
1414320,14143.2
1414424,14144.24
1414527,14145.27
1414626,14146.26
1414723,14147.23
1414824,14148.24
1414928,14149.28
1415033,14150.33
1415135,14151.35
1415230,14152.3
1415329,14153.29
1415429,14154.29
1415530,14155.3
1415631,14156.31
1415729,14157.29
1415825,14158.25
1415927,14159.27
1416032,14160.32
1416135,14161.35
1416235,14162.35
1416330,14163.3
1416425,14164.25
1416520,14165.2
1416617,14166.17
1416711,14167.11
1416809,14168.09
1416917,14169.17
1417027,14170.27
1417136,14171.36
1417236,14172.36
1417338,14173.38
1417445,14174.45
1417551,14175.51
1417652,14176.52
1417747,14177.47
1417844,14178.44
1417944,14179.44
1418045,14180.45
1418140,14181.4
1418237,14182.37
1418339,14183.39
1418443,14184.43
1418546,14185.46
1418642,14186.42
1418739,14187.39
1418838,14188.38
1418939,14189.39
1419037,14190.37
1419132,14191.32
1419227,14192.27
1419322,14193.22
1419414,14194.14
1419505,14195.05
1419594,14195.94
1419688,14196.88
1419788,14197.88
1419894,14198.94
1419998,14199.98
1420095,14200.95
1420198,14201.98
1420300,14203.0
1420400,14204.0
1420500,14205.0
1420594,14205.94
1420691,14206.91
1420794,14207.94
1420900,14209.0
1421003,14210.03
1421101,14211.01
1421195,14211.95
1421293,14212.93
1421394,14213.94
1421492,14214.92
1421590,14215.9
1421684,14216.84
1421780,14217.8
1421881,14218.81
1421983,14219.83
1422082,14220.82
1422178,14221.78
1422276,14222.76
1422378,14223.78
1422482,14224.82
1422587,14225.87
1422692,14226.92
1422788,14227.88
1422887,14228.87
1422990,14229.9
1423093,14230.93
1423195,14231.95
1423290,14232.9
1423391,14233.91
1423494,14234.94
1423596,14235.96
1423695,14236.95
1423789,14237.89
1423885,14238.85
1423984,14239.84
1424084,14240.84
1424185,14241.85
1424281,14242.81
1424380,14243.8
1424480,14244.8
1424583,14245.83
1424683,14246.83
1424777,14247.77
1424875,14248.75
1424973,14249.73
1425074,14250.74
1425170,14251.7
1425265,14252.65
1425365,14253.65
1425468,14254.68
1425568,14255.68
1425664,14256.64
1425760,14257.6
1425862,14258.62
1425970,14259.7
1426076,14260.76
1426175,14261.75
1426269,14262.69
1426367,14263.67
1426468,14264.68
1426569,14265.69
1426669,14266.69
1426762,14267.62
1426850,14268.5
1426944,14269.44
1427041,14270.41
1427141,14271.41
1427240,14272.4
1427336,14273.36
1427437,14274.37
1427541,14275.41
1427646,14276.46
1427750,14277.5
1427847,14278.47
1427946,14279.46
1428047,14280.47
1428150,14281.5
1428250,14282.5
1428345,14283.45
1428442,14284.42
1428540,14285.4
1428640,14286.4
1428740,14287.4
1428837,14288.37
1428933,14289.33
1429037,14290.37
1429142,14291.42
1429245,14292.45
1429345,14293.45
1429440,14294.4
1429538,14295.38
1429636,14296.36
1429735,14297.35
1429830,14298.3
1429921,14299.21
1430014,14300.14
1430108,14301.08
1430205,14302.05
1430302,14303.02
1430397,14303.97
1430490,14304.9
1430588,14305.88
1430690,14306.9
1430792,14307.92
1430892,14308.92
1430987,14309.87
1431087,14310.87
1431192,14311.92
1431300,14313.0
1431404,14314.04
1431502,14315.02
1431604,14316.04
1431708,14317.08
1431814,14318.14
1431916,14319.16
1432010,14320.1
1432107,14321.07
1432205,14322.05
1432305,14323.05
1432405,14324.05
1432501,14325.01
1432597,14325.97
1432699,14326.99
1432801,14328.01
1432900,14329.0
1432995,14329.95
1433090,14330.9
1433190,14331.9
1433292,14332.92
1433394,14333.94
1433495,14334.95
1433592,14335.92
1433686,14336.86
1433785,14337.85
1433888,14338.88
1433991,14339.91
1434092,14340.92
1434187,14341.87
1434286,14342.86
1434389,14343.89
1434493,14344.93
1434597,14345.97
1434695,14346.95
1434791,14347.91
1434888,14348.88
1434987,14349.87
1435083,14350.83
1435177,14351.77
1435268,14352.68
1435365,14353.65
1435462,14354.62
1435559,14355.59
1435654,14356.54
1435748,14357.48
1435846,14358.46
1435946,14359.46
1436046,14360.46
1436143,14361.43
1436235,14362.35
1436327,14363.27
1436421,14364.21
1436518,14365.18
1436616,14366.16
1436712,14367.12
1436810,14368.1
1436915,14369.15
1437023,14370.23
1437126,14371.26
1437223,14372.23
1437324,14373.24
1437427,14374.27
1437529,14375.29
1437630,14376.3
1437729,14377.29
1437824,14378.24
1437922,14379.22
1438023,14380.23
1438125,14381.25
1438225,14382.25
1438320,14383.2
1438419,14384.19
1438520,14385.2
1438622,14386.22
1438722,14387.22
1438815,14388.15
1438911,14389.11
1439008,14390.08
1439108,14391.08
1439207,14392.07
1439301,14393.01
1439397,14393.97
1439498,14394.98
1439599,14395.99
1439699,14396.99
1439792,14397.92
1439885,14398.85
1439983,14399.83
1440083,14400.83
1440181,14401.81
1440275,14402.75
1440368,14403.68
1440465,14404.65
1440564,14405.64
1440662,14406.62
1440755,14407.55
1440848,14408.48
1440943,14409.43
1441043,14410.43
1441147,14411.47
1441247,14412.47
1441341,14413.41
1441442,14414.42
1441548,14415.48
1441655,14416.55
1441758,14417.58
1441856,14418.56
1441958,14419.58
1442064,14420.64
1442168,14421.68
1442267,14422.67
1442359,14423.59
1442455,14424.55
1442553,14425.53
1442654,14426.54
1442756,14427.56
1442852,14428.52
1442953,14429.53
1443057,14430.57
1443163,14431.63
1443266,14432.66
1443363,14433.63
1443463,14434.63
1443565,14435.65
1443668,14436.68
1443768,14437.68
1443862,14438.62
1443957,14439.57
1444056,14440.56
1444153,14441.53
1444252,14442.52
1444349,14443.49
1444450,14444.5
1444553,14445.53
1444658,14446.58
1444761,14447.61
1444857,14448.57
1444955,14449.55
1445057,14450.57
1445159,14451.59
1445261,14452.61
1445357,14453.57
1445456,14454.56
1445554,14455.54
1445655,14456.55
1445756,14457.56
1445851,14458.51
1445950,14459.5
1446050,14460.5
1446151,14461.51
1446251,14462.51
1446345,14463.45
1446439,14464.39
1446536,14465.36
1446635,14466.35
1446733,14467.33
1446825,14468.25
1446916,14469.16
1447012,14470.12
1447112,14471.12
1447212,14472.12
1447310,14473.1
1447405,14474.05
1447507,14475.07
1447614,14476.14
1447720,14477.2
1447822,14478.22
1447918,14479.18
1448019,14480.19
1448124,14481.24
1448229,14482.29
1448330,14483.3
1448426,14484.26
1448526,14485.26
1448629,14486.29
1448730,14487.3
1448830,14488.3
1448925,14489.25
1449019,14490.19
1449116,14491.16
1449212,14492.12
1449307,14493.07
1449399,14493.99
1449496,14494.96
1449597,14495.97
1449702,14497.02
1449802,14498.02
1449896,14498.96
1449992,14499.92
1450089,14500.89
1450188,14501.88
1450287,14502.87
1450381,14503.81
1450474,14504.74
1450571,14505.71
1450673,14506.73
1450776,14507.76
1450880,14508.8
1450981,14509.81
1451090,14510.9
1451204,14512.04
1451313,14513.13
1451416,14514.16
1451512,14515.12
1451610,14516.1
1451710,14517.1
1451812,14518.12
1451911,14519.11
1452006,14520.06
1452102,14521.02
1452202,14522.02
1452303,14523.03
1452402,14524.02
1452498,14524.98
1452593,14525.93
1452693,14526.93
1452795,14527.95
1452894,14528.94
1452990,14529.9
1453082,14530.82
1453179,14531.79
1453280,14532.8
1453380,14533.8
1453476,14534.76
1453570,14535.7
1453670,14536.7
1453770,14537.7
1453869,14538.69
1453964,14539.64
1454056,14540.56
1454151,14541.51
1454248,14542.48
1454347,14543.47
1454445,14544.45
1454539,14545.39
1454637,14546.37
1454739,14547.39
1454843,14548.43
1454946,14549.46
1455044,14550.44
1455141,14551.41
1455243,14552.43
1455345,14553.45
1455445,14554.45
1455541,14555.41
1455633,14556.33
1455731,14557.31
1455829,14558.29
1455926,14559.26
1456022,14560.22
1456114,14561.14
1456209,14562.09
1456305,14563.05
1456403,14564.03
1456501,14565.01
1456593,14565.93
1456687,14566.87
1456783,14567.83
1456881,14568.81
1456982,14569.82
1457079,14570.79
1457179,14571.79
1457283,14572.83
1457390,14573.9
1457492,14574.92
1457587,14575.87
1457685,14576.85
1457786,14577.86
1457889,14578.89
1457991,14579.91
1458085,14580.85
1458182,14581.82
1458283,14582.83
1458385,14583.85
1458481,14584.81
1458580,14585.8
1458683,14586.83
1458787,14587.87
1458889,14588.89
1458986,14589.86
1459084,14590.84
1459186,14591.86
1459289,14592.89
1459391,14593.91
1459489,14594.89
1459582,14595.82
1459680,14596.8
1459782,14597.82
1459884,14598.84
1459984,14599.84
1460078,14600.78
1460176,14601.76
1460276,14602.76
1460378,14603.78
1460478,14604.78
1460573,14605.73
1460669,14606.69
1460769,14607.69
1460870,14608.7
1460969,14609.69
1461062,14610.62
1461155,14611.55
1461250,14612.5
1461348,14613.48
1461446,14614.46
1461541,14615.41
1461640,14616.4
1461742,14617.42
1461844,14618.44
1461945,14619.45
1462041,14620.41
1462139,14621.39
1462240,14622.4
1462341,14623.41
1462441,14624.41
1462536,14625.36
1462633,14626.33
1462732,14627.32
1462831,14628.31
1462928,14629.28
1463022,14630.22
1463115,14631.15
1463211,14632.11
1463307,14633.07
1463401,14634.01
1463493,14634.93
1463588,14635.88
1463688,14636.88
1463791,14637.91
1463892,14638.92
1463987,14639.87
1464089,14640.89
1464192,14641.92
1464296,14642.96
1464394,14643.94
1464488,14644.88
1464585,14645.85
1464687,14646.87
1464793,14647.93
1464894,14648.94
1465002,14650.02
1465120,14651.2
1465237,14652.37
1465348,14653.48
1465451,14654.51
1465554,14655.54
1465664,14656.64
1465775,14657.75
1465877,14658.77
1465977,14659.77
1466077,14660.77
1466180,14661.8
1466282,14662.82
1466381,14663.81
1466483,14664.83
1466589,14665.89
1466694,14666.94
1466796,14667.96
1466893,14668.93
1466994,14669.94
1467098,14670.98
1467202,14672.02
1467302,14673.02
1467397,14673.97
1467494,14674.94
1467595,14675.95
1467698,14676.98
1467797,14677.97
1467893,14678.93
1467990,14679.9
1468090,14680.9
1468191,14681.91
1468291,14682.91
1468385,14683.85
1468485,14684.85
1468588,14685.88
1468692,14686.92
1468793,14687.93
1468890,14688.9
1468989,14689.89
1469090,14690.9
1469188,14691.88
1469282,14692.82
1469377,14693.77
1469475,14694.75
1469576,14695.76
1469671,14696.71
1469765,14697.65
1469861,14698.61
1469964,14699.64
1470071,14700.71
1470178,14701.78
1470274,14702.74
1470370,14703.7
1470475,14704.75
1470579,14705.79
1470682,14706.82
1470781,14707.81
1470882,14708.82
1470982,14709.82
1471086,14710.86
1471188,14711.88
1471281,14712.81
1471376,14713.76
1471471,14714.71
1471569,14715.69
1471666,14716.66
1471760,14717.6
1471859,14718.59
1471964,14719.64
1472071,14720.71
1472172,14721.72
1472266,14722.66
1472365,14723.65
1472466,14724.66
1472568,14725.68
1472669,14726.69
1472763,14727.63
1472863,14728.63
1472966,14729.66
1473069,14730.69
1473168,14731.68
1473263,14732.63
1473360,14733.6
1473461,14734.61
1473561,14735.61
1473659,14736.59
1473754,14737.54
1473852,14738.52
1473953,14739.53
1474052,14740.52
1474148,14741.48
1474241,14742.41
1474338,14743.38
1474438,14744.38
1474541,14745.41
1474642,14746.42
1474737,14747.37
1474833,14748.33
1474930,14749.3
1475032,14750.32
1475131,14751.31
1475231,14752.31
1475326,14753.26
1475425,14754.25
1475533,14755.33
1475641,14756.41
1475751,14757.51
1475854,14758.54
1475959,14759.59
1476069,14760.69
1476178,14761.78
1476276,14762.76
1476369,14763.69
1476463,14764.63
1476567,14765.67
1476678,14766.78
1476788,14767.88
1476889,14768.89
1476991,14769.91
1477099,14770.99
1477208,14772.08
1477306,14773.06
1477400,14774.0
1477500,14775.0
1477603,14776.03
1477706,14777.06
1477804,14778.04
1477899,14778.99
1478000,14780.0
1478107,14781.07
1478212,14782.12
1478313,14783.13
1478410,14784.1
1478512,14785.12
1478617,14786.17
1478722,14787.22
1478820,14788.2
1478918,14789.18
1479018,14790.18
1479122,14791.22
1479223,14792.23
1479318,14793.18
1479415,14794.15
1479515,14795.15
1479617,14796.17
1479713,14797.13
1479804,14798.04
1479895,14798.95
1479989,14799.89
1480088,14800.88
1480190,14801.9
1480293,14802.93
1480391,14803.91
1480502,14805.02
1480612,14806.12
1480719,14807.19
1480816,14808.16
1480911,14809.11
1481010,14810.1
1481118,14811.18
1481226,14812.26
1481330,14813.3
1481439,14814.39
1481550,14815.5
1481661,14816.61
1481767,14817.67
1481864,14818.64
1481963,14819.63
1482071,14820.71
1482180,14821.8
1482280,14822.8
1482376,14823.76
1482483,14824.83
1482593,14825.93
1482701,14827.01
1482804,14828.04
1482899,14828.99
1482997,14829.97
1483098,14830.98
1483203,14832.03
1483305,14833.05
1483400,14834.0
1483502,14835.02
1483611,14836.11
1483718,14837.18
1483825,14838.25
1483920,14839.2
1484014,14840.14
1484114,14841.14
1484227,14842.27
1484336,14843.36
1484442,14844.42
1484555,14845.55
1484673,14846.73
1484788,14847.88
1484895,14848.95
1484993,14849.93
1485096,14850.96
1485204,14852.04
1485313,14853.13
1485416,14854.16
1485512,14855.12
1485611,14856.11
1485712,14857.12
1485813,14858.13
1485913,14859.13
1486010,14860.1
1486102,14861.02
1486199,14861.99
1486298,14862.98
1486401,14864.01
1486504,14865.04
1486601,14866.01
1486699,14866.99
1486800,14868.0
1486900,14869.0
1486999,14869.99
1487095,14870.95
1487197,14871.97
1487302,14873.02
1487406,14874.06
1487509,14875.09
1487606,14876.06
1487702,14877.02
1487803,14878.03
1487906,14879.06
1488008,14880.08
1488106,14881.06
1488213,14882.13
1488323,14883.23
1488429,14884.29
1488527,14885.27
1488623,14886.23
1488722,14887.22
1488824,14888.24
1488923,14889.23
1489022,14890.22
1489118,14891.18
1489219,14892.19
1489324,14893.24
1489429,14894.29
1489529,14895.29
1489625,14896.25
1489725,14897.25
1489833,14898.33
1489941,14899.41
1490046,14900.46
1490143,14901.43
1490239,14902.39
1490338,14903.38
1490436,14904.36
1490537,14905.37
1490631,14906.31
1490725,14907.25
1490825,14908.25
1490928,14909.28
1491033,14910.33
1491132,14911.32
1491233,14912.33
1491334,14913.34
1491442,14914.42
1491548,14915.48
1491649,14916.49
1491752,14917.52
1491860,14918.6
1491969,14919.69
1492074,14920.74
1492171,14921.71
1492270,14922.7
1492370,14923.7
1492473,14924.73
1492575,14925.75
1492671,14926.71
1492767,14927.67
1492868,14928.68
1492970,14929.7
1493074,14930.74
1493172,14931.72
1493273,14932.73
1493378,14933.78
1493484,14934.84
1493587,14935.87
1493685,14936.85
1493783,14937.83
1493883,14938.83
1493985,14939.85
1494086,14940.86
1494184,14941.84
1494279,14942.79
1494381,14943.81
1494486,14944.86
1494588,14945.88
1494691,14946.91
1494788,14947.88
1494887,14948.87
1494990,14949.9
1495094,14950.94
1495197,14951.97
1495293,14952.93
1495392,14953.92
1495494,14954.94
1495596,14955.96
1495694,14956.94
1495787,14957.87
1495883,14958.83
1495984,14959.84
1496085,14960.85
1496178,14961.78
1496278,14962.78
1496381,14963.81
1496484,14964.84
1496582,14965.82
1496675,14966.75
1496769,14967.69
1496867,14968.67
1496966,14969.66
1497062,14970.62
1497153,14971.53
1497250,14972.5
1497347,14973.47
1497445,14974.45
1497539,14975.39
1497635,14976.35
1497738,14977.38
1497845,14978.45
1497956,14979.56
1498060,14980.6
1498165,14981.65
1498280,14982.8
1498394,14983.94
1498499,14984.99
1498599,14985.99
1498703,14987.03
1498810,14988.1
1498913,14989.13
1499014,14990.14
1499109,14991.09
1499207,14992.07
1499311,14993.11
1499417,14994.17
1499519,14995.19
1499613,14996.13
1499710,14997.1
1499810,14998.1
1499915,14999.15
1500014,15000.14
1500113,15001.13
1500213,15002.13
1500313,15003.13
1500411,15004.11
1500509,15005.09
1500603,15006.03
1500698,15006.98
1500795,15007.95
1500894,15008.94
1500991,15009.91
1501085,15010.85
1501184,15011.84
1501286,15012.86
1501390,15013.9
1501490,15014.9
1501585,15015.85
1501681,15016.81
1501782,15017.82
1501884,15018.84
1501985,15019.85
1502083,15020.83
1502182,15021.82
1502284,15022.84
1502388,15023.88
1502491,15024.91
1502589,15025.89
1502688,15026.88
1502793,15027.93
1502900,15029.0
1503005,15030.05
1503100,15031.0
1503196,15031.96
1503296,15032.96
1503402,15034.02
1503504,15035.04
1503602,15036.02
1503703,15037.03
1503818,15038.18
1503932,15039.32
1504040,15040.4
1504139,15041.39
1504242,15042.42
1504349,15043.49
1504452,15044.52
1504552,15045.52
1504647,15046.47
1504746,15047.46
1504848,15048.48
1504952,15049.52
1505058,15050.58
1505156,15051.56
1505254,15052.54
1505356,15053.56
1505459,15054.59
1505560,15055.6
1505657,15056.57
1505757,15057.57
1505862,15058.62
1505967,15059.67
1506069,15060.69
1506166,15061.66
1506268,15062.68
1506374,15063.74
1506480,15064.8
1506583,15065.83
1506678,15066.78
1506775,15067.75
1506873,15068.73
1506971,15069.71
1507069,15070.69
1507165,15071.65
1507266,15072.66
1507367,15073.67
1507470,15074.7
1507572,15075.72
1507667,15076.67
1507760,15077.6
1507858,15078.58
1507957,15079.57
1508056,15080.56
1508152,15081.52
1508246,15082.46
1508342,15083.42
1508440,15084.4
1508540,15085.4
1508635,15086.35
1508727,15087.27
1508824,15088.24
1508922,15089.22
1509021,15090.21
1509117,15091.17
1509211,15092.11
1509311,15093.11
1509418,15094.18
1509530,15095.3
1509633,15096.33
1509726,15097.26
1509813,15098.13
1509899,15098.99
1509984,15099.84
1510074,15100.74
1510176,15101.76
1510281,15102.81
1510380,15103.8
1510486,15104.86
1510592,15105.92
1510684,15106.84
1510776,15107.76
1510864,15108.64
1510954,15109.54
1511052,15110.52
1511161,15111.61
1511273,15112.73
1511382,15113.82
1511487,15114.87
1511601,15116.01
1511717,15117.17
1511828,15118.28
1511936,15119.36
1512043,15120.43
1512149,15121.49
1512252,15122.52
1512350,15123.5
1512452,15124.52
1512555,15125.55
1512658,15126.58
1512760,15127.6
1512856,15128.56
1512953,15129.53
1513053,15130.53
1513156,15131.56
1513261,15132.61
1513360,15133.6
1513452,15134.52
1513544,15135.44
1513638,15136.38
1513738,15137.38
1513833,15138.33
1513936,15139.36
1514050,15140.5
1514169,15141.69
1514280,15142.8
1514382,15143.82
1514488,15144.88
1514597,15145.97
1514696,15146.96
1514788,15147.88
1514884,15148.84
1514983,15149.83
1515084,15150.84
1515183,15151.83
1515278,15152.78
1515380,15153.8
1515490,15154.9
1515601,15156.01
1515706,15157.06
1515803,15158.03
1515902,15159.02
1516008,15160.08
1516114,15161.14
1516216,15162.16
1516309,15163.09
1516408,15164.08
1516509,15165.09
1516613,15166.13
1516713,15167.13
1516807,15168.07
1516906,15169.06
1517009,15170.09
1517116,15171.16
1517213,15172.13
1517308,15173.08
1517407,15174.07
1517508,15175.08
1517609,15176.09
1517705,15177.05
1517808,15178.08
1517923,15179.23
1518041,15180.41
1518155,15181.55
1518256,15182.56
1518360,15183.6
1518465,15184.65
1518572,15185.72
1518674,15186.74
1518770,15187.7
1518871,15188.71
1518976,15189.76
1519077,15190.77
1519174,15191.74
1519272,15192.72
1519374,15193.74
1519479,15194.79
1519581,15195.81
1519678,15196.78
1519780,15197.8
1519885,15198.85
1519991,15199.91
1520094,15200.94
1520190,15201.9
1520290,15202.9
1520394,15203.94
1520502,15205.02
1520607,15206.07
1520709,15207.09
1520807,15208.07
1520912,15209.12
1521023,15210.23
1521132,15211.32
1521236,15212.36
1521331,15213.31
1521427,15214.27
1521529,15215.29
1521633,15216.33
1521737,15217.37
1521835,15218.35
1521933,15219.33
1522033,15220.33
1522139,15221.39
1522245,15222.45
1522346,15223.46
1522454,15224.54
1522564,15225.64
1522663,15226.63
1522755,15227.55
1522849,15228.49
1522945,15229.45
1523043,15230.43
1523140,15231.4
1523235,15232.35
1523338,15233.38
1523445,15234.45
1523553,15235.53
1523654,15236.54
1523748,15237.48
1523844,15238.44
1523943,15239.43
1524044,15240.44
1524143,15241.43
1524237,15242.37
1524335,15243.35
1524440,15244.4
1524546,15245.46
1524649,15246.49
1524745,15247.45
1524844,15248.44
1524947,15249.47
1525052,15250.52
1525156,15251.56
1525257,15252.57
1525353,15253.53
1525456,15254.56
1525564,15255.64
1525669,15256.69
1525768,15257.68
1525863,15258.63
1525962,15259.62
1526067,15260.67
1526171,15261.71
1526276,15262.76
1526373,15263.73
1526471,15264.71
1526571,15265.71
1526673,15266.73
1526774,15267.74
1526870,15268.7
1526968,15269.68
1527072,15270.72
1527177,15271.77
1527278,15272.78
1527375,15273.75
1527479,15274.79
1527584,15275.84
1527685,15276.85
1527778,15277.78
1527870,15278.7
1527970,15279.7
1528076,15280.76
1528184,15281.84
1528284,15282.84
1528378,15283.78
1528476,15284.76
1528576,15285.76
1528673,15286.73
1528769,15287.69
1528859,15288.59
1528955,15289.55
1529056,15290.56
1529154,15291.54
1529248,15292.48
1529340,15293.4
1529437,15294.37
1529538,15295.38
1529639,15296.39
1529737,15297.37
1529830,15298.3
1529926,15299.26
1530027,15300.27
1530127,15301.27
1530225,15302.25
1530318,15303.18
1530413,15304.13
1530515,15305.15
1530617,15306.17
1530719,15307.19
1530817,15308.17
1530911,15309.11
1531007,15310.07
1531107,15311.07
1531211,15312.11
1531315,15313.15
1531416,15314.16
1531514,15315.14
1531622,15316.22
1531730,15317.3
1531835,15318.35
1531934,15319.34
1532035,15320.35
1532139,15321.39
1532241,15322.41
1532343,15323.43
1532438,15324.38
1532537,15325.37
1532637,15326.37
1532739,15327.39
1532841,15328.41
1532936,15329.36
1533031,15330.31
1533133,15331.33
1533238,15332.38
1533341,15333.41
1533437,15334.37
1533535,15335.35
1533634,15336.34
1533735,15337.35
1533835,15338.35
1533930,15339.3
1534026,15340.26
1534124,15341.24
1534225,15342.25
1534322,15343.22
1534414,15344.14
1534508,15345.08
1534605,15346.05
1534703,15347.03
1534802,15348.02
1534897,15348.97
1534993,15349.93
1535093,15350.93
1535193,15351.93
1535292,15352.92
1535387,15353.87
1535483,15354.83
1535579,15355.79
1535674,15356.74
1535761,15357.61
1535846,15358.46
1535935,15359.35
1536027,15360.27
1536119,15361.19
1536207,15362.07
1536296,15362.96
1536383,15363.83
1536472,15364.72
1536560,15365.6
1536645,15366.45
1536736,15367.36
1536835,15368.35
1536941,15369.41
1537052,15370.52
1537161,15371.61
1537263,15372.63
1537368,15373.68
1537476,15374.76
1537582,15375.82
1537684,15376.84
1537780,15377.8
1537879,15378.79
1537981,15379.81
1538084,15380.84
1538186,15381.86
1538284,15382.84
1538379,15383.79
1538481,15384.81
1538587,15385.87
1538691,15386.91
1538790,15387.9
1538883,15388.83
1538980,15389.8
1539081,15390.81
1539184,15391.84
1539285,15392.85
1539380,15393.8
1539475,15394.75
1539565,15395.65
1539651,15396.51
1539735,15397.35
1539818,15398.18
1539901,15399.01
1539983,15399.83
1540064,15400.64
1540151,15401.51
1540239,15402.39
1540327,15403.27
1540412,15404.12
1540499,15404.99
1540585,15405.85
1540666,15406.66
1540748,15407.48
1540830,15408.3
1540912,15409.12
1540993,15409.93
1541074,15410.74
1541157,15411.57
1541238,15412.38
1541317,15413.17
1541395,15413.95
1541473,15414.73
1541548,15415.48
1541623,15416.23
1541697,15416.97
1541769,15417.69
1541840,15418.4
1541911,15419.11
1541981,15419.81
1542050,15420.5
1542119,15421.19
1542188,15421.88
1542257,15422.57
1542326,15423.26
1542396,15423.96
1542465,15424.65
1542537,15425.37
1542611,15426.11
1542688,15426.88
1542773,15427.73
1542864,15428.64
1542962,15429.62
1543063,15430.63
1543168,15431.68
1543272,15432.72
1543374,15433.74
1543472,15434.72
1543568,15435.68
1543669,15436.69
1543773,15437.73
1543867,15438.67
1543954,15439.54
1544036,15440.36
1544116,15441.16
1544197,15441.97
1544279,15442.79
1544366,15443.66
1544490,15444.9
1544613,15446.13
1544735,15447.35
1544842,15448.42
1544941,15449.41
1545052,15450.52
1545167,15451.67
1545276,15452.76
1545382,15453.82
1545480,15454.8
1545586,15455.86
1545702,15457.02
1545820,15458.2
1545930,15459.3
1546029,15460.29
1546134,15461.34
1546243,15462.43
1546352,15463.52
1546455,15464.55
1546555,15465.55
1546666,15466.66
1546785,15467.85
1546900,15469.0
1547008,15470.08
1547107,15471.07
1547213,15472.13
1547323,15473.23
1547430,15474.3
1547528,15475.28
1547632,15476.32
1547744,15477.44
1547853,15478.53
1547952,15479.52
1548054,15480.54
1548162,15481.62
1548269,15482.69
1548371,15483.71
1548464,15484.64
1548563,15485.63
1548663,15486.63
1548754,15487.54
1548849,15488.49
1548944,15489.44
1549077,15490.77
1549210,15492.1
1549336,15493.36
1549436,15494.36
1549539,15495.39
1549646,15496.46
1549754,15497.54
1549860,15498.6
1549958,15499.58
1550059,15500.59
1550166,15501.66
1550273,15502.73
1550374,15503.74
1550472,15504.72
1550564,15505.64
1550659,15506.59
1550763,15507.63
1550874,15508.74
1550984,15509.84
1551092,15510.92
1551194,15511.94
1551308,15513.08
1551424,15514.24
1551538,15515.38
1551647,15516.47
1551748,15517.48
1551855,15518.55
1551968,15519.68
1552080,15520.8
1552189,15521.89
1552291,15522.91
1552397,15523.97
1552506,15525.06
1552615,15526.15
1552719,15527.19
1552815,15528.15
1552916,15529.16
1553020,15530.2
1553130,15531.3
1553237,15532.37
1553337,15533.37
1553443,15534.43
1553553,15535.53
1553661,15536.61
1553758,15537.58
1553859,15538.59
1553966,15539.66
1554074,15540.74
1554173,15541.73
1554277,15542.77
1554384,15543.84
1554491,15544.91
1554593,15545.93
1554689,15546.89
1554786,15547.86
1554883,15548.83
1554975,15549.75
1555069,15550.69
1555180,15551.8
1555294,15552.94
1555403,15554.03
1555506,15555.06
1555615,15556.15
1555726,15557.26
1555834,15558.34
1555933,15559.33
1556034,15560.34
1556133,15561.33
1556231,15562.31
1556322,15563.22
1556412,15564.12
1556504,15565.04
1556598,15565.98
1556709,15567.09
1556838,15568.38
1556967,15569.67
1557078,15570.78
1557182,15571.82
1557294,15572.94
1557410,15574.1
1557523,15575.23
1557626,15576.26
1557734,15577.34
1557847,15578.47
1557965,15579.65
1558066,15580.66
1558159,15581.59
1558256,15582.56
1558384,15583.84
1558507,15585.07
1558627,15586.27
1558737,15587.37
1558860,15588.6
1558980,15589.8
1559095,15590.95
1559199,15591.99
1559301,15593.01
1559409,15594.09
1559521,15595.21
1559625,15596.25
1559719,15597.19
1559810,15598.1
1559904,15599.04
1559997,15599.97
1560091,15600.91
1560222,15602.22
1560345,15603.45
1560469,15604.69
1560594,15605.94
1560693,15606.93
1560804,15608.04
1560924,15609.24
1561040,15610.4
1561144,15611.44
1561246,15612.46
1561358,15613.58
1561475,15614.75
1561585,15615.85
1561686,15616.86
1561792,15617.92
1561903,15619.03
1562011,15620.11
1562115,15621.15
1562214,15622.14
1562317,15623.17
1562425,15624.25
1562534,15625.34
1562639,15626.39
1562737,15627.37
1562832,15628.32
1562929,15629.29
1563021,15630.21
1563114,15631.14
1563221,15632.21
1563342,15633.42
1563457,15634.57
1563565,15635.65
1563685,15636.85
1563804,15638.04
1563919,15639.19
1564022,15640.22
1564126,15641.26
1564237,15642.37
1564343,15643.43
1564443,15644.43
1564538,15645.38
1564637,15646.37
1564743,15647.43
1564850,15648.5
1564952,15649.52
1565049,15650.49
1565157,15651.57
1565267,15652.67
1565372,15653.72
1565470,15654.7
1565569,15655.69
1565680,15656.8
1565791,15657.91
1565900,15659.0
1565998,15659.98
1566096,15660.96
1566202,15662.02
1566313,15663.13
1566421,15664.21
1566521,15665.21
1566624,15666.24
1566732,15667.32
1566838,15668.38
1566941,15669.41
1567040,15670.4
1567147,15671.47
1567262,15672.62
1567372,15673.72
1567472,15674.72
1567572,15675.72
1567680,15676.8
1567788,15677.88
1567896,15678.96
1567998,15679.98
1568103,15681.03
1568213,15682.13
1568324,15683.24
1568429,15684.29
1568527,15685.27
1568631,15686.31
1568741,15687.41
1568849,15688.49
1568950,15689.5
1569045,15690.45
1569150,15691.5
1569263,15692.63
1569371,15693.71
1569468,15694.68
1569558,15695.58
1569650,15696.5
1569744,15697.44
1569842,15698.42
1569940,15699.4
1570035,15700.35
1570145,15701.45
1570264,15702.64
1570378,15703.78
1570484,15704.84
1570580,15705.8
1570682,15706.82
1570787,15707.87
1570892,15708.92
1570993,15709.93
1571090,15710.9
1571198,15711.98
1571312,15713.12
1571422,15714.22
1571527,15715.27
1571624,15716.24
1571728,15717.28
1571839,15718.39
1571948,15719.48
1572056,15720.56
1572157,15721.57
1572268,15722.68
1572388,15723.88
1572508,15725.08
1572610,15726.1
1572717,15727.17
1572832,15728.32
1572948,15729.48
1573054,15730.54
1573154,15731.54
1573260,15732.6
1573371,15733.71
1573481,15734.81
1573582,15735.82
1573680,15736.8
1573776,15737.76
1573868,15738.68
1573960,15739.6
1574063,15740.63
1574171,15741.71
1574272,15742.72
1574370,15743.7
1574466,15744.66
1574558,15745.58
1574661,15746.61
1574778,15747.78
1574886,15748.86
1574990,15749.9
1575112,15751.12
1575234,15752.34
1575346,15753.46
1575451,15754.51
1575548,15755.48
1575652,15756.52
1575761,15757.61
1575873,15758.73
1575982,15759.82
1576086,15760.86
1576196,15761.96
1576309,15763.09
1576421,15764.21
1576527,15765.27
1576625,15766.25
1576727,15767.27
1576834,15768.34
1576940,15769.4
1577041,15770.41
1577148,15771.48
1577258,15772.58
1577365,15773.65
1577464,15774.64
1577566,15775.66
1577668,15776.68
1577770,15777.7
1577870,15778.7
1577965,15779.65
1578064,15780.64
1578171,15781.71
1578281,15782.81
1578390,15783.9
1578490,15784.9
1578593,15785.93
1578706,15787.06
1578817,15788.17
1578922,15789.22
1579020,15790.2
1579122,15791.22
1579232,15792.32
1579339,15793.39
1579437,15794.37
1579540,15795.4
1579646,15796.46
1579754,15797.54
1579856,15798.56
1579953,15799.53
1580057,15800.57
1580171,15801.71
1580287,15802.87
1580392,15803.92
1580495,15804.95
1580603,15806.03
1580712,15807.12
1580818,15808.18
1580917,15809.17
1581018,15810.18
1581118,15811.18
1581229,15812.29
1581334,15813.34
1581430,15814.3
1581531,15815.31
1581634,15816.34
1581734,15817.34
1581829,15818.29
1581926,15819.26
1582029,15820.29
1582137,15821.37
1582246,15822.46
1582346,15823.46
1582446,15824.46
1582554,15825.54
1582662,15826.62
1582767,15827.67
1582868,15828.68
1582975,15829.75
1583085,15830.85
1583194,15831.94
1583298,15832.98
1583398,15833.98
1583502,15835.02
1583612,15836.12
1583722,15837.22
1583826,15838.26
1583924,15839.24
1584026,15840.26
1584133,15841.33
1584242,15842.42
1584345,15843.45
1584448,15844.48
1584555,15845.55
1584662,15846.62
1584767,15847.67
1584866,15848.66
1584969,15849.69
1585074,15850.74
1585179,15851.79
1585280,15852.8
1585375,15853.75
1585475,15854.75
1585578,15855.78
1585680,15856.8
1585779,15857.79
1585876,15858.76
1585978,15859.78
1586085,15860.85
1586192,15861.92
1586293,15862.93
1586397,15863.97
1586507,15865.07
1586618,15866.18
1586725,15867.25
1586828,15868.28
1586936,15869.36
1587049,15870.49
1587159,15871.59
1587260,15872.6
1587362,15873.62
1587467,15874.67
1587572,15875.72
1587669,15876.69
1587766,15877.66
1587870,15878.7
1587974,15879.74
1588080,15880.8
1588180,15881.8
1588285,15882.85
1588391,15883.91
1588497,15884.97
1588599,15885.99
1588695,15886.95
1588794,15887.94
1588895,15888.95
1588996,15889.96
1589092,15890.92
1589190,15891.9
1589291,15892.91
1589396,15893.96
1589499,15894.99
1589596,15895.96
1589693,15896.93
1589797,15897.97
1589903,15899.03
1590006,15900.06
1590102,15901.02
1590204,15902.04
1590307,15903.07
1590409,15904.09
1590507,15905.07
1590603,15906.03
1590704,15907.04
1590809,15908.09
1590915,15909.15
1591016,15910.16
1591114,15911.14
1591217,15912.17
1591323,15913.23
1591430,15914.3
1591534,15915.34
1591632,15916.32
1591737,15917.37
1591845,15918.45
1591955,15919.55
1592061,15920.61
1592158,15921.58
1592261,15922.61
1592369,15923.69
1592477,15924.77
1592581,15925.81
1592676,15926.76
1592775,15927.75
1592884,15928.84
1592995,15929.95
1593100,15931.0
1593203,15932.03
1593318,15933.18
1593427,15934.27
1593530,15935.3
1593627,15936.27
1593728,15937.28
1593833,15938.33
1593940,15939.4
1594041,15940.41
1594138,15941.38
1594240,15942.4
1594348,15943.48
1594459,15944.59
1594567,15945.67
1594669,15946.69
1594774,15947.74
1594880,15948.8
1594983,15949.83
1595080,15950.8
1595181,15951.81
1595290,15952.9
1595400,15954.0
1595504,15955.04
1595600,15956.0
1595702,15957.02
1595804,15958.04
1595906,15959.06
1596003,15960.03
1596102,15961.02
1596204,15962.04
1596307,15963.07
1596405,15964.05
1596499,15964.99
1596596,15965.96
1596700,15967.0
1596806,15968.06
1596909,15969.09
1597008,15970.08
1597113,15971.13
1597225,15972.25
1597333,15973.33
1597435,15974.35
1597533,15975.33
1597637,15976.37
1597744,15977.44
1597851,15978.51
1597957,15979.57
1598058,15980.58
1598163,15981.63
1598268,15982.68
1598370,15983.7
1598469,15984.69
1598567,15985.67
1598680,15986.8
1598795,15987.95
1598909,15989.09
1599013,15990.13
1599112,15991.12
1599219,15992.19
1599326,15993.26
1599431,15994.31
1599529,15995.29
1599630,15996.3
1599733,15997.33
1599835,15998.35
1599939,15999.39
1600037,16000.37
1600140,16001.4
1600246,16002.46
1600354,16003.54
1600458,16004.58
1600556,16005.56
1600658,16006.58
1600763,16007.63
1600866,16008.66
1600964,16009.64
1601061,16010.61
1601162,16011.62
1601267,16012.67
1601367,16013.67
1601465,16014.65
1601570,16015.7
1601677,16016.77
1601780,16017.8
1601878,16018.78
1601977,16019.77
1602078,16020.78
1602180,16021.8
1602279,16022.79
1602375,16023.75
1602478,16024.78
1602594,16025.94
1602713,16027.13
1602823,16028.23
1602934,16029.34
1603057,16030.57
1603175,16031.75
1603286,16032.86
1603386,16033.86
1603492,16034.92
1603600,16036.0
1603703,16037.03
1603802,16038.02
1603907,16039.07
1604018,16040.18
1604127,16041.27
1604231,16042.31
1604330,16043.3
1604436,16044.36
1604542,16045.42
1604646,16046.46
1604744,16047.44
1604844,16048.44
1604949,16049.49
1605058,16050.58
1605160,16051.6
1605256,16052.56
1605359,16053.59
1605464,16054.64
1605568,16055.68
1605667,16056.67
1605767,16057.67
1605871,16058.71
1605973,16059.73
1606074,16060.74
1606170,16061.7
1606268,16062.68
1606372,16063.72
1606478,16064.78
1606579,16065.79
1606677,16066.77
1606779,16067.79
1606883,16068.83
1606987,16069.87
1607089,16070.89
1607185,16071.85
1607282,16072.82
1607381,16073.81
1607484,16074.84
1607584,16075.84
1607682,16076.82
1607786,16077.86
1607890,16078.9
1607991,16079.91
1608087,16080.87
1608184,16081.84
1608283,16082.83
1608384,16083.84
1608484,16084.84
1608581,16085.81
1608683,16086.83
1608786,16087.86
1608889,16088.89
1608988,16089.88
1609089,16090.89
1609194,16091.94
1609297,16092.97
1609395,16093.95
1609496,16094.96
1609600,16096.0
1609703,16097.03
1609804,16098.04
1609901,16099.01
1610000,16100.0
1610101,16101.01
1610204,16102.04
1610303,16103.03
1610401,16104.01
1610505,16105.05
1610610,16106.1
1610714,16107.14
1610810,16108.1
1610907,16109.07
1611008,16110.08
1611110,16111.1
1611210,16112.1
1611305,16113.05
1611408,16114.08
1611515,16115.15
1611622,16116.22
1611726,16117.26
1611824,16118.24
1611926,16119.26
1612028,16120.28
1612130,16121.3
1612227,16122.27
1612322,16123.22
1612422,16124.22
1612527,16125.27
1612633,16126.33
1612737,16127.37
1612839,16128.39
1612936,16129.36
1613032,16130.32
1613124,16131.24
1613214,16132.14
1613311,16133.11
1613405,16134.05
1613493,16134.93
1613585,16135.85
1613675,16136.75
1613766,16137.66
1613859,16138.59
1613948,16139.48
1614036,16140.36
1614124,16141.24
1614211,16142.11
1614298,16142.98
1614388,16143.88
1614474,16144.74
1614567,16145.67
1614668,16146.68
1614780,16147.8
1614892,16148.92
1615006,16150.06
1615120,16151.2
1615227,16152.27
1615331,16153.31
1615426,16154.26
1615521,16155.21
1615629,16156.29
1615746,16157.46
1615859,16158.59
1615966,16159.66
1616072,16160.72
1616176,16161.76
1616276,16162.76
1616379,16163.79
1616487,16164.87
1616594,16165.94
1616698,16166.98
1616800,16168.0
1616905,16169.05
1617011,16170.11
1617113,16171.13
1617223,16172.23
1617337,16173.37
1617449,16174.49
1617555,16175.55
1617654,16176.54
1617750,16177.5
1617850,16178.5
1617956,16179.56
1618064,16180.64
1618173,16181.73
1618272,16182.72
1618378,16183.78
1618486,16184.86
1618593,16185.93
1618697,16186.97
1618795,16187.95
1618902,16189.02
1619011,16190.11
1619118,16191.18
1619225,16192.25
1619328,16193.28
1619439,16194.39
1619554,16195.54
1619666,16196.66
1619769,16197.69
1619875,16198.75
1619981,16199.81
1620087,16200.87
1620187,16201.87
1620284,16202.84
1620386,16203.86
1620493,16204.93
1620600,16206.0
1620699,16206.99
1620799,16207.99
1620905,16209.05
1621014,16210.14
1621121,16211.21
1621222,16212.22
1621327,16213.27
1621436,16214.36
1621542,16215.42
1621638,16216.38
1621733,16217.33
1621836,16218.36
1621949,16219.49
1622057,16220.57
1622154,16221.54
1622257,16222.57
1622365,16223.65
1622470,16224.7
1622572,16225.72
1622669,16226.69
1622774,16227.74
1622883,16228.83
1622990,16229.9
1623090,16230.9
1623186,16231.86
1623288,16232.88
1623395,16233.95
1623503,16235.03
1623606,16236.06
1623705,16237.05
1623810,16238.1
1623921,16239.21
1624031,16240.31
1624132,16241.32
1624234,16242.34
1624343,16243.43
1624452,16244.52
1624558,16245.58
1624657,16246.57
1624760,16247.6
1624868,16248.68
1624978,16249.78
1625082,16250.82
1625181,16251.81
1625287,16252.87
1625401,16254.01
1625516,16255.16
1625624,16256.24
1625725,16257.25
1625840,16258.4
1625955,16259.55
1626065,16260.65
1626171,16261.71
1626269,16262.69
1626368,16263.68
1626473,16264.73
1626585,16265.85
1626696,16266.96
1626798,16267.98
1626929,16269.29
1627060,16270.6
1627171,16271.71
1627273,16272.73
1627379,16273.79
1627488,16274.88
1627595,16275.95
1627697,16276.97
1627797,16277.97
1627901,16279.01
1628005,16280.05
1628109,16281.09
1628208,16282.08
1628312,16283.12
1628417,16284.17
1628517,16285.17
1628612,16286.12
1628709,16287.09
1628812,16288.12
1628922,16289.22
1629031,16290.31
1629133,16291.33
1629241,16292.41
1629351,16293.51
1629456,16294.56
1629554,16295.54
1629656,16296.56
1629766,16297.66
1629877,16298.77
1629979,16299.79
1630081,16300.81
1630187,16301.87
1630294,16302.94
1630397,16303.97
1630496,16304.96
1630604,16306.04
1630713,16307.13
1630815,16308.15
1630911,16309.11
1631009,16310.09
1631112,16311.12
1631217,16312.17
1631319,16313.19
1631414,16314.14
1631516,16315.16
1631630,16316.3
1631743,16317.43
1631847,16318.47
1631942,16319.42
1632040,16320.4
1632142,16321.42
1632250,16322.5
1632356,16323.56
1632456,16324.56
1632560,16325.6
1632671,16326.71
1632777,16327.77
1632877,16328.77
1633002,16330.02
1633121,16331.21
1633249,16332.49
1633353,16333.53
1633463,16334.63
1633580,16335.8
1633698,16336.98
1633802,16338.02
1633897,16338.97
1634001,16340.01
1634117,16341.17
1634236,16342.36
1634350,16343.5
1634453,16344.53
1634565,16345.65
1634679,16346.79
1634789,16347.89
1634895,16348.95
1634993,16349.93
1635099,16350.99
1635215,16352.15
1635331,16353.31
1635438,16354.38
1635549,16355.49
1635663,16356.63
1635773,16357.73
1635877,16358.77
1635974,16359.74
1636080,16360.8
1636189,16361.89
1636302,16363.02
1636408,16364.08
1636508,16365.08
1636617,16366.17
1636728,16367.28
1636834,16368.34
1636937,16369.37
1637034,16370.34
1637129,16371.29
1637224,16372.24
1637320,16373.2
1637410,16374.1
1637499,16374.99
1637592,16375.92
1637689,16376.89
1637784,16377.84
1637879,16378.79
1637987,16379.87
1638111,16381.11
1638228,16382.28
1638334,16383.34
1638445,16384.45
1638566,16385.66
1638680,16386.8
1638785,16387.85
1638881,16388.81
1638984,16389.84
1639097,16390.97
1639213,16392.13
1639327,16393.27
1639433,16394.33
1639531,16395.31
1639635,16396.35
1639743,16397.43
1639851,16398.51
1639952,16399.52
1640051,16400.51
1640157,16401.57
1640264,16402.64
1640367,16403.67
1640465,16404.65
1640564,16405.64
1640669,16406.69
1640775,16407.75
1640877,16408.77
1640975,16409.75
1641078,16410.78
1641185,16411.85
1641293,16412.93
1641396,16413.96
1641491,16414.91
1641590,16415.9
1641694,16416.94
1641796,16417.96
1641896,16418.96
1641992,16419.92
1642092,16420.92
1642190,16421.9
1642284,16422.84
1642378,16423.78
1642485,16424.85
1642610,16426.1
1642735,16427.35
1642840,16428.4
1642954,16429.54
1643076,16430.76
1643196,16431.96
1643301,16433.01
1643404,16434.04
1643509,16435.09
1643613,16436.13
1643713,16437.13
1643814,16438.14
1643922,16439.22
1644026,16440.26
1644126,16441.26
1644222,16442.22
1644325,16443.25
1644432,16444.32
1644541,16445.41
1644643,16446.43
1644735,16447.35
1644828,16448.28
1644924,16449.24
1645019,16450.19
1645112,16451.12
1645209,16452.09
1645307,16453.07
1645396,16453.96
1645486,16454.86
1645588,16455.88
1645710,16457.1
1645828,16458.28
1645936,16459.36
1646039,16460.39
1646145,16461.45
1646254,16462.54
1646360,16463.6
1646460,16464.6
1646562,16465.62
1646676,16466.76
1646792,16467.92
1646906,16469.06
1647010,16470.1
1647116,16471.16
1647226,16472.26
1647338,16473.38
1647444,16474.44
1647542,16475.42
1647636,16476.36
1647735,16477.35
1647840,16478.4
1647944,16479.44
1648042,16480.42
1648147,16481.47
1648258,16482.58
1648368,16483.68
1648475,16484.75
1648575,16485.75
1648680,16486.8
1648786,16487.86
1648888,16488.88
1648985,16489.85
1649085,16490.85
1649188,16491.88
1649290,16492.9
1649389,16493.89
1649488,16494.88
1649595,16495.95
1649707,16497.07
1649812,16498.12
1649911,16499.11
1650016,16500.16
1650126,16501.26
1650231,16502.31
1650333,16503.33
1650429,16504.29
1650535,16505.35
1650640,16506.4
1650744,16507.44
1650843,16508.43
1650941,16509.41
1651048,16510.48
1651158,16511.58
1651266,16512.66
1651366,16513.66
1651469,16514.69
1651580,16515.8
1651689,16516.89
1651792,16517.92
1651891,16518.91
1651995,16519.95
1652106,16521.06
1652218,16522.18
1652316,16523.16
1652414,16524.14
1652522,16525.22
1652635,16526.35
1652748,16527.48
1652852,16528.52
1652967,16529.67
1653084,16530.84
1653195,16531.95
1653296,16532.96
1653395,16533.95
1653500,16535.0
1653604,16536.04
1653705,16537.05
1653800,16538.0
1653901,16539.01
1654008,16540.08
1654117,16541.17
1654220,16542.2
1654314,16543.14
1654405,16544.05
1654501,16545.01
1654609,16546.09
1654717,16547.17
1654823,16548.23
1654920,16549.2
1655021,16550.21
1655127,16551.27
1655232,16552.32
1655335,16553.35
1655433,16554.33
1655534,16555.34
1655641,16556.41
1655743,16557.43
1655840,16558.4
1655941,16559.41
1656042,16560.42
1656147,16561.47
1656256,16562.56
1656355,16563.55
1656461,16564.61
1656579,16565.79
1656698,16566.98
1656811,16568.11
1656917,16569.17
1657036,16570.36
1657155,16571.55
1657267,16572.67
1657367,16573.67
1657474,16574.74
1657592,16575.92
1657707,16577.07
1657814,16578.14
1657914,16579.14
1658020,16580.2
1658135,16581.35
1658251,16582.51
1658361,16583.61
1658461,16584.61
1658564,16585.64
1658673,16586.73
1658784,16587.84
1658889,16588.89
1658990,16589.9
1659100,16591.0
1659213,16592.13
1659321,16593.21
1659421,16594.21
1659523,16595.23
1659631,16596.31
1659739,16597.39
1659842,16598.42
1659945,16599.45
1660058,16600.58
1660169,16601.69
1660267,16602.67
1660357,16603.57
1660450,16604.5
1660552,16605.52
1660651,16606.51
1660743,16607.43
1660834,16608.34
1660940,16609.4
1661044,16610.44
1661137,16611.37
1661234,16612.34
1661330,16613.3
1661420,16614.2
1661506,16615.06
1661591,16615.91
1661673,16616.73
1661754,16617.54
1661834,16618.34
1661914,16619.14
1661993,16619.93
1662073,16620.73
1662154,16621.54
1662234,16622.34
1662313,16623.13
1662392,16623.92
1662469,16624.69
1662543,16625.43
1662617,16626.17
1662691,16626.91
1662763,16627.63
1662834,16628.34
1662904,16629.04
1662973,16629.73
1663043,16630.43
1663113,16631.13
1663182,16631.82
1663252,16632.52
1663324,16633.24
1663397,16633.97
1663472,16634.72
1663548,16635.48
1663626,16636.26
1663706,16637.06
1663789,16637.89
1663876,16638.76
1663966,16639.66
1664055,16640.55
1664146,16641.46
1664241,16642.41
1664338,16643.38
1664438,16644.38
1664536,16645.36
1664637,16646.37
1664746,16647.46
1664858,16648.58
1664969,16649.69
1665074,16650.74
1665180,16651.8
1665287,16652.87
1665392,16653.92
1665490,16654.9
1665590,16655.9
1665696,16656.96
1665806,16658.06
1665909,16659.09
1666004,16660.04
1666096,16660.96
1666191,16661.91
1666288,16662.88
1666380,16663.8
1666476,16664.76
1666581,16665.81
1666692,16666.92
1666793,16667.93
1666894,16668.94
1667016,16670.16
1667139,16671.39
1667246,16672.46
1667344,16673.44
1667449,16674.49
1667555,16675.55
1667659,16676.59
1667759,16677.59
1667865,16678.65
1667979,16679.79
1668095,16680.95
1668206,16682.06
1668312,16683.12
1668411,16684.11
1668519,16685.19
1668630,16686.3
1668737,16687.37
1668843,16688.43
1668944,16689.44
1669051,16690.51
1669168,16691.68
1669283,16692.83
1669390,16693.9
1669488,16694.88
1669585,16695.85
1669684,16696.84
1669781,16697.81
1669872,16698.72
1669960,16699.6
1670055,16700.55
1670154,16701.54
1670253,16702.53
1670346,16703.46
1670437,16704.37
1670535,16705.35
1670625,16706.25
1670726,16707.26
1670837,16708.37
1670948,16709.48
1671050,16710.5
1671155,16711.55
1671261,16712.61
1671360,16713.6
1671450,16714.5
1671538,16715.38
1671630,16716.3
1671724,16717.24
1671817,16718.17
1671908,16719.08
1672000,16720.0
1672103,16721.03
1672215,16722.15
1672328,16723.28
1672440,16724.4
1672541,16725.41
1672645,16726.45
1672754,16727.54
1672861,16728.61
1672967,16729.67
1673070,16730.7
1673167,16731.67
1673271,16732.71
1673380,16733.8
1673489,16734.89
1673595,16735.95
1673694,16736.94
1673790,16737.9
1673885,16738.85
1673982,16739.82
1674075,16740.75
1674167,16741.67
1674267,16742.67
1674381,16743.81
1674493,16744.93
1674604,16746.04
1674706,16747.06
1674810,16748.1
1674920,16749.2
1675031,16750.31
1675136,16751.36
1675233,16752.33
1675334,16753.34
1675437,16754.37
1675541,16755.41
1675643,16756.43
1675742,16757.42
1675848,16758.48
1675958,16759.58
1676068,16760.68
1676164,16761.64
1676255,16762.55
1676347,16763.47
1676443,16764.43
1676554,16765.54
1676662,16766.62
1676761,16767.61
1676873,16768.73
1676996,16769.96
1677102,16771.02
1677199,16771.99
1677299,16772.99
1677404,16774.04
1677513,16775.13
1677618,16776.18
1677718,16777.18
1677826,16778.26
1677941,16779.41
1678056,16780.56
1678162,16781.62
1678255,16782.55
1678349,16783.49
1678442,16784.42
1678536,16785.36
1678630,16786.3
1678731,16787.31
1678811,16788.11
1678891,16788.91
1679010,16790.1
1679118,16791.18
1679218,16792.18
1679329,16793.29
1679440,16794.4
1679544,16795.44
1679641,16796.41
1679739,16797.39
1679845,16798.45
1679950,16799.5
1680055,16800.55
1680160,16801.6
1680257,16802.57
1680352,16803.52
1680455,16804.55
1680562,16805.62
1680666,16806.66
1680767,16807.67
1680865,16808.65
1680970,16809.7
1681075,16810.75
1681178,16811.78
1681276,16812.76
1681368,16813.68
1681465,16814.65
1681566,16815.66
1681670,16816.7
1681771,16817.71
1681868,16818.68
1681971,16819.71
1682079,16820.79
1682185,16821.85
1682284,16822.84
1682387,16823.87
1682488,16824.88
1682588,16825.88
1682686,16826.86
1682780,16827.8
1682875,16828.75
1682969,16829.69
1683063,16830.63
1683157,16831.57
1683264,16832.64
1683375,16833.75
1683477,16834.77
1683577,16835.77
1683695,16836.95
1683814,16838.14
1683922,16839.22
1684019,16840.19
1684120,16841.2
1684223,16842.23
1684326,16843.26
1684427,16844.27
1684525,16845.25
1684622,16846.22
1684725,16847.25
1684830,16848.3
1684931,16849.31
1685026,16850.26
1685126,16851.26
1685230,16852.3
1685337,16853.37
1685440,16854.4
1685538,16855.38
1685643,16856.43
1685749,16857.49
1685853,16858.53
1685955,16859.55
1686053,16860.53
1686156,16861.56
1686264,16862.64
1686372,16863.72
1686477,16864.77
1686576,16865.76
1686674,16866.74
1686778,16867.78
1686883,16868.83
1686986,16869.86
1687085,16870.85
1687179,16871.79
1687281,16872.81
1687389,16873.89
1687497,16874.97
1687606,16876.06
1687707,16877.07
1687807,16878.07
1687912,16879.12
1688014,16880.14
1688112,16881.12
1688205,16882.05
1688306,16883.06
1688410,16884.1
1688510,16885.1
1688606,16886.06
1688700,16887.0
1688798,16887.98
1688899,16888.99
1688996,16889.96
1689092,16890.92
1689190,16891.9
1689291,16892.91
1689390,16893.9
1689487,16894.87
1689578,16895.78
1689672,16896.72
1689772,16897.72
1689880,16898.8
1689990,16899.9
1690098,16900.98
1690198,16901.98
1690306,16903.06
1690416,16904.16
1690526,16905.26
1690626,16906.26
1690721,16907.21
1690817,16908.17
1690918,16909.18
1691028,16910.28
1691136,16911.36
1691237,16912.37
1691340,16913.4
1691446,16914.46
1691557,16915.57
1691662,16916.62
1691761,16917.61
1691869,16918.69
1691986,16919.86
1692098,16920.98
1692206,16922.06
1692304,16923.04
1692407,16924.07
1692514,16925.14
1692620,16926.2
1692723,16927.23
1692819,16928.19
1692918,16929.18
1693019,16930.19
1693121,16931.21
1693221,16932.21
1693317,16933.17
1693411,16934.11
1693509,16935.09
1693608,16936.08
1693710,16937.1
1693806,16938.06
1693906,16939.06
1694013,16940.13
1694120,16941.2
1694220,16942.2
1694315,16943.15
1694414,16944.14
1694515,16945.15
1694617,16946.17
1694718,16947.18
1694811,16948.11
1694906,16949.06
1695005,16950.05
1695112,16951.12
1695224,16952.24
1695330,16953.3
1695439,16954.39
1695558,16955.58
1695672,16956.72
1695774,16957.74
1695878,16958.78
1695985,16959.85
1696093,16960.93
1696196,16961.96
1696292,16962.92
1696394,16963.94
1696500,16965.0
1696607,16966.07
1696709,16967.09
1696806,16968.06
1696909,16969.09
1697016,16970.16
1697123,16971.23
1697224,16972.24
1697320,16973.2
1697423,16974.23
1697534,16975.34
1697643,16976.43
1697755,16977.55
1697862,16978.62
1697954,16979.54
1698043,16980.43
1698136,16981.36
1698235,16982.35
1698342,16983.42
1698438,16984.38
1698541,16985.41
1698656,16986.56
1698779,16987.79
1698891,16988.91
1698991,16989.91
1699098,16990.98
1699216,16992.16
1699333,16993.33
1699447,16994.47
1699549,16995.49
1699654,16996.54
1699764,16997.64
1699873,16998.73
1699982,16999.82
1700087,17000.87
1700185,17001.85
1700289,17002.89
1700403,17004.03
1700517,17005.17
1700626,17006.26
1700732,17007.32
1700825,17008.25
1700913,17009.13
1701002,17010.02
1701097,17010.97
1701210,17012.1
1701323,17013.23
1701419,17014.19
1701522,17015.22
1701628,17016.28
1701723,17017.23
1701821,17018.21
1701926,17019.26
1702035,17020.35
1702131,17021.31
1702222,17022.22
1702321,17023.21
1702431,17024.31
1702544,17025.44
1702653,17026.53
1702762,17027.62
1702861,17028.61
1702963,17029.63
1703074,17030.74
1703188,17031.88
1703297,17032.97
1703405,17034.05
1703512,17035.12
1703610,17036.1
1703717,17037.17
1703827,17038.27
1703935,17039.35
1704040,17040.4
1704142,17041.42
1704243,17042.43
1704346,17043.46
1704449,17044.49
1704548,17045.48
1704643,17046.43
1704743,17047.43
1704845,17048.45
1704948,17049.48
1705050,17050.5
1705147,17051.47
1705253,17052.53
1705362,17053.62
1705467,17054.67
1705569,17055.69
1705664,17056.64
1705765,17057.65
1705869,17058.69
1705972,17059.72
1706072,17060.72
1706165,17061.65
1706263,17062.63
1706371,17063.71
1706480,17064.8
1706585,17065.85
1706682,17066.82
1706784,17067.84
1706887,17068.87
1706990,17069.9
1707092,17070.92
1707192,17071.92
1707299,17072.99
1707407,17074.07
1707512,17075.12
1707613,17076.13
1707708,17077.08
1707805,17078.05
1707907,17079.07
1708009,17080.09
1708110,17081.1
1708206,17082.06
1708304,17083.04
1708410,17084.1
1708516,17085.16
1708616,17086.16
1708712,17087.12
1708812,17088.12
1708914,17089.14
1709018,17090.18
1709122,17091.22
1709220,17092.2
1709318,17093.18
1709418,17094.18
1709514,17095.14
1709606,17096.06
1709699,17096.99
1709800,17098.0
1709910,17099.1
1710024,17100.24
1710130,17101.3
1710247,17102.47
1710370,17103.7
1710486,17104.86
1710587,17105.87
1710682,17106.82
1710781,17107.81
1710884,17108.84
1710989,17109.89
1711095,17110.95
1711195,17111.95
1711300,17113.0
1711412,17114.12
1711520,17115.2
1711625,17116.25
1711722,17117.22
1711825,17118.25
1711935,17119.35
1712045,17120.45
1712151,17121.51
1712250,17122.5
1712348,17123.48
1712454,17124.54
1712561,17125.61
1712664,17126.64
1712761,17127.61
1712855,17128.55
1712960,17129.6
1713065,17130.65
1713160,17131.6
1713251,17132.51
1713339,17133.39
1713427,17134.27
1713516,17135.16
1713607,17136.07
1713698,17136.98
1713790,17137.9
1713882,17138.82
1713969,17139.69
1714059,17140.59
1714147,17141.47
1714232,17142.32
1714315,17143.15
1714395,17143.95
1714475,17144.75
1714555,17145.55
1714636,17146.36
1714717,17147.17
1714798,17147.98
1714878,17148.78
1714961,17149.61
1715047,17150.47
1715135,17151.35
1715225,17152.25
1715318,17153.18
1715413,17154.13
1715512,17155.12
1715611,17156.11
1715709,17157.09
1715808,17158.08
1715908,17159.08
1716008,17160.08
1716103,17161.03
1716193,17161.93
1716285,17162.85
1716380,17163.8
1716479,17164.79
1716580,17165.8
1716683,17166.83
1716785,17167.85
1716892,17168.92
1717000,17170.0
1717107,17171.07
1717209,17172.09
1717306,17173.06
1717400,17174.0
1717501,17175.01
1717601,17176.01
1717704,17177.04
1717806,17178.06
1717903,17179.03
1717998,17179.98
1718097,17180.97
1718193,17181.93
1718286,17182.86
1718388,17183.88
1718498,17184.98
1718613,17186.13
1718720,17187.2
1718822,17188.22
1718943,17189.43
1719061,17190.61
1719172,17191.72
1719282,17192.82
1719386,17193.86
1719496,17194.96
1719602,17196.02
1719703,17197.03
1719804,17198.04
1719911,17199.11
1720021,17200.21
1720129,17201.29
1720232,17202.32
1720335,17203.35
1720445,17204.45
1720557,17205.57
1720667,17206.67
1720773,17207.73
1720873,17208.73
1720970,17209.7
1721064,17210.64
1721156,17211.56
1721245,17212.45
1721342,17213.42
1721448,17214.48
1721558,17215.58
1721672,17216.72
1721781,17217.81
1721896,17218.96
1722012,17220.12
1722116,17221.16
1722211,17222.11
1722307,17223.07
1722403,17224.03
1722499,17224.99
1722594,17225.94
1722686,17226.86
1722783,17227.83
1722886,17228.86
1722991,17229.91
1723099,17230.99
1723201,17232.01
1723303,17233.03
1723404,17234.04
1723504,17235.04
1723606,17236.06
1723702,17237.02
1723797,17237.97
1723899,17238.99
1724005,17240.05
1724113,17241.13
1724214,17242.14
1724313,17243.13
1724415,17244.15
1724517,17245.17
1724621,17246.21
1724721,17247.21
1724818,17248.18
1724920,17249.2
1725023,17250.23
1725125,17251.25
1725226,17252.26
1725324,17253.24
1725425,17254.25
1725528,17255.28
1725630,17256.3
1725730,17257.3
1725825,17258.25
1725921,17259.21
1726020,17260.2
1726118,17261.18
1726217,17262.17
1726311,17263.11
1726408,17264.08
1726510,17265.1
1726616,17266.16
1726720,17267.2
1726817,17268.17
1726917,17269.17
1727020,17270.2
1727122,17271.22
1727224,17272.24
1727321,17273.21
1727420,17274.2
1727523,17275.23
1727626,17276.26
1727727,17277.27
1727825,17278.25
1727922,17279.22
1728021,17280.21
1728122,17281.22
1728223,17282.23
1728323,17283.23
1728426,17284.26
1728530,17285.3
1728634,17286.34
1728732,17287.32
1728828,17288.28
1728927,17289.27
1729027,17290.27
1729126,17291.26
1729224,17292.24
1729319,17293.19
1729414,17294.14
1729507,17295.07
1729600,17296.0
1729691,17296.91
1729783,17297.83
1729881,17298.81
1729982,17299.82
1730080,17300.8
1730178,17301.78
1730286,17302.86
1730398,17303.98
1730508,17305.08
1730619,17306.19
1730723,17307.23
1730834,17308.34
1730948,17309.48
1731061,17310.61
1731166,17311.66
1731261,17312.61
1731353,17313.53
1731450,17314.5
1731549,17315.49
1731657,17316.57
1731768,17317.68
1731874,17318.74
1731989,17319.89
1732111,17321.11
1732233,17322.33
1732344,17323.44
1732448,17324.48
1732547,17325.47
1732647,17326.47
1732748,17327.48
1732851,17328.51
1732953,17329.53
1733052,17330.52
1733154,17331.54
1733262,17332.62
1733371,17333.71
1733478,17334.78
1733578,17335.78
1733676,17336.76
1733776,17337.76
1733879,17338.79
1733981,17339.81
1734079,17340.79
1734178,17341.78
1734281,17342.81
1734385,17343.85
1734488,17344.88
1734586,17345.86
1734685,17346.85
1734786,17347.86
1734891,17348.91
1734993,17349.93
1735092,17350.92
1735191,17351.91
1735292,17352.92
1735394,17353.94
1735494,17354.94
1735591,17355.91
1735695,17356.95
1735801,17358.01
1735905,17359.05
1736007,17360.07
1736101,17361.01
1736192,17361.92
1736288,17362.88
1736386,17363.86
1736483,17364.83
1736580,17365.8
1736677,17366.77
1736778,17367.78
1736878,17368.78
1736974,17369.74
1737067,17370.67
1737160,17371.6
1737255,17372.55
1737351,17373.51
1737450,17374.5
1737548,17375.48
1737646,17376.46
1737741,17377.41
1737836,17378.36
1737927,17379.27
1738024,17380.24
1738129,17381.29
1738235,17382.35
1738339,17383.39
1738441,17384.41
1738548,17385.48
1738655,17386.55
1738760,17387.6
1738861,17388.61
1738959,17389.59
1739060,17390.6
1739166,17391.66
1739270,17392.7
1739372,17393.72
1739472,17394.72
1739572,17395.72
1739678,17396.78
1739783,17397.83
1739888,17398.88
1739987,17399.87
1740082,17400.82
1740179,17401.79
1740277,17402.77
1740376,17403.76
1740472,17404.72
1740565,17405.65
1740656,17406.56
1740748,17407.48
1740860,17408.6
1740979,17409.79
1741090,17410.9
1741195,17411.95
1741306,17413.06
1741425,17414.25
1741535,17415.35
1741636,17416.36
1741735,17417.35
1741831,17418.31
1741925,17419.25
1742018,17420.18
1742114,17421.14
1742219,17422.19
1742332,17423.32
1742441,17424.41
1742547,17425.47
1742661,17426.61
1742780,17427.8
1742893,17428.93
1742998,17429.98
1743097,17430.97
1743200,17432.0
1743306,17433.06
1743410,17434.1
1743511,17435.11
1743610,17436.1
1743713,17437.13
1743818,17438.18
1743915,17439.15
1744007,17440.07
1744096,17440.96
1744186,17441.86
1744287,17442.87
1744399,17443.99
1744514,17445.14
1744621,17446.21
1744735,17447.35
1744851,17448.51
1744963,17449.63
1745066,17450.66
1745166,17451.66
1745270,17452.7
1745374,17453.74
1745479,17454.79
1745581,17455.81
1745683,17456.83
1745787,17457.87
1745894,17458.94
1745995,17459.95
1746091,17460.91
1746188,17461.88
1746287,17462.87
1746388,17463.88
1746487,17464.87
1746583,17465.83
1746676,17466.76
1746770,17467.7
1746869,17468.69
1746969,17469.69
1747066,17470.66
1747157,17471.57
1747247,17472.47
1747344,17473.44
1747448,17474.48
1747546,17475.46
1747648,17476.48
1747755,17477.55
1747862,17478.62
1747962,17479.62
1748069,17480.69
1748184,17481.84
1748299,17482.99
1748404,17484.04
1748502,17485.02
1748606,17486.06
1748711,17487.11
1748815,17488.15
1748914,17489.14
1749011,17490.11
1749114,17491.14
1749220,17492.2
1749324,17493.24
1749424,17494.24
1749521,17495.21
1749623,17496.23
1749725,17497.25
1749826,17498.26
1749924,17499.24
1750021,17500.21
1750122,17501.22
1750226,17502.26
1750330,17503.3
1750432,17504.32
1750530,17505.3
1750625,17506.25
1750723,17507.23
1750823,17508.23
1750920,17509.2
1751014,17510.14
1751108,17511.08
1751205,17512.05
1751302,17513.02
1751396,17513.96
1751488,17514.88
1751580,17515.8
1751676,17516.76
1751774,17517.74
1751873,17518.73
1751969,17519.69
1752064,17520.64
1752162,17521.62
1752264,17522.64
1752362,17523.62
1752460,17524.6
1752560,17525.6
1752664,17526.64
1752768,17527.68
1752865,17528.65
1752964,17529.64
1753067,17530.67
1753172,17531.72
1753275,17532.75
1753374,17533.74
1753478,17534.78
1753582,17535.82
1753688,17536.88
1753791,17537.91
1753889,17538.89
1753991,17539.91
1754096,17540.96
1754196,17541.96
1754294,17542.94
1754395,17543.95
1754496,17544.96
1754593,17545.93
1754685,17546.85
1754776,17547.76
1754873,17548.73
1754976,17549.76
1755077,17550.77
1755172,17551.72
1755275,17552.75
1755387,17553.87
1755500,17555.0
1755607,17556.07
1755708,17557.08
1755813,17558.13
1755919,17559.19
1756023,17560.23
1756121,17561.21
1756220,17562.2
1756326,17563.26
1756431,17564.31
1756535,17565.35
1756637,17566.37
1756742,17567.42
1756851,17568.51
1756959,17569.59
1757065,17570.65
1757166,17571.66
1757261,17572.61
1757357,17573.57
1757456,17574.56
1757556,17575.56
1757656,17576.56
1757757,17577.57
1757856,17578.56
1757960,17579.6
1758067,17580.67
1758172,17581.72
1758276,17582.76
1758376,17583.76
1758479,17584.79
1758584,17585.84
1758688,17586.88
1758785,17587.85
1758884,17588.84
1758985,17589.85
1759086,17590.86
1759184,17591.84
1759278,17592.78
1759370,17593.7
1759467,17594.67
1759565,17595.65
1759663,17596.63
1759758,17597.58
1759858,17598.58
1759957,17599.57
1760055,17600.55
1760150,17601.5
1760247,17602.47
1760343,17603.43
1760434,17604.34
1760525,17605.25
1760619,17606.19
1760721,17607.21
1760822,17608.22
1760918,17609.18
1761011,17610.11
1761113,17611.13
1761215,17612.15
1761315,17613.15
1761409,17614.09
1761500,17615.0
1761594,17615.94
1761689,17616.89
1761786,17617.86
1761881,17618.81
1761978,17619.78
1762076,17620.76
1762174,17621.74
1762267,17622.67
1762365,17623.65
1762463,17624.63
1762560,17625.6
1762653,17626.53
1762744,17627.44
1762836,17628.36
1762934,17629.34
1763036,17630.36
1763139,17631.39
1763241,17632.41
1763352,17633.52
1763467,17634.67
1763575,17635.75
1763676,17636.76
1763782,17637.82
1763883,17638.83
1763985,17639.85
1764082,17640.82
1764179,17641.79
1764279,17642.79
1764379,17643.79
1764478,17644.78
1764573,17645.73
1764670,17646.7
1764768,17647.68
1764869,17648.69
1764966,17649.66
1765061,17650.61
1765157,17651.57
1765255,17652.55
1765352,17653.52
1765447,17654.47
1765539,17655.39
1765635,17656.35
1765735,17657.35
1765835,17658.35
1765931,17659.31
1766028,17660.28
1766129,17661.29
1766230,17662.3
1766328,17663.28
1766424,17664.24
1766522,17665.22
1766621,17666.21
1766720,17667.2
1766817,17668.17
1766917,17669.17
1767016,17670.16
1767112,17671.12
1767205,17672.05
1767297,17672.97
1767390,17673.9
1767488,17674.88
1767585,17675.85
1767684,17676.84
1767786,17677.86
1767888,17678.88
1767985,17679.85
1768079,17680.79
1768177,17681.77
1768275,17682.75
1768372,17683.72
1768466,17684.66
1768562,17685.62
1768661,17686.61
1768759,17687.59
1768858,17688.58
1768957,17689.57
1769058,17690.58
1769160,17691.6
1769258,17692.58
1769361,17693.61
1769465,17694.65
1769566,17695.66
1769662,17696.62
1769762,17697.62
1769862,17698.62
1769959,17699.59
1770052,17700.52
1770150,17701.5
1770248,17702.48
1770343,17703.43
1770434,17704.34
1770527,17705.27
1770621,17706.21
1770716,17707.16
1770810,17708.1
1770902,17709.02
1770997,17709.97
1771093,17710.93
1771187,17711.87
1771277,17712.77
1771365,17713.65
1771453,17714.53
1771543,17715.43
1771636,17716.36
1771731,17717.31
1771827,17718.27
1771932,17719.32
1772038,17720.38
1772140,17721.4
1772245,17722.45
1772353,17723.53
1772452,17724.52
1772549,17725.49
1772648,17726.48
1772747,17727.47
1772841,17728.41
1772935,17729.35
1773032,17730.32
1773130,17731.3
1773226,17732.26
1773324,17733.24
1773426,17734.26
1773525,17735.25
1773620,17736.2
1773714,17737.14
1773810,17738.1
1773906,17739.06
1774002,17740.02
1774094,17740.94
1774187,17741.87
1774281,17742.81
1774378,17743.78
1774475,17744.75
1774569,17745.69
1774665,17746.65
1774764,17747.64
1774862,17748.62
1774957,17749.57
1775051,17750.51
1775148,17751.48
1775243,17752.43
1775336,17753.36
1775426,17754.26
1775516,17755.16
1775608,17756.08
1775701,17757.01
1775793,17757.93
1775885,17758.85
1775982,17759.82
1776080,17760.8
1776177,17761.77
1776272,17762.72
1776369,17763.69
1776463,17764.63
1776556,17765.56
1776649,17766.49
1776743,17767.43
1776838,17768.38
1776932,17769.32
1777028,17770.28
1777128,17771.28
1777225,17772.25
1777318,17773.18
1777412,17774.12
1777506,17775.06
1777599,17775.99
1777688,17776.88
1777778,17777.78
1777870,17778.7
1777964,17779.64
1778056,17780.56
1778147,17781.47
1778239,17782.39
1778334,17783.34
1778429,17784.29
1778523,17785.23
1778615,17786.15
1778706,17787.06
1778796,17787.96
1778887,17788.87
1778981,17789.81
1779073,17790.73
1779166,17791.66
1779263,17792.63
1779355,17793.55
1779446,17794.46
1779531,17795.31
1779615,17796.15
1779699,17796.99
1779779,17797.79
1779860,17798.6
1779940,17799.4
1780023,17800.23
1780103,17801.03
1780182,17801.82
1780260,17802.6
1780336,17803.36
1780413,17804.13
1780490,17804.9
1780566,17805.66
1780641,17806.41
1780715,17807.15
1780788,17807.88
1780863,17808.63
1780938,17809.38
1781013,17810.13
1781089,17810.89
1781168,17811.68
1781248,17812.48
1781331,17813.31
1781415,17814.15
1781500,17815.0
1781587,17815.87
1781678,17816.78
1781775,17817.75
1781875,17818.75
1781975,17819.75
1782076,17820.76
1782174,17821.74
1782274,17822.74
1782379,17823.79
1782487,17824.87
1782588,17825.88
1782683,17826.83
1782779,17827.79
1782878,17828.78
1782978,17829.78
1783073,17830.73
1783166,17831.66
1783265,17832.65
1783366,17833.66
1783466,17834.66
1783561,17835.61
1783657,17836.57
1783757,17837.57
1783861,17838.61
1783963,17839.63
1784059,17840.59
1784155,17841.55
1784257,17842.57
1784360,17843.6
1784463,17844.63
1784563,17845.63
1784664,17846.64
1784773,17847.73
1784879,17848.79
1784980,17849.8
1785089,17850.89
1785202,17852.02
1785310,17853.1
1785410,17854.1
1785513,17855.13
1785618,17856.18
1785719,17857.19
1785815,17858.15
1785916,17859.16
1786019,17860.19
1786121,17861.21
1786220,17862.2
1786322,17863.22
1786428,17864.28
1786532,17865.32
1786630,17866.3
1786728,17867.28
1786829,17868.29
1786931,17869.31
1787029,17870.29
1787122,17871.22
1787217,17872.17
1787315,17873.15
1787416,17874.16
1787510,17875.1
1787601,17876.01
1787695,17876.95
1787792,17877.92
1787890,17878.9
1787983,17879.83
1788075,17880.75
1788172,17881.72
1788270,17882.7
1788368,17883.68
1788459,17884.59
1788552,17885.52
1788648,17886.48
1788748,17887.48
1788846,17888.46
1788940,17889.4
1789037,17890.37
1789137,17891.37
1789236,17892.36
1789333,17893.33
1789425,17894.25
1789520,17895.2
1789619,17896.19
1789719,17897.19
1789818,17898.18
1789914,17899.14
1790009,17900.09
1790106,17901.06
1790208,17902.08
1790309,17903.09
1790407,17904.07
1790507,17905.07
1790609,17906.09
1790710,17907.1
1790806,17908.06
1790905,17909.05
1791004,17910.04
1791104,17911.04
1791202,17912.02
1791296,17912.96
1791397,17913.97
1791500,17915.0
1791597,17915.97
1791695,17916.95
1791798,17917.98
1791903,17919.03
1791998,17919.98
1792093,17920.93
1792194,17921.94
1792297,17922.97
1792402,17924.02
1792498,17924.98
1792595,17925.95
1792694,17926.94
1792794,17927.94
1792890,17928.9
1792981,17929.81
1793075,17930.75
1793171,17931.71
1793270,17932.7
1793366,17933.66
1793457,17934.57
1793551,17935.51
1793648,17936.48
1793747,17937.47
1793846,17938.46
1793940,17939.4
1794034,17940.34
1794132,17941.32
1794231,17942.31
1794326,17943.26
1794422,17944.22
1794517,17945.17
1794611,17946.11
1794702,17947.02
1794799,17947.99
1794896,17948.96
1794996,17949.96
1795091,17950.91
1795192,17951.92
1795296,17952.96
1795399,17953.99
1795494,17954.94
1795594,17955.94
1795694,17956.94
1795791,17957.91
1795884,17958.84
1795979,17959.79
1796075,17960.75
1796173,17961.73
1796266,17962.66
1796363,17963.63
1796460,17964.6
1796555,17965.55
1796648,17966.48
1796746,17967.46
1796842,17968.42
1796935,17969.35
1797030,17970.3
1797129,17971.29
1797226,17972.26
1797318,17973.18
1797409,17974.09
1797506,17975.06
1797599,17975.99
1797694,17976.94
1797788,17977.88
1797884,17978.84
1797978,17979.78
1798068,17980.68
1798157,17981.57
1798248,17982.48
1798343,17983.43
1798438,17984.38
1798532,17985.32
1798623,17986.23
1798715,17987.15
1798810,17988.1
1798905,17989.05
1798995,17989.95
1799084,17990.84
1799176,17991.76
1799268,17992.68
1799361,17993.61
1799450,17994.5
1799544,17995.44
1799642,17996.42
1799744,17997.44
1799841,17998.41
1799940,17999.4
1800041,18000.41
1800140,18001.4
1800237,18002.37
1800337,18003.37
1800433,18004.33
1800531,18005.31
1800628,18006.28
1800722,18007.22
1800819,18008.19
1800920,18009.2
1801021,18010.21
1801116,18011.16
1801215,18012.15
1801320,18013.2
1801425,18014.25
1801523,18015.23
1801625,18016.25
1801727,18017.27
1801826,18018.26
1801920,18019.2
1802016,18020.16
1802113,18021.13
1802211,18022.11
1802305,18023.05
1802402,18024.02
1802505,18025.05
1802607,18026.07
1802703,18027.03
1802800,18028.0
1802899,18028.99
1802994,18029.94
1803086,18030.86
1803182,18031.82
1803279,18032.79
1803376,18033.76
1803467,18034.67
1803561,18035.61
1803655,18036.55
1803752,18037.52
1803844,18038.44
1803934,18039.34
1804027,18040.27
1804122,18041.22
1804216,18042.16
1804305,18043.05
1804392,18043.92
1804483,18044.83
1804577,18045.77
1804676,18046.76
1804772,18047.72
1804865,18048.65
1804972,18049.72
1805084,18050.84
1805197,18051.97
1805296,18052.96
1805401,18054.01
1805510,18055.1
1805611,18056.11
1805713,18057.13
1805813,18058.13
1805912,18059.12
1806008,18060.08
1806100,18061.0
1806193,18061.93
1806289,18062.89
1806388,18063.88
1806483,18064.83
1806576,18065.76
1806676,18066.76
1806776,18067.76
1806865,18068.65
1806953,18069.53
1807039,18070.39
1807125,18071.25
1807212,18072.12
1807297,18072.97
1807385,18073.85
1807477,18074.77
1807568,18075.68
1807656,18076.56
1807742,18077.42
1807826,18078.26
1807909,18079.09
1807990,18079.9
1808069,18080.69
1808146,18081.46
1808223,18082.23
1808299,18082.99
1808372,18083.72
1808444,18084.44
1808517,18085.17
1808588,18085.88
1808659,18086.59
1808730,18087.3
1808802,18088.02
1808874,18088.74
1808945,18089.45
1809016,18090.16
1809087,18090.87
1809158,18091.58
1809229,18092.29
1809301,18093.01
1809373,18093.73
1809446,18094.46
1809521,18095.21
1809602,18096.02
1809684,18096.84
1809770,18097.7
1809860,18098.6
1809952,18099.52
1810046,18100.46
1810141,18101.41
1810233,18102.33
1810331,18103.31
1810435,18104.35
1810543,18105.43
1810648,18106.48
1810749,18107.49
1810847,18108.47
1810940,18109.4
1811035,18110.35
1811133,18111.33
1811233,18112.33
1811336,18113.36
1811436,18114.36
1811531,18115.31
1811628,18116.28
1811732,18117.32
1811842,18118.42
1811950,18119.5
1812048,18120.48
1812141,18121.41
1812242,18122.42
1812350,18123.5
1812463,18124.63
1812567,18125.67
1812670,18126.7
1812767,18127.67
1812865,18128.65
1812969,18129.69
1813076,18130.76
1813184,18131.84
1813288,18132.88
1813385,18133.85
1813483,18134.83
1813582,18135.82
1813686,18136.86
1813794,18137.94
1813895,18138.95
1813997,18139.97
1814107,18141.07
1814217,18142.17
1814323,18143.23
1814417,18144.17
1814510,18145.1
1814608,18146.08
1814709,18147.09
1814811,18148.11
1814913,18149.13
1815011,18150.11
1815106,18151.06
1815204,18152.04
1815309,18153.09
1815414,18154.14
1815519,18155.19
1815618,18156.18
1815721,18157.21
1815820,18158.2
1815923,18159.23
1816022,18160.22
1816122,18161.22
1816228,18162.28
1816334,18163.34
1816437,18164.37
1816533,18165.33
1816630,18166.3
1816729,18167.29
1816831,18168.31
1816930,18169.3
1817025,18170.25
1817120,18171.2
1817222,18172.22
1817328,18173.28
1817430,18174.3
1817527,18175.27
1817622,18176.22
1817721,18177.21
1817821,18178.21
1817922,18179.22
1818018,18180.18
1818109,18181.09
1818202,18182.02
1818303,18183.03
1818411,18184.11
1818518,18185.18
1818616,18186.16
1818714,18187.14
1818816,18188.16
1818921,18189.21
1819025,18190.25
1819121,18191.21
1819218,18192.18
1819318,18193.18
1819419,18194.19
1819521,18195.21
1819617,18196.17
1819712,18197.12
1819811,18198.11
1819911,18199.11
1820010,18200.1
1820105,18201.05
1820197,18201.97
1820291,18202.91
1820389,18203.89
1820489,18204.89
1820589,18205.89
1820685,18206.85
1820779,18207.79
1820876,18208.76
1820974,18209.74
1821067,18210.67
1821158,18211.58
1821250,18212.5
1821342,18213.42
1821433,18214.33
1821522,18215.22
1821613,18216.13
1821707,18217.07
1821802,18218.02
1821897,18218.97
1821991,18219.91
1822087,18220.87
1822185,18221.85
1822281,18222.81
1822376,18223.76
1822468,18224.68
1822561,18225.61
1822656,18226.56
1822757,18227.57
1822852,18228.52
1822945,18229.45
1823038,18230.38
1823130,18231.3
1823225,18232.25
1823318,18233.18
1823412,18234.12
1823508,18235.08
1823611,18236.11
1823721,18237.21
1823825,18238.25
1823930,18239.3
1824038,18240.38
1824141,18241.41
1824240,18242.4
1824335,18243.35
1824432,18244.32
1824534,18245.34
1824633,18246.33
1824730,18247.3
1824824,18248.24
1824920,18249.2
1825017,18250.17
1825114,18251.14
1825210,18252.1
1825303,18253.03
1825402,18254.02
1825505,18255.05
1825605,18256.05
1825703,18257.03
1825797,18257.97
1825889,18258.89
1825982,18259.82
1826077,18260.77
1826170,18261.7
1826261,18262.61
1826355,18263.55
1826449,18264.49
1826543,18265.43
1826635,18266.35
1826724,18267.24
1826816,18268.16
1826912,18269.12
1827008,18270.08
1827102,18271.02
1827194,18271.94
1827291,18272.91
1827392,18273.92
1827493,18274.93
1827592,18275.92
1827687,18276.87
1827784,18277.84
1827885,18278.85
1827985,18279.85
1828085,18280.85
1828179,18281.79
1828276,18282.76
1828378,18283.78
1828487,18284.87
1828596,18285.96
1828699,18286.99
1828815,18288.15
1828931,18289.31
1829039,18290.39
1829137,18291.37
1829238,18292.38
1829342,18293.42
1829447,18294.47
1829549,18295.49
1829645,18296.45
1829745,18297.45
1829855,18298.55
1829967,18299.67
1830073,18300.73
1830171,18301.71
1830274,18302.74
1830380,18303.8
1830486,18304.86
1830587,18305.87
1830681,18306.81
1830774,18307.74
1830873,18308.73
1830973,18309.73
1831071,18310.71
1831167,18311.67
1831265,18312.65
1831376,18313.76
1831490,18314.9
1831607,18316.07
1831715,18317.15
1831823,18318.23
1831937,18319.37
1832051,18320.51
1832156,18321.56
1832256,18322.56
1832359,18323.59
1832464,18324.64
1832569,18325.69
1832669,18326.69
1832768,18327.68
1832869,18328.69
1832974,18329.74
1833077,18330.77
1833176,18331.76
1833276,18332.76
1833379,18333.79
1833483,18334.83
1833584,18335.84
1833681,18336.81
1833780,18337.8
1833885,18338.85
1833991,18339.91
1834094,18340.94
1834192,18341.92
1834290,18342.9
1834394,18343.94
1834503,18345.03
1834610,18346.1
1834709,18347.09
1834811,18348.11
1834914,18349.14
1835017,18350.17
1835121,18351.21
1835221,18352.21
1835316,18353.16
1835419,18354.19
1835523,18355.23
1835628,18356.28
1835727,18357.27
1835824,18358.24
1835927,18359.27
1836032,18360.32
1836135,18361.35
1836232,18362.32
1836331,18363.31
1836431,18364.31
1836529,18365.29
1836626,18366.26
1836720,18367.2
1836820,18368.2
1836921,18369.21
1837022,18370.22
1837121,18371.21
1837217,18372.17
1837319,18373.19
1837421,18374.21
1837523,18375.23
1837621,18376.21
1837716,18377.16
1837813,18378.13
1837910,18379.1
1838010,18380.1
1838106,18381.06
1838199,18381.99
1838297,18382.97
1838397,18383.97
1838499,18384.99
1838597,18385.97
1838693,18386.93
1838790,18387.9
1838887,18388.87
1838986,18389.86
1839081,18390.81
1839177,18391.77
1839281,18392.81
1839386,18393.86
1839484,18394.84
1839579,18395.79
1839679,18396.79
1839781,18397.81
1839883,18398.83
1839978,18399.78
1840072,18400.72
1840166,18401.66
1840260,18402.6
1840354,18403.54
1840446,18404.46
1840542,18405.42
1840642,18406.42
1840746,18407.46
1840847,18408.47
1840941,18409.41
1841036,18410.36
1841136,18411.36
1841239,18412.39
1841339,18413.39
1841436,18414.36
1841536,18415.36
1841636,18416.36
1841737,18417.37
1841834,18418.34
1841929,18419.29
1842025,18420.25
1842121,18421.21
1842216,18422.16
1842315,18423.15
1842413,18424.13
1842528,18425.28
1842652,18426.52
1842774,18427.74
1842883,18428.83
1842990,18429.9
1843098,18430.98
1843207,18432.07
1843314,18433.14
1843415,18434.15
1843517,18435.17
1843625,18436.25
1843735,18437.35
1843841,18438.41
1843940,18439.4
1844047,18440.47
1844155,18441.55
1844262,18442.62
1844363,18443.63
1844460,18444.6
1844558,18445.58
1844655,18446.55
1844753,18447.53
1844850,18448.5
1844956,18449.56
1845070,18450.7
1845188,18451.88
1845294,18452.94
1845395,18453.95
1845500,18455.0
1845612,18456.12
1845723,18457.23
1845826,18458.26
1845929,18459.29
1846035,18460.35
1846139,18461.39
1846238,18462.38
1846337,18463.37
1846435,18464.35
1846534,18465.34
1846631,18466.31
1846725,18467.25
1846826,18468.26
1846937,18469.37
1847052,18470.52
1847164,18471.64
1847263,18472.63
1847367,18473.67
1847474,18474.74
1847582,18475.82
1847680,18476.8
1847780,18477.8
1847885,18478.85
1847991,18479.91
1848097,18480.97
1848198,18481.98
1848299,18482.99
1848410,18484.1
1848524,18485.24
1848634,18486.34
1848736,18487.36
1848837,18488.37
1848943,18489.43
1849047,18490.47
1849149,18491.49
1849248,18492.48
1849350,18493.5
1849454,18494.54
1849560,18495.6
1849662,18496.62
1849762,18497.62
1849866,18498.66
1849970,18499.7
1850073,18500.73
1850171,18501.71
1850265,18502.65
1850358,18503.58
1850458,18504.58
1850596,18505.96
1850734,18507.34
1850859,18508.59
1850985,18509.85
1851125,18511.25
1851232,18512.32
1851330,18513.3
1851427,18514.27
1851524,18515.24
1851628,18516.28
1851735,18517.35
1851838,18518.38
1851950,18519.5
1852071,18520.71
1852193,18521.93
1852302,18523.02
1852400,18524.0
1852499,18524.99
1852604,18526.04
1852708,18527.08
1852807,18528.07
1852904,18529.04
1853002,18530.02
1853103,18531.03
1853204,18532.04
1853300,18533.0
1853397,18533.97
1853501,18535.01
1853605,18536.05
1853708,18537.08
1853807,18538.07
1853902,18539.02
1854002,18540.02
1854104,18541.04
1854205,18542.05
1854303,18543.03
1854396,18543.96
1854492,18544.92
1854588,18545.88
1854685,18546.85
1854782,18547.82
1854879,18548.79
1854982,18549.82
1855092,18550.92
1855200,18552.0
1855301,18553.01
1855405,18554.05
1855512,18555.12
1855618,18556.18
1855723,18557.23
1855821,18558.21
1855920,18559.2
1856022,18560.22
1856125,18561.25
1856224,18562.24
1856320,18563.2
1856423,18564.23
1856531,18565.31
1856641,18566.41
1856746,18567.46
1856844,18568.44
1856936,18569.36
1857030,18570.3
1857130,18571.3
1857245,18572.45
1857360,18573.6
1857465,18574.65
1857589,18575.89
1857719,18577.19
1857836,18578.36
1857944,18579.44
1858044,18580.44
1858146,18581.46
1858255,18582.55
1858362,18583.62
1858463,18584.63
1858564,18585.64
1858671,18586.71
1858780,18587.8
1858884,18588.84
1858983,18589.83
1859088,18590.88
1859197,18591.97
1859305,18593.05
1859408,18594.08
1859506,18595.06
1859606,18596.06
1859709,18597.09
1859816,18598.16
1859920,18599.2
1860018,18600.18
1860120,18601.2
1860224,18602.24
1860327,18603.27
1860429,18604.29
1860528,18605.28
1860628,18606.28
1860728,18607.28
1860833,18608.33
1860936,18609.36
1861037,18610.37
1861133,18611.33
1861231,18612.31
1861329,18613.29
1861434,18614.34
1861562,18615.62
1861691,18616.91
1861810,18618.1
1861913,18619.13
1862016,18620.16
1862122,18621.22
1862229,18622.29
1862330,18623.3
1862431,18624.31
1862539,18625.39
1862649,18626.49
1862757,18627.57
1862860,18628.6
1862959,18629.59
1863065,18630.65
1863174,18631.74
1863282,18632.82
1863383,18633.83
1863484,18634.84
1863588,18635.88
1863693,18636.93
1863793,18637.93
1863890,18638.9
1863991,18639.91
1864097,18640.97
1864204,18642.04
1864304,18643.04
1864410,18644.1
1864518,18645.18
1864615,18646.15
1864711,18647.11
1864806,18648.06
1864909,18649.09
1865059,18650.59
1865210,18652.1
1865317,18653.17
1865417,18654.17
1865522,18655.22
1865637,18656.37
1865746,18657.46
1865850,18658.5
1865956,18659.56
1866064,18660.64
1866173,18661.73
1866276,18662.76
1866378,18663.78
1866482,18664.82
1866589,18665.89
1866693,18666.93
1866793,18667.93
1866898,18668.98
1867016,18670.16
1867131,18671.31
1867239,18672.39
1867336,18673.36
1867433,18674.33
1867537,18675.37
1867652,18676.52
1867770,18677.7
1867878,18678.78
1867991,18679.91
1868118,18681.18
1868246,18682.46
1868364,18683.64
1868468,18684.68
1868570,18685.7
1868679,18686.79
1868796,18687.96
1868907,18689.07
1869010,18690.1
1869106,18691.06
1869209,18692.09
1869322,18693.22
1869436,18694.36
1869543,18695.43
1869647,18696.47
1869763,18697.63
1869881,18698.81
1869992,18699.92
1870090,18700.9
1870189,18701.89
1870291,18702.91
1870398,18703.98
1870503,18705.03
1870604,18706.04
1870707,18707.07
1870817,18708.17
1870928,18709.28
1871035,18710.35
1871136,18711.36
1871236,18712.36
1871341,18713.41
1871446,18714.46
1871551,18715.51
1871650,18716.5
1871749,18717.49
1871854,18718.54
1871960,18719.6
1872063,18720.63
1872161,18721.61
1872265,18722.65
1872375,18723.75
1872481,18724.81
1872582,18725.82
1872683,18726.83
1872786,18727.86
1872891,18728.91
1872994,18729.94
1873093,18730.93
1873195,18731.95
1873300,18733.0
1873406,18734.06
1873506,18735.06
1873602,18736.02
1873705,18737.05
1873811,18738.11
1873917,18739.17
1874021,18740.21
1874119,18741.19
1874224,18742.24
1874336,18743.36
1874450,18744.5
1874564,18745.64
1874671,18746.71
1874776,18747.76
1874889,18748.89
1874998,18749.98
1875101,18751.01
1875209,18752.09
1875325,18753.25
1875440,18754.4
1875550,18755.5
1875649,18756.49
1875751,18757.51
1875853,18758.53
1875957,18759.57
1876059,18760.59
1876162,18761.62
1876275,18762.75
1876385,18763.85
1876487,18764.87
1876587,18765.87
1876692,18766.92
1876797,18767.97
1876900,18769.0
1876996,18769.96
1877091,18770.91
1877192,18771.92
1877294,18772.94
1877401,18774.01
1877501,18775.01
1877601,18776.01
1877704,18777.04
1877809,18778.09
1877911,18779.11
1878006,18780.06
1878101,18781.01
1878199,18781.99
1878299,18782.99
1878396,18783.96
1878489,18784.89
1878582,18785.82
1878680,18786.8
1878782,18787.82
1878886,18788.86
1878983,18789.83
1879084,18790.84
1879187,18791.87
1879288,18792.88
1879388,18793.88
1879484,18794.84
1879583,18795.83
1879689,18796.89
1879798,18797.98
1879903,18799.03
1880006,18800.06
1880126,18801.26
1880248,18802.48
1880364,18803.64
1880467,18804.67
1880571,18805.71
1880681,18806.81
1880789,18807.89
1880895,18808.95
1880999,18809.99
1881099,18810.99
1881197,18811.97
1881302,18813.02
1881414,18814.14
1881527,18815.27
1881631,18816.31
1881736,18817.36
1881844,18818.44
1881952,18819.52
1882054,18820.54
1882150,18821.5
1882254,18822.54
1882362,18823.62
1882471,18824.71
1882575,18825.75
1882672,18826.72
1882772,18827.72
1882877,18828.77
1882985,18829.85
1883090,18830.9
1883188,18831.88
1883287,18832.87
1883393,18833.93
1883500,18835.0
1883605,18836.05
1883704,18837.04
1883801,18838.01
1883909,18839.09
1884024,18840.24
1884135,18841.35
1884235,18842.35
1884334,18843.34
1884435,18844.35
1884538,18845.38
1884639,18846.39
1884736,18847.36
1884838,18848.38
1884944,18849.44
1885049,18850.49
1885148,18851.48
1885247,18852.47
1885350,18853.5
1885456,18854.56
1885563,18855.63
1885662,18856.62
1885761,18857.61
1885865,18858.65
1885972,18859.72
1886080,18860.8
1886181,18861.81
1886278,18862.78
1886373,18863.73
1886468,18864.68
1886564,18865.64
1886661,18866.61
1886762,18867.62
1886879,18868.79
1886990,18869.9
1887094,18870.94
1887211,18872.11
1887342,18873.42
1887474,18874.74
1887585,18875.85
1887685,18876.85
1887785,18877.85
1887886,18878.86
1887990,18879.9
1888096,18880.96
1888198,18881.98
1888317,18883.17
1888442,18884.42
1888564,18885.64
1888677,18886.77
1888780,18887.8
1888882,18888.82
1888986,18889.86
1889089,18890.89
1889204,18892.04
1889329,18893.29
1889455,18894.55
1889569,18895.69
1889671,18896.71
1889776,18897.76
1889884,18898.84
1889988,18899.88
1890088,18900.88
1890189,18901.89
1890297,18902.97
1890404,18904.04
1890510,18905.1
1890609,18906.09
1890714,18907.14
1890823,18908.23
1890936,18909.36
1891041,18910.41
1891141,18911.41
1891250,18912.5
1891362,18913.62
1891472,18914.72
1891574,18915.74
1891676,18916.76
1891780,18917.8
1891882,18918.82
1891982,18919.82
1892078,18920.78
1892179,18921.79
1892287,18922.87
1892399,18923.99
1892506,18925.06
1892606,18926.06
1892714,18927.14
1892825,18928.25
1892932,18929.32
1893029,18930.29
1893124,18931.24
1893224,18932.24
1893327,18933.27
1893432,18934.32
1893531,18935.31
1893628,18936.28
1893734,18937.34
1893844,18938.44
1893952,18939.52
1894051,18940.51
1894155,18941.55
1894263,18942.63
1894373,18943.73
1894478,18944.78
1894577,18945.77
1894679,18946.79
1894788,18947.88
1894900,18949.0
1895005,18950.05
1895106,18951.06
1895210,18952.1
1895317,18953.17
1895422,18954.22
1895520,18955.2
1895622,18956.22
1895732,18957.32
1895852,18958.52
1895965,18959.65
1896069,18960.69
1896189,18961.89
1896315,18963.15
1896438,18964.38
1896546,18965.46
1896655,18966.55
1896771,18967.71
1896883,18968.83
1896993,18969.93
1897094,18970.94
1897195,18971.95
1897310,18973.1
1897426,18974.26
1897535,18975.35
1897636,18976.36
1897739,18977.39
1897846,18978.46
1897954,18979.54
1898059,18980.59
1898159,18981.59
1898276,18982.76
1898399,18983.99
1898520,18985.2
1898633,18986.33
1898735,18987.35
1898829,18988.29
1898924,18989.24
1899022,18990.22
1899125,18991.25
1899233,18992.33
1899338,18993.38
1899468,18994.68
1899591,18995.91
1899725,18997.25
1899833,18998.33
1899934,18999.34
1900041,19000.41
1900157,19001.57
1900271,19002.71
1900373,19003.73
1900471,19004.71
1900574,19005.74
1900681,19006.81
1900796,19007.96
1900905,19009.05
1901007,19010.07
1901110,19011.1
1901218,19012.18
1901328,19013.28
1901432,19014.32
1901538,19015.38
1901658,19016.58
1901778,19017.78
1901894,19018.94
1901999,19019.99
1902101,19021.01
1902207,19022.07
1902312,19023.12
1902411,19024.11
1902511,19025.11
1902620,19026.2
1902731,19027.31
1902839,19028.39
1902940,19029.4
1903047,19030.47
1903156,19031.56
1903264,19032.64
1903369,19033.69
1903466,19034.66
1903565,19035.65
1903677,19036.77
1903793,19037.93
1903908,19039.08
1904014,19040.14
1904121,19041.21
1904238,19042.38
1904355,19043.55
1904448,19044.48
1904537,19045.37
1904628,19046.28
1904720,19047.2
1904809,19048.09
1904897,19048.97
1904987,19049.87
1905076,19050.76
1905165,19051.65
1905249,19052.49
1905334,19053.34
1905417,19054.17
1905500,19055.0
1905581,19055.81
1905662,19056.62
1905742,19057.42
1905823,19058.23
1905907,19059.07
1905993,19059.93
1906081,19060.81
1906173,19061.73
1906269,19062.69
1906369,19063.69
1906474,19064.74
1906582,19065.82
1906690,19066.9
1906800,19068.0
1906913,19069.13
1907024,19070.24
1907133,19071.33
1907237,19072.37
1907336,19073.36
1907433,19074.33
1907533,19075.33
1907639,19076.39
1907748,19077.48
1907854,19078.54
1907959,19079.59
1908059,19080.59
1908162,19081.62
1908264,19082.64
1908364,19083.64
1908466,19084.66
1908566,19085.66
1908667,19086.67
1908773,19087.73
1908880,19088.8
1908984,19089.84
1909083,19090.83
1909183,19091.83
1909285,19092.85
1909389,19093.89
1909491,19094.91
1909591,19095.91
1909693,19096.93
1909796,19097.96
1909896,19098.96
1909994,19099.94
1910091,19100.91
1910190,19101.9
1910292,19102.92
1910390,19103.9
1910482,19104.82
1910573,19105.73
1910664,19106.64
1910755,19107.55
1910843,19108.43
1910933,19109.33
1911024,19110.24
1911116,19111.16
1911203,19112.03
1911294,19112.94
1911387,19113.87
1911481,19114.81
1911574,19115.74
1911669,19116.69
1911767,19117.67
1911874,19118.74
1911984,19119.84
1912094,19120.94
1912202,19122.02
1912305,19123.05
1912414,19124.14
1912525,19125.25
1912632,19126.32
1912737,19127.37
1912842,19128.42
1912946,19129.46
1913047,19130.47
1913144,19131.44
1913242,19132.42
1913343,19133.43
1913444,19134.44
1913545,19135.45
1913649,19136.49
1913760,19137.6
1913873,19138.73
1913981,19139.81
1914086,19140.86
1914184,19141.84
1914282,19142.82
1914380,19143.8
1914480,19144.8
1914580,19145.8
1914688,19146.88
1914798,19147.98
1914905,19149.05
1915011,19150.11
1915115,19151.15
1915221,19152.21
1915329,19153.29
1915435,19154.35
1915537,19155.37
1915636,19156.36
1915737,19157.37
1915839,19158.39
1915943,19159.43
1916046,19160.46
1916146,19161.46
1916248,19162.48
1916357,19163.57
1916464,19164.64
1916571,19165.71
1916672,19166.72
1916774,19167.74
1916881,19168.81
1916984,19169.84
1917084,19170.84
1917184,19171.84
1917292,19172.92
1917407,19174.07
1917517,19175.17
1917622,19176.22
1917720,19177.2
1917820,19178.2
1917925,19179.25
1918028,19180.28
1918129,19181.29
1918225,19182.25
1918324,19183.24
1918428,19184.28
1918531,19185.31
1918636,19186.36
1918739,19187.39
1918847,19188.47
1918964,19189.64
1919077,19190.77
1919183,19191.83
1919284,19192.84
1919392,19193.92
1919504,19195.04
1919610,19196.1
1919710,19197.1
1919808,19198.08
1919911,19199.11
1920017,19200.17
1920122,19201.22
1920221,19202.21
1920316,19203.16
1920419,19204.19
1920528,19205.28
1920637,19206.37
1920739,19207.39
1920837,19208.37
1920935,19209.35
1921035,19210.35
1921135,19211.35
1921243,19212.43
1921375,19213.75
1921508,19215.08
1921628,19216.28
1921732,19217.32
1921838,19218.38
1921948,19219.48
1922059,19220.59
1922164,19221.64
1922263,19222.63
1922371,19223.71
1922487,19224.87
1922601,19226.01
1922710,19227.1
1922813,19228.13
1922924,19229.24
1923040,19230.4
1923153,19231.53
1923263,19232.63
1923367,19233.67
1923474,19234.74
1923583,19235.83
1923692,19236.92
1923795,19237.95
1923890,19238.9
1923985,19239.85
1924083,19240.83
1924192,19241.92
1924306,19243.06
1924413,19244.13
1924542,19245.42
1924685,19246.85
1924813,19248.13
1924924,19249.24
1925024,19250.24
1925121,19251.21
1925220,19252.2
1925324,19253.24
1925430,19254.3
1925536,19255.36
1925652,19256.52
1925772,19257.72
1925886,19258.86
1925989,19259.89
1926088,19260.88
1926189,19261.89
1926296,19262.96
1926407,19264.07
1926514,19265.14
1926621,19266.21
1926732,19267.32
1926850,19268.5
1926963,19269.63
1927062,19270.62
1927164,19271.64
1927274,19272.74
1927390,19273.9
1927500,19275.0
1927608,19276.08
1927731,19277.31
1927854,19278.54
1927967,19279.67
1928068,19280.68
1928172,19281.72
1928286,19282.86
1928400,19284.0
1928506,19285.06
1928610,19286.1
1928716,19287.16
1928824,19288.24
1928929,19289.29
1929029,19290.29
1929128,19291.28
1929228,19292.28
1929331,19293.31
1929436,19294.36
1929540,19295.4
1929640,19296.4
1929745,19297.45
1929853,19298.53
1929961,19299.61
1930067,19300.67
1930164,19301.64
1930261,19302.61
1930361,19303.61
1930463,19304.63
1930567,19305.67
1930667,19306.67
1930766,19307.66
1930870,19308.7
1930978,19309.78
1931082,19310.82
1931184,19311.84
1931295,19312.95
1931406,19314.06
1931512,19315.12
1931611,19316.11
1931720,19317.2
1931834,19318.34
1931948,19319.48
1932054,19320.54
1932154,19321.54
1932258,19322.58
1932366,19323.66
1932475,19324.75
1932581,19325.81
1932683,19326.83
1932793,19327.93
1932909,19329.09
1933023,19330.23
1933123,19331.23
1933220,19332.2
1933318,19333.18
1933419,19334.19
1933521,19335.21
1933620,19336.2
1933731,19337.31
1933849,19338.49
1933962,19339.62
1934068,19340.68
1934165,19341.65
1934265,19342.65
1934368,19343.68
1934471,19344.71
1934571,19345.71
1934671,19346.71
1934777,19347.77
1934889,19348.89
1934999,19349.99
1935102,19351.02
1935201,19352.01
1935302,19353.02
1935401,19354.01
1935497,19354.97
1935590,19355.9
1935683,19356.83
1935779,19357.79
1935876,19358.76
1935972,19359.72
1936066,19360.66
1936168,19361.68
1936288,19362.88
1936409,19364.09
1936515,19365.15
1936619,19366.19
1936723,19367.23
1936828,19368.28
1936931,19369.31
1937030,19370.3
1937131,19371.31
1937238,19372.38
1937351,19373.51
1937460,19374.6
1937563,19375.63
1937675,19376.75
1937796,19377.96
1937911,19379.11
1938016,19380.16
1938115,19381.15
1938218,19382.18
1938333,19383.33
1938447,19384.47
1938555,19385.55
1938651,19386.51
1938745,19387.45
1938839,19388.39
1938939,19389.39
1939042,19390.42
1939186,19391.86
1939328,19393.28
1939464,19394.64
1939598,19395.98
1939709,19397.09
1939828,19398.28
1939952,19399.52
1940073,19400.73
1940186,19401.86
1940291,19402.91
1940404,19404.04
1940521,19405.21
1940636,19406.36
1940743,19407.43
1940847,19408.47
1940954,19409.54
1941064,19410.64
1941175,19411.75
1941282,19412.82
1941383,19413.83
1941484,19414.84
1941588,19415.88
1941692,19416.92
1941793,19417.93
1941891,19418.91
1941989,19419.89
1942093,19420.93
1942198,19421.98
1942304,19423.04
1942403,19424.03
1942503,19425.03
1942606,19426.06
1942708,19427.08
1942810,19428.1
1942908,19429.08
1943002,19430.02
1943099,19430.99
1943202,19432.02
1943300,19433.0
1943401,19434.01
1943530,19435.3
1943659,19436.59
1943783,19437.83
1943890,19438.9
1944005,19440.05
1944126,19441.26
1944245,19442.45
1944357,19443.57
1944457,19444.57
1944560,19445.6
1944669,19446.69
1944782,19447.82
1944894,19448.94
1945002,19450.02
1945102,19451.02
1945211,19452.11
1945321,19453.21
1945432,19454.32
1945539,19455.39
1945637,19456.37
1945743,19457.43
1945855,19458.55
1945965,19459.65
1946071,19460.71
1946172,19461.72
1946267,19462.67
1946367,19463.67
1946472,19464.72
1946580,19465.8
1946681,19466.81
1946785,19467.85
1946904,19469.04
1947023,19470.23
1947135,19471.35
1947238,19472.38
1947346,19473.46
1947459,19474.59
1947570,19475.7
1947678,19476.78
1947782,19477.82
1947894,19478.94
1948013,19480.13
1948132,19481.32
1948240,19482.4
1948342,19483.42
1948449,19484.49
1948558,19485.58
1948667,19486.67
1948771,19487.71
1948873,19488.73
1948982,19489.82
1949099,19490.99
1949213,19492.13
1949320,19493.2
1949422,19494.22
1949528,19495.28
1949639,19496.39
1949751,19497.51
1949855,19498.55
1949952,19499.52
1950056,19500.56
1950165,19501.65
1950276,19502.76
1950383,19503.83
1950484,19504.84
1950590,19505.9
1950703,19507.03
1950812,19508.12
1950912,19509.12
1951016,19510.16
1951131,19511.31
1951245,19512.45
1951357,19513.57
1951457,19514.57
1951564,19515.64
1951675,19516.75
1951785,19517.85
1951890,19518.9
1951989,19519.89
1952093,19520.93
1952198,19521.98
1952303,19523.03
1952408,19524.08
1952507,19525.07
1952607,19526.07
1952716,19527.16
1952828,19528.28
1952939,19529.39
1953047,19530.47
1953150,19531.5
1953259,19532.59
1953364,19533.64
1953466,19534.66
1953568,19535.68
1953665,19536.65
1953766,19537.66
1953873,19538.73
1953986,19539.86
1954099,19540.99
1954207,19542.07
1954330,19543.3
1954452,19544.52
1954570,19545.7
1954675,19546.75
1954779,19547.79
1954888,19548.88
1955003,19550.03
1955113,19551.13
1955215,19552.15
1955324,19553.24
1955439,19554.39
1955555,19555.55
1955665,19556.65
1955766,19557.66
1955871,19558.71
1955980,19559.8
1956085,19560.85
1956184,19561.84
1956285,19562.85
1956392,19563.92
1956503,19565.03
1956609,19566.09
1956709,19567.09
1956812,19568.12
1956923,19569.23
1957035,19570.35
1957138,19571.38
1957236,19572.36
1957335,19573.35
1957436,19574.36
1957541,19575.41
1957645,19576.45
1957745,19577.45
1957848,19578.48
1957952,19579.52
1958056,19580.56
1958159,19581.59
1958259,19582.59
1958367,19583.67
1958482,19584.82
1958591,19585.91
1958692,19586.92
1958797,19587.97
1958912,19589.12
1959028,19590.28
1959136,19591.36
1959236,19592.36
1959339,19593.39
1959445,19594.45
1959552,19595.52
1959658,19596.58
1959757,19597.57
1959860,19598.6
1959968,19599.68
1960074,19600.74
1960176,19601.76
1960273,19602.73
1960371,19603.71
1960472,19604.72
1960575,19605.75
1960676,19606.76
1960776,19607.76
1960872,19608.72
1960973,19609.73
1961080,19610.8
1961194,19611.94
1961302,19613.02
1961402,19614.02
1961507,19615.07
1961617,19616.17
1961726,19617.26
1961829,19618.29
1961928,19619.28
1962033,19620.33
1962143,19621.43
1962249,19622.49
1962349,19623.49
1962453,19624.53
1962560,19625.6
1962668,19626.68
1962772,19627.72
1962871,19628.71
1962972,19629.72
1963072,19630.72
1963170,19631.7
1963267,19632.67
1963364,19633.64
1963465,19634.65
1963591,19635.91
1963717,19637.17
1963834,19638.34
1963937,19639.37
1964047,19640.47
1964160,19641.6
1964272,19642.72
1964378,19643.78
1964476,19644.76
1964579,19645.79
1964688,19646.88
1964799,19647.99
1964904,19649.04
1965005,19650.05
1965114,19651.14
1965229,19652.29
1965343,19653.43
1965456,19654.56
1965557,19655.57
1965659,19656.59
1965766,19657.66
1965874,19658.74
1965982,19659.82
1966085,19660.85
1966184,19661.84
1966288,19662.88
1966397,19663.97
1966505,19665.05
1966607,19666.07
1966713,19667.13
1966825,19668.25
1966939,19669.39
1967048,19670.48
1967150,19671.5
1967257,19672.57
1967368,19673.68
1967481,19674.81
1967591,19675.91
1967694,19676.94
1967801,19678.01
1967909,19679.09
1968016,19680.16
1968121,19681.21
1968221,19682.21
1968321,19683.21
1968423,19684.23
1968525,19685.25
1968623,19686.23
1968718,19687.18
1968815,19688.15
1968915,19689.15
1969019,19690.19
1969123,19691.23
1969224,19692.24
1969331,19693.31
1969438,19694.38
1969545,19695.45
1969647,19696.47
1969749,19697.49
1969857,19698.57
1969965,19699.65
1970071,19700.71
1970169,19701.69
1970267,19702.67
1970378,19703.78
1970494,19704.94
1970606,19706.06
1970710,19707.1
1970818,19708.18
1970931,19709.31
1971039,19710.39
1971139,19711.39
1971241,19712.41
1971347,19713.47
1971453,19714.53
1971557,19715.57
1971658,19716.58
1971764,19717.64
1971871,19718.71
1971975,19719.75
1972073,19720.73
1972166,19721.66
1972257,19722.57
1972350,19723.5
1972451,19724.51
1972562,19725.62
1972679,19726.79
1972788,19727.88
1972903,19729.03
1973044,19730.44
1973185,19731.85
1973289,19732.89
1973388,19733.88
1973487,19734.87
1973591,19735.91
1973697,19736.97
1973804,19738.04
1973906,19739.06
1974010,19740.1
1974117,19741.17
1974223,19742.23
1974327,19743.27
1974430,19744.3
1974530,19745.3
1974635,19746.35
1974742,19747.42
1974848,19748.48
1974953,19749.53
1975049,19750.49
1975144,19751.44
1975244,19752.44
1975348,19753.48
1975456,19754.56
1975565,19755.65
1975675,19756.75
1975805,19758.05
1975935,19759.35
1976053,19760.53
1976157,19761.57
1976263,19762.63
1976370,19763.7
1976475,19764.75
1976577,19765.77
1976675,19766.75
1976780,19767.8
1976893,19768.93
1977007,19770.07
1977114,19771.14
1977216,19772.16
1977320,19773.2
1977429,19774.29
1977538,19775.38
1977641,19776.41
1977739,19777.39
1977841,19778.41
1977945,19779.45
1978046,19780.46
1978146,19781.46
1978243,19782.43
1978348,19783.48
1978456,19784.56
1978561,19785.61
1978663,19786.63
1978762,19787.62
1978864,19788.64
1978970,19789.7
1979076,19790.76
1979178,19791.78
1979275,19792.75
1979378,19793.78
1979483,19794.83
1979589,19795.89
1979690,19796.9
1979794,19797.94
1979903,19799.03
1980013,19800.13
1980116,19801.16
1980214,19802.14
1980313,19803.13
1980413,19804.13
1980510,19805.1
1980606,19806.06
1980699,19806.99
1980796,19807.96
1980896,19808.96
1981004,19810.04
1981108,19811.08
1981209,19812.09
1981312,19813.12
1981423,19814.23
1981535,19815.35
1981645,19816.45
1981745,19817.45
1981846,19818.46
1981953,19819.53
1982069,19820.69
1982179,19821.79
1982282,19822.82
1982393,19823.93
1982515,19825.15
1982638,19826.38
1982740,19827.4
1982842,19828.42
1982953,19829.53
1983067,19830.67
1983177,19831.77
1983282,19832.82
1983390,19833.9
1983501,19835.01
1983610,19836.1
1983713,19837.13
1983815,19838.15
1983925,19839.25
1984035,19840.35
1984143,19841.43
1984244,19842.44
1984348,19843.48
1984458,19844.58
1984573,19845.73
1984684,19846.84
1984789,19847.89
1984898,19848.98
1985002,19850.02
1985104,19851.04
1985207,19852.07
1985309,19853.09
1985420,19854.2
1985538,19855.38
1985654,19856.54
1985760,19857.6
1985865,19858.65
1985979,19859.79
1986091,19860.91
1986200,19862.0
1986303,19863.03
1986407,19864.07
1986513,19865.13
1986622,19866.22
1986727,19867.27
1986826,19868.26
1986928,19869.28
1987034,19870.34
1987141,19871.41
1987244,19872.44
1987340,19873.4
1987440,19874.4
1987545,19875.45
1987654,19876.54
1987761,19877.61
1987875,19878.75
1987997,19879.97
1988119,19881.19
1988229,19882.29
1988330,19883.3
1988437,19884.37
1988549,19885.49
1988657,19886.57
1988754,19887.54
1988855,19888.55
1988965,19889.65
1989081,19890.81
1989199,19891.99
1989314,19893.14
1989420,19894.2
1989542,19895.42
1989671,19896.71
1989791,19897.91
1989900,19899.0
1990003,19900.03
1990106,19901.06
1990211,19902.11
1990314,19903.14
1990415,19904.15
1990513,19905.13
1990620,19906.2
1990734,19907.34
1990844,19908.44
1990950,19909.5
1991050,19910.5
1991155,19911.55
1991263,19912.63
1991373,19913.73
1991479,19914.79
1991581,19915.81
1991687,19916.87
1991794,19917.94
1991899,19918.99
1992002,19920.02
1992099,19920.99
1992199,19921.99
1992302,19923.02
1992402,19924.02
1992503,19925.03
1992603,19926.03
1992700,19927.0
1992801,19928.01
1992907,19929.07
1993015,19930.15
1993118,19931.18
1993217,19932.17
1993321,19933.21
1993430,19934.3
1993541,19935.41
1993647,19936.47
1993748,19937.48
1993849,19938.49
1993968,19939.68
1994087,19940.87
1994194,19941.94
1994296,19942.96
1994402,19944.02
1994515,19945.15
1994626,19946.26
1994729,19947.29
1994828,19948.28
1994935,19949.35
1995046,19950.46
1995156,19951.56
1995261,19952.61
1995360,19953.6
1995462,19954.62
1995569,19955.69
1995672,19956.72
1995775,19957.75
1995873,19958.73
1995976,19959.76
1996087,19960.87
1996201,19962.01
1996309,19963.09
1996409,19964.09
1996512,19965.12
1996619,19966.19
1996726,19967.26
1996829,19968.29
1996926,19969.26
1997029,19970.29
1997131,19971.31
1997231,19972.31
1997328,19973.28
1997423,19974.23
1997528,19975.28
1997639,19976.39
1997746,19977.46
1997847,19978.47
1997944,19979.44
1998047,19980.47
1998155,19981.55
1998262,19982.62
1998365,19983.65
1998467,19984.67
1998580,19985.8
1998697,19986.97
1998805,19988.05
1998904,19989.04
1999009,19990.09
1999116,19991.16
1999222,19992.22
1999324,19993.24
1999425,19994.25
1999534,19995.34
1999648,19996.48
1999760,19997.6
1999863,19998.63
1999968,19999.68
2000076,20000.76
2000185,20001.85
2000291,20002.91
2000391,20003.91
2000496,20004.96
2000609,20006.09
2000720,20007.2
2000829,20008.29
2000929,20009.29
2001028,20010.28
2001132,20011.32
2001238,20012.38
2001341,20013.41
2001439,20014.39
2001537,20015.37
2001639,20016.39
2001748,20017.48
2001855,20018.55
2001954,20019.54
2002054,20020.54
2002160,20021.6
2002266,20022.66
2002377,20023.77
2002483,20024.83
2002586,20025.86
2002699,20026.99
2002811,20028.11
2002912,20029.12
2003009,20030.09
2003108,20031.08
2003206,20032.06
2003307,20033.07
2003409,20034.09
2003516,20035.16
2003623,20036.23
2003745,20037.45
2003868,20038.68
2003982,20039.82
2004084,20040.84
2004191,20041.91
2004299,20042.99
2004405,20044.05
2004508,20045.08
2004605,20046.05
2004704,20047.04
2004806,20048.06
2004914,20049.14
2005022,20050.22
2005128,20051.28
2005231,20052.31
2005338,20053.38
2005451,20054.51
2005560,20055.6
2005664,20056.64
2005762,20057.62
2005863,20058.63
2005965,20059.65
2006068,20060.68
2006168,20061.68
2006267,20062.67
2006369,20063.69
2006479,20064.79
2006587,20065.87
2006691,20066.91
2006792,20067.92
2006899,20068.99
2007004,20070.04
2007105,20071.05
2007205,20072.05
2007304,20073.04
2007412,20074.12
2007524,20075.24
2007635,20076.35
2007738,20077.38
2007843,20078.43
2007950,20079.5
2008060,20080.6
2008167,20081.67
2008267,20082.67
2008370,20083.7
2008478,20084.78
2008585,20085.85
2008691,20086.91
2008791,20087.91
2008893,20088.93
2009000,20090.0
2009111,20091.11
2009221,20092.21
2009326,20093.26
2009439,20094.39
2009552,20095.52
2009660,20096.6
2009764,20097.64
2009869,20098.69
2009984,20099.84
2010096,20100.96
2010203,20102.03
2010302,20103.02
2010405,20104.05
2010507,20105.07
2010608,20106.08
2010709,20107.09
2010808,20108.08
2010912,20109.12
2011024,20110.24
2011133,20111.33
2011234,20112.34
2011337,20113.37
2011447,20114.47
2011562,20115.62
2011667,20116.67
2011765,20117.65
2011863,20118.63
2011967,20119.67
2012076,20120.76
2012183,20121.83
2012286,20122.86
2012402,20124.02
2012519,20125.19
2012630,20126.3
2012733,20127.33
2012831,20128.31
2012931,20129.31
2013033,20130.33
2013133,20131.33
2013234,20132.34
2013341,20133.41
2013460,20134.6
2013580,20135.8
2013689,20136.89
2013789,20137.89
2013895,20138.95
2014004,20140.04
2014116,20141.16
2014226,20142.26
2014329,20143.29
2014439,20144.39
2014549,20145.49
2014655,20146.55
2014754,20147.54
2014851,20148.51
2014957,20149.57
2015065,20150.65
2015173,20151.73
2015273,20152.73
2015371,20153.71
2015472,20154.72
2015579,20155.79
2015685,20156.85
2015786,20157.86
2015889,20158.89
2015993,20159.93
2016091,20160.91
2016191,20161.91
2016292,20162.92
2016396,20163.96
2016499,20164.99
2016596,20165.96
2016702,20167.02
2016819,20168.19
2016943,20169.43
2017054,20170.54
2017157,20171.57
2017262,20172.62
2017370,20173.7
2017476,20174.76
2017577,20175.77
2017671,20176.71
2017770,20177.7
2017873,20178.73
2017981,20179.81
2018093,20180.93
2018198,20181.98
2018316,20183.16
2018434,20184.34
2018547,20185.47
2018651,20186.51
2018767,20187.67
2018883,20188.83
2018996,20189.96
2019099,20190.99
2019195,20191.95
2019294,20192.94
2019396,20193.96
2019499,20194.99
2019597,20195.97
2019692,20196.92
2019793,20197.93
2019899,20198.99
2020008,20200.08
2020110,20201.1
2020208,20202.08
2020315,20203.15
2020430,20204.3
2020542,20205.42
2020646,20206.46
2020747,20207.47
2020854,20208.54
2020965,20209.65
2021079,20210.79
2021190,20211.9
2021290,20212.9
2021399,20213.99
2021514,20215.14
2021629,20216.29
2021736,20217.36
2021835,20218.35
2021941,20219.41
2022058,20220.58
2022177,20221.77
2022290,20222.9
2022392,20223.92
2022496,20224.96
2022602,20226.02
2022710,20227.1
2022817,20228.17
2022915,20229.15
2023015,20230.15
2023120,20231.2
2023225,20232.25
2023327,20233.27
2023436,20234.36
2023547,20235.47
2023658,20236.58
2023761,20237.61
2023862,20238.62
2023962,20239.62
2024063,20240.63
2024163,20241.63
2024260,20242.6
2024357,20243.57
2024460,20244.6
2024570,20245.7
2024679,20246.79
2024779,20247.79
2024878,20248.78
2024978,20249.78
2025079,20250.79
2025178,20251.78
2025275,20252.75
2025377,20253.77
2025486,20254.86
2025597,20255.97
2025702,20257.02
2025805,20258.05
2025911,20259.11
2026022,20260.22
2026133,20261.33
2026235,20262.35
2026338,20263.38
2026444,20264.44
2026551,20265.51
2026657,20266.57
2026759,20267.59
2026860,20268.6
2026972,20269.72
2027083,20270.83
2027193,20271.93
2027294,20272.94
2027392,20273.92
2027496,20274.96
2027604,20276.04
2027714,20277.14
2027817,20278.17
2027920,20279.2
2028030,20280.3
2028142,20281.42
2028247,20282.47
2028345,20283.45
2028444,20284.44
2028553,20285.53
2028665,20286.65
2028775,20287.75
2028879,20288.79
2028993,20289.93
2029119,20291.19
2029244,20292.44
2029357,20293.57
2029468,20294.68
2029590,20295.9
2029715,20297.15
2029829,20298.29
2029934,20299.34
2030034,20300.34
2030143,20301.43
2030253,20302.53
2030361,20303.61
2030465,20304.65
2030566,20305.66
2030674,20306.74
2030788,20307.88
2030898,20308.98
2031003,20310.03
2031106,20311.06
2031216,20312.16
2031329,20313.29
2031439,20314.39
2031544,20315.44
2031645,20316.45
2031751,20317.51
2031859,20318.59
2031964,20319.64
2032068,20320.68
2032168,20321.68
2032274,20322.74
2032385,20323.85
2032497,20324.97
2032609,20326.09
2032710,20327.1
2032818,20328.18
2032934,20329.34
2033054,20330.54
2033162,20331.62
2033257,20332.57
2033351,20333.51
2033447,20334.47
2033559,20335.59
2033676,20336.76
2033782,20337.82
2033893,20338.93
2034014,20340.14
2034128,20341.28
2034232,20342.32
2034332,20343.32
2034438,20344.38
2034545,20345.45
2034650,20346.5
2034750,20347.5
2034853,20348.53
2034964,20349.64
2035077,20350.77
2035186,20351.86
2035288,20352.88
2035390,20353.9
2035493,20354.93
2035595,20355.95
2035695,20356.95
2035795,20357.95
2035899,20358.99
2036007,20360.07
2036115,20361.15
2036219,20362.19
2036321,20363.21
2036427,20364.27
2036535,20365.35
2036640,20366.4
2036741,20367.41
2036837,20368.37
2036938,20369.38
2037047,20370.47
2037157,20371.57
2037259,20372.59
2037360,20373.6
2037463,20374.63
2037575,20375.75
2037690,20376.9
2037802,20378.02
2037906,20379.06
2038014,20380.14
2038128,20381.28
2038241,20382.41
2038353,20383.53
2038454,20384.54
2038562,20385.62
2038671,20386.71
2038777,20387.77
2038881,20388.81
2038981,20389.81
2039081,20390.81
2039183,20391.83
2039287,20392.87
2039393,20393.93
2039496,20394.96
2039595,20395.95
2039696,20396.96
2039799,20397.99
2039906,20399.06
2040011,20400.11
2040111,20401.11
2040212,20402.12
2040315,20403.15
2040418,20404.18
2040520,20405.2
2040618,20406.18
2040723,20407.23
2040837,20408.37
2040950,20409.5
2041057,20410.57
2041160,20411.6
2041267,20412.67
2041377,20413.77
2041483,20414.83
2041584,20415.84
2041688,20416.88
2041799,20417.99
2041911,20419.11
2042016,20420.16
2042119,20421.19
2042233,20422.33
2042353,20423.53
2042468,20424.68
2042576,20425.76
2042678,20426.78
2042785,20427.85
2042892,20428.92
2043000,20430.0
2043106,20431.06
2043210,20432.1
2043321,20433.21
2043433,20434.33
2043541,20435.41
2043648,20436.48
2043747,20437.47
2043848,20438.48
2043967,20439.67
2044087,20440.87
2044197,20441.97
2044297,20442.97
2044399,20443.99
2044510,20445.1
2044628,20446.28
2044741,20447.41
2044844,20448.44
2044952,20449.52
2045071,20450.71
2045186,20451.86
2045296,20452.96
2045398,20453.98
2045497,20454.97
2045601,20456.01
2045711,20457.11
2045818,20458.18
2045922,20459.22
2046033,20460.33
2046148,20461.48
2046264,20462.64
2046371,20463.71
2046475,20464.75
2046582,20465.82
2046692,20466.92
2046798,20467.98
2046901,20469.01
2047001,20470.01
2047105,20471.05
2047218,20472.18
2047333,20473.33
2047439,20474.39
2047535,20475.35
2047629,20476.29
2047730,20477.3
2047863,20478.63
2047996,20479.96
2048111,20481.11
2048220,20482.2
2048339,20483.39
2048445,20484.45
2048547,20485.47
2048652,20486.52
2048760,20487.6
2048872,20488.72
2048978,20489.78
2049077,20490.77
2049178,20491.78
2049282,20492.82
2049388,20493.88
2049491,20494.91
2049595,20495.95
2049709,20497.09
2049827,20498.27
2049941,20499.41
2050047,20500.47
2050148,20501.48
2050255,20502.55
2050364,20503.64
2050473,20504.73
2050578,20505.78
2050676,20506.76
2050775,20507.75
2050874,20508.74
2050976,20509.76
2051077,20510.77
2051171,20511.71
2051269,20512.69
2051368,20513.68
2051468,20514.68
2051565,20515.65
2051659,20516.59
2051756,20517.56
2051856,20518.56
2051956,20519.56
2052058,20520.58
2052157,20521.57
2052257,20522.57
2052360,20523.6
2052464,20524.64
2052564,20525.64
2052661,20526.61
2052761,20527.61
2052866,20528.66
2052970,20529.7
2053070,20530.7
2053173,20531.73
2053284,20532.84
2053392,20533.92
2053499,20534.99
2053596,20535.96
2053696,20536.96
2053808,20538.08
2053923,20539.23
2054039,20540.39
2054150,20541.5
2054280,20542.8
2054411,20544.11
2054528,20545.28
2054630,20546.3
2054736,20547.36
2054851,20548.51
2054965,20549.65
2055076,20550.76
2055178,20551.78
2055283,20552.83
2055398,20553.98
2055514,20555.14
2055624,20556.24
2055728,20557.28
2055832,20558.32
2055947,20559.47
2056061,20560.61
2056170,20561.7
2056275,20562.75
2056385,20563.85
2056496,20564.96
2056601,20566.01
2056700,20567.0
2056798,20567.98
2056906,20569.06
2057018,20570.18
2057123,20571.23
2057221,20572.21
2057327,20573.27
2057439,20574.39
2057555,20575.55
2057664,20576.64
2057767,20577.67
2057877,20578.77
2057991,20579.91
2058100,20581.0
2058204,20582.04
2058314,20583.14
2058423,20584.23
2058532,20585.32
2058634,20586.34
2058734,20587.34
2058838,20588.38
2058946,20589.46
2059057,20590.57
2059161,20591.61
2059259,20592.59
2059360,20593.6
2059467,20594.67
2059577,20595.77
2059687,20596.87
2059793,20597.93
2059903,20599.03
2060012,20600.12
2060116,20601.16
2060214,20602.14
2060316,20603.16
2060423,20604.23
2060534,20605.34
2060629,20606.29
2060722,20607.22
2060824,20608.24
2060944,20609.44
2061068,20610.68
2061186,20611.86
2061300,20613.0
2061429,20614.29
2061558,20615.58
2061673,20616.73
2061776,20617.76
2061883,20618.83
2061993,20619.93
2062101,20621.01
2062205,20622.05
2062304,20623.04
2062406,20624.06
2062515,20625.15
2062626,20626.26
2062735,20627.35
2062835,20628.35
2062937,20629.37
2063041,20630.41
2063150,20631.5
2063257,20632.57
2063360,20633.6
2063465,20634.65
2063573,20635.73
2063683,20636.83
2063791,20637.91
2063897,20638.97
2064001,20640.01
2064118,20641.18
2064238,20642.38
2064349,20643.49
2064450,20644.5
2064548,20645.48
2064648,20646.48
2064750,20647.5
2064855,20648.55
2064955,20649.55
2065053,20650.53
2065157,20651.57
2065265,20652.65
2065373,20653.73
2065477,20654.77
2065594,20655.94
2065715,20657.15
2065831,20658.31
2065936,20659.36
2066036,20660.36
2066145,20661.45
2066257,20662.57
2066365,20663.65
2066468,20664.68
2066572,20665.72
2066682,20666.82
2066790,20667.9
2066892,20668.92
2066995,20669.95
2067101,20671.01
2067216,20672.16
2067331,20673.31
2067437,20674.37
2067538,20675.38
2067649,20676.49
2067765,20677.65
2067873,20678.73
2067975,20679.75
2068078,20680.78
2068184,20681.84
2068284,20682.84
2068381,20683.81
2068476,20684.76
2068578,20685.78
2068685,20686.85
2068788,20687.88
2068887,20688.87
2068982,20689.82
2069082,20690.82
2069188,20691.88
2069294,20692.94
2069393,20693.93
2069490,20694.9
2069592,20695.92
2069694,20696.94
2069790,20697.9
2069888,20698.88
2069989,20699.89
2070097,20700.97
2070207,20702.07
2070312,20703.12
2070433,20704.33
2070555,20705.55
2070674,20706.74
2070783,20707.83
2070883,20708.83
2070987,20709.87
2071095,20710.95
2071206,20712.06
2071317,20713.17
2071420,20714.2
2071527,20715.27
2071636,20716.36
2071741,20717.41
2071847,20718.47
2071946,20719.46
2072044,20720.44
2072146,20721.46
2072250,20722.5
2072357,20723.57
2072463,20724.63
2072564,20725.64
2072670,20726.7
2072781,20727.81
2072887,20728.87
2072989,20729.89
2073089,20730.89
2073200,20732.0
2073311,20733.11
2073414,20734.14
2073509,20735.09
2073608,20736.08
2073708,20737.08
2073810,20738.1
2073908,20739.08
2074010,20740.1
2074124,20741.24
2074233,20742.33
2074335,20743.35
2074432,20744.32
2074532,20745.32
2074640,20746.4
2074747,20747.47
2074848,20748.48
2074945,20749.45
2075044,20750.44
2075146,20751.46
2075249,20752.49
2075353,20753.53
2075454,20754.54
2075551,20755.51
2075656,20756.56
2075762,20757.62
2075865,20758.65
2075967,20759.67
2076065,20760.65
2076167,20761.67
2076278,20762.78
2076394,20763.94
2076506,20765.06
2076613,20766.13
2076727,20767.27
2076844,20768.44
2076960,20769.6
2077071,20770.71
2077178,20771.78
2077285,20772.85
2077399,20773.99
2077516,20775.16
2077627,20776.27
2077734,20777.34
2077836,20778.36
2077931,20779.31
2078028,20780.28
2078128,20781.28
2078230,20782.3
2078333,20783.33
2078431,20784.31
2078543,20785.43
2078660,20786.6
2078772,20787.72
2078876,20788.76
2078975,20789.75
2079079,20790.79
2079187,20791.87
2079293,20792.93
2079393,20793.93
2079488,20794.88
2079591,20795.91
2079696,20796.96
2079797,20797.97
2079897,20798.97
2079999,20799.99
2080102,20801.02
2080205,20802.05
2080303,20803.03
2080402,20804.02
2080505,20805.05
2080615,20806.15
2080720,20807.2
2080819,20808.19
2080922,20809.22
2081029,20810.29
2081131,20811.31
2081228,20812.28
2081331,20813.31
2081441,20814.41
2081551,20815.51
2081657,20816.57
2081758,20817.58
2081865,20818.65
2081976,20819.76
2082084,20820.84
2082185,20821.85
2082281,20822.81
2082380,20823.8
2082477,20824.77
2082574,20825.74
2082668,20826.68
2082765,20827.65
2082871,20828.71
2082979,20829.79
2083089,20830.89
2083195,20831.95
2083297,20832.97
2083403,20834.03
2083506,20835.06
2083609,20836.09
2083704,20837.04
2083800,20838.0
2083905,20839.05
2084015,20840.15
2084129,20841.29
2084238,20842.38
2084346,20843.46
2084456,20844.56
2084565,20845.65
2084669,20846.69
2084772,20847.72
2084885,20848.85
2085004,20850.04
2085121,20851.21
2085229,20852.29
2085336,20853.36
2085447,20854.47
2085555,20855.55
2085647,20856.47
2085733,20857.33
2085819,20858.19
2085906,20859.06
2085996,20859.96
2086085,20860.85
2086171,20861.71
2086254,20862.54
2086344,20863.44
2086430,20864.3
2086512,20865.12
2086593,20865.93
2086673,20866.73
2086752,20867.52
2086830,20868.3
2086907,20869.07
2086982,20869.82
2087056,20870.56
2087129,20871.29
2087201,20872.01
2087271,20872.71
2087340,20873.4
2087408,20874.08
2087475,20874.75
2087541,20875.41
2087606,20876.06
2087670,20876.7
2087734,20877.34
2087797,20877.97
2087860,20878.6
2087922,20879.22
2087985,20879.85
2088047,20880.47
2088110,20881.1
2088174,20881.74
2088240,20882.4
2088308,20883.08
2088378,20883.78
2088451,20884.51
2088528,20885.28
2088610,20886.1
2088695,20886.95
2088782,20887.82
2088872,20888.72
2088962,20889.62
2089046,20890.46
2089130,20891.3
2089215,20892.15
2089299,20892.99
2089381,20893.81
2089463,20894.63
2089544,20895.44
2089624,20896.24
2089705,20897.05
2089789,20897.89
2089880,20898.8
2089972,20899.72
2090064,20900.64
2090163,20901.63
2090268,20902.68
2090375,20903.75
2090481,20904.81
2090587,20905.87
2090690,20906.9
2090783,20907.83
2090875,20908.75
2090967,20909.67
2091065,20910.65
2091172,20911.72
2091283,20912.83
2091427,20914.27
2091571,20915.71
2091688,20916.88
2091793,20917.93
2091900,20919.0
2092005,20920.05
2092110,20921.1
2092215,20922.15
2092316,20923.16
2092428,20924.28
2092542,20925.42
2092655,20926.55
2092761,20927.61
2092861,20928.61
2092966,20929.66
2093073,20930.73
2093182,20931.82
2093288,20932.88
2093391,20933.91
2093491,20934.91
2093600,20936.0
2093715,20937.15
2093831,20938.31
2093947,20939.47
2094059,20940.59
2094174,20941.74
2094286,20942.86
2094396,20943.96
2094505,20945.05
2094610,20946.1
2094720,20947.2
2094833,20948.33
2094945,20949.45
2095055,20950.55
2095157,20951.57
2095268,20952.68
2095380,20953.8
2095491,20954.91
2095600,20956.0
2095707,20957.07
2095811,20958.11
2095909,20959.09
2096001,20960.01
2096098,20960.98
2096214,20962.14
2096329,20963.29
2096438,20964.38
2096570,20965.7
2096703,20967.03
2096819,20968.19
2096922,20969.22
2097026,20970.26
2097131,20971.31
2097234,20972.34
2097336,20973.36
2097434,20974.34
2097537,20975.37
2097647,20976.47
2097759,20977.59
2097870,20978.7
2097976,20979.76
2098088,20980.88
2098201,20982.01
2098313,20983.13
2098423,20984.23
2098527,20985.27
2098631,20986.31
2098747,20987.47
2098864,20988.64
2098980,20989.8
2099087,20990.87
2099198,20991.98
2099313,20993.13
2099425,20994.25
2099533,20995.33
2099636,20996.36
2099744,20997.44
2099854,20998.54
2099962,20999.62
2100063,21000.63
2100161,21001.61
2100263,21002.63
2100365,21003.65
2100467,21004.67
2100565,21005.65
2100665,21006.65
2100767,21007.67
2100869,21008.69
2100964,21009.64
2101061,21010.61
2101160,21011.6
2101263,21012.63
2101366,21013.66
2101464,21014.64
2101567,21015.67
2101675,21016.75
2101784,21017.84
2101885,21018.85
2101984,21019.84
2102090,21020.9
2102195,21021.95
2102299,21022.99
2102400,21024.0
2102502,21025.02
2102612,21026.12
2102721,21027.21
2102830,21028.3
2102932,21029.32
2103042,21030.42
2103151,21031.51
2103258,21032.58
2103360,21033.6
2103457,21034.57
2103558,21035.58
2103661,21036.61
2103765,21037.65
2103867,21038.67
2103965,21039.65
2104063,21040.63
2104167,21041.67
2104270,21042.7
2104373,21043.73
2104473,21044.73
2104579,21045.79
2104688,21046.88
2104789,21047.89
2104886,21048.86
2104984,21049.84
2105086,21050.86
2105195,21051.95
2105305,21053.05
2105411,21054.11
2105524,21055.24
2105637,21056.37
2105744,21057.44
2105844,21058.44
2105943,21059.43
2106044,21060.44
2106148,21061.48
2106251,21062.51
2106348,21063.48
2106446,21064.46
2106543,21065.43
2106646,21066.46
2106748,21067.48
2106857,21068.57
2107000,21070.0
2107128,21071.28
2107256,21072.56
2107357,21073.57
2107463,21074.63
2107571,21075.71
2107679,21076.79
2107782,21077.82
2107893,21078.93
2108005,21080.05
2108116,21081.16
2108223,21082.23
2108327,21083.27
2108436,21084.36
2108546,21085.46
2108652,21086.52
2108756,21087.56
2108857,21088.57
2108961,21089.61
2109067,21090.67
2109173,21091.73
2109275,21092.75
2109377,21093.77
2109482,21094.82
2109590,21095.9
2109698,21096.98
2109802,21098.02
2109913,21099.13
2110027,21100.27
2110137,21101.37
2110240,21102.4
2110344,21103.44
2110450,21104.5
2110555,21105.55
2110654,21106.54
2110751,21107.51
2110846,21108.46
2110943,21109.43
2111045,21110.45
2111146,21111.46
2111243,21112.43
2111348,21113.48
2111458,21114.58
2111570,21115.7
2111678,21116.78
2111782,21117.82
2111894,21118.94
2112006,21120.06
2112112,21121.12
2112210,21122.1
2112309,21123.09
2112402,21124.02
2112492,21124.92
2112581,21125.81
2112674,21126.74
2112786,21127.86
2112899,21128.99
2112999,21129.99
2113108,21131.08
2113209,21132.09
2113300,21133.0
2113390,21133.9
2113480,21134.8
2113579,21135.79
2113683,21136.83
2113782,21137.82
2113891,21138.91
2114001,21140.01
2114111,21141.11
2114220,21142.2
2114328,21143.28
2114429,21144.29
2114531,21145.31
2114633,21146.33
2114735,21147.35
2114837,21148.37
2114939,21149.39
2115037,21150.37
2115137,21151.37
2115240,21152.4
2115343,21153.43
2115443,21154.43
2115542,21155.42
2115640,21156.4
2115741,21157.41
2115844,21158.44
2115944,21159.44
2116043,21160.43
2116138,21161.38
2116236,21162.36
2116339,21163.39
2116442,21164.42
2116540,21165.4
2116638,21166.38
2116742,21167.42
2116849,21168.49
2116952,21169.52
2117053,21170.53
2117158,21171.58
2117267,21172.67
2117366,21173.66
2117461,21174.61
2117554,21175.54
2117660,21176.6
2117741,21177.41
2117823,21178.23
2117943,21179.43
2118064,21180.64
2118162,21181.62
2118257,21182.57
2118354,21183.54
2118449,21184.49
2118538,21185.38
2118626,21186.26
2118720,21187.2
2118822,21188.22
2118923,21189.23
2119053,21190.53
2119174,21191.74
2119292,21192.92
2119409,21194.09
2119521,21195.21
2119626,21196.26
2119734,21197.34
2119844,21198.44
2119958,21199.58
2120073,21200.73
2120184,21201.84
2120295,21202.95
2120408,21204.08
2120514,21205.14
2120610,21206.1
2120705,21207.05
2120809,21208.09
2120914,21209.14
2121016,21210.16
2121119,21211.19
2121241,21212.41
2121344,21213.44
2121453,21214.53
2121563,21215.63
2121673,21216.73
2121781,21217.81
2121886,21218.86
2121990,21219.9
2122103,21221.03
2122217,21222.17
2122331,21223.31
2122439,21224.39
2122541,21225.41
2122641,21226.41
2122740,21227.4
2122837,21228.37
2122935,21229.35
2123070,21230.7
2123204,21232.04
2123330,21233.3
2123444,21234.44
2123566,21235.66
2123690,21236.9
2123808,21238.08
2123915,21239.15
2124026,21240.26
2124140,21241.4
2124255,21242.55
2124360,21243.6
2124464,21244.64
2124565,21245.65
2124665,21246.65
2124757,21247.57
2124849,21248.49
2124946,21249.46
2125043,21250.43
2125134,21251.34
2125222,21252.22
2125318,21253.18
2125426,21254.26
2125521,21255.21
2125608,21256.08
2125696,21256.96
2125783,21257.83
2125869,21258.69
2125954,21259.54
2126038,21260.38
2126121,21261.21
2126204,21262.04
2126288,21262.88
2126369,21263.69
2126449,21264.49
2126528,21265.28
2126605,21266.05
2126683,21266.83
2126758,21267.58
2126832,21268.32
2126904,21269.04
2126975,21269.75
2127047,21270.47
2127117,21271.17
2127187,21271.87
2127258,21272.58
2127328,21273.28
2127399,21273.99
2127475,21274.75
2127555,21275.55
2127640,21276.4
2127733,21277.33
2127836,21278.36
2127947,21279.47
2128049,21280.49
2128141,21281.41
2128238,21282.38
2128343,21283.43
2128454,21284.54
2128572,21285.72
2128685,21286.85
2128793,21287.93
2128897,21288.97
2128997,21289.97
2129107,21291.07
2129230,21292.3
2129347,21293.47
2129457,21294.57
2129559,21295.59
2129659,21296.59
2129763,21297.63
2129878,21298.78
2129990,21299.9
2130094,21300.94
2130190,21301.9
2130294,21302.94
2130400,21304.0
2130503,21305.03
2130602,21306.02
2130697,21306.97
2130798,21307.98
2130913,21309.13
2131029,21310.29
2131136,21311.36
2131244,21312.44
2131356,21313.56
2131465,21314.65
2131568,21315.68
2131668,21316.68
2131783,21317.83
2131905,21319.05
2132018,21320.18
2132124,21321.24
2132221,21322.21
2132322,21323.22
2132426,21324.26
2132531,21325.31
2132632,21326.32
2132727,21327.27
2132824,21328.24
2132928,21329.28
2133042,21330.42
2133159,21331.59
2133269,21332.69
2133388,21333.88
2133513,21335.13
2133631,21336.31
2133732,21337.32
2133831,21338.31
2133943,21339.43
2134061,21340.61
2134187,21341.87
2134305,21343.05
2134429,21344.29
2134549,21345.49
2134665,21346.65
2134771,21347.71
2134881,21348.81
2134994,21349.94
2135109,21351.09
2135217,21352.17
2135317,21353.17
2135422,21354.22
2135536,21355.36
2135649,21356.49
2135755,21357.55
2135851,21358.51
2135952,21359.52
2136059,21360.59
2136171,21361.71
2136278,21362.78
2136377,21363.77
2136482,21364.82
2136585,21365.85
2136689,21366.89
2136789,21367.89
2136884,21368.84
2136984,21369.84
2137088,21370.88
2137193,21371.93
2137299,21372.99
2137396,21373.96
2137486,21374.86
2137579,21375.79
2137675,21376.75
2137775,21377.75
2137873,21378.73
2138009,21380.09
2138134,21381.34
2138260,21382.6
2138387,21383.87
2138495,21384.95
2138615,21386.15
2138733,21387.33
2138843,21388.43
2138945,21389.45
2139055,21390.55
2139162,21391.62
2139264,21392.64
2139362,21393.62
2139472,21394.72
2139598,21395.98
2139733,21397.33
2139858,21398.58
2139966,21399.66
2140074,21400.74
2140184,21401.84
2140294,21402.94
2140402,21404.02
2140504,21405.04
2140615,21406.15
2140731,21407.31
2140842,21408.42
2140946,21409.46
2141043,21410.43
2141146,21411.46
2141251,21412.51
2141354,21413.54
2141455,21414.55
2141551,21415.51
2141648,21416.48
2141751,21417.51
2141853,21418.53
2141953,21419.53
2142050,21420.5
2142152,21421.52
2142268,21422.68
2142388,21423.88
2142499,21424.99
2142602,21426.02
2142714,21427.14
2142833,21428.33
2142941,21429.41
2143042,21430.42
2143148,21431.48
2143257,21432.57
2143366,21433.66
2143464,21434.64
2143554,21435.54
2143647,21436.47
2143740,21437.4
2143847,21438.47
2143954,21439.54
2144036,21440.36
2144118,21441.18
2144251,21442.51
2144384,21443.84
2144487,21444.87
2144598,21445.98
2144707,21447.07
2144808,21448.08
2144903,21449.03
2145000,21450.0
2145121,21451.21
2145247,21452.47
2145375,21453.75
2145488,21454.88
2145603,21456.03
2145720,21457.2
2145836,21458.36
2145945,21459.45
2146041,21460.41
2146134,21461.34
2146231,21462.31
2146335,21463.35
2146443,21464.43
2146548,21465.48
2146688,21466.88
2146820,21468.2
2146945,21469.45
2147053,21470.53
2147153,21471.53
2147249,21472.49
2147338,21473.38
2147426,21474.26
2147517,21475.17
2147613,21476.13
2147717,21477.17
2147812,21478.12
2147899,21478.99
2147989,21479.89
2148083,21480.83
2148177,21481.77
2148268,21482.68
2148360,21483.6
2148447,21484.47
2148536,21485.36
2148634,21486.34
2148745,21487.45
2148867,21488.67
2148992,21489.92
2149112,21491.12
2149232,21492.32
2149352,21493.52
2149465,21494.65
2149567,21495.67
2149674,21496.74
2149782,21497.82
2149889,21498.89
2149989,21499.89
2150084,21500.84
2150175,21501.75
2150271,21502.71
2150395,21503.95
2150511,21505.11
2150639,21506.39
2150749,21507.49
2150863,21508.63
2150977,21509.77
2151089,21510.89
2151198,21511.98
2151300,21513.0
2151404,21514.04
2151510,21515.1
2151621,21516.21
2151731,21517.31
2151838,21518.38
2151940,21519.4
2152046,21520.46
2152164,21521.64
2152281,21522.81
2152391,21523.91
2152493,21524.93
2152594,21525.94
2152697,21526.97
2152805,21528.05
2152907,21529.07
2153007,21530.07
2153108,21531.08
2153218,21532.18
2153328,21533.28
2153426,21534.26
2153518,21535.18
2153616,21536.16
2153731,21537.31
2153859,21538.59
2153983,21539.83
2154095,21540.95
2154216,21542.16
2154345,21543.45
2154471,21544.71
2154578,21545.78
2154686,21546.86
2154797,21547.97
2154907,21549.07
2155011,21550.11
2155106,21551.06
2155199,21551.99
2155297,21552.97
2155406,21554.06
2155534,21555.34
2155650,21556.5
2155758,21557.58
2155872,21558.72
2155988,21559.88
2156106,21561.06
2156219,21562.19
2156322,21563.22
2156429,21564.29
2156534,21565.34
2156640,21566.4
2156786,21567.86
2156917,21569.17
2157034,21570.34
2157139,21571.39
2157245,21572.45
2157356,21573.56
2157471,21574.71
2157583,21575.83
2157689,21576.89
2157802,21578.02
2157918,21579.18
2158032,21580.32
2158141,21581.41
2158241,21582.41
2158348,21583.48
2158458,21584.58
2158565,21585.65
2158668,21586.68
2158772,21587.72
2158884,21588.84
2158992,21589.92
2159095,21590.95
2159191,21591.91
2159287,21592.87
2159388,21593.88
2159500,21595.0
2159613,21596.13
2159720,21597.2
2159843,21598.43
2159964,21599.64
2160072,21600.72
2160171,21601.71
2160277,21602.77
2160399,21603.99
2160528,21605.28
2160645,21606.45
2160754,21607.54
2160870,21608.7
2160988,21609.88
2161101,21611.01
2161203,21612.03
2161308,21613.08
2161420,21614.2
2161535,21615.35
2161645,21616.45
2161749,21617.49
2161861,21618.61
2161976,21619.76
2162089,21620.89
2162196,21621.96
2162296,21622.96
2162401,21624.01
2162511,21625.11
2162623,21626.23
2162732,21627.32
2162837,21628.37
2162952,21629.52
2163068,21630.68
2163174,21631.74
2163275,21632.75
2163381,21633.81
2163495,21634.95
2163605,21636.05
2163705,21637.05
2163803,21638.03
2163908,21639.08
2164014,21640.14
2164119,21641.19
2164220,21642.2
2164329,21643.29
2164442,21644.42
2164554,21645.54
2164660,21646.6
2164756,21647.56
2164858,21648.58
2164965,21649.65
2165066,21650.66
2165169,21651.69
2165286,21652.86
2165398,21653.98
2165506,21655.06
2165603,21656.03
2165705,21657.05
2165816,21658.16
2165932,21659.32
2166040,21660.4
2166141,21661.41
2166246,21662.46
2166365,21663.65
2166488,21664.88
2166606,21666.06
2166710,21667.1
2166813,21668.13
2166920,21669.2
2167031,21670.31
2167136,21671.36
2167236,21672.36
2167342,21673.42
2167453,21674.53
2167564,21675.64
2167671,21676.71
2167768,21677.68
2167869,21678.69
2167974,21679.74
2168087,21680.87
2168200,21682.0
2168304,21683.04
2168416,21684.16
2168523,21685.23
2168626,21686.26
2168723,21687.23
2168822,21688.22
2168931,21689.31
2169051,21690.51
2169169,21691.69
2169279,21692.79
2169400,21694.0
2169521,21695.21
2169634,21696.34
2169737,21697.37
2169841,21698.41
2169951,21699.51
2170062,21700.62
2170169,21701.69
2170265,21702.65
2170368,21703.68
2170478,21704.78
2170593,21705.93
2170702,21707.02
2170805,21708.05
2170918,21709.18
2171028,21710.28
2171133,21711.33
2171232,21712.32
2171335,21713.35
2171443,21714.43
2171555,21715.55
2171663,21716.63
2171767,21717.67
2171874,21718.74
2171983,21719.83
2172089,21720.89
2172190,21721.9
2172288,21722.88
2172393,21723.93
2172505,21725.05
2172617,21726.17
2172720,21727.2
2172820,21728.2
2172927,21729.27
2173044,21730.44
2173158,21731.58
2173261,21732.61
2173363,21733.63
2173468,21734.68
2173578,21735.78
2173686,21736.86
2173799,21737.99
2173919,21739.19
2174031,21740.31
2174132,21741.32
2174231,21742.31
2174344,21743.44
2174466,21744.66
2174580,21745.8
2174684,21746.84
2174791,21747.91
2174906,21749.06
2175026,21750.26
2175139,21751.39
2175243,21752.43
2175351,21753.51
2175461,21754.61
2175570,21755.7
2175680,21756.8
2175785,21757.85
2175906,21759.06
2176027,21760.27
2176141,21761.41
2176243,21762.43
2176347,21763.47
2176451,21764.51
2176556,21765.56
2176661,21766.61
2176759,21767.59
2176863,21768.63
2176968,21769.68
2177073,21770.73
2177171,21771.71
2177262,21772.62
2177354,21773.54
2177449,21774.49
2177554,21775.54
2177655,21776.55
2177757,21777.57
2177860,21778.6
2177959,21779.59
2178059,21780.59
2178176,21781.76
2178281,21782.81
2178394,21783.94
2178505,21785.05
2178610,21786.1
2178711,21787.11
2178821,21788.21
2178931,21789.31
2179041,21790.41
2179144,21791.44
2179242,21792.42
2179342,21793.42
2179444,21794.44
2179551,21795.51
2179654,21796.54
2179752,21797.52
2179845,21798.45
2179942,21799.42
2180045,21800.45
2180155,21801.55
2180266,21802.66
2180415,21804.15
2180564,21805.64
2180677,21806.77
2180778,21807.78
2180880,21808.8
2180994,21809.94
2181120,21811.2
2181238,21812.38
2181343,21813.43
2181449,21814.49
2181558,21815.58
2181671,21816.71
2181782,21817.82
2181888,21818.88
2181997,21819.97
2182111,21821.11
2182224,21822.24
2182327,21823.27
2182425,21824.25
2182519,21825.19
2182617,21826.17
2182729,21827.29
2182845,21828.45
2182961,21829.61
2183071,21830.71
2183204,21832.04
2183338,21833.38
2183454,21834.54
2183557,21835.57
2183664,21836.64
2183782,21837.82
2183891,21838.91
2183988,21839.88
2184081,21840.81
2184182,21841.82
2184291,21842.91
2184398,21843.98
2184502,21845.02
2184585,21845.85
2184668,21846.68
2184799,21847.99
2184931,21849.31
2185033,21850.33
2185139,21851.39
2185249,21852.49
2185360,21853.6
2185469,21854.69
2185572,21855.72
2185672,21856.72
2185780,21857.8
2185900,21859.0
2186017,21860.17
2186128,21861.28
2186230,21862.3
2186340,21863.4
2186452,21864.52
2186561,21865.61
2186664,21866.64
2186761,21867.61
2186857,21868.57
2186956,21869.56
2187057,21870.57
2187157,21871.57
2187255,21872.55
2187367,21873.67
2187473,21874.73
2187580,21875.8
2187676,21876.76
2187773,21877.73
2187881,21878.81
2188002,21880.02
2188127,21881.27
2188246,21882.46
2188350,21883.5
2188459,21884.59
2188580,21885.8
2188698,21886.98
2188802,21888.02
2188898,21888.98
2188998,21889.98
2189098,21890.98
2189197,21891.97
2189294,21892.94
2189394,21893.94
2189500,21895.0
2189606,21896.06
2189714,21897.14
2189813,21898.13
2189912,21899.12
2190012,21900.12
2190115,21901.15
2190217,21902.17
2190318,21903.18
2190430,21904.3
2190544,21905.44
2190653,21906.53
2190754,21907.54
2190854,21908.54
2190962,21909.62
2191075,21910.75
2191188,21911.88
2191290,21912.9
2191388,21913.88
2191493,21914.93
2191604,21916.04
2191718,21917.18
2191826,21918.26
2191931,21919.31
2192042,21920.42
2192158,21921.58
2192272,21922.72
2192379,21923.79
2192490,21924.9
2192602,21926.02
2192703,21927.03
2192799,21927.99
2192897,21928.97
2192999,21929.99
2193103,21931.03
2193203,21932.03
2193300,21933.0
2193403,21934.03
2193509,21935.09
2193618,21936.18
2193719,21937.19
2193817,21938.17
2193916,21939.16
2194022,21940.22
2194130,21941.3
2194236,21942.36
2194334,21943.34
2194435,21944.35
2194534,21945.34
2194629,21946.29
2194723,21947.23
2194821,21948.21
2194945,21949.45
2195070,21950.7
2195183,21951.83
2195287,21952.87
2195399,21953.99
2195512,21955.12
2195625,21956.25
2195727,21957.27
2195830,21958.3
2195950,21959.5
2196066,21960.66
2196188,21961.88
2196291,21962.91
2196395,21963.95
2196500,21965.0
2196604,21966.04
2196704,21967.04
2196802,21968.02
2196903,21969.03
2197002,21970.02
2197100,21971.0
2197200,21972.0
2197303,21973.03
2197400,21974.0
2197495,21974.95
2197594,21975.94
2197696,21976.96
2197795,21977.95
2197891,21978.91
2197990,21979.9
2198094,21980.94
2198197,21981.97
2198303,21983.03
2198411,21984.11
2198516,21985.16
2198617,21986.17
2198719,21987.19
2198822,21988.22
2198920,21989.2
2199019,21990.19
2199119,21991.19
2199219,21992.19
2199316,21993.16
2199420,21994.2
2199520,21995.2
2199615,21996.15
2199709,21997.09
2199806,21998.06
2199907,21999.07
2200007,22000.07
2200104,22001.04
2200204,22002.04
2200306,22003.06
2200406,22004.06
2200501,22005.01
2200597,22005.97
2200697,22006.97
2200797,22007.97
2200894,22008.94
2200991,22009.91
2201087,22010.87
2201187,22011.87
2201288,22012.88
2201388,22013.88
2201486,22014.86
2201586,22015.86
2201691,22016.91
2201791,22017.91
2201890,22018.9
2201992,22019.92
2202094,22020.94
2202193,22021.93
2202294,22022.94
2202397,22023.97
2202499,22024.99
2202593,22025.93
2202688,22026.88
2202784,22027.84
2202880,22028.8
2202975,22029.75
2203074,22030.74
2203187,22031.87
2203300,22033.0
2203408,22034.08
2203514,22035.14
2203621,22036.21
2203725,22037.25
2203824,22038.24
2203923,22039.23
2204022,22040.22
2204120,22041.2
2204215,22042.15
2204310,22043.1
2204408,22044.08
2204508,22045.08
2204605,22046.05
2204702,22047.02
2204805,22048.05
2204906,22049.06
2205008,22050.08
2205103,22051.03
2205201,22052.01
2205298,22052.98
2205395,22053.95
2205491,22054.91
2205584,22055.84
2205682,22056.82
2205782,22057.82
2205883,22058.83
2205980,22059.8
2206081,22060.81
2206183,22061.83
2206286,22062.86
2206383,22063.83
2206482,22064.82
2206583,22065.83
2206685,22066.85
2206786,22067.86
2206887,22068.87
2206988,22069.88
2207090,22070.9
2207190,22071.9
2207296,22072.96
2207399,22073.99
2207499,22074.99
2207598,22075.98
2207698,22076.98
2207797,22077.97
2207892,22078.92
2207985,22079.85
2208083,22080.83
2208192,22081.92
2208302,22083.02
2208448,22084.48
2208594,22085.94
2208721,22087.21
2208819,22088.19
2208922,22089.22
2209027,22090.27
2209131,22091.31
2209228,22092.28
2209328,22093.28
2209434,22094.34
2209540,22095.4
2209640,22096.4
2209743,22097.43
2209854,22098.54
2209966,22099.66
2210073,22100.73
2210172,22101.72
2210275,22102.75
2210380,22103.8
2210481,22104.81
2210574,22105.74
2210667,22106.67
2210767,22107.67
2210876,22108.76
2210985,22109.85
2211087,22110.87
2211193,22111.93
2211310,22113.1
2211423,22114.23
2211524,22115.24
2211625,22116.25
2211726,22117.26
2211828,22118.28
2211926,22119.26
2212021,22120.21
2212122,22121.22
2212222,22122.22
2212326,22123.26
2212427,22124.27
2212536,22125.36
2212655,22126.55
2212761,22127.61
2212863,22128.63
2212966,22129.66
2213072,22130.72
2213179,22131.79
2213277,22132.77
2213375,22133.75
2213478,22134.78
2213591,22135.91
2213699,22136.99
2213801,22138.01
2213908,22139.08
2214017,22140.17
2214123,22141.23
2214225,22142.25
2214328,22143.28
2214434,22144.34
2214537,22145.37
2214633,22146.33
2214734,22147.34
2214835,22148.35
2214936,22149.36
2215035,22150.35
2215138,22151.38
2215247,22152.47
2215353,22153.53
2215452,22154.52
2215551,22155.51
2215649,22156.49
2215749,22157.49
2215847,22158.47
2215942,22159.42
2216040,22160.4
2216139,22161.39
2216238,22162.38
2216337,22163.37
2216435,22164.35
2216538,22165.38
2216637,22166.37
2216738,22167.38
2216833,22168.33
2216925,22169.25
2217018,22170.18
2217113,22171.13
2217214,22172.14
2217325,22173.25
2217432,22174.32
2217564,22175.64
2217696,22176.96
2217807,22178.07
2217905,22179.05
2218004,22180.04
2218110,22181.1
2218210,22182.1
2218306,22183.06
2218402,22184.02
2218500,22185.0
2218602,22186.02
2218701,22187.01
2218809,22188.09
2218923,22189.23
2219031,22190.31
2219138,22191.38
2219250,22192.5
2219358,22193.58
2219464,22194.64
2219570,22195.7
2219677,22196.77
2219783,22197.83
2219883,22198.83
2219982,22199.82
2220083,22200.83
2220187,22201.87
2220288,22202.88
2220384,22203.84
2220483,22204.83
2220584,22205.84
2220683,22206.83
2220777,22207.77
2220869,22208.69
2220963,22209.63
2221059,22210.59
2221158,22211.58
2221261,22212.61
2221406,22214.06
2221552,22215.52
2221655,22216.55
2221756,22217.56
2221863,22218.63
2221964,22219.64
2222068,22220.68
2222177,22221.77
2222287,22222.87
2222389,22223.89
2222491,22224.91
2222595,22225.95
2222694,22226.94
2222795,22227.95
2222898,22228.98
2222999,22229.99
2223093,22230.93
2223188,22231.88
2223284,22232.84
2223384,22233.84
2223480,22234.8
2223573,22235.73
2223664,22236.64
2223760,22237.6
2223857,22238.57
2223959,22239.59
2224062,22240.62
2224162,22241.62
2224273,22242.73
2224384,22243.84
2224489,22244.89
2224590,22245.9
2224692,22246.92
2224793,22247.93
2224889,22248.89
2224985,22249.85
2225084,22250.84
2225180,22251.8
2225276,22252.76
2225374,22253.74
2225476,22254.76
2225576,22255.76
2225673,22256.73
2225771,22257.71
2225868,22258.68
2225964,22259.64
2226055,22260.55
2226145,22261.45
2226237,22262.37
2226328,22263.28
2226419,22264.19
2226508,22265.08
2226599,22265.99
2226689,22266.89
2226781,22267.81
2226876,22268.76
2226966,22269.66
2227056,22270.56
2227146,22271.46
2227232,22272.32
2227315,22273.15
2227397,22273.97
2227479,22274.79
2227560,22275.6
2227639,22276.39
2227717,22277.17
2227796,22277.96
2227874,22278.74
2227952,22279.52
2228028,22280.28
2228104,22281.04
2228175,22281.75
2228246,22282.46
2228325,22283.25
2228398,22283.98
2228468,22284.68
2228539,22285.39
2228607,22286.07
2228676,22286.76
2228743,22287.43
2228810,22288.1
2228876,22288.76
2228942,22289.42
2229008,22290.08
2229073,22290.73
2229137,22291.37
2229202,22292.02
2229266,22292.66
2229330,22293.3
2229394,22293.94
2229460,22294.6
2229525,22295.25
2229590,22295.9
2229656,22296.56
2229723,22297.23
2229792,22297.92
2229862,22298.62
2229936,22299.36
2230015,22300.15
2230100,22301.0
2230193,22301.93
2230291,22302.91
2230391,22303.91
2230489,22304.89
2230583,22305.83
2230673,22306.73
2230763,22307.63
2230856,22308.56
2230955,22309.55
2231061,22310.61
2231170,22311.7
2231274,22312.74
2231393,22313.93
2231511,22315.11
2231624,22316.24
2231728,22317.28
2231823,22318.23
2231914,22319.14
2232011,22320.11
2232113,22321.13
2232224,22322.24
2232336,22323.36
2232442,22324.42
2232554,22325.54
2232668,22326.68
2232781,22327.81
2232884,22328.84
2232979,22329.79
2233076,22330.76
2233172,22331.72
2233273,22332.73
2233373,22333.73
2233469,22334.69
2233564,22335.64
2233665,22336.65
2233767,22337.67
2233868,22338.68
2233964,22339.64
2234056,22340.56
2234152,22341.52
2234250,22342.5
2234349,22343.49
2234446,22344.46
2234539,22345.39
2234634,22346.34
2234731,22347.31
2234830,22348.3
2234926,22349.26
2235020,22350.2
2235118,22351.18
2235220,22352.2
2235320,22353.2
2235417,22354.17
2235509,22355.09
2235599,22355.99
2235695,22356.95
2235799,22357.99
2235907,22359.07
2236015,22360.15
2236115,22361.15
2236219,22362.19
2236324,22363.24
2236431,22364.31
2236537,22365.37
2236634,22366.34
2236727,22367.27
2236819,22368.19
2236913,22369.13
2237006,22370.06
2237096,22370.96
2237187,22371.87
2237290,22372.9
2237386,22373.86
2237487,22374.87
2237573,22375.73
2237660,22376.6
2237747,22377.47
2237830,22378.3
2237912,22379.12
2237996,22379.96
2238080,22380.8
2238164,22381.64
2238247,22382.47
2238334,22383.34
2238423,22384.23
2238516,22385.16
2238613,22386.13
2238712,22387.12
2238811,22388.11
2238911,22389.11
2239010,22390.1
2239106,22391.06
2239202,22392.02
2239299,22392.99
2239396,22393.96
2239496,22394.96
2239596,22395.96
2239694,22396.94
2239790,22397.9
2239885,22398.85
2239982,22399.82
2240082,22400.82
2240183,22401.83
2240282,22402.82
2240381,22403.81
2240477,22404.77
2240574,22405.74
2240672,22406.72
2240770,22407.7
2240867,22408.67
2240960,22409.6
2241057,22410.57
2241153,22411.53
2241250,22412.5
2241344,22413.44
2241438,22414.38
2241534,22415.34
2241632,22416.32
2241725,22417.25
2241819,22418.19
2241918,22419.18
2242019,22420.19
2242113,22421.13
2242205,22422.05
2242298,22422.98
2242393,22423.93
2242489,22424.89
2242585,22425.85
2242683,22426.83
2242788,22427.88
2242889,22428.89
2242990,22429.9
2243093,22430.93
2243192,22431.92
2243292,22432.92
2243392,22433.92
2243490,22434.9
2243582,22435.82
2243676,22436.76
2243771,22437.71
2243870,22438.7
2243968,22439.68
2244062,22440.62
2244157,22441.57
2244253,22442.53
2244351,22443.51
2244443,22444.43
2244534,22445.34
2244627,22446.27
2244720,22447.2
2244812,22448.12
2244900,22449.0
2244990,22449.9
2245082,22450.82
2245176,22451.76
2245269,22452.69
2245361,22453.61
2245454,22454.54
2245549,22455.49
2245646,22456.46
2245738,22457.38
2245829,22458.29
2245922,22459.22
2246017,22460.17
2246111,22461.11
2246202,22462.02
2246292,22462.92
2246384,22463.84
2246479,22464.79
2246573,22465.73
2246664,22466.64
2246755,22467.55
2246848,22468.48
2246943,22469.43
2247039,22470.39
2247129,22471.29
2247220,22472.2
2247314,22473.14
2247410,22474.1
2247504,22475.04
2247597,22475.97
2247692,22476.92
2247787,22477.87
2247880,22478.8
2247971,22479.71
2248058,22480.58
2248147,22481.47
2248238,22482.38
2248336,22483.36
2248435,22484.35
2248532,22485.32
2248634,22486.34
2248737,22487.37
2248837,22488.37
2248932,22489.32
2249027,22490.27
2249121,22491.21
2249212,22492.12
2249300,22493.0
2249387,22493.87
2249477,22494.77
2249570,22495.7
2249664,22496.64
2249757,22497.57
2249847,22498.47
2249940,22499.4
2250033,22500.33
2250127,22501.27
2250219,22502.19
2250309,22503.09
2250402,22504.02
2250491,22504.91
2250578,22505.78
2250665,22506.65
2250757,22507.57
2250859,22508.59
2250969,22509.69
2251080,22510.8
2251179,22511.79
2251281,22512.81
2251382,22513.82
2251478,22514.78
2251566,22515.66
2251652,22516.52
2251738,22517.38
2251824,22518.24
2251908,22519.08
2251991,22519.91
2252074,22520.74
2252160,22521.6
2252249,22522.49
2252340,22523.4
2252430,22524.3
2252518,22525.18
2252609,22526.09
2252700,22527.0
2252789,22527.89
2252875,22528.75
2252960,22529.6
2253046,22530.46
2253133,22531.33
2253221,22532.21
2253306,22533.06
2253392,22533.92
2253481,22534.81
2253573,22535.73
2253664,22536.64
2253755,22537.55
2253846,22538.46
2253935,22539.35
2254022,22540.22
2254108,22541.08
2254197,22541.97
2254289,22542.89
2254379,22543.79
2254470,22544.7
2254564,22545.64
2254657,22546.57
2254748,22547.48
2254838,22548.38
2254930,22549.3
2255021,22550.21
2255110,22551.1
2255201,22552.01
2255294,22552.94
2255386,22553.86
2255477,22554.77
2255570,22555.7
2255664,22556.64
2255756,22557.56
2255846,22558.46
2255940,22559.4
2256032,22560.32
2256124,22561.24
2256212,22562.12
2256298,22562.98
2256385,22563.85
2256472,22564.72
2256560,22565.6
2256650,22566.5
2256737,22567.37
2256829,22568.29
2256921,22569.21
2257012,22570.12
2257099,22570.99
2257187,22571.87
2257277,22572.77
2257370,22573.7
2257463,22574.63
2257555,22575.55
2257645,22576.45
2257737,22577.37
2257834,22578.34
2257921,22579.21
2258007,22580.07
2258094,22580.94
2258182,22581.82
2258275,22582.75
2258369,22583.69
2258461,22584.61
2258559,22585.59
2258663,22586.63
2258765,22587.65
2258865,22588.65
2258959,22589.59
2259055,22590.55
2259151,22591.51
2259247,22592.47
2259339,22593.39
2259431,22594.31
2259528,22595.28
2259627,22596.27
2259723,22597.23
2259817,22598.17
2259914,22599.14
2260011,22600.11
2260108,22601.08
2260202,22602.02
2260297,22602.97
2260393,22603.93
2260489,22604.89
2260583,22605.83
2260674,22606.74
2260768,22607.68
2260862,22608.62
2260953,22609.53
2261040,22610.4
2261126,22611.26
2261215,22612.15
2261306,22613.06
2261401,22614.01
2261495,22614.95
2261591,22615.91
2261691,22616.91
2261792,22617.92
2261891,22618.91
2261989,22619.89
2262088,22620.88
2262182,22621.82
2262276,22622.76
2262368,22623.68
2262460,22624.6
2262550,22625.5
2262641,22626.41
2262733,22627.33
2262825,22628.25
2262914,22629.14
2263004,22630.04
2263095,22630.95
2263186,22631.86
2263275,22632.75
2263366,22633.66
2263457,22634.57
2263549,22635.49
2263641,22636.41
2263732,22637.32
2263823,22638.23
2263915,22639.15
2264006,22640.06
2264098,22640.98
2264195,22641.95
2264292,22642.92
2264387,22643.87
2264483,22644.83
2264579,22645.79
2264673,22646.73
2264765,22647.65
2264858,22648.58
2264950,22649.5
2265041,22650.41
2265131,22651.31
2265224,22652.24
2265319,22653.19
2265413,22654.13
2265505,22655.05
2265597,22655.97
2265689,22656.89
2265781,22657.81
2265872,22658.72
2265963,22659.63
2266053,22660.53
2266142,22661.42
2266231,22662.31
2266321,22663.21
2266412,22664.12
2266502,22665.02
2266592,22665.92
2266685,22666.85
2266779,22667.79
2266871,22668.71
2266965,22669.65
2267058,22670.58
2267150,22671.5
2267239,22672.39
2267325,22673.25
2267411,22674.11
2267497,22674.97
2267583,22675.83
2267671,22676.71
2267759,22677.59
2267849,22678.49
2267941,22679.41
2268035,22680.35
2268128,22681.28
2268220,22682.2
2268314,22683.14
2268405,22684.05
2268494,22684.94
2268583,22685.83
2268672,22686.72
2268761,22687.61
2268849,22688.49
2268940,22689.4
2269032,22690.32
2269122,22691.22
2269210,22692.1
2269297,22692.97
2269385,22693.85
2269475,22694.75
2269564,22695.64
2269660,22696.6
2269756,22697.56
2269852,22698.52
2269949,22699.49
2270042,22700.42
2270135,22701.35
2270231,22702.31
2270323,22703.23
2270415,22704.15
2270508,22705.08
2270600,22706.0
2270693,22706.93
2270787,22707.87
2270881,22708.81
2270975,22709.75
2271068,22710.68
2271160,22711.6
2271250,22712.5
2271345,22713.45
2271440,22714.4
2271536,22715.36
2271631,22716.31
2271724,22717.24
2271821,22718.21
2271914,22719.14
2272004,22720.04
2272097,22720.97
2272199,22721.99
2272307,22723.07
2272415,22724.15
2272517,22725.17
2272622,22726.22
2272728,22727.28
2272833,22728.33
2272931,22729.31
2273026,22730.26
2273121,22731.21
2273216,22732.16
2273309,22733.09
2273403,22734.03
2273495,22734.95
2273587,22735.87
2273677,22736.77
2273766,22737.66
2273862,22738.62
2273958,22739.58
2274058,22740.58
2274159,22741.59
2274255,22742.55
2274354,22743.54
2274455,22744.55
2274552,22745.52
2274647,22746.47
2274742,22747.42
2274839,22748.39
2274934,22749.34
2275026,22750.26
2275119,22751.19
2275211,22752.11
2275302,22753.02
2275393,22753.93
2275485,22754.85
2275580,22755.8
2275678,22756.78
2275774,22757.74
2275871,22758.71
2275968,22759.68
2276065,22760.65
2276158,22761.58
2276253,22762.53
2276348,22763.48
2276444,22764.44
2276539,22765.39
2276633,22766.33
2276729,22767.29
2276825,22768.25
2276921,22769.21
2277018,22770.18
2277117,22771.17
2277213,22772.13
2277307,22773.07
2277397,22773.97
2277485,22774.85
2277573,22775.73
2277663,22776.63
2277754,22777.54
2277845,22778.45
2277937,22779.37
2278030,22780.3
2278122,22781.22
2278211,22782.11
2278301,22783.01
2278394,22783.94
2278487,22784.87
2278577,22785.77
2278667,22786.67
2278758,22787.58
2278852,22788.52
2278948,22789.48
2279043,22790.43
2279138,22791.38
2279232,22792.32
2279325,22793.25
2279419,22794.19
2279514,22795.14
2279609,22796.09
2279705,22797.05
2279798,22797.98
2279889,22798.89
2279980,22799.8
2280073,22800.73
2280164,22801.64
2280253,22802.53
2280347,22803.47
2280441,22804.41
2280534,22805.34
2280625,22806.25
2280715,22807.15
2280804,22808.04
2280891,22808.91
2280976,22809.76
2281058,22810.58
2281140,22811.4
2281223,22812.23
2281311,22813.11
2281405,22814.05
2281502,22815.02
2281604,22816.04
2281713,22817.13
2281822,22818.22
2281920,22819.2
2282015,22820.15
2282110,22821.1
2282202,22822.02
2282292,22822.92
2282377,22823.77
2282460,22824.6
2282543,22825.43
2282623,22826.23
2282703,22827.03
2282783,22827.83
2282862,22828.62
2282943,22829.43
2283031,22830.31
2283119,22831.19
2283208,22832.08
2283301,22833.01
2283392,22833.92
2283485,22834.85
2283581,22835.81
2283681,22836.81
2283781,22837.81
2283880,22838.8
2283975,22839.75
2284072,22840.72
2284173,22841.73
2284278,22842.78
2284383,22843.83
2284486,22844.86
2284590,22845.9
2284697,22846.97
2284805,22848.05
2284908,22849.08
2285006,22850.06
2285107,22851.07
2285207,22852.07
2285311,22853.11
2285410,22854.1
2285507,22855.07
2285605,22856.05
2285704,22857.04
2285799,22857.99
2285895,22858.95
2285992,22859.92
2286090,22860.9
2286185,22861.85
2286280,22862.8
2286375,22863.75
2286473,22864.73
2286568,22865.68
2286661,22866.61
2286756,22867.56
2286851,22868.51
2286944,22869.44
2287037,22870.37
2287133,22871.33
2287232,22872.32
2287328,22873.28
2287426,22874.26
2287523,22875.23
2287621,22876.21
2287715,22877.15
2287811,22878.11
2287907,22879.07
2288001,22880.01
2288099,22880.99
2288192,22881.92
2288281,22882.81
2288370,22883.7
2288457,22884.57
2288546,22885.46
2288636,22886.36
2288725,22887.25
2288819,22888.19
2288915,22889.15
2289007,22890.07
2289098,22890.98
2289187,22891.87
2289277,22892.77
2289367,22893.67
2289456,22894.56
2289544,22895.44
2289633,22896.33
2289722,22897.22
2289813,22898.13
2289904,22899.04
2289998,22899.98
2290095,22900.95
2290187,22901.87
2290281,22902.81
2290374,22903.74
2290465,22904.65
2290554,22905.54
2290645,22906.45
2290738,22907.38
2290828,22908.28
2290919,22909.19
2291010,22910.1
2291101,22911.01
2291189,22911.89
2291276,22912.76
2291363,22913.63
2291450,22914.5
2291539,22915.39
2291625,22916.25
2291712,22917.12
2291798,22917.98
2291885,22918.85
2291973,22919.73
2292059,22920.59
2292145,22921.45
2292234,22922.34
2292325,22923.25
2292418,22924.18
2292511,22925.11
2292600,22926.0
2292689,22926.89
2292776,22927.76
2292865,22928.65
2292954,22929.54
2293041,22930.41
2293130,22931.3
2293219,22932.19
2293310,22933.1
2293400,22934.0
2293494,22934.94
2293589,22935.89
2293687,22936.87
2293780,22937.8
2293874,22938.74
2293968,22939.68
2294058,22940.58
2294148,22941.48
2294237,22942.37
2294325,22943.25
2294414,22944.14
2294501,22945.01
2294592,22945.92
2294680,22946.8
2294769,22947.69
2294858,22948.58
2294947,22949.47
2295036,22950.36
2295125,22951.25
2295216,22952.16
2295306,22953.06
2295397,22953.97
2295488,22954.88
2295580,22955.8
2295670,22956.7
2295758,22957.58
2295849,22958.49
2295937,22959.37
2296025,22960.25
2296109,22961.09
2296195,22961.95
2296281,22962.81
2296368,22963.68
2296457,22964.57
2296545,22965.45
2296637,22966.37
2296729,22967.29
2296824,22968.24
2296914,22969.14
2297004,22970.04
2297094,22970.94
2297183,22971.83
2297271,22972.71
2297356,22973.56
2297442,22974.42
2297526,22975.26
2297613,22976.13
2297698,22976.98
2297784,22977.84
2297873,22978.73
2297965,22979.65
2298056,22980.56
2298144,22981.44
2298233,22982.33
2298322,22983.22
2298411,22984.11
2298502,22985.02
2298590,22985.9
2298680,22986.8
2298773,22987.73
2298867,22988.67
2298962,22989.62
2299057,22990.57
2299150,22991.5
2299243,22992.43
2299333,22993.33
2299420,22994.2
2299507,22995.07
2299592,22995.92
2299680,22996.8
2299769,22997.69
2299855,22998.55
2299942,22999.42
2300030,23000.3
2300118,23001.18
2300206,23002.06
2300292,23002.92
2300380,23003.8
2300469,23004.69
2300558,23005.58
2300648,23006.48
2300735,23007.35
2300824,23008.24
2300913,23009.13
2301003,23010.03
2301093,23010.93
2301182,23011.82
2301274,23012.74
2301366,23013.66
2301458,23014.58
2301548,23015.48
2301638,23016.38
2301728,23017.28
2301815,23018.15
2301900,23019.0
2301984,23019.84
2302069,23020.69
2302153,23021.53
2302236,23022.36
2302320,23023.2
2302410,23024.1
2302509,23025.09
2302604,23026.04
2302701,23027.01
2302797,23027.97
2302896,23028.96
2302989,23029.89
2303081,23030.81
2303171,23031.71
2303257,23032.57
2303342,23033.42
2303429,23034.29
2303516,23035.16
2303607,23036.07
2303696,23036.96
2303787,23037.87
2303882,23038.82
2303976,23039.76
2304070,23040.7
2304162,23041.62
2304252,23042.52
2304344,23043.44
2304433,23044.33
2304524,23045.24
2304615,23046.15
2304703,23047.03
2304793,23047.93
2304884,23048.84
2304976,23049.76
2305063,23050.63
2305154,23051.54
2305245,23052.45
2305336,23053.36
2305426,23054.26
2305518,23055.18
2305613,23056.13
2305708,23057.08
2305802,23058.02
2305891,23058.91
2305981,23059.81
2306070,23060.7
2306158,23061.58
2306244,23062.44
2306329,23063.29
2306417,23064.17
2306507,23065.07
2306603,23066.03
2306694,23066.94
2306783,23067.83
2306875,23068.75
2306968,23069.68
2307063,23070.63
2307154,23071.54
2307243,23072.43
2307333,23073.33
2307423,23074.23
2307514,23075.14
2307604,23076.04
2307697,23076.97
2307795,23077.95
2307897,23078.97
2307995,23079.95
2308090,23080.9
2308188,23081.88
2308286,23082.86
2308383,23083.83
2308477,23084.77
2308574,23085.74
2308671,23086.71
2308765,23087.65
2308858,23088.58
2308953,23089.53
2309049,23090.49
2309147,23091.47
2309243,23092.43
2309341,23093.41
2309445,23094.45
2309551,23095.51
2309659,23096.59
2309758,23097.58
2309855,23098.55
2309951,23099.51
2310047,23100.47
2310142,23101.42
2310234,23102.34
2310328,23103.28
2310426,23104.26
2310525,23105.25
2310621,23106.21
2310712,23107.12
2310803,23108.03
2310897,23108.97
2310993,23109.93
2311091,23110.91
2311186,23111.86
2311286,23112.86
2311387,23113.87
2311490,23114.9
2311594,23115.94
2311691,23116.91
2311787,23117.87
2311885,23118.85
2311988,23119.88
2312085,23120.85
2312180,23121.8
2312277,23122.77
2312373,23123.73
2312467,23124.67
2312557,23125.57
2312649,23126.49
2312738,23127.38
2312829,23128.29
2312926,23129.26
2313023,23130.23
2313125,23131.25
2313236,23132.36
2313345,23133.45
2313452,23134.52
2313551,23135.51
2313648,23136.48
2313746,23137.46
2313845,23138.45
2313937,23139.37
2314024,23140.24
2314110,23141.1
2314231,23142.31
2314347,23143.47
2314467,23144.67
2314575,23145.75
2314684,23146.84
2314790,23147.9
2314897,23148.97
2314998,23149.98
2315093,23150.93
2315189,23151.89
2315284,23152.84
2315378,23153.78
2315471,23154.71
2315562,23155.62
2315652,23156.52
2315746,23157.46
2315841,23158.41
2315938,23159.38
2316032,23160.32
2316125,23161.25
2316220,23162.2
2316315,23163.15
2316407,23164.07
2316498,23164.98
2316589,23165.89
2316679,23166.79
2316768,23167.68
2316858,23168.58
2316949,23169.49
2317038,23170.38
2317130,23171.3
2317222,23172.22
2317315,23173.15
2317408,23174.08
2317501,23175.01
2317592,23175.92
2317681,23176.81
2317771,23177.71
2317863,23178.63
2317955,23179.55
2318047,23180.47
2318145,23181.45
2318240,23182.4
2318333,23183.33
2318430,23184.3
2318526,23185.26
2318617,23186.17
2318708,23187.08
2318797,23187.97
2318886,23188.86
2318977,23189.77
2319069,23190.69
2319162,23191.62
2319255,23192.55
2319351,23193.51
2319447,23194.47
2319542,23195.42
2319633,23196.33
2319722,23197.22
2319811,23198.11
2319898,23198.98
2319982,23199.82
2320067,23200.67
2320157,23201.57
2320258,23202.58
2320359,23203.59
2320458,23204.58
2320572,23205.72
2320681,23206.81
2320788,23207.88
2320896,23208.96
2320993,23209.93
2321088,23210.88
2321181,23211.81
2321270,23212.7
2321357,23213.57
2321446,23214.46
2321535,23215.35
2321628,23216.28
2321722,23217.22
2321815,23218.15
2321909,23219.09
2322004,23220.04
2322102,23221.02
2322198,23221.98
2322289,23222.89
2322383,23223.83
2322478,23224.78
2322575,23225.75
2322671,23226.71
2322764,23227.64
2322858,23228.58
2322951,23229.51
2323045,23230.45
2323137,23231.37
2323232,23232.32
2323326,23233.26
2323421,23234.21
2323518,23235.18
2323611,23236.11
2323700,23237.0
2323790,23237.9
2323878,23238.78
2323966,23239.66
2324053,23240.53
2324137,23241.37
2324223,23242.23
2324309,23243.09
2324394,23243.94
2324480,23244.8
2324565,23245.65
2324655,23246.55
2324745,23247.45
2324837,23248.37
2324928,23249.28
2325020,23250.2
2325112,23251.12
2325206,23252.06
2325301,23253.01
2325398,23253.98
2325491,23254.91
2325586,23255.86
2325682,23256.82
2325783,23257.83
2325878,23258.78
2325964,23259.64
2326051,23260.51
2326137,23261.37
2326224,23262.24
2326312,23263.12
2326396,23263.96
2326481,23264.81
2326567,23265.67
2326652,23266.52
2326735,23267.35
2326817,23268.17
2326899,23268.99
2326980,23269.8
2327060,23270.6
2327142,23271.42
2327223,23272.23
2327303,23273.03
2327386,23273.86
2327469,23274.69
2327554,23275.54
2327639,23276.39
2327725,23277.25
2327814,23278.14
2327911,23279.11
2328013,23280.13
2328118,23281.18
2328214,23282.14
2328304,23283.04
2328393,23283.93
2328482,23284.82
2328574,23285.74
2328666,23286.66
2328732,23287.32
2328798,23287.98
2328886,23288.86
2328975,23289.75
2329052,23290.52
2329129,23291.29
2329207,23292.07
2329282,23292.82
2329335,23293.35
2329388,23293.88
2329442,23294.42
2329497,23294.97
2329574,23295.74
2329652,23296.52
2329729,23297.29
2329807,23298.07
2329883,23298.83
2329959,23299.59
2330034,23300.34
2330109,23301.09
2330183,23301.83
2330238,23302.38
2330293,23302.93
2330344,23303.44
2330395,23303.95
2330464,23304.64
2330535,23305.35
2330605,23306.05
2330677,23306.77
2330754,23307.54
2330837,23308.37
2330917,23309.17
2330996,23309.96
2331080,23310.8
2331169,23311.69
2331261,23312.61
2331353,23313.53
2331441,23314.41
2331528,23315.28
2331623,23316.23
2331723,23317.23
2331850,23318.5
2331974,23319.74
2332085,23320.85
2332188,23321.88
2332292,23322.92
2332413,23324.13
2332536,23325.36
2332651,23326.51
2332761,23327.61
2332867,23328.67
2332970,23329.7
2333076,23330.76
2333194,23331.94
2333317,23333.17
2333441,23334.41
2333538,23335.38
2333631,23336.31
2333727,23337.27
2333834,23338.34
2333949,23339.49
2334058,23340.58
2334161,23341.61
2334263,23342.63
2334358,23343.58
2334454,23344.54
2334559,23345.59
2334671,23346.71
2334782,23347.82
2334890,23348.9
2334988,23349.88
2335086,23350.86
2335186,23351.86
2335290,23352.9
2335395,23353.95
2335497,23354.97
2335591,23355.91
2335690,23356.9
2335790,23357.9
2335900,23359.0
2336004,23360.04
2336103,23361.03
2336199,23361.99
2336313,23363.13
2336440,23364.4
2336559,23365.59
2336675,23366.75
2336777,23367.77
2336880,23368.8
2336988,23369.88
2337100,23371.0
2337208,23372.08
2337310,23373.1
2337404,23374.04
2337507,23375.07
2337619,23376.19
2337732,23377.32
2337847,23378.47
2337953,23379.53
2338050,23380.5
2338150,23381.5
2338256,23382.56
2338367,23383.67
2338478,23384.78
2338577,23385.77
2338674,23386.74
2338778,23387.78
2338890,23388.9
2339002,23390.02
2339108,23391.08
2339206,23392.06
2339314,23393.14
2339428,23394.28
2339544,23395.44
2339651,23396.51
2339748,23397.48
2339852,23398.52
2339961,23399.61
2340071,23400.71
2340179,23401.79
2340278,23402.78
2340379,23403.79
2340486,23404.86
2340593,23405.93
2340696,23406.96
2340792,23407.92
2340893,23408.93
2341001,23410.01
2341110,23411.1
2341220,23412.2
2341322,23413.22
2341424,23414.24
2341530,23415.3
2341638,23416.38
2341743,23417.43
2341841,23418.41
2341935,23419.35
2342035,23420.35
2342147,23421.47
2342267,23422.67
2342382,23423.82
2342491,23424.91
2342605,23426.05
2342724,23427.24
2342836,23428.36
2342936,23429.36
2343031,23430.31
2343129,23431.29
2343231,23432.31
2343336,23433.36
2343437,23434.37
2343530,23435.3
2343624,23436.24
2343725,23437.25
2343835,23438.35
2343943,23439.43
2344046,23440.46
2344155,23441.55
2344274,23442.74
2344398,23443.98
2344505,23445.05
2344607,23446.07
2344709,23447.09
2344815,23448.15
2344919,23449.19
2345015,23450.15
2345113,23451.13
2345216,23452.16
2345320,23453.2
2345419,23454.19
2345515,23455.15
2345614,23456.14
2345714,23457.14
2345812,23458.12
2345907,23459.07
2346001,23460.01
2346097,23460.97
2346198,23461.98
2346307,23463.07
2346410,23464.1
2346518,23465.18
2346644,23466.44
2346771,23467.71
2346879,23468.79
2346976,23469.76
2347077,23470.77
2347180,23471.8
2347286,23472.86
2347388,23473.88
2347487,23474.87
2347598,23475.98
2347711,23477.11
2347825,23478.25
2347937,23479.37
2348045,23480.45
2348145,23481.45
2348243,23482.43
2348347,23483.47
2348452,23484.52
2348558,23485.58
2348663,23486.63
2348761,23487.61
2348864,23488.64
2348967,23489.67
2349069,23490.69
2349166,23491.66
2349262,23492.62
2349365,23493.65
2349465,23494.65
2349567,23495.67
2349664,23496.64
2349761,23497.61
2349864,23498.64
2349971,23499.71
2350073,23500.73
2350172,23501.72
2350276,23502.76
2350380,23503.8
2350485,23504.85
2350583,23505.83
2350683,23506.83
2350786,23507.86
2350892,23508.92
2350996,23509.96
2351092,23510.92
2351193,23511.93
2351294,23512.94
2351396,23513.96
2351494,23514.94
2351590,23515.9
2351695,23516.95
2351798,23517.98
2351900,23519.0
2351997,23519.97
2352090,23520.9
2352191,23521.91
2352294,23522.94
2352393,23523.93
2352489,23524.89
2352588,23525.88
2352697,23526.97
2352805,23528.05
2352903,23529.03
2352999,23529.99
2353095,23530.95
2353192,23531.92
2353286,23532.86
2353376,23533.76
2353471,23534.71
2353592,23535.92
2353714,23537.14
2353829,23538.29
2353944,23539.44
2354070,23540.7
2354187,23541.87
2354289,23542.89
2354391,23543.91
2354499,23544.99
2354620,23546.2
2354747,23547.47
2354866,23548.66
2354979,23549.79
2355087,23550.87
2355189,23551.89
2355288,23552.88
2355387,23553.87
2355484,23554.84
2355581,23555.81
2355680,23556.8
2355784,23557.84
2355893,23558.93
2355993,23559.93
2356099,23560.99
2356227,23562.27
2356356,23563.56
2356463,23564.63
2356564,23565.64
2356670,23566.7
2356778,23567.78
2356887,23568.87
2356988,23569.88
2357095,23570.95
2357203,23572.03
2357321,23573.21
2357430,23574.3
2357530,23575.3
2357633,23576.33
2357739,23577.39
2357853,23578.53
2357957,23579.57
2358070,23580.7
2358213,23582.13
2358357,23583.57
2358473,23584.73
2358575,23585.75
2358677,23586.77
2358783,23587.83
2358890,23588.9
2358996,23589.96
2359096,23590.96
2359192,23591.92
2359290,23592.9
2359394,23593.94
2359496,23594.96
2359593,23595.93
2359690,23596.9
2359823,23598.23
2359956,23599.56
2360082,23600.82
2360208,23602.08
2360315,23603.15
2360429,23604.29
2360547,23605.47
2360666,23606.66
2360781,23607.81
2360887,23608.87
2360999,23609.99
2361123,23611.23
2361242,23612.42
2361354,23613.54
2361463,23614.63
2361569,23615.69
2361677,23616.77
2361788,23617.88
2361895,23618.95
2362000,23620.0
2362098,23620.98
2362199,23621.99
2362301,23623.01
2362403,23624.03
2362505,23625.05
2362604,23626.04
2362699,23626.99
2362798,23627.98
2362900,23629.0
2363002,23630.02
2363106,23631.06
2363206,23632.06
2363307,23633.07
2363414,23634.14
2363519,23635.19
2363618,23636.18
2363715,23637.15
2363816,23638.16
2363917,23639.17
2364019,23640.19
2364118,23641.18
2364217,23642.17
2364321,23643.21
2364432,23644.32
2364546,23645.46
2364651,23646.51
2364752,23647.52
2364854,23648.54
2364965,23649.65
2365071,23650.71
2365172,23651.72
2365276,23652.76
2365383,23653.83
2365500,23655.0
2365609,23656.09
2365730,23657.3
2365857,23658.57
2365985,23659.85
2366089,23660.89
2366193,23661.93
2366296,23662.96
2366399,23663.99
2366496,23664.96
2366598,23665.98
2366706,23667.06
2366814,23668.14
2366918,23669.18
2367028,23670.28
2367141,23671.41
2367242,23672.42
2367339,23673.39
2367438,23674.38
2367538,23675.38
2367638,23676.38
2367734,23677.34
2367830,23678.3
2367929,23679.29
2368027,23680.27
2368124,23681.24
2368217,23682.17
2368314,23683.14
2368412,23684.12
2368521,23685.21
2368624,23686.24
2368735,23687.35
2368874,23688.74
2369014,23690.14
2369113,23691.13
2369209,23692.09
2369317,23693.17
2369433,23694.33
2369546,23695.46
2369646,23696.46
2369757,23697.57
2369880,23698.8
2369995,23699.95
2370100,23701.0
2370202,23702.02
2370306,23703.06
2370411,23704.11
2370510,23705.1
2370607,23706.07
2370713,23707.13
2370830,23708.3
2370943,23709.43
2371052,23710.52
2371150,23711.5
2371248,23712.48
2371356,23713.56
2371470,23714.7
2371577,23715.77
2371697,23716.97
2371817,23718.17
2371931,23719.31
2372032,23720.32
2372140,23721.4
2372252,23722.52
2372364,23723.64
2372469,23724.69
2372573,23725.73
2372685,23726.85
2372794,23727.94
2372902,23729.02
2373004,23730.04
2373102,23731.02
2373209,23732.09
2373320,23733.2
2373432,23734.32
2373545,23735.45
2373648,23736.48
2373754,23737.54
2373866,23738.66
2373981,23739.81
2374096,23740.96
2374201,23742.01
2374309,23743.09
2374435,23744.35
2374561,23745.61
2374674,23746.74
2374776,23747.76
2374873,23748.73
2374966,23749.66
2375065,23750.65
2375171,23751.71
2375271,23752.71
2375351,23753.51
2375431,23754.31
2375552,23755.52
2375660,23756.6
2375758,23757.58
2375852,23758.52
2375947,23759.47
2376047,23760.47
2376150,23761.5
2376249,23762.49
2376349,23763.49
2376450,23764.5
2376557,23765.57
2376659,23766.59
2376766,23767.66
2376897,23768.97
2377028,23770.28
2377127,23771.27
2377221,23772.21
2377315,23773.15
2377413,23774.13
2377514,23775.14
2377611,23776.11
2377715,23777.15
2377829,23778.29
2377944,23779.44
2378056,23780.56
2378156,23781.56
2378262,23782.62
2378377,23783.77
2378492,23784.92
2378608,23786.08
2378709,23787.09
2378809,23788.09
2378914,23789.14
2379027,23790.27
2379137,23791.37
2379240,23792.4
2379342,23793.42
2379445,23794.45
2379547,23795.47
2379646,23796.46
2379744,23797.44
2379849,23798.49
2379952,23799.52
2380055,23800.55
2380152,23801.52
2380255,23802.55
2380366,23803.66
2380476,23804.76
2380580,23805.8
2380687,23806.87
2380798,23807.98
2380902,23809.02
2380998,23809.98
2381099,23810.99
2381202,23812.02
2381306,23813.06
2381403,23814.03
2381499,23814.99
2381607,23816.07
2381754,23817.54
2381902,23819.02
2382013,23820.13
2382125,23821.25
2382258,23822.58
2382392,23823.92
2382495,23824.95
2382597,23825.97
2382713,23827.13
2382842,23828.42
2382958,23829.58
2383063,23830.63
2383173,23831.73
2383294,23832.94
2383407,23834.07
2383512,23835.12
2383617,23836.17
2383728,23837.28
2383842,23838.42
2383955,23839.55
2384065,23840.65
2384169,23841.69
2384276,23842.76
2384402,23844.02
2384521,23845.21
2384635,23846.35
2384742,23847.42
2384856,23848.56
2384981,23849.81
2385099,23850.99
2385214,23852.14
2385320,23853.2
2385421,23854.21
2385528,23855.28
2385652,23856.52
2385773,23857.73
2385887,23858.87
2385992,23859.92
2386102,23861.02
2386215,23862.15
2386331,23863.31
2386444,23864.44
2386548,23865.48
2386651,23866.51
2386757,23867.57
2386869,23868.69
2386985,23869.85
2387094,23870.94
2387214,23872.14
2387334,23873.34
2387449,23874.49
2387557,23875.57
2387665,23876.65
2387777,23877.77
2387893,23878.93
2388004,23880.04
2388113,23881.13
2388232,23882.32
2388353,23883.53
2388465,23884.65
2388572,23885.72
2388676,23886.76
2388775,23887.75
2388876,23888.76
2388980,23889.8
2389091,23890.91
2389199,23891.99
2389298,23892.98
2389407,23894.07
2389522,23895.22
2389633,23896.33
2389734,23897.34
2389830,23898.3
2389933,23899.33
2390047,23900.47
2390159,23901.59
2390262,23902.62
2390382,23903.82
2390510,23905.1
2390628,23906.28
2390729,23907.29
2390834,23908.34
2390939,23909.39
2391046,23910.46
2391148,23911.48
2391251,23912.51
2391366,23913.66
2391493,23914.93
2391599,23915.99
2391706,23917.06
2391821,23918.21
2391943,23919.43
2392060,23920.6
2392175,23921.75
2392304,23923.04
2392420,23924.2
2392526,23925.26
2392621,23926.21
2392715,23927.15
2392822,23928.22
2392971,23929.71
2393120,23931.2
2393230,23932.3
2393340,23933.4
2393457,23934.57
2393571,23935.71
2393681,23936.81
2393790,23937.9
2393905,23939.05
2394011,23940.11
2394113,23941.13
2394215,23942.15
2394325,23943.25
2394437,23944.37
2394546,23945.46
2394654,23946.54
2394765,23947.65
2394877,23948.77
2394984,23949.84
2395084,23950.84
2395187,23951.87
2395294,23952.94
2395401,23954.01
2395506,23955.06
2395605,23956.05
2395710,23957.1
2395822,23958.22
2395934,23959.34
2396040,23960.4
2396138,23961.38
2396236,23962.36
2396334,23963.34
2396436,23964.36
2396538,23965.38
2396637,23966.37
2396742,23967.42
2396857,23968.57
2396976,23969.76
2397087,23970.87
2397208,23972.08
2397337,23973.37
2397452,23974.52
2397558,23975.58
2397668,23976.68
2397782,23977.82
2397887,23978.87
2397988,23979.88
2398098,23980.98
2398214,23982.14
2398330,23983.3
2398432,23984.32
2398526,23985.26
2398625,23986.25
2398734,23987.34
2398853,23988.53
2398961,23989.61
2399081,23990.81
2399212,23992.12
2399340,23993.4
2399454,23994.54
2399565,23995.65
2399675,23996.75
2399777,23997.77
2399874,23998.74
2399974,23999.74
2400076,24000.76
2400183,24001.83
2400287,24002.87
2400386,24003.86
2400495,24004.95
2400616,24006.16
2400726,24007.26
2400828,24008.28
2400935,24009.35
2401045,24010.45
2401151,24011.51
2401248,24012.48
2401345,24013.45
2401447,24014.47
2401550,24015.5
2401658,24016.58
2401765,24017.65
2401866,24018.66
2401972,24019.72
2402083,24020.83
2402188,24021.88
2402286,24022.86
2402388,24023.88
2402498,24024.98
2402614,24026.14
2402719,24027.19
2402821,24028.21
2402936,24029.36
2403059,24030.59
2403174,24031.74
2403276,24032.76
2403381,24033.81
2403491,24034.91
2403605,24036.05
2403713,24037.13
2403814,24038.14
2403916,24039.16
2404029,24040.29
2404141,24041.41
2404249,24042.49
2404351,24043.51
2404459,24044.59
2404573,24045.73
2404687,24046.87
2404790,24047.9
2404893,24048.93
2405000,24050.0
2405112,24051.12
2405223,24052.23
2405328,24053.28
2405443,24054.43
2405560,24055.6
2405678,24056.78
2405786,24057.86
2405895,24058.95
2406013,24060.13
2406137,24061.37
2406244,24062.44
2406351,24063.51
2406462,24064.62
2406575,24065.75
2406681,24066.81
2406788,24067.88
2406901,24069.01
2407010,24070.1
2407112,24071.12
2407215,24072.15
2407323,24073.23
2407434,24074.34
2407538,24075.38
2407636,24076.36
2407737,24077.37
2407841,24078.41
2407949,24079.49
2408057,24080.57
2408159,24081.59
2408269,24082.69
2408382,24083.82
2408490,24084.9
2408590,24085.9
2408694,24086.94
2408801,24088.01
2408906,24089.06
2409009,24090.09
2409107,24091.07
2409208,24092.08
2409312,24093.12
2409419,24094.19
2409521,24095.21
2409620,24096.2
2409726,24097.26
2409838,24098.38
2409949,24099.49
2410051,24100.51
2410154,24101.54
2410257,24102.57
2410359,24103.59
2410458,24104.58
2410557,24105.57
2410666,24106.66
2410780,24107.8
2410889,24108.89
2410991,24109.91
2411093,24110.93
2411200,24112.0
2411311,24113.11
2411419,24114.19
2411519,24115.19
2411622,24116.22
2411724,24117.24
2411824,24118.24
2411922,24119.22
2412018,24120.18
2412126,24121.26
2412248,24122.48
2412359,24123.59
2412458,24124.58
2412559,24125.59
2412666,24126.66
2412789,24127.89
2412908,24129.08
2413018,24130.18
2413170,24131.7
2413323,24133.23
2413435,24134.35
2413534,24135.34
2413642,24136.42
2413758,24137.58
2413880,24138.8
2413991,24139.91
2414111,24141.11
2414235,24142.35
2414356,24143.56
2414469,24144.69
2414576,24145.76
2414696,24146.96
2414822,24148.22
2414936,24149.36
2415042,24150.42
2415145,24151.45
2415253,24152.53
2415364,24153.64
2415478,24154.78
2415587,24155.87
2415737,24157.37
2415888,24158.88
2415998,24159.98
2416098,24160.98
2416208,24162.08
2416319,24163.19
2416444,24164.44
2416561,24165.61
2416673,24166.73
2416785,24167.85
2416897,24168.97
2417001,24170.01
2417114,24171.14
2417232,24172.32
2417343,24173.43
2417444,24174.44
2417546,24175.46
2417647,24176.47
2417744,24177.44
2417839,24178.39
2417936,24179.36
2418036,24180.36
2418141,24181.41
2418253,24182.53
2418359,24183.59
2418459,24184.59
2418566,24185.66
2418679,24186.79
2418784,24187.84
2418883,24188.83
2418989,24189.89
2419097,24190.97
2419200,24192.0
2419302,24193.02
2419419,24194.19
2419540,24195.4
2419659,24196.59
2419764,24197.64
2419866,24198.66
2419970,24199.7
2420084,24200.84
2420194,24201.94
2420300,24203.0
2420423,24204.23
2420555,24205.55
2420681,24206.81
2420792,24207.92
2420893,24208.93
2420996,24209.96
2421106,24211.06
2421214,24212.14
2421314,24213.14
2421419,24214.19
2421527,24215.27
2421632,24216.32
2421731,24217.31
2421826,24218.26
2421930,24219.3
2422036,24220.36
2422150,24221.5
2422254,24222.54
2422348,24223.48
2422442,24224.42
2422541,24225.41
2422652,24226.52
2422763,24227.63
2422869,24228.69
2422975,24229.75
2423106,24231.06
2423241,24232.41
2423360,24233.6
2423463,24234.63
2423572,24235.72
2423690,24236.9
2423808,24238.08
2423917,24239.17
2424014,24240.14
2424121,24241.21
2424234,24242.34
2424347,24243.47
2424456,24244.56
2424553,24245.53
2424651,24246.51
2424761,24247.61
2424876,24248.76
2424990,24249.9
2425097,24250.97
2425198,24251.98
2425304,24253.04
2425415,24254.15
2425528,24255.28
2425641,24256.41
2425744,24257.44
2425849,24258.49
2425956,24259.56
2426065,24260.65
2426172,24261.72
2426271,24262.71
2426372,24263.72
2426481,24264.81
2426590,24265.9
2426699,24266.99
2426809,24268.09
2426915,24269.15
2427025,24270.25
2427129,24271.29
2427236,24272.36
2427360,24273.6
2427489,24274.89
2427602,24276.02
2427710,24277.1
2427820,24278.2
2427934,24279.34
2428048,24280.48
2428152,24281.52
2428259,24282.59
2428377,24283.77
2428493,24284.93
2428600,24286.0
2428698,24286.98
2428807,24288.07
2428929,24289.29
2429056,24290.56
2429167,24291.67
2429268,24292.68
2429375,24293.75
2429491,24294.91
2429609,24296.09
2429722,24297.22
2429825,24298.25
2429933,24299.33
2430048,24300.48
2430164,24301.64
2430274,24302.74
2430375,24303.75
2430484,24304.84
2430595,24305.95
2430702,24307.02
2430802,24308.02
2430911,24309.11
2431030,24310.3
2431151,24311.51
2431258,24312.58
2431358,24313.58
2431465,24314.65
2431573,24315.73
2431683,24316.83
2431787,24317.87
2431894,24318.94
2432020,24320.2
2432152,24321.52
2432271,24322.71
2432373,24323.73
2432477,24324.77
2432582,24325.82
2432690,24326.9
2432795,24327.95
2432894,24328.94
2433000,24330.0
2433111,24331.11
2433220,24332.2
2433326,24333.26
2433425,24334.25
2433531,24335.31
2433647,24336.47
2433760,24337.6
2433863,24338.63
2433965,24339.65
2434071,24340.71
2434180,24341.8
2434288,24342.88
2434388,24343.88
2434488,24344.88
2434593,24345.93
2434702,24347.02
2434802,24348.02
2434899,24348.99
2435000,24350.0
2435107,24351.07
2435217,24352.17
2435330,24353.3
2435431,24354.31
2435528,24355.28
2435632,24356.32
2435745,24357.45
2435858,24358.58
2435967,24359.67
2436070,24360.7
2436186,24361.86
2436304,24363.04
2436421,24364.21
2436530,24365.3
2436629,24366.29
2436726,24367.26
2436826,24368.26
2436928,24369.28
2437027,24370.27
2437121,24371.21
2437217,24372.17
2437327,24373.27
2437448,24374.48
2437561,24375.61
2437667,24376.67
2437781,24377.81
2437894,24378.94
2438005,24380.05
2438106,24381.06
2438209,24382.09
2438314,24383.14
2438422,24384.22
2438534,24385.34
2438638,24386.38
2438746,24387.46
2438860,24388.6
2438971,24389.71
2439078,24390.78
2439175,24391.75
2439275,24392.75
2439382,24393.82
2439491,24394.91
2439593,24395.93
2439692,24396.92
2439795,24397.95
2439910,24399.1
2440025,24400.25
2440129,24401.29
2440230,24402.3
2440334,24403.34
2440444,24404.44
2440548,24405.48
2440647,24406.47
2440747,24407.47
2440846,24408.46
2440947,24409.47
2441047,24410.47
2441144,24411.44
2441247,24412.47
2441354,24413.54
2441466,24414.66
2441574,24415.74
2441676,24416.76
2441785,24417.85
2441899,24418.99
2442014,24420.14
2442118,24421.18
2442219,24422.19
2442324,24423.24
2442433,24424.33
2442542,24425.42
2442644,24426.44
2442743,24427.43
2442852,24428.52
2442967,24429.67
2443082,24430.82
2443186,24431.86
2443293,24432.93
2443406,24434.06
2443521,24435.21
2443630,24436.3
2443732,24437.32
2443839,24438.39
2443945,24439.45
2444045,24440.45
2444140,24441.4
2444240,24442.4
2444349,24443.49
2444461,24444.61
2444567,24445.67
2444674,24446.74
2444784,24447.84
2444886,24448.86
2444983,24449.83
2445087,24450.87
2445193,24451.93
2445299,24452.99
2445399,24453.99
2445497,24454.97
2445603,24456.03
2445713,24457.13
2445819,24458.19
2445918,24459.18
2446026,24460.26
2446133,24461.33
2446237,24462.37
2446340,24463.4
2446441,24464.41
2446554,24465.54
2446674,24466.74
2446791,24467.91
2446894,24468.94
2446996,24469.96
2447101,24471.01
2447205,24472.05
2447303,24473.03
2447400,24474.0
2447500,24475.0
2447600,24476.0
2447698,24476.98
2447790,24477.9
2447884,24478.84
2447979,24479.79
2448074,24480.74
2448167,24481.67
2448261,24482.61
2448360,24483.6
2448464,24484.64
2448568,24485.68
2448668,24486.68
2448775,24487.75
2448886,24488.86
2449001,24490.01
2449115,24491.15
2449219,24492.19
2449331,24493.31
2449447,24494.47
2449566,24495.66
2449675,24496.75
2449781,24497.81
2449901,24499.01
2450018,24500.18
2450129,24501.29
2450229,24502.29
2450327,24503.27
2450425,24504.25
2450523,24505.23
2450628,24506.28
2450738,24507.38
2450847,24508.47
2450968,24509.68
2451098,24510.98
2451215,24512.15
2451317,24513.17
2451416,24514.16
2451517,24515.17
2451617,24516.17
2451714,24517.14
2451809,24518.09
2451930,24519.3
2452094,24520.94
2452241,24522.41
2452376,24523.76
2452499,24524.99
2452609,24526.09
2452731,24527.31
2452845,24528.45
2452953,24529.53
2453059,24530.59
2453160,24531.6
2453264,24532.64
2453377,24533.77
2453489,24534.89
2453599,24535.99
2453707,24537.07
2453812,24538.12
2453918,24539.18
2454026,24540.26
2454133,24541.33
2454238,24542.38
2454340,24543.4
2454436,24544.36
2454532,24545.32
2454629,24546.29
2454726,24547.26
2454823,24548.23
2454918,24549.18
2455011,24550.11
2455111,24551.11
2455212,24552.12
2455315,24553.15
2455415,24554.15
2455519,24555.19
2455626,24556.26
2455734,24557.34
2455838,24558.38
2455938,24559.38
2456046,24560.46
2456158,24561.58
2456269,24562.69
2456378,24563.78
2456479,24564.79
2456583,24565.83
2456691,24566.91
2456796,24567.96
2456900,24569.0
2457008,24570.08
2457117,24571.17
2457223,24572.23
2457325,24573.25
2457432,24574.32
2457541,24575.41
2457650,24576.5
2457755,24577.55
2457857,24578.57
2457964,24579.64
2458080,24580.8
2458193,24581.93
2458300,24583.0
2458408,24584.08
2458527,24585.27
2458639,24586.39
2458745,24587.45
2458846,24588.46
2458974,24589.74
2459088,24590.88
2459220,24592.2
2459321,24593.21
2459422,24594.22
2459534,24595.34
2459654,24596.54
2459770,24597.7
2459873,24598.73
2459975,24599.75
2460080,24600.8
2460184,24601.84
2460283,24602.83
2460384,24603.84
2460487,24604.87
2460590,24605.9
2460693,24606.93
2460792,24607.92
2460893,24608.93
2461002,24610.02
2461107,24611.07
2461213,24612.13
2461314,24613.14
2461410,24614.1
2461508,24615.08
2461610,24616.1
2461714,24617.14
2461823,24618.23
2461927,24619.27
2462033,24620.33
2462154,24621.54
2462269,24622.69
2462388,24623.88
2462490,24624.9
2462595,24625.95
2462704,24627.04
2462818,24628.18
2462931,24629.31
2463039,24630.39
2463170,24631.7
2463301,24633.01
2463414,24634.14
2463515,24635.15
2463618,24636.18
2463726,24637.26
2463834,24638.34
2463938,24639.38
2464036,24640.36
2464138,24641.38
2464239,24642.39
2464341,24643.41
2464442,24644.42
2464538,24645.38
2464637,24646.37
2464737,24647.37
2464840,24648.4
2464940,24649.4
2465035,24650.35
2465128,24651.28
2465228,24652.28
2465330,24653.3
2465434,24654.34
2465536,24655.36
2465643,24656.43
2465754,24657.54
2465862,24658.62
2465964,24659.64
2466067,24660.67
2466171,24661.71
2466273,24662.73
2466369,24663.69
2466463,24664.63
2466560,24665.6
2466658,24666.58
2466755,24667.55
2466850,24668.5
2466954,24669.54
2467068,24670.68
2467182,24671.82
2467285,24672.85
2467383,24673.83
2467487,24674.87
2467605,24676.05
2467724,24677.24
2467833,24678.33
2467943,24679.43
2468065,24680.65
2468188,24681.88
2468302,24683.02
2468405,24684.05
2468507,24685.07
2468612,24686.12
2468719,24687.19
2468822,24688.22
2468923,24689.23
2469026,24690.26
2469132,24691.32
2469236,24692.36
2469337,24693.37
2469436,24694.36
2469538,24695.38
2469639,24696.39
2469737,24697.37
2469833,24698.33
2469931,24699.31
2470033,24700.33
2470137,24701.37
2470241,24702.41
2470340,24703.4
2470441,24704.41
2470547,24705.47
2470651,24706.51
2470754,24707.54
2470855,24708.55
2470953,24709.53
2471054,24710.54
2471159,24711.59
2471267,24712.67
2471369,24713.69
2471469,24714.69
2471572,24715.72
2471676,24716.76
2471780,24717.8
2471882,24718.82
2471981,24719.81
2472082,24720.82
2472191,24721.91
2472305,24723.05
2472416,24724.16
2472519,24725.19
2472625,24726.25
2472733,24727.33
2472839,24728.39
2472940,24729.4
2473037,24730.37
2473135,24731.35
2473233,24732.33
2473334,24733.34
2473433,24734.33
2473529,24735.29
2473632,24736.32
2473740,24737.4
2473848,24738.48
2473957,24739.57
2474060,24740.6
2474168,24741.68
2474281,24742.81
2474392,24743.92
2474500,24745.0
2474610,24746.1
2474722,24747.22
2474829,24748.29
2474931,24749.31
2475038,24750.38
2475150,24751.5
2475263,24752.63
2475369,24753.69
2475475,24754.75
2475585,24755.85
2475696,24756.96
2475805,24758.05
2475908,24759.08
2476012,24760.12
2476119,24761.19
2476228,24762.28
2476334,24763.34
2476433,24764.33
2476536,24765.36
2476647,24766.47
2476763,24767.63
2476872,24768.72
2476974,24769.74
2477081,24770.81
2477189,24771.89
2477296,24772.96
2477399,24773.99
2477499,24774.99
2477604,24776.04
2477714,24777.14
2477825,24778.25
2477929,24779.29
2478027,24780.27
2478130,24781.3
2478237,24782.37
2478350,24783.5
2478457,24784.57
2478558,24785.58
2478666,24786.66
2478780,24787.8
2478890,24788.9
2478991,24789.91
2479090,24790.9
2479192,24791.92
2479298,24792.98
2479405,24794.05
2479506,24795.06
2479606,24796.06
2479711,24797.11
2479825,24798.25
2479945,24799.45
2480060,24800.6
2480181,24801.81
2480307,24803.07
2480420,24804.2
2480525,24805.25
2480631,24806.31
2480744,24807.44
2480858,24808.58
2480957,24809.57
2481058,24810.58
2481163,24811.63
2481272,24812.72
2481387,24813.87
2481493,24814.93
2481601,24816.01
2481715,24817.15
2481830,24818.3
2481942,24819.42
2482045,24820.45
2482151,24821.51
2482261,24822.61
2482370,24823.7
2482473,24824.73
2482577,24825.77
2482683,24826.83
2482791,24827.91
2482896,24828.96
2482994,24829.94
2483098,24830.98
2483206,24832.06
2483310,24833.1
2483411,24834.11
2483509,24835.09
2483612,24836.12
2483720,24837.2
2483828,24838.28
2483930,24839.3
2484029,24840.29
2484132,24841.32
2484240,24842.4
2484350,24843.5
2484452,24844.52
2484560,24845.6
2484678,24846.78
2484791,24847.91
2484899,24848.99
2485004,24850.04
2485115,24851.15
2485233,24852.33
2485350,24853.5
2485456,24854.56
2485564,24855.64
2485681,24856.81
2485806,24858.06
2485923,24859.23
2486030,24860.3
2486151,24861.51
2486274,24862.74
2486393,24863.93
2486498,24864.98
2486604,24866.04
2486717,24867.17
2486830,24868.3
2486931,24869.31
2487033,24870.33
2487145,24871.45
2487258,24872.58
2487368,24873.68
2487469,24874.69
2487572,24875.72
2487678,24876.78
2487783,24877.83
2487886,24878.86
2487985,24879.85
2488088,24880.88
2488190,24881.9
2488291,24882.91
2488388,24883.88
2488487,24884.87
2488592,24885.92
2488700,24887.0
2488809,24888.09
2488906,24889.06
2489010,24890.1
2489121,24891.21
2489230,24892.3
2489337,24893.37
2489437,24894.37
2489537,24895.37
2489641,24896.41
2489750,24897.5
2489853,24898.53
2489961,24899.61
2490079,24900.79
2490201,24902.01
2490314,24903.14
2490415,24904.15
2490519,24905.19
2490629,24906.29
2490741,24907.41
2490843,24908.43
2490941,24909.41
2491047,24910.47
2491162,24911.62
2491273,24912.73
2491376,24913.76
2491476,24914.76
2491584,24915.84
2491693,24916.93
2491802,24918.02
2491910,24919.1
2492009,24920.09
2492107,24921.07
2492212,24922.12
2492320,24923.2
2492430,24924.3
2492530,24925.3
2492631,24926.31
2492743,24927.43
2492858,24928.58
2492972,24929.72
2493073,24930.73
2493168,24931.68
2493263,24932.63
2493364,24933.64
2493477,24934.77
2493590,24935.9
2493713,24937.13
2493851,24938.51
2493989,24939.89
2494096,24940.96
2494196,24941.96
2494299,24942.99
2494404,24944.04
2494512,24945.12
2494619,24946.19
2494723,24947.23
2494826,24948.26
2494933,24949.33
2495044,24950.44
2495155,24951.55
2495260,24952.6
2495364,24953.64
2495470,24954.7
2495576,24955.76
2495684,24956.84
2495788,24957.88
2495885,24958.85
2495986,24959.86
2496088,24960.88
2496191,24961.91
2496292,24962.92
2496388,24963.88
2496489,24964.89
2496593,24965.93
2496701,24967.01
2496809,24968.09
2496910,24969.1
2497013,24970.13
2497119,24971.19
2497226,24972.26
2497330,24973.3
2497429,24974.29
2497530,24975.3
2497632,24976.32
2497734,24977.34
2497836,24978.36
2497935,24979.35
2498037,24980.37
2498141,24981.41
2498246,24982.46
2498350,24983.5
2498452,24984.52
2498557,24985.57
2498667,24986.67
2498775,24987.75
2498877,24988.77
2498974,24989.74
2499075,24990.75
2499175,24991.75
2499276,24992.76
2499374,24993.74
2499470,24994.7
2499569,24995.69
2499672,24996.72
2499773,24997.73
2499870,24998.7
2499969,24999.69
2500067,25000.67
2500168,25001.68
2500268,25002.68
2500363,25003.63
2500461,25004.61
2500563,25005.63
2500662,25006.62
2500757,25007.57
2500858,25008.58
2500964,25009.64
2501073,25010.73
2501178,25011.78
2501274,25012.74
2501373,25013.73
2501475,25014.75
2501579,25015.79
2501684,25016.84
2501787,25017.87
2501895,25018.95
2502008,25020.08
2502116,25021.16
2502214,25022.14
2502312,25023.12
2502412,25024.12
2502517,25025.17
2502622,25026.22
2502721,25027.21
2502822,25028.22
2502933,25029.33
2503047,25030.47
2503157,25031.57
2503257,25032.57
2503357,25033.57
2503456,25034.56
2503554,25035.54
2503648,25036.48
2503739,25037.39
2503832,25038.32
2503928,25039.28
2504025,25040.25
2504128,25041.28
2504231,25042.31
2504345,25043.45
2504460,25044.6
2504567,25045.67
2504668,25046.68
2504765,25047.65
2504859,25048.59
2504960,25049.6
2505064,25050.64
2505163,25051.63
2505284,25052.84
2505405,25054.05
2505523,25055.23
2505634,25056.34
2505746,25057.46
2505859,25058.59
2505975,25059.75
2506087,25060.87
2506193,25061.93
2506292,25062.92
2506389,25063.89
2506490,25064.9
2506601,25066.01
2506721,25067.21
2506834,25068.34
2506945,25069.45
2507051,25070.51
2507152,25071.52
2507256,25072.56
2507362,25073.62
2507466,25074.66
2507569,25075.69
2507668,25076.68
2507769,25077.69
2507874,25078.74
2507981,25079.81
2508084,25080.84
2508185,25081.85
2508281,25082.81
2508382,25083.82
2508487,25084.87
2508593,25085.93
2508695,25086.95
2508797,25087.97
2508894,25088.94
2508994,25089.94
2509095,25090.95
2509197,25091.97
2509297,25092.97
2509396,25093.96
2509499,25094.99
2509606,25096.06
2509713,25097.13
2509819,25098.19
2509917,25099.17
2510016,25100.16
2510116,25101.16
2510216,25102.16
2510314,25103.14
2510410,25104.1
2510512,25105.12
2510617,25106.17
2510722,25107.22
2510827,25108.27
2510927,25109.27
2511026,25110.26
2511129,25111.29
2511235,25112.35
2511339,25113.39
2511439,25114.39
2511555,25115.55
2511671,25116.71
2511789,25117.89
2511892,25118.92
2511995,25119.95
2512101,25121.01
2512207,25122.07
2512308,25123.08
2512405,25124.05
2512502,25125.02
2512602,25126.02
2512702,25127.02
2512800,25128.0
2512894,25128.94
2512993,25129.93
2513095,25130.95
2513198,25131.98
2513296,25132.96
2513398,25133.98
2513503,25135.03
2513606,25136.06
2513709,25137.09
2513808,25138.08
2513904,25139.04
2514009,25140.09
2514119,25141.19
2514234,25142.34
2514344,25143.44
2514457,25144.57
2514575,25145.75
2514690,25146.9
2514792,25147.92
2514888,25148.88
2514990,25149.9
2515098,25150.98
2515202,25152.02
2515300,25153.0
2515403,25154.03
2515516,25155.16
2515632,25156.32
2515739,25157.39
2515842,25158.42
2515955,25159.55
2516067,25160.67
2516174,25161.74
2516274,25162.74
2516379,25163.79
2516483,25164.83
2516588,25165.88
2516690,25166.9
2516787,25167.87
2516888,25168.88
2516990,25169.9
2517089,25170.89
2517185,25171.85
2517277,25172.77
2517373,25173.73
2517470,25174.7
2517569,25175.69
2517665,25176.65
2517761,25177.61
2517863,25178.63
2517969,25179.69
2518073,25180.73
2518172,25181.72
2518271,25182.71
2518376,25183.76
2518488,25184.88
2518601,25186.01
2518703,25187.03
2518799,25187.99
2518901,25189.01
2519009,25190.09
2519126,25191.26
2519243,25192.43
2519357,25193.57
2519472,25194.72
2519598,25195.98
2519725,25197.25
2519836,25198.36
2519938,25199.38
2520044,25200.44
2520154,25201.54
2520266,25202.66
2520375,25203.75
2520473,25204.73
2520576,25205.76
2520681,25206.81
2520790,25207.9
2520894,25208.94
2521001,25210.01
2521114,25211.14
2521231,25212.31
2521342,25213.42
2521459,25214.59
2521582,25215.82
2521697,25216.97
2521800,25218.0
2521901,25219.01
2522009,25220.09
2522126,25221.26
2522235,25222.35
2522337,25223.37
2522434,25224.34
2522543,25225.43
2522658,25226.58
2522772,25227.72
2522876,25228.76
2522975,25229.75
2523077,25230.77
2523183,25231.83
2523288,25232.88
2523388,25233.88
2523486,25234.86
2523589,25235.89
2523693,25236.93
2523795,25237.95
2523893,25238.93
2523996,25239.96
2524102,25241.02
2524206,25242.06
2524304,25243.04
2524399,25243.99
2524499,25244.99
2524601,25246.01
2524705,25247.05
2524857,25248.57
2525010,25250.1
2525124,25251.24
2525226,25252.26
2525333,25253.33
2525446,25254.46
2525559,25255.59
2525663,25256.63
2525765,25257.65
2525869,25258.69
2525978,25259.78
2526090,25260.9
2526195,25261.95
2526305,25263.05
2526422,25264.22
2526534,25265.34
2526641,25266.41
2526745,25267.45
2526845,25268.45
2526947,25269.47
2527049,25270.49
2527152,25271.52
2527262,25272.62
2527402,25274.02
2527529,25275.29
2527643,25276.43
2527749,25277.49
2527866,25278.66
2527991,25279.91
2528110,25281.1
2528227,25282.27
2528334,25283.34
2528442,25284.42
2528561,25285.61
2528685,25286.85
2528798,25287.98
2528905,25289.05
2529022,25290.22
2529143,25291.43
2529259,25292.59
2529362,25293.62
2529464,25294.64
2529566,25295.66
2529665,25296.65
2529764,25297.64
2529866,25298.66
2529951,25299.51
2530036,25300.36
2530168,25301.68
2530300,25303.0
2530401,25304.01
2530501,25305.01
2530607,25306.07
2530721,25307.21
2530830,25308.3
2530932,25309.32
2531053,25310.53
2531176,25311.76
2531293,25312.93
2531401,25314.01
2531506,25315.06
2531618,25316.18
2531734,25317.34
2531843,25318.43
2531941,25319.41
2532041,25320.41
2532143,25321.43
2532250,25322.5
2532359,25323.59
2532463,25324.63
2532569,25325.69
2532677,25326.77
2532783,25327.83
2532883,25328.83
2532983,25329.83
2533095,25330.95
2533202,25332.02
2533307,25333.07
2533405,25334.05
2533505,25335.05
2533632,25336.32
2533772,25337.72
2533900,25339.0
2534008,25340.08
2534125,25341.25
2534256,25342.56
2534376,25343.76
2534492,25344.92
2534597,25345.97
2534711,25347.11
2534831,25348.31
2534950,25349.5
2535062,25350.62
2535163,25351.63
2535266,25352.66
2535372,25353.72
2535486,25354.86
2535602,25356.02
2535711,25357.11
2535823,25358.23
2535936,25359.36
2536048,25360.48
2536157,25361.57
2536257,25362.57
2536355,25363.55
2536465,25364.65
2536587,25365.87
2536708,25367.08
2536821,25368.21
2536929,25369.29
2537044,25370.44
2537162,25371.62
2537278,25372.78
2537384,25373.84
2537489,25374.89
2537611,25376.11
2537738,25377.38
2537854,25378.54
2537963,25379.63
2538082,25380.82
2538202,25382.02
2538310,25383.1
2538414,25384.14
2538527,25385.27
2538643,25386.43
2538755,25387.55
2538857,25388.57
2538959,25389.59
2539067,25390.67
2539178,25391.78
2539289,25392.89
2539394,25393.94
2539499,25394.99
2539607,25396.07
2539718,25397.18
2539824,25398.24
2539922,25399.22
2540020,25400.2
2540120,25401.2
2540220,25402.2
2540317,25403.17
2540412,25404.12
2540515,25405.15
2540620,25406.2
2540725,25407.25
2540823,25408.23
2540927,25409.27
2541039,25410.39
2541151,25411.51
2541259,25412.59
2541359,25413.59
2541466,25414.66
2541578,25415.78
2541690,25416.9
2541798,25417.98
2541904,25419.04
2542007,25420.07
2542108,25421.08
2542205,25422.05
2542315,25423.15
2542442,25424.42
2542570,25425.7
2542683,25426.83
2542797,25427.97
2542922,25429.22
2543040,25430.4
2543148,25431.48
2543251,25432.51
2543364,25433.64
2543478,25434.78
2543586,25435.86
2543688,25436.88
2543804,25438.04
2543932,25439.32
2544061,25440.61
2544173,25441.73
2544282,25442.82
2544399,25443.99
2544517,25445.17
2544627,25446.27
2544730,25447.3
2544836,25448.36
2544947,25449.47
2545053,25450.53
2545156,25451.56
2545276,25452.76
2545396,25453.96
2545523,25455.23
2545641,25456.41
2545745,25457.45
2545856,25458.56
2545969,25459.69
2546078,25460.78
2546183,25461.83
2546282,25462.82
2546388,25463.88
2546502,25465.02
2546617,25466.17
2546722,25467.22
2546820,25468.2
2546923,25469.23
2547028,25470.28
2547130,25471.3
2547227,25472.27
2547326,25473.26
2547428,25474.28
2547536,25475.36
2547638,25476.38
2547750,25477.5
2547877,25478.77
2548004,25480.04
2548121,25481.21
2548223,25482.23
2548326,25483.26
2548441,25484.41
2548547,25485.47
2548647,25486.47
2548744,25487.44
2548855,25488.55
2548986,25489.86
2549111,25491.11
2549221,25492.21
2549346,25493.46
2549470,25494.7
2549588,25495.88
2549694,25496.94
2549801,25498.01
2549914,25499.14
2550035,25500.35
2550143,25501.43
2550244,25502.44
2550354,25503.54
2550463,25504.63
2550573,25505.73
2550677,25506.77
2550778,25507.78
2550894,25508.94
2551019,25510.19
2551144,25511.44
2551253,25512.53
2551349,25513.49
2551445,25514.45
2551559,25515.59
2551692,25516.92
2551809,25518.09
2551916,25519.16
2552043,25520.43
2552181,25521.81
2552306,25523.06
2552412,25524.12
2552520,25525.2
2552631,25526.31
2552744,25527.44
2552849,25528.49
2552950,25529.5
2553061,25530.61
2553171,25531.71
2553275,25532.75
2553373,25533.73
2553477,25534.77
2553584,25535.84
2553692,25536.92
2553794,25537.94
2553895,25538.95
2554003,25540.03
2554111,25541.11
2554218,25542.18
2554318,25543.18
2554418,25544.18
2554523,25545.23
2554631,25546.31
2554741,25547.41
2554847,25548.47
2554945,25549.45
2555043,25550.43
2555149,25551.49
2555264,25552.64
2555378,25553.78
2555487,25554.87
2555611,25556.11
2555739,25557.39
2555849,25558.49
2555950,25559.5
2556056,25560.56
2556164,25561.64
2556270,25562.7
2556371,25563.71
2556474,25564.74
2556584,25565.84
2556695,25566.95
2556799,25567.99
2556897,25568.97
2557001,25570.01
2557112,25571.12
2557224,25572.24
2557327,25573.27
2557431,25574.31
2557552,25575.52
2557679,25576.79
2557795,25577.95
2557896,25578.96
2558004,25580.04
2558116,25581.16
2558224,25582.24
2558327,25583.27
2558423,25584.23
2558525,25585.25
2558633,25586.33
2558741,25587.41
2558844,25588.44
2558944,25589.44
2559046,25590.46
2559154,25591.54
2559265,25592.65
2559368,25593.68
2559469,25594.69
2559580,25595.8
2559697,25596.97
2559812,25598.12
2559920,25599.2
2560029,25600.29
2560144,25601.44
2560257,25602.57
2560363,25603.63
2560462,25604.62
2560570,25605.7
2560689,25606.89
2560802,25608.02
2560912,25609.12
2561014,25610.14
2561115,25611.15
2561219,25612.19
2561330,25613.3
2561441,25614.41
2561547,25615.47
2561660,25616.6
2561776,25617.76
2561889,25618.89
2561994,25619.94
2562091,25620.91
2562191,25621.91
2562298,25622.98
2562402,25624.02
2562506,25625.06
2562606,25626.06
2562715,25627.15
2562835,25628.35
2562955,25629.55
2563070,25630.7
2563173,25631.73
2563271,25632.71
2563378,25633.78
2563499,25634.99
2563622,25636.22
2563730,25637.3
2563845,25638.45
2563960,25639.6
2564079,25640.79
2564187,25641.87
2564286,25642.86
2564383,25643.83
2564483,25644.83
2564587,25645.87
2564700,25647.0
2564807,25648.07
2564945,25649.45
2565084,25650.84
2565202,25652.02
2565304,25653.04
2565403,25654.03
2565512,25655.12
2565624,25656.24
2565736,25657.36
2565839,25658.39
2565942,25659.42
2566049,25660.49
2566158,25661.58
2566261,25662.61
2566359,25663.59
2566465,25664.65
2566574,25665.74
2566680,25666.8
2566779,25667.79
2566878,25668.78
2566992,25669.92
2567112,25671.12
2567231,25672.31
2567342,25673.42
2567443,25674.43
2567546,25675.46
2567656,25676.56
2567768,25677.68
2567875,25678.75
2567977,25679.77
2568091,25680.91
2568215,25682.15
2568330,25683.3
2568431,25684.31
2568530,25685.3
2568640,25686.4
2568756,25687.56
2568868,25688.68
2568973,25689.73
2569072,25690.72
2569179,25691.79
2569295,25692.95
2569408,25694.08
2569510,25695.1
2569615,25696.15
2569724,25697.24
2569831,25698.31
2569931,25699.31
2570033,25700.33
2570151,25701.51
2570272,25702.72
2570391,25703.91
2570502,25705.02
2570622,25706.22
2570749,25707.49
2570875,25708.75
2570989,25709.89
2571095,25710.95
2571208,25712.08
2571328,25713.28
2571440,25714.4
2571541,25715.41
2571647,25716.47
2571764,25717.64
2571883,25718.83
2571997,25719.97
2572101,25721.01
2572213,25722.13
2572326,25723.26
2572437,25724.37
2572539,25725.39
2572641,25726.41
2572750,25727.5
2572859,25728.59
2572964,25729.64
2573062,25730.62
2573164,25731.64
2573269,25732.69
2573376,25733.76
2573481,25734.81
2573580,25735.8
2573686,25736.86
2573794,25737.94
2573902,25739.02
2574004,25740.04
2574110,25741.1
2574221,25742.21
2574333,25743.33
2574439,25744.39
2574541,25745.41
2574651,25746.51
2574768,25747.68
2574879,25748.79
2574984,25749.84
2575084,25750.84
2575189,25751.89
2575298,25752.98
2575406,25754.06
2575506,25755.06
2575614,25756.14
2575729,25757.29
2575843,25758.43
2575947,25759.47
2576046,25760.46
2576150,25761.5
2576259,25762.59
2576369,25763.69
2576473,25764.73
2576576,25765.76
2576686,25766.86
2576799,25767.99
2576907,25769.07
2577009,25770.09
2577113,25771.13
2577224,25772.24
2577342,25773.42
2577462,25774.62
2577573,25775.73
2577692,25776.92
2577813,25778.13
2577929,25779.29
2578033,25780.33
2578135,25781.35
2578239,25782.39
2578347,25783.47
2578453,25784.53
2578558,25785.58
2578669,25786.69
2578783,25787.83
2578894,25788.94
2578994,25789.94
2579096,25790.96
2579192,25791.92
2579285,25792.85
2579377,25793.77
2579467,25794.67
2579562,25795.62
2579667,25796.67
2579772,25797.72
2579869,25798.69
2579967,25799.67
2580078,25800.78
2580186,25801.86
2580292,25802.92
2580394,25803.94
2580506,25805.06
2580618,25806.18
2580726,25807.26
2580825,25808.25
2580921,25809.21
2581021,25810.21
2581122,25811.22
2581220,25812.2
2581317,25813.17
2581423,25814.23
2581549,25815.49
2581675,25816.75
2581788,25817.88
2581895,25818.95
2582006,25820.06
2582121,25821.21
2582233,25822.33
2582339,25823.39
2582439,25824.39
2582549,25825.49
2582663,25826.63
2582771,25827.71
2582876,25828.76
2582977,25829.77
2583084,25830.84
2583197,25831.97
2583308,25833.08
2583413,25834.13
2583509,25835.09
2583609,25836.09
2583715,25837.15
2583827,25838.27
2583936,25839.36
2584039,25840.39
2584138,25841.38
2584242,25842.42
2584347,25843.47
2584453,25844.53
2584555,25845.55
2584657,25846.57
2584762,25847.62
2584872,25848.72
2584977,25849.77
2585075,25850.75
2585177,25851.77
2585290,25852.9
2585407,25854.07
2585515,25855.15
2585615,25856.15
2585721,25857.21
2585832,25858.32
2585946,25859.46
2586049,25860.49
2586161,25861.61
2586280,25862.8
2586394,25863.94
2586501,25865.01
2586604,25866.04
2586715,25867.15
2586829,25868.29
2586944,25869.44
2587047,25870.47
2587152,25871.52
2587264,25872.64
2587378,25873.78
2587484,25874.84
2587583,25875.83
2587688,25876.88
2587796,25877.96
2587902,25879.02
2588003,25880.03
2588104,25881.04
2588211,25882.11
2588321,25883.21
2588423,25884.23
2588522,25885.22
2588623,25886.23
2588731,25887.31
2588839,25888.39
2588942,25889.42
2589041,25890.41
2589145,25891.45
2589258,25892.58
2589366,25893.66
2589465,25894.65
2589568,25895.68
2589673,25896.73
2589779,25897.79
2589879,25898.79
2589974,25899.74
2590075,25900.75
2590187,25901.87
2590301,25903.01
2590410,25904.1
2590508,25905.08
2590612,25906.12
2590723,25907.23
2590835,25908.35
2590944,25909.44
2591045,25910.45
2591156,25911.56
2591272,25912.72
2591387,25913.87
2591498,25914.98
2591603,25916.03
2591705,25917.05
2591817,25918.17
2591933,25919.33
2592043,25920.43
2592148,25921.48
2592248,25922.48
2592355,25923.55
2592472,25924.72
2592589,25925.89
2592703,25927.03
2592807,25928.07
2592911,25929.11
2593017,25930.17
2593121,25931.21
2593223,25932.23
2593335,25933.35
2593447,25934.47
2593549,25935.49
2593646,25936.46
2593747,25937.47
2593852,25938.52
2593960,25939.6
2594059,25940.59
2594155,25941.55
2594265,25942.65
2594382,25943.82
2594489,25944.89
2594590,25945.9
2594688,25946.88
2594793,25947.93
2594899,25948.99
2595000,25950.0
2595096,25950.96
2595195,25951.95
2595297,25952.97
2595399,25953.99
2595499,25954.99
2595594,25955.94
2595692,25956.92
2595792,25957.92
2595892,25958.92
2595989,25959.89
2596083,25960.83
2596182,25961.82
2596287,25962.87
2596394,25963.94
2596498,25964.98
2596595,25965.95
2596693,25966.93
2596791,25967.91
2596890,25968.9
2596988,25969.88
2597086,25970.86
2597196,25971.96
2597308,25973.08
2597417,25974.17
2597517,25975.17
2597618,25976.18
2597730,25977.3
2597846,25978.46
2597958,25979.58
2598063,25980.63
2598173,25981.73
2598293,25982.93
2598411,25984.11
2598520,25985.2
2598619,25986.19
2598721,25987.21
2598827,25988.27
2598931,25989.31
2599034,25990.34
2599133,25991.33
2599237,25992.37
2599347,25993.47
2599458,25994.58
2599562,25995.62
2599662,25996.62
2599763,25997.63
2599870,25998.7
2599976,25999.76
2600077,26000.77
2600178,26001.78
2600286,26002.86
2600398,26003.98
2600512,26005.12
2600617,26006.17
2600726,26007.26
2600851,26008.51
2600977,26009.77
2601091,26010.91
2601195,26011.95
2601303,26013.03
2601413,26014.13
2601522,26015.22
2601626,26016.26
2601729,26017.29
2601837,26018.37
2601953,26019.53
2602070,26020.7
2602185,26021.85
2602292,26022.92
2602399,26023.99
2602510,26025.1
2602617,26026.17
2602717,26027.17
2602820,26028.2
2602926,26029.26
2603033,26030.33
2603132,26031.32
2603224,26032.24
2603316,26033.16
2603422,26034.22
2603552,26035.52
2603677,26036.77
2603791,26037.91
2603914,26039.14
2604037,26040.37
2604152,26041.52
2604255,26042.55
2604360,26043.6
2604473,26044.73
2604587,26045.87
2604704,26047.04
2604813,26048.13
2604917,26049.17
2605025,26050.25
2605134,26051.34
2605242,26052.42
2605345,26053.45
2605446,26054.46
2605550,26055.5
2605656,26056.56
2605763,26057.63
2605863,26058.63
2605965,26059.65
2606072,26060.72
2606185,26061.85
2606294,26062.94
2606397,26063.97
2606502,26065.02
2606618,26066.18
2606731,26067.31
2606832,26068.32
2606934,26069.34
2607036,26070.36
2607144,26071.44
2607251,26072.51
2607351,26073.51
2607456,26074.56
2607562,26075.62
2607665,26076.65
2607764,26077.64
2607860,26078.6
2607961,26079.61
2608067,26080.67
2608169,26081.69
2608263,26082.63
2608361,26083.61
2608464,26084.64
2608569,26085.69
2608672,26086.72
2608774,26087.74
2608883,26088.83
2608993,26089.93
2609101,26091.01
2609202,26092.02
2609308,26093.08
2609421,26094.21
2609537,26095.37
2609647,26096.47
2609747,26097.47
2609854,26098.54
2609966,26099.66
2610077,26100.77
2610184,26101.84
2610281,26102.81
2610386,26103.86
2610494,26104.94
2610597,26105.97
2610695,26106.95
2610789,26107.89
2610891,26108.91
2611007,26110.07
2611121,26111.21
2611230,26112.3
2611330,26113.3
2611443,26114.43
2611556,26115.56
2611664,26116.64
2611764,26117.64
2611869,26118.69
2611979,26119.79
2612090,26120.9
2612202,26122.02
2612308,26123.08
2612411,26124.11
2612521,26125.21
2612636,26126.36
2612750,26127.5
2612854,26128.54
2612962,26129.62
2613073,26130.73
2613183,26131.83
2613288,26132.88
2613390,26133.9
2613497,26134.97
2613614,26136.14
2613730,26137.3
2613841,26138.41
2613943,26139.43
2614051,26140.51
2614160,26141.6
2614270,26142.7
2614373,26143.73
2614478,26144.78
2614590,26145.9
2614699,26146.99
2614809,26148.09
2614918,26149.18
2615020,26150.2
2615135,26151.35
2615258,26152.58
2615375,26153.75
2615486,26154.86
2615588,26155.88
2615694,26156.94
2615809,26158.09
2615921,26159.21
2616024,26160.24
2616121,26161.21
2616224,26162.24
2616321,26163.21
2616413,26164.13
2616507,26165.07
2616616,26166.16
2616740,26167.4
2616865,26168.65
2616983,26169.83
2617110,26171.1
2617238,26172.38
2617357,26173.57
2617477,26174.77
2617572,26175.72
2617671,26176.71
2617773,26177.73
2617882,26178.82
2617987,26179.87
2618086,26180.86
2618189,26181.89
2618298,26182.98
2618403,26184.03
2618501,26185.01
2618599,26185.99
2618699,26186.99
2618800,26188.0
2618900,26189.0
2618997,26189.97
2619094,26190.94
2619197,26191.97
2619312,26193.12
2619430,26194.3
2619536,26195.36
2619643,26196.43
2619751,26197.51
2619859,26198.59
2619965,26199.65
2620066,26200.66
2620168,26201.68
2620272,26202.72
2620378,26203.78
2620482,26204.82
2620584,26205.84
2620682,26206.82
2620782,26207.82
2620884,26208.84
2620986,26209.86
2621086,26210.86
2621190,26211.9
2621299,26212.99
2621424,26214.24
2621537,26215.37
2621641,26216.41
2621747,26217.47
2621852,26218.52
2621953,26219.53
2622052,26220.52
2622147,26221.47
2622240,26222.4
2622343,26223.43
2622458,26224.58
2622573,26225.73
2622676,26226.76
2622779,26227.79
2622885,26228.85
2622998,26229.98
2623103,26231.03
2623206,26232.06
2623316,26233.16
2623435,26234.35
2623546,26235.46
2623649,26236.49
2623756,26237.56
2623867,26238.67
2623977,26239.77
2624080,26240.8
2624178,26241.78
2624277,26242.77
2624382,26243.82
2624487,26244.87
2624592,26245.92
2624692,26246.92
2624795,26247.95
2624902,26249.02
2625008,26250.08
2625107,26251.07
2625202,26252.02
2625301,26253.01
2625402,26254.02
2625502,26255.02
2625601,26256.01
2625707,26257.07
2625820,26258.2
2625935,26259.35
2626040,26260.4
2626146,26261.46
2626260,26262.6
2626373,26263.73
2626480,26264.8
2626580,26265.8
2626681,26266.81
2626785,26267.85
2626891,26268.91
2626996,26269.96
2627096,26270.96
2627200,26272.0
2627307,26273.07
2627410,26274.1
2627510,26275.1
2627606,26276.06
2627704,26277.04
2627809,26278.09
2627915,26279.15
2628018,26280.18
2628118,26281.18
2628228,26282.28
2628356,26283.56
2628484,26284.84
2628586,26285.86
2628690,26286.9
2628796,26287.96
2628905,26289.05
2629012,26290.12
2629120,26291.2
2629241,26292.41
2629361,26293.61
2629470,26294.7
2629572,26295.72
2629674,26296.74
2629783,26297.83
2629896,26298.96
2630007,26300.07
2630109,26301.09
2630213,26302.13
2630319,26303.19
2630426,26304.26
2630525,26305.25
2630623,26306.23
2630730,26307.3
2630847,26308.47
2630956,26309.56
2631063,26310.63
2631165,26311.65
2631270,26312.7
2631390,26313.9
2631504,26315.04
2631606,26316.06
2631700,26317.0
2631793,26317.93
2631889,26318.89
2631990,26319.9
2632087,26320.87
2632182,26321.82
2632289,26322.89
2632431,26324.31
2632573,26325.73
2632686,26326.86
2632785,26327.85
2632885,26328.85
2632988,26329.88
2633087,26330.87
2633185,26331.85
2633278,26332.78
2633374,26333.74
2633471,26334.71
2633570,26335.7
2633670,26336.7
2633774,26337.74
2633884,26338.84
2633999,26339.99
2634107,26341.07
2634207,26342.07
2634312,26343.12
2634425,26344.25
2634532,26345.32
2634632,26346.32
2634735,26347.35
2634844,26348.44
2634950,26349.5
2635052,26350.52
2635154,26351.54
2635259,26352.59
2635361,26353.61
2635459,26354.59
2635561,26355.61
2635666,26356.66
2635768,26357.68
2635869,26358.69
2635965,26359.65
2636068,26360.68
2636177,26361.77
2636287,26362.87
2636391,26363.91
2636508,26365.08
2636628,26366.28
2636742,26367.42
2636847,26368.47
2636952,26369.52
2637065,26370.65
2637179,26371.79
2637290,26372.9
2637397,26373.97
2637501,26375.01
2637619,26376.19
2637739,26377.39
2637858,26378.58
2637968,26379.68
2638071,26380.71
2638175,26381.75
2638289,26382.89
2638408,26384.08
2638520,26385.2
2638624,26386.24
2638732,26387.32
2638843,26388.43
2638951,26389.51
2639052,26390.52
2639149,26391.49
2639249,26392.49
2639356,26393.56
2639464,26394.64
2639569,26395.69
2639669,26396.69
2639772,26397.72
2639882,26398.82
2639990,26399.9
2640093,26400.93
2640190,26401.9
2640291,26402.91
2640395,26403.95
2640502,26405.02
2640605,26406.05
2640708,26407.08
2640817,26408.17
2640925,26409.25
2641031,26410.31
2641130,26411.3
2641225,26412.25
2641326,26413.26
2641429,26414.29
2641532,26415.32
2641630,26416.3
2641724,26417.24
2641822,26418.22
2641922,26419.22
2642019,26420.19
2642112,26421.12
2642207,26422.07
2642312,26423.12
2642421,26424.21
2642525,26425.25
2642626,26426.26
2642731,26427.31
2642838,26428.38
2642947,26429.47
2643049,26430.49
2643153,26431.53
2643261,26432.61
2643368,26433.68
2643471,26434.71
2643568,26435.68
2643670,26436.7
2643778,26437.78
2643886,26438.86
2643990,26439.9
2644087,26440.87
2644190,26441.9
2644299,26442.99
2644411,26444.11
2644521,26445.21
2644624,26446.24
2644734,26447.34
2644847,26448.47
2644953,26449.53
2645055,26450.55
2645150,26451.5
2645246,26452.46
2645346,26453.46
2645446,26454.46
2645549,26455.49
2645645,26456.45
2645743,26457.43
2645846,26458.46
2645951,26459.51
2646056,26460.56
2646153,26461.53
2646254,26462.54
2646357,26463.57
2646464,26464.64
2646573,26465.73
2646675,26466.75
2646791,26467.91
2646912,26469.12
2647029,26470.29
2647136,26471.36
2647235,26472.35
2647336,26473.36
2647444,26474.44
2647552,26475.52
2647652,26476.52
2647760,26477.6
2647879,26478.79
2647998,26479.98
2648109,26481.09
2648214,26482.14
2648319,26483.19
2648425,26484.25
2648528,26485.28
2648630,26486.3
2648730,26487.3
2648838,26488.38
2648946,26489.46
2649056,26490.56
2649168,26491.68
2649274,26492.74
2649379,26493.79
2649488,26494.88
2649597,26495.97
2649705,26497.05
2649811,26498.11
2649908,26499.08
2650008,26500.08
2650112,26501.12
2650218,26502.18
2650320,26503.2
2650431,26504.31
2650561,26505.61
2650691,26506.91
2650809,26508.09
2650920,26509.2
2651028,26510.28
2651136,26511.36
2651241,26512.41
2651339,26513.39
2651439,26514.39
2651546,26515.46
2651656,26516.56
2651766,26517.66
2651867,26518.67
2651973,26519.73
2652083,26520.83
2652190,26521.9
2652293,26522.93
2652390,26523.9
2652490,26524.9
2652590,26525.9
2652683,26526.83
2652771,26527.71
2652857,26528.57
2652948,26529.48
2653049,26530.49
2653157,26531.57
2653275,26532.75
2653394,26533.94
2653502,26535.02
2653611,26536.11
2653737,26537.37
2653863,26538.63
2653971,26539.71
2654073,26540.73
2654178,26541.78
2654289,26542.89
2654395,26543.95
2654497,26544.97
2654593,26545.93
2654694,26546.94
2654798,26547.98
2654900,26549.0
2655003,26550.03
2655101,26551.01
2655201,26552.01
2655304,26553.04
2655409,26554.09
2655513,26555.13
2655610,26556.1
2655708,26557.08
2655808,26558.08
2655906,26559.06
2656000,26560.0
2656098,26560.98
2656198,26561.98
2656298,26562.98
2656400,26564.0
2656498,26564.98
2656594,26565.94
2656692,26566.92
2656793,26567.93
2656894,26568.94
2656995,26569.95
2657096,26570.96
2657196,26571.96
2657302,26573.02
2657411,26574.11
2657515,26575.15
2657613,26576.13
2657714,26577.14
2657819,26578.19
2657926,26579.26
2658032,26580.32
2658131,26581.31
2658236,26582.36
2658348,26583.48
2658459,26584.59
2658562,26585.62
2658661,26586.61
2658766,26587.66
2658871,26588.71
2658974,26589.74
2659072,26590.72
2659171,26591.71
2659273,26592.73
2659377,26593.77
2659477,26594.77
2659573,26595.73
2659672,26596.72
2659772,26597.72
2659874,26598.74
2659970,26599.7
2660067,26600.67
2660166,26601.66
2660270,26602.7
2660378,26603.78
2660483,26604.83
2660600,26606.0
2660714,26607.14
2660825,26608.25
2660926,26609.26
2661027,26610.27
2661136,26611.36
2661248,26612.48
2661352,26613.52
2661451,26614.51
2661555,26615.55
2661669,26616.69
2661788,26617.88
2661901,26619.01
2662010,26620.1
2662126,26621.26
2662246,26622.46
2662360,26623.6
2662465,26624.65
2662566,26625.66
2662674,26626.74
2662791,26627.91
2662903,26629.03
2663004,26630.04
2663101,26631.01
2663203,26632.03
2663311,26633.11
2663419,26634.19
2663519,26635.19
2663623,26636.23
2663738,26637.38
2663853,26638.53
2663958,26639.58
2664062,26640.62
2664164,26641.64
2664270,26642.7
2664374,26643.74
2664469,26644.69
2664573,26645.73
2664680,26646.8
2664788,26647.88
2664893,26648.93
2664995,26649.95
2665097,26650.97
2665201,26652.01
2665307,26653.07
2665406,26654.06
2665506,26655.06
2665612,26656.12
2665721,26657.21
2665826,26658.26
2665925,26659.25
2666033,26660.33
2666152,26661.52
2666269,26662.69
2666380,26663.8
2666484,26664.84
2666594,26665.94
2666707,26667.07
2666822,26668.22
2666933,26669.33
2667033,26670.33
2667129,26671.29
2667227,26672.27
2667334,26673.34
2667442,26674.42
2667541,26675.41
2667642,26676.42
2667748,26677.48
2667859,26678.59
2667964,26679.64
2668067,26680.67
2668176,26681.76
2668287,26682.87
2668394,26683.94
2668494,26684.94
2668598,26685.98
2668705,26687.05
2668808,26688.08
2668909,26689.09
2669006,26690.06
2669109,26691.09
2669219,26692.19
2669328,26693.28
2669432,26694.32
2669528,26695.28
2669631,26696.31
2669741,26697.41
2669852,26698.52
2669963,26699.63
2670068,26700.68
2670178,26701.78
2670297,26702.97
2670412,26704.12
2670518,26705.18
2670616,26706.16
2670723,26707.23
2670831,26708.31
2670939,26709.39
2671050,26710.5
2671162,26711.62
2671283,26712.83
2671404,26714.04
2671518,26715.18
2671622,26716.22
2671725,26717.25
2671836,26718.36
2671947,26719.47
2672052,26720.52
2672151,26721.51
2672253,26722.53
2672364,26723.64
2672479,26724.79
2672590,26725.9
2672692,26726.92
2672793,26727.93
2672898,26728.98
2673003,26730.03
2673100,26731.0
2673197,26731.97
2673299,26732.99
2673406,26734.06
2673511,26735.11
2673614,26736.14
2673720,26737.2
2673833,26738.33
2673945,26739.45
2674053,26740.53
2674153,26741.53
2674254,26742.54
2674360,26743.6
2674465,26744.65
2674570,26745.7
2674668,26746.68
2674762,26747.62
2674862,26748.62
2674965,26749.65
2675068,26750.68
2675166,26751.66
2675259,26752.59
2675359,26753.59
2675465,26754.65
2675573,26755.73
2675675,26756.75
2675779,26757.79
2675886,26758.86
2675995,26759.95
2676099,26760.99
2676201,26762.01
2676307,26763.07
2676411,26764.11
2676511,26765.11
2676607,26766.07
2676708,26767.08
2676809,26768.09
2676907,26769.07
2677004,26770.04
2677109,26771.09
2677222,26772.22
2677339,26773.39
2677454,26774.54
2677562,26775.62
2677679,26776.79
2677800,26778.0
2677919,26779.19
2678027,26780.27
2678128,26781.28
2678229,26782.29
2678327,26783.27
2678423,26784.23
2678528,26785.28
2678637,26786.37
2678744,26787.44
2678847,26788.47
2678945,26789.45
2679053,26790.53
2679157,26791.57
2679255,26792.55
2679350,26793.5
2679450,26794.5
2679558,26795.58
2679666,26796.66
2679772,26797.72
2679874,26798.74
2679979,26799.79
2680086,26800.86
2680194,26801.94
2680297,26802.97
2680393,26803.93
2680494,26804.94
2680598,26805.98
2680705,26807.05
2680807,26808.07
2680906,26809.06
2681019,26810.19
2681131,26811.31
2681242,26812.42
2681344,26813.44
2681446,26814.46
2681552,26815.52
2681665,26816.65
2681775,26817.75
2681874,26818.74
2681973,26819.73
2682076,26820.76
2682183,26821.83
2682289,26822.89
2682387,26823.87
2682489,26824.89
2682596,26825.96
2682706,26827.06
2682813,26828.13
2682913,26829.13
2683017,26830.17
2683125,26831.25
2683234,26832.34
2683342,26833.42
2683443,26834.43
2683546,26835.46
2683660,26836.6
2683773,26837.73
2683881,26838.81
2683980,26839.8
2684084,26840.84
2684196,26841.96
2684316,26843.16
2684429,26844.29
2684530,26845.3
2684640,26846.4
2684760,26847.6
2684875,26848.75
2684980,26849.8
2685084,26850.84
2685193,26851.93
2685304,26853.04
2685409,26854.09
2685511,26855.11
2685619,26856.19
2685731,26857.31
2685836,26858.36
2685933,26859.33
2686033,26860.33
2686140,26861.4
2686248,26862.48
2686354,26863.54
2686451,26864.51
2686548,26865.48
2686649,26866.49
2686758,26867.58
2686868,26868.68
2686973,26869.73
2687076,26870.76
2687188,26871.88
2687299,26872.99
2687409,26874.09
2687508,26875.08
2687605,26876.05
2687716,26877.16
2687827,26878.27
2687934,26879.34
2688034,26880.34
2688137,26881.37
2688245,26882.45
2688351,26883.51
2688451,26884.51
2688550,26885.5
2688653,26886.53
2688759,26887.59
2688861,26888.61
2688956,26889.56
2689054,26890.54
2689156,26891.56
2689259,26892.59
2689364,26893.64
2689465,26894.65
2689567,26895.67
2689683,26896.83
2689798,26897.98
2689907,26899.07
2690004,26900.04
2690100,26901.0
2690204,26902.04
2690322,26903.22
2690433,26904.33
2690535,26905.35
2690651,26906.51
2690767,26907.67
2690877,26908.77
2690980,26909.8
2691085,26910.85
2691199,26911.99
2691311,26913.11
2691418,26914.18
2691518,26915.18
2691628,26916.28
2691740,26917.4
2691850,26918.5
2691951,26919.51
2692049,26920.49
2692146,26921.46
2692241,26922.41
2692334,26923.34
2692424,26924.24
2692522,26925.22
2692635,26926.35
2692749,26927.49
2692844,26928.44
2692931,26929.31
2693022,26930.22
2693110,26931.1
2693196,26931.96
2693278,26932.78
2693360,26933.6
2693440,26934.4
2693519,26935.19
2693597,26935.97
2693674,26936.74
2693749,26937.49
2693822,26938.22
2693894,26938.94
2693966,26939.66
2694036,26940.36
2694105,26941.05
2694175,26941.75
2694243,26942.43
2694311,26943.11
2694377,26943.77
2694443,26944.43
2694508,26945.08
2694572,26945.72
2694637,26946.37
2694701,26947.01
2694765,26947.65
2694827,26948.27
2694889,26948.89
2694952,26949.52
2695016,26950.16
2695080,26950.8
2695143,26951.43
2695207,26952.07
2695270,26952.7
2695334,26953.34
2695399,26953.99
2695464,26954.64
2695529,26955.29
2695596,26955.96
2695664,26956.64
2695734,26957.34
2695807,26958.07
2695886,26958.86
2695974,26959.74
2696071,26960.71
2696176,26961.76
2696283,26962.83
2696391,26963.91
2696501,26965.01
2696599,26965.99
2696693,26966.93
2696785,26967.85
2696885,26968.85
2696994,26969.94
2697107,26971.07
2697216,26972.16
2697319,26973.19
2697418,26974.18
2697524,26975.24
2697633,26976.33
2697748,26977.48
2697863,26978.63
2697972,26979.72
2698076,26980.76
2698180,26981.8
2698284,26982.84
2698384,26983.84
2698489,26984.89
2698618,26986.18
2698734,26987.34
2698840,26988.4
2698941,26989.41
2699044,26990.44
2699147,26991.47
2699250,26992.5
2699349,26993.49
2699464,26994.64
2699578,26995.78
2699689,26996.89
2699792,26997.92
2699902,26999.02
2700014,27000.14
2700126,27001.26
2700234,27002.34
2700333,27003.33
2700436,27004.36
2700546,27005.46
2700659,27006.59
2700769,27007.69
2700875,27008.75
2700993,27009.93
2701112,27011.12
2701227,27012.27
2701333,27013.33
2701435,27014.35
2701547,27015.47
2701667,27016.67
2701787,27017.87
2701905,27019.05
2702020,27020.2
2702127,27021.27
2702240,27022.4
2702357,27023.57
2702470,27024.7
2702576,27025.76
2702684,27026.84
2702794,27027.94
2702902,27029.02
2703003,27030.03
2703107,27031.07
2703216,27032.16
2703326,27033.26
2703433,27034.33
2703540,27035.4
2703640,27036.4
2703739,27037.39
2703837,27038.37
2703937,27039.37
2704032,27040.32
2704124,27041.24
2704223,27042.23
2704315,27043.15
2704403,27044.03
2704496,27044.96
2704590,27045.9
2704677,27046.77
2704764,27047.64
2704848,27048.48
2704929,27049.29
2705010,27050.1
2705092,27050.92
2705176,27051.76
2705262,27052.62
2705351,27053.51
2705448,27054.48
2705550,27055.5
2705654,27056.54
2705761,27057.61
2705867,27058.67
2705971,27059.71
2706071,27060.71
2706175,27061.75
2706287,27062.87
2706403,27064.03
2706516,27065.16
2706624,27066.24
2706723,27067.23
2706819,27068.19
2706913,27069.13
2707007,27070.07
2707118,27071.18
2707239,27072.39
2707352,27073.52
2707460,27074.6
2707580,27075.8
2707693,27076.93
2707805,27078.05
2707914,27079.14
2708016,27080.16
2708125,27081.25
2708239,27082.39
2708353,27083.53
2708461,27084.61
2708560,27085.6
2708665,27086.65
2708769,27087.69
2708875,27088.75
2708978,27089.78
2709082,27090.82
2709186,27091.86
2709283,27092.83
2709378,27093.78
2709483,27094.83
2709596,27095.96
2709708,27097.08
2709813,27098.13
2709911,27099.11
2710013,27100.13
2710122,27101.22
2710235,27102.35
2710342,27103.42
2710456,27104.56
2710570,27105.7
2710680,27106.8
2710781,27107.81
2710879,27108.79
2710977,27109.77
2711075,27110.75
2711177,27111.77
2711278,27112.78
2711376,27113.76
2711486,27114.86
2711597,27115.97
2711703,27117.03
2711802,27118.02
2711906,27119.06
2712013,27120.13
2712116,27121.16
2712215,27122.15
2712311,27123.11
2712413,27124.13
2712520,27125.2
2712629,27126.29
2712732,27127.32
2712830,27128.3
2712930,27129.3
2713033,27130.33
2713135,27131.35
2713235,27132.35
2713331,27133.31
2713426,27134.26
2713519,27135.19
2713613,27136.13
2713709,27137.09
2713811,27138.11
2713950,27139.5
2714090,27140.9
2714202,27142.02
2714306,27143.06
2714411,27144.11
2714515,27145.15
2714619,27146.19
2714723,27147.23
2714827,27148.27
2714927,27149.27
2715026,27150.26
2715133,27151.33
2715247,27152.47
2715360,27153.6
2715466,27154.66
2715569,27155.69
2715681,27156.81
2715798,27157.98
2715913,27159.13
2716030,27160.3
2716135,27161.35
2716237,27162.37
2716347,27163.47
2716469,27164.69
2716592,27165.92
2716711,27167.11
2716825,27168.25
2716945,27169.45
2717063,27170.63
2717175,27171.75
2717283,27172.83
2717391,27173.91
2717504,27175.04
2717618,27176.18
2717726,27177.26
2717827,27178.27
2717926,27179.26
2718024,27180.24
2718118,27181.18
2718213,27182.13
2718349,27183.49
2718471,27184.71
2718593,27185.93
2718715,27187.15
2718816,27188.16
2718920,27189.2
2719026,27190.26
2719128,27191.28
2719229,27192.29
2719329,27193.29
2719428,27194.28
2719524,27195.24
2719623,27196.23
2719732,27197.32
2719849,27198.49
2719967,27199.67
2720079,27200.79
2720184,27201.84
2720287,27202.87
2720396,27203.96
2720504,27205.04
2720609,27206.09
2720725,27207.25
2720844,27208.44
2720958,27209.58
2721064,27210.64
2721167,27211.67
2721276,27212.76
2721391,27213.91
2721504,27215.04
2721608,27216.08
2721704,27217.04
2721804,27218.04
2721908,27219.08
2722013,27220.13
2722113,27221.13
2722226,27222.26
2722353,27223.53
2722472,27224.72
2722581,27225.81
2722686,27226.86
2722792,27227.92
2722901,27229.01
2723009,27230.09
2723114,27231.14
2723234,27232.34
2723352,27233.52
2723468,27234.68
2723575,27235.75
2723678,27236.78
2723783,27237.83
2723893,27238.93
2724000,27240.0
2724100,27241.0
2724208,27242.08
2724316,27243.16
2724421,27244.21
2724524,27245.24
2724623,27246.23
2724727,27247.27
2724836,27248.36
2724943,27249.43
2725042,27250.42
2725142,27251.42
2725248,27252.48
2725354,27253.54
2725458,27254.58
2725558,27255.58
2725656,27256.56
2725760,27257.6
2725866,27258.66
2725970,27259.7
2726071,27260.71
2726165,27261.65
2726258,27262.58
2726368,27263.68
2726477,27264.77
2726577,27265.77
2726698,27266.98
2726819,27268.19
2726938,27269.38
2727057,27270.57
2727184,27271.84
2727294,27272.94
2727399,27273.99
2727498,27274.98
2727594,27275.94
2727696,27276.96
2727804,27278.04
2727911,27279.11
2728016,27280.16
2728117,27281.17
2728221,27282.21
2728331,27283.31
2728440,27284.4
2728551,27285.51
2728657,27286.57
2728758,27287.58
2728867,27288.67
2728978,27289.78
2729083,27290.83
2729183,27291.83
2729287,27292.87
2729392,27293.92
2729492,27294.92
2729589,27295.89
2729688,27296.88
2729789,27297.89
2729888,27298.88
2729982,27299.82
2730082,27300.82
2730185,27301.85
2730287,27302.87
2730384,27303.84
2730478,27304.78
2730581,27305.81
2730692,27306.92
2730800,27308.0
2730907,27309.07
2731006,27310.06
2731110,27311.1
2731217,27312.17
2731324,27313.24
2731430,27314.3
2731532,27315.32
2731647,27316.47
2731761,27317.61
2731870,27318.7
2731970,27319.7
2732076,27320.76
2732191,27321.91
2732306,27323.06
2732417,27324.17
2732521,27325.21
2732618,27326.18
2732717,27327.17
2732815,27328.15
2732915,27329.15
2733020,27330.2
2733121,27331.21
2733227,27332.27
2733343,27333.43
2733458,27334.58
2733571,27335.71
2733681,27336.81
2733788,27337.88
2733898,27338.98
2734009,27340.09
2734117,27341.17
2734219,27342.19
2734320,27343.2
2734425,27344.25
2734531,27345.31
2734638,27346.38
2734743,27347.43
2734851,27348.51
2734966,27349.66
2735078,27350.78
2735184,27351.84
2735285,27352.85
2735387,27353.87
2735488,27354.88
2735588,27355.88
2735689,27356.89
2735792,27357.92
2735914,27359.14
2736036,27360.36
2736147,27361.47
2736255,27362.55
2736359,27363.59
2736465,27364.65
2736578,27365.78
2736691,27366.91
2736802,27368.02
2736908,27369.08
2737012,27370.12
2737132,27371.32
2737252,27372.52
2737365,27373.65
2737472,27374.72
2737579,27375.79
2737692,27376.92
2737807,27378.07
2737916,27379.16
2738018,27380.18
2738127,27381.27
2738239,27382.39
2738346,27383.46
2738445,27384.45
2738539,27385.39
2738634,27386.34
2738732,27387.32
2738831,27388.31
2738929,27389.29
2739064,27390.64
2739179,27391.79
2739319,27393.19
2739426,27394.26
2739534,27395.34
2739645,27396.45
2739756,27397.56
2739861,27398.61
2739961,27399.61
2740064,27400.64
2740170,27401.7
2740278,27402.78
2740388,27403.88
2740491,27404.91
2740593,27405.93
2740697,27406.97
2740804,27408.04
2740913,27409.13
2741020,27410.2
2741124,27411.24
2741226,27412.26
2741332,27413.32
2741438,27414.38
2741543,27415.43
2741650,27416.5
2741764,27417.64
2741877,27418.77
2741985,27419.85
2742091,27420.91
2742201,27422.01
2742305,27423.05
2742410,27424.1
2742507,27425.07
2742601,27426.01
2742704,27427.04
2742835,27428.35
2742958,27429.58
2743066,27430.66
2743170,27431.7
2743296,27432.96
2743421,27434.21
2743537,27435.37
2743641,27436.41
2743740,27437.4
2743850,27438.5
2743969,27439.69
2744083,27440.83
2744186,27441.86
2744284,27442.84
2744386,27443.86
2744495,27444.95
2744612,27446.12
2744724,27447.24
2744834,27448.34
2744960,27449.6
2745079,27450.79
2745192,27451.92
2745296,27452.96
2745402,27454.02
2745510,27455.1
2745616,27456.16
2745721,27457.21
2745822,27458.22
2745929,27459.29
2746039,27460.39
2746151,27461.51
2746258,27462.58
2746363,27463.63
2746465,27464.65
2746567,27465.67
2746671,27466.71
2746772,27467.72
2746877,27468.77
2747011,27470.11
2747135,27471.35
2747249,27472.49
2747354,27473.54
2747453,27474.53
2747547,27475.47
2747648,27476.48
2747757,27477.57
2747863,27478.63
2747960,27479.6
2748058,27480.58
2748163,27481.63
2748276,27482.76
2748386,27483.86
2748492,27484.92
2748593,27485.93
2748694,27486.94
2748800,27488.0
2748909,27489.09
2749017,27490.17
2749122,27491.22
2749222,27492.22
2749319,27493.19
2749423,27494.23
2749528,27495.28
2749637,27496.37
2749742,27497.42
2749843,27498.43
2749947,27499.47
2750052,27500.52
2750158,27501.58
2750261,27502.61
2750363,27503.63
2750460,27504.6
2750561,27505.61
2750665,27506.65
2750768,27507.68
2750871,27508.71
2750971,27509.71
2751072,27510.72
2751177,27511.77
2751284,27512.84
2751388,27513.88
2751488,27514.88
2751592,27515.92
2751698,27516.98
2751803,27518.03
2751909,27519.09
2752012,27520.12
2752116,27521.16
2752220,27522.2
2752327,27523.27
2752427,27524.27
2752521,27525.21
2752621,27526.21
2752741,27527.41
2752857,27528.57
2752969,27529.69
2753080,27530.8
2753213,27532.13
2753347,27533.47
2753455,27534.55
2753555,27535.55
2753655,27536.55
2753761,27537.61
2753872,27538.72
2753981,27539.81
2754084,27540.84
2754192,27541.92
2754300,27543.0
2754406,27544.06
2754510,27545.1
2754610,27546.1
2754720,27547.2
2754827,27548.27
2754930,27549.3
2755030,27550.3
2755128,27551.28
2755240,27552.4
2755354,27553.54
2755460,27554.6
2755564,27555.64
2755664,27556.64
2755768,27557.68
2755873,27558.73
2755982,27559.82
2756085,27560.85
2756193,27561.93
2756314,27563.14
2756433,27564.33
2756547,27565.47
2756651,27566.51
2756762,27567.62
2756877,27568.77
2756987,27569.87
2757090,27570.9
2757190,27571.9
2757298,27572.98
2757408,27574.08
2757516,27575.16
2757617,27576.17
2757716,27577.16
2757820,27578.2
2757927,27579.27
2758035,27580.35
2758138,27581.38
2758247,27582.47
2758354,27583.54
2758457,27584.57
2758557,27585.57
2758656,27586.56
2758770,27587.7
2758888,27588.88
2759006,27590.06
2759116,27591.16
2759221,27592.21
2759333,27593.33
2759446,27594.46
2759555,27595.55
2759662,27596.62
2759762,27597.62
2759864,27598.64
2759972,27599.72
2760079,27600.79
2760186,27601.86
2760287,27602.87
2760384,27603.84
2760484,27604.84
2760586,27605.86
2760691,27606.91
2760791,27607.91
2760887,27608.87
2760999,27609.99
2761112,27611.12
2761217,27612.17
2761319,27613.19
2761416,27614.16
2761519,27615.19
2761622,27616.22
2761724,27617.24
2761824,27618.24
2761934,27619.34
2762049,27620.49
2762161,27621.61
2762268,27622.68
2762368,27623.68
2762477,27624.77
2762584,27625.84
2762691,27626.91
2762798,27627.98
2762896,27628.96
2762993,27629.93
2763105,27631.05
2763225,27632.25
2763343,27633.43
2763454,27634.54
2763565,27635.65
2763679,27636.79
2763791,27637.91
2763898,27638.98
2764007,27640.07
2764113,27641.13
2764220,27642.2
2764329,27643.29
2764434,27644.34
2764537,27645.37
2764637,27646.37
2764741,27647.41
2764850,27648.5
2764957,27649.57
2765060,27650.6
2765162,27651.62
2765272,27652.72
2765375,27653.75
2765477,27654.77
2765573,27655.73
2765670,27656.7
2765772,27657.72
2765877,27658.77
2765978,27659.78
2766077,27660.77
2766175,27661.75
2766277,27662.77
2766376,27663.76
2766473,27664.73
2766566,27665.66
2766657,27666.57
2766752,27667.52
2766856,27668.56
2766962,27669.62
2767062,27670.62
2767172,27671.72
2767287,27672.87
2767396,27673.96
2767495,27674.95
2767591,27675.91
2767690,27676.9
2767789,27677.89
2767886,27678.86
2767978,27679.78
2768073,27680.73
2768172,27681.72
2768270,27682.7
2768365,27683.65
2768459,27684.59
2768554,27685.54
2768652,27686.52
2768752,27687.52
2768851,27688.51
2768949,27689.49
2769049,27690.49
2769153,27691.53
2769258,27692.58
2769355,27693.55
2769446,27694.46
2769537,27695.37
2769634,27696.34
2769769,27697.69
2769904,27699.04
2770007,27700.07
2770111,27701.11
2770237,27702.37
2770357,27703.57
2770484,27704.84
2770594,27705.94
2770694,27706.94
2770791,27707.91
2770889,27708.89
2770991,27709.91
2771098,27710.98
2771206,27712.06
2771308,27713.08
2771412,27714.12
2771521,27715.21
2771632,27716.32
2771740,27717.4
2771846,27718.46
2771947,27719.47
2772042,27720.42
2772136,27721.36
2772232,27722.32
2772328,27723.28
2772425,27724.25
2772522,27725.22
2772618,27726.18
2772713,27727.13
2772813,27728.13
2772916,27729.16
2773018,27730.18
2773118,27731.18
2773214,27732.14
2773310,27733.1
2773411,27734.11
2773515,27735.15
2773617,27736.17
2773715,27737.15
2773815,27738.15
2773919,27739.19
2774024,27740.24
2774127,27741.27
2774227,27742.27
2774328,27743.28
2774431,27744.31
2774532,27745.32
2774629,27746.29
2774729,27747.29
2774834,27748.34
2774937,27749.37
2775036,27750.36
2775139,27751.39
2775246,27752.46
2775353,27753.53
2775454,27754.54
2775551,27755.51
2775649,27756.49
2775751,27757.51
2775855,27758.55
2775952,27759.52
2776054,27760.54
2776156,27761.56
2776259,27762.59
2776361,27763.61
2776461,27764.61
2776596,27765.96
2776731,27767.31
2776852,27768.52
2776962,27769.62
2777058,27770.58
2777157,27771.57
2777262,27772.62
2777373,27773.73
2777481,27774.81
2777607,27776.07
2777733,27777.33
2777848,27778.48
2777954,27779.54
2778065,27780.65
2778181,27781.81
2778289,27782.89
2778381,27783.81
2778465,27784.65
2778548,27785.48
2778637,27786.37
2778727,27787.27
2778820,27788.2
2778913,27789.13
2778994,27789.94
2779073,27790.73
2779148,27791.48
2779221,27792.21
2779292,27792.92
2779362,27793.62
2779432,27794.32
2779500,27795.0
2779566,27795.66
2779633,27796.33
2779699,27796.99
2779765,27797.65
2779830,27798.3
2779895,27798.95
2779959,27799.59
2780022,27800.22
2780085,27800.85
2780147,27801.47
2780210,27802.1
2780273,27802.73
2780335,27803.35
2780397,27803.97
2780461,27804.61
2780525,27805.25
2780590,27805.9
2780656,27806.56
2780723,27807.23
2780789,27807.89
2780856,27808.56
2780923,27809.23
2780989,27809.89
2781055,27810.55
2781121,27811.21
2781187,27811.87
2781252,27812.52
2781318,27813.18
2781384,27813.84
2781451,27814.51
2781518,27815.18
2781585,27815.85
2781653,27816.53
2781721,27817.21
2781789,27817.89
2781855,27818.55
2781920,27819.2
2781986,27819.86
2782053,27820.53
2782123,27821.23
2782193,27821.93
2782265,27822.65
2782338,27823.38
2782413,27824.13
2782491,27824.91
2782569,27825.69
2782646,27826.46
2782719,27827.19
2782791,27827.91
2782862,27828.62
2782934,27829.34
2783005,27830.05
2783077,27830.77
2783152,27831.52
2783229,27832.29
2783308,27833.08
2783388,27833.88
2783466,27834.66
2783544,27835.44
2783623,27836.23
2783701,27837.01
2783778,27837.78
2783856,27838.56
2783938,27839.38
2784024,27840.24
2784115,27841.15
2784215,27842.15
2784313,27843.13
2784420,27844.2
2784530,27845.3
2784627,27846.27
2784719,27847.19
2784820,27848.2
2784923,27849.23
2785016,27850.16
2785105,27851.05
2785191,27851.91
2785275,27852.75
2785360,27853.6
2785445,27854.45
2785528,27855.28
2785618,27856.18
2785722,27857.22
2785830,27858.3
2785930,27859.3
2786026,27860.26
2786130,27861.3
2786237,27862.37
2786336,27863.36
2786443,27864.43
2786561,27865.61
2786668,27866.68
2786765,27867.65
2786865,27868.65
2786971,27869.71
2787081,27870.81
2787182,27871.82
2787291,27872.91
2787413,27874.13
2787520,27875.2
2787617,27876.17
2787723,27877.23
2787837,27878.37
2787947,27879.47
2788051,27880.51
2788152,27881.52
2788262,27882.62
2788369,27883.69
2788464,27884.64
2788562,27885.62
2788667,27886.67
2788768,27887.68
2788868,27888.68
2788981,27889.81
2789096,27890.96
2789197,27891.97
2789299,27892.99
2789410,27894.1
2789518,27895.18
2789614,27896.14
2789710,27897.1
2789818,27898.18
2789933,27899.33
2790033,27900.33
2790130,27901.3
2790239,27902.39
2790342,27903.42
2790438,27904.38
2790532,27905.32
2790632,27906.32
2790728,27907.28
2790823,27908.23
2790917,27909.17
2791020,27910.2
2791124,27911.24
2791231,27912.31
2791330,27913.3
2791433,27914.33
2791535,27915.35
2791637,27916.37
2791745,27917.45
2791855,27918.55
2791965,27919.65
2792063,27920.63
2792156,27921.56
2792235,27922.35
2792314,27923.14
2792401,27924.01
2792484,27924.84
2792568,27925.68
2792648,27926.48
2792726,27927.26
2792801,27928.01
2792874,27928.74
2792946,27929.46
2793017,27930.17
2793090,27930.9
2793163,27931.63
2793238,27932.38
2793315,27933.15
2793391,27933.91
2793467,27934.67
2793545,27935.45
2793625,27936.25
2793708,27937.08
2793795,27937.95
2793883,27938.83
2793969,27939.69
2794058,27940.58
2794147,27941.47
2794237,27942.37
2794326,27943.26
2794418,27944.18
2794514,27945.14
2794610,27946.1
2794700,27947.0
2794785,27947.85
2794869,27948.69
2794950,27949.5
2795028,27950.28
2795105,27951.05
2795178,27951.78
2795254,27952.54
2795332,27953.32
2795412,27954.12
2795493,27954.93
2795575,27955.75
2795658,27956.58
2795746,27957.46
2795824,27958.24
2795901,27959.01
2795975,27959.75
2796048,27960.48
2796125,27961.25
2796200,27962.0
2796280,27962.8
2796366,27963.66
2796452,27964.52
2796530,27965.3
2796605,27966.05
2796678,27966.78
2796749,27967.49
2796820,27968.2
2796890,27968.9
2796958,27969.58
2797025,27970.25
2797093,27970.93
2797162,27971.62
2797232,27972.32
2797301,27973.01
2797372,27973.72
2797444,27974.44
2797518,27975.18
2797591,27975.91
2797665,27976.65
2797739,27977.39
2797811,27978.11
2797882,27978.82
2797952,27979.52
2798021,27980.21
2798089,27980.89
2798159,27981.59
2798229,27982.29
2798301,27983.01
2798374,27983.74
2798448,27984.48
2798525,27985.25
2798603,27986.03
2798681,27986.81
2798763,27987.63
2798847,27988.47
2798930,27989.3
2799021,27990.21
2799112,27991.12
2799203,27992.03
2799294,27992.94
2799383,27993.83
2799469,27994.69
2799556,27995.56
2799646,27996.46
2799736,27997.36
2799825,27998.25
2799912,27999.12
2799994,27999.94
2800075,28000.75
2800154,28001.54
2800230,28002.3
2800304,28003.04
2800378,28003.78
2800451,28004.51
2800521,28005.21
2800589,28005.89
2800656,28006.56
2800724,28007.24
2800793,28007.93
2800866,28008.66
2800946,28009.46
2801026,28010.26
2801117,28011.17
2801208,28012.08
2801292,28012.92
2801375,28013.75
2801464,28014.64
2801562,28015.62
2801658,28016.58
2801756,28017.56
2801848,28018.48
2801934,28019.34
2802020,28020.2
2802111,28021.11
2802208,28022.08
2802297,28022.97
2802381,28023.81
2802466,28024.66
2802549,28025.49
2802628,28026.28
2802706,28027.06
2802784,28027.84
2802871,28028.71
2802961,28029.61
2803048,28030.48
2803142,28031.42
2803244,28032.44
2803345,28033.45
2803450,28034.5
2803556,28035.56
2803645,28036.45
