sample,time_sec
89,0.89
175,1.75
261,2.61
350,3.5
440,4.4
529,5.29
620,6.2
711,7.11
803,8.03
891,8.91
978,9.78
1068,10.68
1157,11.57
1242,12.42
1321,13.21
1399,13.99
1475,14.75
1555,15.55
1640,16.4
1730,17.3
1822,18.22
1910,19.1
1999,19.99
2089,20.89
2179,21.79
2265,22.65
2351,23.51
2436,24.36
2516,25.16
2596,25.96
2644,26.44
2703,27.03
2763,27.63
2834,28.34
2913,29.13
2992,29.92
3072,30.72
3152,31.52
3234,32.34
3314,33.14
3398,33.98
3483,34.83
3563,35.63
3641,36.41
3720,37.2
3794,37.94
3875,38.75
3949,39.49
4023,40.23
4102,41.02
4182,41.82
4259,42.59
4336,43.36
4415,44.15
4495,44.95
4574,45.74
4649,46.49
4722,47.22
4795,47.95
4867,48.67
4939,49.39
5012,50.12
5083,50.83
5154,51.54
5225,52.25
5296,52.96
5367,53.67
5436,54.36
5504,55.04
5577,55.77
5653,56.53
5736,57.36
5821,58.21
5906,59.06
5992,59.92
6077,60.77
6160,61.6
6239,62.39
6317,63.17
6392,63.92
6470,64.7
6556,65.56
6646,66.46
6739,67.39
6825,68.25
6913,69.13
7000,70.0
7084,70.84
7163,71.63
7244,72.44
7330,73.3
7422,74.22
7510,75.1
7598,75.98
7683,76.83
7761,77.61
7835,78.35
7908,79.08
7983,79.83
8068,80.68
8158,81.58
8243,82.43
8322,83.22
8399,83.99
8478,84.78
8557,85.57
8627,86.27
8718,87.18
8809,88.09
8886,88.86
8961,89.61
9036,90.36
9099,90.99
9193,91.93
9281,92.81
9372,93.72
9463,94.63
9547,95.47
9620,96.2
9704,97.04
9807,98.07
9898,98.98
9972,99.72
10069,100.69
10144,101.44
10235,102.35
10324,103.24
10428,104.28
10517,105.17
10616,106.16
10709,107.09
10801,108.01
10884,108.84
10954,109.54
11049,110.49
11134,111.34
11218,112.18
11296,112.96
11374,113.74
11445,114.45
11530,115.3
11620,116.2
11728,117.28
11830,118.3
11933,119.33
12030,120.3
12125,121.25
12219,122.19
12309,123.09
12397,123.97
12486,124.86
12570,125.7
12656,126.56
12744,127.44
12826,128.26
12909,129.09
13000,130.0
13068,130.68
13160,131.6
13240,132.4
13322,133.22
13402,134.02
13484,134.84
13552,135.52
13648,136.48
13727,137.27
13807,138.07
13887,138.87
13963,139.63
14043,140.43
14126,141.26
14213,142.13
14299,142.99
14367,143.67
14463,144.63
14543,145.43
14613,146.13
14701,147.01
14789,147.89
14881,148.81
14986,149.86
15081,150.81
15174,151.74
15265,152.65
15357,153.57
15450,154.5
15522,155.22
15611,156.11
15700,157.0
15788,157.88
15872,158.72
15958,159.58
16046,160.46
16130,161.3
16214,162.14
16299,162.99
16382,163.82
16469,164.69
16570,165.7
16639,166.39
16732,167.32
16801,168.01
16887,168.87
16974,169.74
17057,170.57
17153,171.53
17234,172.34
17310,173.1
17388,173.88
17450,174.5
17524,175.24
17614,176.14
17701,177.01
17792,177.92
17882,178.82
17963,179.63
18042,180.42
18121,181.21
18185,181.85
18265,182.65
18348,183.48
18448,184.48
18522,185.22
18602,186.02
18681,186.81
18765,187.65
18869,188.69
18961,189.61
19048,190.48
19133,191.33
19219,192.19
19301,193.01
19381,193.81
19464,194.64
19547,195.47
19635,196.35
19729,197.29
19804,198.04
19888,198.88
19992,199.92
20088,200.88
20179,201.79
20269,202.69
20361,203.61
20444,204.44
20525,205.25
20615,206.15
20704,207.04
20792,207.92
20886,208.86
20981,209.81
21074,210.74
21165,211.65
21256,212.56
21326,213.26
21428,214.28
21519,215.19
21609,216.09
21681,216.81
21787,217.87
21881,218.81
21971,219.71
22060,220.6
22148,221.48
22218,222.18
22318,223.18
22406,224.06
22478,224.78
22559,225.59
22637,226.37
22736,227.36
22807,228.07
22886,228.86
22980,229.8
23071,230.71
23163,231.63
23255,232.55
23345,233.45
23431,234.31
23501,235.01
23596,235.96
23666,236.66
23760,237.6
23829,238.29
23931,239.31
24020,240.2
24093,240.93
24193,241.93
24264,242.64
24336,243.36
24427,244.27
24498,244.98
24590,245.9
24662,246.62
24735,247.35
24826,248.26
24918,249.18
25008,250.08
25090,250.9
25159,251.59
25241,252.41
25326,253.26
25425,254.25
25510,255.1
25579,255.79
25671,256.71
25738,257.38
25819,258.19
25909,259.09
26006,260.06
26114,261.14
26217,262.17
26303,263.03
26388,263.88
26453,264.53
26528,265.28
26603,266.03
26686,266.86
26772,267.72
26861,268.61
26973,269.73
27073,270.73
27168,271.68
27259,272.59
27328,273.28
27423,274.23
27507,275.07
27586,275.86
27696,276.96
27795,277.95
27856,278.56
27956,279.56
28057,280.57
28141,281.41
28213,282.13
28298,282.98
28377,283.77
28459,284.59
28561,285.61
28649,286.49
28741,287.41
28828,288.28
28920,289.2
29012,290.12
29100,291.0
29187,291.87
29277,292.77
29366,293.66
29462,294.62
29550,295.5
29641,296.41
29715,297.15
29816,298.16
29918,299.18
29994,299.94
30104,301.04
30201,302.01
30293,302.93
30353,303.53
30437,304.37
30529,305.29
30603,306.03
30690,306.9
30800,308.0
30896,308.96
30968,309.68
31049,310.49
31126,311.26
31223,312.23
31323,313.23
31421,314.21
31516,315.16
31610,316.1
31700,317.0
31790,317.9
31882,318.82
31971,319.71
32065,320.65
32160,321.6
32247,322.47
32331,323.31
32420,324.2
32511,325.11
32600,326.0
32693,326.93
32786,327.86
32874,328.74
32964,329.64
33034,330.34
33137,331.37
33212,332.12
33287,332.87
33374,333.74
33465,334.65
33546,335.46
33639,336.39
33718,337.18
33782,337.82
33877,338.77
33939,339.39
34032,340.32
34108,341.08
34181,341.81
34257,342.57
34327,343.27
34388,343.88
34467,344.67
34551,345.51
34651,346.51
34740,347.4
34825,348.25
34902,349.02
34964,349.64
35037,350.37
35110,351.1
35201,352.01
35273,352.73
35359,353.59
35443,354.43
35543,355.43
35616,356.16
35707,357.07
35786,357.86
35867,358.67
35953,359.53
36030,360.3
36126,361.26
36205,362.05
36291,362.91
36383,363.83
36466,364.66
36544,365.44
36622,366.22
36693,366.93
36783,367.83
36886,368.86
36973,369.73
37042,370.42
37130,371.3
37206,372.06
37284,372.84
37365,373.65
37438,374.38
37536,375.36
37609,376.09
37700,377.0
37780,377.8
37860,378.6
37933,379.33
38008,380.08
38070,380.7
38152,381.52
38230,382.3
38318,383.18
38392,383.92
38459,384.59
38561,385.61
38654,386.54
38746,387.46
38837,388.37
38910,389.1
39003,390.03
39072,390.72
39160,391.6
39259,392.59
39366,393.66
39456,394.56
39541,395.41
39621,396.21
39698,396.98
39776,397.76
39846,398.46
39935,399.35
40041,400.41
40132,401.32
40221,402.21
40306,403.06
40389,403.89
40474,404.74
40557,405.57
40646,406.46
40722,407.22
40808,408.08
40890,408.9
40969,409.69
41054,410.54
41140,411.4
41207,412.07
41290,412.9
41380,413.8
41485,414.85
41582,415.82
41678,416.78
41770,417.7
41865,418.65
41967,419.67
42061,420.61
42153,421.53
42237,422.37
42323,423.23
42413,424.13
42508,425.08
42590,425.9
42675,426.75
42758,427.58
42847,428.47
42934,429.34
43017,430.17
43103,431.03
43177,431.77
43267,432.67
43357,433.57
43443,434.43
43530,435.3
43617,436.17
43706,437.06
43795,437.95
43881,438.81
43970,439.7
44058,440.58
44147,441.47
44238,442.38
44321,443.21
44406,444.06
44491,444.91
44580,445.8
44667,446.67
44739,447.39
44812,448.12
44894,448.94
44971,449.71
45047,450.47
45099,450.99
45152,451.52
45216,452.16
45282,452.82
45357,453.57
45407,454.07
45463,454.63
45505,455.05
45547,455.47
45597,455.97
45647,456.47
45703,457.03
45760,457.6
45804,458.04
45848,458.48
45895,458.95
45943,459.43
46012,460.12
46081,460.81
46163,461.63
46210,462.1
46257,462.57
46311,463.11
46375,463.75
46438,464.38
46503,465.03
46557,465.57
46648,466.48
46739,467.39
46822,468.22
46909,469.09
46992,469.92
47072,470.72
47148,471.48
47193,471.93
47244,472.44
47295,472.95
47363,473.63
47432,474.32
47500,475.0
47567,475.67
47635,476.35
47700,477.0
47767,477.67
47834,478.34
47899,478.99
47981,479.81
48071,480.71
48163,481.63
48248,482.48
48330,483.3
48409,484.09
48484,484.84
48556,485.56
48627,486.27
48700,487.0
48773,487.73
48851,488.51
48934,489.34
49019,490.19
49103,491.03
49184,491.84
49262,492.62
49338,493.38
49414,494.14
49494,494.94
49575,495.75
49655,496.55
49732,497.32
49812,498.12
49894,498.94
49976,499.76
50055,500.55
50138,501.38
50225,502.25
50308,503.08
50389,503.89
50469,504.69
50554,505.54
50642,506.42
50704,507.04
50766,507.66
50838,508.38
50926,509.26
51007,510.07
51087,510.87
51165,511.65
51245,512.45
51326,513.26
51403,514.03
51481,514.81
51560,515.6
51643,516.43
51724,517.24
51805,518.05
51888,518.88
51976,519.76
52062,520.62
52144,521.44
52229,522.29
52316,523.16
52401,524.01
52484,524.84
52567,525.67
52652,526.52
52736,527.36
52817,528.17
52898,528.98
52983,529.83
53074,530.74
53163,531.63
53251,532.51
53340,533.4
53428,534.28
53513,535.13
53600,536.0
53685,536.85
53765,537.65
53847,538.47
53934,539.34
54019,540.19
54101,541.01
54182,541.82
54258,542.58
54335,543.35
54416,544.16
54495,544.95
54578,545.78
54661,546.61
54750,547.5
54840,548.4
54927,549.27
55009,550.09
55088,550.88
55166,551.66
55244,552.44
55325,553.25
55413,554.13
55502,555.02
55596,555.96
55690,556.9
55779,557.79
55867,558.67
55951,559.51
56029,560.29
56105,561.05
56185,561.85
56241,562.41
56306,563.06
56376,563.76
56486,564.86
56597,565.97
56648,566.48
56699,566.99
56773,567.73
56848,568.48
56913,569.13
56979,569.79
57066,570.66
57144,571.44
57228,572.28
57315,573.15
57402,574.02
57492,574.92
57584,575.84
57675,576.75
57762,577.62
57852,578.52
57947,579.47
58041,580.41
58129,581.29
58220,582.2
58316,583.16
58408,584.08
58493,584.93
58577,585.77
58662,586.62
58742,587.42
58822,588.22
58913,589.13
59003,590.03
59092,590.92
59179,591.79
59269,592.69
59358,593.58
59442,594.42
59528,595.28
59616,596.16
59706,597.06
59799,597.99
59899,598.99
59999,599.99
60091,600.91
60185,601.85
60276,602.76
60359,603.59
60440,604.4
60528,605.28
60634,606.34
60742,607.42
60846,608.46
60935,609.35
61016,610.16
61097,610.97
61180,611.8
61263,612.63
61363,613.63
61470,614.7
61577,615.77
61678,616.78
61776,617.76
61870,618.7
61955,619.55
62037,620.37
62120,621.2
62212,622.12
62308,623.08
62407,624.07
62505,625.05
62596,625.96
62688,626.88
62781,627.81
62873,628.73
62966,629.66
63059,630.59
63148,631.48
63238,632.38
63336,633.36
63437,634.37
63536,635.36
63628,636.28
63721,637.21
63815,638.15
63905,639.05
63992,639.92
64077,640.77
64157,641.57
64247,642.47
64349,643.49
64451,644.51
64552,645.52
64649,646.49
64740,647.4
64834,648.34
64932,649.32
65032,650.32
65130,651.3
65223,652.23
65315,653.15
65412,654.12
65509,655.09
65606,656.06
65703,657.03
65799,657.99
65889,658.89
65980,659.8
66077,660.77
66177,661.77
66276,662.76
66373,663.73
66466,664.66
66554,665.54
66646,666.46
66743,667.43
66838,668.38
66925,669.25
67004,670.04
67082,670.82
67165,671.65
67254,672.54
67349,673.49
67442,674.42
67533,675.33
67619,676.19
67707,677.07
67795,677.95
67885,678.85
67973,679.73
68060,680.6
68148,681.48
68244,682.44
68343,683.43
68442,684.42
68536,685.36
68625,686.25
68715,687.15
68807,688.07
68896,688.96
68977,689.77
69056,690.56
69142,691.42
69230,692.3
69320,693.2
69415,694.15
69505,695.05
69595,695.95
69685,696.85
69769,697.69
69854,698.54
69936,699.36
70021,700.21
70103,701.03
70191,701.91
70285,702.85
70352,703.52
70411,704.11
70476,704.76
70533,705.33
70594,705.94
70655,706.55
70747,707.47
70837,708.37
70922,709.22
71004,710.04
71088,710.88
71187,711.87
71291,712.91
71386,713.86
71485,714.85
71580,715.8
71673,716.73
71764,717.64
71850,718.5
71941,719.41
72032,720.32
72126,721.26
72223,722.23
72312,723.12
72392,723.92
72498,724.98
72605,726.05
72676,726.76
72748,727.48
72830,728.3
72908,729.08
72988,729.88
73074,730.74
73164,731.64
73251,732.51
73336,733.36
73422,734.22
73512,735.12
73608,736.08
73706,737.06
73801,738.01
73894,738.94
73985,739.85
74071,740.71
74154,741.54
74241,742.41
74340,743.4
74444,744.44
74548,745.48
74644,746.44
74742,747.42
74830,748.3
74909,749.09
74991,749.91
75076,750.76
75161,751.61
75255,752.55
75350,753.5
75451,754.51
75556,755.56
75653,756.53
75750,757.5
75845,758.45
75936,759.36
76026,760.26
76120,761.2
76217,762.17
76309,763.09
76407,764.07
76506,765.06
76598,765.98
76691,766.91
76784,767.84
76875,768.75
76966,769.66
77060,770.6
77159,771.59
77262,772.62
77359,773.59
77462,774.62
77564,775.64
77661,776.61
77757,777.57
77853,778.53
77942,779.42
78023,780.23
78104,781.04
78190,781.9
78278,782.78
78370,783.7
78459,784.59
78546,785.46
78643,786.43
78748,787.48
78844,788.44
78947,789.47
79039,790.39
79129,791.29
79225,792.25
79322,793.22
79421,794.21
79520,795.2
79618,796.18
79725,797.25
79819,798.19
79916,799.16
80008,800.08
80093,800.93
80172,801.72
80259,802.59
80351,803.51
80450,804.5
80559,805.59
80660,806.6
80762,807.62
80862,808.62
80950,809.5
81039,810.39
81132,811.32
81228,812.28
81318,813.18
81414,814.14
81515,815.15
81614,816.14
81705,817.05
81795,817.95
81890,818.9
81983,819.83
82066,820.66
82147,821.47
82233,822.33
82326,823.26
82414,824.14
82497,824.97
82581,825.81
82671,826.71
82767,827.67
82865,828.65
82959,829.59
83056,830.56
83154,831.54
83249,832.49
83338,833.38
83430,834.3
83525,835.25
83622,836.22
83718,837.18
83812,838.12
83912,839.12
84014,840.14
84113,841.13
84207,842.07
84303,843.03
84399,843.99
84488,844.88
84576,845.76
84663,846.63
84757,847.57
84849,848.49
84935,849.35
85017,850.17
85099,850.99
85191,851.91
85284,852.84
85375,853.75
85471,854.71
85569,855.69
85663,856.63
85753,857.53
85844,858.44
85936,859.36
86025,860.25
86117,861.17
86216,862.16
86339,863.39
86462,864.62
86568,865.68
86629,866.29
86691,866.91
86755,867.55
86824,868.24
86902,869.02
86981,869.81
87065,870.65
87148,871.48
87228,872.28
87311,873.11
87394,873.94
87474,874.74
87556,875.56
87641,876.41
87728,877.28
87811,878.11
87891,878.91
87969,879.69
88056,880.56
88151,881.51
88241,882.41
88335,883.35
88431,884.31
88525,885.25
88613,886.13
88698,886.98
88784,887.84
88874,888.74
88961,889.61
89048,890.48
89140,891.4
89238,892.38
89333,893.33
89423,894.23
89514,895.14
89603,896.03
89689,896.89
89777,897.77
89872,898.72
89967,899.67
90056,900.56
90141,901.41
90229,902.29
90320,903.2
90415,904.15
90503,905.03
90598,905.98
90695,906.95
90786,907.86
90875,908.75
90968,909.68
91062,910.62
91154,911.54
91249,912.49
91350,913.5
91447,914.47
91536,915.36
91617,916.17
91699,916.99
91788,917.88
91877,918.77
91974,919.74
92072,920.72
92167,921.67
92260,922.6
92353,923.53
92440,924.4
92523,925.23
92603,926.03
92678,926.78
92755,927.55
92838,928.38
92934,929.34
93036,930.36
93136,931.36
93221,932.21
93304,933.04
93387,933.87
93466,934.66
93544,935.44
93630,936.3
93720,937.2
93806,938.06
93895,938.95
93987,939.87
94077,940.77
94160,941.6
94238,942.38
94315,943.15
94398,943.98
94484,944.84
94571,945.71
94662,946.62
94761,947.61
94862,948.62
94961,949.61
95059,950.59
95153,951.53
95242,952.42
95337,953.37
95437,954.37
95542,955.42
95645,956.45
95743,957.43
95834,958.34
95924,959.24
96017,960.17
96114,961.14
96212,962.12
96312,963.12
96412,964.12
96508,965.08
96598,965.98
96691,966.91
96788,967.88
96884,968.84
96969,969.69
97049,970.49
97132,971.32
97219,972.19
97309,973.09
97406,974.06
97508,975.08
97609,976.09
97702,977.02
97795,977.95
97887,978.87
97978,979.78
98064,980.64
98153,981.53
98246,982.46
98338,983.38
98426,984.26
98517,985.17
98608,986.08
98695,986.95
98783,987.83
98875,988.75
98966,989.66
99051,990.51
99137,991.37
99224,992.24
99311,993.11
99396,993.96
99484,994.84
99577,995.77
99667,996.67
99757,997.57
99849,998.49
99943,999.43
100033,1000.33
100118,1001.18
100197,1001.97
100274,1002.74
100352,1003.52
100437,1004.37
100525,1005.25
100620,1006.2
100719,1007.19
100818,1008.18
100910,1009.1
101004,1010.04
101096,1010.96
101187,1011.87
101277,1012.77
101361,1013.61
101449,1014.49
101542,1015.42
101634,1016.34
101721,1017.21
101812,1018.12
101908,1019.08
102001,1020.01
102092,1020.92
102187,1021.87
102282,1022.82
102371,1023.71
102462,1024.62
102555,1025.55
102646,1026.46
102734,1027.34
102830,1028.3
102930,1029.3
103026,1030.26
103122,1031.22
103220,1032.2
103317,1033.17
103410,1034.1
103504,1035.04
103601,1036.01
103696,1036.96
103788,1037.88
103881,1038.81
103976,1039.76
104071,1040.71
104162,1041.62
104258,1042.58
104355,1043.55
104451,1044.51
104541,1045.41
104633,1046.33
104727,1047.27
104823,1048.23
104913,1049.13
105004,1050.04
105098,1050.98
105189,1051.89
105275,1052.75
105357,1053.57
105436,1054.36
105524,1055.24
105616,1056.16
105706,1057.06
105796,1057.96
105895,1058.95
105994,1059.94
106088,1060.88
106179,1061.79
106270,1062.7
106355,1063.55
106445,1064.45
106543,1065.43
106639,1066.39
106729,1067.29
106822,1068.22
106920,1069.2
107016,1070.16
107108,1071.08
107200,1072.0
107295,1072.95
107390,1073.9
107481,1074.81
107576,1075.76
107673,1076.73
107767,1077.67
107864,1078.64
107963,1079.63
108063,1080.63
108160,1081.6
108257,1082.57
108352,1083.52
108440,1084.4
108527,1085.27
108618,1086.18
108716,1087.16
108815,1088.15
108905,1089.05
108996,1089.96
109084,1090.84
109164,1091.64
109242,1092.42
109324,1093.24
109420,1094.2
109515,1095.15
109617,1096.17
109718,1097.18
109816,1098.16
109915,1099.15
110014,1100.14
110105,1101.05
110194,1101.94
110287,1102.87
110381,1103.81
110474,1104.74
110570,1105.7
110666,1106.66
110762,1107.62
110850,1108.5
110943,1109.43
111038,1110.38
111132,1111.32
111226,1112.26
111317,1113.17
111406,1114.06
111491,1114.91
111575,1115.75
111656,1116.56
111738,1117.38
111836,1118.36
111930,1119.3
112026,1120.26
112124,1121.24
112215,1122.15
112298,1122.98
112377,1123.77
112454,1124.54
112533,1125.33
112613,1126.13
112694,1126.94
112773,1127.73
112853,1128.53
112934,1129.34
113015,1130.15
113100,1131.0
113186,1131.86
113278,1132.78
113373,1133.73
113465,1134.65
113559,1135.59
113656,1136.56
113755,1137.55
113851,1138.51
113949,1139.49
114048,1140.48
114140,1141.4
114231,1142.31
114326,1143.26
114422,1144.22
114513,1145.13
114607,1146.07
114706,1147.06
114801,1148.01
114898,1148.98
114998,1149.98
115093,1150.93
115187,1151.87
115285,1152.85
115384,1153.84
115476,1154.76
115572,1155.72
115669,1156.69
115761,1157.61
115848,1158.48
115932,1159.32
116012,1160.12
116092,1160.92
116179,1161.79
116267,1162.67
116349,1163.49
116446,1164.46
116541,1165.41
116629,1166.29
116715,1167.15
116803,1168.03
116888,1168.88
116976,1169.76
117067,1170.67
117160,1171.6
117248,1172.48
117336,1173.36
117427,1174.27
117516,1175.16
117605,1176.05
117690,1176.9
117774,1177.74
117857,1178.57
117946,1179.46
118039,1180.39
118134,1181.34
118222,1182.22
118312,1183.12
118406,1184.06
118493,1184.93
118580,1185.8
118668,1186.68
118757,1187.57
118844,1188.44
118927,1189.27
119011,1190.11
119098,1190.98
119183,1191.83
119273,1192.73
119362,1193.62
119456,1194.56
119550,1195.5
119641,1196.41
119720,1197.2
119805,1198.05
119891,1198.91
119976,1199.76
120061,1200.61
120141,1201.41
120224,1202.24
120311,1203.11
120392,1203.92
120474,1204.74
120555,1205.55
120635,1206.35
120716,1207.16
120798,1207.98
120883,1208.83
120963,1209.63
121043,1210.43
121125,1211.25
121202,1212.02
121281,1212.81
121360,1213.6
121438,1214.38
121512,1215.12
121591,1215.91
121673,1216.73
121758,1217.58
121846,1218.46
121935,1219.35
122027,1220.27
122121,1221.21
122215,1222.15
122300,1223.0
122377,1223.77
122452,1224.52
122527,1225.27
122601,1226.01
122679,1226.79
122755,1227.55
122833,1228.33
122911,1229.11
122990,1229.9
123064,1230.64
123136,1231.36
123208,1232.08
123280,1232.8
123352,1233.52
123425,1234.25
123493,1234.93
123562,1235.62
123631,1236.31
123698,1236.98
123766,1237.66
123847,1238.47
123926,1239.26
124013,1240.13
124106,1241.06
124200,1242.0
124283,1242.83
124366,1243.66
124449,1244.49
124532,1245.32
124617,1246.17
124676,1246.76
124736,1247.36
124823,1248.23
124910,1249.1
124992,1249.92
125074,1250.74
125154,1251.54
125234,1252.34
125312,1253.12
125386,1253.86
125459,1254.59
125533,1255.33
125605,1256.05
125677,1256.77
125757,1257.57
125844,1258.44
125921,1259.21
125998,1259.98
126086,1260.86
126165,1261.65
126244,1262.44
126310,1263.1
126382,1263.82
126455,1264.55
126541,1265.41
126617,1266.17
126694,1266.94
126780,1267.8
126879,1268.79
126975,1269.75
127070,1270.7
127163,1271.63
127253,1272.53
127339,1273.39
127421,1274.21
127498,1274.98
127577,1275.77
127653,1276.53
127736,1277.36
127815,1278.15
127901,1279.01
127989,1279.89
128075,1280.75
128154,1281.54
128236,1282.36
128317,1283.17
128394,1283.94
128473,1284.73
128554,1285.54
128634,1286.34
128715,1287.15
128805,1288.05
128903,1289.03
128993,1289.93
129078,1290.78
129165,1291.65
129251,1292.51
129332,1293.32
129414,1294.14
129497,1294.97
129579,1295.79
129662,1296.62
129752,1297.52
129847,1298.47
129935,1299.35
130023,1300.23
130113,1301.13
130200,1302.0
130286,1302.86
130376,1303.76
130465,1304.65
130556,1305.56
130648,1306.48
130722,1307.22
130803,1308.03
130884,1308.84
130984,1309.84
131076,1310.76
131170,1311.7
131262,1312.62
131351,1313.51
131436,1314.36
131515,1315.15
131590,1315.9
131651,1316.51
131724,1317.24
131813,1318.13
131892,1318.92
131967,1319.67
132061,1320.61
132145,1321.45
132230,1322.3
132314,1323.14
132393,1323.93
132472,1324.72
132537,1325.37
132623,1326.23
132710,1327.1
132791,1327.91
132845,1328.45
132906,1329.06
132968,1329.68
133059,1330.59
133150,1331.5
133240,1332.4
133330,1333.3
133405,1334.05
133494,1334.94
133584,1335.84
133665,1336.65
133750,1337.5
133833,1338.33
133917,1339.17
134001,1340.01
134095,1340.95
134186,1341.86
134275,1342.75
134357,1343.57
134440,1344.4
134516,1345.16
134591,1345.91
134666,1346.66
134762,1347.62
134844,1348.44
134941,1349.41
135038,1350.38
135114,1351.14
135208,1352.08
135302,1353.02
135385,1353.85
135469,1354.69
135555,1355.55
135643,1356.43
135729,1357.29
135815,1358.15
135905,1359.05
135990,1359.9
136076,1360.76
136156,1361.56
136239,1362.39
136319,1363.19
136406,1364.06
136499,1364.99
136594,1365.94
136693,1366.93
136787,1367.87
136877,1368.77
136962,1369.62
137038,1370.38
137114,1371.14
137192,1371.92
137278,1372.78
137382,1373.82
137480,1374.8
137577,1375.77
137666,1376.66
137756,1377.56
137847,1378.47
137932,1379.32
138013,1380.13
138089,1380.89
138168,1381.68
138250,1382.5
138335,1383.35
138429,1384.29
138522,1385.22
138614,1386.14
138697,1386.97
138765,1387.65
138854,1388.54
138943,1389.43
139012,1390.12
139069,1390.69
139126,1391.26
139183,1391.83
139267,1392.67
139356,1393.56
139443,1394.43
139530,1395.3
139615,1396.15
139697,1396.97
139778,1397.78
139861,1398.61
139940,1399.4
140020,1400.2
140103,1401.03
140192,1401.92
140281,1402.81
140369,1403.69
140455,1404.55
140545,1405.45
140632,1406.32
140724,1407.24
140810,1408.1
140896,1408.96
140970,1409.7
141023,1410.23
141077,1410.77
141151,1411.51
141225,1412.25
141322,1413.22
141419,1414.19
141494,1414.94
141575,1415.75
141639,1416.39
141704,1417.04
141785,1417.85
141867,1418.67
141938,1419.38
142008,1420.08
142078,1420.78
142148,1421.48
142239,1422.39
142322,1423.22
142405,1424.05
142487,1424.87
142568,1425.68
142647,1426.47
142725,1427.25
142802,1428.02
142880,1428.8
142957,1429.57
143034,1430.34
143121,1431.21
143208,1432.08
143285,1432.85
143362,1433.62
143445,1434.45
143519,1435.19
143593,1435.93
143669,1436.69
143749,1437.49
143831,1438.31
143910,1439.1
143985,1439.85
144061,1440.61
144137,1441.37
144214,1442.14
144293,1442.93
144369,1443.69
144446,1444.46
144526,1445.26
144602,1446.02
144677,1446.77
144753,1447.53
144830,1448.3
144910,1449.1
144989,1449.89
145066,1450.66
145146,1451.46
145229,1452.29
145312,1453.12
145398,1453.98
145485,1454.85
145574,1455.74
145656,1456.56
145737,1457.37
145818,1458.18
145899,1458.99
145977,1459.77
146056,1460.56
146127,1461.27
146198,1461.98
146281,1462.81
146355,1463.55
146429,1464.29
146504,1465.04
146576,1465.76
146656,1466.56
146723,1467.23
146791,1467.91
146865,1468.65
146937,1469.37
147015,1470.15
147091,1470.91
147169,1471.69
147249,1472.49
147332,1473.32
147415,1474.15
147491,1474.91
147565,1475.65
147637,1476.37
147705,1477.05
147774,1477.74
147841,1478.41
147908,1479.08
147977,1479.77
148052,1480.52
148128,1481.28
148209,1482.09
148298,1482.98
148379,1483.79
148455,1484.55
148526,1485.26
148582,1485.82
148670,1486.7
148772,1487.72
148874,1488.74
148970,1489.7
149065,1490.65
149161,1491.61
149252,1492.52
149342,1493.42
149429,1494.29
149508,1495.08
149584,1495.84
149659,1496.59
149736,1497.36
149808,1498.08
149869,1498.69
149931,1499.31
149979,1499.79
150027,1500.27
150084,1500.84
150148,1501.48
150195,1501.95
150242,1502.42
150302,1503.02
150384,1503.84
150467,1504.67
150545,1505.45
150618,1506.18
150690,1506.9
150769,1507.69
150854,1508.54
150939,1509.39
150999,1509.99
151059,1510.59
151134,1511.34
151189,1511.89
151245,1512.45
151302,1513.02
151359,1513.59
151434,1514.34
151508,1515.08
151588,1515.88
151679,1516.79
151771,1517.71
151863,1518.63
151956,1519.56
152046,1520.46
152131,1521.31
152210,1522.1
152284,1522.84
152361,1523.61
152453,1524.53
152534,1525.34
152617,1526.17
152700,1527.0
152780,1527.8
152864,1528.64
152954,1529.54
153046,1530.46
153137,1531.37
153224,1532.24
153313,1533.13
153397,1533.97
153476,1534.76
153555,1535.55
153638,1536.38
153729,1537.29
153817,1538.17
153909,1539.09
154005,1540.05
154102,1541.02
154198,1541.98
154287,1542.87
154374,1543.74
154468,1544.68
154560,1545.6
154646,1546.46
154731,1547.31
154825,1548.25
154923,1549.23
155026,1550.26
155103,1551.03
155184,1551.84
155264,1552.64
155346,1553.46
155425,1554.25
155508,1555.08
155588,1555.88
155668,1556.68
155752,1557.52
155846,1558.46
155940,1559.4
156029,1560.29
156119,1561.19
156204,1562.04
156290,1562.9
156375,1563.75
156458,1564.58
156540,1565.4
156618,1566.18
156697,1566.97
156773,1567.73
156846,1568.46
156922,1569.22
156986,1569.86
157051,1570.51
157124,1571.24
157202,1572.02
157280,1572.8
157352,1573.52
157421,1574.21
157488,1574.88
157555,1575.55
157619,1576.19
157685,1576.85
157750,1577.5
157818,1578.18
157908,1579.08
158000,1580.0
158087,1580.87
158166,1581.66
158246,1582.46
158329,1583.29
158427,1584.27
158515,1585.15
158603,1586.03
158696,1586.96
158789,1587.89
158880,1588.8
158971,1589.71
159059,1590.59
159140,1591.4
159220,1592.2
159301,1593.01
159395,1593.95
159491,1594.91
159585,1595.85
159674,1596.74
159763,1597.63
159850,1598.5
159931,1599.31
160012,1600.12
160098,1600.98
160182,1601.82
160261,1602.61
160336,1603.36
160415,1604.15
160496,1604.96
160577,1605.77
160662,1606.62
160752,1607.52
160842,1608.42
160928,1609.28
161009,1610.09
161091,1610.91
161174,1611.74
161260,1612.6
161341,1613.41
161426,1614.26
161517,1615.17
161613,1616.13
161703,1617.03
161795,1617.95
161886,1618.86
161973,1619.73
162061,1620.61
162150,1621.5
162245,1622.45
162333,1623.33
162421,1624.21
162506,1625.06
162584,1625.84
162662,1626.62
162716,1627.16
162771,1627.71
162832,1628.32
162900,1629.0
162968,1629.68
163042,1630.42
163116,1631.16
163191,1631.91
163273,1632.73
163362,1633.62
163447,1634.47
163536,1635.36
163624,1636.24
163713,1637.13
163798,1637.98
163881,1638.81
163965,1639.65
164050,1640.5
164132,1641.32
164217,1642.17
164305,1643.05
164396,1643.96
164484,1644.84
164577,1645.77
164674,1646.74
164766,1647.66
164859,1648.59
164952,1649.52
165041,1650.41
165128,1651.28
165218,1652.18
165310,1653.1
165399,1653.99
165489,1654.89
165580,1655.8
165668,1656.68
165750,1657.5
165834,1658.34
165919,1659.19
166007,1660.07
166091,1660.91
166179,1661.79
166269,1662.69
166359,1663.59
166447,1664.47
166537,1665.37
166624,1666.24
166708,1667.08
166799,1667.99
166894,1668.94
166985,1669.85
167075,1670.75
167164,1671.64
167253,1672.53
167339,1673.39
167428,1674.28
167523,1675.23
167619,1676.19
167705,1677.05
167785,1677.85
167861,1678.61
167940,1679.4
168032,1680.32
168123,1681.23
168224,1682.24
168329,1683.29
168434,1684.34
168534,1685.34
168633,1686.33
168731,1687.31
168822,1688.22
168913,1689.13
169005,1690.05
169096,1690.96
169183,1691.83
169273,1692.73
169368,1693.68
169458,1694.58
169540,1695.4
169627,1696.27
169719,1697.19
169814,1698.14
169904,1699.04
169994,1699.94
170085,1700.85
170179,1701.79
170271,1702.71
170370,1703.7
170471,1704.71
170568,1705.68
170663,1706.63
170761,1707.61
170857,1708.57
170950,1709.5
171043,1710.43
171138,1711.38
171234,1712.34
171327,1713.27
171422,1714.22
171519,1715.19
171613,1716.13
171698,1716.98
171780,1717.8
171858,1718.58
171933,1719.33
172009,1720.09
172094,1720.94
172189,1721.89
172285,1722.85
172386,1723.86
172485,1724.85
172577,1725.77
172669,1726.69
172759,1727.59
172845,1728.45
172929,1729.29
173020,1730.2
173120,1731.2
173217,1732.17
173310,1733.1
173408,1734.08
173509,1735.09
173607,1736.07
173702,1737.02
173795,1737.95
173880,1738.8
173962,1739.62
174046,1740.46
174139,1741.39
174232,1742.32
174327,1743.27
174425,1744.25
174518,1745.18
174607,1746.07
174698,1746.98
174789,1747.89
174878,1748.78
174969,1749.69
175066,1750.66
175162,1751.62
175255,1752.55
175350,1753.5
175440,1754.4
175522,1755.22
175601,1756.01
175683,1756.83
175766,1757.66
175856,1758.56
175948,1759.48
176038,1760.38
176126,1761.26
176216,1762.16
176308,1763.08
176393,1763.93
176479,1764.79
176567,1765.67
176656,1766.56
176742,1767.42
176833,1768.33
176927,1769.27
177017,1770.17
177110,1771.1
177205,1772.05
177300,1773.0
177390,1773.9
177485,1774.85
177579,1775.79
177668,1776.68
177758,1777.58
177848,1778.48
177940,1779.4
178024,1780.24
178114,1781.14
178205,1782.05
178296,1782.96
178383,1783.83
178472,1784.72
178567,1785.67
178663,1786.63
178757,1787.57
178844,1788.44
178930,1789.3
179019,1790.19
179115,1791.15
179206,1792.06
179294,1792.94
179387,1793.87
179483,1794.83
179581,1795.81
179675,1796.75
179765,1797.65
179861,1798.61
179958,1799.58
180049,1800.49
180133,1801.33
180215,1802.15
180299,1802.99
180382,1803.82
180473,1804.73
180572,1805.72
180671,1806.71
180769,1807.69
180861,1808.61
180953,1809.53
181041,1810.41
181122,1811.22
181206,1812.06
181295,1812.95
181392,1813.92
181485,1814.85
181581,1815.81
181677,1816.77
181769,1817.69
181860,1818.6
181952,1819.52
182045,1820.45
182136,1821.36
182230,1822.3
182328,1823.28
182426,1824.26
182518,1825.18
182612,1826.12
182707,1827.07
182798,1827.98
182889,1828.89
182981,1829.81
183076,1830.76
183163,1831.63
183254,1832.54
183347,1833.47
183439,1834.39
183527,1835.27
183617,1836.17
183708,1837.08
183794,1837.94
183880,1838.8
183968,1839.68
184057,1840.57
184145,1841.45
184237,1842.37
184335,1843.35
184436,1844.36
184531,1845.31
184626,1846.26
184719,1847.19
184807,1848.07
184889,1848.89
184967,1849.67
185043,1850.43
185119,1851.19
185201,1852.01
185290,1852.9
185376,1853.76
185467,1854.67
185558,1855.58
185649,1856.49
185736,1857.36
185824,1858.24
185913,1859.13
186004,1860.04
186091,1860.91
186175,1861.75
186263,1862.63
186360,1863.6
186462,1864.62
186564,1865.64
186659,1866.59
186755,1867.55
186853,1868.53
186952,1869.52
187045,1870.45
187138,1871.38
187232,1872.32
187322,1873.22
187410,1874.1
187497,1874.97
187581,1875.81
187665,1876.65
187757,1877.57
187850,1878.5
187939,1879.39
188030,1880.3
188122,1881.22
188209,1882.09
188291,1882.91
188371,1883.71
188450,1884.5
188526,1885.26
188605,1886.05
188689,1886.89
188781,1887.81
188873,1888.73
188966,1889.66
189064,1890.64
189157,1891.57
189252,1892.52
189348,1893.48
189442,1894.42
189532,1895.32
189624,1896.24
189720,1897.2
189812,1898.12
189895,1898.95
189974,1899.74
190055,1900.55
190147,1901.47
190240,1902.4
190333,1903.33
190432,1904.32
190532,1905.32
190626,1906.26
190724,1907.24
190822,1908.22
190914,1909.14
191005,1910.05
191101,1911.01
191197,1911.97
191289,1912.89
191382,1913.82
191479,1914.79
191579,1915.79
191674,1916.74
191773,1917.73
191871,1918.71
191970,1919.7
192061,1920.61
192153,1921.53
192245,1922.45
192337,1923.37
192427,1924.27
192522,1925.22
192622,1926.22
192718,1927.18
192808,1928.08
192894,1928.94
192981,1929.81
193065,1930.65
193151,1931.51
193241,1932.41
193335,1933.35
193424,1934.24
193514,1935.14
193606,1936.06
193697,1936.97
193782,1937.82
193870,1938.7
193964,1939.64
194057,1940.57
194152,1941.52
194255,1942.55
194363,1943.63
194465,1944.65
194564,1945.64
194663,1946.63
194755,1947.55
194846,1948.46
194941,1949.41
195035,1950.35
195126,1951.26
195222,1952.22
195322,1953.22
195423,1954.23
195518,1955.18
195616,1956.16
195714,1957.14
195807,1958.07
195898,1958.98
195989,1959.89
196074,1960.74
196154,1961.54
196231,1962.31
196309,1963.09
196397,1963.97
196489,1964.89
196585,1965.85
196684,1966.84
196783,1967.83
196876,1968.76
196972,1969.72
197069,1970.69
197167,1971.67
197259,1972.59
197351,1973.51
197445,1974.45
197541,1975.41
197632,1976.32
197727,1977.27
197828,1978.28
197929,1979.29
198026,1980.26
198128,1981.28
198234,1982.34
198336,1983.36
198434,1984.34
198531,1985.31
198621,1986.21
198701,1987.01
198778,1987.78
198863,1988.63
198970,1989.7
199069,1990.69
199179,1991.79
199289,1992.89
199399,1993.99
199496,1994.96
199594,1995.94
199693,1996.93
199790,1997.9
199887,1998.87
199982,1999.82
200079,2000.79
200174,2001.74
200269,2002.69
200354,2003.54
200436,2004.36
200518,2005.18
200606,2006.06
200698,2006.98
200791,2007.91
200875,2008.75
200957,2009.57
201045,2010.45
201139,2011.39
201231,2012.31
201324,2013.24
201420,2014.2
201519,2015.19
201613,2016.13
201705,2017.05
201799,2017.99
201894,2018.94
201989,2019.89
202083,2020.83
202182,2021.82
202281,2022.81
202374,2023.74
202470,2024.7
202569,2025.69
202663,2026.63
202755,2027.55
202853,2028.53
202954,2029.54
203051,2030.51
203148,2031.48
203245,2032.45
203343,2033.43
203436,2034.36
203532,2035.32
203630,2036.3
203727,2037.27
203820,2038.2
203916,2039.16
204013,2040.13
204104,2041.04
204185,2041.85
204261,2042.61
204336,2043.36
204418,2044.18
204504,2045.04
204594,2045.94
204684,2046.84
204770,2047.7
204855,2048.55
204937,2049.37
205016,2050.16
205094,2050.94
205168,2051.68
205241,2052.41
205317,2053.17
205404,2054.04
205495,2054.95
205592,2055.92
205693,2056.93
205796,2057.96
205897,2058.97
205995,2059.95
206090,2060.9
206182,2061.82
206269,2062.69
206351,2063.51
206440,2064.4
206530,2065.3
206623,2066.23
206709,2067.09
206797,2067.97
206884,2068.84
206968,2069.68
207050,2070.5
207134,2071.34
207223,2072.23
207319,2073.19
207415,2074.15
207516,2075.16
207615,2076.15
207718,2077.18
207816,2078.16
207920,2079.2
208024,2080.24
208120,2081.2
208215,2082.15
208314,2083.14
208410,2084.1
208503,2085.03
208601,2086.01
208698,2086.98
208791,2087.91
208886,2088.86
208981,2089.81
209075,2090.75
209169,2091.69
209268,2092.68
209365,2093.65
209457,2094.57
209546,2095.46
209629,2096.29
209709,2097.09
209790,2097.9
209870,2098.7
209949,2099.49
210028,2100.28
210116,2101.16
210214,2102.14
210305,2103.05
210394,2103.94
210477,2104.77
210556,2105.56
210635,2106.35
210716,2107.16
210802,2108.02
210893,2108.93
210990,2109.9
211087,2110.87
211180,2111.8
211272,2112.72
211366,2113.66
211465,2114.65
211564,2115.64
211663,2116.63
211768,2117.68
211877,2118.77
211979,2119.79
212075,2120.75
212170,2121.7
212265,2122.65
212360,2123.6
212455,2124.55
212555,2125.55
212663,2126.63
212767,2127.67
212874,2128.74
212973,2129.73
213067,2130.67
213161,2131.61
213257,2132.57
213355,2133.55
213453,2134.53
213554,2135.54
213645,2136.45
213735,2137.35
213828,2138.28
213921,2139.21
214012,2140.12
214095,2140.95
214176,2141.76
214253,2142.53
214327,2143.27
214412,2144.12
214510,2145.1
214608,2146.08
214699,2146.99
214796,2147.96
214894,2148.94
214994,2149.94
215090,2150.9
215188,2151.88
215284,2152.84
215377,2153.77
215468,2154.68
215563,2155.63
215664,2156.64
215758,2157.58
215854,2158.54
215953,2159.53
216048,2160.48
216139,2161.39
216233,2162.33
216326,2163.26
216410,2164.1
216476,2164.76
216543,2165.43
216621,2166.21
216699,2166.99
216766,2167.66
216834,2168.34
216931,2169.31
217011,2170.11
217091,2170.91
217167,2171.67
217240,2172.4
217316,2173.16
217404,2174.04
217481,2174.81
217577,2175.77
217674,2176.74
217755,2177.55
217836,2178.36
217917,2179.17
217998,2179.98
218075,2180.75
218162,2181.62
218239,2182.39
218315,2183.15
218376,2183.76
218469,2184.69
218564,2185.64
218666,2186.66
218766,2187.66
218856,2188.56
218938,2189.38
219016,2190.16
219095,2190.95
219179,2191.79
219273,2192.73
219370,2193.7
219440,2194.4
219546,2195.46
219652,2196.52
219743,2197.43
219832,2198.32
219917,2199.17
219986,2199.86
220091,2200.91
220183,2201.83
220269,2202.69
220351,2203.51
220430,2204.3
220509,2205.09
220591,2205.91
220689,2206.89
220788,2207.88
220888,2208.88
220989,2209.89
221086,2210.86
221181,2211.81
221272,2212.72
221359,2213.59
221444,2214.44
221538,2215.38
221638,2216.38
221743,2217.43
221845,2218.45
221942,2219.42
222062,2220.62
222109,2221.09
222158,2221.58
222197,2221.97
222254,2222.54
222292,2222.92
222384,2223.84
222468,2224.68
222552,2225.52
222635,2226.35
222666,2226.66
222714,2227.14
222789,2227.89
222866,2228.66
222923,2229.23
222962,2229.62
223035,2230.35
223085,2230.85
223155,2231.55
223226,2232.26
223296,2232.96
223367,2233.67
223434,2234.34
223502,2235.02
223538,2235.38
223571,2235.71
223638,2236.38
223706,2237.06
223772,2237.72
223841,2238.41
223907,2239.07
223974,2239.74
224021,2240.21
224099,2240.99
224177,2241.77
224295,2242.95
224414,2244.14
224516,2245.16
224603,2246.03
224685,2246.85
224771,2247.71
224850,2248.5
224968,2249.68
225071,2250.71
225168,2251.68
225259,2252.59
225341,2253.41
225423,2254.23
225510,2255.1
225602,2256.02
225700,2257.0
225800,2258.0
225896,2258.96
225989,2259.89
226077,2260.77
226165,2261.65
226265,2262.65
226373,2263.73
226482,2264.82
226586,2265.86
226683,2266.83
226775,2267.75
226865,2268.65
226951,2269.51
227033,2270.33
227113,2271.13
227194,2271.94
227288,2272.88
227384,2273.84
227478,2274.78
227542,2275.42
227606,2276.06
227670,2276.7
227735,2277.35
227804,2278.04
227873,2278.73
227933,2279.33
227994,2279.94
228115,2281.15
228195,2281.95
228279,2282.79
228359,2283.59
228442,2284.42
228526,2285.26
228608,2286.08
228687,2286.87
228764,2287.64
228827,2288.27
228896,2288.96
228974,2289.74
229034,2290.34
229095,2290.95
229182,2291.82
229271,2292.71
229363,2293.63
229452,2294.52
229537,2295.37
229620,2296.2
229702,2297.02
229784,2297.84
229863,2298.63
229939,2299.39
230013,2300.13
230087,2300.87
230164,2301.64
230251,2302.51
230345,2303.45
230439,2304.39
230524,2305.24
230604,2306.04
230682,2306.82
230758,2307.58
230836,2308.36
230917,2309.17
231008,2310.08
231104,2311.04
231202,2312.02
231303,2313.03
231400,2314.0
231493,2314.93
231582,2315.82
231664,2316.64
231746,2317.46
231832,2318.32
231917,2319.17
232003,2320.03
232098,2320.98
232195,2321.95
232284,2322.84
232375,2323.75
232466,2324.66
232551,2325.51
232629,2326.29
232707,2327.07
232779,2327.79
232852,2328.52
232930,2329.3
233015,2330.15
233101,2331.01
233192,2331.92
233279,2332.79
233361,2333.61
233444,2334.44
233525,2335.25
233606,2336.06
233684,2336.84
233763,2337.63
233844,2338.44
233926,2339.26
234004,2340.04
234080,2340.8
234159,2341.59
234241,2342.41
234322,2343.22
234400,2344.0
234477,2344.77
234558,2345.58
234642,2346.42
234725,2347.25
234811,2348.11
234898,2348.98
234985,2349.85
235069,2350.69
235156,2351.56
235243,2352.43
235329,2353.29
235416,2354.16
235498,2354.98
235583,2355.83
235670,2356.7
235761,2357.61
235849,2358.49
235937,2359.37
236030,2360.3
236115,2361.15
236200,2362.0
236284,2362.84
236371,2363.71
236460,2364.6
236547,2365.47
236636,2366.36
236721,2367.21
236804,2368.04
236888,2368.88
236976,2369.76
237062,2370.62
237154,2371.54
237251,2372.51
237343,2373.43
237429,2374.29
237515,2375.15
237600,2376.0
237687,2376.87
237768,2377.68
237848,2378.48
237930,2379.3
238013,2380.13
238093,2380.93
238169,2381.69
238245,2382.45
238322,2383.22
238399,2383.99
238475,2384.75
238563,2385.63
238647,2386.47
238728,2387.28
238806,2388.06
238884,2388.84
238963,2389.63
239046,2390.46
239127,2391.27
239205,2392.05
239283,2392.83
239363,2393.63
239444,2394.44
239526,2395.26
239607,2396.07
239692,2396.92
239777,2397.77
239863,2398.63
239948,2399.48
240033,2400.33
240119,2401.19
240205,2402.05
240286,2402.86
240376,2403.76
240470,2404.7
240565,2405.65
240660,2406.6
240749,2407.49
240843,2408.43
240939,2409.39
241030,2410.3
241115,2411.15
241201,2412.01
241289,2412.89
241373,2413.73
241453,2414.53
241531,2415.31
241613,2416.13
241697,2416.97
241784,2417.84
241873,2418.73
241965,2419.65
242053,2420.53
242134,2421.34
242218,2422.18
242304,2423.04
242392,2423.92
242478,2424.78
242562,2425.62
242643,2426.43
242720,2427.2
242801,2428.01
242880,2428.8
242961,2429.61
243039,2430.39
243114,2431.14
243187,2431.87
243262,2432.62
243342,2433.42
243428,2434.28
243517,2435.17
243607,2436.07
243695,2436.95
243777,2437.77
243855,2438.55
243935,2439.35
244018,2440.18
244100,2441.0
244156,2441.56
244213,2442.13
244280,2442.8
244352,2443.52
244417,2444.17
244490,2444.9
244575,2445.75
244640,2446.4
244725,2447.25
244793,2447.93
244872,2448.72
244945,2449.45
245015,2450.15
245089,2450.89
245161,2451.61
245231,2452.31
245302,2453.02
245352,2453.52
245403,2454.03
245458,2454.58
245514,2455.14
245575,2455.75
245644,2456.44
245713,2457.13
245784,2457.84
245850,2458.5
245914,2459.14
245979,2459.79
246044,2460.44
246108,2461.08
246173,2461.73
246240,2462.4
246306,2463.06
246369,2463.69
246433,2464.33
246509,2465.09
246580,2465.8
246655,2466.55
246734,2467.34
246819,2468.19
246906,2469.06
246991,2469.91
247073,2470.73
247156,2471.56
247238,2472.38
247315,2473.15
247389,2473.89
247462,2474.62
247532,2475.32
247604,2476.04
247677,2476.77
247758,2477.58
247845,2478.45
247916,2479.16
247988,2479.88
248078,2480.78
248168,2481.68
248243,2482.43
248313,2483.13
248378,2483.78
248443,2484.43
248519,2485.19
248595,2485.95
248664,2486.64
248733,2487.33
248806,2488.06
248880,2488.8
248958,2489.58
249035,2490.35
249115,2491.15
249199,2491.99
249286,2492.86
249370,2493.7
249452,2494.52
249535,2495.35
249618,2496.18
249701,2497.01
249780,2497.8
249862,2498.62
249946,2499.46
250031,2500.31
250113,2501.13
250192,2501.92
250268,2502.68
250341,2503.41
250413,2504.13
250486,2504.86
250560,2505.6
250641,2506.41
250731,2507.31
250821,2508.21
250905,2509.05
250988,2509.88
251071,2510.71
251155,2511.55
251236,2512.36
251315,2513.15
251397,2513.97
251482,2514.82
251571,2515.71
251658,2516.58
251748,2517.48
251841,2518.41
251934,2519.34
252020,2520.2
252106,2521.06
252190,2521.9
252273,2522.73
252352,2523.52
252435,2524.35
252518,2525.18
252606,2526.06
252692,2526.92
252779,2527.79
252866,2528.66
252947,2529.47
253026,2530.26
253103,2531.03
253182,2531.82
253263,2532.63
253346,2533.46
253431,2534.31
253527,2535.27
253640,2536.4
253753,2537.53
253862,2538.62
253964,2539.64
254054,2540.54
254136,2541.36
254209,2542.09
254283,2542.83
254355,2543.55
254429,2544.29
254503,2545.03
254577,2545.77
254655,2546.55
254746,2547.46
254837,2548.37
254936,2549.36
255035,2550.35
255131,2551.31
255221,2552.21
255312,2553.12
255402,2554.02
255491,2554.91
255578,2555.78
255675,2556.75
255775,2557.75
255867,2558.67
255955,2559.55
256044,2560.44
256134,2561.34
256224,2562.24
256319,2563.19
256418,2564.18
256517,2565.17
256606,2566.06
256695,2566.95
256782,2567.82
256864,2568.64
256950,2569.5
257037,2570.37
257129,2571.29
257217,2572.17
257312,2573.12
257407,2574.07
257494,2574.94
257578,2575.78
257661,2576.61
257744,2577.44
257830,2578.3
257918,2579.18
258000,2580.0
258085,2580.85
258176,2581.76
258270,2582.7
258360,2583.6
258456,2584.56
258551,2585.51
258645,2586.45
258738,2587.38
258834,2588.34
258928,2589.28
259016,2590.16
259105,2591.05
259193,2591.93
259290,2592.9
259388,2593.88
259487,2594.87
259584,2595.84
259677,2596.77
259764,2597.64
259852,2598.52
259944,2599.44
260044,2600.44
260139,2601.39
260235,2602.35
260330,2603.3
260422,2604.22
260507,2605.07
260596,2605.96
260687,2606.87
260780,2607.8
260874,2608.74
260972,2609.72
261071,2610.71
261165,2611.65
261257,2612.57
261346,2613.46
261434,2614.34
261516,2615.16
261599,2615.99
261682,2616.82
261767,2617.67
261851,2618.51
261935,2619.35
262026,2620.26
262125,2621.25
262222,2622.22
262317,2623.17
262412,2624.12
262507,2625.07
262598,2625.98
262689,2626.89
262776,2627.76
262862,2628.62
262944,2629.44
263035,2630.35
263129,2631.29
263220,2632.2
263302,2633.02
263382,2633.82
263466,2634.66
263554,2635.54
263640,2636.4
263728,2637.28
263820,2638.2
263914,2639.14
264005,2640.05
264101,2641.01
264201,2642.01
264298,2642.98
264390,2643.9
264483,2644.83
264582,2645.82
264683,2646.83
264778,2647.78
264878,2648.78
264978,2649.78
265071,2650.71
265170,2651.7
265271,2652.71
265372,2653.72
265466,2654.66
265562,2655.62
265659,2656.59
265760,2657.6
265856,2658.56
265952,2659.52
266047,2660.47
266143,2661.43
266230,2662.3
266310,2663.1
266391,2663.91
266488,2664.88
266594,2665.94
266700,2667.0
266801,2668.01
266893,2668.93
266984,2669.84
267074,2670.74
267167,2671.67
267258,2672.58
267345,2673.45
267429,2674.29
267510,2675.1
267593,2675.93
267674,2676.74
267759,2677.59
267847,2678.47
267939,2679.39
268032,2680.32
268125,2681.25
268217,2682.17
268305,2683.05
268390,2683.9
268480,2684.8
268563,2685.63
268646,2686.46
268730,2687.3
268809,2688.09
268886,2688.86
268963,2689.63
269040,2690.4
269119,2691.19
269198,2691.98
269278,2692.78
269357,2693.57
269434,2694.34
269512,2695.12
269586,2695.86
269659,2696.59
269729,2697.29
269802,2698.02
269881,2698.81
269959,2699.59
270042,2700.42
270135,2701.35
270230,2702.3
270328,2703.28
270421,2704.21
270503,2705.03
270585,2705.85
270675,2706.75
270757,2707.57
270840,2708.4
270929,2709.29
271033,2710.33
271135,2711.35
271239,2712.39
271339,2713.39
271432,2714.32
271521,2715.21
271610,2716.1
271698,2716.98
271781,2717.81
271865,2718.65
271950,2719.5
272039,2720.39
272125,2721.25
272210,2722.1
272291,2722.91
272367,2723.67
272442,2724.42
272517,2725.17
272595,2725.95
272676,2726.76
272758,2727.58
272837,2728.37
272916,2729.16
273000,2730.0
273090,2730.9
273179,2731.79
273272,2732.72
273359,2733.59
273444,2734.44
273533,2735.33
273629,2736.29
273719,2737.19
273812,2738.12
273907,2739.07
274002,2740.02
274094,2740.94
274188,2741.88
274283,2742.83
274374,2743.74
274468,2744.68
274565,2745.65
274661,2746.61
274750,2747.5
274844,2748.44
274945,2749.45
275041,2750.41
275130,2751.3
275220,2752.2
275313,2753.13
275401,2754.01
275487,2754.87
275579,2755.79
275675,2756.75
275766,2757.66
275863,2758.63
275961,2759.61
276053,2760.53
276143,2761.43
276236,2762.36
276329,2763.29
276419,2764.19
276513,2765.13
276608,2766.08
276699,2766.99
276783,2767.83
276864,2768.64
276948,2769.48
277042,2770.42
277136,2771.36
277234,2772.34
277336,2773.36
277431,2774.31
277523,2775.23
277607,2776.07
277685,2776.85
277764,2777.64
277845,2778.45
277936,2779.36
278040,2780.4
278137,2781.37
278234,2782.34
278333,2783.33
278427,2784.27
278517,2785.17
278607,2786.07
278707,2787.07
278802,2788.02
278891,2788.91
278986,2789.86
279084,2790.84
279182,2791.82
279279,2792.79
279382,2793.82
279485,2794.85
279582,2795.82
279679,2796.79
279774,2797.74
279865,2798.65
279958,2799.58
280048,2800.48
280139,2801.39
280231,2802.31
280321,2803.21
280408,2804.08
280496,2804.96
280585,2805.85
280676,2806.76
280766,2807.66
280855,2808.55
280941,2809.41
281027,2810.27
281115,2811.15
281202,2812.02
281288,2812.88
281373,2813.73
281456,2814.56
281537,2815.37
281618,2816.18
281697,2816.97
281778,2817.78
281861,2818.61
281942,2819.42
282022,2820.22
282103,2821.03
282185,2821.85
282267,2822.67
282346,2823.46
282429,2824.29
282510,2825.1
282589,2825.89
282670,2826.7
282750,2827.5
282829,2828.29
282911,2829.11
282997,2829.97
283083,2830.83
283171,2831.71
283256,2832.56
283336,2833.36
283414,2834.14
283493,2834.93
283571,2835.71
283650,2836.5
283729,2837.29
283809,2838.09
283885,2838.85
283960,2839.6
284034,2840.34
284105,2841.05
284177,2841.77
284247,2842.47
284318,2843.18
284390,2843.9
284465,2844.65
284540,2845.4
284616,2846.16
284694,2846.94
284770,2847.7
284844,2848.44
284918,2849.18
284995,2849.95
285069,2850.69
285144,2851.44
285215,2852.15
285287,2852.87
285364,2853.64
285435,2854.35
285505,2855.05
285574,2855.74
285644,2856.44
285717,2857.17
285789,2857.89
285864,2858.64
285943,2859.43
286028,2860.28
286088,2860.88
286149,2861.49
286235,2862.35
286315,2863.15
286404,2864.04
286491,2864.91
286580,2865.8
286669,2866.69
286756,2867.56
286809,2868.09
286863,2868.63
286916,2869.16
286993,2869.93
287072,2870.72
287151,2871.51
287232,2872.32
287314,2873.14
287391,2873.91
287464,2874.64
287539,2875.39
287622,2876.22
287699,2876.99
287775,2877.75
287852,2878.52
287933,2879.33
288018,2880.18
288101,2881.01
288186,2881.86
288278,2882.78
288370,2883.7
288456,2884.56
288544,2885.44
288633,2886.33
288728,2887.28
288817,2888.17
288910,2889.1
289004,2890.04
289090,2890.9
289178,2891.78
289267,2892.67
289354,2893.54
289432,2894.32
289511,2895.11
289624,2896.24
289725,2897.25
289820,2898.2
289913,2899.13
290008,2900.08
290099,2900.99
290190,2901.9
290284,2902.84
290366,2903.66
290458,2904.58
290551,2905.51
290646,2906.46
290741,2907.41
290806,2908.06
290871,2908.71
290936,2909.36
291001,2910.01
291090,2910.9
291179,2911.79
291229,2912.29
291271,2912.71
291319,2913.19
291357,2913.57
291399,2913.99
291445,2914.45
291530,2915.3
291622,2916.22
291709,2917.09
291796,2917.96
291886,2918.86
291973,2919.73
292057,2920.57
292148,2921.48
292242,2922.42
292335,2923.35
292424,2924.24
292517,2925.17
292612,2926.12
292699,2926.99
292767,2927.67
292835,2928.35
292897,2928.97
292941,2929.41
292985,2929.85
293029,2930.29
293105,2931.05
293174,2931.74
293254,2932.54
293329,2933.29
293404,2934.04
293482,2934.82
293555,2935.55
293642,2936.42
293720,2937.2
293794,2937.94
293868,2938.68
293942,2939.42
294015,2940.15
294102,2941.02
294198,2941.98
294287,2942.87
294375,2943.75
294468,2944.68
294569,2945.69
294669,2946.69
294765,2947.65
294856,2948.56
294936,2949.36
295012,2950.12
295087,2950.87
295162,2951.62
295243,2952.43
295322,2953.22
295402,2954.02
295483,2954.83
295569,2955.69
295660,2956.6
295753,2957.53
295846,2958.46
295937,2959.37
296022,2960.22
296106,2961.06
296198,2961.98
296302,2963.02
296406,2964.06
296506,2965.06
296603,2966.03
296696,2966.96
296785,2967.85
296872,2968.72
296958,2969.58
297046,2970.46
297132,2971.32
297222,2972.22
297302,2973.02
297393,2973.93
297485,2974.85
297560,2975.6
297640,2976.4
297720,2977.2
297777,2977.77
297835,2978.35
297901,2979.01
297981,2979.81
298062,2980.62
298146,2981.46
298225,2982.25
298304,2983.04
298394,2983.94
298478,2984.78
298561,2985.61
298643,2986.43
298726,2987.26
298810,2988.1
298897,2988.97
298978,2989.78
299061,2990.61
299144,2991.44
299222,2992.22
299300,2993.0
299396,2993.96
299483,2994.83
299571,2995.71
299661,2996.61
299754,2997.54
299846,2998.46
299935,2999.35
300027,3000.27
300116,3001.16
300199,3001.99
300282,3002.82
300364,3003.64
300445,3004.45
300526,3005.26
300604,3006.04
300682,3006.82
300763,3007.63
300839,3008.39
300916,3009.16
300993,3009.93
301074,3010.74
301156,3011.56
301238,3012.38
301330,3013.3
301422,3014.22
301499,3014.99
301573,3015.73
301645,3016.45
301718,3017.18
301795,3017.95
301875,3018.75
301955,3019.55
302042,3020.42
302136,3021.36
302231,3022.31
302323,3023.23
302410,3024.1
302496,3024.96
302590,3025.9
302690,3026.9
302789,3027.89
302887,3028.87
302983,3029.83
303084,3030.84
303186,3031.86
303272,3032.72
303358,3033.58
303451,3034.51
303544,3035.44
303632,3036.32
303723,3037.23
303813,3038.13
303909,3039.09
304008,3040.08
304103,3041.03
304198,3041.98
304293,3042.93
304387,3043.87
304479,3044.79
304574,3045.74
304672,3046.72
304766,3047.66
304858,3048.58
304950,3049.5
305042,3050.42
305129,3051.29
305217,3052.17
305311,3053.11
305405,3054.05
305493,3054.93
305580,3055.8
305665,3056.65
305748,3057.48
305827,3058.27
305908,3059.08
305989,3059.89
306073,3060.73
306156,3061.56
306237,3062.37
306320,3063.2
306403,3064.03
306482,3064.82
306556,3065.56
306629,3066.29
306702,3067.02
306784,3067.84
306884,3068.84
306984,3069.84
307087,3070.87
307190,3071.9
307291,3072.91
307387,3073.87
307485,3074.85
307582,3075.82
307672,3076.72
307764,3077.64
307861,3078.61
307954,3079.54
308047,3080.47
308148,3081.48
308251,3082.51
308348,3083.48
308448,3084.48
308548,3085.48
308642,3086.42
308733,3087.33
308826,3088.26
308919,3089.19
309005,3090.05
309093,3090.93
309185,3091.85
309276,3092.76
309363,3093.63
309445,3094.45
309523,3095.23
309607,3096.07
309697,3096.97
309785,3097.85
309873,3098.73
309964,3099.64
310056,3100.56
310145,3101.45
310240,3102.4
310337,3103.37
310434,3104.34
310526,3105.26
310621,3106.21
310723,3107.23
310823,3108.23
310921,3109.21
311023,3110.23
311123,3111.23
311217,3112.17
311309,3113.09
311403,3114.03
311492,3114.92
311589,3115.89
311691,3116.91
311791,3117.91
311887,3118.87
311986,3119.86
312086,3120.86
312182,3121.82
312275,3122.75
312369,3123.69
312461,3124.61
312547,3125.47
312635,3126.35
312726,3127.26
312813,3128.13
312894,3128.94
312974,3129.74
313052,3130.52
313142,3131.42
313245,3132.45
313345,3133.45
313446,3134.46
313544,3135.44
313632,3136.32
313719,3137.19
313809,3138.09
313901,3139.01
313990,3139.9
314080,3140.8
314171,3141.71
314264,3142.64
314351,3143.51
314450,3144.5
314558,3145.58
314660,3146.6
314760,3147.6
314862,3148.62
314961,3149.61
315057,3150.57
315157,3151.57
315256,3152.56
315349,3153.49
315440,3154.4
315535,3155.35
315625,3156.25
315716,3157.16
315814,3158.14
315917,3159.17
316016,3160.16
316113,3161.13
316210,3162.1
316303,3163.03
316392,3163.92
316488,3164.88
316591,3165.91
316687,3166.87
316784,3167.84
316886,3168.86
316985,3169.85
317078,3170.78
317175,3171.75
317276,3172.76
317376,3173.76
317466,3174.66
317555,3175.55
317638,3176.38
317717,3177.17
317795,3177.95
317882,3178.82
317978,3179.78
318083,3180.83
318189,3181.89
318292,3182.92
318388,3183.88
318484,3184.84
318579,3185.79
318672,3186.72
318769,3187.69
318871,3188.71
318972,3189.72
319072,3190.72
319177,3191.77
319277,3192.77
319365,3193.65
319446,3194.46
319527,3195.27
319627,3196.27
319733,3197.33
319842,3198.42
319947,3199.47
320046,3200.46
320133,3201.33
320217,3202.17
320307,3203.07
320399,3203.99
320497,3204.97
320596,3205.96
320694,3206.94
320794,3207.94
320894,3208.94
320999,3209.99
321094,3210.94
321200,3212.0
321292,3212.92
321377,3213.77
321466,3214.66
321558,3215.58
321658,3216.58
321750,3217.5
321842,3218.42
321939,3219.39
322033,3220.33
322129,3221.29
322233,3222.33
322329,3223.29
322425,3224.25
322508,3225.08
322592,3225.92
322675,3226.75
322759,3227.59
322839,3228.39
322919,3229.19
322996,3229.96
323071,3230.71
323146,3231.46
323370,3233.7
323594,3235.94
323713,3237.13
323833,3238.33
323900,3239.0
323968,3239.68
324084,3240.84
324186,3241.86
324296,3242.96
324394,3243.94
324483,3244.83
324565,3245.65
324646,3246.46
324735,3247.35
324829,3248.29
324927,3249.27
325029,3250.29
325133,3251.33
325232,3252.32
325327,3253.27
325422,3254.22
325517,3255.17
325611,3256.11
325699,3256.99
325792,3257.92
325898,3258.98
326005,3260.05
326104,3261.04
326200,3262.0
326297,3262.97
326386,3263.86
326470,3264.7
326554,3265.54
326641,3266.41
326731,3267.31
326817,3268.17
326909,3269.09
327011,3270.11
327110,3271.1
327202,3272.02
327291,3272.91
327378,3273.78
327459,3274.59
327535,3275.35
327611,3276.11
327687,3276.87
327764,3277.64
327845,3278.45
327932,3279.32
328023,3280.23
328109,3281.09
328198,3281.98
328288,3282.88
328378,3283.78
328470,3284.7
328565,3285.65
328664,3286.64
328759,3287.59
328853,3288.53
328947,3289.47
329036,3290.36
329121,3291.21
329212,3292.12
329310,3293.1
329405,3294.05
329512,3295.12
329615,3296.15
329709,3297.09
329801,3298.01
329888,3298.88
329967,3299.67
330044,3300.44
330117,3301.17
330190,3301.9
330266,3302.66
330341,3303.41
330417,3304.17
330488,3304.88
330560,3305.6
330643,3306.43
330719,3307.19
330795,3307.95
330875,3308.75
330955,3309.55
331036,3310.36
331123,3311.23
331216,3312.16
331306,3313.06
331398,3313.98
331493,3314.93
331583,3315.83
331670,3316.7
331760,3317.6
331852,3318.52
331945,3319.45
332047,3320.47
332150,3321.5
332247,3322.47
332348,3323.48
332451,3324.51
332548,3325.48
332648,3326.48
332750,3327.5
332848,3328.48
332942,3329.42
333039,3330.39
333134,3331.34
333221,3332.21
333308,3333.08
333397,3333.97
333478,3334.78
333556,3335.56
333635,3336.35
333718,3337.18
333806,3338.06
333903,3339.03
334005,3340.05
334106,3341.06
334197,3341.97
334290,3342.9
334382,3343.82
334466,3344.66
334546,3345.46
334625,3346.25
334721,3347.21
334818,3348.18
334907,3349.07
334996,3349.96
335087,3350.87
335178,3351.78
335268,3352.68
335352,3353.52
335431,3354.31
335511,3355.11
335593,3355.93
335675,3356.75
335757,3357.57
335841,3358.41
335927,3359.27
336016,3360.16
336107,3361.07
336198,3361.98
336286,3362.86
336381,3363.81
336481,3364.81
336583,3365.83
336678,3366.78
336777,3367.77
336876,3368.76
336975,3369.75
337069,3370.69
337169,3371.69
337271,3372.71
337368,3373.68
337458,3374.58
337553,3375.53
337652,3376.52
337745,3377.45
337834,3378.34
337922,3379.22
338005,3380.05
338082,3380.82
338159,3381.59
338246,3382.46
338339,3383.39
338441,3384.41
338547,3385.47
338650,3386.5
338741,3387.41
338833,3388.33
338922,3389.22
339006,3390.06
339094,3390.94
339188,3391.88
339287,3392.87
339383,3393.83
339482,3394.82
339582,3395.82
339677,3396.77
339773,3397.73
339867,3398.67
339955,3399.55
340041,3400.41
340132,3401.32
340231,3402.31
340324,3403.24
340416,3404.16
340511,3405.11
340603,3406.03
340694,3406.94
340785,3407.85
340881,3408.81
340970,3409.7
341060,3410.6
341147,3411.47
341231,3412.31
341311,3413.11
341393,3413.93
341476,3414.76
341563,3415.63
341651,3416.51
341744,3417.44
341832,3418.32
341914,3419.14
342002,3420.02
342097,3420.97
342187,3421.87
342283,3422.83
342380,3423.8
342472,3424.72
342563,3425.63
342654,3426.54
342747,3427.47
342838,3428.38
342935,3429.35
343035,3430.35
343131,3431.31
343231,3432.31
343333,3433.33
343429,3434.29
343520,3435.2
343612,3436.12
343703,3437.03
343791,3437.91
343888,3438.88
343994,3439.94
344100,3441.0
344199,3441.99
344299,3442.99
344398,3443.98
344493,3444.93
344589,3445.89
344688,3446.88
344781,3447.81
344866,3448.66
344950,3449.5
345038,3450.38
345138,3451.38
345243,3452.43
345345,3453.45
345447,3454.47
345545,3455.45
345644,3456.44
345740,3457.4
345833,3458.33
345924,3459.24
346012,3460.12
346097,3460.97
346180,3461.8
346261,3462.61
346340,3463.4
346419,3464.19
346499,3464.99
346581,3465.81
346665,3466.65
346749,3467.49
346809,3468.09
346869,3468.69
346936,3469.36
347005,3470.05
347072,3470.72
347139,3471.39
347206,3472.06
347277,3472.77
347348,3473.48
347425,3474.25
347508,3475.08
347591,3475.91
347726,3477.26
347862,3478.62
347967,3479.67
348040,3480.4
348111,3481.11
348183,3481.83
348256,3482.56
348329,3483.29
348404,3484.04
348469,3484.69
348558,3485.58
348648,3486.48
348725,3487.25
348803,3488.03
348878,3488.78
348954,3489.54
349039,3490.39
349118,3491.18
349199,3491.99
349278,3492.78
349356,3493.56
349433,3494.33
349507,3495.07
349579,3495.79
349650,3496.5
349722,3497.22
349796,3497.96
349871,3498.71
349950,3499.5
350035,3500.35
350120,3501.2
350200,3502.0
350283,3502.83
350364,3503.64
350445,3504.45
350526,3505.26
350613,3506.13
350710,3507.1
350811,3508.11
350903,3509.03
350992,3509.92
351087,3510.87
351182,3511.82
351271,3512.71
351354,3513.54
351439,3514.39
351523,3515.23
351607,3516.07
351689,3516.89
351776,3517.76
351874,3518.74
351973,3519.73
352066,3520.66
352162,3521.62
352259,3522.59
352349,3523.49
352442,3524.42
352534,3525.34
352622,3526.22
352709,3527.09
352801,3528.01
352894,3528.94
352983,3529.83
353071,3530.71
353159,3531.59
353244,3532.44
353323,3533.23
353402,3534.02
353487,3534.87
353572,3535.72
353662,3536.62
353755,3537.55
353849,3538.49
353938,3539.38
354024,3540.24
354109,3541.09
354190,3541.9
354276,3542.76
354366,3543.66
354463,3544.63
354554,3545.54
354650,3546.5
354747,3547.47
354840,3548.4
354931,3549.31
355026,3550.26
355124,3551.24
355217,3552.17
355311,3553.11
355407,3554.07
355505,3555.05
355596,3555.96
355689,3556.89
355783,3557.83
355881,3558.81
355973,3559.73
356069,3560.69
356166,3561.66
356256,3562.56
356346,3563.46
356438,3564.38
356530,3565.3
356620,3566.2
356713,3567.13
356809,3568.09
356907,3569.07
357001,3570.01
357092,3570.92
357183,3571.83
357278,3572.78
357376,3573.76
357470,3574.7
357567,3575.67
357664,3576.64
357758,3577.58
357849,3578.49
357943,3579.43
358038,3580.38
358128,3581.28
358219,3582.19
358312,3583.12
358403,3584.03
358491,3584.91
358579,3585.79
358675,3586.75
358775,3587.75
358872,3588.72
358970,3589.7
359065,3590.65
359158,3591.58
359243,3592.43
359332,3593.32
359421,3594.21
359510,3595.1
359598,3595.98
359681,3596.81
359766,3597.66
359865,3598.65
359971,3599.71
360079,3600.79
360184,3601.84
360286,3602.86
360386,3603.86
360480,3604.8
360570,3605.7
360653,3606.53
360738,3607.38
360826,3608.26
360921,3609.21
361012,3610.12
361100,3611.0
361184,3611.84
361264,3612.64
361342,3613.42
361417,3614.17
361491,3614.91
361567,3615.67
361648,3616.48
361730,3617.3
361813,3618.13
361904,3619.04
362001,3620.01
362093,3620.93
362191,3621.91
362290,3622.9
362379,3623.79
362470,3624.7
362562,3625.62
362655,3626.55
362749,3627.49
362846,3628.46
362948,3629.48
363047,3630.47
363148,3631.48
363247,3632.47
363339,3633.39
363430,3634.3
363525,3635.25
363621,3636.21
363711,3637.11
363790,3637.9
363870,3638.7
363982,3639.82
364094,3640.94
364188,3641.88
364275,3642.75
364368,3643.68
364466,3644.66
364566,3645.66
364663,3646.63
364762,3647.62
364857,3648.57
364952,3649.52
365044,3650.44
365139,3651.39
365232,3652.32
365320,3653.2
365409,3654.09
365499,3654.99
365585,3655.85
365677,3656.77
365768,3657.68
365861,3658.61
365955,3659.55
366053,3660.53
366155,3661.55
366253,3662.53
366354,3663.54
366455,3664.55
366552,3665.52
366648,3666.48
366741,3667.41
366833,3668.33
366923,3669.23
367017,3670.17
367113,3671.13
367204,3672.04
367299,3672.99
367395,3673.95
367490,3674.9
367582,3675.82
367677,3676.77
367771,3677.71
367861,3678.61
367954,3679.54
368048,3680.48
368140,3681.4
368230,3682.3
368323,3683.23
368417,3684.17
368505,3685.05
368596,3685.96
368689,3686.89
368781,3687.81
368870,3688.7
368963,3689.63
369057,3690.57
369152,3691.52
369246,3692.46
369344,3693.44
369442,3694.42
369534,3695.34
369627,3696.27
369718,3697.18
369809,3698.09
369898,3698.98
369990,3699.9
370082,3700.82
370172,3701.72
370258,3702.58
370344,3703.44
370423,3704.23
370500,3705.0
370583,3705.83
370676,3706.76
370766,3707.66
370861,3708.61
370959,3709.59
371058,3710.58
371151,3711.51
371245,3712.45
371340,3713.4
371434,3714.34
371524,3715.24
371618,3716.18
371714,3717.14
371807,3718.07
371895,3718.95
371983,3719.83
372071,3720.71
372157,3721.57
372247,3722.47
372343,3723.43
372444,3724.44
372541,3725.41
372642,3726.42
372746,3727.46
372844,3728.44
372945,3729.45
373046,3730.46
373145,3731.45
373239,3732.39
373330,3733.3
373421,3734.21
373514,3735.14
373606,3736.06
373704,3737.04
373803,3738.03
373904,3739.04
373998,3739.98
374094,3740.94
374192,3741.92
374290,3742.9
374385,3743.85
374477,3744.77
374576,3745.76
374678,3746.78
374780,3747.8
374874,3748.74
374969,3749.69
375063,3750.63
375157,3751.57
375249,3752.49
375342,3753.42
375436,3754.36
375534,3755.34
375626,3756.26
375711,3757.11
375790,3757.9
375869,3758.69
375958,3759.58
376056,3760.56
376160,3761.6
376260,3762.6
376360,3763.6
376453,3764.53
376538,3765.38
376616,3766.16
376692,3766.92
376764,3767.64
376834,3768.34
376903,3769.03
376971,3769.71
377038,3770.38
377106,3771.06
377179,3771.79
377258,3772.58
377314,3773.14
377371,3773.71
377431,3774.31
377492,3774.92
377564,3775.64
377647,3776.47
377724,3777.24
377812,3778.12
377889,3778.89
377969,3779.69
378050,3780.5
378132,3781.32
378211,3782.11
378289,3782.89
378370,3783.7
378458,3784.58
378552,3785.52
378643,3786.43
378736,3787.36
378834,3788.34
378935,3789.35
379034,3790.34
379125,3791.25
379223,3792.23
379325,3793.25
379425,3794.25
379522,3795.22
379626,3796.26
379732,3797.32
379832,3798.32
379924,3799.24
380016,3800.16
380105,3801.05
380189,3801.89
380274,3802.74
380361,3803.61
380454,3804.54
380546,3805.46
380643,3806.43
380744,3807.44
380842,3808.42
380936,3809.36
381031,3810.31
381124,3811.24
381216,3812.16
381312,3813.12
381409,3814.09
381500,3815.0
381591,3815.91
381687,3816.87
381782,3817.82
381874,3818.74
381966,3819.66
382057,3820.57
382142,3821.42
382232,3822.32
382323,3823.23
382412,3824.12
382500,3825.0
382581,3825.81
382659,3826.59
382744,3827.44
382833,3828.33
382923,3829.23
383018,3830.18
383118,3831.18
383216,3832.16
383312,3833.12
383411,3834.11
383510,3835.1
383604,3836.04
383700,3837.0
383796,3837.96
383898,3838.98
383997,3839.97
384099,3840.99
384201,3842.01
384301,3843.01
384395,3843.95
384483,3844.83
384576,3845.76
384674,3846.74
384778,3847.78
384883,3848.83
384986,3849.86
385081,3850.81
385179,3851.79
385280,3852.8
385384,3853.84
385484,3854.84
385584,3855.84
385687,3856.87
385792,3857.92
385895,3858.95
385994,3859.94
386096,3860.96
386199,3861.99
386301,3863.01
386397,3863.97
386493,3864.93
386591,3865.91
386690,3866.9
386786,3867.86
386881,3868.81
386982,3869.82
387083,3870.83
387180,3871.8
387273,3872.73
387369,3873.69
387469,3874.69
387575,3875.75
387678,3876.78
387779,3877.79
387885,3878.85
387994,3879.94
388101,3881.01
388202,3882.02
388300,3883.0
388398,3883.98
388494,3884.94
388587,3885.87
388675,3886.75
388758,3887.58
388846,3888.46
388946,3889.46
389046,3890.46
389139,3891.39
389221,3892.21
389304,3893.04
389405,3894.05
389507,3895.07
389601,3896.01
389699,3896.99
389799,3897.99
389900,3899.0
389996,3899.96
390092,3900.92
390188,3901.88
390282,3902.82
390370,3903.7
390462,3904.62
390557,3905.57
390655,3906.55
390749,3907.49
390853,3908.53
390958,3909.58
391061,3910.61
391157,3911.57
391259,3912.59
391361,3913.61
391458,3914.58
391553,3915.53
391648,3916.48
391748,3917.48
391843,3918.43
391936,3919.36
392037,3920.37
392144,3921.44
392250,3922.5
392353,3923.53
392454,3924.54
392550,3925.5
392643,3926.43
392739,3927.39
392840,3928.4
392936,3929.36
393036,3930.36
393136,3931.36
393234,3932.34
393327,3933.27
393420,3934.2
393514,3935.14
393601,3936.01
393692,3936.92
393783,3937.83
393867,3938.67
393947,3939.47
394027,3940.27
394114,3941.14
394201,3942.01
394293,3942.93
394389,3943.89
394487,3944.87
394583,3945.83
394674,3946.74
394768,3947.68
394862,3948.62
394954,3949.54
395048,3950.48
395144,3951.44
395241,3952.41
395334,3953.34
395429,3954.29
395529,3955.29
395632,3956.32
395728,3957.28
395822,3958.22
395915,3959.15
396009,3960.09
396101,3961.01
396202,3962.02
396306,3963.06
396413,3964.13
396517,3965.17
396624,3966.24
396730,3967.3
396831,3968.31
396924,3969.24
397016,3970.16
397106,3971.06
397198,3971.98
397286,3972.86
397381,3973.81
397480,3974.8
397580,3975.8
397678,3976.78
397777,3977.77
397878,3978.78
397974,3979.74
398066,3980.66
398161,3981.61
398258,3982.58
398352,3983.52
398443,3984.43
398537,3985.37
398634,3986.34
398731,3987.31
398826,3988.26
398924,3989.24
399025,3990.25
399125,3991.25
399220,3992.2
399316,3993.16
399413,3994.13
399511,3995.11
399604,3996.04
399696,3996.96
399789,3997.89
399883,3998.83
399977,3999.77
400069,4000.69
400167,4001.67
400266,4002.66
400363,4003.63
400460,4004.6
400560,4005.6
400661,4006.61
400756,4007.56
400851,4008.51
400946,4009.46
401040,4010.4
401131,4011.31
401222,4012.22
401318,4013.18
401418,4014.18
401512,4015.12
401601,4016.01
401684,4016.84
401763,4017.63
401841,4018.41
401922,4019.22
402010,4020.1
402098,4020.98
402194,4021.94
402295,4022.95
402397,4023.97
402489,4024.89
402583,4025.83
402678,4026.78
402773,4027.73
402862,4028.62
402952,4029.52
403044,4030.44
403140,4031.4
403234,4032.34
403323,4033.23
403413,4034.13
403504,4035.04
403596,4035.96
403682,4036.82
403772,4037.72
403866,4038.66
403968,4039.68
404064,4040.64
404157,4041.57
404250,4042.5
404345,4043.45
404439,4044.39
404530,4045.3
404626,4046.26
404724,4047.24
404817,4048.17
404909,4049.09
405006,4050.06
405104,4051.04
405196,4051.96
405290,4052.9
405391,4053.91
405495,4054.95
405596,4055.96
405699,4056.99
405801,4058.01
405900,4059.0
405993,4059.93
406086,4060.86
406181,4061.81
406274,4062.74
406366,4063.66
406461,4064.61
406560,4065.6
406660,4066.6
406751,4067.51
406834,4068.34
406916,4069.16
407001,4070.01
407093,4070.93
407178,4071.78
407258,4072.58
407339,4073.39
407436,4074.36
407532,4075.32
407624,4076.24
407717,4077.17
407820,4078.2
407923,4079.23
408023,4080.23
408116,4081.16
408206,4082.06
408295,4082.95
408385,4083.85
408474,4084.74
408575,4085.75
408688,4086.88
408798,4087.98
408903,4089.03
409002,4090.02
409102,4091.02
409203,4092.03
409303,4093.03
409402,4094.02
409501,4095.01
409598,4095.98
409690,4096.9
409782,4097.82
409879,4098.79
409979,4099.79
410083,4100.83
410182,4101.82
410286,4102.86
410393,4103.93
410497,4104.97
410592,4105.92
410686,4106.86
410782,4107.82
410878,4108.78
410975,4109.75
411069,4110.69
411165,4111.65
411265,4112.65
411366,4113.66
411463,4114.63
411559,4115.59
411657,4116.57
411755,4117.55
411849,4118.49
411943,4119.43
412037,4120.37
412131,4121.31
412224,4122.24
412319,4123.19
412416,4124.16
412516,4125.16
412612,4126.12
412709,4127.09
412805,4128.05
412897,4128.97
412983,4129.83
413069,4130.69
413153,4131.53
413231,4132.31
413308,4133.08
413392,4133.92
413485,4134.85
413580,4135.8
413680,4136.8
413782,4137.82
413876,4138.76
413967,4139.67
414060,4140.6
414156,4141.56
414251,4142.51
414343,4143.43
414440,4144.4
414538,4145.38
414630,4146.3
414716,4147.16
414804,4148.04
414896,4148.96
414993,4149.93
415087,4150.87
415188,4151.88
415290,4152.9
415390,4153.9
415492,4154.92
415595,4155.95
415696,4156.96
415790,4157.9
415883,4158.83
415979,4159.79
416077,4160.77
416166,4161.66
416251,4162.51
416339,4163.39
416427,4164.27
416526,4165.26
416624,4166.24
416727,4167.27
416831,4168.31
416935,4169.35
417032,4170.32
417129,4171.29
417226,4172.26
417312,4173.12
417392,4173.92
417473,4174.73
417556,4175.56
417645,4176.45
417737,4177.37
417829,4178.29
417924,4179.24
418017,4180.17
418112,4181.12
418199,4181.99
418282,4182.82
418363,4183.63
418440,4184.4
418515,4185.15
418589,4185.89
418663,4186.63
418746,4187.46
418842,4188.42
418934,4189.34
419032,4190.32
419131,4191.31
419233,4192.33
419326,4193.26
419417,4194.17
419505,4195.05
419593,4195.93
419681,4196.81
419765,4197.65
419853,4198.53
419944,4199.44
420038,4200.38
420126,4201.26
420207,4202.07
420288,4202.88
420381,4203.81
420486,4204.86
420584,4205.84
420677,4206.77
420773,4207.73
420872,4208.72
420968,4209.68
421058,4210.58
421143,4211.43
421227,4212.27
421315,4213.15
421410,4214.1
421512,4215.12
421613,4216.13
421707,4217.07
421796,4217.96
421884,4218.84
421970,4219.7
422051,4220.51
422129,4221.29
422206,4222.06
422289,4222.89
422376,4223.76
422465,4224.65
422567,4225.67
422669,4226.69
422768,4227.68
422859,4228.59
422946,4229.46
423033,4230.33
423119,4231.19
423209,4232.09
423298,4232.98
423383,4233.83
423478,4234.78
423578,4235.78
423678,4236.78
423774,4237.74
423873,4238.73
423972,4239.72
424070,4240.7
424161,4241.61
424252,4242.52
424345,4243.45
424439,4244.39
424536,4245.36
424627,4246.27
424724,4247.24
424820,4248.2
424916,4249.16
425003,4250.03
425087,4250.87
425169,4251.69
425250,4252.5
425329,4253.29
425407,4254.07
425490,4254.9
425579,4255.79
425672,4256.72
425754,4257.54
425835,4258.35
425912,4259.12
425985,4259.85
426056,4260.56
426128,4261.28
426198,4261.98
426268,4262.68
426338,4263.38
426401,4264.01
426465,4264.65
426545,4265.45
426615,4266.15
426683,4266.83
426751,4267.51
426821,4268.21
426885,4268.85
426950,4269.5
427034,4270.34
427108,4271.08
427186,4271.86
427269,4272.69
427347,4273.47
427431,4274.31
427512,4275.12
427591,4275.91
427670,4276.7
427761,4277.61
427856,4278.56
427954,4279.54
428052,4280.52
428150,4281.5
428244,4282.44
428330,4283.3
428420,4284.2
428515,4285.15
428615,4286.15
428716,4287.16
428813,4288.13
428912,4289.12
429013,4290.13
429111,4291.11
429203,4292.03
429289,4292.89
429382,4293.82
429483,4294.83
429590,4295.9
429690,4296.9
429787,4297.87
429883,4298.83
429978,4299.78
430069,4300.69
430170,4301.7
430277,4302.77
430384,4303.84
430489,4304.89
430594,4305.94
430699,4306.99
430800,4308.0
430896,4308.96
430995,4309.95
431095,4310.95
431191,4311.91
431285,4312.85
431383,4313.83
431484,4314.84
431585,4315.85
431682,4316.82
431783,4317.83
431884,4318.84
431980,4319.8
432066,4320.66
432152,4321.52
432238,4322.38
432332,4323.32
432430,4324.3
432529,4325.29
432641,4326.41
432754,4327.54
432862,4328.62
432969,4329.69
433074,4330.74
433177,4331.77
433274,4332.74
433365,4333.65
433457,4334.57
433552,4335.52
433646,4336.46
433738,4337.38
433830,4338.3
433926,4339.26
434025,4340.25
434127,4341.27
434227,4342.27
434328,4343.28
434428,4344.28
434523,4345.23
434613,4346.13
434705,4347.05
434798,4347.98
434888,4348.88
434975,4349.75
435064,4350.64
435156,4351.56
435241,4352.41
435323,4353.23
435408,4354.08
435493,4354.93
435580,4355.8
435675,4356.75
435774,4357.74
435867,4358.67
435955,4359.55
436043,4360.43
436131,4361.31
436220,4362.2
436308,4363.08
436403,4364.03
436501,4365.01
436598,4365.98
436692,4366.92
436790,4367.9
436887,4368.87
436980,4369.8
437071,4370.71
437166,4371.66
437265,4372.65
437359,4373.59
437454,4374.54
437549,4375.49
437646,4376.46
437738,4377.38
437832,4378.32
437927,4379.27
438020,4380.2
438111,4381.11
438211,4382.11
438315,4383.15
438417,4384.17
438517,4385.17
438620,4386.2
438724,4387.24
438820,4388.2
438913,4389.13
439005,4390.05
439097,4390.97
439186,4391.86
439273,4392.73
439361,4393.61
439453,4394.53
439547,4395.47
439639,4396.39
439737,4397.37
439837,4398.37
439931,4399.31
440023,4400.23
440117,4401.17
440213,4402.13
440305,4403.05
440397,4403.97
440493,4404.93
440587,4405.87
440677,4406.77
440769,4407.69
440865,4408.65
440966,4409.66
441061,4410.61
441157,4411.57
441257,4412.57
441360,4413.6
441460,4414.6
441559,4415.59
441659,4416.59
441760,4417.6
441860,4418.6
441950,4419.5
442037,4420.37
442127,4421.27
442231,4422.31
442337,4423.37
442440,4424.4
442548,4425.48
442654,4426.54
442759,4427.59
442860,4428.6
442960,4429.6
443059,4430.59
443156,4431.56
443250,4432.5
443340,4433.4
443429,4434.29
443519,4435.19
443606,4436.06
443691,4436.91
443781,4437.81
443872,4438.72
443952,4439.52
444032,4440.32
444116,4441.16
444202,4442.02
444291,4442.91
444385,4443.85
444479,4444.79
444565,4445.65
444652,4446.52
444737,4447.37
444821,4448.21
444904,4449.04
444991,4449.91
445081,4450.81
445173,4451.73
445261,4452.61
445352,4453.52
445446,4454.46
445544,4455.44
445636,4456.36
445727,4457.27
445811,4458.11
445892,4458.92
445968,4459.68
446047,4460.47
446125,4461.25
446201,4462.01
446276,4462.76
446350,4463.5
446427,4464.27
446506,4465.06
446587,4465.87
446665,4466.65
446741,4467.41
446817,4468.17
446899,4468.99
446993,4469.93
447085,4470.85
447177,4471.77
447274,4472.74
447375,4473.75
447476,4474.76
447574,4475.74
447667,4476.67
447764,4477.64
447868,4478.68
447974,4479.74
448079,4480.79
448174,4481.74
448265,4482.65
448353,4483.53
448436,4484.36
448513,4485.13
448590,4485.9
448670,4486.7
448754,4487.54
448839,4488.39
448931,4489.31
449029,4490.29
449123,4491.23
449209,4492.09
449300,4493.0
449398,4493.98
449496,4494.96
449587,4495.87
449677,4496.77
449767,4497.67
449856,4498.56
449941,4499.41
450026,4500.26
450107,4501.07
450184,4501.84
450262,4502.62
450350,4503.5
450436,4504.36
450528,4505.28
450624,4506.24
450720,4507.2
450809,4508.09
450899,4508.99
450992,4509.92
451089,4510.89
451182,4511.82
451280,4512.8
451379,4513.79
451479,4514.79
451576,4515.76
451671,4516.71
451768,4517.68
451863,4518.63
451954,4519.54
452041,4520.41
452125,4521.25
452212,4522.12
452300,4523.0
452386,4523.86
452477,4524.77
452570,4525.7
452662,4526.62
452750,4527.5
452844,4528.44
452941,4529.41
453037,4530.37
453132,4531.32
453228,4532.28
453324,4533.24
453414,4534.14
453505,4535.05
453592,4535.92
453674,4536.74
453751,4537.51
453826,4538.26
453904,4539.04
453990,4539.9
454076,4540.76
454172,4541.72
454275,4542.75
454379,4543.79
454476,4544.76
454575,4545.75
454670,4546.7
454765,4547.65
454852,4548.52
454939,4549.39
455027,4550.27
455117,4551.17
455206,4552.06
455294,4552.94
455389,4553.89
455489,4554.89
455593,4555.93
455688,4556.88
455786,4557.86
455887,4558.87
455986,4559.86
456082,4560.82
456181,4561.81
456282,4562.82
456377,4563.77
456472,4564.72
456569,4565.69
456666,4566.66
456756,4567.56
456839,4568.39
456922,4569.22
457007,4570.07
457097,4570.97
457187,4571.87
457279,4572.79
457384,4573.84
457493,4574.93
457596,4575.96
457700,4577.0
457801,4578.01
457898,4578.98
457989,4579.89
458079,4580.79
458170,4581.7
458268,4582.68
458363,4583.63
458451,4584.51
458547,4585.47
458647,4586.47
458747,4587.47
458839,4588.39
458926,4589.26
459013,4590.13
459103,4591.03
459190,4591.9
459276,4592.76
459367,4593.67
459464,4594.64
459562,4595.62
459648,4596.48
459735,4597.35
459815,4598.15
459893,4598.93
459969,4599.69
460052,4600.52
460140,4601.4
460230,4602.3
460327,4603.27
460429,4604.29
460520,4605.2
460605,4606.05
460687,4606.87
460769,4607.69
460856,4608.56
460941,4609.41
461035,4610.35
461133,4611.33
461231,4612.31
461320,4613.2
461407,4614.07
461491,4614.91
461574,4615.74
461651,4616.51
461732,4617.32
461811,4618.11
461890,4618.9
461973,4619.73
462053,4620.53
462138,4621.38
462227,4622.27
462319,4623.19
462408,4624.08
462495,4624.95
462582,4625.82
462670,4626.7
462759,4627.59
462843,4628.43
462930,4629.3
463018,4630.18
463109,4631.09
463200,4632.0
463293,4632.93
463391,4633.91
463492,4634.92
463590,4635.9
463689,4636.89
463787,4637.87
463884,4638.84
463978,4639.78
464075,4640.75
464175,4641.75
464277,4642.77
464373,4643.73
464469,4644.69
464569,4645.69
464667,4646.67
464760,4647.6
464850,4648.5
464932,4649.32
465009,4650.09
465087,4650.87
465170,4651.7
465256,4652.56
465339,4653.39
465433,4654.33
465536,4655.36
465639,4656.39
465732,4657.32
465824,4658.24
465916,4659.16
466012,4660.12
466106,4661.06
466206,4662.06
466310,4663.1
466414,4664.14
466513,4665.13
466610,4666.1
466707,4667.07
466800,4668.0
466890,4668.9
466986,4669.86
467089,4670.89
467192,4671.92
467293,4672.93
467393,4673.93
467493,4674.93
467594,4675.94
467692,4676.92
467792,4677.92
467893,4678.93
467992,4679.92
468088,4680.88
468184,4681.84
468280,4682.8
468376,4683.76
468469,4684.69
468562,4685.62
468655,4686.55
468749,4687.49
468838,4688.38
468928,4689.28
469021,4690.21
469110,4691.1
469193,4691.93
469277,4692.77
469358,4693.58
469437,4694.37
469514,4695.14
469595,4695.95
469681,4696.81
469768,4697.68
469858,4698.58
469950,4699.5
470042,4700.42
470129,4701.29
470214,4702.14
470301,4703.01
470390,4703.9
470478,4704.78
470570,4705.7
470667,4706.67
470764,4707.64
470855,4708.55
470951,4709.51
471049,4710.49
471143,4711.43
471231,4712.31
471321,4713.21
471412,4714.12
471500,4715.0
471592,4715.92
471690,4716.9
471787,4717.87
471879,4718.79
471973,4719.73
472071,4720.71
472167,4721.67
472265,4722.65
472364,4723.64
472461,4724.61
472550,4725.5
472636,4726.36
472723,4727.23
472817,4728.17
472914,4729.14
473007,4730.07
473103,4731.03
473196,4731.96
473290,4732.9
473378,4733.78
473470,4734.7
473564,4735.64
473657,4736.57
473748,4737.48
473844,4738.44
473939,4739.39
474032,4740.32
474122,4741.22
474215,4742.15
474312,4743.12
474409,4744.09
474502,4745.02
474599,4745.99
474696,4746.96
474792,4747.92
474879,4748.79
474967,4749.67
475056,4750.56
475148,4751.48
475237,4752.37
475329,4753.29
475430,4754.3
475535,4755.35
475637,4756.37
475738,4757.38
475840,4758.4
475937,4759.37
476030,4760.3
476123,4761.23
476219,4762.19
476316,4763.16
476409,4764.09
476505,4765.05
476602,4766.02
476696,4766.96
476786,4767.86
476875,4768.75
476964,4769.64
477057,4770.57
477150,4771.5
477247,4772.47
477355,4773.55
477464,4774.64
477568,4775.68
477663,4776.63
477759,4777.59
477857,4778.57
477956,4779.56
478053,4780.53
478153,4781.53
478254,4782.54
478355,4783.55
478453,4784.53
478552,4785.52
478652,4786.52
478751,4787.51
478852,4788.52
478954,4789.54
479055,4790.55
479152,4791.52
479249,4792.49
479346,4793.46
479442,4794.42
479536,4795.36
479632,4796.32
479729,4797.29
479828,4798.28
479923,4799.23
480019,4800.19
480115,4801.15
480212,4802.12
480305,4803.05
480396,4803.96
480489,4804.89
480582,4805.82
480673,4806.73
480761,4807.61
480854,4808.54
480952,4809.52
481055,4810.55
481156,4811.56
481262,4812.62
481366,4813.66
481469,4814.69
481567,4815.67
481665,4816.65
481763,4817.63
481857,4818.57
481951,4819.51
482041,4820.41
482129,4821.29
482211,4822.11
482293,4822.93
482379,4823.79
482461,4824.61
482540,4825.4
482633,4826.33
482742,4827.42
482846,4828.46
482958,4829.58
483071,4830.71
483182,4831.82
483281,4832.81
483377,4833.77
483469,4834.69
483558,4835.58
483642,4836.42
483730,4837.3
483833,4838.33
483940,4839.4
484040,4840.4
484139,4841.39
484240,4842.4
484344,4843.44
484447,4844.47
484543,4845.43
484641,4846.41
484740,4847.4
484839,4848.39
484936,4849.36
485036,4850.36
485138,4851.38
485241,4852.41
485341,4853.41
485442,4854.42
485545,4855.45
485647,4856.47
485747,4857.47
485848,4858.48
485949,4859.49
486048,4860.48
486146,4861.46
486242,4862.42
486338,4863.38
486433,4864.33
486538,4865.38
486647,4866.47
486754,4867.54
486862,4868.62
486968,4869.68
487072,4870.72
487175,4871.75
487279,4872.79
487384,4873.84
487486,4874.86
487585,4875.85
487682,4876.82
487771,4877.71
487853,4878.53
487942,4879.42
488045,4880.45
488155,4881.55
488260,4882.6
488370,4883.7
488481,4884.81
488589,4885.89
488696,4886.96
488801,4888.01
488903,4889.03
489004,4890.04
489104,4891.04
489200,4892.0
489295,4892.95
489389,4893.89
489483,4894.83
489581,4895.81
489679,4896.79
489782,4897.82
489887,4898.87
489994,4899.94
490097,4900.97
490202,4902.02
490306,4903.06
490407,4904.07
490503,4905.03
490601,4906.01
490700,4907.0
490802,4908.02
490901,4909.01
491003,4910.03
491110,4911.1
491218,4912.18
491321,4913.21
491422,4914.22
491522,4915.22
491621,4916.21
491718,4917.18
491818,4918.18
491920,4919.2
492025,4920.25
492126,4921.26
492227,4922.27
492329,4923.29
492432,4924.32
492532,4925.32
492634,4926.34
492738,4927.38
492843,4928.43
492948,4929.48
493052,4930.52
493155,4931.55
493253,4932.53
493352,4933.52
493452,4934.52
493552,4935.52
493649,4936.49
493750,4937.5
493851,4938.51
493954,4939.54
494053,4940.53
494152,4941.52
494253,4942.53
494352,4943.52
494447,4944.47
494535,4945.35
494624,4946.24
494715,4947.15
494825,4948.25
494932,4949.32
495043,4950.43
495156,4951.56
495265,4952.65
495372,4953.72
495479,4954.79
495582,4955.82
495680,4956.8
495778,4957.78
495876,4958.76
495973,4959.73
496067,4960.67
496161,4961.61
496256,4962.56
496349,4963.49
496439,4964.39
496532,4965.32
496628,4966.28
496728,4967.28
496828,4968.28
496924,4969.24
497025,4970.25
497127,4971.27
497228,4972.28
497333,4973.33
497444,4974.44
497555,4975.55
497660,4976.6
497765,4977.65
497867,4978.67
497966,4979.66
498063,4980.63
498163,4981.63
498267,4982.67
498370,4983.7
498468,4984.68
498568,4985.68
498671,4986.71
498774,4987.74
498874,4988.74
498976,4989.76
499077,4990.77
499179,4991.79
499286,4992.86
499402,4994.02
499515,4995.15
499629,4996.29
499742,4997.42
499855,4998.55
499961,4999.61
500066,5000.66
500168,5001.68
500264,5002.64
500355,5003.55
500449,5004.49
500545,5005.45
500638,5006.38
500730,5007.3
500825,5008.25
500923,5009.23
501021,5010.21
501109,5011.09
501197,5011.97
501298,5012.98
501414,5014.14
501524,5015.24
501631,5016.31
501746,5017.46
501858,5018.58
501968,5019.68
502077,5020.77
502183,5021.83
502282,5022.82
502382,5023.82
502483,5024.83
502584,5025.84
502680,5026.8
502775,5027.75
502876,5028.76
502979,5029.79
503083,5030.83
503182,5031.82
503286,5032.86
503395,5033.95
503504,5035.04
503607,5036.07
503715,5037.15
503827,5038.27
503933,5039.33
504037,5040.37
504140,5041.4
504244,5042.44
504345,5043.45
504444,5044.44
504547,5045.47
504649,5046.49
504750,5047.5
504852,5048.52
504952,5049.52
505052,5050.52
505146,5051.46
505242,5052.42
505338,5053.38
505437,5054.37
505533,5055.33
505634,5056.34
505737,5057.37
505841,5058.41
505942,5059.42
506046,5060.46
506149,5061.49
506251,5062.51
506349,5063.49
506446,5064.46
506550,5065.5
506658,5066.58
506764,5067.64
506867,5068.67
506970,5069.7
507076,5070.76
507181,5071.81
507280,5072.8
507374,5073.74
507466,5074.66
507562,5075.62
507658,5076.58
507761,5077.61
507867,5078.67
507969,5079.69
508066,5080.66
508168,5081.68
508272,5082.72
508372,5083.72
508469,5084.69
508567,5085.67
508672,5086.72
508774,5087.74
508879,5088.79
508988,5089.88
509093,5090.93
509192,5091.92
509289,5092.89
509385,5093.85
509476,5094.76
509571,5095.71
509669,5096.69
509769,5097.69
509865,5098.65
509961,5099.61
510062,5100.62
510167,5101.67
510267,5102.67
510366,5103.66
510469,5104.69
510575,5105.75
510679,5106.79
510786,5107.86
510890,5108.9
510991,5109.91
511088,5110.88
511185,5111.85
511282,5112.82
511381,5113.81
511477,5114.77
511574,5115.74
511672,5116.72
511768,5117.68
511868,5118.68
511966,5119.66
512061,5120.61
512157,5121.57
512254,5122.54
512348,5123.48
512454,5124.54
512561,5125.61
512664,5126.64
512767,5127.67
512873,5128.73
512978,5129.78
513078,5130.78
513183,5131.83
513282,5132.82
513378,5133.78
513469,5134.69
513567,5135.67
513672,5136.72
513778,5137.78
513879,5138.79
513982,5139.82
514087,5140.87
514185,5141.85
514283,5142.83
514382,5143.82
514474,5144.74
514560,5145.6
514649,5146.49
514744,5147.44
514841,5148.41
514941,5149.41
515051,5150.51
515162,5151.62
515268,5152.68
515366,5153.66
515464,5154.64
515562,5155.62
515664,5156.64
515762,5157.62
515866,5158.66
515972,5159.72
516073,5160.73
516173,5161.73
516274,5162.74
516374,5163.74
516468,5164.68
516565,5165.65
516667,5166.67
516770,5167.7
516868,5168.68
516969,5169.69
517074,5170.74
517177,5171.77
517278,5172.78
517383,5173.83
517490,5174.9
517597,5175.97
517693,5176.93
517789,5177.89
517884,5178.84
517977,5179.77
518080,5180.8
518192,5181.92
518303,5183.03
518408,5184.08
518513,5185.13
518621,5186.21
518728,5187.28
518830,5188.3
518928,5189.28
519022,5190.22
519117,5191.17
519217,5192.17
519323,5193.23
519425,5194.25
519532,5195.32
519636,5196.36
519735,5197.35
519836,5198.36
519941,5199.41
520040,5200.4
520140,5201.4
520241,5202.41
520343,5203.43
520436,5204.36
520529,5205.29
520625,5206.25
520727,5207.27
520830,5208.3
520938,5209.38
521049,5210.49
521157,5211.57
521263,5212.63
521371,5213.71
521482,5214.82
521588,5215.88
521692,5216.92
521797,5217.97
521899,5218.99
521996,5219.96
522091,5220.91
522187,5221.87
522285,5222.85
522377,5223.77
522474,5224.74
522575,5225.75
522678,5226.78
522778,5227.78
522872,5228.72
522973,5229.73
523081,5230.81
523188,5231.88
523288,5232.88
523392,5233.92
523489,5234.89
523589,5235.89
523685,5236.85
523778,5237.78
523874,5238.74
523976,5239.76
524077,5240.77
524184,5241.84
524292,5242.92
524396,5243.96
524498,5244.98
524602,5246.02
524706,5247.06
524806,5248.06
524901,5249.01
524989,5249.89
525076,5250.76
525171,5251.71
525274,5252.74
525376,5253.76
525478,5254.78
525584,5255.84
525690,5256.9
525791,5257.91
525893,5258.93
525996,5259.96
526092,5260.92
526184,5261.84
526279,5262.79
526379,5263.79
526476,5264.76
526576,5265.76
526681,5266.81
526788,5267.88
526890,5268.9
526984,5269.84
527078,5270.78
527178,5271.78
527276,5272.76
527370,5273.7
527462,5274.62
527564,5275.64
527667,5276.67
527756,5277.56
527838,5278.38
527918,5279.18
527997,5279.97
528080,5280.8
528164,5281.64
528256,5282.56
528349,5283.49
528435,5284.35
528534,5285.34
528637,5286.37
528734,5287.34
528833,5288.33
528933,5289.33
529030,5290.3
529122,5291.22
529220,5292.2
529319,5293.19
529413,5294.13
529499,5294.99
529583,5295.83
529671,5296.71
529764,5297.64
529860,5298.6
529956,5299.56
530052,5300.52
530152,5301.52
530253,5302.53
530345,5303.45
530432,5304.32
530514,5305.14
530593,5305.93
530669,5306.69
530747,5307.47
530824,5308.24
530900,5309.0
530977,5309.77
531052,5310.52
531127,5311.27
531201,5312.01
531279,5312.79
531358,5313.58
531433,5314.33
531509,5315.09
531587,5315.87
531666,5316.66
531748,5317.48
531827,5318.27
531905,5319.05
531981,5319.81
532058,5320.58
532137,5321.37
532214,5322.14
532297,5322.97
532385,5323.85
532479,5324.79
532573,5325.73
532668,5326.68
532768,5327.68
532870,5328.7
532966,5329.66
533064,5330.64
533166,5331.66
533271,5332.71
533374,5333.74
533473,5334.73
533573,5335.73
533669,5336.69
533755,5337.55
533839,5338.39
533927,5339.27
534022,5340.22
534125,5341.25
534226,5342.26
534335,5343.35
534449,5344.49
534563,5345.63
534665,5346.65
534770,5347.7
534878,5348.78
534987,5349.87
535093,5350.93
535201,5352.01
535308,5353.08
535412,5354.12
535519,5355.19
535622,5356.22
535723,5357.23
535819,5358.19
535918,5359.18
536015,5360.15
536110,5361.1
536206,5362.06
536309,5363.09
536410,5364.1
536504,5365.04
536599,5365.99
536695,5366.95
536796,5367.96
536895,5368.95
536998,5369.98
537108,5371.08
537221,5372.21
537328,5373.28
537433,5374.33
537539,5375.39
537647,5376.47
537750,5377.5
537857,5378.57
537969,5379.69
538079,5380.79
538181,5381.81
538284,5382.84
538385,5383.85
538487,5384.87
538589,5385.89
538701,5387.01
538814,5388.14
538925,5389.25
539032,5390.32
539135,5391.35
539231,5392.31
539325,5393.25
539425,5394.25
539530,5395.3
539636,5396.36
539735,5397.35
539832,5398.32
539932,5399.32
540036,5400.36
540152,5401.52
540272,5402.72
540393,5403.93
540506,5405.06
540619,5406.19
540726,5407.26
540826,5408.26
540923,5409.23
541019,5410.19
541114,5411.14
541206,5412.06
541297,5412.97
541395,5413.95
541494,5414.94
541599,5415.99
541715,5417.15
541826,5418.26
541926,5419.26
542027,5420.27
542135,5421.35
542248,5422.48
542358,5423.58
542474,5424.74
542590,5425.9
542702,5427.02
542810,5428.1
542919,5429.19
543028,5430.28
543135,5431.35
543236,5432.36
543335,5433.35
543432,5434.32
543526,5435.26
543616,5436.16
543704,5437.04
543793,5437.93
543893,5438.93
544001,5440.01
544108,5441.08
544207,5442.07
544302,5443.02
544386,5443.86
544466,5444.66
544548,5445.48
544635,5446.35
544729,5447.29
544821,5448.21
544913,5449.13
544998,5449.98
545078,5450.78
545157,5451.57
545232,5452.32
545308,5453.08
545383,5453.83
545458,5454.58
545539,5455.39
545621,5456.21
545708,5457.08
545804,5458.04
545899,5458.99
545995,5459.95
546085,5460.85
546178,5461.78
546276,5462.76
546377,5463.77
546477,5464.77
546575,5465.75
546679,5466.79
546787,5467.87
546891,5468.91
546987,5469.87
547075,5470.75
547169,5471.69
547282,5472.82
547404,5474.04
547515,5475.15
547626,5476.26
547733,5477.33
547837,5478.37
547940,5479.4
548050,5480.5
548163,5481.63
548269,5482.69
548376,5483.76
548484,5484.84
548590,5485.9
548693,5486.93
548797,5487.97
548899,5488.99
549001,5490.01
549100,5491.0
549201,5492.01
549309,5493.09
549417,5494.17
549525,5495.25
549631,5496.31
549731,5497.31
549826,5498.26
549930,5499.3
550039,5500.39
550144,5501.44
550247,5502.47
550345,5503.45
550442,5504.42
550537,5505.37
550637,5506.37
550738,5507.38
550838,5508.38
550932,5509.32
551032,5510.32
551142,5511.42
551252,5512.52
551349,5513.49
551442,5514.42
551538,5515.38
551641,5516.41
551744,5517.44
551863,5518.63
551981,5519.81
552097,5520.97
552209,5522.09
552320,5523.2
552428,5524.28
552535,5525.35
552637,5526.37
552741,5527.41
552848,5528.48
552951,5529.51
553049,5530.49
553148,5531.48
553247,5532.47
553348,5533.48
553446,5534.46
553547,5535.47
553647,5536.47
553748,5537.48
553849,5538.49
553958,5539.58
554070,5540.7
554181,5541.81
554285,5542.85
554390,5543.9
554496,5544.96
554600,5546.0
554699,5546.99
554793,5547.93
554892,5548.92
554992,5549.92
555088,5550.88
555186,5551.86
555286,5552.86
555380,5553.8
555465,5554.65
555544,5555.44
555621,5556.21
555696,5556.96
555771,5557.71
555862,5558.62
555945,5559.45
556037,5560.37
556137,5561.37
556238,5562.38
556326,5563.26
556409,5564.09
556490,5564.9
556572,5565.72
556649,5566.49
556725,5567.25
556800,5568.0
556875,5568.75
556950,5569.5
557025,5570.25
557101,5571.01
557180,5571.8
557261,5572.61
557342,5573.42
557421,5574.21
557501,5575.01
557583,5575.83
557668,5576.68
557756,5577.56
557837,5578.37
557919,5579.19
557998,5579.98
558076,5580.76
558159,5581.59
558243,5582.43
558327,5583.27
558411,5584.11
558501,5585.01
558593,5585.93
558682,5586.82
558768,5587.68
558859,5588.59
558954,5589.54
559054,5590.54
559150,5591.5
559244,5592.44
559341,5593.41
559435,5594.35
559527,5595.27
559614,5596.14
559708,5597.08
559804,5598.04
559903,5599.03
560001,5600.01
560107,5601.07
560214,5602.14
560313,5603.13
560406,5604.06
560499,5604.99
560602,5606.02
560709,5607.09
560812,5608.12
560917,5609.17
561020,5610.2
561123,5611.23
561218,5612.18
561308,5613.08
561402,5614.02
561507,5615.07
561613,5616.13
561708,5617.08
561807,5618.07
561913,5619.13
562023,5620.23
562130,5621.3
562239,5622.39
562350,5623.5
562455,5624.55
562551,5625.51
562643,5626.43
562734,5627.34
562829,5628.29
562928,5629.28
563029,5630.29
563139,5631.39
563250,5632.5
563359,5633.59
563463,5634.63
563564,5635.64
563664,5636.64
563758,5637.58
563849,5638.49
563940,5639.4
564038,5640.38
564139,5641.39
564246,5642.46
564353,5643.53
564454,5644.54
564551,5645.51
564651,5646.51
564756,5647.56
564863,5648.63
564961,5649.61
565061,5650.61
565168,5651.68
565275,5652.75
565384,5653.84
565493,5654.93
565598,5655.98
565702,5657.02
565804,5658.04
565901,5659.01
565993,5659.93
566091,5660.91
566197,5661.97
566307,5663.07
566415,5664.15
566525,5665.25
566633,5666.33
566739,5667.39
566848,5668.48
566958,5669.58
567064,5670.64
567167,5671.67
567271,5672.71
567370,5673.7
567463,5674.63
567549,5675.49
567639,5676.39
567738,5677.38
567844,5678.44
567948,5679.48
568059,5680.59
568169,5681.69
568279,5682.79
568382,5683.82
568480,5684.8
568579,5685.79
568676,5686.76
568768,5687.68
568853,5688.53
568940,5689.4
569037,5690.37
569147,5691.47
569256,5692.56
569369,5693.69
569483,5694.83
569593,5695.93
569700,5697.0
569806,5698.06
569909,5699.09
570007,5700.07
570094,5700.94
570183,5701.83
570267,5702.67
570351,5703.51
570434,5704.34
570522,5705.22
570628,5706.28
570748,5707.48
570869,5708.69
570993,5709.93
571114,5711.14
571229,5712.29
571341,5713.41
571447,5714.47
571554,5715.54
571663,5716.63
571772,5717.72
571874,5718.74
571971,5719.71
572069,5720.69
572170,5721.7
572266,5722.66
572370,5723.7
572476,5724.76
572576,5725.76
572672,5726.72
572773,5727.73
572878,5728.78
572979,5729.79
573081,5730.81
573184,5731.84
573289,5732.89
573387,5733.87
573491,5734.91
573601,5736.01
573710,5737.1
573820,5738.2
573926,5739.26
574024,5740.24
574115,5741.15
574208,5742.08
574310,5743.1
574419,5744.19
574523,5745.23
574634,5746.34
574743,5747.43
574850,5748.5
574956,5749.56
575068,5750.68
575183,5751.83
575293,5752.93
575400,5754.0
575505,5755.05
575605,5756.05
575697,5756.97
575790,5757.9
575884,5758.84
575976,5759.76
576073,5760.73
576173,5761.73
576273,5762.73
576371,5763.71
576467,5764.67
576568,5765.68
576672,5766.72
576775,5767.75
576880,5768.8
576987,5769.87
577093,5770.93
577197,5771.97
577303,5773.03
577403,5774.03
577500,5775.0
577601,5776.01
577698,5776.98
577789,5777.89
577876,5778.76
577970,5779.7
578080,5780.8
578191,5781.91
578306,5783.06
578420,5784.2
578531,5785.31
578638,5786.38
578742,5787.42
578841,5788.41
578931,5789.31
579021,5790.21
579113,5791.13
579214,5792.14
579316,5793.16
579422,5794.22
579532,5795.32
579640,5796.4
579742,5797.42
579845,5798.45
579950,5799.5
580054,5800.54
580152,5801.52
580248,5802.48
580346,5803.46
580449,5804.49
580549,5805.49
580652,5806.52
580758,5807.58
580863,5808.63
580960,5809.6
581053,5810.53
581147,5811.47
581241,5812.41
581334,5813.34
581432,5814.32
581536,5815.36
581645,5816.45
581750,5817.5
581861,5818.61
581973,5819.73
582082,5820.82
582183,5821.83
582281,5822.81
582377,5823.77
582477,5824.77
582577,5825.77
582684,5826.84
582796,5827.96
582905,5829.05
583009,5830.09
583113,5831.13
583218,5832.18
583320,5833.2
583420,5834.2
583522,5835.22
583626,5836.26
583729,5837.29
583835,5838.35
583944,5839.44
584054,5840.54
584161,5841.61
584267,5842.67
584371,5843.71
584473,5844.73
584572,5845.72
584669,5846.69
584763,5847.63
584854,5848.54
584950,5849.5
585053,5850.53
585158,5851.58
585261,5852.61
585366,5853.66
585474,5854.74
585572,5855.72
585668,5856.68
585763,5857.63
585858,5858.58
585950,5859.5
586042,5860.42
586138,5861.38
586246,5862.46
586350,5863.5
586456,5864.56
586563,5865.63
586666,5866.66
586769,5867.69
586874,5868.74
586977,5869.77
587077,5870.77
587179,5871.79
587282,5872.82
587379,5873.79
587471,5874.71
587567,5875.67
587669,5876.69
587768,5877.68
587863,5878.63
587960,5879.6
588059,5880.59
588157,5881.57
588254,5882.54
588356,5883.56
588460,5884.6
588562,5885.62
588661,5886.61
588759,5887.59
588858,5888.58
588956,5889.56
589050,5890.5
589146,5891.46
589241,5892.41
589337,5893.37
589430,5894.3
589521,5895.21
589616,5896.16
589711,5897.11
589804,5898.04
589903,5899.03
590005,5900.05
590107,5901.07
590209,5902.09
590317,5903.17
590426,5904.26
590530,5905.3
590635,5906.35
590740,5907.4
590845,5908.45
590948,5909.48
591050,5910.5
591155,5911.55
591259,5912.59
591353,5913.53
591447,5914.47
591544,5915.44
591644,5916.44
591744,5917.44
591846,5918.46
591948,5919.48
592049,5920.49
592145,5921.45
592242,5922.42
592337,5923.37
592430,5924.3
592524,5925.24
592622,5926.22
592716,5927.16
592808,5928.08
592906,5929.06
593011,5930.11
593114,5931.14
593212,5932.12
593316,5933.16
593422,5934.22
593526,5935.26
593628,5936.28
593731,5937.31
593832,5938.32
593928,5939.28
594028,5940.28
594128,5941.28
594227,5942.27
594317,5943.17
594408,5944.08
594505,5945.05
594604,5946.04
594700,5947.0
594799,5947.99
594902,5949.02
595007,5950.07
595109,5951.09
595215,5952.15
595320,5953.2
595424,5954.24
595523,5955.23
595625,5956.25
595722,5957.22
595813,5958.13
595902,5959.02
595993,5959.93
596089,5960.89
596186,5961.86
596280,5962.8
596375,5963.75
596475,5964.75
596576,5965.76
596673,5966.73
596771,5967.71
596870,5968.7
596969,5969.69
597064,5970.64
597158,5971.58
597253,5972.53
597349,5973.49
597450,5974.5
597553,5975.53
597659,5976.59
597756,5977.56
597855,5978.55
597954,5979.54
598053,5980.53
598151,5981.51
598250,5982.5
598354,5983.54
598461,5984.61
598563,5985.63
598669,5986.69
598775,5987.75
598881,5988.81
598981,5989.81
599082,5990.82
599184,5991.84
599285,5992.85
599382,5993.82
599483,5994.83
599588,5995.88
599690,5996.9
599788,5997.88
599886,5998.86
599984,5999.84
600081,6000.81
600178,6001.78
600278,6002.78
600379,6003.79
600476,6004.76
600578,6005.78
600683,6006.83
600786,6007.86
600889,6008.89
600990,6009.9
601086,6010.86
601180,6011.8
601276,6012.76
601376,6013.76
601475,6014.75
601574,6015.74
601677,6016.77
601779,6017.79
601874,6018.74
601969,6019.69
602067,6020.67
602166,6021.66
602261,6022.61
602359,6023.59
602461,6024.61
602560,6025.6
602655,6026.55
602752,6027.52
602850,6028.5
602943,6029.43
603039,6030.39
603136,6031.36
603232,6032.32
603327,6033.27
603428,6034.28
603528,6035.28
603625,6036.25
603720,6037.2
603811,6038.11
603901,6039.01
603985,6039.85
604066,6040.66
604154,6041.54
604249,6042.49
604344,6043.44
604451,6044.51
604568,6045.68
604680,6046.8
604790,6047.9
604902,6049.02
605012,6050.12
605121,6051.21
605225,6052.25
605326,6053.26
605423,6054.23
605522,6055.22
605626,6056.26
605733,6057.33
605831,6058.31
605931,6059.31
606033,6060.33
606137,6061.37
606238,6062.38
606342,6063.42
606446,6064.46
606549,6065.49
606651,6066.51
606757,6067.57
606862,6068.62
606967,6069.67
607075,6070.75
607181,6071.81
607280,6072.8
607377,6073.77
607476,6074.76
607572,6075.72
607666,6076.66
607766,6077.66
607867,6078.67
607965,6079.65
608064,6080.64
608167,6081.67
608269,6082.69
608373,6083.73
608478,6084.78
608579,6085.79
608674,6086.74
608772,6087.72
608876,6088.76
608974,6089.74
609074,6090.74
609173,6091.73
609272,6092.72
609369,6093.69
609468,6094.68
609569,6095.69
609665,6096.65
609756,6097.56
609848,6098.48
609941,6099.41
610035,6100.35
610123,6101.23
610211,6102.11
610310,6103.1
610427,6104.27
610540,6105.4
610657,6106.57
610773,6107.73
610883,6108.83
610990,6109.9
611096,6110.96
611195,6111.95
611288,6112.88
611379,6113.79
611473,6114.73
611565,6115.65
611661,6116.61
611761,6117.61
611861,6118.61
611958,6119.58
612055,6120.55
612154,6121.54
612250,6122.5
612352,6123.52
612454,6124.54
612556,6125.56
612656,6126.56
612758,6127.58
612857,6128.57
612953,6129.53
613042,6130.42
613133,6131.33
613227,6132.27
613321,6133.21
613415,6134.15
613517,6135.17
613621,6136.21
613721,6137.21
613823,6138.23
613923,6139.23
614023,6140.23
614124,6141.24
614229,6142.29
614336,6143.36
614437,6144.37
614532,6145.32
614625,6146.25
614717,6147.17
614805,6148.05
614889,6148.89
614979,6149.79
615077,6150.77
615177,6151.77
615288,6152.88
615407,6154.07
615528,6155.28
615642,6156.42
615757,6157.57
615868,6158.68
615972,6159.72
616073,6160.73
616173,6161.73
616270,6162.7
616365,6163.65
616465,6164.65
616563,6165.63
616661,6166.61
616759,6167.59
616860,6168.6
616957,6169.57
617053,6170.53
617153,6171.53
617260,6172.6
617358,6173.58
617454,6174.54
617553,6175.53
617656,6176.56
617757,6177.57
617862,6178.62
617968,6179.68
618070,6180.7
618171,6181.71
618276,6182.76
618382,6183.82
618481,6184.81
618580,6185.8
618677,6186.77
618773,6187.73
618872,6188.72
618972,6189.72
619081,6190.81
619191,6191.91
619296,6192.96
619398,6193.98
619504,6195.04
619608,6196.08
619709,6197.09
619809,6198.09
619908,6199.08
620005,6200.05
620105,6201.05
620204,6202.04
620302,6203.02
620403,6204.03
620500,6205.0
620597,6205.97
620695,6206.95
620791,6207.91
620884,6208.84
620980,6209.8
621080,6210.8
621180,6211.8
621283,6212.83
621389,6213.89
621492,6214.92
621590,6215.9
621689,6216.89
621786,6217.86
621882,6218.82
621982,6219.82
622080,6220.8
622177,6221.77
622278,6222.78
622382,6223.82
622481,6224.81
622582,6225.82
622685,6226.85
622788,6227.88
622888,6228.88
622987,6229.87
623087,6230.87
623188,6231.88
623287,6232.87
623388,6233.88
623494,6234.94
623602,6236.02
623706,6237.06
623811,6238.11
623917,6239.17
624019,6240.19
624121,6241.21
624222,6242.22
624326,6243.26
624428,6244.28
624526,6245.26
624627,6246.27
624730,6247.3
624826,6248.26
624921,6249.21
625015,6250.15
625109,6251.09
625201,6252.01
625296,6252.96
625397,6253.97
625496,6254.96
625591,6255.91
625688,6256.88
625787,6257.87
625883,6258.83
625977,6259.77
626070,6260.7
626166,6261.66
626261,6262.61
626355,6263.55
626455,6264.55
626559,6265.59
626665,6266.65
626763,6267.63
626862,6268.62
626961,6269.61
627060,6270.6
627157,6271.57
627256,6272.56
627354,6273.54
627450,6274.5
627548,6275.48
627649,6276.49
627751,6277.51
627848,6278.48
627946,6279.46
628046,6280.46
628144,6281.44
628244,6282.44
628344,6283.44
628447,6284.47
628547,6285.47
628650,6286.5
628753,6287.53
628854,6288.54
628952,6289.52
629051,6290.51
629149,6291.49
629247,6292.47
629342,6293.42
629442,6294.42
629543,6295.43
629641,6296.41
629739,6297.39
629843,6298.43
629945,6299.45
630044,6300.44
630149,6301.49
630256,6302.56
630359,6303.59
630462,6304.62
630565,6305.65
630668,6306.68
630764,6307.64
630861,6308.61
630961,6309.61
631060,6310.6
631157,6311.57
631256,6312.56
631356,6313.56
631460,6314.6
631559,6315.59
631661,6316.61
631759,6317.59
631852,6318.52
631940,6319.4
632029,6320.29
632122,6321.22
632215,6322.15
632309,6323.09
632409,6324.09
632507,6325.07
632599,6325.99
632691,6326.91
632783,6327.83
632878,6328.78
632971,6329.71
633068,6330.68
633166,6331.66
633262,6332.62
633353,6333.53
633447,6334.47
633544,6335.44
633637,6336.37
633725,6337.25
633814,6338.14
633909,6339.09
634003,6340.03
634102,6341.02
634204,6342.04
634307,6343.07
634406,6344.06
634506,6345.06
634607,6346.07
634702,6347.02
634797,6347.97
634892,6348.92
634988,6349.88
635081,6350.81
635180,6351.8
635285,6352.85
635387,6353.87
635487,6354.87
635588,6355.88
635689,6356.89
635784,6357.84
635876,6358.76
635974,6359.74
636079,6360.79
636176,6361.76
636274,6362.74
636373,6363.73
636472,6364.72
636566,6365.66
636664,6366.64
636767,6367.67
636868,6368.68
636973,6369.73
637079,6370.79
637181,6371.81
637278,6372.78
637374,6373.74
637469,6374.69
637559,6375.59
637653,6376.53
637752,6377.52
637854,6378.54
637955,6379.55
638062,6380.62
638169,6381.69
638272,6382.72
638378,6383.78
638483,6384.83
638583,6385.83
638682,6386.82
638783,6387.83
638884,6388.84
638981,6389.81
639079,6390.79
639180,6391.8
639285,6392.85
639384,6393.84
639486,6394.86
639591,6395.91
639695,6396.95
639793,6397.93
639889,6398.89
639983,6399.83
640079,6400.79
640173,6401.73
640270,6402.7
640370,6403.7
640467,6404.67
640562,6405.62
640659,6406.59
640758,6407.58
640854,6408.54
640950,6409.5
641048,6410.48
641145,6411.45
641242,6412.42
641344,6413.44
641446,6414.46
641541,6415.41
641638,6416.38
641735,6417.35
641835,6418.35
641934,6419.34
642033,6420.33
642135,6421.35
642238,6422.38
642337,6423.37
642436,6424.36
642536,6425.36
642634,6426.34
642730,6427.3
642828,6428.28
642928,6429.28
643026,6430.26
643125,6431.25
643223,6432.23
643321,6433.21
643418,6434.18
643518,6435.18
643612,6436.12
643702,6437.02
643791,6437.91
643884,6438.84
643978,6439.78
644074,6440.74
644174,6441.74
644272,6442.72
644368,6443.68
644468,6444.68
644569,6445.69
644664,6446.64
644754,6447.54
644848,6448.48
644943,6449.43
645034,6450.34
645129,6451.29
645224,6452.24
645317,6453.17
645413,6454.13
645508,6455.08
645606,6456.06
645700,6457.0
645795,6457.95
645892,6458.92
645987,6459.87
646081,6460.81
646178,6461.78
646274,6462.74
646369,6463.69
646466,6464.66
646563,6465.63
646662,6466.62
646756,6467.56
646851,6468.51
646946,6469.46
647039,6470.39
647132,6471.32
647228,6472.28
647325,6473.25
647420,6474.2
647515,6475.15
647613,6476.13
647714,6477.14
647813,6478.13
647910,6479.1
648011,6480.11
648112,6481.12
648211,6482.11
648309,6483.09
648407,6484.07
648506,6485.06
648601,6486.01
648697,6486.97
648794,6487.94
648890,6488.9
648987,6489.87
649092,6490.92
649199,6491.99
649301,6493.01
649400,6494.0
649503,6495.03
649605,6496.05
649703,6497.03
649799,6497.99
649897,6498.97
649997,6499.97
650097,6500.97
650193,6501.93
650294,6502.94
650394,6503.94
650493,6504.93
650588,6505.88
650686,6506.86
650786,6507.86
650883,6508.83
650981,6509.81
651081,6510.81
651181,6511.81
651279,6512.79
651378,6513.78
651480,6514.8
651582,6515.82
651682,6516.82
651786,6517.86
651888,6518.88
651989,6519.89
652086,6520.86
652189,6521.89
652291,6522.91
652389,6523.89
652486,6524.86
652583,6525.83
652679,6526.79
652773,6527.73
652863,6528.63
652957,6529.57
653056,6530.56
653156,6531.56
653259,6532.59
653364,6533.64
653469,6534.69
653569,6535.69
653666,6536.66
653766,6537.66
653865,6538.65
653960,6539.6
654055,6540.55
654152,6541.52
654249,6542.49
654345,6543.45
654440,6544.4
654537,6545.37
654635,6546.35
654728,6547.28
654820,6548.2
654914,6549.14
655009,6550.09
655107,6551.07
655208,6552.08
655310,6553.1
655408,6554.08
655508,6555.08
655607,6556.07
655701,6557.01
655796,6557.96
655892,6558.92
655987,6559.87
656079,6560.79
656173,6561.73
656268,6562.68
656365,6563.65
656463,6564.63
656563,6565.63
656666,6566.66
656771,6567.71
656871,6568.71
656967,6569.67
657064,6570.64
657159,6571.59
657254,6572.54
657348,6573.48
657445,6574.45
657546,6575.46
657642,6576.42
657739,6577.39
657836,6578.36
657935,6579.35
658033,6580.33
658131,6581.31
658232,6582.32
658331,6583.31
658427,6584.27
658519,6585.19
658612,6586.12
658707,6587.07
658800,6588.0
658895,6588.95
658993,6589.93
659091,6590.91
659188,6591.88
659286,6592.86
659384,6593.84
659484,6594.84
659579,6595.79
659678,6596.78
659778,6597.78
659873,6598.73
659967,6599.67
660062,6600.62
660159,6601.59
660255,6602.55
660356,6603.56
660458,6604.58
660559,6605.59
660657,6606.57
660758,6607.58
660860,6608.6
660959,6609.59
661061,6610.61
661166,6611.66
661270,6612.7
661370,6613.7
661469,6614.69
661570,6615.7
661668,6616.68
661762,6617.62
661858,6618.58
661954,6619.54
662051,6620.51
662153,6621.53
662254,6622.54
662354,6623.54
662460,6624.6
662562,6625.62
662659,6626.59
662756,6627.56
662852,6628.52
662944,6629.44
663039,6630.39
663135,6631.35
663230,6632.3
663323,6633.23
663416,6634.16
663514,6635.14
663612,6636.12
663707,6637.07
663803,6638.03
663902,6639.02
664002,6640.02
664096,6640.96
664195,6641.95
664293,6642.93
664394,6643.94
664492,6644.92
664591,6645.91
664689,6646.89
664785,6647.85
664875,6648.75
664971,6649.71
665065,6650.65
665160,6651.6
665258,6652.58
665361,6653.61
665461,6654.61
665558,6655.58
665658,6656.58
665758,6657.58
665856,6658.56
665950,6659.5
666046,6660.46
666146,6661.46
666241,6662.41
666334,6663.34
666432,6664.32
666532,6665.32
666631,6666.31
666727,6667.27
666825,6668.25
666925,6669.25
667022,6670.22
667121,6671.21
667223,6672.23
667321,6673.21
667416,6674.16
667513,6675.13
667612,6676.12
667708,6677.08
667812,6678.12
667917,6679.17
668024,6680.24
668126,6681.26
668228,6682.28
668330,6683.3
668428,6684.28
668523,6685.23
668620,6686.2
668718,6687.18
668812,6688.12
668908,6689.08
669005,6690.05
669104,6691.04
669201,6692.01
669302,6693.02
669405,6694.05
669508,6695.08
669609,6696.09
669709,6697.09
669811,6698.11
669906,6699.06
669998,6699.98
670089,6700.89
670181,6701.81
670273,6702.73
670364,6703.64
670462,6704.62
670562,6705.62
670662,6706.62
670766,6707.66
670867,6708.67
670965,6709.65
671062,6710.62
671163,6711.63
671264,6712.64
671362,6713.62
671460,6714.6
671561,6715.61
671661,6716.61
671755,6717.55
671850,6718.5
671948,6719.48
672047,6720.47
672142,6721.42
672239,6722.39
672335,6723.35
672434,6724.34
672528,6725.28
672622,6726.22
672719,6727.19
672814,6728.14
672905,6729.05
672997,6729.97
673092,6730.92
673191,6731.91
673289,6732.89
673386,6733.86
673485,6734.85
673586,6735.86
673686,6736.86
673788,6737.88
673888,6738.88
673984,6739.84
674081,6740.81
674176,6741.76
674270,6742.7
674366,6743.66
674464,6744.64
674564,6745.64
674663,6746.63
674766,6747.66
674866,6748.66
674964,6749.64
675061,6750.61
675157,6751.57
675254,6752.54
675351,6753.51
675451,6754.51
675551,6755.51
675648,6756.48
675745,6757.45
675842,6758.42
675936,6759.36
676031,6760.31
676130,6761.3
676228,6762.28
676322,6763.22
676419,6764.19
676520,6765.2
676620,6766.2
676718,6767.18
676819,6768.19
676923,6769.23
677020,6770.2
677116,6771.16
677212,6772.12
677308,6773.08
677402,6774.02
677500,6775.0
677600,6776.0
677697,6776.97
677793,6777.93
677893,6778.93
677994,6779.94
678093,6780.93
678188,6781.88
678284,6782.84
678383,6783.83
678480,6784.8
678577,6785.77
678675,6786.75
678774,6787.74
678869,6788.69
678965,6789.65
679061,6790.61
679156,6791.56
679248,6792.48
679346,6793.46
679449,6794.49
679550,6795.5
679653,6796.53
679760,6797.6
679859,6798.59
679953,6799.53
680048,6800.48
680143,6801.43
680243,6802.43
680342,6803.42
680442,6804.42
680544,6805.44
680645,6806.45
680741,6807.41
680836,6808.36
680930,6809.3
681024,6810.24
681116,6811.16
681212,6812.12
681307,6813.07
681400,6814.0
681495,6814.95
681594,6815.94
681689,6816.89
681784,6817.84
681881,6818.81
681981,6819.81
682079,6820.79
682179,6821.79
682277,6822.77
682373,6823.73
682472,6824.72
682571,6825.71
682667,6826.67
682760,6827.6
682856,6828.56
682954,6829.54
683051,6830.51
683144,6831.44
683239,6832.39
683336,6833.36
683434,6834.34
683527,6835.27
683622,6836.22
683720,6837.2
683817,6838.17
683913,6839.13
684009,6840.09
684105,6841.05
684199,6841.99
684293,6842.93
684387,6843.87
684480,6844.8
684576,6845.76
684677,6846.77
684778,6847.78
684874,6848.74
684971,6849.71
685070,6850.7
685170,6851.7
685266,6852.66
685363,6853.63
685459,6854.59
685553,6855.53
685644,6856.44
685736,6857.36
685831,6858.31
685926,6859.26
686018,6860.18
686108,6861.08
686202,6862.02
686300,6863.0
686398,6863.98
686498,6864.98
686598,6865.98
686694,6866.94
686789,6867.89
686882,6868.82
686974,6869.74
687067,6870.67
687165,6871.65
687266,6872.66
687362,6873.62
687458,6874.58
687555,6875.55
687653,6876.53
687748,6877.48
687846,6878.46
687945,6879.45
688044,6880.44
688141,6881.41
688239,6882.39
688344,6883.44
688446,6884.46
688544,6885.44
688643,6886.43
688742,6887.42
688837,6888.37
688934,6889.34
689033,6890.33
689131,6891.31
689228,6892.28
689324,6893.24
689418,6894.18
689510,6895.1
689605,6896.05
689702,6897.02
689795,6897.95
689888,6898.88
689983,6899.83
690078,6900.78
690171,6901.71
690267,6902.67
690368,6903.68
690467,6904.67
690563,6905.63
690660,6906.6
690757,6907.57
690850,6908.5
690943,6909.43
691039,6910.39
691141,6911.41
691241,6912.41
691344,6913.44
691444,6914.44
691540,6915.4
691627,6916.27
691709,6917.09
691787,6917.87
691861,6918.61
691932,6919.32
692003,6920.03
692075,6920.75
692155,6921.55
692231,6922.31
692307,6923.07
692386,6923.86
692468,6924.68
692549,6925.49
692630,6926.3
692706,6927.06
692779,6927.79
692850,6928.5
692920,6929.2
692991,6929.91
693062,6930.62
693135,6931.35
693210,6932.1
693293,6932.93
693385,6933.85
693479,6934.79
693568,6935.68
693649,6936.49
693726,6937.26
693801,6938.01
693875,6938.75
693949,6939.49
694024,6940.24
694099,6940.99
694173,6941.73
694246,6942.46
694317,6943.17
694388,6943.88
694455,6944.55
694521,6945.21
694583,6945.83
694638,6946.38
694705,6947.05
694772,6947.72
694835,6948.35
694897,6948.97
694960,6949.6
695022,6950.22
695085,6950.85
695147,6951.47
695208,6952.08
695268,6952.68
695329,6953.29
695390,6953.9
695452,6954.52
695515,6955.15
695578,6955.78
695642,6956.42
695707,6957.07
695778,6957.78
695858,6958.58
695937,6959.37
696013,6960.13
696091,6960.91
696179,6961.79
696273,6962.73
696361,6963.61
696450,6964.5
696550,6965.5
696647,6966.47
696739,6967.39
696830,6968.3
696924,6969.24
697020,6970.2
697111,6971.11
697205,6972.05
697300,6973.0
697393,6973.93
697482,6974.82
697570,6975.7
697651,6976.51
697727,6977.27
697803,6978.03
697876,6978.76
697954,6979.54
698029,6980.29
698103,6981.03
698177,6981.77
698250,6982.5
698321,6983.21
698394,6983.94
698465,6984.65
698535,6985.35
698605,6986.05
698676,6986.76
698750,6987.5
698826,6988.26
698909,6989.09
699000,6990.0
699093,6990.93
699185,6991.85
699277,6992.77
699372,6993.72
699468,6994.68
699562,6995.62
699661,6996.61
699765,6997.65
699871,6998.71
699974,6999.74
700081,7000.81
700189,7001.89
700286,7002.86
700375,7003.75
700467,7004.67
700563,7005.63
700661,7006.61
700757,7007.57
700852,7008.52
700954,7009.54
701058,7010.58
701159,7011.59
701265,7012.65
701369,7013.69
701471,7014.71
701566,7015.66
701662,7016.62
701760,7017.6
701857,7018.57
701950,7019.5
702043,7020.43
702141,7021.41
702237,7022.37
702332,7023.32
702428,7024.28
702524,7025.24
702616,7026.16
702702,7027.02
702788,7027.88
702876,7028.76
702959,7029.59
703039,7030.39
703116,7031.16
703197,7031.97
703285,7032.85
703374,7033.74
703469,7034.69
703569,7035.69
703669,7036.69
703765,7037.65
703860,7038.6
703958,7039.58
704056,7040.56
704156,7041.56
704259,7042.59
704363,7043.63
704464,7044.64
704565,7045.65
704669,7046.69
704772,7047.72
704872,7048.72
704977,7049.77
705082,7050.82
705182,7051.82
705282,7052.82
705378,7053.78
705476,7054.76
705572,7055.72
705673,7056.73
705771,7057.71
705870,7058.7
705965,7059.65
706066,7060.66
706172,7061.72
706277,7062.77
706376,7063.76
706476,7064.76
706575,7065.75
706669,7066.69
706757,7067.57
706846,7068.46
706938,7069.38
707030,7070.3
707126,7071.26
707228,7072.28
707332,7073.32
707430,7074.3
707528,7075.28
707626,7076.26
707723,7077.23
707819,7078.19
707919,7079.19
708018,7080.18
708115,7081.15
708206,7082.06
708292,7082.92
708382,7083.82
708476,7084.76
708571,7085.71
708664,7086.64
708760,7087.6
708854,7088.54
708952,7089.52
709059,7090.59
709168,7091.68
709276,7092.76
709388,7093.88
709498,7094.98
709602,7096.02
709708,7097.08
709812,7098.12
709909,7099.09
710005,7100.05
710095,7100.95
710183,7101.83
710268,7102.68
710355,7103.55
710445,7104.45
710539,7105.39
710637,7106.37
710749,7107.49
710865,7108.65
710975,7109.75
711088,7110.88
711201,7112.01
711308,7113.08
711407,7114.07
711506,7115.06
711603,7116.03
711696,7116.96
711784,7117.84
711872,7118.72
711960,7119.6
712046,7120.46
712129,7121.29
712211,7122.11
712295,7122.95
712392,7123.92
712495,7124.95
712599,7125.99
712692,7126.92
712789,7127.89
712889,7128.89
712989,7129.89
713087,7130.87
713188,7131.88
713289,7132.89
713386,7133.86
713478,7134.78
713571,7135.71
713665,7136.65
713757,7137.57
713842,7138.42
713931,7139.31
714026,7140.26
714120,7141.2
714213,7142.13
714308,7143.08
714409,7144.09
714510,7145.1
714608,7146.08
714702,7147.02
714796,7147.96
714890,7148.9
714980,7149.8
715063,7150.63
715144,7151.44
715225,7152.25
715302,7153.02
715378,7153.78
715456,7154.56
715535,7155.35
715616,7156.16
715703,7157.03
715799,7157.99
715896,7158.96
715991,7159.91
716080,7160.8
716167,7161.67
716254,7162.54
716344,7163.44
716432,7164.32
716514,7165.14
716596,7165.96
716676,7166.76
716757,7167.57
716840,7168.4
716927,7169.27
717015,7170.15
717106,7171.06
717201,7172.01
717303,7173.03
717403,7174.03
717500,7175.0
717599,7175.99
717699,7176.99
717799,7177.99
717894,7178.94
717992,7179.92
718092,7180.92
718187,7181.87
718284,7182.84
718376,7183.76
718464,7184.64
718546,7185.46
718630,7186.3
718711,7187.11
718788,7187.88
718866,7188.66
718949,7189.49
719039,7190.39
719131,7191.31
719233,7192.33
719336,7193.36
719439,7194.39
719539,7195.39
719641,7196.41
719743,7197.43
719839,7198.39
719925,7199.25
720014,7200.14
720106,7201.06
720202,7202.02
720298,7202.98
720397,7203.97
720500,7205.0
720604,7206.04
720703,7207.03
720800,7208.0
720894,7208.94
720984,7209.84
721078,7210.78
721171,7211.71
721263,7212.63
721357,7213.57
721453,7214.53
721546,7215.46
721642,7216.42
721743,7217.43
721842,7218.42
721938,7219.38
722032,7220.32
722129,7221.29
722221,7222.21
722295,7222.95
722380,7223.8
722456,7224.56
722543,7225.43
722620,7226.2
722696,7226.96
722775,7227.75
722855,7228.55
722937,7229.37
723028,7230.28
723127,7231.27
723227,7232.27
723325,7233.25
723422,7234.22
723519,7235.19
723616,7236.16
723711,7237.11
723809,7238.09
723910,7239.1
724009,7240.09
724111,7241.11
724215,7242.15
724316,7243.16
724414,7244.14
724514,7245.14
724617,7246.17
724717,7247.17
724818,7248.18
724918,7249.18
725013,7250.13
725106,7251.06
725206,7252.06
725308,7253.08
725406,7254.06
725499,7254.99
725597,7255.97
725699,7256.99
725802,7258.02
725896,7258.96
725989,7259.89
726085,7260.85
726185,7261.85
726285,7262.85
726378,7263.78
726473,7264.73
726569,7265.69
726664,7266.64
726763,7267.63
726870,7268.7
726972,7269.72
727074,7270.74
727175,7271.75
727271,7272.71
727358,7273.58
727445,7274.45
727531,7275.31
727620,7276.2
727708,7277.08
727801,7278.01
727900,7279.0
728000,7280.0
728096,7280.96
728191,7281.91
728285,7282.85
728374,7283.74
728462,7284.62
728549,7285.49
728637,7286.37
728727,7287.27
728823,7288.23
728918,7289.18
729010,7290.1
729098,7290.98
729188,7291.88
729284,7292.84
729386,7293.86
729489,7294.89
729598,7295.98
729708,7297.08
729817,7298.17
729921,7299.21
730024,7300.24
730126,7301.26
730225,7302.25
730321,7303.21
730416,7304.16
730513,7305.13
730609,7306.09
730703,7307.03
730799,7307.99
730895,7308.95
730992,7309.92
731089,7310.89
731188,7311.88
731293,7312.93
731393,7313.93
731493,7314.93
731594,7315.94
731689,7316.89
731783,7317.83
731880,7318.8
731977,7319.77
732072,7320.72
732170,7321.7
732272,7322.72
732369,7323.69
732462,7324.62
732551,7325.51
732639,7326.39
732723,7327.23
732805,7328.05
732891,7328.91
732986,7329.86
733084,7330.84
733190,7331.9
733302,7333.02
733412,7334.12
733516,7335.16
733619,7336.19
733722,7337.22
733821,7338.21
733919,7339.19
734018,7340.18
734116,7341.16
734210,7342.1
734299,7342.99
734392,7343.92
734488,7344.88
734584,7345.84
734676,7346.76
734763,7347.63
734851,7348.51
734939,7349.39
735024,7350.24
735110,7351.1
735194,7351.94
735275,7352.75
735356,7353.56
735450,7354.5
735548,7355.48
735647,7356.47
735753,7357.53
735862,7358.62
735967,7359.67
736073,7360.73
736177,7361.77
736276,7362.76
736375,7363.75
736476,7364.76
736574,7365.74
736671,7366.71
736770,7367.7
736870,7368.7
736967,7369.67
737061,7370.61
737154,7371.54
737246,7372.46
737338,7373.38
737437,7374.37
737545,7375.45
737659,7376.59
737768,7377.68
737870,7378.7
737976,7379.76
738079,7380.79
738178,7381.78
738276,7382.76
738375,7383.75
738471,7384.71
738566,7385.66
738661,7386.61
738763,7387.63
738865,7388.65
738964,7389.64
739061,7390.61
739159,7391.59
739258,7392.58
739353,7393.53
739444,7394.44
739541,7395.41
739641,7396.41
739744,7397.44
739842,7398.42
739931,7399.31
740021,7400.21
740111,7401.11
740199,7401.99
740291,7402.91
740387,7403.87
740489,7404.89
740594,7405.94
740712,7407.12
740829,7408.29
740939,7409.39
741048,7410.48
741156,7411.56
741259,7412.59
741357,7413.57
741456,7414.56
741553,7415.53
741646,7416.46
741739,7417.39
741835,7418.35
741932,7419.32
742027,7420.27
742125,7421.25
742224,7422.24
742322,7423.22
742418,7424.18
742512,7425.12
742611,7426.11
742709,7427.09
742805,7428.05
742905,7429.05
743006,7430.06
743102,7431.02
743196,7431.96
743292,7432.92
743386,7433.86
743479,7434.79
743577,7435.77
743687,7436.87
743795,7437.95
743897,7438.97
743994,7439.94
744088,7440.88
744177,7441.77
744265,7442.65
744352,7443.52
744437,7444.37
744519,7445.19
744607,7446.07
744702,7447.02
744799,7447.99
744889,7448.89
744981,7449.81
745067,7450.67
745149,7451.49
745235,7452.35
745329,7453.29
745435,7454.35
745548,7455.48
745659,7456.59
745767,7457.67
745874,7458.74
745979,7459.79
746080,7460.8
746182,7461.82
746285,7462.85
746387,7463.87
746485,7464.85
746586,7465.86
746687,7466.87
746785,7467.85
746885,7468.85
746987,7469.87
747087,7470.87
747186,7471.86
747287,7472.87
747387,7473.87
747481,7474.81
747569,7475.69
747663,7476.63
747763,7477.63
747864,7478.64
747965,7479.65
748071,7480.71
748176,7481.76
748275,7482.75
748380,7483.8
748484,7484.84
748589,7485.89
748687,7486.87
748787,7487.87
748892,7488.92
748996,7489.96
749094,7490.94
749189,7491.89
749283,7492.83
749376,7493.76
749466,7494.66
749557,7495.57
749652,7496.52
749749,7497.49
749846,7498.46
749944,7499.44
750047,7500.47
750147,7501.47
750246,7502.46
750348,7503.48
750449,7504.49
750546,7505.46
750640,7506.4
750736,7507.36
750832,7508.32
750930,7509.3
751028,7510.28
751123,7511.23
751211,7512.11
751303,7513.03
751398,7513.98
751498,7514.98
751594,7515.94
751693,7516.93
751797,7517.97
751899,7518.99
752000,7520.0
752103,7521.03
752205,7522.05
752302,7523.02
752398,7523.98
752493,7524.93
752587,7525.87
752676,7526.76
752768,7527.68
752868,7528.68
752969,7529.69
753068,7530.68
753168,7531.68
753269,7532.69
753364,7533.64
753461,7534.61
753558,7535.58
753649,7536.49
753736,7537.36
753822,7538.22
753907,7539.07
753989,7539.89
754070,7540.7
754157,7541.57
754242,7542.42
754323,7543.23
754410,7544.1
754504,7545.04
754606,7546.06
754721,7547.21
754838,7548.38
754946,7549.46
755054,7550.54
755161,7551.61
755264,7552.64
755369,7553.69
755476,7554.76
755577,7555.77
755678,7556.78
755781,7557.81
755888,7558.88
755991,7559.91
756097,7560.97
756206,7562.06
756307,7563.07
756401,7564.01
756490,7564.9
756583,7565.83
756683,7566.83
756786,7567.86
756899,7568.99
757015,7570.15
757129,7571.29
757243,7572.43
757355,7573.55
757460,7574.6
757566,7575.66
757671,7576.71
757774,7577.74
757876,7578.76
757979,7579.79
758080,7580.8
758178,7581.78
758274,7582.74
758374,7583.74
758475,7584.75
758574,7585.74
758676,7586.76
758777,7587.77
758873,7588.73
758960,7589.6
759048,7590.48
759143,7591.43
759252,7592.52
759369,7593.69
759486,7594.86
759609,7596.09
759732,7597.32
759844,7598.44
759954,7599.54
760060,7600.6
760160,7601.6
760261,7602.61
760362,7603.62
760461,7604.61
760557,7605.57
760658,7606.58
760762,7607.62
760864,7608.64
760964,7609.64
761065,7610.65
761168,7611.68
761272,7612.72
761373,7613.73
761478,7614.78
761582,7615.82
761684,7616.84
761782,7617.82
761883,7618.83
761986,7619.86
762086,7620.86
762183,7621.83
762282,7622.82
762384,7623.84
762479,7624.79
762570,7625.7
762661,7626.61
762750,7627.5
762834,7628.34
762917,7629.17
763005,7630.05
763096,7630.96
763197,7631.97
763316,7633.16
763432,7634.32
763540,7635.4
763651,7636.51
763759,7637.59
763861,7638.61
763963,7639.63
764065,7640.65
764165,7641.65
764259,7642.59
764355,7643.55
764454,7644.54
764553,7645.53
764648,7646.48
764743,7647.43
764837,7648.37
764928,7649.28
765018,7650.18
765108,7651.08
765197,7651.97
765283,7652.83
765372,7653.72
765474,7654.74
765583,7655.83
765694,7656.94
765818,7658.18
765939,7659.39
766053,7660.53
766159,7661.59
766260,7662.6
766349,7663.49
766435,7664.35
766520,7665.2
766599,7665.99
766677,7666.77
766759,7667.59
766852,7668.52
766970,7669.7
767097,7670.97
767217,7672.17
767334,7673.34
767452,7674.52
767565,7675.65
767672,7676.72
767780,7677.8
767886,7678.86
767992,7679.92
768091,7680.91
768192,7681.92
768294,7682.94
768394,7683.94
768490,7684.9
768589,7685.89
768692,7686.92
768792,7687.92
768898,7688.98
769001,7690.01
769098,7690.98
769185,7691.85
769272,7692.72
769368,7693.68
769473,7694.73
769582,7695.82
769700,7697.0
769824,7698.24
769942,7699.42
770063,7700.63
770180,7701.8
770288,7702.88
770396,7703.96
770501,7705.01
770602,7706.02
770694,7706.94
770789,7707.89
770886,7708.86
770984,7709.84
771079,7710.79
771177,7711.77
771276,7712.76
771371,7713.71
771472,7714.72
771573,7715.73
771673,7716.73
771769,7717.69
771868,7718.68
771969,7719.69
772063,7720.63
772156,7721.56
772254,7722.54
772354,7723.54
772449,7724.49
772550,7725.5
772656,7726.56
772756,7727.56
772852,7728.52
772945,7729.45
773040,7730.4
773136,7731.36
773228,7732.28
773318,7733.18
773406,7734.06
773487,7734.87
773566,7735.66
773648,7736.48
773739,7737.39
773842,7738.42
773957,7739.57
774071,7740.71
774175,7741.75
774266,7742.66
774356,7743.56
774450,7744.5
774552,7745.52
774651,7746.51
774761,7747.61
774875,7748.75
774982,7749.82
775085,7750.85
775191,7751.91
775293,7752.93
775389,7753.89
775482,7754.82
775572,7755.72
775662,7756.62
775752,7757.52
775847,7758.47
775945,7759.45
776045,7760.45
776155,7761.55
776276,7762.76
776395,7763.95
776507,7765.07
776621,7766.21
776734,7767.34
776841,7768.41
776943,7769.43
777041,7770.41
777132,7771.32
777217,7772.17
777307,7773.07
777402,7774.02
777497,7774.97
777587,7775.87
777685,7776.85
777793,7777.93
777901,7779.01
778016,7780.16
778135,7781.35
778249,7782.49
778358,7783.58
778468,7784.68
778577,7785.77
778682,7786.82
778784,7787.84
778887,7788.87
778985,7789.85
779087,7790.87
779190,7791.9
779292,7792.92
779389,7793.89
779484,7794.84
779583,7795.83
779683,7796.83
779781,7797.81
779880,7798.8
779981,7799.81
780081,7800.81
780176,7801.76
780269,7802.69
780364,7803.64
780456,7804.56
780540,7805.4
780623,7806.23
780708,7807.08
780789,7807.89
780868,7808.68
780945,7809.45
781024,7810.24
781119,7811.19
781222,7812.22
781342,7813.42
781462,7814.62
781573,7815.73
781687,7816.87
781802,7818.02
781913,7819.13
782019,7820.19
782126,7821.26
782229,7822.29
782329,7823.29
782432,7824.32
782534,7825.34
782630,7826.3
782728,7827.28
782830,7828.3
782935,7829.35
783037,7830.37
783136,7831.36
783241,7832.41
783351,7833.51
783456,7834.56
783553,7835.53
783652,7836.52
783751,7837.51
783846,7838.46
783941,7839.41
784040,7840.4
784137,7841.37
784233,7842.33
784330,7843.3
784426,7844.26
784517,7845.17
784609,7846.09
784704,7847.04
784797,7847.97
784895,7848.95
784999,7849.99
785103,7851.03
785201,7852.01
785302,7853.02
785403,7854.03
785499,7854.99
785590,7855.9
785678,7856.78
785763,7857.63
785847,7858.47
785944,7859.44
786059,7860.59
786174,7861.74
786283,7862.83
786392,7863.92
786498,7864.98
786593,7865.93
786689,7866.89
786794,7867.94
786905,7869.05
787017,7870.17
787120,7871.2
787223,7872.23
787333,7873.33
787441,7874.41
787541,7875.41
787641,7876.41
787743,7877.43
787838,7878.38
787930,7879.3
788024,7880.24
788126,7881.26
788238,7882.38
788346,7883.46
788452,7884.52
788564,7885.64
788673,7886.73
788778,7887.78
788884,7888.84
788989,7889.89
789087,7890.87
789183,7891.83
789280,7892.8
789379,7893.79
789475,7894.75
789573,7895.73
789675,7896.75
789779,7897.79
789879,7898.79
789975,7899.75
790074,7900.74
790175,7901.75
790272,7902.72
790365,7903.65
790459,7904.59
790555,7905.55
790652,7906.52
790748,7907.48
790847,7908.47
790951,7909.51
791052,7910.52
791149,7911.49
791249,7912.49
791351,7913.51
791447,7914.47
791539,7915.39
791631,7916.31
791726,7917.26
791820,7918.2
791911,7919.11
792001,7920.01
792089,7920.89
792173,7921.73
792265,7922.65
792371,7923.71
792480,7924.8
792589,7925.89
792702,7927.02
792809,7928.09
792916,7929.16
793028,7930.28
793140,7931.4
793243,7932.43
793347,7933.47
793450,7934.5
793550,7935.5
793649,7936.49
793752,7937.52
793855,7938.55
793953,7939.53
794053,7940.53
794158,7941.58
794261,7942.61
794363,7943.63
794467,7944.67
794569,7945.69
794668,7946.68
794766,7947.66
794865,7948.65
794963,7949.63
795059,7950.59
795158,7951.58
795257,7952.57
795354,7953.54
795449,7954.49
795542,7955.42
795635,7956.35
795727,7957.27
795819,7958.19
795917,7959.17
796022,7960.22
796128,7961.28
796237,7962.37
796346,7963.46
796449,7964.49
796550,7965.5
796653,7966.53
796753,7967.53
796856,7968.56
796964,7969.64
797071,7970.71
797172,7971.72
797270,7972.7
797365,7973.65
797460,7974.6
797554,7975.54
797653,7976.53
797757,7977.57
797860,7978.6
797957,7979.57
798051,7980.51
798144,7981.44
798233,7982.33
798330,7983.3
798438,7984.38
798545,7985.45
798649,7986.49
798756,7987.56
798859,7988.59
798957,7989.57
799057,7990.57
799165,7991.65
799275,7992.75
799384,7993.84
799494,7994.94
799610,7996.1
799719,7997.19
799825,7998.25
799932,7999.32
800034,8000.34
800134,8001.34
800236,8002.36
800339,8003.39
800438,8004.38
800531,8005.31
800624,8006.24
800723,8007.23
800821,8008.21
800923,8009.23
801030,8010.3
801136,8011.36
801235,8012.35
801338,8013.38
801441,8014.41
801539,8015.39
801634,8016.34
801726,8017.26
801814,8018.14
801900,8019.0
801990,8019.9
802096,8020.96
802206,8022.06
802313,8023.13
802419,8024.19
802520,8025.2
802614,8026.14
802704,8027.04
802800,8028.0
802903,8029.03
803002,8030.02
803103,8031.03
803210,8032.1
803315,8033.15
803413,8034.13
803509,8035.09
803605,8036.05
803695,8036.95
803786,8037.86
803884,8038.84
803988,8039.88
804091,8040.91
804195,8041.95
804301,8043.01
804406,8044.06
804503,8045.03
804599,8045.99
804700,8047.0
804803,8048.03
804902,8049.02
804998,8049.98
805098,8050.98
805198,8051.98
805291,8052.91
805386,8053.86
805483,8054.83
805577,8055.77
805668,8056.68
805759,8057.59
805853,8058.53
805947,8059.47
806041,8060.41
806135,8061.35
806229,8062.29
806317,8063.17
806406,8064.06
806511,8065.11
806623,8066.23
806728,8067.28
806837,8068.37
806948,8069.48
807052,8070.52
807157,8071.57
807264,8072.64
807365,8073.65
807463,8074.63
807566,8075.66
807669,8076.69
807768,8077.68
807863,8078.63
807962,8079.62
808066,8080.66
808168,8081.68
808266,8082.66
808361,8083.61
808455,8084.55
808546,8085.46
808638,8086.38
808739,8087.39
808844,8088.44
808950,8089.5
809051,8090.51
809155,8091.55
809261,8092.61
809366,8093.66
809465,8094.65
809562,8095.62
809657,8096.57
809755,8097.55
809851,8098.51
809948,8099.48
810044,8100.44
810138,8101.38
810227,8102.27
810312,8103.12
810399,8103.99
810491,8104.91
810588,8105.88
810699,8106.99
810819,8108.19
810933,8109.33
811042,8110.42
811156,8111.56
811265,8112.65
811367,8113.67
811470,8114.7
811572,8115.72
811668,8116.68
811759,8117.59
811854,8118.54
811950,8119.5
812041,8120.41
812132,8121.32
812225,8122.25
812324,8123.24
812419,8124.19
812517,8125.17
812620,8126.2
812722,8127.22
812821,8128.21
812914,8129.14
813009,8130.09
813105,8131.05
813203,8132.03
813297,8132.97
813397,8133.97
813504,8135.04
813608,8136.08
813707,8137.07
813802,8138.02
813898,8138.98
813999,8139.99
814095,8140.95
814192,8141.92
814295,8142.95
814399,8143.99
814496,8144.96
814593,8145.93
814693,8146.93
814791,8147.91
814882,8148.82
814974,8149.74
815068,8150.68
815163,8151.63
815259,8152.59
815358,8153.58
815457,8154.57
815552,8155.52
815652,8156.52
815755,8157.55
815852,8158.52
815949,8159.49
816046,8160.46
816142,8161.42
816234,8162.34
816330,8163.3
816431,8164.31
816528,8165.28
816625,8166.25
816727,8167.27
816832,8168.32
816928,8169.28
817027,8170.27
817126,8171.26
817221,8172.21
817311,8173.11
817403,8174.03
817492,8174.92
817577,8175.77
817656,8176.56
817735,8177.35
817829,8178.29
817918,8179.18
818014,8180.14
818130,8181.3
818247,8182.47
818356,8183.56
818465,8184.65
818574,8185.74
818677,8186.77
818774,8187.74
818871,8188.71
818970,8189.7
819065,8190.65
819160,8191.6
819260,8192.6
819360,8193.6
819458,8194.58
819553,8195.53
819648,8196.48
819740,8197.4
819826,8198.26
819916,8199.16
820008,8200.08
820103,8201.03
820196,8201.96
820297,8202.97
820403,8204.03
820506,8205.06
820602,8206.02
820699,8206.99
820797,8207.97
820897,8208.97
820995,8209.95
821086,8210.86
821183,8211.83
821285,8212.85
821384,8213.84
821484,8214.84
821589,8215.89
821695,8216.95
821797,8217.97
821902,8219.02
822010,8220.1
822113,8221.13
822210,8222.1
822307,8223.07
822406,8224.06
822500,8225.0
822597,8225.97
822697,8226.97
822793,8227.93
822886,8228.86
822985,8229.85
823085,8230.85
823183,8231.83
823282,8232.82
823384,8233.84
823488,8234.88
823583,8235.83
823680,8236.8
823777,8237.77
823875,8238.75
823965,8239.65
824057,8240.57
824155,8241.55
824251,8242.51
824344,8243.44
824445,8244.45
824549,8245.49
824647,8246.47
824743,8247.43
824843,8248.43
824942,8249.42
825036,8250.36
825136,8251.36
825236,8252.36
825330,8253.3
825426,8254.26
825525,8255.25
825618,8256.18
825706,8257.06
825795,8257.95
825886,8258.86
825975,8259.75
826066,8260.66
826163,8261.63
826259,8262.59
826352,8263.52
826443,8264.43
826541,8265.41
826638,8266.38
826727,8267.27
826817,8268.17
826911,8269.11
827009,8270.09
827102,8271.02
827198,8271.98
827299,8272.99
827400,8274.0
827494,8274.94
827584,8275.84
827675,8276.75
827766,8277.66
827854,8278.54
827949,8279.49
828050,8280.5
828149,8281.49
828244,8282.44
828342,8283.42
828448,8284.48
828555,8285.55
828656,8286.56
828758,8287.58
828858,8288.58
828953,8289.53
829045,8290.45
829143,8291.43
829240,8292.4
829331,8293.31
829425,8294.25
829524,8295.24
829624,8296.24
829718,8297.18
829812,8298.12
829913,8299.13
830014,8300.14
830108,8301.08
830204,8302.04
830302,8303.02
830402,8304.02
830494,8304.94
830585,8305.85
830680,8306.8
830776,8307.76
830867,8308.67
830955,8309.55
831046,8310.46
831143,8311.43
831243,8312.43
831337,8313.37
831433,8314.33
831533,8315.33
831631,8316.31
831723,8317.23
831813,8318.13
831905,8319.05
831995,8319.95
832081,8320.81
832167,8321.67
832258,8322.58
832352,8323.52
832446,8324.46
832540,8325.4
832636,8326.36
832738,8327.38
832837,8328.37
832932,8329.32
833022,8330.22
833115,8331.15
833211,8332.11
833304,8333.04
833401,8334.01
833507,8335.07
833613,8336.13
833713,8337.13
833813,8338.13
833915,8339.15
834014,8340.14
834108,8341.08
834206,8342.06
834306,8343.06
834401,8344.01
834500,8345.0
834603,8346.03
834703,8347.03
834796,8347.96
834889,8348.89
834984,8349.84
835080,8350.8
835171,8351.71
835265,8352.65
835362,8353.62
835460,8354.6
835551,8355.51
835641,8356.41
835735,8357.35
835831,8358.31
835926,8359.26
836017,8360.17
836115,8361.15
836216,8362.16
836315,8363.15
836411,8364.11
836509,8365.09
836610,8366.1
836707,8367.07
836800,8368.0
836892,8368.92
836991,8369.91
837090,8370.9
837183,8371.83
837277,8372.77
837374,8373.74
837474,8374.74
837569,8375.69
837663,8376.63
837757,8377.57
837852,8378.52
837943,8379.43
838037,8380.37
838138,8381.38
838238,8382.38
838334,8383.34
838434,8384.34
838535,8385.35
838631,8386.31
838723,8387.23
838820,8388.2
838920,8389.2
839016,8390.16
839109,8391.09
839203,8392.03
839300,8393.0
839393,8393.93
839488,8394.88
839585,8395.85
839684,8396.84
839779,8397.79
839875,8398.75
839974,8399.74
840074,8400.74
840169,8401.69
840262,8402.62
840359,8403.59
840454,8404.54
840545,8405.45
840640,8406.4
840739,8407.39
840837,8408.37
840931,8409.31
841025,8410.25
841123,8411.23
841221,8412.21
841314,8413.14
841408,8414.08
841507,8415.07
841607,8416.07
841700,8417.0
841795,8417.95
841893,8418.93
841991,8419.91
842085,8420.85
842175,8421.75
842269,8422.69
842366,8423.66
842458,8424.58
842550,8425.5
842645,8426.45
842741,8427.41
842834,8428.34
842928,8429.28
843024,8430.24
843121,8431.21
843214,8432.14
843308,8433.08
843406,8434.06
843505,8435.05
843601,8436.01
843704,8437.04
843808,8438.08
843907,8439.07
844006,8440.06
844112,8441.12
844214,8442.14
844310,8443.1
844405,8444.05
844500,8445.0
844589,8445.89
844681,8446.81
844776,8447.76
844870,8448.7
844967,8449.67
845066,8450.66
845164,8451.64
845267,8452.67
845367,8453.67
845460,8454.6
845552,8455.52
845646,8456.46
845740,8457.4
845832,8458.32
845927,8459.27
846025,8460.25
846120,8461.2
846214,8462.14
846312,8463.12
846410,8464.1
846504,8465.04
846600,8466.0
846697,8466.97
846791,8467.91
846883,8468.83
846979,8469.79
847079,8470.79
847176,8471.76
847275,8472.75
847377,8473.77
847476,8474.76
847576,8475.76
847675,8476.75
847773,8477.73
847865,8478.65
847956,8479.56
848050,8480.5
848148,8481.48
848243,8482.43
848339,8483.39
848441,8484.41
848547,8485.47
848649,8486.49
848750,8487.5
848854,8488.54
848956,8489.56
849053,8490.53
849147,8491.47
849245,8492.45
849343,8493.43
849439,8494.39
849530,8495.3
849623,8496.23
849718,8497.18
849815,8498.15
849911,8499.11
850008,8500.08
850108,8501.08
850205,8502.05
850297,8502.97
850393,8503.93
850492,8504.92
850590,8505.9
850683,8506.83
850779,8507.79
850877,8508.77
850971,8509.71
851062,8510.62
851157,8511.57
851252,8512.52
851342,8513.42
851432,8514.32
851527,8515.27
851624,8516.24
851715,8517.15
851807,8518.07
851902,8519.02
851997,8519.97
852090,8520.9
852183,8521.83
852280,8522.8
852379,8523.79
852474,8524.74
852569,8525.69
852668,8526.68
852767,8527.67
852861,8528.61
852957,8529.57
853058,8530.58
853156,8531.56
853253,8532.53
853355,8533.55
853457,8534.57
853552,8535.52
853650,8536.5
853749,8537.49
853842,8538.42
853933,8539.33
854029,8540.29
854124,8541.24
854215,8542.15
854304,8543.04
854398,8543.98
854492,8544.92
854584,8545.84
854683,8546.83
854780,8547.8
854875,8548.75
854967,8549.67
855064,8550.64
855161,8551.61
855255,8552.55
855343,8553.43
855435,8554.35
855530,8555.3
855622,8556.22
855710,8557.1
855803,8558.03
855897,8558.97
855986,8559.86
856075,8560.75
856169,8561.69
856265,8562.65
856358,8563.58
856450,8564.5
856544,8565.44
856638,8566.38
856728,8567.28
856817,8568.17
856913,8569.13
857012,8570.12
857107,8571.07
857200,8572.0
857299,8572.99
857397,8573.97
857488,8574.88
857577,8575.77
857672,8576.72
857766,8577.66
857859,8578.59
857949,8579.49
858043,8580.43
858145,8581.45
858245,8582.45
858338,8583.38
858431,8584.31
858523,8585.23
858618,8586.18
858710,8587.1
858807,8588.07
858911,8589.11
859015,8590.15
859110,8591.1
859212,8592.12
859314,8593.14
859410,8594.1
859504,8595.04
859601,8596.01
859700,8597.0
859793,8597.93
859882,8598.82
859972,8599.72
860066,8600.66
860156,8601.56
860248,8602.48
860344,8603.44
860441,8604.41
860532,8605.32
860626,8606.26
860722,8607.22
860816,8608.16
860907,8609.07
861001,8610.01
861096,8610.96
861192,8611.92
861284,8612.84
861379,8613.79
861478,8614.78
861580,8615.8
861675,8616.75
861771,8617.71
861874,8618.74
861979,8619.79
862077,8620.77
862173,8621.73
862271,8622.71
862370,8623.7
862462,8624.62
862551,8625.51
862647,8626.47
862745,8627.45
862838,8628.38
862932,8629.32
863032,8630.32
863134,8631.34
863231,8632.31
863324,8633.24
863421,8634.21
863520,8635.2
863612,8636.12
863705,8637.05
863802,8638.02
863899,8638.99
863991,8639.91
864078,8640.78
864170,8641.7
864264,8642.64
864359,8643.59
864450,8644.5
864544,8645.44
864645,8646.45
864748,8647.48
864846,8648.46
864951,8649.51
865057,8650.57
865159,8651.59
865250,8652.5
865343,8653.43
865437,8654.37
865525,8655.25
865612,8656.12
865706,8657.06
865803,8658.03
865896,8658.96
865991,8659.91
866091,8660.91
866191,8661.91
866283,8662.83
866376,8663.76
866471,8664.71
866567,8665.67
866655,8666.55
866744,8667.44
866840,8668.4
866939,8669.39
867033,8670.33
867124,8671.24
867216,8672.16
867314,8673.14
867412,8674.12
867507,8675.07
867608,8676.08
867713,8677.13
867816,8678.16
867914,8679.14
868015,8680.15
868117,8681.17
868214,8682.14
868306,8683.06
868402,8684.02
868499,8684.99
868594,8685.94
868681,8686.81
868768,8687.68
868861,8688.61
868955,8689.55
869046,8690.46
869139,8691.39
869233,8692.33
869330,8693.3
869421,8694.21
869514,8695.14
869610,8696.1
869709,8697.09
869801,8698.01
869895,8698.95
869995,8699.95
870098,8700.98
870194,8701.94
870289,8702.89
870388,8703.88
870487,8704.87
870580,8705.8
870674,8706.74
870771,8707.71
870867,8708.67
870958,8709.58
871049,8710.49
871143,8711.43
871236,8712.36
871326,8713.26
871413,8714.13
871502,8715.02
871596,8715.96
871689,8716.89
871781,8717.81
871877,8718.77
871978,8719.78
872081,8720.81
872179,8721.79
872277,8722.77
872380,8723.8
872482,8724.82
872578,8725.78
872673,8726.73
872766,8727.66
872861,8728.61
872950,8729.5
873038,8730.38
873134,8731.34
873235,8732.35
873330,8733.3
873428,8734.28
873532,8735.32
873635,8736.35
873730,8737.3
873820,8738.2
873908,8739.08
873996,8739.96
874080,8740.8
874172,8741.72
874263,8742.63
874345,8743.45
874422,8744.22
874497,8744.97
874574,8745.74
874653,8746.53
874741,8747.41
874834,8748.34
874923,8749.23
875005,8750.05
875085,8750.85
875164,8751.64
875241,8752.41
875317,8753.17
875394,8753.94
875469,8754.69
875544,8755.44
875614,8756.14
875685,8756.85
875737,8757.37
875790,8757.9
875895,8758.95
875961,8759.61
876024,8760.24
876088,8760.88
876152,8761.52
876213,8762.13
876276,8762.76
876335,8763.35
876395,8763.95
876464,8764.64
876529,8765.29
876596,8765.96
876674,8766.74
876765,8767.65
876854,8768.54
876944,8769.44
877030,8770.3
877110,8771.1
877190,8771.9
877269,8772.69
877347,8773.47
877422,8774.22
877494,8774.94
877570,8775.7
877653,8776.53
877742,8777.42
877831,8778.31
877920,8779.2
878011,8780.11
878090,8780.9
878170,8781.7
878254,8782.54
878338,8783.38
878412,8784.12
878485,8784.85
878555,8785.55
878625,8786.25
878693,8786.93
878762,8787.62
878831,8788.31
878901,8789.01
878970,8789.7
879040,8790.4
879110,8791.1
879181,8791.81
879253,8792.53
879328,8793.28
879406,8794.06
879492,8794.92
879584,8795.84
879672,8796.72
879764,8797.64
879860,8798.6
879956,8799.56
880044,8800.44
880133,8801.33
880223,8802.23
880318,8803.18
880409,8804.09
880498,8804.98
880590,8805.9
880686,8806.86
880779,8807.79
880866,8808.66
880957,8809.57
881051,8810.51
881144,8811.44
881231,8812.31
881321,8813.21
881415,8814.15
881512,8815.12
881607,8816.07
881708,8817.08
881814,8818.14
881921,8819.21
882027,8820.27
882125,8821.25
882220,8822.2
882318,8823.18
882422,8824.22
882527,8825.27
882627,8826.27
882722,8827.22
882814,8828.14
882905,8829.05
882994,8829.94
883083,8830.83
883177,8831.77
883277,8832.77
883376,8833.76
883478,8834.78
883584,8835.84
883689,8836.89
883786,8837.86
883884,8838.84
883983,8839.83
884082,8840.82
884176,8841.76
884276,8842.76
884378,8843.78
884479,8844.79
884571,8845.71
884660,8846.6
884753,8847.53
884852,8848.52
884949,8849.49
885044,8850.44
885148,8851.48
885261,8852.61
885369,8853.69
885475,8854.75
885582,8855.82
885690,8856.9
885795,8857.95
885902,8859.02
886010,8860.1
886115,8861.15
886218,8862.18
886316,8863.16
886414,8864.14
886511,8865.11
886616,8866.16
886728,8867.28
886836,8868.36
886942,8869.42
887049,8870.49
887155,8871.55
887253,8872.53
887349,8873.49
887444,8874.44
887537,8875.37
887626,8876.26
887716,8877.16
887802,8878.02
887883,8878.83
887972,8879.72
888085,8880.85
888198,8881.98
888316,8883.16
888431,8884.31
888534,8885.34
888634,8886.34
888730,8887.3
888820,8888.2
888912,8889.12
889009,8890.09
889111,8891.11
889215,8892.15
889315,8893.15
889418,8894.18
889526,8895.26
889627,8896.27
889722,8897.22
889818,8898.18
889920,8899.2
890023,8900.23
890123,8901.23
890221,8902.21
890320,8903.2
890417,8904.17
890521,8905.21
890629,8906.29
890735,8907.35
890843,8908.43
890954,8909.54
891060,8910.6
891167,8911.67
891272,8912.72
891368,8913.68
891457,8914.57
891548,8915.48
891645,8916.45
891744,8917.44
891843,8918.43
891949,8919.49
892059,8920.59
892167,8921.67
892281,8922.81
892393,8923.93
892503,8925.03
892611,8926.11
892718,8927.18
892821,8928.21
892917,8929.17
893015,8930.15
893118,8931.18
893220,8932.2
893321,8933.21
893418,8934.18
893512,8935.12
893603,8936.03
893698,8936.98
893799,8937.99
893904,8939.04
894016,8940.16
894132,8941.32
894242,8942.42
894350,8943.5
894461,8944.61
894566,8945.66
894664,8946.64
894759,8947.59
894853,8948.53
894950,8949.5
895048,8950.48
895150,8951.5
895256,8952.56
895364,8953.64
895465,8954.65
895566,8955.66
895668,8956.68
895768,8957.68
895864,8958.64
895959,8959.59
896052,8960.52
896126,8961.26
896200,8962.0
896279,8962.79
896359,8963.59
896426,8964.26
896495,8964.95
896567,8965.67
896642,8966.42
896711,8967.11
896781,8967.81
896851,8968.51
896917,8969.17
896983,8969.83
897049,8970.49
897113,8971.13
897176,8971.76
897238,8972.38
897301,8973.01
897365,8973.65
897426,8974.26
897489,8974.89
897551,8975.51
897614,8976.14
897681,8976.81
897746,8977.46
897816,8978.16
897887,8978.87
897958,8979.58
898033,8980.33
898112,8981.12
898193,8981.93
898271,8982.71
898352,8983.52
898440,8984.4
898538,8985.38
898632,8986.32
898732,8987.32
898837,8988.37
898938,8989.38
899036,8990.36
899139,8991.39
899240,8992.4
899337,8993.37
899434,8994.34
899538,8995.38
899645,8996.45
899745,8997.45
899846,8998.46
899946,8999.46
900046,9000.46
900141,9001.41
900239,9002.39
900328,9003.28
900411,9004.11
900491,9004.91
900577,9005.77
900673,9006.73
900769,9007.69
900871,9008.71
900976,9009.76
901080,9010.8
901182,9011.82
901289,9012.89
901398,9013.98
901504,9015.04
901607,9016.07
901714,9017.14
901825,9018.25
901931,9019.31
902029,9020.29
902122,9021.22
902217,9022.17
902319,9023.19
902421,9024.21
902527,9025.27
902638,9026.38
902751,9027.51
902857,9028.57
902961,9029.61
903063,9030.63
903161,9031.61
903258,9032.58
903356,9033.56
903451,9034.51
903542,9035.42
903638,9036.38
903742,9037.42
903843,9038.43
903939,9039.39
904037,9040.37
904142,9041.42
904252,9042.52
904358,9043.58
904459,9044.59
904558,9045.58
904658,9046.58
904754,9047.54
904852,9048.52
904954,9049.54
905057,9050.57
905156,9051.56
905255,9052.55
905353,9053.53
905446,9054.46
905540,9055.4
905637,9056.37
905741,9057.41
905846,9058.46
905953,9059.53
906056,9060.56
906156,9061.56
906259,9062.59
906365,9063.65
906471,9064.71
906574,9065.74
906678,9066.78
906786,9067.86
906892,9068.92
906998,9069.98
907101,9071.01
907203,9072.03
907298,9072.98
907392,9073.92
907486,9074.86
907579,9075.79
907682,9076.82
907794,9077.94
907903,9079.03
908014,9080.14
908126,9081.26
908235,9082.35
908338,9083.38
908438,9084.38
908536,9085.36
908630,9086.3
908723,9087.23
908822,9088.22
908924,9089.24
909024,9090.24
909119,9091.19
909214,9092.14
909309,9093.09
909405,9094.05
909499,9094.99
909595,9095.95
909695,9096.95
909791,9097.91
909892,9098.92
909996,9099.96
910095,9100.95
910190,9101.9
910287,9102.87
910387,9103.87
910481,9104.81
910576,9105.76
910671,9106.71
910766,9107.66
910856,9108.56
910943,9109.43
911030,9110.3
911120,9111.2
911214,9112.14
911311,9113.11
911406,9114.06
911502,9115.02
911599,9115.99
911705,9117.05
911817,9118.17
911924,9119.24
912032,9120.32
912141,9121.41
912245,9122.45
912350,9123.5
912451,9124.51
912549,9125.49
912642,9126.42
912732,9127.32
912824,9128.24
912916,9129.16
913011,9130.11
913114,9131.14
913221,9132.21
913328,9133.28
913433,9134.33
913542,9135.42
913646,9136.46
913743,9137.43
913839,9138.39
913932,9139.32
914021,9140.21
914105,9141.05
914189,9141.89
914273,9142.73
914356,9143.56
914448,9144.48
914548,9145.48
914640,9146.4
914738,9147.38
914831,9148.31
914917,9149.17
915005,9150.05
915098,9150.98
915191,9151.91
915288,9152.88
915386,9153.86
915484,9154.84
915578,9155.78
915676,9156.76
915776,9157.76
915874,9158.74
915975,9159.75
916080,9160.8
916190,9161.9
916295,9162.95
916392,9163.92
916484,9164.84
916573,9165.73
916663,9166.63
916758,9167.58
916858,9168.58
916959,9169.59
917049,9170.49
917140,9171.4
917244,9172.44
917330,9173.3
917413,9174.13
917494,9174.94
917580,9175.8
917675,9176.75
917769,9177.69
917868,9178.68
917973,9179.73
918080,9180.8
918184,9181.84
918293,9182.93
918403,9184.03
918512,9185.12
918616,9186.16
918721,9187.21
918824,9188.24
918920,9189.2
919011,9190.11
919106,9191.06
919205,9192.05
919305,9193.05
919409,9194.09
919522,9195.22
919632,9196.32
919738,9197.38
919839,9198.39
919939,9199.39
920035,9200.35
920134,9201.34
920238,9202.38
920339,9203.39
920434,9204.34
920532,9205.32
920633,9206.33
920739,9207.39
920842,9208.42
920947,9209.47
921056,9210.56
921155,9211.55
921249,9212.49
921341,9213.41
921433,9214.33
921525,9215.25
921626,9216.26
921731,9217.31
921833,9218.33
921933,9219.33
922034,9220.34
922135,9221.35
922235,9222.35
922339,9223.39
922438,9224.38
922534,9225.34
922629,9226.29
922725,9227.25
922822,9228.22
922920,9229.2
923020,9230.2
923120,9231.2
923222,9232.22
923326,9233.26
923426,9234.26
923527,9235.27
923627,9236.27
923724,9237.24
923820,9238.2
923914,9239.14
924013,9240.13
924114,9241.14
924213,9242.13
924308,9243.08
924401,9244.01
924491,9244.91
924577,9245.77
924666,9246.66
924763,9247.63
924863,9248.63
924964,9249.64
925073,9250.73
925188,9251.88
925302,9253.02
925417,9254.17
925526,9255.26
925627,9256.27
925726,9257.26
925820,9258.2
925910,9259.1
925997,9259.97
926090,9260.9
926189,9261.89
926288,9262.88
926391,9263.91
926495,9264.95
926597,9265.97
926695,9266.95
926796,9267.96
926893,9268.93
926987,9269.87
927078,9270.78
927173,9271.73
927273,9272.73
927370,9273.7
927462,9274.62
927559,9275.59
927667,9276.67
927782,9277.82
927893,9278.93
928010,9280.1
928127,9281.27
928230,9282.3
928327,9283.27
928420,9284.2
928511,9285.11
928601,9286.01
928694,9286.94
928797,9287.97
928907,9289.07
929014,9290.14
929119,9291.19
929225,9292.25
929322,9293.22
929416,9294.16
929511,9295.11
929607,9296.07
929699,9296.99
929789,9297.89
929882,9298.82
929974,9299.74
930068,9300.68
930165,9301.65
930259,9302.59
930350,9303.5
930440,9304.4
930530,9305.3
930619,9306.19
930709,9307.09
930811,9308.11
930921,9309.21
931030,9310.3
931138,9311.38
931247,9312.47
931352,9313.52
931453,9314.53
931553,9315.53
931656,9316.56
931760,9317.6
931857,9318.57
931957,9319.57
932060,9320.6
932163,9321.63
932262,9322.62
932361,9323.61
932462,9324.62
932558,9325.58
932651,9326.51
932749,9327.49
932851,9328.51
932951,9329.51
933044,9330.44
933136,9331.36
933230,9332.3
933325,9333.25
933420,9334.2
933519,9335.19
933627,9336.27
933734,9337.34
933848,9338.48
933961,9339.61
934067,9340.67
934167,9341.67
934267,9342.67
934367,9343.67
934461,9344.61
934555,9345.55
934652,9346.52
934750,9347.5
934848,9348.48
934941,9349.41
935037,9350.37
935136,9351.36
935234,9352.34
935330,9353.3
935426,9354.26
935523,9355.23
935618,9356.18
935714,9357.14
935813,9358.13
935911,9359.11
936005,9360.05
936100,9361.0
936199,9361.99
936296,9362.96
936392,9363.92
936491,9364.91
936590,9365.9
936687,9366.87
936780,9367.8
936872,9368.72
936967,9369.67
937061,9370.61
937151,9371.51
937242,9372.42
937333,9373.33
937425,9374.25
937512,9375.12
937597,9375.97
937685,9376.85
937778,9377.78
937877,9378.77
937992,9379.92
938115,9381.15
938231,9382.31
938344,9383.44
938456,9384.56
938567,9385.67
938668,9386.68
938764,9387.64
938861,9388.61
938961,9389.61
939059,9390.59
939157,9391.57
939254,9392.54
939354,9393.54
939449,9394.49
939543,9395.43
939638,9396.38
939729,9397.29
939818,9398.18
939908,9399.08
939997,9399.97
940088,9400.88
940183,9401.83
940285,9402.85
940392,9403.92
940494,9404.94
940596,9405.96
940698,9406.98
940794,9407.94
940884,9408.84
940976,9409.76
941073,9410.73
941169,9411.69
941268,9412.68
941373,9413.73
941485,9414.85
941595,9415.95
941697,9416.97
941800,9418.0
941901,9419.01
941998,9419.98
942091,9420.91
942186,9421.86
942284,9422.84
942379,9423.79
942474,9424.74
942574,9425.74
942675,9426.75
942771,9427.71
942863,9428.63
942956,9429.56
943053,9430.53
943149,9431.49
943239,9432.39
943330,9433.3
943423,9434.23
943512,9435.12
943604,9436.04
943696,9436.96
943793,9437.93
943892,9438.92
944002,9440.02
944119,9441.19
944227,9442.27
944330,9443.3
944431,9444.31
944531,9445.31
944627,9446.27
944723,9447.23
944822,9448.22
944925,9449.25
945023,9450.23
945121,9451.21
945221,9452.21
945322,9453.22
945415,9454.15
945508,9455.08
945604,9456.04
945701,9457.01
945797,9457.97
945896,9458.96
945998,9459.98
946101,9461.01
946201,9462.01
946302,9463.02
946403,9464.03
946502,9465.02
946593,9465.93
946685,9466.85
946782,9467.82
946879,9468.79
946976,9469.76
947073,9470.73
947174,9471.74
947271,9472.71
947368,9473.68
947470,9474.7
947571,9475.71
947666,9476.66
947758,9477.58
947853,9478.53
947950,9479.5
948042,9480.42
948135,9481.35
948229,9482.29
948322,9483.22
948412,9484.12
948500,9485.0
948588,9485.88
948676,9486.76
948764,9487.64
948853,9488.53
948948,9489.48
949051,9490.51
949152,9491.52
949256,9492.56
949353,9493.53
949444,9494.44
949532,9495.32
949616,9496.16
949699,9496.99
949791,9497.91
949887,9498.87
949992,9499.92
950104,9501.04
950219,9502.19
950328,9503.28
950430,9504.3
950534,9505.34
950636,9506.36
950736,9507.36
950831,9508.31
950926,9509.26
951024,9510.24
951129,9511.29
951231,9512.31
951333,9513.33
951429,9514.29
951527,9515.27
951624,9516.24
951724,9517.24
951830,9518.3
951939,9519.39
952042,9520.42
952148,9521.48
952255,9522.55
952360,9523.6
952459,9524.59
952557,9525.57
952656,9526.56
952757,9527.57
952855,9528.55
952948,9529.48
953042,9530.42
953135,9531.35
953224,9532.24
953322,9533.22
953434,9534.34
953546,9535.46
953652,9536.52
953756,9537.56
953864,9538.64
953969,9539.69
954069,9540.69
954173,9541.73
954272,9542.72
954363,9543.63
954450,9544.5
954537,9545.37
954626,9546.26
954716,9547.16
954806,9548.06
954898,9548.98
954992,9549.92
955083,9550.83
955174,9551.74
955276,9552.76
955383,9553.83
955486,9554.86
955595,9555.95
955708,9557.08
955817,9558.17
955920,9559.2
956021,9560.21
956121,9561.21
956218,9562.18
956315,9563.15
956415,9564.15
956515,9565.15
956613,9566.13
956707,9567.07
956806,9568.06
956902,9569.02
956993,9569.93
957081,9570.81
957174,9571.74
957277,9572.77
957382,9573.82
957487,9574.87
957594,9575.94
957702,9577.02
957807,9578.07
957910,9579.1
958011,9580.11
958110,9581.1
958206,9582.06
958300,9583.0
958396,9583.96
958489,9584.89
958586,9585.86
958687,9586.87
958789,9587.89
958888,9588.88
958986,9589.86
959086,9590.86
959184,9591.84
959277,9592.77
959371,9593.71
959465,9594.65
959556,9595.56
959642,9596.42
959728,9597.28
959814,9598.14
959906,9599.06
960008,9600.08
960125,9601.25
960240,9602.4
960348,9603.48
960459,9604.59
960571,9605.71
960677,9606.77
960775,9607.75
960872,9608.72
960968,9609.68
961063,9610.63
961161,9611.61
961265,9612.65
961370,9613.7
961471,9614.71
961574,9615.74
961679,9616.79
961781,9617.81
961886,9618.86
961987,9619.87
962086,9620.86
962180,9621.8
962276,9622.76
962372,9623.72
962467,9624.67
962566,9625.66
962668,9626.68
962768,9627.68
962867,9628.67
962966,9629.66
963068,9630.68
963167,9631.67
963262,9632.62
963358,9633.58
963451,9634.51
963547,9635.47
963646,9636.46
963743,9637.43
963844,9638.44
963951,9639.51
964055,9640.55
964152,9641.52
964249,9642.49
964346,9643.46
964440,9644.4
964535,9645.35
964630,9646.3
964722,9647.22
964816,9648.16
964912,9649.12
965011,9650.11
965108,9651.08
965206,9652.06
965307,9653.07
965403,9654.03
965493,9654.93
965578,9655.78
965661,9656.61
965744,9657.44
965826,9658.26
965911,9659.11
966009,9660.09
966130,9661.3
966251,9662.51
966379,9663.79
966500,9665.0
966613,9666.13
966723,9667.23
966830,9668.3
966933,9669.33
967031,9670.31
967125,9671.25
967218,9672.18
967307,9673.07
967403,9674.03
967506,9675.06
967614,9676.14
967715,9677.15
967812,9678.12
967908,9679.08
968004,9680.04
968101,9681.01
968204,9682.04
968308,9683.08
968408,9684.08
968509,9685.09
968610,9686.1
968711,9687.11
968807,9688.07
968903,9689.03
968998,9689.98
969092,9690.92
969190,9691.9
969295,9692.95
969397,9693.97
969493,9694.93
969590,9695.9
969689,9696.89
969788,9697.88
969884,9698.84
969975,9699.75
970064,9700.64
970149,9701.49
970238,9702.38
970338,9703.38
970449,9704.49
970562,9705.62
970680,9706.8
970795,9707.95
970900,9709.0
971006,9710.06
971106,9711.06
971200,9712.0
971293,9712.93
971387,9713.87
971478,9714.78
971569,9715.69
971660,9716.6
971754,9717.54
971846,9718.46
971942,9719.42
972051,9720.51
972163,9721.63
972269,9722.69
972378,9723.78
972485,9724.85
972586,9725.86
972680,9726.8
972773,9727.73
972869,9728.69
972962,9729.62
973054,9730.54
973154,9731.54
973257,9732.57
973355,9733.55
973453,9734.53
973552,9735.52
973650,9736.5
973743,9737.43
973834,9738.34
973926,9739.26
974015,9740.15
974106,9741.06
974200,9742.0
974302,9743.02
974406,9744.06
974514,9745.14
974623,9746.23
974728,9747.28
974828,9748.28
974929,9749.29
975026,9750.26
975119,9751.19
975210,9752.1
975300,9753.0
975386,9753.86
975473,9754.73
975571,9755.71
975680,9756.8
975785,9757.85
975896,9758.96
976010,9760.1
976115,9761.15
976215,9762.15
976313,9763.13
976408,9764.08
976497,9764.97
976592,9765.92
976693,9766.93
976793,9767.93
976890,9768.9
976990,9769.9
977092,9770.92
977190,9771.9
977289,9772.89
977390,9773.9
977493,9774.93
977590,9775.9
977688,9776.88
977790,9777.9
977889,9778.89
977987,9779.87
978085,9780.85
978185,9781.85
978281,9782.81
978375,9783.75
978473,9784.73
978575,9785.75
978675,9786.75
978777,9787.77
978880,9788.8
978981,9789.81
979076,9790.76
979173,9791.73
979271,9792.71
979370,9793.7
979465,9794.65
979563,9795.63
979665,9796.65
979765,9797.65
979863,9798.63
979962,9799.62
980061,9800.61
980157,9801.57
980254,9802.54
980354,9803.54
980454,9804.54
980552,9805.52
980651,9806.51
980752,9807.52
980849,9808.49
980944,9809.44
981041,9810.41
981141,9811.41
981240,9812.4
981336,9813.36
981435,9814.35
981537,9815.37
981640,9816.4
981738,9817.38
981837,9818.37
981939,9819.39
982039,9820.39
982135,9821.35
982234,9822.34
982334,9823.34
982431,9824.31
982529,9825.29
982630,9826.3
982727,9827.27
982821,9828.21
982920,9829.2
983021,9830.21
983120,9831.2
983218,9832.18
983320,9833.2
983421,9834.21
983517,9835.17
983609,9836.09
983700,9837.0
983791,9837.91
983878,9838.78
983968,9839.68
984060,9840.6
984149,9841.49
984240,9842.4
984335,9843.35
984438,9844.38
984536,9845.36
984637,9846.37
984741,9847.41
984844,9848.44
984941,9849.41
985038,9850.38
985136,9851.36
985235,9852.35
985330,9853.3
985426,9854.26
985525,9855.25
985628,9856.28
985727,9857.27
985825,9858.25
985926,9859.26
986028,9860.28
986126,9861.26
986226,9862.26
986330,9863.3
986434,9864.34
986533,9865.33
986634,9866.34
986737,9867.37
986841,9868.41
986942,9869.42
987045,9870.45
987146,9871.46
987246,9872.46
987339,9873.39
987435,9874.35
987533,9875.33
987632,9876.32
987727,9877.27
987823,9878.23
987924,9879.24
988027,9880.27
988124,9881.24
988222,9882.22
988321,9883.21
988421,9884.21
988514,9885.14
988609,9886.09
988709,9887.09
988808,9888.08
988902,9889.02
988995,9889.95
989090,9890.9
989186,9891.86
989280,9892.8
989371,9893.71
989464,9894.64
989559,9895.59
989653,9896.53
989744,9897.44
989834,9898.34
989925,9899.25
990015,9900.15
990104,9901.04
990195,9901.95
990290,9902.9
990386,9903.86
990480,9904.8
990576,9905.76
990677,9906.77
990772,9907.72
990867,9908.67
990964,9909.64
991062,9910.62
991155,9911.55
991249,9912.49
991344,9913.44
991435,9914.35
991528,9915.28
991623,9916.23
991721,9917.21
991815,9918.15
991911,9919.11
992009,9920.09
992110,9921.1
992206,9922.06
992303,9923.03
992400,9924.0
992496,9924.96
992588,9925.88
992682,9926.82
992779,9927.79
992878,9928.78
992974,9929.74
993069,9930.69
993166,9931.66
993260,9932.6
993349,9933.49
993437,9934.37
993528,9935.28
993622,9936.22
993714,9937.14
993811,9938.11
993913,9939.13
994015,9940.15
994112,9941.12
994206,9942.06
994303,9943.03
994399,9943.99
994489,9944.89
994581,9945.81
994675,9946.75
994767,9947.67
994856,9948.56
994947,9949.47
995042,9950.42
995138,9951.38
995231,9952.31
995322,9953.22
995410,9954.1
995491,9954.91
995571,9955.71
995649,9956.49
995725,9957.25
995800,9958.0
995876,9958.76
995953,9959.53
996031,9960.31
996110,9961.1
996193,9961.93
996281,9962.81
996367,9963.67
996457,9964.57
996550,9965.5
996643,9966.43
996729,9967.29
996810,9968.1
996889,9968.89
996966,9969.66
997041,9970.41
997115,9971.15
997190,9971.9
997259,9972.59
997403,9974.03
997527,9975.27
997725,9977.25
997798,9977.98
997869,9978.69
997939,9979.39
998010,9980.1
998079,9980.79
998147,9981.47
998214,9982.14
998280,9982.8
998347,9983.47
998413,9984.13
998480,9984.8
998549,9985.49
998620,9986.2
998695,9986.95
998772,9987.72
998850,9988.5
998931,9989.31
998980,9989.8
999029,9990.29
999097,9990.97
999181,9991.81
999268,9992.68
999357,9993.57
999451,9994.51
999555,9995.55
999663,9996.63
999772,9997.72
999887,9998.87
1000006,10000.06
1000117,10001.17
1000220,10002.2
1000321,10003.21
1000421,10004.21
1000523,10005.23
1000635,10006.35
1000742,10007.42
1000844,10008.44
1000944,10009.44
1001044,10010.44
1001147,10011.47
1001253,10012.53
1001366,10013.66
1001481,10014.81
1001590,10015.9
1001700,10017.0
1001810,10018.1
1001917,10019.17
1002025,10020.25
1002128,10021.28
1002229,10022.29
1002334,10023.34
1002438,10024.38
1002539,10025.39
1002640,10026.4
1002743,10027.43
1002846,10028.46
1002947,10029.47
1003046,10030.46
1003143,10031.43
1003238,10032.38
1003336,10033.36
1003442,10034.42
1003554,10035.54
1003665,10036.65
1003777,10037.77
1003892,10038.92
1004004,10040.04
1004114,10041.14
1004223,10042.23
1004329,10043.29
1004429,10044.29
1004531,10045.31
1004638,10046.38
1004743,10047.43
1004844,10048.44
1004945,10049.45
1005048,10050.48
1005152,10051.52
1005256,10052.56
1005365,10053.65
1005474,10054.74
1005580,10055.8
1005681,10056.81
1005782,10057.82
1005876,10058.76
1005965,10059.65
1006057,10060.57
1006151,10061.51
1006245,10062.45
1006348,10063.48
1006457,10064.57
1006557,10065.57
1006653,10066.53
1006753,10067.53
1006864,10068.64
1006975,10069.75
1007088,10070.88
1007199,10071.99
1007300,10073.0
1007395,10073.95
1007485,10074.85
1007576,10075.76
1007669,10076.69
1007767,10077.67
1007873,10078.73
1007989,10079.89
1008094,10080.94
1008192,10081.92
1008290,10082.9
1008388,10083.88
1008483,10084.83
1008571,10085.71
1008659,10086.59
1008749,10087.49
1008832,10088.32
1008913,10089.13
1008996,10089.96
1009082,10090.82
1009173,10091.73
1009273,10092.73
1009387,10093.87
1009495,10094.95
1009598,10095.98
1009694,10096.94
1009790,10097.9
1009886,10098.86
1009983,10099.83
1010081,10100.81
1010187,10101.87
1010303,10103.03
1010421,10104.21
1010534,10105.34
1010649,10106.49
1010763,10107.63
1010873,10108.73
1010979,10109.79
1011087,10110.87
1011199,10111.99
1011306,10113.06
1011416,10114.16
1011525,10115.25
1011631,10116.31
1011737,10117.37
1011844,10118.44
1011953,10119.53
1012057,10120.57
1012158,10121.58
1012262,10122.62
1012360,10123.6
1012460,10124.6
1012560,10125.6
1012656,10126.56
1012746,10127.46
1012830,10128.3
1012913,10129.13
1012994,10129.94
1013073,10130.73
1013153,10131.53
1013245,10132.45
1013349,10133.49
1013462,10134.62
1013579,10135.79
1013692,10136.92
1013812,10138.12
1013925,10139.25
1014031,10140.31
1014131,10141.31
1014231,10142.31
1014331,10143.31
1014429,10144.29
1014527,10145.27
1014624,10146.24
1014721,10147.21
1014816,10148.16
1014916,10149.16
1015023,10150.23
1015136,10151.36
1015242,10152.42
1015349,10153.49
1015453,10154.53
1015555,10155.55
1015661,10156.61
1015764,10157.64
1015868,10158.68
1015975,10159.75
1016079,10160.79
1016184,10161.84
1016292,10162.92
1016394,10163.94
1016492,10164.92
1016594,10165.94
1016701,10167.01
1016805,10168.05
1016905,10169.05
1017009,10170.09
1017113,10171.13
1017218,10172.18
1017319,10173.19
1017419,10174.19
1017521,10175.21
1017625,10176.25
1017726,10177.26
1017824,10178.24
1017920,10179.2
1018012,10180.12
1018100,10181.0
1018193,10181.93
1018293,10182.93
1018398,10183.98
1018517,10185.17
1018646,10186.46
1018767,10187.67
1018883,10188.83
1019000,10190.0
1019110,10191.1
1019210,10192.1
1019306,10193.06
1019402,10194.02
1019497,10194.97
1019591,10195.91
1019691,10196.91
1019801,10198.01
1019911,10199.11
1020024,10200.24
1020134,10201.34
1020239,10202.39
1020346,10203.46
1020452,10204.52
1020555,10205.55
1020653,10206.53
1020752,10207.52
1020853,10208.53
1020952,10209.52
1021054,10210.54
1021158,10211.58
1021260,10212.6
1021360,10213.6
1021463,10214.63
1021566,10215.66
1021670,10216.7
1021767,10217.67
1021860,10218.6
1021958,10219.58
1022060,10220.6
1022164,10221.64
1022267,10222.67
1022374,10223.74
1022487,10224.87
1022598,10225.98
1022706,10227.06
1022810,10228.1
1022906,10229.06
1022995,10229.95
1023081,10230.81
1023171,10231.71
1023269,10232.69
1023384,10233.84
1023495,10234.95
1023613,10236.13
1023718,10237.18
1023822,10238.22
1023932,10239.32
1024042,10240.42
1024148,10241.48
1024257,10242.57
1024362,10243.62
1024469,10244.69
1024578,10245.78
1024683,10246.83
1024789,10247.89
1024891,10248.91
1024995,10249.95
1025097,10250.97
1025197,10251.97
1025299,10252.99
1025402,10254.02
1025501,10255.01
1025600,10256.0
1025705,10257.05
1025809,10258.09
1025906,10259.06
1026001,10260.01
1026100,10261.0
1026202,10262.02
1026307,10263.07
1026418,10264.18
1026536,10265.36
1026653,10266.53
1026763,10267.63
1026874,10268.74
1026987,10269.87
1027095,10270.95
1027200,10272.0
1027294,10272.94
1027388,10273.88
1027484,10274.84
1027581,10275.81
1027673,10276.73
1027766,10277.66
1027857,10278.57
1027951,10279.51
1028054,10280.54
1028164,10281.64
1028276,10282.76
1028393,10283.93
1028507,10285.07
1028610,10286.1
1028708,10287.08
1028805,10288.05
1028904,10289.04
1028999,10289.99
1029093,10290.93
1029193,10291.93
1029296,10292.96
1029396,10293.96
1029495,10294.95
1029600,10296.0
1029708,10297.08
1029821,10298.21
1029937,10299.37
1030050,10300.5
1030160,10301.6
1030268,10302.68
1030374,10303.74
1030479,10304.79
1030584,10305.84
1030687,10306.87
1030789,10307.89
1030896,10308.96
1031001,10310.01
1031105,10311.05
1031213,10312.13
1031323,10313.23
1031429,10314.29
1031533,10315.33
1031637,10316.37
1031738,10317.38
1031833,10318.33
1031925,10319.25
1032020,10320.2
1032118,10321.18
1032221,10322.21
1032333,10323.33
1032442,10324.42
1032548,10325.48
1032658,10326.58
1032767,10327.67
1032872,10328.72
1032972,10329.72
1033074,10330.74
1033177,10331.77
1033277,10332.77
1033373,10333.73
1033469,10334.69
1033567,10335.67
1033662,10336.62
1033756,10337.56
1033851,10338.51
1033946,10339.46
1034034,10340.34
1034120,10341.2
1034206,10342.06
1034288,10342.88
1034369,10343.69
1034456,10344.56
1034553,10345.53
1034652,10346.52
1034758,10347.58
1034867,10348.67
1034974,10349.74
1035080,10350.8
1035191,10351.91
1035302,10353.02
1035413,10354.13
1035525,10355.25
1035636,10356.36
1035743,10357.43
1035853,10358.53
1035960,10359.6
1036067,10360.67
1036166,10361.66
1036264,10362.64
1036365,10363.65
1036470,10364.7
1036586,10365.86
1036704,10367.04
1036822,10368.22
1036935,10369.35
1037053,10370.53
1037167,10371.67
1037276,10372.76
1037381,10373.81
1037489,10374.89
1037599,10375.99
1037711,10377.11
1037815,10378.15
1037918,10379.18
1038023,10380.23
1038130,10381.3
1038240,10382.4
1038349,10383.49
1038450,10384.5
1038552,10385.52
1038652,10386.52
1038750,10387.5
1038842,10388.42
1038933,10389.33
1039030,10390.3
1039131,10391.31
1039229,10392.29
1039335,10393.35
1039448,10394.48
1039562,10395.62
1039665,10396.65
1039773,10397.73
1039887,10398.87
1039998,10399.98
1040105,10401.05
1040214,10402.14
1040325,10403.25
1040427,10404.27
1040520,10405.2
1040614,10406.14
1040714,10407.14
1040820,10408.2
1040940,10409.4
1041068,10410.68
1041188,10411.88
1041305,10413.05
1041423,10414.23
1041534,10415.34
1041642,10416.42
1041748,10417.48
1041855,10418.55
1041957,10419.57
1042057,10420.57
1042158,10421.58
1042254,10422.54
1042350,10423.5
1042447,10424.47
1042550,10425.5
1042658,10426.58
1042771,10427.71
1042893,10428.93
1043011,10430.11
1043120,10431.2
1043232,10432.32
1043346,10433.46
1043456,10434.56
1043559,10435.59
1043664,10436.64
1043769,10437.69
1043871,10438.71
1043968,10439.68
1044071,10440.71
1044177,10441.77
1044284,10442.84
1044386,10443.86
1044494,10444.94
1044602,10446.02
1044708,10447.08
1044819,10448.19
1044929,10449.29
1045030,10450.3
1045130,10451.3
1045230,10452.3
1045329,10453.29
1045425,10454.25
1045519,10455.19
1045613,10456.13
1045704,10457.04
1045800,10458.0
1045895,10458.95
1045987,10459.87
1046080,10460.8
1046180,10461.8
1046276,10462.76
1046365,10463.65
1046453,10464.53
1046538,10465.38
1046624,10466.24
1046717,10467.17
1046815,10468.15
1046930,10469.3
1047046,10470.46
1047153,10471.53
1047256,10472.56
1047359,10473.59
1047460,10474.6
1047555,10475.55
1047652,10476.52
1047751,10477.51
1047848,10478.48
1047949,10479.49
1048055,10480.55
1048160,10481.6
1048260,10482.6
1048361,10483.61
1048467,10484.67
1048575,10485.75
1048682,10486.82
1048786,10487.86
1048890,10488.9
1048995,10489.95
1049098,10490.98
1049207,10492.07
1049319,10493.19
1049427,10494.27
1049534,10495.34
1049644,10496.44
1049759,10497.59
1049868,10498.68
1049974,10499.74
1050078,10500.78
1050182,10501.82
1050282,10502.82
1050380,10503.8
1050477,10504.77
1050572,10505.72
1050661,10506.61
1050752,10507.52
1050847,10508.47
1050945,10509.45
1051051,10510.51
1051176,10511.76
1051300,10513.0
1051416,10514.16
1051524,10515.24
1051629,10516.29
1051727,10517.27
1051818,10518.18
1051914,10519.14
1052022,10520.22
1052127,10521.27
1052226,10522.26
1052325,10523.25
1052434,10524.34
1052551,10525.51
1052661,10526.61
1052778,10527.78
1052896,10528.96
1053007,10530.07
1053117,10531.17
1053227,10532.27
1053330,10533.3
1053433,10534.33
1053536,10535.36
1053633,10536.33
1053732,10537.32
1053832,10538.32
1053941,10539.41
1054051,10540.51
1054156,10541.56
1054265,10542.65
1054375,10543.75
1054482,10544.82
1054584,10545.84
1054688,10546.88
1054794,10547.94
1054896,10548.96
1054996,10549.96
1055095,10550.95
1055198,10551.98
1055302,10553.02
1055405,10554.05
1055514,10555.14
1055621,10556.21
1055725,10557.25
1055832,10558.32
1055936,10559.36
1056036,10560.36
1056141,10561.41
1056248,10562.48
1056350,10563.5
1056457,10564.57
1056565,10565.65
1056673,10566.73
1056775,10567.75
1056876,10568.76
1056975,10569.75
1057076,10570.76
1057178,10571.78
1057277,10572.77
1057372,10573.72
1057463,10574.63
1057555,10575.55
1057646,10576.46
1057732,10577.32
1057818,10578.18
1057908,10579.08
1058007,10580.07
1058102,10581.02
1058192,10581.92
1058284,10582.84
1058373,10583.73
1058458,10584.58
1058544,10585.44
1058629,10586.29
1058714,10587.14
1058805,10588.05
1058903,10589.03
1059010,10590.1
1059116,10591.16
1059230,10592.3
1059347,10593.47
1059461,10594.61
1059572,10595.72
1059690,10596.9
1059805,10598.05
1059916,10599.16
1060020,10600.2
1060126,10601.26
1060229,10602.29
1060329,10603.29
1060434,10604.34
1060543,10605.43
1060648,10606.48
1060756,10607.56
1060868,10608.68
1060976,10609.76
1061079,10610.79
1061186,10611.86
1061290,10612.9
1061392,10613.92
1061498,10614.98
1061603,10616.03
1061705,10617.05
1061813,10618.13
1061921,10619.21
1062026,10620.26
1062123,10621.23
1062224,10622.24
1062332,10623.32
1062441,10624.41
1062544,10625.44
1062650,10626.5
1062760,10627.6
1062870,10628.7
1062979,10629.79
1063092,10630.92
1063200,10632.0
1063303,10633.03
1063405,10634.05
1063508,10635.08
1063608,10636.08
1063710,10637.1
1063810,10638.1
1063907,10639.07
1064009,10640.09
1064118,10641.18
1064219,10642.19
1064321,10643.21
1064424,10644.24
1064526,10645.26
1064626,10646.26
1064728,10647.28
1064832,10648.32
1064934,10649.34
1065032,10650.32
1065130,10651.3
1065229,10652.29
1065324,10653.24
1065423,10654.23
1065521,10655.21
1065613,10656.13
1065702,10657.02
1065789,10657.89
1065878,10658.78
1065968,10659.68
1066044,10660.44
1066129,10661.29
1066212,10662.12
1066296,10662.96
1066392,10663.92
1066497,10664.97
1066623,10666.23
1066750,10667.5
1066867,10668.67
1066989,10669.89
1067107,10671.07
1067220,10672.2
1067326,10673.26
1067439,10674.39
1067552,10675.52
1067662,10676.62
1067767,10677.67
1067876,10678.76
1067990,10679.9
1068100,10681.0
1068210,10682.1
1068323,10683.23
1068437,10684.37
1068554,10685.54
1068667,10686.67
1068774,10687.74
1068884,10688.84
1068998,10689.98
1069109,10691.09
1069212,10692.12
1069312,10693.12
1069414,10694.14
1069517,10695.17
1069631,10696.31
1069751,10697.51
1069868,10698.68
1069979,10699.79
1070094,10700.94
1070207,10702.07
1070315,10703.15
1070426,10704.26
1070538,10705.38
1070643,10706.43
1070747,10707.47
1070852,10708.52
1070956,10709.56
1071056,10710.56
1071155,10711.55
1071256,10712.56
1071357,10713.57
1071459,10714.59
1071565,10715.65
1071676,10716.76
1071784,10717.84
1071892,10718.92
1072002,10720.02
1072109,10721.09
1072215,10722.15
1072323,10723.23
1072428,10724.28
1072528,10725.28
1072632,10726.32
1072738,10727.38
1072840,10728.4
1072949,10729.49
1073058,10730.58
1073164,10731.64
1073272,10732.72
1073382,10733.82
1073488,10734.88
1073594,10735.94
1073698,10736.98
1073802,10738.02
1073903,10739.03
1074006,10740.06
1074111,10741.11
1074214,10742.14
1074316,10743.16
1074418,10744.18
1074515,10745.15
1074608,10746.08
1074702,10747.02
1074807,10748.07
1074919,10749.19
1075030,10750.3
1075142,10751.42
1075250,10752.5
1075367,10753.67
1075489,10754.89
1075607,10756.07
1075725,10757.25
1075841,10758.41
1075949,10759.49
1076055,10760.55
1076161,10761.61
1076264,10762.64
1076366,10763.66
1076471,10764.71
1076580,10765.8
1076686,10766.86
1076794,10767.94
1076902,10769.02
1077007,10770.07
1077107,10771.07
1077208,10772.08
1077309,10773.09
1077408,10774.08
1077506,10775.06
1077612,10776.12
1077720,10777.2
1077825,10778.25
1077932,10779.32
1078041,10780.41
1078146,10781.46
1078249,10782.49
1078359,10783.59
1078471,10784.71
1078580,10785.8
1078687,10786.87
1078793,10787.93
1078896,10788.96
1078998,10789.98
1079104,10791.04
1079213,10792.13
1079318,10793.18
1079425,10794.25
1079534,10795.34
1079639,10796.39
1079747,10797.47
1079855,10798.55
1079961,10799.61
1080065,10800.65
1080171,10801.71
1080278,10802.78
1080383,10803.83
1080487,10804.87
1080591,10805.91
1080694,10806.94
1080792,10807.92
1080891,10808.91
1080990,10809.9
1081090,10810.9
1081187,10811.87
1081284,10812.84
1081384,10813.84
1081487,10814.87
1081589,10815.89
1081696,10816.96
1081807,10818.07
1081914,10819.14
1082015,10820.15
1082118,10821.18
1082216,10822.16
1082312,10823.12
1082407,10824.07
1082508,10825.08
1082613,10826.13
1082716,10827.16
1082825,10828.25
1082937,10829.37
1083044,10830.44
1083145,10831.45
1083250,10832.5
1083357,10833.57
1083457,10834.57
1083559,10835.59
1083662,10836.62
1083762,10837.62
1083859,10838.59
1083957,10839.57
1084057,10840.57
1084156,10841.56
1084254,10842.54
1084354,10843.54
1084452,10844.52
1084547,10845.47
1084642,10846.42
1084743,10847.43
1084848,10848.48
1084951,10849.51
1085062,10850.62
1085173,10851.73
1085281,10852.81
1085386,10853.86
1085493,10854.93
1085598,10855.98
1085704,10857.04
1085807,10858.07
1085915,10859.15
1086023,10860.23
1086128,10861.28
1086233,10862.33
1086344,10863.44
1086449,10864.49
1086550,10865.5
1086653,10866.53
1086755,10867.55
1086853,10868.53
1086955,10869.55
1087061,10870.61
1087169,10871.69
1087273,10872.73
1087381,10873.81
1087490,10874.9
1087592,10875.92
1087693,10876.93
1087795,10877.95
1087891,10878.91
1087990,10879.9
1088094,10880.94
1088195,10881.95
1088293,10882.93
1088394,10883.94
1088496,10884.96
1088593,10885.93
1088692,10886.92
1088791,10887.91
1088889,10888.89
1088993,10889.93
1089102,10891.02
1089211,10892.11
1089316,10893.16
1089422,10894.22
1089529,10895.29
1089630,10896.3
1089733,10897.33
1089838,10898.38
1089940,10899.4
1090039,10900.39
1090140,10901.4
1090242,10902.42
1090341,10903.41
1090440,10904.4
1090544,10905.44
1090646,10906.46
1090749,10907.49
1090856,10908.56
1090963,10909.63
1091065,10910.65
1091165,10911.65
1091268,10912.68
1091371,10913.71
1091470,10914.7
1091572,10915.72
1091678,10916.78
1091786,10917.86
1091890,10918.9
1091996,10919.96
1092102,10921.02
1092207,10922.07
1092309,10923.09
1092412,10924.12
1092515,10925.15
1092615,10926.15
1092715,10927.15
1092817,10928.17
1092918,10929.18
1093017,10930.17
1093117,10931.17
1093222,10932.22
1093323,10933.23
1093424,10934.24
1093529,10935.29
1093629,10936.29
1093726,10937.26
1093825,10938.25
1093923,10939.23
1094019,10940.19
1094116,10941.16
1094218,10942.18
1094325,10943.25
1094428,10944.28
1094533,10945.33
1094637,10946.37
1094739,10947.39
1094836,10948.36
1094936,10949.36
1095039,10950.39
1095140,10951.4
1095235,10952.35
1095331,10953.31
1095430,10954.3
1095534,10955.34
1095637,10956.37
1095738,10957.38
1095841,10958.41
1095943,10959.43
1096044,10960.44
1096146,10961.46
1096249,10962.49
1096350,10963.5
1096454,10964.54
1096558,10965.58
1096660,10966.6
1096762,10967.62
1096868,10968.68
1096976,10969.76
1097081,10970.81
1097186,10971.86
1097289,10972.89
1097389,10973.89
1097483,10974.83
1097577,10975.77
1097674,10976.74
1097769,10977.69
1097865,10978.65
1097966,10979.66
1098070,10980.7
1098170,10981.7
1098273,10982.73
1098379,10983.79
1098486,10984.86
1098587,10985.87
1098686,10986.86
1098786,10987.86
1098887,10988.87
1098983,10989.83
1099081,10990.81
1099182,10991.82
1099281,10992.81
1099376,10993.76
1099473,10994.73
1099574,10995.74
1099671,10996.71
1099768,10997.68
1099868,10998.68
1099971,10999.71
1100072,11000.72
1100179,11001.79
1100288,11002.88
1100395,11003.95
1100504,11005.04
1100617,11006.17
1100724,11007.24
1100826,11008.26
1100929,11009.29
1101033,11010.33
1101133,11011.33
1101234,11012.34
1101337,11013.37
1101437,11014.37
1101538,11015.38
1101641,11016.41
1101745,11017.45
1101845,11018.45
1101944,11019.44
1102047,11020.47
1102149,11021.49
1102246,11022.46
1102344,11023.44
1102443,11024.43
1102540,11025.4
1102637,11026.37
1102738,11027.38
1102838,11028.38
1102936,11029.36
1103036,11030.36
1103137,11031.37
1103237,11032.37
1103330,11033.3
1103422,11034.22
1103516,11035.16
1103611,11036.11
1103703,11037.03
1103801,11038.01
1103902,11039.02
1104002,11040.02
1104105,11041.05
1104211,11042.11
1104316,11043.16
1104417,11044.17
1104516,11045.16
1104617,11046.17
1104718,11047.18
1104816,11048.16
1104915,11049.15
1105019,11050.19
1105123,11051.23
1105223,11052.23
1105326,11053.26
1105434,11054.34
1105534,11055.34
1105635,11056.35
1105738,11057.38
1105841,11058.41
1105941,11059.41
1106045,11060.45
1106150,11061.5
1106253,11062.53
1106352,11063.52
1106451,11064.51
1106554,11065.54
1106655,11066.55
1106755,11067.55
1106858,11068.58
1106962,11069.62
1107062,11070.62
1107159,11071.59
1107257,11072.57
1107358,11073.58
1107455,11074.55
1107555,11075.55
1107660,11076.6
1107764,11077.64
1107864,11078.64
1107965,11079.65
1108065,11080.65
1108164,11081.64
1108258,11082.58
1108353,11083.53
1108449,11084.49
1108547,11085.47
1108647,11086.47
1108753,11087.53
1108860,11088.6
1108963,11089.63
1109067,11090.67
1109172,11091.72
1109274,11092.74
1109373,11093.73
1109472,11094.72
1109574,11095.74
1109673,11096.73
1109770,11097.7
1109872,11098.72
1109976,11099.76
1110077,11100.77
1110179,11101.79
1110279,11102.79
1110380,11103.8
1110480,11104.8
1110584,11105.84
1110690,11106.9
1110794,11107.94
1110895,11108.95
1110997,11109.97
1111102,11111.02
1111205,11112.05
1111309,11113.09
1111414,11114.14
1111511,11115.11
1111610,11116.1
1111712,11117.12
1111815,11118.15
1111916,11119.16
1112018,11120.18
1112124,11121.24
1112228,11122.28
1112331,11123.31
1112436,11124.36
1112539,11125.39
1112640,11126.4
1112741,11127.41
1112843,11128.43
1112940,11129.4
1113037,11130.37
1113136,11131.36
1113236,11132.36
1113333,11133.33
1113431,11134.31
1113532,11135.32
1113631,11136.31
1113735,11137.35
1113839,11138.39
1113939,11139.39
1114036,11140.36
1114137,11141.37
1114240,11142.4
1114340,11143.4
1114437,11144.37
1114539,11145.39
1114644,11146.44
1114746,11147.46
1114848,11148.48
1114955,11149.55
1115060,11150.6
1115161,11151.61
1115263,11152.63
1115364,11153.64
1115461,11154.61
1115558,11155.58
1115655,11156.55
1115752,11157.52
1115851,11158.51
1115954,11159.54
1116056,11160.56
1116156,11161.56
1116258,11162.58
1116363,11163.63
1116461,11164.61
1116561,11165.61
1116662,11166.62
1116757,11167.57
1116853,11168.53
1116952,11169.52
1117053,11170.53
1117153,11171.53
1117250,11172.5
1117355,11173.55
1117464,11174.64
1117568,11175.68
1117670,11176.7
1117777,11177.77
1117879,11178.79
1117982,11179.82
1118089,11180.89
1118195,11181.95
1118296,11182.96
1118400,11184.0
1118503,11185.03
1118602,11186.02
1118698,11186.98
1118796,11187.96
1118893,11188.93
1118986,11189.86
1119080,11190.8
1119176,11191.76
1119273,11192.73
1119368,11193.68
1119466,11194.66
1119569,11195.69
1119669,11196.69
1119771,11197.71
1119874,11198.74
1119975,11199.75
1120071,11200.71
1120167,11201.67
1120266,11202.66
1120363,11203.63
1120463,11204.63
1120569,11205.69
1120679,11206.79
1120784,11207.84
1120889,11208.89
1120994,11209.94
1121098,11210.98
1121200,11212.0
1121295,11212.95
1121389,11213.89
1121487,11214.87
1121589,11215.89
1121687,11216.87
1121787,11217.87
1121892,11218.92
1121996,11219.96
1122096,11220.96
1122197,11221.97
1122299,11222.99
1122398,11223.98
1122498,11224.98
1122601,11226.01
1122707,11227.07
1122808,11228.08
1122912,11229.12
1123016,11230.16
1123119,11231.19
1123218,11232.18
1123317,11233.17
1123418,11234.18
1123514,11235.14
1123610,11236.1
1123707,11237.07
1123805,11238.05
1123900,11239.0
1123994,11239.94
1124094,11240.94
1124197,11241.97
1124298,11242.98
1124398,11243.98
1124501,11245.01
1124603,11246.03
1124704,11247.04
1124802,11248.02
1124902,11249.02
1125003,11250.03
1125102,11251.02
1125200,11252.0
1125300,11253.0
1125402,11254.02
1125499,11254.99
1125596,11255.96
1125699,11256.99
1125800,11258.0
1125903,11259.03
1126008,11260.08
1126116,11261.16
1126220,11262.2
1126325,11263.25
1126431,11264.31
1126536,11265.36
1126638,11266.38
1126742,11267.42
1126847,11268.47
1126951,11269.51
1127048,11270.48
1127148,11271.48
1127251,11272.51
1127355,11273.55
1127453,11274.53
1127554,11275.54
1127658,11276.58
1127762,11277.62
1127865,11278.65
1127973,11279.73
1128078,11280.78
1128180,11281.8
1128284,11282.84
1128390,11283.9
1128495,11284.95
1128595,11285.95
1128695,11286.95
1128797,11287.97
1128898,11288.98
1128996,11289.96
1129097,11290.97
1129203,11292.03
1129305,11293.05
1129407,11294.07
1129510,11295.1
1129611,11296.11
1129711,11297.11
1129817,11298.17
1129925,11299.25
1130029,11300.29
1130132,11301.32
1130234,11302.34
1130333,11303.33
1130431,11304.31
1130529,11305.29
1130629,11306.29
1130726,11307.26
1130829,11308.29
1130932,11309.32
1131032,11310.32
1131135,11311.35
1131237,11312.37
1131337,11313.37
1131435,11314.35
1131534,11315.34
1131635,11316.35
1131733,11317.33
1131832,11318.32
1131934,11319.34
1132035,11320.35
1132135,11321.35
1132238,11322.38
1132341,11323.41
1132438,11324.38
1132537,11325.37
1132638,11326.38
1132736,11327.36
1132837,11328.37
1132940,11329.4
1133040,11330.4
1133140,11331.4
1133240,11332.4
1133335,11333.35
1133429,11334.29
1133527,11335.27
1133624,11336.24
1133717,11337.17
1133813,11338.13
1133912,11339.12
1134013,11340.13
1134113,11341.13
1134217,11342.17
1134321,11343.21
1134422,11344.22
1134517,11345.17
1134614,11346.14
1134713,11347.13
1134811,11348.11
1134910,11349.1
1135017,11350.17
1135124,11351.24
1135226,11352.26
1135327,11353.27
1135429,11354.29
1135532,11355.32
1135628,11356.28
1135720,11357.2
1135816,11358.16
1135914,11359.14
1136013,11360.13
1136115,11361.15
1136221,11362.21
1136324,11363.24
1136426,11364.26
1136530,11365.3
1136628,11366.28
1136728,11367.28
1136830,11368.3
1136932,11369.32
1137029,11370.29
1137129,11371.29
1137233,11372.33
1137337,11373.37
1137443,11374.43
1137551,11375.51
1137657,11376.57
1137758,11377.58
1137859,11378.59
1137956,11379.56
1138048,11380.48
1138139,11381.39
1138231,11382.31
1138323,11383.23
1138414,11384.14
1138510,11385.1
1138613,11386.13
1138716,11387.16
1138817,11388.17
1138922,11389.22
1139027,11390.27
1139127,11391.27
1139227,11392.27
1139329,11393.29
1139428,11394.28
1139525,11395.25
1139624,11396.24
1139728,11397.28
1139829,11398.29
1139929,11399.29
1140033,11400.33
1140137,11401.37
1140237,11402.37
1140341,11403.41
1140447,11404.47
1140550,11405.5
1140653,11406.53
1140761,11407.61
1140866,11408.66
1140966,11409.66
1141069,11410.69
1141172,11411.72
1141279,11412.79
1141380,11413.8
1141484,11414.84
1141590,11415.9
1141694,11416.94
1141793,11417.93
1141892,11418.92
1141992,11419.92
1142091,11420.91
1142192,11421.92
1142297,11422.97
1142400,11424.0
1142501,11425.01
1142605,11426.05
1142705,11427.05
1142803,11428.03
1142903,11429.03
1143003,11430.03
1143100,11431.0
1143201,11432.01
1143303,11433.03
1143402,11434.02
1143505,11435.05
1143608,11436.08
1143707,11437.07
1143806,11438.06
1143909,11439.09
1144011,11440.11
1144107,11441.07
1144203,11442.03
1144300,11443.0
1144398,11443.98
1144495,11444.95
1144595,11445.95
1144697,11446.97
1144794,11447.94
1144892,11448.92
1144991,11449.91
1145090,11450.9
1145186,11451.86
1145284,11452.84
1145386,11453.86
1145490,11454.9
1145587,11455.87
1145685,11456.85
1145785,11457.85
1145887,11458.87
1145985,11459.85
1146087,11460.87
1146189,11461.89
1146288,11462.88
1146386,11463.86
1146490,11464.9
1146591,11465.91
1146693,11466.93
1146795,11467.95
1146894,11468.94
1146997,11469.97
1147100,11471.0
1147199,11471.99
1147295,11472.95
1147395,11473.95
1147498,11474.98
1147595,11475.95
1147691,11476.91
1147792,11477.92
1147891,11478.91
1147988,11479.88
1148086,11480.86
1148186,11481.86
1148289,11482.89
1148390,11483.9
1148491,11484.91
1148596,11485.96
1148697,11486.97
1148799,11487.99
1148900,11489.0
1149000,11490.0
1149097,11490.97
1149193,11491.93
1149292,11492.92
1149393,11493.93
1149490,11494.9
1149591,11495.91
1149694,11496.94
1149794,11497.94
1149894,11498.94
1149996,11499.96
1150099,11500.99
1150197,11501.97
1150293,11502.93
1150391,11503.91
1150490,11504.9
1150586,11505.86
1150686,11506.86
1150789,11507.89
1150888,11508.88
1150992,11509.92
1151098,11510.98
1151200,11512.0
1151304,11513.04
1151410,11514.1
1151512,11515.12
1151611,11516.11
1151711,11517.11
1151815,11518.15
1151917,11519.17
1152017,11520.17
1152117,11521.17
1152216,11522.16
1152314,11523.14
1152411,11524.11
1152513,11525.13
1152620,11526.2
1152722,11527.22
1152825,11528.25
1152929,11529.29
1153031,11530.31
1153129,11531.29
1153228,11532.28
1153330,11533.3
1153429,11534.29
1153532,11535.32
1153639,11536.39
1153742,11537.42
1153840,11538.4
1153943,11539.43
1154047,11540.47
1154142,11541.42
1154238,11542.38
1154334,11543.34
1154431,11544.31
1154525,11545.25
1154626,11546.26
1154729,11547.29
1154833,11548.33
1154938,11549.38
1155046,11550.46
1155148,11551.48
1155249,11552.49
1155355,11553.55
1155460,11554.6
1155560,11555.6
1155659,11556.59
1155759,11557.59
1155861,11558.61
1155957,11559.57
1156053,11560.53
1156149,11561.49
1156250,11562.5
1156346,11563.46
1156446,11564.46
1156548,11565.48
1156654,11566.54
1156755,11567.55
1156861,11568.61
1156967,11569.67
1157070,11570.7
1157170,11571.7
1157270,11572.7
1157367,11573.67
1157461,11574.61
1157558,11575.58
1157660,11576.6
1157757,11577.57
1157858,11578.58
1157962,11579.62
1158063,11580.63
1158161,11581.61
1158262,11582.62
1158365,11583.65
1158465,11584.65
1158563,11585.63
1158663,11586.63
1158767,11587.67
1158865,11588.65
1158962,11589.62
1159061,11590.61
1159159,11591.59
1159257,11592.57
1159365,11593.65
1159473,11594.73
1159575,11595.75
1159675,11596.75
1159777,11597.77
1159878,11598.78
1159972,11599.72
1160069,11600.69
1160168,11601.68
1160264,11602.64
1160360,11603.6
1160461,11604.61
1160562,11605.62
1160661,11606.61
1160761,11607.61
1160864,11608.64
1160971,11609.71
1161070,11610.7
1161170,11611.7
1161276,11612.76
1161378,11613.78
1161482,11614.82
1161595,11615.95
1161711,11617.11
1161820,11618.2
1161930,11619.3
1162041,11620.41
1162149,11621.49
1162257,11622.57
1162364,11623.64
1162470,11624.7
1162571,11625.71
1162674,11626.74
1162776,11627.76
1162874,11628.74
1162969,11629.69
1163066,11630.66
1163165,11631.65
1163260,11632.6
1163361,11633.61
1163466,11634.66
1163567,11635.67
1163664,11636.64
1163763,11637.63
1163861,11638.61
1163957,11639.57
1164054,11640.54
1164157,11641.57
1164260,11642.6
1164365,11643.65
1164477,11644.77
1164590,11645.9
1164695,11646.95
1164799,11647.99
1164904,11649.04
1165009,11650.09
1165109,11651.09
1165210,11652.1
1165312,11653.12
1165409,11654.09
1165508,11655.08
1165606,11656.06
1165705,11657.05
1165801,11658.01
1165899,11658.99
1166001,11660.01
1166101,11661.01
1166198,11661.98
1166302,11663.02
1166406,11664.06
1166507,11665.07
1166610,11666.1
1166715,11667.15
1166819,11668.19
1166925,11669.25
1167030,11670.3
1167129,11671.29
1167229,11672.29
1167332,11673.32
1167430,11674.3
1167529,11675.29
1167635,11676.35
1167741,11677.41
1167842,11678.42
1167944,11679.44
1168047,11680.47
1168148,11681.48
1168243,11682.43
1168339,11683.39
1168438,11684.38
1168537,11685.37
1168635,11686.35
1168743,11687.43
1168851,11688.51
1168952,11689.52
1169055,11690.55
1169158,11691.58
1169259,11692.59
1169357,11693.57
1169459,11694.59
1169559,11695.59
1169661,11696.61
1169763,11697.63
1169861,11698.61
1169961,11699.61
1170064,11700.64
1170163,11701.63
1170262,11702.62
1170362,11703.62
1170463,11704.63
1170559,11705.59
1170657,11706.57
1170756,11707.56
1170855,11708.55
1170950,11709.5
1171046,11710.46
1171144,11711.44
1171244,11712.44
1171342,11713.42
1171439,11714.39
1171538,11715.38
1171640,11716.4
1171739,11717.39
1171837,11718.37
1171939,11719.39
1172040,11720.4
1172139,11721.39
1172241,11722.41
1172348,11723.48
1172452,11724.52
1172552,11725.52
1172653,11726.53
1172758,11727.58
1172859,11728.59
1172958,11729.58
1173061,11730.61
1173162,11731.62
1173261,11732.61
1173363,11733.63
1173463,11734.63
1173560,11735.6
1173656,11736.56
1173755,11737.55
1173856,11738.56
1173955,11739.55
1174055,11740.55
1174154,11741.54
1174255,11742.55
1174353,11743.53
1174453,11744.53
1174554,11745.54
1174653,11746.53
1174749,11747.49
1174848,11748.48
1174948,11749.48
1175045,11750.45
1175145,11751.45
1175249,11752.49
1175350,11753.5
1175447,11754.47
1175547,11755.47
1175648,11756.48
1175745,11757.45
1175843,11758.43
1175943,11759.43
1176044,11760.44
1176141,11761.41
1176236,11762.36
1176336,11763.36
1176438,11764.38
1176536,11765.36
1176634,11766.34
1176734,11767.34
1176833,11768.33
1176930,11769.3
1177032,11770.32
1177135,11771.35
1177234,11772.34
1177334,11773.34
1177435,11774.35
1177540,11775.4
1177636,11776.36
1177732,11777.32
1177828,11778.28
1177927,11779.27
1178023,11780.23
1178120,11781.2
1178221,11782.21
1178324,11783.24
1178426,11784.26
1178534,11785.34
1178647,11786.47
1178753,11787.53
1178854,11788.54
1178955,11789.55
1179057,11790.57
1179157,11791.57
1179254,11792.54
1179353,11793.53
1179453,11794.53
1179551,11795.51
1179654,11796.54
1179759,11797.59
1179860,11798.6
1179957,11799.57
1180055,11800.55
1180155,11801.55
1180250,11802.5
1180347,11803.47
1180448,11804.48
1180546,11805.46
1180643,11806.43
1180741,11807.41
1180839,11808.39
1180935,11809.35
1181034,11810.34
1181137,11811.37
1181236,11812.36
1181334,11813.34
1181441,11814.41
1181550,11815.5
1181653,11816.53
1181752,11817.52
1181855,11818.55
1181955,11819.55
1182053,11820.53
1182152,11821.52
1182252,11822.52
1182347,11823.47
1182443,11824.43
1182542,11825.42
1182642,11826.42
1182741,11827.41
1182842,11828.42
1182946,11829.46
1183047,11830.47
1183144,11831.44
1183240,11832.4
1183337,11833.37
1183434,11834.34
1183528,11835.28
1183624,11836.24
1183722,11837.22
1183820,11838.2
1183916,11839.16
1184016,11840.16
1184116,11841.16
1184215,11842.15
1184313,11843.13
1184415,11844.15
1184519,11845.19
1184615,11846.15
1184712,11847.12
1184811,11848.11
1184912,11849.12
1185009,11850.09
1185110,11851.1
1185214,11852.14
1185316,11853.16
1185418,11854.18
1185526,11855.26
1185636,11856.36
1185737,11857.37
1185836,11858.36
1185938,11859.38
1186043,11860.43
1186146,11861.46
1186250,11862.5
1186363,11863.63
1186472,11864.72
1186581,11865.81
1186693,11866.93
1186802,11868.02
1186905,11869.05
1187005,11870.05
1187107,11871.07
1187209,11872.09
1187307,11873.07
1187407,11874.07
1187511,11875.11
1187613,11876.13
1187713,11877.13
1187810,11878.1
1187910,11879.1
1188010,11880.1
1188110,11881.1
1188214,11882.14
1188322,11883.22
1188429,11884.29
1188531,11885.31
1188638,11886.38
1188742,11887.42
1188842,11888.42
1188940,11889.4
1189039,11890.39
1189134,11891.34
1189230,11892.3
1189330,11893.3
1189434,11894.34
1189534,11895.34
1189636,11896.36
1189741,11897.41
1189844,11898.44
1189943,11899.43
1190042,11900.42
1190143,11901.43
1190243,11902.43
1190340,11903.4
1190435,11904.35
1190532,11905.32
1190632,11906.32
1190730,11907.3
1190832,11908.32
1190939,11909.39
1191042,11910.42
1191143,11911.43
1191245,11912.45
1191346,11913.46
1191444,11914.44
1191541,11915.41
1191642,11916.42
1191737,11917.37
1191836,11918.36
1191941,11919.41
1192048,11920.48
1192150,11921.5
1192252,11922.52
1192358,11923.58
1192464,11924.64
1192563,11925.63
1192664,11926.64
1192765,11927.65
1192862,11928.62
1192962,11929.62
1193063,11930.63
1193167,11931.67
1193266,11932.66
1193366,11933.66
1193469,11934.69
1193570,11935.7
1193672,11936.72
1193779,11937.79
1193883,11938.83
1193985,11939.85
1194091,11940.91
1194196,11941.96
1194297,11942.97
1194401,11944.01
1194507,11945.07
1194610,11946.1
1194709,11947.09
1194809,11948.09
1194912,11949.12
1195016,11950.16
1195115,11951.15
1195213,11952.13
1195317,11953.17
1195422,11954.22
1195525,11955.25
1195629,11956.29
1195736,11957.36
1195842,11958.42
1195940,11959.4
1196040,11960.4
1196142,11961.42
1196244,11962.44
1196348,11963.48
1196460,11964.6
1196576,11965.76
1196687,11966.87
1196802,11968.02
1196918,11969.18
1197026,11970.26
1197127,11971.27
1197227,11972.27
1197325,11973.25
1197421,11974.21
1197519,11975.19
1197621,11976.21
1197718,11977.18
1197817,11978.17
1197920,11979.2
1198024,11980.24
1198124,11981.24
1198227,11982.27
1198333,11983.33
1198436,11984.36
1198532,11985.32
1198632,11986.32
1198731,11987.31
1198830,11988.3
1198929,11989.29
1199030,11990.3
1199138,11991.38
1199242,11992.42
1199345,11993.45
1199451,11994.51
1199557,11995.57
1199657,11996.57
1199761,11997.61
1199866,11998.66
1199969,11999.69
1200069,12000.69
1200174,12001.74
1200282,12002.82
1200384,12003.84
1200490,12004.9
1200596,12005.96
1200700,12007.0
1200798,12007.98
1200896,12008.96
1200997,12009.97
1201098,12010.98
1201195,12011.95
1201291,12012.91
1201392,12013.92
1201495,12014.95
1201594,12015.94
1201694,12016.94
1201798,12017.98
1201899,12018.99
1201997,12019.97
1202098,12020.98
1202198,12021.98
1202293,12022.93
1202389,12023.89
1202489,12024.89
1202596,12025.96
1202697,12026.97
1202797,12027.97
1202901,12029.01
1203005,12030.05
1203106,12031.06
1203210,12032.1
1203318,12033.18
1203422,12034.22
1203521,12035.21
1203619,12036.19
1203718,12037.18
1203815,12038.15
1203909,12039.09
1204007,12040.07
1204108,12041.08
1204204,12042.04
1204300,12043.0
1204398,12043.98
1204498,12044.98
1204595,12045.95
1204693,12046.93
1204795,12047.95
1204895,12048.95
1204994,12049.94
1205096,12050.96
1205195,12051.95
1205291,12052.91
1205390,12053.9
1205488,12054.88
1205584,12055.84
1205677,12056.77
1205776,12057.76
1205880,12058.8
1205979,12059.79
1206077,12060.77
1206179,12061.79
1206285,12062.85
1206386,12063.86
1206488,12064.88
1206595,12065.95
1206700,12067.0
1206806,12068.06
1206910,12069.1
1207013,12070.13
1207112,12071.12
1207213,12072.13
1207320,12073.2
1207425,12074.25
1207526,12075.26
1207632,12076.32
1207740,12077.4
1207843,12078.43
1207943,12079.43
1208044,12080.44
1208148,12081.48
1208247,12082.47
1208345,12083.45
1208445,12084.45
1208545,12085.45
1208641,12086.41
1208741,12087.41
1208842,12088.42
1208941,12089.41
1209038,12090.38
1209137,12091.37
1209240,12092.4
1209342,12093.42
1209442,12094.42
1209547,12095.47
1209653,12096.53
1209752,12097.52
1209849,12098.49
1209947,12099.47
1210046,12100.46
1210145,12101.45
1210248,12102.48
1210355,12103.55
1210461,12104.61
1210562,12105.62
1210670,12106.7
1210772,12107.72
1210870,12108.7
1210970,12109.7
1211076,12110.76
1211184,12111.84
1211285,12112.85
1211387,12113.87
1211494,12114.94
1211599,12115.99
1211704,12117.04
1211810,12118.1
1211915,12119.15
1212014,12120.14
1212115,12121.15
1212217,12122.17
1212318,12123.18
1212412,12124.12
1212507,12125.07
1212604,12126.04
1212703,12127.03
1212797,12127.97
1212891,12128.91
1212989,12129.89
1213091,12130.91
1213191,12131.91
1213288,12132.88
1213386,12133.86
1213487,12134.87
1213585,12135.85
1213686,12136.86
1213790,12137.9
1213896,12138.96
1213997,12139.97
1214102,12141.02
1214208,12142.08
1214309,12143.09
1214409,12144.09
1214512,12145.12
1214617,12146.17
1214719,12147.19
1214823,12148.23
1214929,12149.29
1215034,12150.34
1215131,12151.31
1215229,12152.29
1215332,12153.32
1215436,12154.36
1215534,12155.34
1215636,12156.36
1215740,12157.4
1215843,12158.43
1215945,12159.45
1216050,12160.5
1216151,12161.51
1216249,12162.49
1216349,12163.49
1216450,12164.5
1216548,12165.48
1216645,12166.45
1216744,12167.44
1216844,12168.44
1216944,12169.44
1217040,12170.4
1217139,12171.39
1217241,12172.41
1217339,12173.39
1217436,12174.36
1217538,12175.38
1217645,12176.45
1217747,12177.47
1217850,12178.5
1217960,12179.6
1218071,12180.71
1218175,12181.75
1218273,12182.73
1218372,12183.72
1218470,12184.7
1218569,12185.69
1218672,12186.72
1218778,12187.78
1218879,12188.79
1218980,12189.8
1219083,12190.83
1219183,12191.83
1219282,12192.82
1219385,12193.85
1219488,12194.88
1219589,12195.89
1219690,12196.9
1219798,12197.98
1219905,12199.05
1220004,12200.04
1220103,12201.03
1220201,12202.01
1220296,12202.96
1220387,12203.87
1220474,12204.74
1220560,12205.6
1220647,12206.47
1220746,12207.46
1220846,12208.46
1220939,12209.39
1221032,12210.32
1221138,12211.38
1221239,12212.39
1221335,12213.35
1221422,12214.22
1221508,12215.08
1221591,12215.91
1221672,12216.72
1221753,12217.53
1221833,12218.33
1221911,12219.11
1221988,12219.88
1222065,12220.65
1222140,12221.4
1222223,12222.23
1222307,12223.07
1222370,12223.7
1222434,12224.34
1222510,12225.1
1222582,12225.82
1222652,12226.52
1222722,12227.22
1222792,12227.92
1222861,12228.61
1222930,12229.3
1222999,12229.99
1223067,12230.67
1223136,12231.36
1223207,12232.07
1223277,12232.77
1223349,12233.49
1223422,12234.22
1223498,12234.98
1223575,12235.75
1223659,12236.59
1223749,12237.49
1223835,12238.35
1223919,12239.19
1224004,12240.04
1224094,12240.94
1224188,12241.88
1224285,12242.85
1224384,12243.84
1224487,12244.87
1224592,12245.92
1224698,12246.98
1224810,12248.1
1224920,12249.2
1225028,12250.28
1225136,12251.36
1225247,12252.47
1225354,12253.54
1225452,12254.52
1225550,12255.5
1225653,12256.53
1225765,12257.65
1225873,12258.73
1225982,12259.82
1226091,12260.91
1226201,12262.01
1226307,12263.07
1226420,12264.2
1226533,12265.33
1226643,12266.43
1226752,12267.52
1226865,12268.65
1226976,12269.76
1227089,12270.89
1227198,12271.98
1227306,12273.06
1227414,12274.14
1227522,12275.22
1227626,12276.26
1227730,12277.3
1227833,12278.33
1227940,12279.4
1228046,12280.46
1228153,12281.53
1228257,12282.57
1228355,12283.55
1228446,12284.46
1228535,12285.35
1228619,12286.19
1228701,12287.01
1228790,12287.9
1228906,12289.06
1229030,12290.3
1229160,12291.6
1229277,12292.77
1229389,12293.89
1229494,12294.94
1229593,12295.93
1229688,12296.88
1229781,12297.81
1229874,12298.74
1229974,12299.74
1230076,12300.76
1230196,12301.96
1230314,12303.14
1230427,12304.27
1230541,12305.41
1230649,12306.49
1230758,12307.58
1230864,12308.64
1230977,12309.77
1231095,12310.95
1231215,12312.15
1231329,12313.29
1231449,12314.49
1231567,12315.67
1231680,12316.8
1231792,12317.92
1231904,12319.04
1232009,12320.09
1232114,12321.14
1232223,12322.23
1232335,12323.35
1232445,12324.45
1232558,12325.58
1232667,12326.67
1232771,12327.71
1232878,12328.78
1232989,12329.89
1233094,12330.94
1233199,12331.99
1233309,12333.09
1233420,12334.2
1233526,12335.26
1233637,12336.37
1233745,12337.45
1233849,12338.49
1233949,12339.49
1234053,12340.53
1234161,12341.61
1234259,12342.59
1234352,12343.52
1234444,12344.44
1234534,12345.34
1234627,12346.27
1234721,12347.21
1234817,12348.17
1234920,12349.2
1235029,12350.29
1235147,12351.47
1235269,12352.69
1235385,12353.85
1235502,12355.02
1235615,12356.15
1235722,12357.22
1235829,12358.29
1235933,12359.33
1236036,12360.36
1236137,12361.37
1236242,12362.42
1236350,12363.5
1236457,12364.57
1236564,12365.64
1236675,12366.75
1236786,12367.86
1236892,12368.92
1237003,12370.03
1237117,12371.17
1237219,12372.19
1237315,12373.15
1237408,12374.08
1237496,12374.96
1237585,12375.85
1237684,12376.84
1237784,12377.84
1237890,12378.9
1238013,12380.13
1238136,12381.36
1238253,12382.53
1238369,12383.69
1238481,12384.81
1238586,12385.86
1238689,12386.89
1238793,12387.93
1238902,12389.02
1239007,12390.07
1239113,12391.13
1239218,12392.18
1239318,12393.18
1239419,12394.19
1239519,12395.19
1239618,12396.18
1239721,12397.21
1239832,12398.32
1239943,12399.43
1240043,12400.43
1240137,12401.37
1240230,12402.3
1240326,12403.26
1240424,12404.24
1240523,12405.23
1240621,12406.21
1240722,12407.22
1240836,12408.36
1240958,12409.58
1241079,12410.79
1241195,12411.95
1241313,12413.13
1241424,12414.24
1241534,12415.34
1241644,12416.44
1241753,12417.53
1241866,12418.66
1241984,12419.84
1242096,12420.96
1242202,12422.02
1242311,12423.11
1242418,12424.18
1242525,12425.25
1242628,12426.28
1242737,12427.37
1242846,12428.46
1242950,12429.5
1243060,12430.6
1243173,12431.73
1243281,12432.81
1243390,12433.9
1243500,12435.0
1243611,12436.11
1243715,12437.15
1243825,12438.25
1243937,12439.37
1244046,12440.46
1244159,12441.59
1244273,12442.73
1244373,12443.73
1244465,12444.65
1244557,12445.57
1244654,12446.54
1244756,12447.56
1244876,12448.76
1245008,12450.08
1245133,12451.33
1245252,12452.52
1245372,12453.72
1245489,12454.89
1245599,12455.99
1245707,12457.07
1245815,12458.15
1245918,12459.18
1246021,12460.21
1246125,12461.25
1246229,12462.29
1246330,12463.3
1246433,12464.33
1246541,12465.41
1246649,12466.49
1246754,12467.54
1246863,12468.63
1246972,12469.72
1247079,12470.79
1247185,12471.85
1247290,12472.9
1247388,12473.88
1247481,12474.81
1247575,12475.75
1247673,12476.73
1247766,12477.66
1247860,12478.6
1247954,12479.54
1248054,12480.54
1248156,12481.56
1248265,12482.65
1248379,12483.79
1248493,12484.93
1248612,12486.12
1248729,12487.29
1248841,12488.41
1248954,12489.54
1249061,12490.61
1249165,12491.65
1249270,12492.7
1249372,12493.72
1249472,12494.72
1249576,12495.76
1249683,12496.83
1249789,12497.89
1249899,12498.99
1250013,12500.13
1250122,12501.22
1250227,12502.27
1250335,12503.35
1250449,12504.49
1250559,12505.59
1250668,12506.68
1250781,12507.81
1250897,12508.97
1251004,12510.04
1251108,12511.08
1251213,12512.13
1251316,12513.16
1251417,12514.17
1251521,12515.21
1251625,12516.25
1251723,12517.23
1251819,12518.19
1251916,12519.16
1252019,12520.19
1252126,12521.26
1252247,12522.47
1252371,12523.71
1252493,12524.93
1252620,12526.2
1252740,12527.4
1252849,12528.49
1252957,12529.57
1253063,12530.63
1253164,12531.64
1253268,12532.68
1253372,12533.72
1253474,12534.74
1253580,12535.8
1253690,12536.9
1253796,12537.96
1253905,12539.05
1254012,12540.12
1254117,12541.17
1254220,12542.2
1254322,12543.22
1254423,12544.23
1254521,12545.21
1254614,12546.14
1254706,12547.06
1254799,12547.99
1254892,12548.92
1254998,12549.98
1255121,12551.21
1255244,12552.44
1255368,12553.68
1255488,12554.88
1255605,12556.05
1255721,12557.21
1255832,12558.32
1255940,12559.4
1256050,12560.5
1256156,12561.56
1256266,12562.66
1256376,12563.76
1256484,12564.84
1256582,12565.82
1256679,12566.79
1256775,12567.75
1256873,12568.73
1256985,12569.85
1257111,12571.11
1257231,12572.31
1257351,12573.51
1257477,12574.77
1257600,12576.0
1257715,12577.15
1257828,12578.28
1257940,12579.4
1258047,12580.47
1258152,12581.52
1258262,12582.62
1258365,12583.65
1258465,12584.65
1258560,12585.6
1258654,12586.54
1258744,12587.44
1258834,12588.34
1258927,12589.27
1259029,12590.29
1259140,12591.4
1259269,12592.69
1259396,12593.96
1259515,12595.15
1259634,12596.34
1259749,12597.49
1259858,12598.58
1259963,12599.63
1260067,12600.67
1260172,12601.72
1260273,12602.73
1260373,12603.73
1260476,12604.76
1260582,12605.82
1260688,12606.88
1260794,12607.94
1260906,12609.06
1261007,12610.07
1261104,12611.04
1261199,12611.99
1261302,12613.02
1261409,12614.09
1261519,12615.19
1261635,12616.35
1261756,12617.56
1261870,12618.7
1261981,12619.81
1262087,12620.87
1262187,12621.87
1262280,12622.8
1262371,12623.71
1262458,12624.58
1262548,12625.48
1262653,12626.53
1262775,12627.75
1262901,12629.01
1263019,12630.19
1263140,12631.4
1263261,12632.61
1263376,12633.76
1263486,12634.86
1263599,12635.99
1263714,12637.14
1263826,12638.26
1263933,12639.33
1264041,12640.41
1264144,12641.44
1264239,12642.39
1264329,12643.29
1264416,12644.16
1264507,12645.07
1264611,12646.11
1264723,12647.23
1264856,12648.56
1264990,12649.9
1265115,12651.15
1265238,12652.38
1265361,12653.61
1265473,12654.73
1265581,12655.81
1265689,12656.89
1265793,12657.93
1265898,12658.98
1266005,12660.05
1266106,12661.06
1266201,12662.01
1266297,12662.97
1266399,12663.99
1266508,12665.08
1266621,12666.21
1266740,12667.4
1266860,12668.6
1266973,12669.73
1267088,12670.88
1267201,12672.01
1267310,12673.1
1267418,12674.18
1267529,12675.29
1267629,12676.29
1267727,12677.27
1267827,12678.27
1267928,12679.28
1268028,12680.28
1268127,12681.27
1268237,12682.37
1268351,12683.51
1268462,12684.62
1268577,12685.77
1268689,12686.89
1268797,12687.97
1268905,12689.05
1269017,12690.17
1269125,12691.25
1269229,12692.29
1269334,12693.34
1269442,12694.42
1269542,12695.42
1269639,12696.39
1269734,12697.34
1269835,12698.35
1269941,12699.41
1270046,12700.46
1270160,12701.6
1270272,12702.72
1270379,12703.79
1270483,12704.83
1270591,12705.91
1270698,12706.98
1270805,12708.05
1270911,12709.11
1271019,12710.19
1271127,12711.27
1271233,12712.33
1271339,12713.39
1271449,12714.49
1271552,12715.52
1271651,12716.51
1271752,12717.52
1271858,12718.58
1271969,12719.69
1272079,12720.79
1272192,12721.92
1272306,12723.06
1272416,12724.16
1272522,12725.22
1272628,12726.28
1272732,12727.32
1272833,12728.33
1272934,12729.34
1273040,12730.4
1273144,12731.44
1273244,12732.44
1273346,12733.46
1273449,12734.49
1273547,12735.47
1273640,12736.4
1273731,12737.31
1273826,12738.26
1273928,12739.28
1274038,12740.38
1274160,12741.6
1274282,12742.82
1274399,12743.99
1274517,12745.17
1274631,12746.31
1274737,12747.37
1274836,12748.36
1274937,12749.37
1275038,12750.38
1275136,12751.36
1275237,12752.37
1275338,12753.38
1275435,12754.35
1275531,12755.31
1275627,12756.27
1275731,12757.31
1275841,12758.41
1275953,12759.53
1276069,12760.69
1276183,12761.83
1276289,12762.89
1276391,12763.91
1276490,12764.9
1276591,12765.91
1276694,12766.94
1276799,12767.99
1276915,12769.15
1277032,12770.32
1277144,12771.44
1277256,12772.56
1277370,12773.7
1277483,12774.83
1277588,12775.88
1277691,12776.91
1277797,12777.97
1277906,12779.06
1278014,12780.14
1278125,12781.25
1278235,12782.35
1278339,12783.39
1278442,12784.42
1278548,12785.48
1278654,12786.54
1278758,12787.58
1278864,12788.64
1278973,12789.73
1279080,12790.8
1279181,12791.81
1279287,12792.87
1279393,12793.93
1279495,12794.95
1279599,12795.99
1279702,12797.02
1279804,12798.04
1279903,12799.03
1280002,12800.02
1280102,12801.02
1280204,12802.04
1280307,12803.07
1280415,12804.15
1280522,12805.22
1280628,12806.28
1280729,12807.29
1280833,12808.33
1280938,12809.38
1281041,12810.41
1281143,12811.43
1281249,12812.49
1281356,12813.56
1281463,12814.63
1281571,12815.71
1281682,12816.82
1281788,12817.88
1281891,12818.91
1281996,12819.96
1282100,12821.0
1282205,12822.05
1282306,12823.06
1282412,12824.12
1282522,12825.22
1282630,12826.3
1282738,12827.38
1282848,12828.48
1282954,12829.54
1283060,12830.6
1283173,12831.73
1283286,12832.86
1283393,12833.93
1283501,12835.01
1283609,12836.09
1283716,12837.16
1283820,12838.2
1283926,12839.26
1284032,12840.32
1284135,12841.35
1284237,12842.37
1284342,12843.42
1284448,12844.48
1284551,12845.51
1284655,12846.55
1284761,12847.61
1284866,12848.66
1284970,12849.7
1285076,12850.76
1285182,12851.82
1285286,12852.86
1285386,12853.86
1285487,12854.87
1285591,12855.91
1285692,12856.92
1285799,12857.99
1285917,12859.17
1286028,12860.28
1286137,12861.37
1286249,12862.49
1286359,12863.59
1286463,12864.63
1286565,12865.65
1286665,12866.65
1286762,12867.62
1286862,12868.62
1286958,12869.58
1287057,12870.57
1287157,12871.57
1287256,12872.56
1287356,12873.56
1287454,12874.54
1287549,12875.49
1287643,12876.43
1287743,12877.43
1287851,12878.51
1287963,12879.63
1288076,12880.76
1288197,12881.97
1288314,12883.14
1288427,12884.27
1288540,12885.4
1288664,12886.64
1288798,12887.98
1288924,12889.24
1289039,12890.39
1289142,12891.42
1289241,12892.41
1289336,12893.36
1289435,12894.35
1289539,12895.39
1289635,12896.35
1289768,12897.68
1289901,12899.01
1290036,12900.36
1290163,12901.63
1290282,12902.82
1290402,12904.02
1290521,12905.21
1290632,12906.32
1290739,12907.39
1290843,12908.43
1290943,12909.43
1291039,12910.39
1291136,12911.36
1291237,12912.37
1291341,12913.41
1291446,12914.46
1291557,12915.57
1291669,12916.69
1291777,12917.77
1291882,12918.82
1291989,12919.89
1292102,12921.02
1292224,12922.24
1292321,12923.21
1292418,12924.18
1292501,12925.01
1292585,12925.85
1292655,12926.55
1292723,12927.23
1292792,12927.92
1292860,12928.6
1292929,12929.29
1293008,12930.08
1293091,12930.91
1293169,12931.69
1293249,12932.49
1293337,12933.37
1293427,12934.27
1293517,12935.17
1293606,12936.06
1293692,12936.92
1293780,12937.8
1293870,12938.7
1293964,12939.64
1294064,12940.64
1294165,12941.65
1294273,12942.73
1294385,12943.85
1294497,12944.97
1294610,12946.1
1294728,12947.28
1294843,12948.43
1294954,12949.54
1295065,12950.65
1295175,12951.75
1295280,12952.8
1295383,12953.83
1295488,12954.88
1295594,12955.94
1295698,12956.98
1295802,12958.02
1295911,12959.11
1296030,12960.3
1296145,12961.45
1296254,12962.54
1296368,12963.68
1296481,12964.81
1296588,12965.88
1296693,12966.93
1296801,12968.01
1296908,12969.08
1297012,12970.12
1297114,12971.14
1297218,12972.18
1297323,12973.23
1297426,12974.26
1297530,12975.3
1297640,12976.4
1297749,12977.49
1297860,12978.6
1297973,12979.73
1298085,12980.85
1298194,12981.94
1298303,12983.03
1298412,12984.12
1298517,12985.17
1298622,12986.22
1298729,12987.29
1298835,12988.35
1298940,12989.4
1299047,12990.47
1299152,12991.52
1299255,12992.55
1299357,12993.57
1299458,12994.58
1299556,12995.56
1299653,12996.53
1299756,12997.56
1299859,12998.59
1299956,12999.56
1300050,13000.5
1300144,13001.44
1300239,13002.39
1300336,13003.36
1300437,13004.37
1300540,13005.4
1300645,13006.45
1300748,13007.48
1300849,13008.49
1300947,13009.47
1301046,13010.46
1301140,13011.4
1301230,13012.3
1301316,13013.16
1301398,13013.98
1301482,13014.82
1301562,13015.62
1301641,13016.41
1301718,13017.18
1301795,13017.95
1301863,13018.63
1301932,13019.32
1302015,13020.15
1302099,13020.99
1302172,13021.72
1302245,13022.45
1302314,13023.14
1302384,13023.84
1302458,13024.58
1302528,13025.28
1302596,13025.96
1302664,13026.64
1302732,13027.32
1302800,13028.0
1302863,13028.63
1302927,13029.27
1303001,13030.01
1303070,13030.7
1303137,13031.37
1303207,13032.07
1303280,13032.8
1303353,13033.53
1303428,13034.28
1303506,13035.06
1303584,13035.84
1303663,13036.63
1303740,13037.4
1303817,13038.17
1303895,13038.95
1303973,13039.73
1304053,13040.53
1304135,13041.35
1304219,13042.19
1304303,13043.03
1304385,13043.85
1304469,13044.69
1304551,13045.51
1304636,13046.36
1304724,13047.24
1304815,13048.15
1304904,13049.04
1304989,13049.89
1305078,13050.78
1305168,13051.68
1305260,13052.6
1305350,13053.5
1305446,13054.46
1305548,13055.48
1305650,13056.5
1305751,13057.51
1305857,13058.57
1305964,13059.64
1306065,13060.65
1306158,13061.58
1306252,13062.52
1306348,13063.48
1306449,13064.49
1306549,13065.49
1306658,13066.58
1306765,13067.65
1306866,13068.66
1306964,13069.64
1307063,13070.63
1307162,13071.62
1307260,13072.6
1307354,13073.54
1307448,13074.48
1307544,13075.44
1307642,13076.42
1307737,13077.37
1307835,13078.35
1307933,13079.33
1308032,13080.32
1308129,13081.29
1308225,13082.25
1308321,13083.21
1308412,13084.12
1308503,13085.03
1308595,13085.95
1308686,13086.86
1308782,13087.82
1308883,13088.83
1308984,13089.84
1309081,13090.81
1309173,13091.73
1309263,13092.63
1309351,13093.51
1309440,13094.4
1309529,13095.29
1309614,13096.14
1309700,13097.0
1309779,13097.79
1309858,13098.58
1309948,13099.48
1310031,13100.31
1310113,13101.13
1310193,13101.93
1310274,13102.74
1310356,13103.56
1310437,13104.37
1310518,13105.18
1310604,13106.04
1310693,13106.93
1310789,13107.89
1310888,13108.88
1310985,13109.85
1311090,13110.9
1311195,13111.95
1311300,13113.0
1311403,13114.03
1311510,13115.1
1311617,13116.17
1311721,13117.21
1311829,13118.29
1311937,13119.37
1312047,13120.47
1312152,13121.52
1312261,13122.61
1312369,13123.69
1312475,13124.75
1312579,13125.79
1312688,13126.88
1312798,13127.98
1312903,13129.03
1313000,13130.0
1313094,13130.94
1313191,13131.91
1313295,13132.95
1313395,13133.95
1313506,13135.06
1313617,13136.17
1313725,13137.25
1313827,13138.27
1313932,13139.32
1314037,13140.37
1314142,13141.42
1314242,13142.42
1314338,13143.38
1314435,13144.35
1314534,13145.34
1314630,13146.3
1314731,13147.31
1314833,13148.33
1314938,13149.38
1315037,13150.37
1315131,13151.31
1315224,13152.24
1315316,13153.16
1315406,13154.06
1315499,13154.99
1315598,13155.98
1315699,13156.99
1315797,13157.97
1315899,13158.99
1316007,13160.07
1316108,13161.08
1316209,13162.09
1316312,13163.12
1316415,13164.15
1316513,13165.13
1316611,13166.11
1316710,13167.1
1316813,13168.13
1316914,13169.14
1317012,13170.12
1317109,13171.09
1317209,13172.09
1317313,13173.13
1317413,13174.13
1317517,13175.17
1317625,13176.25
1317729,13177.29
1317834,13178.34
1317937,13179.37
1318036,13180.36
1318130,13181.3
1318226,13182.26
1318321,13183.21
1318420,13184.2
1318513,13185.13
1318609,13186.09
1318707,13187.07
1318805,13188.05
1318899,13188.99
1318990,13189.9
1319081,13190.81
1319175,13191.75
1319268,13192.68
1319365,13193.65
1319474,13194.74
1319589,13195.89
1319700,13197.0
1319814,13198.14
1319929,13199.29
1320038,13200.38
1320149,13201.49
1320257,13202.57
1320365,13203.65
1320465,13204.65
1320566,13205.66
1320670,13206.7
1320772,13207.72
1320879,13208.79
1320986,13209.86
1321090,13210.9
1321190,13211.9
1321295,13212.95
1321397,13213.97
1321497,13214.97
1321591,13215.91
1321687,13216.87
1321792,13217.92
1321903,13219.03
1322026,13220.26
1322154,13221.54
1322276,13222.76
1322393,13223.93
1322507,13225.07
1322617,13226.17
1322719,13227.19
1322818,13228.18
1322916,13229.16
1323016,13230.16
1323113,13231.13
1323214,13232.14
1323313,13233.13
1323411,13234.11
1323505,13235.05
1323600,13236.0
1323691,13236.91
1323779,13237.79
1323862,13238.62
1323942,13239.42
1324022,13240.22
1324105,13241.05
1324196,13241.96
1324305,13243.05
1324425,13244.25
1324543,13245.43
1324663,13246.63
1324780,13247.8
1324891,13248.91
1324993,13249.93
1325094,13250.94
1325198,13251.98
1325297,13252.97
1325399,13253.99
1325507,13255.07
1325620,13256.2
1325732,13257.32
1325845,13258.45
1325956,13259.56
1326062,13260.62
1326170,13261.7
1326276,13262.76
1326378,13263.78
1326477,13264.77
1326577,13265.77
1326684,13266.84
1326794,13267.94
1326902,13269.02
1327010,13270.1
1327121,13271.21
1327228,13272.28
1327327,13273.27
1327428,13274.28
1327528,13275.28
1327624,13276.24
1327720,13277.2
1327821,13278.21
1327922,13279.22
1328023,13280.23
1328122,13281.22
1328226,13282.26
1328330,13283.3
1328431,13284.31
1328532,13285.32
1328632,13286.32
1328734,13287.34
1328832,13288.32
1328926,13289.26
1329023,13290.23
1329127,13291.27
1329228,13292.28
1329325,13293.25
1329423,13294.23
1329525,13295.25
1329626,13296.26
1329724,13297.24
1329824,13298.24
1329925,13299.25
1330024,13300.24
1330121,13301.21
1330224,13302.24
1330329,13303.29
1330428,13304.28
1330527,13305.27
1330627,13306.27
1330733,13307.33
1330839,13308.39
1330952,13309.52
1331057,13310.57
1331156,13311.56
1331257,13312.57
1331365,13313.65
1331474,13314.74
1331591,13315.91
1331709,13317.09
1331824,13318.24
1331936,13319.36
1332047,13320.47
1332152,13321.52
1332251,13322.51
1332353,13323.53
1332450,13324.5
1332544,13325.44
1332641,13326.41
1332741,13327.41
1332848,13328.48
1332957,13329.57
1333063,13330.63
1333167,13331.67
1333270,13332.7
1333369,13333.69
1333466,13334.66
1333563,13335.63
1333664,13336.64
1333765,13337.65
1333867,13338.67
1333970,13339.7
1334067,13340.67
1334168,13341.68
1334271,13342.71
1334372,13343.72
1334470,13344.7
1334570,13345.7
1334676,13346.76
1334777,13347.77
1334876,13348.76
1334977,13349.77
1335089,13350.89
1335209,13352.09
1335322,13353.22
1335441,13354.41
1335553,13355.53
1335675,13356.75
1335804,13358.04
1335928,13359.28
1336053,13360.53
1336177,13361.77
1336298,13362.98
1336421,13364.21
1336549,13365.49
1336677,13366.77
1336799,13367.99
1336918,13369.18
1337036,13370.36
1337151,13371.51
1337260,13372.6
1337367,13373.67
1337472,13374.72
1337570,13375.7
1337668,13376.68
1337766,13377.66
1337863,13378.63
1337956,13379.56
1338050,13380.5
1338142,13381.42
1338232,13382.32
1338321,13383.21
1338409,13384.09
1338498,13384.98
1338584,13385.84
1338669,13386.69
1338755,13387.55
1338840,13388.4
1338927,13389.27
1339013,13390.13
1339101,13391.01
1339190,13391.9
1339281,13392.81
1339369,13393.69
1339456,13394.56
1339544,13395.44
1339631,13396.31
1339717,13397.17
1339805,13398.05
1339896,13398.96
1339993,13399.93
1340091,13400.91
1340188,13401.88
1340286,13402.86
1340378,13403.78
1340470,13404.7
1340558,13405.58
1340648,13406.48
1340740,13407.4
1340834,13408.34
1340930,13409.3
1341027,13410.27
1341126,13411.26
1341225,13412.25
1341320,13413.2
1341410,13414.1
1341499,13414.99
1341584,13415.84
1341668,13416.68
1341750,13417.5
1341832,13418.32
1341913,13419.13
1341994,13419.94
1342076,13420.76
1342179,13421.79
1342280,13422.8
1342391,13423.91
1342501,13425.01
1342612,13426.12
1342718,13427.18
1342819,13428.19
1342913,13429.13
1343007,13430.07
1343101,13431.01
1343196,13431.96
1343288,13432.88
1343381,13433.81
1343476,13434.76
1343575,13435.75
1343675,13436.75
1343771,13437.71
1343867,13438.67
1343961,13439.61
1344054,13440.54
1344143,13441.43
1344230,13442.3
1344320,13443.2
1344415,13444.15
1344509,13445.09
1344614,13446.14
1344728,13447.28
1344845,13448.45
1344963,13449.63
1345082,13450.82
1345204,13452.04
1345324,13453.24
1345442,13454.42
1345565,13455.65
1345678,13456.78
1345789,13457.89
1345901,13459.01
1346011,13460.11
1346118,13461.18
1346226,13462.26
1346330,13463.3
1346432,13464.32
1346531,13465.31
1346627,13466.27
1346721,13467.21
1346817,13468.17
1346914,13469.14
1347008,13470.08
1347101,13471.01
1347193,13471.93
1347284,13472.84
1347375,13473.75
1347463,13474.63
1347552,13475.52
1347638,13476.38
1347724,13477.24
1347809,13478.09
1347892,13478.92
1347977,13479.77
1348063,13480.63
1348150,13481.5
1348236,13482.36
1348323,13483.23
1348411,13484.11
1348498,13484.98
1348585,13485.85
1348669,13486.69
1348756,13487.56
1348842,13488.42
1348930,13489.3
1349017,13490.17
1349104,13491.04
1349193,13491.93
1349282,13492.82
1349372,13493.72
1349460,13494.6
1349550,13495.5
1349641,13496.41
1349732,13497.32
1349820,13498.2
1349908,13499.08
1349997,13499.97
1350086,13500.86
1350179,13501.79
1350273,13502.73
1350369,13503.69
1350471,13504.71
1350579,13505.79
1350692,13506.92
1350805,13508.05
1350910,13509.1
1351014,13510.14
1351115,13511.15
1351212,13512.12
1351311,13513.11
1351411,13514.11
1351508,13515.08
1351608,13516.08
1351709,13517.09
1351809,13518.09
1351906,13519.06
1352001,13520.01
1352095,13520.95
1352188,13521.88
1352278,13522.78
1352370,13523.7
1352462,13524.62
1352552,13525.52
1352645,13526.45
1352737,13527.37
1352828,13528.28
1352920,13529.2
1353014,13530.14
1353109,13531.09
1353209,13532.09
1353313,13533.13
1353408,13534.08
1353497,13534.97
1353585,13535.85
1353673,13536.73
1353764,13537.64
1353865,13538.65
1353968,13539.68
1354067,13540.67
1354163,13541.63
1354261,13542.61
1354360,13543.6
1354453,13544.53
1354544,13545.44
1354633,13546.33
1354722,13547.22
1354808,13548.08
1354895,13548.95
1354981,13549.81
1355067,13550.67
1355151,13551.51
1355238,13552.38
1355325,13553.25
1355412,13554.12
1355498,13554.98
1355587,13555.87
1355676,13556.76
1355765,13557.65
1355851,13558.51
1355939,13559.39
1356026,13560.26
1356114,13561.14
1356201,13562.01
1356287,13562.87
1356372,13563.72
1356457,13564.57
1356541,13565.41
1356625,13566.25
1356709,13567.09
1356793,13567.93
1356878,13568.78
1356961,13569.61
1357045,13570.45
1357129,13571.29
1357214,13572.14
1357302,13573.02
1357394,13573.94
1357493,13574.93
1357595,13575.95
1357694,13576.94
1357792,13577.92
1357890,13578.9
1357987,13579.87
1358083,13580.83
1358176,13581.76
1358269,13582.69
1358362,13583.62
1358455,13584.55
1358547,13585.47
1358640,13586.4
1358733,13587.33
1358826,13588.26
1358917,13589.17
1359008,13590.08
1359102,13591.02
1359200,13592.0
1359299,13592.99
1359393,13593.93
1359489,13594.89
1359585,13595.85
1359679,13596.79
1359769,13597.69
1359859,13598.59
1359948,13599.48
1360036,13600.36
1360123,13601.23
1360211,13602.11
1360301,13603.01
1360389,13603.89
1360478,13604.78
1360568,13605.68
1360660,13606.6
1360757,13607.57
1360857,13608.57
1360958,13609.58
1361060,13610.6
1361156,13611.56
1361251,13612.51
1361345,13613.45
1361441,13614.41
1361537,13615.37
1361631,13616.31
1361728,13617.28
1361824,13618.24
1361923,13619.23
1362017,13620.17
1362113,13621.13
1362210,13622.1
1362308,13623.08
1362415,13624.15
1362540,13625.4
1362665,13626.65
1362787,13627.87
1362910,13629.1
1363033,13630.33
1363160,13631.6
1363276,13632.76
1363387,13633.87
1363492,13634.92
1363599,13635.99
1363709,13637.09
1363814,13638.14
1363916,13639.16
1364018,13640.18
1364117,13641.17
1364210,13642.1
1364302,13643.02
1364391,13643.91
1364480,13644.8
1364566,13645.66
1364652,13646.52
1364736,13647.36
1364821,13648.21
1364907,13649.07
1364992,13649.92
1365079,13650.79
1365167,13651.67
1365257,13652.57
1365346,13653.46
1365435,13654.35
1365525,13655.25
1365617,13656.17
1365714,13657.14
1365807,13658.07
1365901,13659.01
1365996,13659.96
1366087,13660.87
1366175,13661.75
1366266,13662.66
1366357,13663.57
1366448,13664.48
1366538,13665.38
1366629,13666.29
1366720,13667.2
1366812,13668.12
1366905,13669.05
1366996,13669.96
1367089,13670.89
1367179,13671.79
1367270,13672.7
1367360,13673.6
1367449,13674.49
1367537,13675.37
1367626,13676.26
1367715,13677.15
1367803,13678.03
1367894,13678.94
1367987,13679.87
1368082,13680.82
1368176,13681.76
1368273,13682.73
1368372,13683.72
1368466,13684.66
1368559,13685.59
1368652,13686.52
1368743,13687.43
1368834,13688.34
1368928,13689.28
1369026,13690.26
1369123,13691.23
1369220,13692.2
1369320,13693.2
1369420,13694.2
1369523,13695.23
1369626,13696.26
1369725,13697.25
1369825,13698.25
1369923,13699.23
1370020,13700.2
1370116,13701.16
1370213,13702.13
1370310,13703.1
1370407,13704.07
1370500,13705.0
1370594,13705.94
1370686,13706.86
1370776,13707.76
1370862,13708.62
1370947,13709.47
1371030,13710.3
1371113,13711.13
1371199,13711.99
1371287,13712.87
1371377,13713.77
1371471,13714.71
1371570,13715.7
1371667,13716.67
1371763,13717.63
1371858,13718.58
1371953,13719.53
1372044,13720.44
1372136,13721.36
1372226,13722.26
1372317,13723.17
1372409,13724.09
1372498,13724.98
1372589,13725.89
1372683,13726.83
1372776,13727.76
1372867,13728.67
1372958,13729.58
1373048,13730.48
1373139,13731.39
1373230,13732.3
1373321,13733.21
1373414,13734.14
1373507,13735.07
1373600,13736.0
1373695,13736.95
1373792,13737.92
1373887,13738.87
1373984,13739.84
1374080,13740.8
1374177,13741.77
1374270,13742.7
1374364,13743.64
1374456,13744.56
1374547,13745.47
1374635,13746.35
1374721,13747.21
1374807,13748.07
1374890,13748.9
1374973,13749.73
1375059,13750.59
1375153,13751.53
1375253,13752.53
1375355,13753.55
1375459,13754.59
1375567,13755.67
1375668,13756.68
1375769,13757.69
1375866,13758.66
1375959,13759.59
1376050,13760.5
1376138,13761.38
1376226,13762.26
1376315,13763.15
1376405,13764.05
1376493,13764.93
1376581,13765.81
1376670,13766.7
1376765,13767.65
1376860,13768.6
1376962,13769.62
1377067,13770.67
1377169,13771.69
1377272,13772.72
1377376,13773.76
1377476,13774.76
1377579,13775.79
1377685,13776.85
1377789,13777.89
1377899,13778.99
1378010,13780.1
1378118,13781.18
1378233,13782.33
1378349,13783.49
1378457,13784.57
1378571,13785.71
1378686,13786.86
1378801,13788.01
1378920,13789.2
1379034,13790.34
1379143,13791.43
1379247,13792.47
1379350,13793.5
1379451,13794.51
1379551,13795.51
1379651,13796.51
1379752,13797.52
1379854,13798.54
1379953,13799.53
1380050,13800.5
1380146,13801.46
1380240,13802.4
1380330,13803.3
1380419,13804.19
1380507,13805.07
1380594,13805.94
1380681,13806.81
1380770,13807.7
1380861,13808.61
1380954,13809.54
1381048,13810.48
1381145,13811.45
1381242,13812.42
1381336,13813.36
1381433,13814.33
1381528,13815.28
1381625,13816.25
1381722,13817.22
1381817,13818.17
1381912,13819.12
1382008,13820.08
1382104,13821.04
1382199,13821.99
1382294,13822.94
1382390,13823.9
1382488,13824.88
1382584,13825.84
1382680,13826.8
1382775,13827.75
1382868,13828.68
1382961,13829.61
1383052,13830.52
1383143,13831.43
1383231,13832.31
1383318,13833.18
1383405,13834.05
1383492,13834.92
1383577,13835.77
1383662,13836.62
1383745,13837.45
1383829,13838.29
1383911,13839.11
1383995,13839.95
1384079,13840.79
1384166,13841.66
1384255,13842.55
1384343,13843.43
1384431,13844.31
1384519,13845.19
1384604,13846.04
1384688,13846.88
1384773,13847.73
1384857,13848.57
1384941,13849.41
1385027,13850.27
1385111,13851.11
1385195,13851.95
1385280,13852.8
1385365,13853.65
1385449,13854.49
1385531,13855.31
1385615,13856.15
1385698,13856.98
1385781,13857.81
1385865,13858.65
1385951,13859.51
1386038,13860.38
1386127,13861.27
1386214,13862.14
1386302,13863.02
1386391,13863.91
1386479,13864.79
1386566,13865.66
1386654,13866.54
1386742,13867.42
1386828,13868.28
1386914,13869.14
1387002,13870.02
1387094,13870.94
1387184,13871.84
1387277,13872.77
1387372,13873.72
1387466,13874.66
1387558,13875.58
1387653,13876.53
1387750,13877.5
1387848,13878.48
1387953,13879.53
1388064,13880.64
1388180,13881.8
1388295,13882.95
1388403,13884.03
1388512,13885.12
1388618,13886.18
1388737,13887.37
1388856,13888.56
1388973,13889.73
1389087,13890.87
1389198,13891.98
1389311,13893.11
1389422,13894.22
1389530,13895.3
1389634,13896.34
1389737,13897.37
1389840,13898.4
1389939,13899.39
1390040,13900.4
1390138,13901.38
1390235,13902.35
1390337,13903.37
1390443,13904.43
1390553,13905.53
1390662,13906.62
1390764,13907.64
1390864,13908.64
1390963,13909.63
1391065,13910.65
1391169,13911.69
1391273,13912.73
1391376,13913.76
1391475,13914.75
1391570,13915.7
1391662,13916.62
1391753,13917.53
1391842,13918.42
1391929,13919.29
1392015,13920.15
1392099,13920.99
1392182,13921.82
1392263,13922.63
1392342,13923.42
1392421,13924.21
1392499,13924.99
1392575,13925.75
1392650,13926.5
1392724,13927.24
1392798,13927.98
1392871,13928.71
1392944,13929.44
1393016,13930.16
1393088,13930.88
1393160,13931.6
1393231,13932.31
1393303,13933.03
1393376,13933.76
1393449,13934.49
1393521,13935.21
1393596,13935.96
1393671,13936.71
1393748,13937.48
1393826,13938.26
1393905,13939.05
1393983,13939.83
1394061,13940.61
1394137,13941.37
1394215,13942.15
1394294,13942.94
1394375,13943.75
1394456,13944.56
1394538,13945.38
1394621,13946.21
1394704,13947.04
1394787,13947.87
1394872,13948.72
1394955,13949.55
1395039,13950.39
1395123,13951.23
1395208,13952.08
1395293,13952.93
1395376,13953.76
1395458,13954.58
1395540,13955.4
1395621,13956.21
1395702,13957.02
1395782,13957.82
1395864,13958.64
1395947,13959.47
1396029,13960.29
1396110,13961.1
1396191,13961.91
1396270,13962.7
1396351,13963.51
1396431,13964.31
1396511,13965.11
1396592,13965.92
1396673,13966.73
1396757,13967.57
1396841,13968.41
1396927,13969.27
1397015,13970.15
1397102,13971.02
1397189,13971.89
1397276,13972.76
1397362,13973.62
1397446,13974.46
1397531,13975.31
1397618,13976.18
1397708,13977.08
1397799,13977.99
1397888,13978.88
1397979,13979.79
1398069,13980.69
1398161,13981.61
1398252,13982.52
1398342,13983.42
1398429,13984.29
1398513,13985.13
1398598,13985.98
1398682,13986.82
1398766,13987.66
1398850,13988.5
1398933,13989.33
1399017,13990.17
1399100,13991.0
1399183,13991.83
1399266,13992.66
1399348,13993.48
1399432,13994.32
1399516,13995.16
1399599,13995.99
1399683,13996.83
1399767,13997.67
1399853,13998.53
1399939,13999.39
1400028,14000.28
1400115,14001.15
1400204,14002.04
1400294,14002.94
1400385,14003.85
1400475,14004.75
1400564,14005.64
1400652,14006.52
1400741,14007.41
1400830,14008.3
1400916,14009.16
1401003,14010.03
1401092,14010.92
1401182,14011.82
1401273,14012.73
1401361,14013.61
1401448,14014.48
1401535,14015.35
1401621,14016.21
1401708,14017.08
1401795,14017.95
1401883,14018.83
1401971,14019.71
1402061,14020.61
1402150,14021.5
1402237,14022.37
1402325,14023.25
1402412,14024.12
1402500,14025.0
1402588,14025.88
1402675,14026.75
1402762,14027.62
1402851,14028.51
1402940,14029.4
1403026,14030.26
1403111,14031.11
1403194,14031.94
1403276,14032.76
1403356,14033.56
1403437,14034.37
1403521,14035.21
1403608,14036.08
1403696,14036.96
1403782,14037.82
1403872,14038.72
1403963,14039.63
1404049,14040.49
1404134,14041.34
1404217,14042.17
1404299,14042.99
1404380,14043.8
1404459,14044.59
1404538,14045.38
1404613,14046.13
1404687,14046.87
1404761,14047.61
1404834,14048.34
1404906,14049.06
1404978,14049.78
1405049,14050.49
1405121,14051.21
1405193,14051.93
1405262,14052.62
1405331,14053.31
1405400,14054.0
1405471,14054.71
1405540,14055.4
1405612,14056.12
1405684,14056.84
1405757,14057.57
1405831,14058.31
1405904,14059.04
1405977,14059.77
1406049,14060.49
1406120,14061.2
1406190,14061.9
1406259,14062.59
1406327,14063.27
1406395,14063.95
1406464,14064.64
1406532,14065.32
1406603,14066.03
1406676,14066.76
1406753,14067.53
1406833,14068.33
1406913,14069.13
1406995,14069.95
1407078,14070.78
1407164,14071.64
1407249,14072.49
1407334,14073.34
1407423,14074.23
1407510,14075.1
1407595,14075.95
1407682,14076.82
1407769,14077.69
1407852,14078.52
1407935,14079.35
1408018,14080.18
1408107,14081.07
1408199,14081.99
1408300,14083.0
1408405,14084.05
1408507,14085.07
1408605,14086.05
1408703,14087.03
1408802,14088.02
1408905,14089.05
1409004,14090.04
1409104,14091.04
1409201,14092.01
1409301,14093.01
1409401,14094.01
1409507,14095.07
1409615,14096.15
1409720,14097.2
1409819,14098.19
1409919,14099.19
1410019,14100.19
1410120,14101.2
1410218,14102.18
1410318,14103.18
1410422,14104.22
1410521,14105.21
1410617,14106.17
1410712,14107.12
1410808,14108.08
1410899,14108.99
1410990,14109.9
1411080,14110.8
1411170,14111.7
1411260,14112.6
1411347,14113.47
1411435,14114.35
1411524,14115.24
1411615,14116.15
1411706,14117.06
1411797,14117.97
1411886,14118.86
1411974,14119.74
1412059,14120.59
1412143,14121.43
1412229,14122.29
1412317,14123.17
1412402,14124.02
1412484,14124.84
1412566,14125.66
1412646,14126.46
1412724,14127.24
1412802,14128.02
1412878,14128.78
1412954,14129.54
1413030,14130.3
1413104,14131.04
1413174,14131.74
1413250,14132.5
1413324,14133.24
1413397,14133.97
1413469,14134.69
1413542,14135.42
1413613,14136.13
1413683,14136.83
1413752,14137.52
1413823,14138.23
1413890,14138.9
1413959,14139.59
1414029,14140.29
1414100,14141.0
1414180,14141.8
1414274,14142.74
1414377,14143.77
1414479,14144.79
1414590,14145.9
1414697,14146.97
1414800,14148.0
1414893,14148.93
1414982,14149.82
1415068,14150.68
1415150,14151.5
1415229,14152.29
1415308,14153.08
1415388,14153.88
1415476,14154.76
1415568,14155.68
1415670,14156.7
1415779,14157.79
1415887,14158.87
1415986,14159.86
1416081,14160.81
1416177,14161.77
1416276,14162.76
1416376,14163.76
1416473,14164.73
1416572,14165.72
1416675,14166.75
1416778,14167.78
1416880,14168.8
1416984,14169.84
1417090,14170.9
1417190,14171.9
1417284,14172.84
1417378,14173.78
1417476,14174.76
1417582,14175.82
1417687,14176.87
1417796,14177.96
1417903,14179.03
1418006,14180.06
1418106,14181.06
1418206,14182.06
1418302,14183.02
1418396,14183.96
1418490,14184.9
1418584,14185.84
1418675,14186.75
1418764,14187.64
1418857,14188.57
1418951,14189.51
1419046,14190.46
1419138,14191.38
1419230,14192.3
1419323,14193.23
1419419,14194.19
1419514,14195.14
1419604,14196.04
1419689,14196.89
1419773,14197.73
1419855,14198.55
1419934,14199.34
1420014,14200.14
1420091,14200.91
1420178,14201.78
1420266,14202.66
1420328,14203.28
1420391,14203.91
1420475,14204.75
1420560,14205.6
1420638,14206.38
1420713,14207.13
1420787,14207.87
1420862,14208.62
1420936,14209.36
1421009,14210.09
1421082,14210.82
1421154,14211.54
1421226,14212.26
1421298,14212.98
1421372,14213.72
1421449,14214.49
1421530,14215.3
1421619,14216.19
1421711,14217.11
1421801,14218.01
1421891,14218.91
1421983,14219.83
1422080,14220.8
1422178,14221.78
1422266,14222.66
1422359,14223.59
1422445,14224.45
1422531,14225.31
1422624,14226.24
1422714,14227.14
1422817,14228.17
1422920,14229.2
1423002,14230.02
1423084,14230.84
1423179,14231.79
1423275,14232.75
1423361,14233.61
1423447,14234.47
1423531,14235.31
1423612,14236.12
1423694,14236.94
1423774,14237.74
1423857,14238.57
1423942,14239.42
1424035,14240.35
1424129,14241.29
1424221,14242.21
1424312,14243.12
1424402,14244.02
1424488,14244.88
1424571,14245.71
1424655,14246.55
1424736,14247.36
1424818,14248.18
1424901,14249.01
1424990,14249.9
1425085,14250.85
1425180,14251.8
1425272,14252.72
1425360,14253.6
1425448,14254.48
1425536,14255.36
1425624,14256.24
1425710,14257.1
1425793,14257.93
1425877,14258.77
1425960,14259.6
1426042,14260.42
1426124,14261.24
1426206,14262.06
1426287,14262.87
1426370,14263.7
1426454,14264.54
1426541,14265.41
1426629,14266.29
1426717,14267.17
1426803,14268.03
1426887,14268.87
1426970,14269.7
1427053,14270.53
1427135,14271.35
1427215,14272.15
1427293,14272.93
1427370,14273.7
1427446,14274.46
1427519,14275.19
1427592,14275.92
1427665,14276.65
1427737,14277.37
1427790,14277.9
1427843,14278.43
1427900,14279.0
1427956,14279.56
1428013,14280.13
1428084,14280.84
1428157,14281.57
1428219,14282.19
1428292,14282.92
1428366,14283.66
1428430,14284.3
1428519,14285.19
1428608,14286.08
1428683,14286.83
1428770,14287.7
1428845,14288.45
1428920,14289.2
1429001,14290.01
1429082,14290.82
1429140,14291.4
1429199,14291.99
1429258,14292.58
1429317,14293.17
1429391,14293.91
1429467,14294.67
1429531,14295.31
1429602,14296.02
1429683,14296.83
1429771,14297.71
1429849,14298.49
1429933,14299.33
1430001,14300.01
1430069,14300.69
1430144,14301.44
1430218,14302.18
1430291,14302.91
1430376,14303.76
1430441,14304.41
1430507,14305.07
1430579,14305.79
1430653,14306.53
1430730,14307.3
1430809,14308.09
1430892,14308.92
1430977,14309.77
1431063,14310.63
1431157,14311.57
1431254,14312.54
1431348,14313.48
1431439,14314.39
1431530,14315.3
1431622,14316.22
1431712,14317.12
1431800,14318.0
1431893,14318.93
1431987,14319.87
1432073,14320.73
1432155,14321.55
1432239,14322.39
1432320,14323.2
1432405,14324.05
1432488,14324.88
1432575,14325.75
1432662,14326.62
1432748,14327.48
1432832,14328.32
1432916,14329.16
1433005,14330.05
1433099,14330.99
1433194,14331.94
1433285,14332.85
1433381,14333.81
1433478,14334.78
1433576,14335.76
1433668,14336.68
1433764,14337.64
1433861,14338.61
1433960,14339.6
1434053,14340.53
1434143,14341.43
1434241,14342.41
1434339,14343.39
1434428,14344.28
1434516,14345.16
1434598,14345.98
1434664,14346.64
1434740,14347.4
1434815,14348.15
1434891,14348.91
1434965,14349.65
1435038,14350.38
1435109,14351.09
1435185,14351.85
1435261,14352.61
1435328,14353.28
1435407,14354.07
1435494,14354.94
1435589,14355.89
1435681,14356.81
1435772,14357.72
1435864,14358.64
1435954,14359.54
1436040,14360.4
1436131,14361.31
1436225,14362.25
1436320,14363.2
1436410,14364.1
1436501,14365.01
1436594,14365.94
1436687,14366.87
1436776,14367.76
1436859,14368.59
1436937,14369.37
1437014,14370.14
1437102,14371.02
1437175,14371.75
1437248,14372.48
1437343,14373.43
1437450,14374.5
1437562,14375.62
1437667,14376.67
1437772,14377.72
1437875,14378.75
1437973,14379.73
1438065,14380.65
1438160,14381.6
1438258,14382.58
1438362,14383.62
1438461,14384.61
1438561,14385.61
1438671,14386.71
1438786,14387.86
1438891,14388.91
1438990,14389.9
1439091,14390.91
1439192,14391.92
1439297,14392.97
1439395,14393.95
1439493,14394.93
1439596,14395.96
1439702,14397.02
1439802,14398.02
1439896,14398.96
1439989,14399.89
1440086,14400.86
1440190,14401.9
1440294,14402.94
1440392,14403.92
1440492,14404.92
1440592,14405.92
1440690,14406.9
1440782,14407.82
1440876,14408.76
1440971,14409.71
1441069,14410.69
1441161,14411.61
1441255,14412.55
1441349,14413.49
1441444,14414.44
1441534,14415.34
1441631,14416.31
1441734,14417.34
1441839,14418.39
1441940,14419.4
1442038,14420.38
1442137,14421.37
1442236,14422.36
1442332,14423.32
1442429,14424.29
1442527,14425.27
1442625,14426.25
1442720,14427.2
1442811,14428.11
1442910,14429.1
1443015,14430.15
1443118,14431.18
1443219,14432.19
1443321,14433.21
1443422,14434.22
1443518,14435.18
1443609,14436.09
1443701,14437.01
1443788,14437.88
1443870,14438.7
1443949,14439.49
1444029,14440.29
1444118,14441.18
1444210,14442.1
1444312,14443.12
1444418,14444.18
1444535,14445.35
1444634,14446.34
1444703,14447.03
1444772,14447.72
1444855,14448.55
1444925,14449.25
1444999,14449.99
1445085,14450.85
1445156,14451.56
1445221,14452.21
1445299,14452.99
1445371,14453.71
1445430,14454.3
1445510,14455.1
1445590,14455.9
1445658,14456.58
1445751,14457.51
1445844,14458.44
1445937,14459.37
1446025,14460.25
1446108,14461.08
1446204,14462.04
1446291,14462.91
1446378,14463.78
1446483,14464.83
1446584,14465.84
1446685,14466.85
1446789,14467.89
1446890,14468.9
1446987,14469.87
1447079,14470.79
1447162,14471.62
1447245,14472.45
1447324,14473.24
1447416,14474.16
1447485,14474.85
1447584,14475.84
1447689,14476.89
1447790,14477.9
1447897,14478.97
1448002,14480.02
1448106,14481.06
1448197,14481.97
1448287,14482.87
1448373,14483.73
1448455,14484.55
1448549,14485.49
1448629,14486.29
1448700,14487.0
1448793,14487.93
1448891,14488.91
1448999,14489.99
1449108,14491.08
1449210,14492.1
1449309,14493.09
1449409,14494.09
1449507,14495.07
1449601,14496.01
1449696,14496.96
1449795,14497.95
1449895,14498.95
1449992,14499.92
1450087,14500.87
1450186,14501.86
1450286,14502.86
1450379,14503.79
1450469,14504.69
1450557,14505.57
1450646,14506.46
1450740,14507.4
1450831,14508.31
1450924,14509.24
1451024,14510.24
1451114,14511.14
1451212,14512.12
1451294,14512.94
1451363,14513.63
1451449,14514.49
1451537,14515.37
1451633,14516.33
1451738,14517.38
1451844,14518.44
1451946,14519.46
1452045,14520.45
1452145,14521.45
1452249,14522.49
1452351,14523.51
1452448,14524.48
1452550,14525.5
1452654,14526.54
1452758,14527.58
1452856,14528.56
1452958,14529.58
1453062,14530.62
1453166,14531.66
1453264,14532.64
1453361,14533.61
1453457,14534.57
1453554,14535.54
1453645,14536.45
1453734,14537.34
1453826,14538.26
1453915,14539.15
1453998,14539.98
1454080,14540.8
1454167,14541.67
1454258,14542.58
1454359,14543.59
1454452,14544.52
1454535,14545.35
1454633,14546.33
1454731,14547.31
1454810,14548.1
1454883,14548.83
1454967,14549.67
1455036,14550.36
1455106,14551.06
1455196,14551.96
1455274,14552.74
1455337,14553.37
1455421,14554.21
1455506,14555.06
1455582,14555.82
1455683,14556.83
1455780,14557.8
1455883,14558.83
1455985,14559.85
1456085,14560.85
1456179,14561.79
1456279,14562.79
1456378,14563.78
1456477,14564.77
1456566,14565.66
1456656,14566.56
1456746,14567.46
1456830,14568.3
1456911,14569.11
1456991,14569.91
1457077,14570.77
1457168,14571.68
1457262,14572.62
1457365,14573.65
1457459,14574.59
1457558,14575.58
1457657,14576.57
1457747,14577.47
1457832,14578.32
1457915,14579.15
1458013,14580.13
1458094,14580.94
1458175,14581.75
1458267,14582.67
1458369,14583.69
1458475,14584.75
1458578,14585.78
1458677,14586.77
1458778,14587.78
1458879,14588.79
1458983,14589.83
1459080,14590.8
1459177,14591.77
1459278,14592.78
1459384,14593.84
1459483,14594.83
1459580,14595.8
1459680,14596.8
1459783,14597.83
1459883,14598.83
1459980,14599.8
1460079,14600.79
1460170,14601.7
1460254,14602.54
1460336,14603.36
1460432,14604.32
1460512,14605.12
1460592,14605.92
1460688,14606.88
1460793,14607.93
1460895,14608.95
1460992,14609.92
1461088,14610.88
1461189,14611.89
1461292,14612.92
1461389,14613.89
1461486,14614.86
1461582,14615.82
1461675,14616.75
1461760,14617.6
1461842,14618.42
1461926,14619.26
1462012,14620.12
1462099,14620.99
1462190,14621.9
1462285,14622.85
1462384,14623.84
1462480,14624.8
1462570,14625.7
1462659,14626.59
1462746,14627.46
1462832,14628.32
1462915,14629.15
1462996,14629.96
1463074,14630.74
1463136,14631.36
1463189,14631.89
1463243,14632.43
1463318,14633.18
1463404,14634.04
1463497,14634.97
1463578,14635.78
1463669,14636.69
1463761,14637.61
1463842,14638.42
1463905,14639.05
1463983,14639.83
1464073,14640.73
1464149,14641.49
1464224,14642.24
1464299,14642.99
1464359,14643.59
1464434,14644.34
1464510,14645.1
1464588,14645.88
1464668,14646.68
1464751,14647.51
1464833,14648.33
1464917,14649.17
1465002,14650.02
1465084,14650.84
1465165,14651.65
1465244,14652.44
1465328,14653.28
1465428,14654.28
1465534,14655.34
1465636,14656.36
1465742,14657.42
1465843,14658.43
1465942,14659.42
1466042,14660.42
1466127,14661.27
1466211,14662.11
1466293,14662.93
1466370,14663.7
1466447,14664.47
1466533,14665.33
1466620,14666.2
1466709,14667.09
1466802,14668.02
1466896,14668.96
1466989,14669.89
1467080,14670.8
1467174,14671.74
1467271,14672.71
1467367,14673.67
1467458,14674.58
1467551,14675.51
1467638,14676.38
1467722,14677.22
1467803,14678.03
1467883,14678.83
1467968,14679.68
1468065,14680.65
1468165,14681.65
1468277,14682.77
1468389,14683.89
1468497,14684.97
1468598,14685.98
1468699,14686.99
1468798,14687.98
1468893,14688.93
1468984,14689.84
1469075,14690.75
1469170,14691.7
1469263,14692.63
1469350,14693.5
1469435,14694.35
1469528,14695.28
1469629,14696.29
1469728,14697.28
1469832,14698.32
1469939,14699.39
1470045,14700.45
1470146,14701.46
1470241,14702.41
1470339,14703.39
1470437,14704.37
1470538,14705.38
1470636,14706.36
1470732,14707.32
1470835,14708.35
1470941,14709.41
1471045,14710.45
1471143,14711.43
1471244,14712.44
1471343,14713.43
1471440,14714.4
1471533,14715.33
1471628,14716.28
1471729,14717.29
1471833,14718.33
1471932,14719.32
1472034,14720.34
1472137,14721.37
1472236,14722.36
1472333,14723.33
1472432,14724.32
1472532,14725.32
1472631,14726.31
1472723,14727.23
1472820,14728.2
1472922,14729.22
1473027,14730.27
1473125,14731.25
1473227,14732.27
1473331,14733.31
1473432,14734.32
1473528,14735.28
1473628,14736.28
1473730,14737.3
1473823,14738.23
1473911,14739.11
1473992,14739.92
1474072,14740.72
1474155,14741.55
1474244,14742.44
1474328,14743.28
1474417,14744.17
1474507,14745.07
1474593,14745.93
1474677,14746.77
1474764,14747.64
1474847,14748.47
1474923,14749.23
1475016,14750.16
1475108,14751.08
1475205,14752.05
1475308,14753.08
1475412,14754.12
1475515,14755.15
1475613,14756.13
1475715,14757.15
1475820,14758.2
1475923,14759.23
1476015,14760.15
1476108,14761.08
1476205,14762.05
1476306,14763.06
1476398,14763.98
1476482,14764.82
1476565,14765.65
1476653,14766.53
1476752,14767.52
1476852,14768.52
1476964,14769.64
1477075,14770.75
1477183,14771.83
1477276,14772.76
1477366,14773.66
1477455,14774.55
1477539,14775.39
1477621,14776.21
1477702,14777.02
1477791,14777.91
1477895,14778.95
1478002,14780.02
1478114,14781.14
1478229,14782.29
1478323,14783.23
1478413,14784.13
1478500,14785.0
1478584,14785.84
1478664,14786.64
1478757,14787.57
1478840,14788.4
1478916,14789.16
1478996,14789.96
1479095,14790.95
1479183,14791.83
1479281,14792.81
1479362,14793.62
1479436,14794.36
1479523,14795.23
1479592,14795.92
1479679,14796.79
1479772,14797.72
1479867,14798.67
1479958,14799.58
1480044,14800.44
1480129,14801.29
1480218,14802.18
1480317,14803.17
1480422,14804.22
1480521,14805.21
1480622,14806.22
1480722,14807.22
1480821,14808.21
1480911,14809.11
1481007,14810.07
1481087,14810.87
1481169,14811.69
1481243,14812.43
1481333,14813.33
1481434,14814.34
1481539,14815.39
1481637,14816.37
1481732,14817.32
1481821,14818.21
1481905,14819.05
1481991,14819.91
1482081,14820.81
1482175,14821.75
1482270,14822.7
1482362,14823.62
1482464,14824.64
1482564,14825.64
1482656,14826.56
1482742,14827.42
1482839,14828.39
1482917,14829.17
1482996,14829.96
1483087,14830.87
1483188,14831.88
1483290,14832.9
1483390,14833.9
1483490,14834.9
1483591,14835.91
1483690,14836.9
1483784,14837.84
1483877,14838.77
1483969,14839.69
1484059,14840.59
1484143,14841.43
1484238,14842.38
1484323,14843.23
1484391,14843.91
1484489,14844.89
1484587,14845.87
1484661,14846.61
1484735,14847.35
1484825,14848.25
1484916,14849.16
1484986,14849.86
1485057,14850.57
1485118,14851.18
1485168,14851.68
1485213,14852.13
1485289,14852.89
1485362,14853.62
1485433,14854.33
1485504,14855.04
1485573,14855.73
1485650,14856.5
1485701,14857.01
1485753,14857.53
1485799,14857.99
1485845,14858.45
1485911,14859.11
1485967,14859.67
1486043,14860.43
1486112,14861.12
1486166,14861.66
1486277,14862.77
1486389,14863.89
1486482,14864.82
1486578,14865.78
1486665,14866.65
1486754,14867.54
1486850,14868.5
1486953,14869.53
1487051,14870.51
1487145,14871.45
1487228,14872.28
1487314,14873.14
1487395,14873.95
1487483,14874.83
1487571,14875.71
1487659,14876.59
1487744,14877.44
1487826,14878.26
1487904,14879.04
1487981,14879.81
1488058,14880.58
1488134,14881.34
1488210,14882.1
1488276,14882.76
1488380,14883.8
1488477,14884.77
1488572,14885.72
1488659,14886.59
1488746,14887.46
1488833,14888.33
1488922,14889.22
1489014,14890.14
1489106,14891.06
1489195,14891.95
1489278,14892.78
1489356,14893.56
1489436,14894.36
1489512,14895.12
1489588,14895.88
1489662,14896.62
1489737,14897.37
1489813,14898.13
1489893,14898.93
1489976,14899.76
1490065,14900.65
1490163,14901.63
1490266,14902.66
1490365,14903.65
1490456,14904.56
1490547,14905.47
1490638,14906.38
1490729,14907.29
1490819,14908.19
1490907,14909.07
1491005,14910.05
1491111,14911.11
1491218,14912.18
1491313,14913.13
1491410,14914.1
1491509,14915.09
1491605,14916.05
1491695,14916.95
1491785,14917.85
1491870,14918.7
1491953,14919.53
1492032,14920.32
1492110,14921.1
1492192,14921.92
1492285,14922.85
1492382,14923.82
1492477,14924.77
1492577,14925.77
1492667,14926.67
1492759,14927.59
1492846,14928.46
1492930,14929.3
1493012,14930.12
1493092,14930.92
1493173,14931.73
1493251,14932.51
1493328,14933.28
1493405,14934.05
1493489,14934.89
1493584,14935.84
1493688,14936.88
1493799,14937.99
1493911,14939.11
1494013,14940.13
1494115,14941.15
1494217,14942.17
1494318,14943.18
1494416,14944.16
1494511,14945.11
1494610,14946.1
1494714,14947.14
1494816,14948.16
1494915,14949.15
1495009,14950.09
1495111,14951.11
1495218,14952.18
1495323,14953.23
1495424,14954.24
1495520,14955.2
1495618,14956.18
1495714,14957.14
1495810,14958.1
1495901,14959.01
1495994,14959.94
1496086,14960.86
1496175,14961.75
1496260,14962.6
1496342,14963.42
1496424,14964.24
1496513,14965.13
1496610,14966.1
1496705,14967.05
1496805,14968.05
1496903,14969.03
1496995,14969.95
1497087,14970.87
1497177,14971.77
1497264,14972.64
1497349,14973.49
1497439,14974.39
1497533,14975.33
1497627,14976.27
1497726,14977.26
1497831,14978.31
1497935,14979.35
1498033,14980.33
1498131,14981.31
1498229,14982.29
1498329,14983.29
1498423,14984.23
1498519,14985.19
1498616,14986.16
1498719,14987.19
1498823,14988.23
1498931,14989.31
1499038,14990.38
1499141,14991.41
1499241,14992.41
1499343,14993.43
1499446,14994.46
1499546,14995.46
1499644,14996.44
1499746,14997.46
1499849,14998.49
1499946,14999.46
1500033,15000.33
1500118,15001.18
1500207,15002.07
1500295,15002.95
1500385,15003.85
1500483,15004.83
1500583,15005.83
1500680,15006.8
1500770,15007.7
1500861,15008.61
1500956,15009.56
1501054,15010.54
1501151,15011.51
1501246,15012.46
1501349,15013.49
1501458,15014.58
1501567,15015.67
1501670,15016.7
1501774,15017.74
1501878,15018.78
1501979,15019.79
1502074,15020.74
1502168,15021.68
1502264,15022.64
1502372,15023.72
1502480,15024.8
1502591,15025.91
1502703,15027.03
1502814,15028.14
1502921,15029.21
1503028,15030.28
1503133,15031.33
1503232,15032.32
1503325,15033.25
1503419,15034.19
1503508,15035.08
1503593,15035.93
1503674,15036.74
1503756,15037.56
1503849,15038.49
1503952,15039.52
1504054,15040.54
1504163,15041.63
1504279,15042.79
1504386,15043.86
1504484,15044.84
1504574,15045.74
1504656,15046.56
1504736,15047.36
1504811,15048.11
1504887,15048.87
1504969,15049.69
1505062,15050.62
1505169,15051.69
1505278,15052.78
1505381,15053.81
1505486,15054.86
1505590,15055.9
1505679,15056.79
1505769,15057.69
1505861,15058.61
1505948,15059.48
1506033,15060.33
1506114,15061.14
1506193,15061.93
1506271,15062.71
1506350,15063.5
1506427,15064.27
1506507,15065.07
1506596,15065.96
1506703,15067.03
1506812,15068.12
1506915,15069.15
1507015,15070.15
1507114,15071.14
1507202,15072.02
1507286,15072.86
1507371,15073.71
1507463,15074.63
1507565,15075.65
1507670,15076.7
1507773,15077.73
1507878,15078.78
1507979,15079.79
1508070,15080.7
1508154,15081.54
1508239,15082.39
1508331,15083.31
1508431,15084.31
1508530,15085.3
1508631,15086.31
1508732,15087.32
1508829,15088.29
1508917,15089.17
1509000,15090.0
1509086,15090.86
1509174,15091.74
1509264,15092.64
1509364,15093.64
1509466,15094.66
1509562,15095.62
1509653,15096.53
1509747,15097.47
1509838,15098.38
1509923,15099.23
1510006,15100.06
1510092,15100.92
1510180,15101.8
1510274,15102.74
1510375,15103.75
1510479,15104.79
1510579,15105.79
1510681,15106.81
1510783,15107.83
1510883,15108.83
1510977,15109.77
1511074,15110.74
1511170,15111.7
1511270,15112.7
1511367,15113.67
1511469,15114.69
1511575,15115.75
1511682,15116.82
1511784,15117.84
1511889,15118.89
1511996,15119.96
1512101,15121.01
1512204,15122.04
1512309,15123.09
1512416,15124.16
1512519,15125.19
1512622,15126.22
1512725,15127.25
1512824,15128.24
1512919,15129.19
1513020,15130.2
1513126,15131.26
1513231,15132.31
1513335,15133.35
1513441,15134.41
1513547,15135.47
1513650,15136.5
1513748,15137.48
1513849,15138.49
1513951,15139.51
1514051,15140.51
1514147,15141.47
1514244,15142.44
1514342,15143.42
1514442,15144.42
1514543,15145.43
1514646,15146.46
1514751,15147.51
1514853,15148.53
1514951,15149.51
1515054,15150.54
1515159,15151.59
1515264,15152.64
1515365,15153.65
1515470,15154.7
1515575,15155.75
1515677,15156.77
1515776,15157.76
1515878,15158.78
1515981,15159.81
1516080,15160.8
1516183,15161.83
1516291,15162.91
1516398,15163.98
1516504,15165.04
1516610,15166.1
1516710,15167.1
1516805,15168.05
1516895,15168.95
1516989,15169.89
1517087,15170.87
1517178,15171.78
1517261,15172.61
1517345,15173.45
1517432,15174.32
1517519,15175.19
1517604,15176.04
1517686,15176.86
1517767,15177.67
1517848,15178.48
1517929,15179.29
1518009,15180.09
1518090,15180.9
1518170,15181.7
1518248,15182.48
1518325,15183.25
1518400,15184.0
1518473,15184.73
1518547,15185.47
1518614,15186.14
1518682,15186.82
1518758,15187.58
1518834,15188.34
1518906,15189.06
1518977,15189.77
1519052,15190.52
1519129,15191.29
1519212,15192.12
1519295,15192.95
1519376,15193.76
1519455,15194.55
1519536,15195.36
1519614,15196.14
1519693,15196.93
1519770,15197.7
1519846,15198.46
1519926,15199.26
1520011,15200.11
1520097,15200.97
1520187,15201.87
1520287,15202.87
1520394,15203.94
1520495,15204.95
1520588,15205.88
1520683,15206.83
1520781,15207.81
1520882,15208.82
1520978,15209.78
1521079,15210.79
1521182,15211.82
1521288,15212.88
1521387,15213.87
1521492,15214.92
1521602,15216.02
1521708,15217.08
1521815,15218.15
1521924,15219.24
1522033,15220.33
1522138,15221.38
1522243,15222.43
1522351,15223.51
1522462,15224.62
1522568,15225.68
1522674,15226.74
1522782,15227.82
1522887,15228.87
1522990,15229.9
1523096,15230.96
1523204,15232.04
1523308,15233.08
1523413,15234.13
1523521,15235.21
1523626,15236.26
1523724,15237.24
1523823,15238.23
1523923,15239.23
1524020,15240.2
1524108,15241.08
1524192,15241.92
1524281,15242.81
1524389,15243.89
1524497,15244.97
1524610,15246.1
1524724,15247.24
1524834,15248.34
1524937,15249.37
1525038,15250.38
1525140,15251.4
1525238,15252.38
1525333,15253.33
1525436,15254.36
1525545,15255.45
1525651,15256.51
1525755,15257.55
1525865,15258.65
1525976,15259.76
1526083,15260.83
1526191,15261.91
1526298,15262.98
1526402,15264.02
1526504,15265.04
1526607,15266.07
1526712,15267.12
1526810,15268.1
1526905,15269.05
1526996,15269.96
1527084,15270.84
1527165,15271.65
1527244,15272.44
1527322,15273.22
1527406,15274.06
1527511,15275.11
1527617,15276.17
1527706,15277.06
1527803,15278.03
1527892,15278.92
1527983,15279.83
1528075,15280.75
1528173,15281.73
1528274,15282.74
1528373,15283.73
1528467,15284.67
1528565,15285.65
1528671,15286.71
1528773,15287.73
1528866,15288.66
1528956,15289.56
1529043,15290.43
1529126,15291.26
1529208,15292.08
1529295,15292.95
1529401,15294.01
1529509,15295.09
1529618,15296.18
1529731,15297.31
1529846,15298.46
1529955,15299.55
1530058,15300.58
1530165,15301.65
1530278,15302.78
1530393,15303.93
1530505,15305.05
1530618,15306.18
1530731,15307.31
1530841,15308.41
1530943,15309.43
1531045,15310.45
1531152,15311.52
1531260,15312.6
1531366,15313.66
1531476,15314.76
1531587,15315.87
1531692,15316.92
1531801,15318.01
1531908,15319.08
1532015,15320.15
1532118,15321.18
1532225,15322.25
1532337,15323.37
1532447,15324.47
1532553,15325.53
1532661,15326.61
1532769,15327.69
1532874,15328.74
1532982,15329.82
1533092,15330.92
1533201,15332.01
1533307,15333.07
1533413,15334.13
1533520,15335.2
1533625,15336.25
1533726,15337.26
1533828,15338.28
1533932,15339.32
1534033,15340.33
1534137,15341.37
1534245,15342.45
1534354,15343.54
1534460,15344.6
1534568,15345.68
1534676,15346.76
1534779,15347.79
1534883,15348.83
1534988,15349.88
1535092,15350.92
1535193,15351.93
1535294,15352.94
1535397,15353.97
1535500,15355.0
1535597,15355.97
1535691,15356.91
1535789,15357.89
1535894,15358.94
1536000,15360.0
1536108,15361.08
1536222,15362.22
1536336,15363.36
1536442,15364.42
1536552,15365.52
1536660,15366.6
1536762,15367.62
1536868,15368.68
1536974,15369.74
1537079,15370.79
1537181,15371.81
1537284,15372.84
1537391,15373.91
1537494,15374.94
1537595,15375.95
1537697,15376.97
1537798,15377.98
1537897,15378.97
1538003,15380.03
1538112,15381.12
1538220,15382.2
1538328,15383.28
1538438,15384.38
1538548,15385.48
1538656,15386.56
1538759,15387.59
1538860,15388.6
1538962,15389.62
1539058,15390.58
1539153,15391.53
1539254,15392.54
1539357,15393.57
1539457,15394.57
1539561,15395.61
1539664,15396.64
1539766,15397.66
1539867,15398.67
1539970,15399.7
1540074,15400.74
1540175,15401.75
1540279,15402.79
1540388,15403.88
1540499,15404.99
1540603,15406.03
1540710,15407.1
1540820,15408.2
1540928,15409.28
1541039,15410.39
1541148,15411.48
1541255,15412.55
1541364,15413.64
1541470,15414.7
1541574,15415.74
1541682,15416.82
1541786,15417.86
1541886,15418.86
1541990,15419.9
1542098,15420.98
1542204,15422.04
1542304,15423.04
1542407,15424.07
1542512,15425.12
1542614,15426.14
1542714,15427.14
1542822,15428.22
1542940,15429.4
1543054,15430.54
1543171,15431.71
1543290,15432.9
1543408,15434.08
1543516,15435.16
1543625,15436.25
1543733,15437.33
1543838,15438.38
1543940,15439.4
1544043,15440.43
1544146,15441.46
1544246,15442.46
1544347,15443.47
1544452,15444.52
1544557,15445.57
1544662,15446.62
1544769,15447.69
1544875,15448.75
1544978,15449.78
1545079,15450.79
1545183,15451.83
1545290,15452.9
1545395,15453.95
1545499,15454.99
1545604,15456.04
1545711,15457.11
1545814,15458.14
1545919,15459.19
1546022,15460.22
1546120,15461.2
1546214,15462.14
1546312,15463.12
1546415,15464.15
1546519,15465.19
1546624,15466.24
1546733,15467.33
1546841,15468.41
1546940,15469.4
1547042,15470.42
1547137,15471.37
1547226,15472.26
1547314,15473.14
1547400,15474.0
1547483,15474.83
1547566,15475.66
1547659,15476.59
1547766,15477.66
1547889,15478.89
1548011,15480.11
1548131,15481.31
1548249,15482.49
1548366,15483.66
1548477,15484.77
1548587,15485.87
1548691,15486.91
1548795,15487.95
1548901,15489.01
1549006,15490.06
1549102,15491.02
1549200,15492.0
1549304,15493.04
1549414,15494.14
1549539,15495.39
1549667,15496.67
1549793,15497.93
1549914,15499.14
1550037,15500.37
1550158,15501.58
1550270,15502.7
1550376,15503.76
1550482,15504.82
1550594,15505.94
1550704,15507.04
1550819,15508.19
1550937,15509.37
1551051,15510.51
1551161,15511.61
1551272,15512.72
1551385,15513.85
1551493,15514.93
1551596,15515.96
1551701,15517.01
1551803,15518.03
1551901,15519.01
1552005,15520.05
1552111,15521.11
1552213,15522.13
1552317,15523.17
1552427,15524.27
1552538,15525.38
1552648,15526.48
1552760,15527.6
1552870,15528.7
1552972,15529.72
1553074,15530.74
1553180,15531.8
1553283,15532.83
1553386,15533.86
1553494,15534.94
1553607,15536.07
1553719,15537.19
1553830,15538.3
1553940,15539.4
1554044,15540.44
1554149,15541.49
1554255,15542.55
1554360,15543.6
1554460,15544.6
1554564,15545.64
1554674,15546.74
1554785,15547.85
1554890,15548.9
1554999,15549.99
1555108,15551.08
1555213,15552.13
1555321,15553.21
1555431,15554.31
1555542,15555.42
1555649,15556.49
1555760,15557.6
1555873,15558.73
1555977,15559.77
1556078,15560.78
1556177,15561.77
1556270,15562.7
1556362,15563.62
1556451,15564.51
1556540,15565.4
1556624,15566.24
1556706,15567.06
1556787,15567.87
1556870,15568.7
1556951,15569.51
1557034,15570.34
1557114,15571.14
1557195,15571.95
1557277,15572.77
1557375,15573.75
1557457,15574.57
1557538,15575.38
1557617,15576.17
1557697,15576.97
1557779,15577.79
1557863,15578.63
1557956,15579.56
1558060,15580.6
1558170,15581.7
1558283,15582.83
1558400,15584.0
1558521,15585.21
1558644,15586.44
1558764,15587.64
1558879,15588.79
1558995,15589.95
1559110,15591.1
1559221,15592.21
1559334,15593.34
1559443,15594.43
1559545,15595.45
1559641,15596.41
1559739,15597.39
1559850,15598.5
1559972,15599.72
1560084,15600.84
1560192,15601.92
1560310,15603.1
1560430,15604.3
1560546,15605.46
1560660,15606.6
1560779,15607.79
1560896,15608.96
1561008,15610.08
1561112,15611.12
1561217,15612.17
1561325,15613.25
1561430,15614.3
1561544,15615.44
1561650,15616.5
1561752,15617.52
1561847,15618.47
1561935,15619.35
1562025,15620.25
1562118,15621.18
1562211,15622.11
1562302,15623.02
1562429,15624.29
1562554,15625.54
1562679,15626.79
1562806,15628.06
1562925,15629.25
1563035,15630.35
1563145,15631.45
1563254,15632.54
1563357,15633.57
1563459,15634.59
1563562,15635.62
1563670,15636.7
1563778,15637.78
1563896,15638.96
1564015,15640.15
1564131,15641.31
1564240,15642.4
1564348,15643.48
1564457,15644.57
1564571,15645.71
1564675,15646.75
1564776,15647.76
1564885,15648.85
1565000,15650.0
1565115,15651.15
1565231,15652.31
1565348,15653.48
1565461,15654.61
1565572,15655.72
1565681,15656.81
1565789,15657.89
1565893,15658.93
1566001,15660.01
1566108,15661.08
1566217,15662.17
1566320,15663.2
1566422,15664.22
1566526,15665.26
1566628,15666.28
1566736,15667.36
1566845,15668.45
1566956,15669.56
1567069,15670.69
1567177,15671.77
1567287,15672.87
1567396,15673.96
1567507,15675.07
1567610,15676.1
1567710,15677.1
1567806,15678.06
1567899,15678.99
1567985,15679.85
1568070,15680.7
1568159,15681.59
1568261,15682.61
1568369,15683.69
1568477,15684.77
1568585,15685.85
1568689,15686.89
1568794,15687.94
1568896,15688.96
1568996,15689.96
1569085,15690.85
1569168,15691.68
1569248,15692.48
1569328,15693.28
1569406,15694.06
1569482,15694.82
1569560,15695.6
1569643,15696.43
1569745,15697.45
1569848,15698.48
1569960,15699.6
1570081,15700.81
1570201,15702.01
1570312,15703.12
1570421,15704.21
1570527,15705.27
1570632,15706.32
1570734,15707.34
1570841,15708.41
1570957,15709.57
1571067,15710.67
1571174,15711.74
1571275,15712.75
1571376,15713.76
1571489,15714.89
1571605,15716.05
1571721,15717.21
1571840,15718.4
1571960,15719.6
1572075,15720.75
1572184,15721.84
1572294,15722.94
1572402,15724.02
1572505,15725.05
1572607,15726.07
1572722,15727.22
1572842,15728.42
1572958,15729.58
1573074,15730.74
1573189,15731.89
1573300,15733.0
1573401,15734.01
1573499,15734.99
1573596,15735.96
1573696,15736.96
1573793,15737.93
1573897,15738.97
1574008,15740.08
1574122,15741.22
1574232,15742.32
1574346,15743.46
1574458,15744.58
1574565,15745.65
1574672,15746.72
1574780,15747.8
1574888,15748.88
1574990,15749.9
1575097,15750.97
1575206,15752.06
1575311,15753.11
1575417,15754.17
1575525,15755.25
1575629,15756.29
1575728,15757.28
1575830,15758.3
1575935,15759.35
1576039,15760.39
1576141,15761.41
1576245,15762.45
1576353,15763.53
1576456,15764.56
1576563,15765.63
1576671,15766.71
1576773,15767.73
1576866,15768.66
1576958,15769.58
1577052,15770.52
1577149,15771.49
1577256,15772.56
1577373,15773.73
1577491,15774.91
1577602,15776.02
1577718,15777.18
1577833,15778.33
1577942,15779.42
1578055,15780.55
1578168,15781.68
1578281,15782.81
1578393,15783.93
1578503,15785.03
1578607,15786.07
1578706,15787.06
1578805,15788.05
1578905,15789.05
1579019,15790.19
1579141,15791.41
1579259,15792.59
1579379,15793.79
1579497,15794.97
1579608,15796.08
1579718,15797.18
1579829,15798.29
1579938,15799.38
1580041,15800.41
1580145,15801.45
1580254,15802.54
1580362,15803.62
1580471,15804.71
1580582,15805.82
1580694,15806.94
1580800,15808.0
1580909,15809.09
1581013,15810.13
1581115,15811.15
1581217,15812.17
1581324,15813.24
1581433,15814.33
1581543,15815.43
1581659,15816.59
1581774,15817.74
1581881,15818.81
1581981,15819.81
1582081,15820.81
1582186,15821.86
1582279,15822.79
1582368,15823.68
1582458,15824.58
1582551,15825.51
1582646,15826.46
1582753,15827.53
1582864,15828.64
1582967,15829.67
1583075,15830.75
1583175,15831.75
1583266,15832.66
1583355,15833.55
1583441,15834.41
1583524,15835.24
1583606,15836.06
1583684,15836.84
1583762,15837.62
1583839,15838.39
1583917,15839.17
1583996,15839.96
1584076,15840.76
1584161,15841.61
1584251,15842.51
1584352,15843.52
1584452,15844.52
1584547,15845.47
1584647,15846.47
1584748,15847.48
1584850,15848.5
1584940,15849.4
1585028,15850.28
1585117,15851.17
1585212,15852.12
1585319,15853.19
1585427,15854.27
1585543,15855.43
1585660,15856.6
1585774,15857.74
1585882,15858.82
1585994,15859.94
1586107,15861.07
1586217,15862.17
1586322,15863.22
1586434,15864.34
1586547,15865.47
1586656,15866.56
1586755,15867.55
1586857,15868.57
1586965,15869.65
1587073,15870.73
1587181,15871.81
1587291,15872.91
1587402,15874.02
1587513,15875.13
1587625,15876.25
1587741,15877.41
1587853,15878.53
1587957,15879.57
1588055,15880.55
1588153,15881.53
1588249,15882.49
1588347,15883.47
1588443,15884.43
1588543,15885.43
1588649,15886.49
1588750,15887.5
1588848,15888.48
1588941,15889.41
1589030,15890.3
1589114,15891.14
1589201,15892.01
1589303,15893.03
1589408,15894.08
1589521,15895.21
1589639,15896.39
1589756,15897.56
1589869,15898.69
1589979,15899.79
1590087,15900.87
1590189,15901.89
1590292,15902.92
1590399,15903.99
1590510,15905.1
1590618,15906.18
1590727,15907.27
1590835,15908.35
1590942,15909.42
1591042,15910.42
1591142,15911.42
1591245,15912.45
1591355,15913.55
1591461,15914.61
1591569,15915.69
1591681,15916.81
1591790,15917.9
1591895,15918.95
1592003,15920.03
1592109,15921.09
1592215,15922.15
1592317,15923.17
1592422,15924.22
1592526,15925.26
1592626,15926.26
1592724,15927.24
1592827,15928.27
1592929,15929.29
1593028,15930.28
1593127,15931.27
1593232,15932.32
1593344,15933.44
1593459,15934.59
1593581,15935.81
1593704,15937.04
1593818,15938.18
1593934,15939.34
1594045,15940.45
1594150,15941.5
1594249,15942.49
1594349,15943.49
1594453,15944.53
1594559,15945.59
1594668,15946.68
1594774,15947.74
1594883,15948.83
1594995,15949.95
1595105,15951.05
1595207,15952.07
1595310,15953.1
1595411,15954.11
1595510,15955.1
1595612,15956.12
1595724,15957.24
1595837,15958.37
1595946,15959.46
1596055,15960.55
1596169,15961.69
1596279,15962.79
1596382,15963.82
1596487,15964.87
1596593,15965.93
1596700,15967.0
1596804,15968.04
1596910,15969.1
1597018,15970.18
1597117,15971.17
1597220,15972.2
1597323,15973.23
1597421,15974.21
1597521,15975.21
1597623,15976.23
1597728,15977.28
1597832,15978.32
1597938,15979.38
1598048,15980.48
1598153,15981.53
1598260,15982.6
1598369,15983.69
1598477,15984.77
1598582,15985.82
1598683,15986.83
1598782,15987.82
1598879,15988.79
1598979,15989.79
1599075,15990.75
1599170,15991.7
1599264,15992.64
1599362,15993.62
1599462,15994.62
1599562,15995.62
1599660,15996.6
1599760,15997.6
1599853,15998.53
1599940,15999.4
1600027,16000.27
1600110,16001.1
1600192,16001.92
1600271,16002.71
1600349,16003.49
1600425,16004.25
1600498,16004.98
1600572,16005.72
1600645,16006.45
1600719,16007.19
1600792,16007.92
1600864,16008.64
1600938,16009.38
1601012,16010.12
1601085,16010.85
1601158,16011.58
1601231,16012.31
1601302,16013.02
1601373,16013.73
1601445,16014.45
1601517,16015.17
1601591,16015.91
1601670,16016.7
1601755,16017.55
1601854,16018.54
1601950,16019.5
1602046,16020.46
1602145,16021.45
1602251,16022.51
1602355,16023.55
1602456,16024.56
1602566,16025.66
1602676,16026.76
1602777,16027.77
1602871,16028.71
1602967,16029.67
1603061,16030.61
1603147,16031.47
1603231,16032.31
1603306,16033.06
1603381,16033.81
1603472,16034.72
1603563,16035.63
1603648,16036.48
1603728,16037.28
1603810,16038.1
1603896,16038.96
1604002,16040.02
1604106,16041.06
1604218,16042.18
1604332,16043.32
1604443,16044.43
1604551,16045.51
1604664,16046.64
1604780,16047.8
1604888,16048.88
1604996,16049.96
1605109,16051.09
1605227,16052.27
1605340,16053.4
1605453,16054.53
1605567,16055.67
1605674,16056.74
1605776,16057.76
1605881,16058.81
1605993,16059.93
1606108,16061.08
1606220,16062.2
1606339,16063.39
1606462,16064.62
1606580,16065.8
1606692,16066.92
1606801,16068.01
1606910,16069.1
1607013,16070.13
1607121,16071.21
1607234,16072.34
1607346,16073.46
1607450,16074.5
1607556,16075.56
1607665,16076.65
1607778,16077.78
1607885,16078.85
1607991,16079.91
1608099,16080.99
1608207,16082.07
1608310,16083.1
1608419,16084.19
1608531,16085.31
1608641,16086.41
1608754,16087.54
1608866,16088.66
1608976,16089.76
1609079,16090.79
1609181,16091.81
1609285,16092.85
1609382,16093.82
1609476,16094.76
1609571,16095.71
1609663,16096.63
1609751,16097.51
1609842,16098.42
1609935,16099.35
1610023,16100.23
1610111,16101.11
1610209,16102.09
1610314,16103.14
1610416,16104.16
1610525,16105.25
1610625,16106.25
1610716,16107.16
1610801,16108.01
1610884,16108.84
1610969,16109.69
1611073,16110.73
1611183,16111.83
1611297,16112.97
1611416,16114.16
1611534,16115.34
1611647,16116.47
1611763,16117.63
1611872,16118.72
1611978,16119.78
1612080,16120.8
1612189,16121.89
1612308,16123.08
1612422,16124.22
1612532,16125.32
1612645,16126.45
1612759,16127.59
1612863,16128.63
1612969,16129.69
1613074,16130.74
1613179,16131.79
1613288,16132.88
1613398,16133.98
1613504,16135.04
1613617,16136.17
1613732,16137.32
1613844,16138.44
1613946,16139.46
1614051,16140.51
1614163,16141.63
1614275,16142.75
1614392,16143.92
1614513,16145.13
1614629,16146.29
1614743,16147.43
1614855,16148.55
1614968,16149.68
1615077,16150.77
1615185,16151.85
1615294,16152.94
1615401,16154.01
1615504,16155.04
1615609,16156.09
1615712,16157.12
1615812,16158.12
1615908,16159.08
1616004,16160.04
1616101,16161.01
1616207,16162.07
1616317,16163.17
1616433,16164.33
1616547,16165.47
1616658,16166.58
1616769,16167.69
1616881,16168.81
1616994,16169.94
1617109,16171.09
1617228,16172.28
1617336,16173.36
1617439,16174.39
1617542,16175.42
1617642,16176.42
1617739,16177.39
1617835,16178.35
1617938,16179.38
1618036,16180.36
1618122,16181.22
1618204,16182.04
1618291,16182.91
1618396,16183.96
1618512,16185.12
1618646,16186.46
1618774,16187.74
1618894,16188.94
1619006,16190.06
1619117,16191.17
1619222,16192.22
1619328,16193.28
1619425,16194.25
1619525,16195.25
1619632,16196.32
1619737,16197.37
1619834,16198.34
1619938,16199.38
1620045,16200.45
1620158,16201.58
1620270,16202.7
1620388,16203.88
1620507,16205.07
1620620,16206.2
1620733,16207.33
1620843,16208.43
1620946,16209.46
1621053,16210.53
1621172,16211.72
1621293,16212.93
1621409,16214.09
1621529,16215.29
1621649,16216.49
1621764,16217.64
1621873,16218.73
1621982,16219.82
1622094,16220.94
1622199,16221.99
1622295,16222.95
1622392,16223.92
1622490,16224.9
1622593,16225.93
1622701,16227.01
1622829,16228.29
1622960,16229.6
1623081,16230.81
1623202,16232.02
1623319,16233.19
1623431,16234.31
1623538,16235.38
1623642,16236.42
1623748,16237.48
1623852,16238.52
1623954,16239.54
1624060,16240.6
1624173,16241.73
1624290,16242.9
1624398,16243.98
1624501,16245.01
1624604,16246.04
1624712,16247.12
1624817,16248.17
1624921,16249.21
1625026,16250.26
1625128,16251.28
1625236,16252.36
1625347,16253.47
1625460,16254.6
1625569,16255.69
1625679,16256.79
1625784,16257.84
1625878,16258.78
1625966,16259.66
1626056,16260.56
1626155,16261.55
1626263,16262.63
1626382,16263.82
1626516,16265.16
1626650,16266.5
1626782,16267.82
1626913,16269.13
1627036,16270.36
1627152,16271.52
1627265,16272.65
1627374,16273.74
1627477,16274.77
1627575,16275.75
1627677,16276.77
1627779,16277.79
1627881,16278.81
1627987,16279.87
1628091,16280.91
1628189,16281.89
1628288,16282.88
1628392,16283.92
1628497,16284.97
1628607,16286.07
1628723,16287.23
1628835,16288.35
1628944,16289.44
1629051,16290.51
1629154,16291.54
1629255,16292.55
1629361,16293.61
1629470,16294.7
1629578,16295.78
1629685,16296.85
1629796,16297.96
1629908,16299.08
1630013,16300.13
1630113,16301.13
1630213,16302.13
1630316,16303.16
1630424,16304.24
1630541,16305.41
1630664,16306.64
1630777,16307.77
1630891,16308.91
1631004,16310.04
1631113,16311.13
1631219,16312.19
1631319,16313.19
1631416,16314.16
1631517,16315.17
1631631,16316.31
1631753,16317.53
1631868,16318.68
1631986,16319.86
1632099,16320.99
1632208,16322.08
1632320,16323.2
1632430,16324.3
1632535,16325.35
1632639,16326.39
1632742,16327.42
1632841,16328.41
1632941,16329.41
1633039,16330.39
1633133,16331.33
1633223,16332.23
1633314,16333.14
1633408,16334.08
1633505,16335.05
1633621,16336.21
1633752,16337.52
1633878,16338.78
1634006,16340.06
1634132,16341.32
1634243,16342.43
1634347,16343.47
1634453,16344.53
1634560,16345.6
1634670,16346.7
1634781,16347.81
1634896,16348.96
1635013,16350.13
1635125,16351.25
1635233,16352.33
1635341,16353.41
1635448,16354.48
1635554,16355.54
1635664,16356.64
1635774,16357.74
1635879,16358.79
1635987,16359.87
1636094,16360.94
1636202,16362.02
1636306,16363.06
1636412,16364.12
1636515,16365.15
1636612,16366.12
1636702,16367.02
1636793,16367.93
1636889,16368.89
1636994,16369.94
1637112,16371.12
1637243,16372.43
1637374,16373.74
1637505,16375.05
1637638,16376.38
1637760,16377.6
1637873,16378.73
1637984,16379.84
1638092,16380.92
1638196,16381.96
1638304,16383.04
1638411,16384.11
1638516,16385.16
1638622,16386.22
1638725,16387.25
1638829,16388.29
1638937,16389.37
1639048,16390.48
1639153,16391.53
1639263,16392.63
1639372,16393.72
1639475,16394.75
1639574,16395.74
1639675,16396.75
1639781,16397.81
1639888,16398.88
1640006,16400.06
1640128,16401.28
1640247,16402.47
1640368,16403.68
1640489,16404.89
1640601,16406.01
1640712,16407.12
1640822,16408.22
1640931,16409.31
1641037,16410.37
1641146,16411.46
1641255,16412.55
1641362,16413.62
1641473,16414.73
1641587,16415.87
1641698,16416.98
1641802,16418.02
1641904,16419.04
1642005,16420.05
1642106,16421.06
1642206,16422.06
1642320,16423.2
1642442,16424.42
1642559,16425.59
1642671,16426.71
1642784,16427.84
1642893,16428.93
1642996,16429.96
1643100,16431.0
1643203,16432.03
1643299,16432.99
1643393,16433.93
1643489,16434.89
1643589,16435.89
1643690,16436.9
1643800,16438.0
1643915,16439.15
1644022,16440.22
1644124,16441.24
1644223,16442.23
1644317,16443.17
1644410,16444.1
1644506,16445.06
1644612,16446.12
1644725,16447.25
1644835,16448.35
1644950,16449.5
1645063,16450.63
1645172,16451.72
1645275,16452.75
1645371,16453.71
1645458,16454.58
1645541,16455.41
1645622,16456.22
1645706,16457.06
1645796,16457.96
1645902,16459.02
1646005,16460.05
1646096,16460.96
1646184,16461.84
1646277,16462.77
1646385,16463.85
1646494,16464.94
1646608,16466.08
1646725,16467.25
1646845,16468.45
1646956,16469.56
1647071,16470.71
1647188,16471.88
1647294,16472.94
1647391,16473.91
1647490,16474.9
1647603,16476.03
1647723,16477.23
1647835,16478.35
1647951,16479.51
1648072,16480.72
1648187,16481.87
1648291,16482.91
1648389,16483.89
1648485,16484.85
1648582,16485.82
1648700,16487.0
1648823,16488.23
1648939,16489.39
1649049,16490.49
1649161,16491.61
1649272,16492.72
1649379,16493.79
1649480,16494.8
1649576,16495.76
1649672,16496.72
1649764,16497.64
1649854,16498.54
1649950,16499.5
1650061,16500.61
1650173,16501.73
1650282,16502.82
1650405,16504.05
1650534,16505.34
1650655,16506.55
1650777,16507.77
1650895,16508.95
1651008,16510.08
1651123,16511.23
1651235,16512.35
1651340,16513.4
1651440,16514.4
1651538,16515.38
1651639,16516.39
1651742,16517.42
1651839,16518.39
1651929,16519.29
1652015,16520.15
1652103,16521.03
1652192,16521.92
1652285,16522.85
1652382,16523.82
1652484,16524.84
1652579,16525.79
1652667,16526.67
1652759,16527.59
1652861,16528.61
1652967,16529.67
1653081,16530.81
1653198,16531.98
1653315,16533.15
1653425,16534.25
1653540,16535.4
1653655,16536.55
1653767,16537.67
1653874,16538.74
1653979,16539.79
1654087,16540.87
1654193,16541.93
1654301,16543.01
1654415,16544.15
1654528,16545.28
1654637,16546.37
1654756,16547.56
1654876,16548.76
1654982,16549.82
1655080,16550.8
1655173,16551.73
1655265,16552.65
1655356,16553.56
1655445,16554.45
1655538,16555.38
1655669,16556.69
1655798,16557.98
1655922,16559.22
1656049,16560.49
1656178,16561.78
1656303,16563.03
1656424,16564.24
1656544,16565.44
1656658,16566.58
1656763,16567.63
1656867,16568.67
1656972,16569.72
1657078,16570.78
1657181,16571.81
1657284,16572.84
1657389,16573.89
1657494,16574.94
1657594,16575.94
1657694,16576.94
1657790,16577.9
1657887,16578.87
1657982,16579.82
1658087,16580.87
1658211,16582.11
1658339,16583.39
1658464,16584.64
1658592,16585.92
1658713,16587.13
1658831,16588.31
1658947,16589.47
1659060,16590.6
1659164,16591.64
1659270,16592.7
1659373,16593.73
1659472,16594.72
1659569,16595.69
1659673,16596.73
1659775,16597.75
1659868,16598.68
1659960,16599.6
1660061,16600.61
1660179,16601.79
1660304,16603.04
1660437,16604.37
1660564,16605.64
1660690,16606.9
1660813,16608.13
1660929,16609.29
1661046,16610.46
1661158,16611.58
1661268,16612.68
1661375,16613.75
1661483,16614.83
1661583,16615.83
1661686,16616.86
1661792,16617.92
1661895,16618.95
1661997,16619.97
1662094,16620.94
1662188,16621.88
1662280,16622.8
1662379,16623.79
1662499,16624.99
1662620,16626.2
1662743,16627.43
1662869,16628.69
1662987,16629.87
1663097,16630.97
1663206,16632.06
1663312,16633.12
1663410,16634.1
1663511,16635.11
1663612,16636.12
1663713,16637.13
1663811,16638.11
1663912,16639.12
1664013,16640.13
1664109,16641.09
1664199,16641.99
1664285,16642.85
1664373,16643.73
1664466,16644.66
1664587,16645.87
1664717,16647.17
1664847,16648.47
1664985,16649.85
1665107,16651.07
1665222,16652.22
1665341,16653.41
1665457,16654.57
1665568,16655.68
1665684,16656.84
1665800,16658.0
1665905,16659.05
1666003,16660.03
1666101,16661.01
1666202,16662.02
1666314,16663.14
1666435,16664.35
1666567,16665.67
1666692,16666.92
1666814,16668.14
1666932,16669.32
1667046,16670.46
1667156,16671.56
1667257,16672.57
1667350,16673.5
1667446,16674.46
1667552,16675.52
1667673,16676.73
1667794,16677.94
1667918,16679.18
1668041,16680.41
1668158,16681.58
1668276,16682.76
1668391,16683.91
1668500,16685.0
1668611,16686.11
1668720,16687.2
1668822,16688.22
1668922,16689.22
1669022,16690.22
1669120,16691.2
1669224,16692.24
1669335,16693.35
1669448,16694.48
1669565,16695.65
1669683,16696.83
1669799,16697.99
1669909,16699.09
1670021,16700.21
1670126,16701.26
1670223,16702.23
1670315,16703.15
1670413,16704.13
1670526,16705.26
1670640,16706.4
1670757,16707.57
1670875,16708.75
1670993,16709.93
1671104,16711.04
1671213,16712.13
1671321,16713.21
1671422,16714.22
1671524,16715.24
1671626,16716.26
1671727,16717.27
1671828,16718.28
1671932,16719.32
1672036,16720.36
1672137,16721.37
1672238,16722.38
1672343,16723.43
1672445,16724.45
1672537,16725.37
1672626,16726.26
1672712,16727.12
1672798,16727.98
1672886,16728.86
1672993,16729.93
1673122,16731.22
1673253,16732.53
1673386,16733.86
1673516,16735.16
1673635,16736.35
1673752,16737.52
1673866,16738.66
1673972,16739.72
1674079,16740.79
1674188,16741.88
1674299,16742.99
1674405,16744.05
1674514,16745.14
1674625,16746.25
1674736,16747.36
1674843,16748.43
1674949,16749.49
1675053,16750.53
1675145,16751.45
1675233,16752.33
1675322,16753.22
1675414,16754.14
1675513,16755.13
1675638,16756.38
1675757,16757.57
1675882,16758.82
1676007,16760.07
1676132,16761.32
1676254,16762.54
1676374,16763.74
1676491,16764.91
1676601,16766.01
1676706,16767.06
1676813,16768.13
1676922,16769.22
1677029,16770.29
1677137,16771.37
1677240,16772.4
1677338,16773.38
1677437,16774.37
1677539,16775.39
1677646,16776.46
1677752,16777.52
1677860,16778.6
1677969,16779.69
1678073,16780.73
1678172,16781.72
1678266,16782.66
1678357,16783.57
1678444,16784.44
1678528,16785.28
1678603,16786.03
1678678,16786.78
1678773,16787.73
1678859,16788.59
1678946,16789.46
1679031,16790.31
1679113,16791.13
1679195,16791.95
1679277,16792.77
1679349,16793.49
1679421,16794.21
1679507,16795.07
1679594,16795.94
1679661,16796.61
1679737,16797.37
1679811,16798.11
1679884,16798.84
1679957,16799.57
1680029,16800.29
1680101,16801.01
1680170,16801.7
1680267,16802.67
1680372,16803.72
1680441,16804.41
1680509,16805.09
1680581,16805.81
1680654,16806.54
1680716,16807.16
1680791,16807.91
1680871,16808.71
1680954,16809.54
1681014,16810.14
1681087,16810.87
1681175,16811.75
1681247,16812.47
1681315,16813.15
1681385,16813.85
1681456,16814.56
1681527,16815.27
1681596,16815.96
1681665,16816.65
1681735,16817.35
1681791,16817.91
1681876,16818.76
1681948,16819.48
1682008,16820.08
1682069,16820.69
1682145,16821.45
1682222,16822.22
1682320,16823.2
1682395,16823.95
1682472,16824.72
1682553,16825.53
1682634,16826.34
1682703,16827.03
1682797,16827.97
1682880,16828.8
1682960,16829.6
1683038,16830.38
1683114,16831.14
1683189,16831.89
1683265,16832.65
1683340,16833.4
1683416,16834.16
1683492,16834.92
1683558,16835.58
1683644,16836.44
1683706,16837.06
1683781,16837.81
1683857,16838.57
1683940,16839.4
1684032,16840.32
1684122,16841.22
1684217,16842.17
1684285,16842.85
1684363,16843.63
1684438,16844.38
1684511,16845.11
1684583,16845.83
1684654,16846.54
1684725,16847.25
1684800,16848.0
1684881,16848.81
1684976,16849.76
1685075,16850.75
1685167,16851.67
1685259,16852.59
1685355,16853.55
1685453,16854.53
1685541,16855.41
1685624,16856.24
1685704,16857.04
1685783,16857.83
1685862,16858.62
1685945,16859.45
1686033,16860.33
1686121,16861.21
1686213,16862.13
1686319,16863.19
1686419,16864.19
1686519,16865.19
1686600,16866.0
1686681,16866.81
1686773,16867.73
1686853,16868.53
1686916,16869.16
1686980,16869.8
1687030,16870.3
1687081,16870.81
1687151,16871.51
1687225,16872.25
1687297,16872.97
1687368,16873.68
1687437,16874.37
1687505,16875.05
1687585,16875.85
1687648,16876.48
1687711,16877.11
1687787,16877.87
1687883,16878.83
1687990,16879.9
1688090,16880.9
1688184,16881.84
1688280,16882.8
1688378,16883.78
1688467,16884.67
1688554,16885.54
1688644,16886.44
1688740,16887.4
1688837,16888.37
1688931,16889.31
1689030,16890.3
1689134,16891.34
1689233,16892.33
1689329,16893.29
1689429,16894.29
1689533,16895.33
1689632,16896.32
1689726,16897.26
1689824,16898.24
1689925,16899.25
1690025,16900.25
1690122,16901.22
1690225,16902.25
1690334,16903.34
1690443,16904.43
1690545,16905.45
1690652,16906.52
1690759,16907.59
1690863,16908.63
1690958,16909.58
1691058,16910.58
1691160,16911.6
1691264,16912.64
1691362,16913.62
1691466,16914.66
1691576,16915.76
1691685,16916.85
1691787,16917.87
1691879,16918.79
1691968,16919.68
1692056,16920.56
1692140,16921.4
1692222,16922.22
1692301,16923.01
1692382,16923.82
1692486,16924.86
1692600,16926.0
1692707,16927.07
1692819,16928.19
1692937,16929.37
1693054,16930.54
1693164,16931.64
1693273,16932.73
1693379,16933.79
1693485,16934.85
1693585,16935.85
1693691,16936.91
1693804,16938.04
1693912,16939.12
1694019,16940.19
1694131,16941.31
1694240,16942.4
1694345,16943.45
1694451,16944.51
1694562,16945.62
1694667,16946.67
1694777,16947.77
1694889,16948.89
1694992,16949.92
1695085,16950.85
1695178,16951.78
1695282,16952.82
1695396,16953.96
1695509,16955.09
1695632,16956.32
1695753,16957.53
1695867,16958.67
1695980,16959.8
1696092,16960.92
1696198,16961.98
1696301,16963.01
1696408,16964.08
1696518,16965.18
1696625,16966.25
1696727,16967.27
1696824,16968.24
1696923,16969.23
1697026,16970.26
1697130,16971.3
1697231,16972.31
1697337,16973.37
1697444,16974.44
1697549,16975.49
1697653,16976.53
1697758,16977.58
1697861,16978.61
1697959,16979.59
1698052,16980.52
1698148,16981.48
1698246,16982.46
1698345,16983.45
1698439,16984.39
1698529,16985.29
1698624,16986.24
1698723,16987.23
1698819,16988.19
1698913,16989.13
1699010,16990.1
1699106,16991.06
1699201,16992.01
1699293,16992.93
1699387,16993.87
1699483,16994.83
1699579,16995.79
1699669,16996.69
1699756,16997.56
1699845,16998.45
1699939,16999.39
1700033,17000.33
1700125,17001.25
1700221,17002.21
1700322,17003.22
1700425,17004.25
1700521,17005.21
1700613,17006.13
1700709,17007.09
1700812,17008.12
1700912,17009.12
1701006,17010.06
1701105,17011.05
1701216,17012.16
1701326,17013.26
1701430,17014.3
1701538,17015.38
1701648,17016.48
1701755,17017.55
1701857,17018.57
1701963,17019.63
1702075,17020.75
1702183,17021.83
1702286,17022.86
1702386,17023.86
1702484,17024.84
1702579,17025.79
1702669,17026.69
1702760,17027.6
1702846,17028.46
1702940,17029.4
1703023,17030.23
1703106,17031.06
1703207,17032.07
1703316,17033.16
1703428,17034.28
1703534,17035.34
1703634,17036.34
1703730,17037.3
1703830,17038.3
1703929,17039.29
1704026,17040.26
1704118,17041.18
1704220,17042.2
1704335,17043.35
1704447,17044.47
1704556,17045.56
1704668,17046.68
1704780,17047.8
1704885,17048.85
1704985,17049.85
1705089,17050.89
1705198,17051.98
1705300,17053.0
1705400,17054.0
1705508,17055.08
1705607,17056.07
1705706,17057.06
1705803,17058.03
1705915,17059.15
1706035,17060.35
1706151,17061.51
1706259,17062.59
1706372,17063.72
1706483,17064.83
1706590,17065.9
1706698,17066.98
1706809,17068.09
1706921,17069.21
1707029,17070.29
1707139,17071.39
1707249,17072.49
1707357,17073.57
1707459,17074.59
1707563,17075.63
1707666,17076.66
1707762,17077.62
1707853,17078.53
1707954,17079.54
1708067,17080.67
1708179,17081.79
1708302,17083.02
1708431,17084.31
1708556,17085.56
1708676,17086.76
1708794,17087.94
1708906,17089.06
1709010,17090.1
1709115,17091.15
1709222,17092.22
1709331,17093.31
1709435,17094.35
1709539,17095.39
1709649,17096.49
1709758,17097.58
1709863,17098.63
1709965,17099.65
1710064,17100.64
1710157,17101.57
1710253,17102.53
1710363,17103.63
1710479,17104.79
1710598,17105.98
1710722,17107.22
1710837,17108.37
1710952,17109.52
1711066,17110.66
1711174,17111.74
1711280,17112.8
1711386,17113.86
1711491,17114.91
1711596,17115.96
1711697,17116.97
1711806,17118.06
1711917,17119.17
1712021,17120.21
1712129,17121.29
1712235,17122.35
1712339,17123.39
1712443,17124.43
1712545,17125.45
1712644,17126.44
1712739,17127.39
1712834,17128.34
1712927,17129.27
1713014,17130.14
1713097,17130.97
1713185,17131.85
1713287,17132.87
1713380,17133.8
1713479,17134.79
1713581,17135.81
1713683,17136.83
1713781,17137.81
1713881,17138.81
1713978,17139.78
1714077,17140.77
1714175,17141.75
1714282,17142.82
1714398,17143.98
1714515,17145.15
1714628,17146.28
1714743,17147.43
1714856,17148.56
1714968,17149.68
1715083,17150.83
1715195,17151.95
1715308,17153.08
1715422,17154.22
1715531,17155.31
1715634,17156.34
1715740,17157.4
1715852,17158.52
1715970,17159.7
1716082,17160.82
1716197,17161.97
1716313,17163.13
1716424,17164.24
1716531,17165.31
1716644,17166.44
1716758,17167.58
1716869,17168.69
1716987,17169.87
1717104,17171.04
1717215,17172.15
1717323,17173.23
1717424,17174.24
1717521,17175.21
1717612,17176.12
1717703,17177.03
1717808,17178.08
1717929,17179.29
1718052,17180.52
1718194,17181.94
1718336,17183.36
1718450,17184.5
1718564,17185.64
1718683,17186.83
1718798,17187.98
1718907,17189.07
1719013,17190.13
1719118,17191.18
1719218,17192.18
1719313,17193.13
1719413,17194.13
1719517,17195.17
1719624,17196.24
1719728,17197.28
1719836,17198.36
1719944,17199.44
1720048,17200.48
1720149,17201.49
1720252,17202.52
1720359,17203.59
1720464,17204.64
1720566,17205.66
1720669,17206.69
1720767,17207.67
1720859,17208.59
1720953,17209.53
1721043,17210.43
1721129,17211.29
1721218,17212.18
1721316,17213.16
1721418,17214.18
1721524,17215.24
1721643,17216.43
1721767,17217.67
1721893,17218.93
1722010,17220.1
1722130,17221.3
1722246,17222.46
1722357,17223.57
1722468,17224.68
1722581,17225.81
1722684,17226.84
1722786,17227.86
1722892,17228.92
1722999,17229.99
1723105,17231.05
1723216,17232.16
1723328,17233.28
1723436,17234.36
1723546,17235.46
1723659,17236.59
1723775,17237.75
1723885,17238.85
1723997,17239.97
1724111,17241.11
1724226,17242.26
1724341,17243.41
1724455,17244.55
1724562,17245.62
1724659,17246.59
1724748,17247.48
1724839,17248.39
1724942,17249.42
1725055,17250.55
1725174,17251.74
1725299,17252.99
1725437,17254.37
1725572,17255.72
1725701,17257.01
1725830,17258.3
1725952,17259.52
1726065,17260.65
1726177,17261.77
1726288,17262.88
1726397,17263.97
1726499,17264.99
1726603,17266.03
1726711,17267.11
1726818,17268.18
1726921,17269.21
1727024,17270.24
1727126,17271.26
1727219,17272.19
1727309,17273.09
1727400,17274.0
1727487,17274.87
1727570,17275.7
1727660,17276.6
1727780,17277.8
1727923,17279.23
1728049,17280.49
1728186,17281.86
1728309,17283.09
1728433,17284.33
1728550,17285.5
1728662,17286.62
1728776,17287.76
1728888,17288.88
1728991,17289.91
1729093,17290.93
1729203,17292.03
1729315,17293.15
1729422,17294.22
1729529,17295.29
1729641,17296.41
1729755,17297.55
1729864,17298.64
1729976,17299.76
1730091,17300.91
1730201,17302.01
1730312,17303.12
1730422,17304.22
1730530,17305.3
1730635,17306.35
1730736,17307.36
1730839,17308.39
1730939,17309.39
1731048,17310.48
1731159,17311.59
1731264,17312.64
1731372,17313.72
1731484,17314.84
1731594,17315.94
1731703,17317.03
1731820,17318.2
1731929,17319.29
1732038,17320.38
1732141,17321.41
1732240,17322.4
1732339,17323.39
1732446,17324.46
1732559,17325.59
1732670,17326.7
1732789,17327.89
1732909,17329.09
1733019,17330.19
1733129,17331.29
1733241,17332.41
1733350,17333.5
1733453,17334.53
1733558,17335.58
1733658,17336.58
1733752,17337.52
1733844,17338.44
1733944,17339.44
1734054,17340.54
1734163,17341.63
1734277,17342.77
1734389,17343.89
1734492,17344.92
1734598,17345.98
1734710,17347.1
1734819,17348.19
1734932,17349.32
1735048,17350.48
1735159,17351.59
1735264,17352.64
1735373,17353.73
1735482,17354.82
1735588,17355.88
1735687,17356.87
1735789,17357.89
1735901,17359.01
1736013,17360.13
1736128,17361.28
1736244,17362.44
1736358,17363.58
1736468,17364.68
1736580,17365.8
1736687,17366.87
1736788,17367.88
1736892,17368.92
1737007,17370.07
1737118,17371.18
1737228,17372.28
1737341,17373.41
1737448,17374.48
1737550,17375.5
1737654,17376.54
1737761,17377.61
1737861,17378.61
1737968,17379.68
1738078,17380.78
1738191,17381.91
1738300,17383.0
1738407,17384.07
1738520,17385.2
1738628,17386.28
1738730,17387.3
1738837,17388.37
1738951,17389.51
1739055,17390.55
1739154,17391.54
1739246,17392.46
1739338,17393.38
1739424,17394.24
1739511,17395.11
1739603,17396.03
1739696,17396.96
1739793,17397.93
1739905,17399.05
1740033,17400.33
1740094,17400.94
1740156,17401.56
1740283,17402.83
1740412,17404.12
1740530,17405.3
1740642,17406.42
1740751,17407.51
1740856,17408.56
1740953,17409.53
1741051,17410.51
1741148,17411.48
1741248,17412.48
1741367,17413.67
1741487,17414.87
1741612,17416.12
1741736,17417.36
1741856,17418.56
1741968,17419.68
1742079,17420.79
1742189,17421.89
1742291,17422.91
1742392,17423.92
1742497,17424.97
1742607,17426.07
1742710,17427.1
1742815,17428.15
1742923,17429.23
1743024,17430.24
1743121,17431.21
1743217,17432.17
1743318,17433.18
1743420,17434.2
1743534,17435.34
1743658,17436.58
1743774,17437.74
1743895,17438.95
1744018,17440.18
1744126,17441.26
1744236,17442.36
1744349,17443.49
1744461,17444.61
1744566,17445.66
1744679,17446.79
1744791,17447.91
1744897,17448.97
1745002,17450.02
1745110,17451.1
1745220,17452.2
1745319,17453.19
1745417,17454.17
1745515,17455.15
1745612,17456.12
1745703,17457.03
1745798,17457.98
1745909,17459.09
1746030,17460.3
1746173,17461.73
1746307,17463.07
1746435,17464.35
1746545,17465.45
1746670,17466.7
1746790,17467.9
1746901,17469.01
1747007,17470.07
1747118,17471.18
1747225,17472.25
1747336,17473.36
1747448,17474.48
1747557,17475.57
1747666,17476.66
1747781,17477.81
1747896,17478.96
1748004,17480.04
1748117,17481.17
1748225,17482.25
1748325,17483.25
1748422,17484.22
1748528,17485.28
1748649,17486.49
1748761,17487.61
1748877,17488.77
1748993,17489.93
1749103,17491.03
1749206,17492.06
1749316,17493.16
1749427,17494.27
1749534,17495.34
1749649,17496.49
1749772,17497.72
1749895,17498.95
1750013,17500.13
1750135,17501.35
1750259,17502.59
1750367,17503.67
1750473,17504.73
1750583,17505.83
1750694,17506.94
1750817,17508.17
1750936,17509.36
1751044,17510.44
1751141,17511.41
1751240,17512.4
1751356,17513.56
1751474,17514.74
1751589,17515.89
1751710,17517.1
1751830,17518.3
1751943,17519.43
1752054,17520.54
1752168,17521.68
1752278,17522.78
1752382,17523.82
1752489,17524.89
1752593,17525.93
1752695,17526.95
1752790,17527.9
1752886,17528.86
1752993,17529.93
1753101,17531.01
1753219,17532.19
1753343,17533.43
1753461,17534.61
1753579,17535.79
1753695,17536.95
1753798,17537.98
1753894,17538.94
1753992,17539.92
1754101,17541.01
1754209,17542.09
1754325,17543.25
1754440,17544.4
1754551,17545.51
1754662,17546.62
1754772,17547.72
1754879,17548.79
1754995,17549.95
1755117,17551.17
1755235,17552.35
1755349,17553.49
1755466,17554.66
1755576,17555.76
1755680,17556.8
1755786,17557.86
1755899,17558.99
1756008,17560.08
1756117,17561.17
1756232,17562.32
1756344,17563.44
1756449,17564.49
1756551,17565.51
1756650,17566.5
1756743,17567.43
1756838,17568.38
1756952,17569.52
1757073,17570.73
1757194,17571.94
1757320,17573.2
1757440,17574.4
1757551,17575.51
1757663,17576.63
1757772,17577.72
1757878,17578.78
1757988,17579.88
1758096,17580.96
1758207,17582.07
1758323,17583.23
1758433,17584.33
1758534,17585.34
1758626,17586.26
1758713,17587.13
1758801,17588.01
1758896,17588.96
1759030,17590.3
1759162,17591.62
1759300,17593.0
1759439,17594.39
1759566,17595.66
1759690,17596.9
1759815,17598.15
1759935,17599.35
1760044,17600.44
1760153,17601.53
1760262,17602.62
1760368,17603.68
1760473,17604.73
1760579,17605.79
1760687,17606.87
1760790,17607.9
1760895,17608.95
1760999,17609.99
1761098,17610.98
1761193,17611.93
1761285,17612.85
1761380,17613.8
1761476,17614.76
1761574,17615.74
1761689,17616.89
1761805,17618.05
1761915,17619.15
1762027,17620.27
1762142,17621.42
1762252,17622.52
1762360,17623.6
1762474,17624.74
1762580,17625.8
1762681,17626.81
1762790,17627.9
1762901,17629.01
1763011,17630.11
1763126,17631.26
1763242,17632.42
1763354,17633.54
1763468,17634.68
1763583,17635.83
1763688,17636.88
1763787,17637.87
1763881,17638.81
1763978,17639.78
1764079,17640.79
1764194,17641.94
1764310,17643.1
1764426,17644.26
1764536,17645.36
1764649,17646.49
1764765,17647.65
1764877,17648.77
1764994,17649.94
1765105,17651.05
1765214,17652.14
1765326,17653.26
1765439,17654.39
1765545,17655.45
1765652,17656.52
1765756,17657.56
1765855,17658.55
1765951,17659.51
1766045,17660.45
1766137,17661.37
1766232,17662.32
1766359,17663.59
1766492,17664.92
1766616,17666.16
1766746,17667.46
1766870,17668.7
1766989,17669.89
1767106,17671.06
1767225,17672.25
1767334,17673.34
1767439,17674.39
1767547,17675.47
1767657,17676.57
1767764,17677.64
1767872,17678.72
1767987,17679.87
1768102,17681.02
1768210,17682.1
1768322,17683.22
1768428,17684.28
1768526,17685.26
1768623,17686.23
1768731,17687.31
1768848,17688.48
1768961,17689.61
1769077,17690.77
1769191,17691.91
1769295,17692.95
1769401,17694.01
1769509,17695.09
1769610,17696.1
1769714,17697.14
1769816,17698.16
1769920,17699.2
1770029,17700.29
1770137,17701.37
1770240,17702.4
1770351,17703.51
1770464,17704.64
1770574,17705.74
1770684,17706.84
1770792,17707.92
1770893,17708.93
1770991,17709.91
1771083,17710.83
1771172,17711.72
1771259,17712.59
1771354,17713.54
1771457,17714.57
1771560,17715.6
1771658,17716.58
1771766,17717.66
1771881,17718.81
1771994,17719.94
1772118,17721.18
1772242,17722.42
1772363,17723.63
1772485,17724.85
1772610,17726.1
1772729,17727.29
1772848,17728.48
1772967,17729.67
1773080,17730.8
1773194,17731.94
1773310,17733.1
1773420,17734.2
1773521,17735.21
1773621,17736.21
1773724,17737.24
1773834,17738.34
1773942,17739.42
1774040,17740.4
1774138,17741.38
1774248,17742.48
1774367,17743.67
1774479,17744.79
1774596,17745.96
1774716,17747.16
1774834,17748.34
1774940,17749.4
1775049,17750.49
1775158,17751.58
1775261,17752.61
1775364,17753.64
1775469,17754.69
1775572,17755.72
1775668,17756.68
1775763,17757.63
1775866,17758.66
1775971,17759.71
1776072,17760.72
1776169,17761.69
1776262,17762.62
1776357,17763.57
1776456,17764.56
1776574,17765.74
1776698,17766.98
1776814,17768.14
1776930,17769.3
1777047,17770.47
1777158,17771.58
1777268,17772.68
1777382,17773.82
1777491,17774.91
1777596,17775.96
1777705,17777.05
1777814,17778.14
1777926,17779.26
1778041,17780.41
1778148,17781.48
1778253,17782.53
1778360,17783.6
1778459,17784.59
1778550,17785.5
1778638,17786.38
1778730,17787.3
1778830,17788.3
1778946,17789.46
1779078,17790.78
1779204,17792.04
1779350,17793.5
1779496,17794.96
1779606,17796.06
1779729,17797.29
1779853,17798.53
1779969,17799.69
1780073,17800.73
1780180,17801.8
1780289,17802.89
1780399,17803.99
1780517,17805.17
1780632,17806.32
1780738,17807.38
1780845,17808.45
1780954,17809.54
1781063,17810.63
1781163,17811.63
1781257,17812.57
1781346,17813.46
1781434,17814.34
1781523,17815.23
1781623,17816.23
1781745,17817.45
1781863,17818.63
1781986,17819.86
1782104,17821.04
1782215,17822.15
1782327,17823.27
1782437,17824.37
1782540,17825.4
1782640,17826.4
1782746,17827.46
1782854,17828.54
1782956,17829.56
1783065,17830.65
1783177,17831.77
1783284,17832.84
1783385,17833.85
1783479,17834.79
1783570,17835.7
1783659,17836.59
1783760,17837.6
1783890,17838.9
1784017,17840.17
1784147,17841.47
1784287,17842.87
1784419,17844.19
1784539,17845.39
1784654,17846.54
1784762,17847.62
1784873,17848.73
1784977,17849.77
1785078,17850.78
1785184,17851.84
1785287,17852.87
1785390,17853.9
1785500,17855.0
1785605,17856.05
1785709,17857.09
1785829,17858.29
1785955,17859.55
1786076,17860.76
1786194,17861.94
1786311,17863.11
1786422,17864.22
1786532,17865.32
1786643,17866.43
1786757,17867.57
1786864,17868.64
1786972,17869.72
1787083,17870.83
1787194,17871.94
1787306,17873.06
1787418,17874.18
1787530,17875.3
1787635,17876.35
1787731,17877.31
1787827,17878.27
1787925,17879.25
1788030,17880.3
1788154,17881.54
1788286,17882.86
1788411,17884.11
1788536,17885.36
1788661,17886.61
1788778,17887.78
1788892,17888.92
1789007,17890.07
1789118,17891.18
1789223,17892.23
1789328,17893.28
1789433,17894.33
1789535,17895.35
1789636,17896.36
1789744,17897.44
1789849,17898.49
1789951,17899.51
1790054,17900.54
1790151,17901.51
1790245,17902.45
1790339,17903.39
1790442,17904.42
1790559,17905.59
1790672,17906.72
1790790,17907.9
1790907,17909.07
1791028,17910.28
1791143,17911.43
1791252,17912.52
1791358,17913.58
1791460,17914.6
1791555,17915.55
1791654,17916.54
1791756,17917.56
1791859,17918.59
1791965,17919.65
1792070,17920.7
1792169,17921.69
1792262,17922.62
1792358,17923.58
1792463,17924.63
1792573,17925.73
1792684,17926.84
1792804,17928.04
1792918,17929.18
1793032,17930.32
1793145,17931.45
1793255,17932.55
1793364,17933.64
1793475,17934.75
1793582,17935.82
1793689,17936.89
1793800,17938.0
1793908,17939.08
1794012,17940.12
1794121,17941.21
1794229,17942.29
1794340,17943.4
1794457,17944.57
1794572,17945.72
1794682,17946.82
1794789,17947.89
1794889,17948.89
1794989,17949.89
1795102,17951.02
1795223,17952.23
1795340,17953.4
1795458,17954.58
1795574,17955.74
1795682,17956.82
1795787,17957.87
1795896,17958.96
1796009,17960.09
1796116,17961.16
1796228,17962.28
1796340,17963.4
1796448,17964.48
1796559,17965.59
1796670,17966.7
1796775,17967.75
1796881,17968.81
1796991,17969.91
1797104,17971.04
1797208,17972.08
1797305,17973.05
1797398,17973.98
1797490,17974.9
1797581,17975.81
1797695,17976.95
1797821,17978.21
1797942,17979.42
1798065,17980.65
1798190,17981.9
1798309,17983.09
1798423,17984.23
1798537,17985.37
1798643,17986.43
1798746,17987.46
1798853,17988.53
1798957,17989.57
1799058,17990.58
1799161,17991.61
1799272,17992.72
1799380,17993.8
1799490,17994.9
1799600,17996.0
1799711,17997.11
1799811,17998.11
1799908,17999.08
1800001,18000.01
1800090,18000.9
1800179,18001.79
1800283,18002.83
1800409,18004.09
1800530,18005.3
1800655,18006.55
1800780,18007.8
1800892,18008.92
1800998,18009.98
1801106,18011.06
1801215,18012.15
1801321,18013.21
1801432,18014.32
1801551,18015.51
1801666,18016.66
1801780,18017.8
1801896,18018.96
1802008,18020.08
1802118,18021.18
1802233,18022.33
1802344,18023.44
1802447,18024.47
1802541,18025.41
1802632,18026.32
1802728,18027.28
1802829,18028.29
1802923,18029.23
1803019,18030.19
1803130,18031.3
1803247,18032.47
1803375,18033.75
1803503,18035.03
1803621,18036.21
1803741,18037.41
1803860,18038.6
1803970,18039.7
1804080,18040.8
1804191,18041.91
1804298,18042.98
1804401,18044.01
1804504,18045.04
1804614,18046.14
1804723,18047.23
1804836,18048.36
1804951,18049.51
1805067,18050.67
1805173,18051.73
1805278,18052.78
1805383,18053.83
1805484,18054.84
1805579,18055.79
1805673,18056.73
1805767,18057.67
1805863,18058.63
1805974,18059.74
1806090,18060.9
1806202,18062.02
1806307,18063.07
1806410,18064.1
1806516,18065.16
1806620,18066.2
1806728,18067.28
1806836,18068.36
1806944,18069.44
1807055,18070.55
1807163,18071.63
1807268,18072.68
1807378,18073.78
1807488,18074.88
1807597,18075.97
1807710,18077.1
1807824,18078.24
1807931,18079.31
1808039,18080.39
1808153,18081.53
1808262,18082.62
1808376,18083.76
1808484,18084.84
1808580,18085.8
1808672,18086.72
1808766,18087.66
1808873,18088.73
1808984,18089.84
1809106,18091.06
1809229,18092.29
1809345,18093.45
1809461,18094.61
1809578,18095.78
1809689,18096.89
1809796,18097.96
1809905,18099.05
1810014,18100.14
1810116,18101.16
1810220,18102.2
1810323,18103.23
1810427,18104.27
1810528,18105.28
1810635,18106.35
1810747,18107.47
1810854,18108.54
1810961,18109.61
1811067,18110.67
1811161,18111.61
1811253,18112.53
1811351,18113.51
1811456,18114.56
1811568,18115.68
1811687,18116.87
1811803,18118.03
1811920,18119.2
1812038,18120.38
1812154,18121.54
1812261,18122.61
1812371,18123.71
1812478,18124.78
1812583,18125.83
1812690,18126.9
1812800,18128.0
1812908,18129.08
1813018,18130.18
1813128,18131.28
1813233,18132.33
1813334,18133.34
1813438,18134.38
1813542,18135.42
1813650,18136.5
1813753,18137.53
1813862,18138.62
1813976,18139.76
1814084,18140.84
1814191,18141.91
1814293,18142.93
1814392,18143.92
1814487,18144.87
1814592,18145.92
1814697,18146.97
1814800,18148.0
1814909,18149.09
1815019,18150.19
1815125,18151.25
1815230,18152.3
1815339,18153.39
1815448,18154.48
1815553,18155.53
1815663,18156.63
1815775,18157.75
1815884,18158.84
1816000,18160.0
1816118,18161.18
1816230,18162.3
1816341,18163.41
1816454,18164.54
1816557,18165.57
1816660,18166.6
1816766,18167.66
1816878,18168.78
1816984,18169.84
1817101,18171.01
1817218,18172.18
1817335,18173.35
1817455,18174.55
1817566,18175.66
1817672,18176.72
1817776,18177.76
1817874,18178.74
1817969,18179.69
1818069,18180.69
1818180,18181.8
1818289,18182.89
1818395,18183.95
1818508,18185.08
1818625,18186.25
1818738,18187.38
1818846,18188.46
1818956,18189.56
1819068,18190.68
1819168,18191.68
1819266,18192.66
1819367,18193.67
1819469,18194.69
1819570,18195.7
1819672,18196.72
1819778,18197.78
1819883,18198.83
1819981,18199.81
1820076,18200.76
1820171,18201.71
1820273,18202.73
1820374,18203.74
1820482,18204.82
1820594,18205.94
1820706,18207.06
1820817,18208.17
1820920,18209.2
1821023,18210.23
1821126,18211.26
1821222,18212.22
1821319,18213.19
1821417,18214.17
1821512,18215.12
1821615,18216.15
1821721,18217.21
1821826,18218.26
1821927,18219.27
1822032,18220.32
1822140,18221.4
1822242,18222.42
1822346,18223.46
1822452,18224.52
1822555,18225.55
1822661,18226.61
1822766,18227.66
1822866,18228.66
1822961,18229.61
1823057,18230.57
1823157,18231.57
1823258,18232.58
1823370,18233.7
1823485,18234.85
1823594,18235.94
1823708,18237.08
1823821,18238.21
1823931,18239.31
1824040,18240.4
1824155,18241.55
1824268,18242.68
1824373,18243.73
1824480,18244.8
1824589,18245.89
1824691,18246.91
1824797,18247.97
1824905,18249.05
1825010,18250.1
1825113,18251.13
1825219,18252.19
1825316,18253.16
1825403,18254.03
1825487,18254.87
1825579,18255.79
1825687,18256.87
1825794,18257.94
1825931,18259.31
1826068,18260.68
1826193,18261.93
1826318,18263.18
1826444,18264.44
1826572,18265.72
1826701,18267.01
1826814,18268.14
1826933,18269.33
1827050,18270.5
1827165,18271.65
1827268,18272.68
1827373,18273.73
1827481,18274.81
1827596,18275.96
1827713,18277.13
1827826,18278.26
1827941,18279.41
1828053,18280.53
1828155,18281.55
1828252,18282.52
1828342,18283.42
1828428,18284.28
1828516,18285.16
1828615,18286.15
1828730,18287.3
1828803,18288.03
1828876,18288.76
1829012,18290.12
1829140,18291.4
1829278,18292.78
1829397,18293.97
1829540,18295.4
1829638,18296.38
1829755,18297.55
1829864,18298.64
1829973,18299.73
1830084,18300.84
1830190,18301.9
1830291,18302.91
1830399,18303.99
1830508,18305.08
1830613,18306.13
1830724,18307.24
1830836,18308.36
1830942,18309.42
1831051,18310.51
1831163,18311.63
1831267,18312.67
1831373,18313.73
1831482,18314.82
1831585,18315.85
1831676,18316.76
1831764,18317.64
1831859,18318.59
1831970,18319.7
1832098,18320.98
1832230,18322.3
1832357,18323.57
1832482,18324.82
1832607,18326.07
1832726,18327.26
1832840,18328.4
1832957,18329.57
1833068,18330.68
1833173,18331.73
1833280,18332.8
1833383,18333.83
1833480,18334.8
1833579,18335.79
1833688,18336.88
1833796,18337.96
1833899,18338.99
1834006,18340.06
1834114,18341.14
1834222,18342.22
1834322,18343.22
1834420,18344.2
1834512,18345.12
1834602,18346.02
1834705,18347.05
1834828,18348.28
1834948,18349.48
1835067,18350.67
1835191,18351.91
1835310,18353.1
1835423,18354.23
1835535,18355.35
1835640,18356.4
1835740,18357.4
1835847,18358.47
1835958,18359.58
1836065,18360.65
1836169,18361.69
1836280,18362.8
1836390,18363.9
1836500,18365.0
1836613,18366.13
1836727,18367.27
1836833,18368.33
1836938,18369.38
1837043,18370.43
1837157,18371.57
1837276,18372.76
1837402,18374.02
1837524,18375.24
1837636,18376.36
1837744,18377.44
1837853,18378.53
1837962,18379.62
1838075,18380.75
1838191,18381.91
1838303,18383.03
1838409,18384.09
1838523,18385.23
1838638,18386.38
1838750,18387.5
1838869,18388.69
1838990,18389.9
1839102,18391.02
1839216,18392.16
1839332,18393.32
1839441,18394.41
1839543,18395.43
1839647,18396.47
1839750,18397.5
1839854,18398.54
1839967,18399.67
1840080,18400.8
1840183,18401.83
1840290,18402.9
1840395,18403.95
1840498,18404.98
1840594,18405.94
1840685,18406.85
1840784,18407.84
1840892,18408.92
1841004,18410.04
1841114,18411.14
1841229,18412.29
1841342,18413.42
1841454,18414.54
1841571,18415.71
1841687,18416.87
1841793,18417.93
1841901,18419.01
1842009,18420.09
1842113,18421.13
1842217,18422.17
1842326,18423.26
1842434,18424.34
1842544,18425.44
1842654,18426.54
1842761,18427.61
1842864,18428.64
1842971,18429.71
1843078,18430.78
1843181,18431.81
1843285,18432.85
1843389,18433.89
1843488,18434.88
1843582,18435.82
1843674,18436.74
1843766,18437.66
1843857,18438.57
1843960,18439.6
1844075,18440.75
1844185,18441.85
1844299,18442.99
1844417,18444.17
1844527,18445.27
1844640,18446.4
1844755,18447.55
1844863,18448.63
1844973,18449.73
1845079,18450.79
1845184,18451.84
1845289,18452.89
1845395,18453.95
1845507,18455.07
1845618,18456.18
1845724,18457.24
1845830,18458.3
1845936,18459.36
1846039,18460.39
1846149,18461.49
1846261,18462.61
1846364,18463.64
1846465,18464.65
1846566,18465.66
1846667,18466.67
1846770,18467.7
1846882,18468.82
1847000,18470.0
1847112,18471.12
1847222,18472.22
1847337,18473.37
1847449,18474.49
1847555,18475.55
1847662,18476.62
1847770,18477.7
1847875,18478.75
1847976,18479.76
1848086,18480.86
1848197,18481.97
1848304,18483.04
1848410,18484.1
1848517,18485.17
1848623,18486.23
1848723,18487.23
1848825,18488.25
1848926,18489.26
1849019,18490.19
1849112,18491.12
1849219,18492.19
1849335,18493.35
1849451,18494.51
1849571,18495.71
1849692,18496.92
1849806,18498.06
1849919,18499.19
1850032,18500.32
1850140,18501.4
1850251,18502.51
1850356,18503.56
1850456,18504.56
1850551,18505.51
1850648,18506.48
1850747,18507.47
1850849,18508.49
1850953,18509.53
1851056,18510.56
1851158,18511.58
1851263,18512.63
1851374,18513.74
1851477,18514.77
1851580,18515.8
1851684,18516.84
1851787,18517.87
1851884,18518.84
1851976,18519.76
1852069,18520.69
1852164,18521.64
1852268,18522.68
1852384,18523.84
1852503,18525.03
1852620,18526.2
1852738,18527.38
1852852,18528.52
1852961,18529.61
1853071,18530.71
1853175,18531.75
1853281,18532.81
1853387,18533.87
1853491,18534.91
1853599,18535.99
1853711,18537.11
1853824,18538.24
1853939,18539.39
1854051,18540.51
1854158,18541.58
1854262,18542.62
1854363,18543.63
1854463,18544.63
1854557,18545.57
1854646,18546.46
1854731,18547.31
1854823,18548.23
1854944,18549.44
1855058,18550.58
1855179,18551.79
1855296,18552.96
1855406,18554.06
1855514,18555.14
1855623,18556.23
1855731,18557.31
1855834,18558.34
1855943,18559.43
1856050,18560.5
1856151,18561.51
1856255,18562.55
1856357,18563.57
1856456,18564.56
1856550,18565.5
1856649,18566.49
1856753,18567.53
1856857,18568.57
1856958,18569.58
1857067,18570.67
1857174,18571.74
1857274,18572.74
1857375,18573.75
1857478,18574.78
1857585,18575.85
1857696,18576.96
1857812,18578.12
1857929,18579.29
1858043,18580.43
1858157,18581.57
1858268,18582.68
1858369,18583.69
1858468,18584.68
1858570,18585.7
1858671,18586.71
1858769,18587.69
1858873,18588.73
1858977,18589.77
1859079,18590.79
1859185,18591.85
1859285,18592.85
1859380,18593.8
1859476,18594.76
1859569,18595.69
1859664,18596.64
1859759,18597.59
1859854,18598.54
1859960,18599.6
1860074,18600.74
1860189,18601.89
1860298,18602.98
1860409,18604.09
1860516,18605.16
1860617,18606.17
1860723,18607.23
1860828,18608.28
1860932,18609.32
1861043,18610.43
1861154,18611.54
1861258,18612.58
1861355,18613.55
1861459,18614.59
1861569,18615.69
1861684,18616.84
1861757,18617.57
1861831,18618.31
1861895,18618.95
1861958,18619.58
1862019,18620.19
1862079,18620.79
1862155,18621.55
1862222,18622.22
1862319,18623.19
1862431,18624.31
1862546,18625.46
1862660,18626.6
1862767,18627.67
1862874,18628.74
1862972,18629.72
1863061,18630.61
1863149,18631.49
1863249,18632.49
1863362,18633.62
1863478,18634.78
1863594,18635.94
1863710,18637.1
1863822,18638.22
1863937,18639.37
1864047,18640.47
1864158,18641.58
1864272,18642.72
1864384,18643.84
1864493,18644.93
1864602,18646.02
1864712,18647.12
1864816,18648.16
1864917,18649.17
1865023,18650.23
1865129,18651.29
1865233,18652.33
1865336,18653.36
1865438,18654.38
1865532,18655.32
1865628,18656.28
1865725,18657.25
1865820,18658.2
1865907,18659.07
1865998,18659.98
1866098,18660.98
1866206,18662.06
1866309,18663.09
1866415,18664.15
1866524,18665.24
1866633,18666.33
1866734,18667.34
1866836,18668.36
1866941,18669.41
1867042,18670.42
1867142,18671.42
1867247,18672.47
1867351,18673.51
1867461,18674.61
1867573,18675.73
1867686,18676.86
1867795,18677.95
1867908,18679.08
1868018,18680.18
1868122,18681.22
1868229,18682.29
1868337,18683.37
1868444,18684.44
1868547,18685.47
1868644,18686.44
1868734,18687.34
1868823,18688.23
1868922,18689.22
1869031,18690.31
1869143,18691.43
1869259,18692.59
1869380,18693.8
1869494,18694.94
1869612,18696.12
1869728,18697.28
1869835,18698.35
1869942,18699.42
1870053,18700.53
1870155,18701.55
1870258,18702.58
1870368,18703.68
1870478,18704.78
1870588,18705.88
1870707,18707.07
1870818,18708.18
1870927,18709.27
1871041,18710.41
1871146,18711.46
1871243,18712.43
1871334,18713.34
1871430,18714.3
1871557,18715.57
1871694,18716.94
1871823,18718.23
1871956,18719.56
1872083,18720.83
1872208,18722.08
1872319,18723.19
1872433,18724.33
1872543,18725.43
1872653,18726.53
1872758,18727.58
1872863,18728.63
1872966,18729.66
1873069,18730.69
1873171,18731.71
1873286,18732.86
1873401,18734.01
1873509,18735.09
1873619,18736.19
1873728,18737.28
1873837,18738.37
1873947,18739.47
1874055,18740.55
1874168,18741.68
1874280,18742.8
1874385,18743.85
1874481,18744.81
1874572,18745.72
1874662,18746.62
1874760,18747.6
1874825,18748.25
1874890,18748.9
1874963,18749.63
1875062,18750.62
1875162,18751.62
1875273,18752.73
1875389,18753.89
1875505,18755.05
1875625,18756.25
1875742,18757.42
1875851,18758.51
1875960,18759.6
1876072,18760.72
1876182,18761.82
1876289,18762.89
1876393,18763.93
1876492,18764.92
1876588,18765.88
1876687,18766.87
1876791,18767.91
1876894,18768.94
1877000,18770.0
1877111,18771.11
1877220,18772.2
1877325,18773.25
1877432,18774.32
1877539,18775.39
1877640,18776.4
1877737,18777.37
1877839,18778.39
1877940,18779.4
1878031,18780.31
1878119,18781.19
1878204,18782.04
1878289,18782.89
1878380,18783.8
1878506,18785.06
1878655,18786.55
1878780,18787.8
1878897,18788.97
1878999,18789.99
1879093,18790.93
1879166,18791.66
1879261,18792.61
1879342,18793.42
1879404,18794.04
1879480,18794.8
1879573,18795.73
1879651,18796.51
1879714,18797.14
1879791,18797.91
1879866,18798.66
1879940,18799.4
1880027,18800.27
1880098,18800.98
1880153,18801.53
1880222,18802.22
1880305,18803.05
1880374,18803.74
1880441,18804.41
1880509,18805.09
1880563,18805.63
1880645,18806.45
1880712,18807.12
1880780,18807.8
1880847,18808.47
1880902,18809.02
1880985,18809.85
1881052,18810.52
1881108,18811.08
1881176,18811.76
1881245,18812.45
1881315,18813.15
1881384,18813.84
1881453,18814.53
1881521,18815.21
1881589,18815.89
1881655,18816.55
1881721,18817.21
1881786,18817.86
1881850,18818.5
1881927,18819.27
1881981,18819.81
1882048,18820.48
1882121,18821.21
1882197,18821.97
1882278,18822.78
1882366,18823.66
1882458,18824.58
1882547,18825.47
1882630,18826.3
1882710,18827.1
1882793,18827.93
1882890,18828.9
1882971,18829.71
1883065,18830.65
1883135,18831.35
1883217,18832.17
1883301,18833.01
1883383,18833.83
1883460,18834.6
1883538,18835.38
1883616,18836.16
1883694,18836.94
1883769,18837.69
1883843,18838.43
1883913,18839.13
1883983,18839.83
1884051,18840.51
1884119,18841.19
1884186,18841.86
1884252,18842.52
1884317,18843.17
1884367,18843.67
1884432,18844.32
1884497,18844.97
1884565,18845.65
1884662,18846.62
1884732,18847.32
1884832,18848.32
1884965,18849.65
1885064,18850.64
1885164,18851.64
1885247,18852.47
1885358,18853.58
1885451,18854.51
1885544,18855.44
1885632,18856.32
1885713,18857.13
1885791,18857.91
1885872,18858.72
1885948,18859.48
1886023,18860.23
1886084,18860.84
1886175,18861.75
1886220,18862.2
1886299,18862.99
1886378,18863.78
1886464,18864.64
1886535,18865.35
1886609,18866.09
1886691,18866.91
1886763,18867.63
1886859,18868.59
1886961,18869.61
1887063,18870.63
1887159,18871.59
1887264,18872.64
1887334,18873.34
1887419,18874.19
1887506,18875.06
1887609,18876.09
1887725,18877.25
1887815,18878.15
1887927,18879.27
1888052,18880.52
1888142,18881.42
1888251,18882.51
1888375,18883.75
1888482,18884.82
1888567,18885.67
1888670,18886.7
1888796,18887.96
1888902,18889.02
1889001,18890.01
1889094,18890.94
1889222,18892.22
1889329,18893.29
1889429,18894.29
1889514,18895.14
1889630,18896.3
1889731,18897.31
1889826,18898.26
1889904,18899.04
1890004,18900.04
1890123,18901.23
1890221,18902.21
1890306,18903.06
1890417,18904.17
1890528,18905.28
1890625,18906.25
1890711,18907.11
1890824,18908.24
1890937,18909.37
1891039,18910.39
1891124,18911.24
1891237,18912.37
1891332,18913.32
1891423,18914.23
1891503,18915.03
1891603,18916.03
1891720,18917.2
1891816,18918.16
1891890,18918.9
1891976,18919.76
1892073,18920.73
1892152,18921.52
1892230,18922.3
1892315,18923.15
1892421,18924.21
1892520,18925.2
1892643,18926.43
1892780,18927.8
1892894,18928.94
1892990,18929.9
1893107,18931.07
1893225,18932.25
1893323,18933.23
1893406,18934.06
1893527,18935.27
1893641,18936.41
1893750,18937.5
1893845,18938.45
1893962,18939.62
1894080,18940.8
1894181,18941.81
1894271,18942.71
1894383,18943.83
1894513,18945.13
1894612,18946.12
1894738,18947.38
1894865,18948.65
1894975,18949.75
1895062,18950.62
1895179,18951.79
1895277,18952.77
1895371,18953.71
1895459,18954.59
1895584,18955.84
1895695,18956.95
1895792,18957.92
1895920,18959.2
1896030,18960.3
1896135,18961.35
1896220,18962.2
1896333,18963.33
1896431,18964.31
1896529,18965.29
1896624,18966.24
1896755,18967.55
1896863,18968.63
1896957,18969.57
1897081,18970.81
1897185,18971.85
1897280,18972.8
1897355,18973.55
1897459,18974.59
1897551,18975.51
1897633,18976.33
1897747,18977.47
1897890,18978.9
1898013,18980.13
1898119,18981.19
1898250,18982.5
1898357,18983.57
1898458,18984.58
1898545,18985.45
1898665,18986.65
1898756,18987.56
1898863,18988.63
1898987,18989.87
1899083,18990.83
1899216,18992.16
1899330,18993.3
1899437,18994.37
1899543,18995.43
1899650,18996.5
1899756,18997.56
1899840,18998.4
1899935,18999.35
1900036,19000.36
1900152,19001.52
1900233,19002.33
1900331,19003.31
1900452,19004.52
1900560,19005.6
1900664,19006.64
1900801,19008.01
1900918,19009.18
1901033,19010.33
1901142,19011.42
1901250,19012.5
1901353,19013.53
1901440,19014.4
1901543,19015.43
1901662,19016.62
1901762,19017.62
1901844,19018.44
1901963,19019.63
1902073,19020.73
1902179,19021.79
1902271,19022.71
1902372,19023.72
1902480,19024.8
1902551,19025.51
1902637,19026.37
1902721,19027.21
1902821,19028.21
1902895,19028.95
1903003,19030.03
1903124,19031.24
1903258,19032.58
1903364,19033.64
1903499,19034.99
1903614,19036.14
1903721,19037.21
1903829,19038.29
1903936,19039.36
1904036,19040.36
1904119,19041.19
1904222,19042.22
1904349,19043.49
1904461,19044.61
1904582,19045.82
1904703,19047.03
1904817,19048.17
1904916,19049.16
1905041,19050.41
1905147,19051.47
1905248,19052.48
1905336,19053.36
1905441,19054.41
1905565,19055.65
1905664,19056.64
1905745,19057.45
1905854,19058.54
1905949,19059.49
1906041,19060.41
1906129,19061.29
1906246,19062.46
1906377,19063.77
1906481,19064.81
1906614,19066.14
1906725,19067.25
1906820,19068.2
1906942,19069.42
1907052,19070.52
1907157,19071.57
1907249,19072.49
1907374,19073.74
1907481,19074.81
1907585,19075.85
1907694,19076.94
1907804,19078.04
1907912,19079.12
1908002,19080.02
1908126,19081.26
1908235,19082.35
1908344,19083.44
1908454,19084.54
1908564,19085.64
1908673,19086.73
1908779,19087.79
1908884,19088.84
1908989,19089.89
1909092,19090.92
1909177,19091.77
1909298,19092.98
1909408,19094.08
1909517,19095.17
1909609,19096.09
1909737,19097.37
1909839,19098.39
1909938,19099.38
1910015,19100.15
1910110,19101.1
1910209,19102.09
1910328,19103.28
1910424,19104.24
1910548,19105.48
1910685,19106.85
1910796,19107.96
1910939,19109.39
1911064,19110.64
1911181,19111.81
1911299,19112.99
1911412,19114.12
1911506,19115.06
1911631,19116.31
1911739,19117.39
1911853,19118.53
1911966,19119.66
1912077,19120.77
1912173,19121.73
1912306,19123.06
1912420,19124.2
1912525,19125.25
1912615,19126.15
1912735,19127.35
1912839,19128.39
1912944,19129.44
1913048,19130.48
1913151,19131.51
1913239,19132.39
1913347,19133.47
1913471,19134.71
1913561,19135.61
1913667,19136.67
1913788,19137.88
1913888,19138.88
1913975,19139.75
1914081,19140.81
1914208,19142.08
1914313,19143.13
1914403,19144.03
1914527,19145.27
1914639,19146.39
1914745,19147.45
1914839,19148.39
1914962,19149.62
1915069,19150.69
1915174,19151.74
1915276,19152.76
1915377,19153.77
1915478,19154.78
1915577,19155.77
1915678,19156.78
1915781,19157.81
1915885,19158.85
1915988,19159.88
1916084,19160.84
1916214,19162.14
1916321,19163.21
1916430,19164.3
1916538,19165.38
1916641,19166.41
1916730,19167.3
1916853,19168.53
1916963,19169.63
1917068,19170.68
1917173,19171.73
1917282,19172.82
1917392,19173.92
1917498,19174.98
1917591,19175.91
1917714,19177.14
1917820,19178.2
1917918,19179.18
1918001,19180.01
1918107,19181.07
1918237,19182.37
1918335,19183.35
1918470,19184.7
1918591,19185.91
1918707,19187.07
1918804,19188.04
1918932,19189.32
1919042,19190.42
1919149,19191.49
1919236,19192.36
1919341,19193.41
1919468,19194.68
1919576,19195.76
1919670,19196.7
1919797,19197.97
1919906,19199.06
1920011,19200.11
1920121,19201.21
1920231,19202.31
1920336,19203.36
1920439,19204.39
1920543,19205.43
1920650,19206.5
1920748,19207.48
1920832,19208.32
1920946,19209.46
1921061,19210.61
1921150,19211.5
1921269,19212.69
1921373,19213.73
1921477,19214.77
1921594,19215.94
1921715,19217.15
1921837,19218.37
1921964,19219.64
1922089,19220.89
1922204,19222.04
1922319,19223.19
1922431,19224.31
1922540,19225.4
1922654,19226.54
1922771,19227.71
1922886,19228.86
1922997,19229.97
1923109,19231.09
1923215,19232.15
1923320,19233.2
1923429,19234.29
1923535,19235.35
1923627,19236.27
1923752,19237.52
1923864,19238.64
1923972,19239.72
1924080,19240.8
1924189,19241.89
1924297,19242.97
1924399,19243.99
1924492,19244.92
1924620,19246.2
1924735,19247.35
1924829,19248.29
1924956,19249.56
1925068,19250.68
1925174,19251.74
1925262,19252.62
1925381,19253.81
1925487,19254.87
1925590,19255.9
1925678,19256.78
1925796,19257.96
1925914,19259.14
1926022,19260.22
1926110,19261.1
1926230,19262.3
1926336,19263.36
1926440,19264.4
1926546,19265.46
1926654,19266.54
1926765,19267.65
1926871,19268.71
1926980,19269.8
1927090,19270.9
1927199,19271.99
1927300,19273.0
1927399,19273.99
1927497,19274.97
1927597,19275.97
1927678,19276.78
1927790,19277.9
1927881,19278.81
1928007,19280.07
1928106,19281.06
1928241,19282.41
1928361,19283.61
1928460,19284.6
1928590,19285.9
1928703,19287.03
1928803,19288.03
1928891,19288.91
1928975,19289.75
1929060,19290.6
1929161,19291.61
1929260,19292.6
1929404,19294.04
1929537,19295.37
1929667,19296.67
1929800,19298.0
1929924,19299.24
1930044,19300.44
1930163,19301.63
1930274,19302.74
1930371,19303.71
1930495,19304.95
1930604,19306.04
1930714,19307.14
1930823,19308.23
1930929,19309.29
1931037,19310.37
1931150,19311.5
1931260,19312.6
1931350,19313.5
1931469,19314.69
1931589,19315.89
1931698,19316.98
1931787,19317.87
1931902,19319.02
1932018,19320.18
1932126,19321.26
1932228,19322.28
1932330,19323.3
1932441,19324.41
1932553,19325.53
1932648,19326.48
1932771,19327.71
1932894,19328.94
1933005,19330.05
1933104,19331.04
1933230,19332.3
1933357,19333.57
1933471,19334.71
1933586,19335.86
1933700,19337.0
1933807,19338.07
1933916,19339.16
1934025,19340.25
1934133,19341.33
1934235,19342.35
1934340,19343.4
1934446,19344.46
1934550,19345.5
1934654,19346.54
1934766,19347.66
1934881,19348.81
1934992,19349.92
1935105,19351.05
1935220,19352.2
1935332,19353.32
1935438,19354.38
1935543,19355.43
1935645,19356.45
1935745,19357.45
1935835,19358.35
1935958,19359.58
1936071,19360.71
1936180,19361.8
1936299,19362.99
1936421,19364.21
1936538,19365.38
1936655,19366.55
1936766,19367.66
1936872,19368.72
1936980,19369.8
1937089,19370.89
1937193,19371.93
1937284,19372.84
1937403,19374.03
1937505,19375.05
1937603,19376.03
1937709,19377.09
1937816,19378.16
1937923,19379.23
1938020,19380.2
1938147,19381.47
1938257,19382.57
1938355,19383.55
1938487,19384.87
1938597,19385.97
1938710,19387.1
1938821,19388.21
1938930,19389.3
1939020,19390.2
1939128,19391.28
1939253,19392.53
1939359,19393.59
1939447,19394.47
1939569,19395.69
1939676,19396.76
1939779,19397.79
1939863,19398.63
1939981,19399.81
1940086,19400.86
1940189,19401.89
1940284,19402.84
1940411,19404.11
1940522,19405.22
1940612,19406.12
1940735,19407.35
1940845,19408.45
1940949,19409.49
1941056,19410.56
1941162,19411.62
1941264,19412.64
1941350,19413.5
1941469,19414.69
1941573,19415.73
1941673,19416.73
1941765,19417.65
1941893,19418.93
1942008,19420.08
1942119,19421.19
1942231,19422.31
1942344,19423.44
1942454,19424.54
1942547,19425.47
1942672,19426.72
1942779,19427.79
1942868,19428.68
1942992,19429.92
1943101,19431.01
1943205,19432.05
1943313,19433.13
1943421,19434.21
1943528,19435.28
1943632,19436.32
1943739,19437.39
1943850,19438.5
1943956,19439.56
1944047,19440.47
1944171,19441.71
1944279,19442.79
1944385,19443.85
1944491,19444.91
1944592,19445.92
1944675,19446.75
1944778,19447.78
1944900,19449.0
1945008,19450.08
1945096,19450.96
1945204,19452.04
1945329,19453.29
1945432,19454.32
1945521,19455.21
1945641,19456.41
1945742,19457.42
1945831,19458.31
1945957,19459.57
1946071,19460.71
1946180,19461.8
1946291,19462.91
1946402,19464.02
1946508,19465.08
1946602,19466.02
1946730,19467.3
1946839,19468.39
1946927,19469.27
1947049,19470.49
1947156,19471.56
1947258,19472.58
1947345,19473.45
1947464,19474.64
1947568,19475.68
1947670,19476.7
1947773,19477.73
1947880,19478.8
1947985,19479.85
1948072,19480.72
1948193,19481.93
1948301,19483.01
1948405,19484.05
1948508,19485.08
1948611,19486.11
1948713,19487.13
1948815,19488.15
1948918,19489.18
1949024,19490.24
1949131,19491.31
1949245,19492.45
1949356,19493.56
1949463,19494.63
1949557,19495.57
1949682,19496.82
1949791,19497.91
1949892,19498.92
1949993,19499.93
1950096,19500.96
1950201,19502.01
1950291,19502.91
1950409,19504.09
1950528,19505.28
1950638,19506.38
1950734,19507.34
1950861,19508.61
1950971,19509.71
1951078,19510.78
1951186,19511.86
1951294,19512.94
1951398,19513.98
1951505,19515.05
1951609,19516.09
1951709,19517.09
1951796,19517.96
1951907,19519.07
1952018,19520.18
1952112,19521.12
1952227,19522.27
1952342,19523.42
1952448,19524.48
1952557,19525.57
1952659,19526.59
1952749,19527.49
1952864,19528.64
1952980,19529.8
1953068,19530.68
1953179,19531.79
1953290,19532.9
1953379,19533.79
1953492,19534.92
1953606,19536.06
1953709,19537.09
1953815,19538.15
1953923,19539.23
1954032,19540.32
1954137,19541.37
1954244,19542.44
1954351,19543.51
1954453,19544.53
1954556,19545.56
1954658,19546.58
1954757,19547.57
1954856,19548.56
1954965,19549.65
1955076,19550.76
1955180,19551.8
1955285,19552.85
1955396,19553.96
1955497,19554.97
1955595,19555.95
1955694,19556.94
1955789,19557.89
1955878,19558.78
1955950,19559.5
1956062,19560.62
1956194,19561.94
1956325,19563.25
1956465,19564.65
1956599,19565.99
1956730,19567.3
1956857,19568.57
1956975,19569.75
1957089,19570.89
1957198,19571.98
1957301,19573.01
1957404,19574.04
1957511,19575.11
1957616,19576.16
1957719,19577.19
1957825,19578.25
1957934,19579.34
1958042,19580.42
1958147,19581.47
1958252,19582.52
1958373,19583.73
1958481,19584.81
1958590,19585.9
1958699,19586.99
1958801,19588.01
1958898,19588.98
1959000,19590.0
1959115,19591.15
1959231,19592.31
1959359,19593.59
1959484,19594.84
1959603,19596.03
1959717,19597.17
1959831,19598.31
1959956,19599.56
1960068,19600.68
1960180,19601.8
1960285,19602.85
1960394,19603.94
1960502,19605.02
1960607,19606.07
1960713,19607.13
1960824,19608.24
1960929,19609.29
1961035,19610.35
1961143,19611.43
1961248,19612.48
1961351,19613.51
1961460,19614.6
1961577,19615.77
1961690,19616.9
1961805,19618.05
1961926,19619.26
1962044,19620.44
1962161,19621.61
1962280,19622.8
1962394,19623.94
1962504,19625.04
1962614,19626.14
1962726,19627.26
1962835,19628.35
1962939,19629.39
1963042,19630.42
1963146,19631.46
1963245,19632.45
1963350,19633.5
1963457,19634.57
1963565,19635.65
1963655,19636.55
1963769,19637.69
1963884,19638.84
1963987,19639.87
1964085,19640.85
1964184,19641.84
1964281,19642.81
1964378,19643.78
1964468,19644.68
1964596,19645.96
1964710,19647.1
1964833,19648.33
1964955,19649.55
1965072,19650.72
1965171,19651.71
1965298,19652.98
1965405,19654.05
1965510,19655.1
1965615,19656.15
1965721,19657.21
1965824,19658.24
1965908,19659.08
1966023,19660.23
1966138,19661.38
1966245,19662.45
1966354,19663.54
1966463,19664.63
1966570,19665.7
1966673,19666.73
1966781,19667.81
1966888,19668.88
1966991,19669.91
1967098,19670.98
1967205,19672.05
1967308,19673.08
1967391,19673.91
1967500,19675.0
1967591,19675.91
1967672,19676.72
1967793,19677.93
1967898,19678.98
1967988,19679.88
1968116,19681.16
1968231,19682.31
1968342,19683.42
1968440,19684.4
1968569,19685.69
1968677,19686.77
1968787,19687.87
1968893,19688.93
1968996,19689.96
1969090,19690.9
1969171,19691.71
1969286,19692.86
1969388,19693.88
1969478,19694.78
1969592,19695.92
1969720,19697.2
1969829,19698.29
1969924,19699.24
1970050,19700.5
1970157,19701.57
1970257,19702.57
1970358,19703.58
1970464,19704.64
1970569,19705.69
1970665,19706.65
1970796,19707.96
1970908,19709.08
1971002,19710.02
1971127,19711.27
1971235,19712.35
1971338,19713.38
1971445,19714.45
1971553,19715.53
1971658,19716.58
1971765,19717.65
1971872,19718.72
1971978,19719.78
1972079,19720.79
1972180,19721.8
1972281,19722.81
1972381,19723.81
1972486,19724.86
1972586,19725.86
1972685,19726.85
1972773,19727.73
1972903,19729.03
1973017,19730.17
1973116,19731.16
1973251,19732.51
1973368,19733.68
1973481,19734.81
1973573,19735.73
1973698,19736.98
1973808,19738.08
1973913,19739.13
1974001,19740.01
1974118,19741.18
1974218,19742.18
1974298,19742.98
1974411,19744.11
1974515,19745.15
1974615,19746.15
1974703,19747.03
1974823,19748.23
1974926,19749.26
1975025,19750.25
1975130,19751.3
1975236,19752.36
1975339,19753.39
1975441,19754.41
1975543,19755.43
1975645,19756.45
1975744,19757.44
1975850,19758.5
1975955,19759.55
1976055,19760.55
1976139,19761.39
1976236,19762.36
1976351,19763.51
1976438,19764.38
1976556,19765.56
1976674,19766.74
1976779,19767.79
1976871,19768.71
1976990,19769.9
1977091,19770.91
1977173,19771.73
1977290,19772.9
1977395,19773.95
1977487,19774.87
1977600,19776.0
1977729,19777.29
1977840,19778.4
1977952,19779.52
1978063,19780.63
1978168,19781.68
1978273,19782.73
1978379,19783.79
1978485,19784.85
1978601,19786.01
1978720,19787.2
1978834,19788.34
1978946,19789.46
1979061,19790.61
1979171,19791.71
1979278,19792.78
1979388,19793.88
1979494,19794.94
1979596,19795.96
1979699,19796.99
1979806,19798.06
1979913,19799.13
1980017,19800.17
1980125,19801.25
1980229,19802.29
1980328,19803.28
1980432,19804.32
1980541,19805.41
1980653,19806.53
1980777,19807.77
1980902,19809.02
1981020,19810.2
1981139,19811.39
1981256,19812.56
1981365,19813.65
1981471,19814.71
1981575,19815.75
1981680,19816.8
1981780,19817.8
1981882,19818.82
1981987,19819.87
1982090,19820.9
1982193,19821.93
1982296,19822.96
1982405,19824.05
1982515,19825.15
1982620,19826.2
1982728,19827.28
1982833,19828.33
1982939,19829.39
1983041,19830.41
1983140,19831.4
1983246,19832.46
1983353,19833.53
1983463,19834.63
1983582,19835.82
1983706,19837.06
1983823,19838.23
1983945,19839.45
1984062,19840.62
1984176,19841.76
1984285,19842.85
1984392,19843.92
1984500,19845.0
1984601,19846.01
1984702,19847.02
1984805,19848.05
1984909,19849.09
1985011,19850.11
1985117,19851.17
1985220,19852.2
1985322,19853.22
1985423,19854.23
1985527,19855.27
1985631,19856.31
1985727,19857.27
1985847,19858.47
1985968,19859.68
1986075,19860.75
1986181,19861.81
1986283,19862.83
1986381,19863.81
1986480,19864.8
1986587,19865.87
1986696,19866.96
1986805,19868.05
1986915,19869.15
1987027,19870.27
1987136,19871.36
1987241,19872.41
1987346,19873.46
1987452,19874.52
1987554,19875.54
1987655,19876.55
1987755,19877.55
1987860,19878.6
1987960,19879.6
1988060,19880.6
1988175,19881.75
1988280,19882.8
1988386,19883.86
1988494,19884.94
1988597,19885.97
1988694,19886.94
1988791,19887.91
1988902,19889.02
1989004,19890.04
1989106,19891.06
1989205,19892.05
1989299,19892.99
1989379,19893.79
1989487,19894.87
1989596,19895.96
1989700,19897.0
1989787,19897.87
1989899,19898.99
1990012,19900.12
1990111,19901.11
1990210,19902.1
1990322,19903.22
1990423,19904.23
1990525,19905.25
1990629,19906.29
1990728,19907.28
1990816,19908.16
1990930,19909.3
1991044,19910.44
1991154,19911.54
1991265,19912.65
1991375,19913.75
1991482,19914.82
1991587,19915.87
1991689,19916.89
1991789,19917.89
1991883,19918.83
1991978,19919.78
1992083,19920.83
1992184,19921.84
1992292,19922.92
1992405,19924.05
1992519,19925.19
1992627,19926.27
1992720,19927.2
1992836,19928.36
1992953,19929.53
1993058,19930.58
1993162,19931.62
1993266,19932.66
1993372,19933.72
1993474,19934.74
1993574,19935.74
1993676,19936.76
1993786,19937.86
1993908,19939.08
1994030,19940.3
1994156,19941.56
1994282,19942.82
1994401,19944.01
1994515,19945.15
1994630,19946.3
1994743,19947.43
1994850,19948.5
1994957,19949.57
1995060,19950.6
1995157,19951.57
1995256,19952.56
1995355,19953.55
1995471,19954.71
1995582,19955.82
1995690,19956.9
1995800,19958.0
1995900,19959.0
1996003,19960.03
1996107,19961.07
1996211,19962.11
1996313,19963.13
1996418,19964.18
1996527,19965.27
1996635,19966.35
1996740,19967.4
1996847,19968.47
1996956,19969.56
1997059,19970.59
1997164,19971.64
1997269,19972.69
1997373,19973.73
1997482,19974.82
1997592,19975.92
1997698,19976.98
1997799,19977.99
1997897,19978.97
1997998,19979.98
1998096,19980.96
1998197,19981.97
1998298,19982.98
1998414,19984.14
1998525,19985.25
1998633,19986.33
1998741,19987.41
1998852,19988.52
1998964,19989.64
1999067,19990.67
1999174,19991.74
1999282,19992.82
1999388,19993.88
1999491,19994.91
1999595,19995.95
1999699,19996.99
1999805,19998.05
1999910,19999.1
2000012,20000.12
2000117,20001.17
2000220,20002.2
2000320,20003.2
2000418,20004.18
2000514,20005.14
2000607,20006.07
2000695,20006.95
2000788,20007.88
2000898,20008.98
2001000,20010.0
2001121,20011.21
2001243,20012.43
2001368,20013.68
2001493,20014.93
2001608,20016.08
2001716,20017.16
2001818,20018.18
2001915,20019.15
2002014,20020.14
2002121,20021.21
2002226,20022.26
2002338,20023.38
2002453,20024.53
2002564,20025.64
2002674,20026.74
2002787,20027.87
2002900,20029.0
2003008,20030.08
2003112,20031.12
2003212,20032.12
2003309,20033.09
2003407,20034.07
2003512,20035.12
2003629,20036.29
2003746,20037.46
2003859,20038.59
2003981,20039.81
2004100,20041.0
2004215,20042.15
2004329,20043.29
2004440,20044.4
2004546,20045.46
2004652,20046.52
2004764,20047.64
2004869,20048.69
2004975,20049.75
2005082,20050.82
2005191,20051.91
2005298,20052.98
2005407,20054.07
2005516,20055.16
2005624,20056.24
2005727,20057.27
2005828,20058.28
2005928,20059.28
2006025,20060.25
2006127,20061.27
2006239,20062.39
2006353,20063.53
2006467,20064.67
2006581,20065.81
2006694,20066.94
2006804,20068.04
2006911,20069.11
2007020,20070.2
2007126,20071.26
2007231,20072.31
2007339,20073.39
2007444,20074.44
2007544,20075.44
2007644,20076.44
2007746,20077.46
2007849,20078.49
2007947,20079.47
2008045,20080.45
2008143,20081.43
2008240,20082.4
2008334,20083.34
2008453,20084.53
2008572,20085.72
2008683,20086.83
2008797,20087.97
2008909,20089.09
2009015,20090.15
2009125,20091.25
2009231,20092.31
2009334,20093.34
2009440,20094.4
2009546,20095.46
2009647,20096.47
2009747,20097.47
2009846,20098.46
2009946,20099.46
2010044,20100.44
2010145,20101.45
2010250,20102.5
2010354,20103.54
2010454,20104.54
2010559,20105.59
2010657,20106.57
2010752,20107.52
2010848,20108.48
2010951,20109.51
2011062,20110.62
2011171,20111.71
2011281,20112.81
2011394,20113.94
2011507,20115.07
2011615,20116.15
2011722,20117.22
2011828,20118.28
2011934,20119.34
2012036,20120.36
2012139,20121.39
2012246,20122.46
2012352,20123.52
2012458,20124.58
2012565,20125.65
2012667,20126.67
2012771,20127.71
2012878,20128.78
2012985,20129.85
2013087,20130.87
2013188,20131.88
2013290,20132.9
2013395,20133.95
2013496,20134.96
2013602,20136.02
2013708,20137.08
2013814,20138.14
2013920,20139.2
2014026,20140.26
2014132,20141.32
2014234,20142.34
2014335,20143.35
2014432,20144.32
2014536,20145.36
2014650,20146.5
2014763,20147.63
2014877,20148.77
2014995,20149.95
2015110,20151.1
2015225,20152.25
2015339,20153.39
2015450,20154.5
2015554,20155.54
2015654,20156.54
2015750,20157.5
2015847,20158.47
2015944,20159.44
2016051,20160.51
2016168,20161.68
2016282,20162.82
2016395,20163.95
2016504,20165.04
2016613,20166.13
2016716,20167.16
2016816,20168.16
2016920,20169.2
2017027,20170.27
2017133,20171.33
2017245,20172.45
2017364,20173.64
2017481,20174.81
2017593,20175.93
2017698,20176.98
2017801,20178.01
2017900,20179.0
2017998,20179.98
2018094,20180.94
2018185,20181.85
2018278,20182.78
2018381,20183.81
2018492,20184.92
2018602,20186.02
2018715,20187.15
2018829,20188.29
2018935,20189.35
2019040,20190.4
2019142,20191.42
2019247,20192.47
2019349,20193.49
2019457,20194.57
2019568,20195.68
2019674,20196.74
2019783,20197.83
2019894,20198.94
2020002,20200.02
2020105,20201.05
2020208,20202.08
2020311,20203.11
2020412,20204.12
2020515,20205.15
2020619,20206.19
2020724,20207.24
2020824,20208.24
2020923,20209.23
2021015,20210.15
2021107,20211.07
2021201,20212.01
2021303,20213.03
2021408,20214.08
2021524,20215.24
2021645,20216.45
2021761,20217.61
2021876,20218.76
2021988,20219.88
2022098,20220.98
2022206,20222.06
2022314,20223.14
2022419,20224.19
2022520,20225.2
2022620,20226.2
2022721,20227.21
2022823,20228.23
2022923,20229.23
2023027,20230.27
2023131,20231.31
2023232,20232.32
2023337,20233.37
2023437,20234.37
2023533,20235.33
2023630,20236.3
2023733,20237.33
2023841,20238.41
2023949,20239.49
2024062,20240.62
2024173,20241.73
2024277,20242.77
2024377,20243.77
2024476,20244.76
2024571,20245.71
2024668,20246.68
2024771,20247.71
2024880,20248.8
2024993,20249.93
2025095,20250.95
2025197,20251.97
2025306,20253.06
2025401,20254.01
2025496,20254.96
2025579,20255.79
2025663,20256.63
2025749,20257.49
2025825,20258.25
2025932,20259.32
2026039,20260.39
2026126,20261.26
2026208,20262.08
2026289,20262.89
2026368,20263.68
2026445,20264.45
2026522,20265.22
2026597,20265.97
2026671,20266.71
2026742,20267.42
2026812,20268.12
2026882,20268.82
2026950,20269.5
2027018,20270.18
2027088,20270.88
2027145,20271.45
2027221,20272.21
2027298,20272.98
2027365,20273.65
2027435,20274.35
2027505,20275.05
2027574,20275.74
2027644,20276.44
2027712,20277.12
2027781,20277.81
2027848,20278.48
2027915,20279.15
2027981,20279.81
2028045,20280.45
2028108,20281.08
2028171,20281.71
2028232,20282.32
2028294,20282.94
2028357,20283.57
2028421,20284.21
2028476,20284.76
2028564,20285.64
2028690,20286.9
2028815,20288.15
2028930,20289.3
2029062,20290.62
2029195,20291.95
2029310,20293.1
2029426,20294.26
2029553,20295.53
2029664,20296.64
2029775,20297.75
2029890,20298.9
2030000,20300.0
2030111,20301.11
2030226,20302.26
2030342,20303.42
2030453,20304.53
2030569,20305.69
2030683,20306.83
2030792,20307.92
2030902,20309.02
2031016,20310.16
2031121,20311.21
2031217,20312.17
2031316,20313.16
2031423,20314.23
2031530,20315.3
2031631,20316.31
2031700,20317.0
2031769,20317.69
2031887,20318.87
2032008,20320.08
2032126,20321.26
2032231,20322.31
2032333,20323.33
2032442,20324.42
2032560,20325.6
2032676,20326.76
2032801,20328.01
2032926,20329.26
2033045,20330.45
2033168,20331.68
2033276,20332.76
2033379,20333.79
2033484,20334.84
2033597,20335.97
2033711,20337.11
2033833,20338.33
2033958,20339.58
2034071,20340.71
2034178,20341.78
2034285,20342.85
2034380,20343.8
2034470,20344.7
2034557,20345.57
2034649,20346.49
2034767,20347.67
2034909,20349.09
2035046,20350.46
2035180,20351.8
2035321,20353.21
2035447,20354.47
2035559,20355.59
2035659,20356.59
2035751,20357.51
2035845,20358.45
2035941,20359.41
2036034,20360.34
2036125,20361.25
2036227,20362.27
2036346,20363.46
2036457,20364.57
2036559,20365.59
2036672,20366.72
2036788,20367.88
2036900,20369.0
2037013,20370.13
2037123,20371.23
2037231,20372.31
2037336,20373.36
2037449,20374.49
2037566,20375.66
2037682,20376.82
2037792,20377.92
2037908,20379.08
2038022,20380.22
2038129,20381.29
2038234,20382.34
2038343,20383.43
2038454,20384.54
2038561,20385.61
2038672,20386.72
2038784,20387.84
2038891,20388.91
2038997,20389.97
2039109,20391.09
2039220,20392.2
2039335,20393.35
2039456,20394.56
2039574,20395.74
2039686,20396.86
2039802,20398.02
2039920,20399.2
2040033,20400.33
2040142,20401.42
2040253,20402.53
2040363,20403.63
2040466,20404.66
2040567,20405.67
2040669,20406.69
2040771,20407.71
2040868,20408.68
2040969,20409.69
2041083,20410.83
2041204,20412.04
2041319,20413.19
2041444,20414.44
2041568,20415.68
2041678,20416.78
2041778,20417.78
2041881,20418.81
2041981,20419.81
2042078,20420.78
2042176,20421.76
2042288,20422.88
2042409,20424.09
2042526,20425.26
2042633,20426.33
2042740,20427.4
2042859,20428.59
2042965,20429.65
2043064,20430.64
2043168,20431.68
2043274,20432.74
2043381,20433.81
2043484,20434.84
2043582,20435.82
2043683,20436.83
2043781,20437.81
2043875,20438.75
2043968,20439.68
2044067,20440.67
2044177,20441.77
2044274,20442.74
2044371,20443.71
2044466,20444.66
2044554,20445.54
2044648,20446.48
2044764,20447.64
2044892,20448.92
2045012,20450.12
2045145,20451.45
2045260,20452.6
2045369,20453.69
2045480,20454.8
2045589,20455.89
2045694,20456.94
2045804,20458.04
2045916,20459.16
2046018,20460.18
2046121,20461.21
2046233,20462.33
2046349,20463.49
2046463,20464.63
2046578,20465.78
2046691,20466.91
2046799,20467.99
2046902,20469.02
2047013,20470.13
2047125,20471.25
2047230,20472.3
2047342,20473.42
2047458,20474.58
2047569,20475.69
2047675,20476.75
2047784,20477.84
2047890,20478.9
2047992,20479.92
2048093,20480.93
2048201,20482.01
2048316,20483.16
2048420,20484.2
2048516,20485.16
2048615,20486.15
2048724,20487.24
2048841,20488.41
2048949,20489.49
2049068,20490.68
2049189,20491.89
2049303,20493.03
2049418,20494.18
2049535,20495.35
2049650,20496.5
2049750,20497.5
2049844,20498.44
2049943,20499.43
2050047,20500.47
2050154,20501.54
2050266,20502.66
2050390,20503.9
2050514,20505.14
2050619,20506.19
2050728,20507.28
2050843,20508.43
2050952,20509.52
2051068,20510.68
2051189,20511.89
2051309,20513.09
2051422,20514.22
2051539,20515.39
2051655,20516.55
2051757,20517.57
2051854,20518.54
2051961,20519.61
2052076,20520.76
2052193,20521.93
2052304,20523.04
2052416,20524.16
2052541,20525.41
2052654,20526.54
2052765,20527.65
2052880,20528.8
2052989,20529.89
2053089,20530.89
2053192,20531.92
2053300,20533.0
2053406,20534.06
2053509,20535.09
2053617,20536.17
2053729,20537.29
2053839,20538.39
2053941,20539.41
2054044,20540.44
2054150,20541.5
2054248,20542.48
2054349,20543.49
2054457,20544.57
2054568,20545.68
2054672,20546.72
2054777,20547.77
2054884,20548.84
2054990,20549.9
2055102,20551.02
2055215,20552.15
2055319,20553.19
2055414,20554.14
2055515,20555.15
2055627,20556.27
2055737,20557.37
2055827,20558.27
2055946,20559.46
2056066,20560.66
2056164,20561.64
2056273,20562.73
2056391,20563.91
2056493,20564.93
2056615,20566.15
2056737,20567.37
2056845,20568.45
2056954,20569.54
2057075,20570.75
2057186,20571.86
2057289,20572.89
2057386,20573.86
2057473,20574.73
2057561,20575.61
2057650,20576.5
2057740,20577.4
2057834,20578.34
2057929,20579.29
2058023,20580.23
2058113,20581.13
2058201,20582.01
2058287,20582.87
2058371,20583.71
2058452,20584.52
2058505,20585.05
2058559,20585.59
2058622,20586.22
2058685,20586.85
2058760,20587.6
2058835,20588.35
2058909,20589.09
2058982,20589.82
2059054,20590.54
2059126,20591.26
2059198,20591.98
2059275,20592.75
2059369,20593.69
2059479,20594.79
2059592,20595.92
2059706,20597.06
2059837,20598.37
2059967,20599.67
2060085,20600.85
2060202,20602.02
2060323,20603.23
2060439,20604.39
2060548,20605.48
2060659,20606.59
2060772,20607.72
2060872,20608.72
2060982,20609.82
2061115,20611.15
2061246,20612.46
2061373,20613.73
2061500,20615.0
2061627,20616.27
2061749,20617.49
2061874,20618.74
2061998,20619.98
2062112,20621.12
2062218,20622.18
2062326,20623.26
2062446,20624.46
2062561,20625.61
2062685,20626.85
2062806,20628.06
2062915,20629.15
2063024,20630.24
2063136,20631.36
2063254,20632.54
2063376,20633.76
2063504,20635.04
2063622,20636.22
2063737,20637.37
2063854,20638.54
2063968,20639.68
2064080,20640.8
2064195,20641.95
2064314,20643.14
2064429,20644.29
2064535,20645.35
2064646,20646.46
2064757,20647.57
2064871,20648.71
2064989,20649.89
2065109,20651.09
2065225,20652.25
2065336,20653.36
2065446,20654.46
2065559,20655.59
2065669,20656.69
2065778,20657.78
2065886,20658.86
2065989,20659.89
2066100,20661.0
2066215,20662.15
2066318,20663.18
2066424,20664.24
2066540,20665.4
2066664,20666.64
2066790,20667.9
2066923,20669.23
2067051,20670.51
2067168,20671.68
2067284,20672.84
2067396,20673.96
2067501,20675.01
2067606,20676.06
2067714,20677.14
2067820,20678.2
2067917,20679.17
2068016,20680.16
2068124,20681.24
2068227,20682.27
2068329,20683.29
2068432,20684.32
2068532,20685.32
2068628,20686.28
2068721,20687.21
2068820,20688.2
2068930,20689.3
2069046,20690.46
2069170,20691.7
2069294,20692.94
2069423,20694.23
2069551,20695.51
2069675,20696.75
2069797,20697.97
2069911,20699.11
2070019,20700.19
2070130,20701.3
2070245,20702.45
2070351,20703.51
2070455,20704.55
2070561,20705.61
2070681,20706.81
2070806,20708.06
2070923,20709.23
2071040,20710.4
2071161,20711.61
2071275,20712.75
2071373,20713.73
2071468,20714.68
2071572,20715.72
2071673,20716.73
2071790,20717.9
2071923,20719.23
2072050,20720.5
2072173,20721.73
2072294,20722.94
2072411,20724.11
2072518,20725.18
2072626,20726.26
2072737,20727.37
2072844,20728.44
2072948,20729.48
2073055,20730.55
2073163,20731.63
2073265,20732.65
2073363,20733.63
2073458,20734.58
2073554,20735.54
2073651,20736.51
2073766,20737.66
2073890,20738.9
2074009,20740.09
2074122,20741.22
2074239,20742.39
2074353,20743.53
2074455,20744.55
2074559,20745.59
2074664,20746.64
2074769,20747.69
2074872,20748.72
2074975,20749.75
2075082,20750.82
2075188,20751.88
2075297,20752.97
2075410,20754.1
2075521,20755.21
2075628,20756.28
2075729,20757.29
2075831,20758.31
2075934,20759.34
2076042,20760.42
2076160,20761.6
2076279,20762.79
2076400,20764.0
2076527,20765.27
2076646,20766.46
2076756,20767.56
2076862,20768.62
2076967,20769.67
2077072,20770.72
2077175,20771.75
2077287,20772.87
2077404,20774.04
2077515,20775.15
2077633,20776.33
2077751,20777.51
2077859,20778.59
2077963,20779.63
2078069,20780.69
2078179,20781.79
2078283,20782.83
2078388,20783.88
2078498,20784.98
2078609,20786.09
2078718,20787.18
2078831,20788.31
2078942,20789.42
2079049,20790.49
2079154,20791.54
2079263,20792.63
2079370,20793.7
2079473,20794.73
2079573,20795.73
2079677,20796.77
2079781,20797.81
2079878,20798.78
2079975,20799.75
2080084,20800.84
2080210,20802.1
2080334,20803.34
2080464,20804.64
2080588,20805.88
2080717,20807.17
2080845,20808.45
2080958,20809.58
2081065,20810.65
2081177,20811.77
2081296,20812.96
2081413,20814.13
2081525,20815.25
2081644,20816.44
2081765,20817.65
2081881,20818.81
2081996,20819.96
2082115,20821.15
2082234,20822.34
2082338,20823.38
2082434,20824.34
2082533,20825.33
2082645,20826.45
2082766,20827.66
2082902,20829.02
2083036,20830.36
2083164,20831.64
2083291,20832.91
2083414,20834.14
2083528,20835.28
2083637,20836.37
2083745,20837.45
2083848,20838.48
2083950,20839.5
2084056,20840.56
2084165,20841.65
2084271,20842.71
2084379,20843.79
2084491,20844.91
2084602,20846.02
2084714,20847.14
2084824,20848.24
2084930,20849.3
2085027,20850.27
2085127,20851.27
2085231,20852.31
2085337,20853.37
2085446,20854.46
2085562,20855.62
2085674,20856.74
2085777,20857.77
2085879,20858.79
2085986,20859.86
2086090,20860.9
2086197,20861.97
2086310,20863.1
2086420,20864.2
2086541,20865.41
2086654,20866.54
2086759,20867.59
2086864,20868.64
2086972,20869.72
2087079,20870.79
2087184,20871.84
2087303,20873.03
2087417,20874.17
2087525,20875.25
2087637,20876.37
2087753,20877.53
2087863,20878.63
2087969,20879.69
2088079,20880.79
2088184,20881.84
2088284,20882.84
2088386,20883.86
2088498,20884.98
2088614,20886.14
2088723,20887.23
2088832,20888.32
2088942,20889.42
2089052,20890.52
2089162,20891.62
2089266,20892.66
2089364,20893.64
2089464,20894.64
2089566,20895.66
2089667,20896.67
2089767,20897.67
2089871,20898.71
2089982,20899.82
2090097,20900.97
2090217,20902.17
2090337,20903.37
2090450,20904.5
2090564,20905.64
2090681,20906.81
2090793,20907.93
2090897,20908.97
2091002,20910.02
2091107,20911.07
2091210,20912.1
2091309,20913.09
2091414,20914.14
2091521,20915.21
2091624,20916.24
2091732,20917.32
2091846,20918.46
2091957,20919.57
2092069,20920.69
2092186,20921.86
2092296,20922.96
2092398,20923.98
2092499,20924.99
2092602,20926.02
2092708,20927.08
2092812,20928.12
2092921,20929.21
2093034,20930.34
2093140,20931.4
2093247,20932.47
2093353,20933.53
2093462,20934.62
2093578,20935.78
2093695,20936.95
2093801,20938.01
2093909,20939.09
2094017,20940.17
2094121,20941.21
2094236,20942.36
2094351,20943.51
2094460,20944.6
2094570,20945.7
2094682,20946.82
2094793,20947.93
2094903,20949.03
2095015,20950.15
2095123,20951.23
2095225,20952.25
2095330,20953.3
2095438,20954.38
2095545,20955.45
2095647,20956.47
2095752,20957.52
2095861,20958.61
2095967,20959.67
2096075,20960.75
2096186,20961.86
2096293,20962.93
2096395,20963.95
2096499,20964.99
2096612,20966.12
2096723,20967.23
2096827,20968.27
2096933,20969.33
2097043,20970.43
2097154,20971.54
2097260,20972.6
2097373,20973.73
2097486,20974.86
2097594,20975.94
2097701,20977.01
2097812,20978.12
2097921,20979.21
2098027,20980.27
2098138,20981.38
2098246,20982.46
2098350,20983.5
2098455,20984.55
2098559,20985.59
2098658,20986.58
2098754,20987.54
2098855,20988.55
2098958,20989.58
2099060,20990.6
2099159,20991.59
2099262,20992.62
2099372,20993.72
2099486,20994.86
2099610,20996.1
2099735,20997.35
2099854,20998.54
2099975,20999.75
2100091,21000.91
2100198,21001.98
2100304,21003.04
2100411,21004.11
2100514,21005.14
2100610,21006.1
2100713,21007.13
2100820,21008.2
2100930,21009.3
2101034,21010.34
2101147,21011.47
2101262,21012.62
2101373,21013.73
2101477,21014.77
2101581,21015.81
2101686,21016.86
2101791,21017.91
2101889,21018.89
2101992,21019.92
2102102,21021.02
2102213,21022.13
2102314,21023.14
2102412,21024.12
2102511,21025.11
2102608,21026.08
2102701,21027.01
2102798,21027.98
2102906,21029.06
2103020,21030.2
2103143,21031.43
2103274,21032.74
2103401,21034.01
2103520,21035.2
2103643,21036.43
2103763,21037.63
2103876,21038.76
2103990,21039.9
2104096,21040.96
2104193,21041.93
2104288,21042.88
2104383,21043.83
2104486,21044.86
2104593,21045.93
2104716,21047.16
2104849,21048.49
2104978,21049.78
2105102,21051.02
2105226,21052.26
2105345,21053.45
2105456,21054.56
2105564,21055.64
2105671,21056.71
2105778,21057.78
2105882,21058.82
2105990,21059.9
2106101,21061.01
2106206,21062.06
2106311,21063.11
2106419,21064.19
2106523,21065.23
2106620,21066.2
2106721,21067.21
2106823,21068.23
2106923,21069.23
2107029,21070.29
2107136,21071.36
2107249,21072.49
2107368,21073.68
2107483,21074.83
2107589,21075.89
2107698,21076.98
2107810,21078.1
2107918,21079.18
2108021,21080.21
2108127,21081.27
2108233,21082.33
2108337,21083.37
2108445,21084.45
2108558,21085.58
2108667,21086.67
2108771,21087.71
2108881,21088.81
2108994,21089.94
2109104,21091.04
2109209,21092.09
2109313,21093.13
2109422,21094.22
2109530,21095.3
2109633,21096.33
2109739,21097.39
2109849,21098.49
2109957,21099.57
2110059,21100.59
2110165,21101.65
2110272,21102.72
2110382,21103.82
2110490,21104.9
2110603,21106.03
2110715,21107.15
2110820,21108.2
2110923,21109.23
2111028,21110.28
2111131,21111.31
2111236,21112.36
2111344,21113.44
2111454,21114.54
2111559,21115.59
2111663,21116.63
2111776,21117.76
2111889,21118.89
2111993,21119.93
2112095,21120.95
2112199,21121.99
2112303,21123.03
2112413,21124.13
2112524,21125.24
2112630,21126.3
2112738,21127.38
2112850,21128.5
2112959,21129.59
2113062,21130.62
2113170,21131.7
2113281,21132.81
2113388,21133.88
2113491,21134.91
2113606,21136.06
2113721,21137.21
2113828,21138.28
2113932,21139.32
2114034,21140.34
2114134,21141.34
2114236,21142.36
2114337,21143.37
2114437,21144.37
2114545,21145.45
2114659,21146.59
2114772,21147.72
2114875,21148.75
2114979,21149.79
2115084,21150.84
2115187,21151.87
2115287,21152.87
2115393,21153.93
2115506,21155.06
2115615,21156.15
2115723,21157.23
2115838,21158.38
2115951,21159.51
2116058,21160.58
2116169,21161.69
2116278,21162.78
2116379,21163.79
2116481,21164.81
2116585,21165.85
2116688,21166.88
2116786,21167.86
2116888,21168.88
2116993,21169.93
2117096,21170.96
2117204,21172.04
2117313,21173.13
2117420,21174.2
2117522,21175.22
2117625,21176.25
2117731,21177.31
2117832,21178.32
2117934,21179.34
2118042,21180.42
2118150,21181.5
2118251,21182.51
2118354,21183.54
2118458,21184.58
2118564,21185.64
2118667,21186.67
2118770,21187.7
2118877,21188.77
2118982,21189.82
2119085,21190.85
2119194,21191.94
2119301,21193.01
2119406,21194.06
2119518,21195.18
2119631,21196.31
2119735,21197.35
2119841,21198.41
2119949,21199.49
2120054,21200.54
2120158,21201.58
2120266,21202.66
2120376,21203.76
2120481,21204.81
2120587,21205.87
2120697,21206.97
2120808,21208.08
2120913,21209.13
2121018,21210.18
2121125,21211.25
2121232,21212.32
2121339,21213.39
2121441,21214.41
2121539,21215.39
2121634,21216.34
2121724,21217.24
2121813,21218.13
2121899,21218.99
2121984,21219.84
2122074,21220.74
2122161,21221.61
2122251,21222.51
2122344,21223.44
2122436,21224.36
2122522,21225.22
2122608,21226.08
2122694,21226.94
2122782,21227.82
2122866,21228.66
2122949,21229.49
2123031,21230.31
2123113,21231.13
2123193,21231.93
2123277,21232.77
2123369,21233.69
2123475,21234.75
2123589,21235.89
2123699,21236.99
2123814,21238.14
2123931,21239.31
2124043,21240.43
2124145,21241.45
2124248,21242.48
2124353,21243.53
2124457,21244.57
2124564,21245.64
2124678,21246.78
2124792,21247.92
2124894,21248.94
2124993,21249.93
2125089,21250.89
2125178,21251.78
2125275,21252.75
2125392,21253.92
2125509,21255.09
2125613,21256.13
2125721,21257.21
2125825,21258.25
2125931,21259.31
2126058,21260.58
2126182,21261.82
2126298,21262.98
2126407,21264.07
2126522,21265.22
2126628,21266.28
2126729,21267.29
2126837,21268.37
2126952,21269.52
2127062,21270.62
2127168,21271.68
2127279,21272.79
2127400,21274.0
2127520,21275.2
2127635,21276.35
2127751,21277.51
2127863,21278.63
2127970,21279.7
2128075,21280.75
2128182,21281.82
2128290,21282.9
2128389,21283.89
2128493,21284.93
2128600,21286.0
2128702,21287.02
2128808,21288.08
2128918,21289.18
2129025,21290.25
2129130,21291.3
2129236,21292.36
2129340,21293.4
2129440,21294.4
2129538,21295.38
2129640,21296.4
2129745,21297.45
2129857,21298.57
2129981,21299.81
2130107,21301.07
2130219,21302.19
2130326,21303.26
2130435,21304.35
2130542,21305.42
2130653,21306.53
2130776,21307.76
2130897,21308.97
2131004,21310.04
2131104,21311.04
2131205,21312.05
2131304,21313.04
2131398,21313.98
2131492,21314.92
2131589,21315.89
2131691,21316.91
2131814,21318.14
2131957,21319.57
2132090,21320.9
2132217,21322.17
2132347,21323.47
2132474,21324.74
2132592,21325.92
2132700,21327.0
2132811,21328.11
2132926,21329.26
2133038,21330.38
2133149,21331.49
2133265,21332.65
2133373,21333.73
2133487,21334.87
2133601,21336.01
2133708,21337.08
2133811,21338.11
2133917,21339.17
2134022,21340.22
2134122,21341.22
2134219,21342.19
2134318,21343.18
2134417,21344.17
2134512,21345.12
2134611,21346.11
2134730,21347.3
2134848,21348.48
2134956,21349.56
2135058,21350.58
2135166,21351.66
2135272,21352.72
2135377,21353.77
2135494,21354.94
2135609,21356.09
2135713,21357.13
2135811,21358.11
2135912,21359.12
2136019,21360.19
2136121,21361.21
2136227,21362.27
2136342,21363.42
2136454,21364.54
2136557,21365.57
2136666,21366.66
2136778,21367.78
2136889,21368.89
2136995,21369.95
2137107,21371.07
2137225,21372.25
2137336,21373.36
2137442,21374.42
2137551,21375.51
2137663,21376.63
2137771,21377.71
2137872,21378.72
2137972,21379.72
2138075,21380.75
2138179,21381.79
2138293,21382.93
2138418,21384.18
2138539,21385.39
2138650,21386.5
2138761,21387.61
2138873,21388.73
2138980,21389.8
2139085,21390.85
2139194,21391.94
2139304,21393.04
2139408,21394.08
2139509,21395.09
2139612,21396.12
2139718,21397.18
2139820,21398.2
2139914,21399.14
2140011,21400.11
2140109,21401.09
2140206,21402.06
2140309,21403.09
2140436,21404.36
2140563,21405.63
2140679,21406.79
2140801,21408.01
2140928,21409.28
2141046,21410.46
2141158,21411.58
2141276,21412.76
2141394,21413.94
2141504,21415.04
2141605,21416.05
2141705,21417.05
2141814,21418.14
2141925,21419.25
2142031,21420.31
2142135,21421.35
2142245,21422.45
2142360,21423.6
2142466,21424.66
2142568,21425.68
2142675,21426.75
2142788,21427.88
2142894,21428.94
2143002,21430.02
2143115,21431.15
2143226,21432.26
2143330,21433.3
2143435,21434.35
2143538,21435.38
2143639,21436.39
2143735,21437.35
2143832,21438.32
2143936,21439.36
2144046,21440.46
2144152,21441.52
2144268,21442.68
2144386,21443.86
2144498,21444.98
2144603,21446.03
2144705,21447.05
2144810,21448.1
2144912,21449.12
2145011,21450.11
2145118,21451.18
2145228,21452.28
2145330,21453.3
2145435,21454.35
2145546,21455.46
2145656,21456.56
2145760,21457.6
2145864,21458.64
2145975,21459.75
2146078,21460.78
2146183,21461.83
2146293,21462.93
2146396,21463.96
2146501,21465.01
2146613,21466.13
2146723,21467.23
2146824,21468.24
2146923,21469.23
2147024,21470.24
2147129,21471.29
2147227,21472.27
2147323,21473.23
2147421,21474.21
2147513,21475.13
2147605,21476.05
2147709,21477.09
2147826,21478.26
2147934,21479.34
2148044,21480.44
2148168,21481.68
2148290,21482.9
2148404,21484.04
2148516,21485.16
2148627,21486.27
2148731,21487.31
2148834,21488.34
2148943,21489.43
2149055,21490.55
2149160,21491.6
2149266,21492.66
2149379,21493.79
2149490,21494.9
2149601,21496.01
2149713,21497.13
2149825,21498.25
2149933,21499.33
2150035,21500.35
2150141,21501.41
2150252,21502.52
2150361,21503.61
2150469,21504.69
2150581,21505.81
2150691,21506.91
2150800,21508.0
2150909,21509.09
2151012,21510.12
2151117,21511.17
2151230,21512.3
2151343,21513.43
2151451,21514.51
2151557,21515.57
2151665,21516.65
2151772,21517.72
2151878,21518.78
2151996,21519.96
2152114,21521.14
2152225,21522.25
2152336,21523.36
2152454,21524.54
2152568,21525.68
2152674,21526.74
2152786,21527.86
2152903,21529.03
2153015,21530.15
2153121,21531.21
2153234,21532.34
2153349,21533.49
2153458,21534.58
2153557,21535.57
2153654,21536.54
2153751,21537.51
2153843,21538.43
2153930,21539.3
2154017,21540.17
2154103,21541.03
2154189,21541.89
2154278,21542.78
2154367,21543.67
2154452,21544.52
2154538,21545.38
2154627,21546.27
2154713,21547.13
2154799,21547.99
2154891,21548.91
2154990,21549.9
2155088,21550.88
2155194,21551.94
2155307,21553.07
2155422,21554.22
2155529,21555.29
2155632,21556.32
2155740,21557.4
2155843,21558.43
2155942,21559.42
2156046,21560.46
2156148,21561.48
2156243,21562.43
2156345,21563.45
2156457,21564.57
2156569,21565.69
2156676,21566.76
2156792,21567.92
2156915,21569.15
2157031,21570.31
2157144,21571.44
2157257,21572.57
2157369,21573.69
2157476,21574.76
2157582,21575.82
2157688,21576.88
2157793,21577.93
2157891,21578.91
2157993,21579.93
2158104,21581.04
2158218,21582.18
2158328,21583.28
2158439,21584.39
2158542,21585.42
2158640,21586.4
2158735,21587.35
2158838,21588.38
2158946,21589.46
2159059,21590.59
2159185,21591.85
2159308,21593.08
2159424,21594.24
2159539,21595.39
2159655,21596.55
2159762,21597.62
2159868,21598.68
2159976,21599.76
2160083,21600.83
2160187,21601.87
2160301,21603.01
2160416,21604.16
2160521,21605.21
2160627,21606.27
2160733,21607.33
2160841,21608.41
2160944,21609.44
2161048,21610.48
2161156,21611.56
2161270,21612.7
2161385,21613.85
2161494,21614.94
2161603,21616.03
2161716,21617.16
2161829,21618.29
2161937,21619.37
2162043,21620.43
2162151,21621.51
2162259,21622.59
2162363,21623.63
2162468,21624.68
2162576,21625.76
2162684,21626.84
2162786,21627.86
2162888,21628.88
2162995,21629.95
2163106,21631.06
2163211,21632.11
2163308,21633.08
2163404,21634.04
2163501,21635.01
2163594,21635.94
2163684,21636.84
2163779,21637.79
2163887,21638.87
2163999,21639.99
2164128,21641.28
2164258,21642.58
2164382,21643.82
2164502,21645.02
2164619,21646.19
2164727,21647.27
2164834,21648.34
2164944,21649.44
2165053,21650.53
2165157,21651.57
2165260,21652.6
2165365,21653.65
2165470,21654.7
2165571,21655.71
2165674,21656.74
2165778,21657.78
2165881,21658.81
2165982,21659.82
2166088,21660.88
2166193,21661.93
2166302,21663.02
2166413,21664.13
2166521,21665.21
2166634,21666.34
2166748,21667.48
2166861,21668.61
2166967,21669.67
2167075,21670.75
2167180,21671.8
2167283,21672.83
2167381,21673.81
2167478,21674.78
2167581,21675.81
2167690,21676.9
2167795,21677.95
2167903,21679.03
2168018,21680.18
2168134,21681.34
2168245,21682.45
2168363,21683.63
2168479,21684.79
2168588,21685.88
2168694,21686.94
2168799,21687.99
2168902,21689.02
2168997,21689.97
2169092,21690.92
2169193,21691.93
2169314,21693.14
2169429,21694.29
2169552,21695.52
2169676,21696.76
2169789,21697.89
2169901,21699.01
2170011,21700.11
2170116,21701.16
2170224,21702.24
2170335,21703.35
2170448,21704.48
2170562,21705.62
2170673,21706.73
2170779,21707.79
2170886,21708.86
2170997,21709.97
2171108,21711.08
2171222,21712.22
2171338,21713.38
2171449,21714.49
2171555,21715.55
2171667,21716.67
2171779,21717.79
2171885,21718.85
2171990,21719.9
2172098,21720.98
2172201,21722.01
2172306,21723.06
2172419,21724.19
2172535,21725.35
2172647,21726.47
2172756,21727.56
2172869,21728.69
2172979,21729.79
2173084,21730.84
2173185,21731.85
2173290,21732.9
2173395,21733.95
2173496,21734.96
2173596,21735.96
2173703,21737.03
2173816,21738.16
2173924,21739.24
2174031,21740.31
2174143,21741.43
2174253,21742.53
2174355,21743.55
2174451,21744.51
2174547,21745.47
2174647,21746.47
2174744,21747.44
2174838,21748.38
2174938,21749.38
2175043,21750.43
2175144,21751.44
2175239,21752.39
2175337,21753.37
2175438,21754.38
2175536,21755.36
2175633,21756.33
2175737,21757.37
2175845,21758.45
2175945,21759.45
2176049,21760.49
2176159,21761.59
2176267,21762.67
2176368,21763.68
2176463,21764.63
2176559,21765.59
2176659,21766.59
2176760,21767.6
2176858,21768.58
2176958,21769.58
2177065,21770.65
2177171,21771.71
2177285,21772.85
2177410,21774.1
2177529,21775.29
2177635,21776.35
2177737,21777.37
2177844,21778.44
2177951,21779.51
2178056,21780.56
2178177,21781.77
2178302,21783.02
2178418,21784.18
2178530,21785.3
2178650,21786.5
2178770,21787.7
2178881,21788.81
2178979,21789.79
2179075,21790.75
2179175,21791.75
2179282,21792.82
2179387,21793.87
2179486,21794.86
2179589,21795.89
2179686,21796.86
2179781,21797.81
2179888,21798.88
2180018,21800.18
2180149,21801.49
2180273,21802.73
2180395,21803.95
2180517,21805.17
2180630,21806.3
2180734,21807.34
2180840,21808.4
2180953,21809.53
2181066,21810.66
2181170,21811.7
2181283,21812.83
2181401,21814.01
2181517,21815.17
2181624,21816.24
2181733,21817.33
2181842,21818.42
2181951,21819.51
2182056,21820.56
2182160,21821.6
2182269,21822.69
2182383,21823.83
2182490,21824.9
2182592,21825.92
2182699,21826.99
2182811,21828.11
2182918,21829.18
2183020,21830.2
2183129,21831.29
2183241,21832.41
2183347,21833.47
2183449,21834.49
2183555,21835.55
2183662,21836.62
2183759,21837.59
2183853,21838.53
2183947,21839.47
2184035,21840.35
2184122,21841.22
2184215,21842.15
2184302,21843.02
2184391,21843.91
2184493,21844.93
2184599,21845.99
2184694,21846.94
2184785,21847.85
2184876,21848.76
2184965,21849.65
2185054,21850.54
2185140,21851.4
2185225,21852.25
2185305,21853.05
2185385,21853.85
2185463,21854.63
2185540,21855.4
2185614,21856.14
2185683,21856.83
2185763,21857.63
2185835,21858.35
2185894,21858.94
2185980,21859.8
2186067,21860.67
2186125,21861.25
2186183,21861.83
2186300,21863.0
2186360,21863.6
2186434,21864.34
2186506,21865.06
2186578,21865.78
2186648,21866.48
2186718,21867.18
2186788,21867.88
2186856,21868.56
2186924,21869.24
2186991,21869.91
2187059,21870.59
2187129,21871.29
2187207,21872.07
2187295,21872.95
2187387,21873.87
2187479,21874.79
2187586,21875.86
2187702,21877.02
2187821,21878.21
2187936,21879.36
2188060,21880.6
2188184,21881.84
2188301,21883.01
2188420,21884.2
2188549,21885.49
2188668,21886.68
2188776,21887.76
2188883,21888.83
2188999,21889.99
2189116,21891.16
2189231,21892.31
2189354,21893.54
2189480,21894.8
2189598,21895.98
2189715,21897.15
2189830,21898.3
2189948,21899.48
2190061,21900.61
2190184,21901.84
2190312,21903.12
2190436,21904.36
2190551,21905.51
2190669,21906.69
2190781,21907.81
2190895,21908.95
2191008,21910.08
2191123,21911.23
2191233,21912.33
2191337,21913.37
2191443,21914.43
2191551,21915.51
2191654,21916.54
2191753,21917.53
2191862,21918.62
2191973,21919.73
2192080,21920.8
2192179,21921.79
2192289,21922.89
2192400,21924.0
2192519,21925.19
2192646,21926.46
2192769,21927.69
2192879,21928.79
2192985,21929.85
2193096,21930.96
2193210,21932.1
2193326,21933.26
2193452,21934.52
2193581,21935.81
2193697,21936.97
2193812,21938.12
2193935,21939.35
2194053,21940.53
2194166,21941.66
2194280,21942.8
2194390,21943.9
2194496,21944.96
2194605,21946.05
2194713,21947.13
2194820,21948.2
2194923,21949.23
2195026,21950.26
2195142,21951.42
2195264,21952.64
2195385,21953.85
2195507,21955.07
2195627,21956.27
2195734,21957.34
2195831,21958.31
2195929,21959.29
2196036,21960.36
2196156,21961.56
2196286,21962.86
2196421,21964.21
2196546,21965.46
2196673,21966.73
2196794,21967.94
2196906,21969.06
2197016,21970.16
2197127,21971.27
2197235,21972.35
2197342,21973.42
2197456,21974.56
2197569,21975.69
2197681,21976.81
2197787,21977.87
2197896,21978.96
2198008,21980.08
2198111,21981.11
2198208,21982.08
2198299,21982.99
2198390,21983.9
2198478,21984.78
2198564,21985.64
2198652,21986.52
2198746,21987.46
2198849,21988.49
2198958,21989.58
2199070,21990.7
2199181,21991.81
2199279,21992.79
2199371,21993.71
2199458,21994.58
2199545,21995.45
2199628,21996.28
2199710,21997.1
2199789,21997.89
2199867,21998.67
2199945,21999.45
2200022,22000.22
2200096,22000.96
2200170,22001.7
2200256,22002.56
2200338,22003.38
2200425,22004.25
2200513,22005.13
2200603,22006.03
2200700,22007.0
2200813,22008.13
2200937,22009.37
2201057,22010.57
2201183,22011.83
2201310,22013.1
2201431,22014.31
2201552,22015.52
2201676,22016.76
2201798,22017.98
2201913,22019.13
2202025,22020.25
2202137,22021.37
2202245,22022.45
2202364,22023.64
2202488,22024.88
2202604,22026.04
2202707,22027.07
2202809,22028.09
2202910,22029.1
2203011,22030.11
2203127,22031.27
2203253,22032.53
2203373,22033.73
2203489,22034.89
2203600,22036.0
2203710,22037.1
2203813,22038.13
2203913,22039.13
2204017,22040.17
2204120,22041.2
2204219,22042.19
2204324,22043.24
2204436,22044.36
2204546,22045.46
2204660,22046.6
2204771,22047.71
2204875,22048.75
2204976,22049.76
2205082,22050.82
2205186,22051.86
2205291,22052.91
2205391,22053.91
2205498,22054.98
2205621,22056.21
2205738,22057.38
2205858,22058.58
2205980,22059.8
2206093,22060.93
2206196,22061.96
2206298,22062.98
2206406,22064.06
2206520,22065.2
2206646,22066.46
2206772,22067.72
2206895,22068.95
2207020,22070.2
2207136,22071.36
2207247,22072.47
2207358,22073.58
2207472,22074.72
2207580,22075.8
2207691,22076.91
2207801,22078.01
2207911,22079.11
2208016,22080.16
2208120,22081.2
2208230,22082.3
2208339,22083.39
2208444,22084.44
2208547,22085.47
2208653,22086.53
2208758,22087.58
2208866,22088.66
2208979,22089.79
2209086,22090.86
2209189,22091.89
2209298,22092.98
2209408,22094.08
2209509,22095.09
2209608,22096.08
2209713,22097.13
2209816,22098.16
2209913,22099.13
2210011,22100.11
2210116,22101.16
2210226,22102.26
2210333,22103.33
2210433,22104.33
2210536,22105.36
2210650,22106.5
2210763,22107.63
2210873,22108.73
2210983,22109.83
2211098,22110.98
2211205,22112.05
2211304,22113.04
2211399,22113.99
2211494,22114.94
2211587,22115.87
2211683,22116.83
2211784,22117.84
2211875,22118.75
2211962,22119.62
2212054,22120.54
2212140,22121.4
2212226,22122.26
2212340,22123.4
2212455,22124.55
2212574,22125.74
2212695,22126.95
2212823,22128.23
2212947,22129.47
2213061,22130.61
2213178,22131.78
2213295,22132.95
2213403,22134.03
2213514,22135.14
2213624,22136.24
2213733,22137.33
2213838,22138.38
2213946,22139.46
2214063,22140.63
2214182,22141.82
2214296,22142.96
2214416,22144.16
2214536,22145.36
2214652,22146.52
2214772,22147.72
2214890,22148.9
2215006,22150.06
2215123,22151.23
2215231,22152.31
2215341,22153.41
2215450,22154.5
2215560,22155.6
2215667,22156.67
2215780,22157.8
2215892,22158.92
2216003,22160.03
2216109,22161.09
2216221,22162.21
2216336,22163.36
2216443,22164.43
2216554,22165.54
2216670,22166.7
2216779,22167.79
2216883,22168.83
2216994,22169.94
2217111,22171.11
2217232,22172.32
2217351,22173.51
2217473,22174.73
2217585,22175.85
2217724,22177.24
2217863,22178.63
2217991,22179.91
2218120,22181.2
2218241,22182.41
2218357,22183.57
2218474,22184.74
2218585,22185.85
2218677,22186.77
2218769,22187.69
2218868,22188.68
2218962,22189.62
2219060,22190.6
2219153,22191.53
2219247,22192.47
2219352,22193.52
2219459,22194.59
2219566,22195.66
2219674,22196.74
2219786,22197.86
2219897,22198.97
2219998,22199.98
2220096,22200.96
2220195,22201.95
2220296,22202.96
2220401,22204.01
2220501,22205.01
2220603,22206.03
2220709,22207.09
2220813,22208.13
2220910,22209.1
2221007,22210.07
2221105,22211.05
2221201,22212.01
2221298,22212.98
2221396,22213.96
2221496,22214.96
2221594,22215.94
2221692,22216.92
2221790,22217.9
2221889,22218.89
2221987,22219.87
2222086,22220.86
2222185,22221.85
2222283,22222.83
2222378,22223.78
2222471,22224.71
2222567,22225.67
2222661,22226.61
2222754,22227.54
2222852,22228.52
2222955,22229.55
2223061,22230.61
2223176,22231.76
2223301,22233.01
2223421,22234.21
2223540,22235.4
2223663,22236.63
2223786,22237.86
2223909,22239.09
2224035,22240.35
2224168,22241.68
2224295,22242.95
2224427,22244.27
2224554,22245.54
2224678,22246.78
2224804,22248.04
2224931,22249.31
2225063,22250.63
2225188,22251.88
2225310,22253.1
2225421,22254.21
2225537,22255.37
2225659,22256.59
2225773,22257.73
2225889,22258.89
2226006,22260.06
2226121,22261.21
2226231,22262.31
2226331,22263.31
2226457,22264.57
2226584,22265.84
2226703,22267.03
2226812,22268.12
2226918,22269.18
2227022,22270.22
2227124,22271.24
2227214,22272.14
2227305,22273.05
2227406,22274.06
2227497,22274.97
2227587,22275.87
2227679,22276.79
2227776,22277.76
2227880,22278.8
2227986,22279.86
2228094,22280.94
2228197,22281.97
2228300,22283.0
2228414,22284.14
2228522,22285.22
2228627,22286.27
2228727,22287.27
2228828,22288.28
2228931,22289.31
2229031,22290.31
2229131,22291.31
2229232,22292.32
2229329,22293.29
2229423,22294.23
2229515,22295.15
2229604,22296.04
2229690,22296.9
2229776,22297.76
2229863,22298.63
2229949,22299.49
2230033,22300.33
2230117,22301.17
2230202,22302.02
2230287,22302.87
2230375,22303.75
2230463,22304.63
2230551,22305.51
2230642,22306.42
2230736,22307.36
2230831,22308.31
2230922,22309.22
2231015,22310.15
2231110,22311.1
2231204,22312.04
2231298,22312.98
2231393,22313.93
2231487,22314.87
2231579,22315.79
2231670,22316.7
2231761,22317.61
2231851,22318.51
2231940,22319.4
2232027,22320.27
2232115,22321.15
2232204,22322.04
2232291,22322.91
2232379,22323.79
2232468,22324.68
2232559,22325.59
2232652,22326.52
2232748,22327.48
2232841,22328.41
2232932,22329.32
2233022,22330.22
2233115,22331.15
2233211,22332.11
2233309,22333.09
2233408,22334.08
2233509,22335.09
2233622,22336.22
2233735,22337.35
2233846,22338.46
2233956,22339.56
2234069,22340.69
2234178,22341.78
2234291,22342.91
2234404,22344.04
2234517,22345.17
2234626,22346.26
2234730,22347.3
2234831,22348.31
2234930,22349.3
2235027,22350.27
2235119,22351.19
2235210,22352.1
2235302,22353.02
2235396,22353.96
2235488,22354.88
2235579,22355.79
2235667,22356.67
2235754,22357.54
2235839,22358.39
2235925,22359.25
2236011,22360.11
2236095,22360.95
2236180,22361.8
2236268,22362.68
2236362,22363.62
2236459,22364.59
2236553,22365.53
2236648,22366.48
2236747,22367.47
2236845,22368.45
2236940,22369.4
2237033,22370.33
2237127,22371.27
2237227,22372.27
2237332,22373.32
2237438,22374.38
2237549,22375.49
2237656,22376.56
2237764,22377.64
2237871,22378.71
2237976,22379.76
2238076,22380.76
2238177,22381.77
2238278,22382.78
2238384,22383.84
2238487,22384.87
2238588,22385.88
2238690,22386.9
2238794,22387.94
2238894,22388.94
2238988,22389.88
2239079,22390.79
2239169,22391.69
2239261,22392.61
2239352,22393.52
2239442,22394.42
2239533,22395.33
2239625,22396.25
2239718,22397.18
2239811,22398.11
2239902,22399.02
2239992,22399.92
2240086,22400.86
2240177,22401.77
2240269,22402.69
2240362,22403.62
2240458,22404.58
2240556,22405.56
2240658,22406.58
2240763,22407.63
2240869,22408.69
2240973,22409.73
2241080,22410.8
2241190,22411.9
2241299,22412.99
2241410,22414.1
2241520,22415.2
2241627,22416.27
2241734,22417.34
2241834,22418.34
2241933,22419.33
2242029,22420.29
2242127,22421.27
2242224,22422.24
2242319,22423.19
2242415,22424.15
2242509,22425.09
2242598,22425.98
2242685,22426.85
2242772,22427.72
2242859,22428.59
2242945,22429.45
2243029,22430.29
2243113,22431.13
2243198,22431.98
2243284,22432.84
2243372,22433.72
2243459,22434.59
2243549,22435.49
2243643,22436.43
2243738,22437.38
2243834,22438.34
2243931,22439.31
2244027,22440.27
2244125,22441.25
2244222,22442.22
2244318,22443.18
2244412,22444.12
2244507,22445.07
2244602,22446.02
2244699,22446.99
2244797,22447.97
2244896,22448.96
2245001,22450.01
2245110,22451.1
2245216,22452.16
2245321,22453.21
2245426,22454.26
2245527,22455.27
2245627,22456.27
2245721,22457.21
2245816,22458.16
2245914,22459.14
2246009,22460.09
2246105,22461.05
2246205,22462.05
2246312,22463.12
2246419,22464.19
2246519,22465.19
2246619,22466.19
2246715,22467.15
2246809,22468.09
2246897,22468.97
2246984,22469.84
2247073,22470.73
2247164,22471.64
2247261,22472.61
2247364,22473.64
2247475,22474.75
2247590,22475.9
2247699,22476.99
2247811,22478.11
2247922,22479.22
2248026,22480.26
2248133,22481.33
2248241,22482.41
2248349,22483.49
2248461,22484.61
2248566,22485.66
2248669,22486.69
2248775,22487.75
2248881,22488.81
2248979,22489.79
2249074,22490.74
2249169,22491.69
2249266,22492.66
2249366,22493.66
2249467,22494.67
2249563,22495.63
2249660,22496.6
2249760,22497.6
2249860,22498.6
2249959,22499.59
2250059,22500.59
2250160,22501.6
2250258,22502.58
2250357,22503.57
2250456,22504.56
2250555,22505.55
2250653,22506.53
2250749,22507.49
2250846,22508.46
2250944,22509.44
2251040,22510.4
2251133,22511.33
2251225,22512.25
2251317,22513.17
2251409,22514.09
2251500,22515.0
2251591,22515.91
2251680,22516.8
2251771,22517.71
2251863,22518.63
2251952,22519.52
2252042,22520.42
2252134,22521.34
2252230,22522.3
2252333,22523.33
2252443,22524.43
2252566,22525.66
2252690,22526.9
2252816,22528.16
2252943,22529.43
2253064,22530.64
2253186,22531.86
2253308,22533.08
2253434,22534.34
2253555,22535.55
2253676,22536.76
2253797,22537.97
2253899,22538.99
2254001,22540.01
2254106,22541.06
2254211,22542.11
2254322,22543.22
2254434,22544.34
2254534,22545.34
2254636,22546.36
2254740,22547.4
2254839,22548.39
2254943,22549.43
2255048,22550.48
2255149,22551.49
2255243,22552.43
2255336,22553.36
2255427,22554.27
2255517,22555.17
2255607,22556.07
2255697,22556.97
2255794,22557.94
2255899,22558.99
2256014,22560.14
2256124,22561.24
2256245,22562.45
2256369,22563.69
2256485,22564.85
2256602,22566.02
2256711,22567.11
2256821,22568.21
2256933,22569.33
2257038,22570.38
2257140,22571.4
2257244,22572.44
2257346,22573.46
2257447,22574.47
2257546,22575.46
2257640,22576.4
2257735,22577.35
2257830,22578.3
2257924,22579.24
2258015,22580.15
2258106,22581.06
2258199,22581.99
2258292,22582.92
2258384,22583.84
2258478,22584.78
2258580,22585.8
2258684,22586.84
2258786,22587.86
2258887,22588.87
2258984,22589.84
2259083,22590.83
2259182,22591.82
2259283,22592.83
2259385,22593.85
2259495,22594.95
2259624,22596.24
2259756,22597.56
2259894,22598.94
2260027,22600.27
2260155,22601.55
2260289,22602.89
2260413,22604.13
2260537,22605.37
2260655,22606.55
2260764,22607.64
2260861,22608.61
2260959,22609.59
2261057,22610.57
2261155,22611.55
2261262,22612.62
2261380,22613.8
2261492,22614.92
2261601,22616.01
2261713,22617.13
2261822,22618.22
2261920,22619.2
2262017,22620.17
2262112,22621.12
2262206,22622.06
2262296,22622.96
2262386,22623.86
2262480,22624.8
2262571,22625.71
2262660,22626.6
2262748,22627.48
2262838,22628.38
2262930,22629.3
2263022,22630.22
2263113,22631.13
2263202,22632.02
2263292,22632.92
2263384,22633.84
2263476,22634.76
2263568,22635.68
2263658,22636.58
2263751,22637.51
2263847,22638.47
2263946,22639.46
2264045,22640.45
2264143,22641.43
2264244,22642.44
2264349,22643.49
2264453,22644.53
2264557,22645.57
2264662,22646.62
2264766,22647.66
2264865,22648.65
2264962,22649.62
2265057,22650.57
2265153,22651.53
2265245,22652.45
2265337,22653.37
2265430,22654.3
2265525,22655.25
2265625,22656.25
2265727,22657.27
2265824,22658.24
2265921,22659.21
2266019,22660.19
2266116,22661.16
2266207,22662.07
2266299,22662.99
2266389,22663.89
2266482,22664.82
2266578,22665.78
2266676,22666.76
2266779,22667.79
2266894,22668.94
2267006,22670.06
2267113,22671.13
2267221,22672.21
2267330,22673.3
2267446,22674.46
2267568,22675.68
2267683,22676.83
2267799,22677.99
2267912,22679.12
2268023,22680.23
2268149,22681.49
2268276,22682.76
2268404,22684.04
2268529,22685.29
2268647,22686.47
2268765,22687.65
2268882,22688.82
2268989,22689.89
2269085,22690.85
2269180,22691.8
2269273,22692.73
2269365,22693.65
2269465,22694.65
2269579,22695.79
2269694,22696.94
2269805,22698.05
2269905,22699.05
2270004,22700.04
2270104,22701.04
2270203,22702.03
2270297,22702.97
2270390,22703.9
2270484,22704.84
2270577,22705.77
2270670,22706.7
2270762,22707.62
2270855,22708.55
2270953,22709.53
2271053,22710.53
2271152,22711.52
2271249,22712.49
2271349,22713.49
2271452,22714.52
2271553,22715.53
2271654,22716.54
2271755,22717.55
2271855,22718.55
2271951,22719.51
2272047,22720.47
2272143,22721.43
2272239,22722.39
2272330,22723.3
2272422,22724.22
2272517,22725.17
2272617,22726.17
2272724,22727.24
2272827,22728.27
2272923,22729.23
2273016,22730.16
2273109,22731.09
2273205,22732.05
2273309,22733.09
2273425,22734.25
2273539,22735.39
2273652,22736.52
2273758,22737.58
2273866,22738.66
2273975,22739.75
2274077,22740.77
2274178,22741.78
2274277,22742.77
2274376,22743.76
2274472,22744.72
2274568,22745.68
2274666,22746.66
2274763,22747.63
2274863,22748.63
2274972,22749.72
2275086,22750.86
2275205,22752.05
2275326,22753.26
2275449,22754.49
2275573,22755.73
2275693,22756.93
2275808,22758.08
2275923,22759.23
2276039,22760.39
2276149,22761.49
2276246,22762.46
2276345,22763.45
2276448,22764.48
2276555,22765.55
2276651,22766.51
2276747,22767.47
2276854,22768.54
2276956,22769.56
2277053,22770.53
2277147,22771.47
2277237,22772.37
2277325,22773.25
2277410,22774.1
2277493,22774.93
2277575,22775.75
2277657,22776.57
2277739,22777.39
2277823,22778.23
2277910,22779.1
2278009,22780.09
2278111,22781.11
2278215,22782.15
2278324,22783.24
2278432,22784.32
2278533,22785.33
2278632,22786.32
2278729,22787.29
2278824,22788.24
2278919,22789.19
2279017,22790.17
2279123,22791.23
2279236,22792.36
2279351,22793.51
2279465,22794.65
2279575,22795.75
2279672,22796.72
2279764,22797.64
2279854,22798.54
2279947,22799.47
2280055,22800.55
2280164,22801.64
2280265,22802.65
2280362,22803.62
2280456,22804.56
2280547,22805.47
2280639,22806.39
2280741,22807.41
2280850,22808.5
2280959,22809.59
2281068,22810.68
2281177,22811.77
2281281,22812.81
2281383,22813.83
2281490,22814.9
2281595,22815.95
2281701,22817.01
2281804,22818.04
2281911,22819.11
2282021,22820.21
2282129,22821.29
2282234,22822.34
2282343,22823.43
2282451,22824.51
2282554,22825.54
2282654,22826.54
2282760,22827.6
2282865,22828.65
2282966,22829.66
2283065,22830.65
2283165,22831.65
2283268,22832.68
2283372,22833.72
2283472,22834.72
2283567,22835.67
2283660,22836.6
2283753,22837.53
2283844,22838.44
2283934,22839.34
2284027,22840.27
2284125,22841.25
2284226,22842.26
2284325,22843.25
2284421,22844.21
2284515,22845.15
2284612,22846.12
2284711,22847.11
2284809,22848.09
2284902,22849.02
2284991,22849.91
2285081,22850.81
2285172,22851.72
2285263,22852.63
2285353,22853.53
2285445,22854.45
2285537,22855.37
2285628,22856.28
2285717,22857.17
2285806,22858.06
2285897,22858.97
2285989,22859.89
2286080,22860.8
2286170,22861.7
2286260,22862.6
2286351,22863.51
2286442,22864.42
2286533,22865.33
2286623,22866.23
2286717,22867.17
2286816,22868.16
2286918,22869.18
2287019,22870.19
2287122,22871.22
2287227,22872.27
2287333,22873.33
2287436,22874.36
2287542,22875.42
2287650,22876.5
2287768,22877.68
2287885,22878.85
2287996,22879.96
2288107,22881.07
2288215,22882.15
2288317,22883.17
2288414,22884.14
2288511,22885.11
2288610,22886.1
2288715,22887.15
2288810,22888.1
2288906,22889.06
2289010,22890.1
2289120,22891.2
2289226,22892.26
2289329,22893.29
2289434,22894.34
2289541,22895.41
2289649,22896.49
2289755,22897.55
2289850,22898.5
2289946,22899.46
2290051,22900.51
2290152,22901.52
2290256,22902.56
2290360,22903.6
2290471,22904.71
2290588,22905.88
2290705,22907.05
2290824,22908.24
2290939,22909.39
2291051,22910.51
2291163,22911.63
2291268,22912.68
2291367,22913.67
2291464,22914.64
2291561,22915.61
2291660,22916.6
2291760,22917.6
2291861,22918.61
2291976,22919.76
2292081,22920.81
2292178,22921.78
2292274,22922.74
2292371,22923.71
2292468,22924.68
2292568,22925.68
2292665,22926.65
2292759,22927.59
2292855,22928.55
2292957,22929.57
2293069,22930.69
2293182,22931.82
2293306,22933.06
2293436,22934.36
2293564,22935.64
2293691,22936.91
2293810,22938.1
2293938,22939.38
2294066,22940.66
2294190,22941.9
2294320,22943.2
2294444,22944.44
2294572,22945.72
2294691,22946.91
2294808,22948.08
2294932,22949.32
2295046,22950.46
2295158,22951.58
2295273,22952.73
2295387,22953.87
2295500,22955.0
2295609,22956.09
2295708,22957.08
2295801,22958.01
2295890,22958.9
2295978,22959.78
2296065,22960.65
2296157,22961.57
2296280,22962.8
2296399,22963.99
2296509,22965.09
2296614,22966.14
2296719,22967.19
2296827,22968.27
2296933,22969.33
2297038,22970.38
2297143,22971.43
2297245,22972.45
2297343,22973.43
2297440,22974.4
2297537,22975.37
2297641,22976.41
2297749,22977.49
2297865,22978.65
2297990,22979.9
2298113,22981.13
2298237,22982.37
2298357,22983.57
2298470,22984.7
2298575,22985.75
2298676,22986.76
2298774,22987.74
2298864,22988.64
2298954,22989.54
2299060,22990.6
2299180,22991.8
2299291,22992.91
2299405,22994.05
2299522,22995.22
2299630,22996.3
2299731,22997.31
2299829,22998.29
2299926,22999.26
2300020,23000.2
2300112,23001.12
2300201,23002.01
2300291,23002.91
2300381,23003.81
2300472,23004.72
2300569,23005.69
2300667,23006.67
2300767,23007.67
2300870,23008.7
2300973,23009.73
2301072,23010.72
2301167,23011.67
2301262,23012.62
2301358,23013.58
2301458,23014.58
2301563,23015.63
2301659,23016.59
2301750,23017.5
2301840,23018.4
2301928,23019.28
2302015,23020.15
2302102,23021.02
2302186,23021.86
2302272,23022.72
2302363,23023.63
2302466,23024.66
2302575,23025.75
2302690,23026.9
2302802,23028.02
2302908,23029.08
2303015,23030.15
2303120,23031.2
2303220,23032.2
2303316,23033.16
2303415,23034.15
2303513,23035.13
2303614,23036.14
2303717,23037.17
2303823,23038.23
2303934,23039.34
2304047,23040.47
2304161,23041.61
2304273,23042.73
2304384,23043.84
2304496,23044.96
2304612,23046.12
2304724,23047.24
2304830,23048.3
2304930,23049.3
2305034,23050.34
2305136,23051.36
2305238,23052.38
2305339,23053.39
2305443,23054.43
2305545,23055.45
2305644,23056.44
2305749,23057.49
2305853,23058.53
2305945,23059.45
2306038,23060.38
2306134,23061.34
2306231,23062.31
2306321,23063.21
2306408,23064.08
2306496,23064.96
2306586,23065.86
2306678,23066.78
2306772,23067.72
2306865,23068.65
2306957,23069.57
2307053,23070.53
2307151,23071.51
2307246,23072.46
2307341,23073.41
2307435,23074.35
2307527,23075.27
2307618,23076.18
2307710,23077.1
2307805,23078.05
2307901,23079.01
2307994,23079.94
2308084,23080.84
2308172,23081.72
2308259,23082.59
2308347,23083.47
2308439,23084.39
2308538,23085.38
2308638,23086.38
2308743,23087.43
2308853,23088.53
2308971,23089.71
2309089,23090.89
2309200,23092.0
2309309,23093.09
2309415,23094.15
2309521,23095.21
2309623,23096.23
2309725,23097.25
2309826,23098.26
2309928,23099.28
2310026,23100.26
2310124,23101.24
2310223,23102.23
2310321,23103.21
2310417,23104.17
2310509,23105.09
2310602,23106.02
2310696,23106.96
2310793,23107.93
2310892,23108.92
2310990,23109.9
2311089,23110.89
2311191,23111.91
2311295,23112.95
2311402,23114.02
2311500,23115.0
2311598,23115.98
2311706,23117.06
2311807,23118.07
2311910,23119.1
2312013,23120.13
2312114,23121.14
2312220,23122.2
2312334,23123.34
2312450,23124.5
2312570,23125.7
2312697,23126.97
2312823,23128.23
2312941,23129.41
2313059,23130.59
2313170,23131.7
2313282,23132.82
2313399,23133.99
2313514,23135.14
2313624,23136.24
2313734,23137.34
2313840,23138.4
2313941,23139.41
2314041,23140.41
2314117,23141.17
2314193,23141.93
2314271,23142.71
2314368,23143.68
2314466,23144.66
2314572,23145.72
2314676,23146.76
2314780,23147.8
2314885,23148.85
2314992,23149.92
2315098,23150.98
2315208,23152.08
2315318,23153.18
2315427,23154.27
2315541,23155.41
2315653,23156.53
2315759,23157.59
2315870,23158.7
2315980,23159.8
2316090,23160.9
2316197,23161.97
2316302,23163.02
2316406,23164.06
2316511,23165.11
2316610,23166.1
2316707,23167.07
2316806,23168.06
2316906,23169.06
2317004,23170.04
2317096,23170.96
2317187,23171.87
2317277,23172.77
2317366,23173.66
2317458,23174.58
2317548,23175.48
2317639,23176.39
2317732,23177.32
2317827,23178.27
2317922,23179.22
2318015,23180.15
2318110,23181.1
2318206,23182.06
2318302,23183.02
2318401,23184.01
2318498,23184.98
2318595,23185.95
2318693,23186.93
2318786,23187.86
2318877,23188.77
2318969,23189.69
2319064,23190.64
2319163,23191.63
2319259,23192.59
2319360,23193.6
2319468,23194.68
2319570,23195.7
2319669,23196.69
2319771,23197.71
2319869,23198.69
2319969,23199.69
2320067,23200.67
2320164,23201.64
2320260,23202.6
2320355,23203.55
2320454,23204.54
2320565,23205.65
2320683,23206.83
2320809,23208.09
2320927,23209.27
2321042,23210.42
2321150,23211.5
2321259,23212.59
2321368,23213.68
2321477,23214.77
2321590,23215.9
2321700,23217.0
2321807,23218.07
2321916,23219.16
2322024,23220.24
2322126,23221.26
2322226,23222.26
2322328,23223.28
2322432,23224.32
2322531,23225.31
2322628,23226.28
2322726,23227.26
2322827,23228.27
2322928,23229.28
2323025,23230.25
2323123,23231.23
2323225,23232.25
2323330,23233.3
2323445,23234.45
2323562,23235.62
2323678,23236.78
2323794,23237.94
2323905,23239.05
2324025,23240.25
2324135,23241.35
2324243,23242.43
2324344,23243.44
2324438,23244.38
2324528,23245.28
2324618,23246.18
2324708,23247.08
2324804,23248.04
2324918,23249.18
2325034,23250.34
2325143,23251.43
2325241,23252.41
2325339,23253.39
2325447,23254.47
2325541,23255.41
2325633,23256.33
2325724,23257.24
2325813,23258.13
2325899,23258.99
2325983,23259.83
2326067,23260.67
2326152,23261.52
2326238,23262.38
2326330,23263.3
2326433,23264.33
2326546,23265.46
2326656,23266.56
2326759,23267.59
2326861,23268.61
2326962,23269.62
2327061,23270.61
2327159,23271.59
2327263,23272.63
2327374,23273.74
2327490,23274.9
2327602,23276.02
2327711,23277.11
2327821,23278.21
2327928,23279.28
2328031,23280.31
2328130,23281.3
2328231,23282.31
2328328,23283.28
2328426,23284.26
2328535,23285.35
2328643,23286.43
2328748,23287.48
2328842,23288.42
2328937,23289.37
2329043,23290.43
2329141,23291.41
2329237,23292.37
2329329,23293.29
2329418,23294.18
2329507,23295.07
2329593,23295.93
2329675,23296.75
2329758,23297.58
2329840,23298.4
2329922,23299.22
2330010,23300.1
2330120,23301.2
2330244,23302.44
2330368,23303.68
2330486,23304.86
2330597,23305.97
2330706,23307.06
2330816,23308.16
2330923,23309.23
2331029,23310.29
2331129,23311.29
2331232,23312.32
2331336,23313.36
2331437,23314.37
2331538,23315.38
2331632,23316.32
2331726,23317.26
2331820,23318.2
2331917,23319.17
2332015,23320.15
2332114,23321.14
2332217,23322.17
2332322,23323.22
2332422,23324.22
2332515,23325.15
2332608,23326.08
2332700,23327.0
2332793,23327.93
2332893,23328.93
2332997,23329.97
2333108,23331.08
2333227,23332.27
2333335,23333.35
2333440,23334.4
2333546,23335.46
2333651,23336.51
2333756,23337.56
2333853,23338.53
2333950,23339.5
2334050,23340.5
2334155,23341.55
2334262,23342.62
2334368,23343.68
2334477,23344.77
2334590,23345.9
2334699,23346.99
2334808,23348.08
2334915,23349.15
2335018,23350.18
2335120,23351.2
2335225,23352.25
2335330,23353.3
2335432,23354.32
2335535,23355.35
2335646,23356.46
2335755,23357.55
2335862,23358.62
2335970,23359.7
2336078,23360.78
2336180,23361.8
2336281,23362.81
2336380,23363.8
2336479,23364.79
2336575,23365.75
2336672,23366.72
2336770,23367.7
2336868,23368.68
2336971,23369.71
2337074,23370.74
2337177,23371.77
2337283,23372.83
2337386,23373.86
2337478,23374.78
2337571,23375.71
2337670,23376.7
2337769,23377.69
2337863,23378.63
2337955,23379.55
2338044,23380.44
2338135,23381.35
2338229,23382.29
2338324,23383.24
2338417,23384.17
2338509,23385.09
2338601,23386.01
2338692,23386.92
2338783,23387.83
2338872,23388.72
2338959,23389.59
2339049,23390.49
2339140,23391.4
2339232,23392.32
2339327,23393.27
2339417,23394.17
2339509,23395.09
2339606,23396.06
2339708,23397.08
2339810,23398.1
2339919,23399.19
2340028,23400.28
2340132,23401.32
2340233,23402.33
2340333,23403.33
2340434,23404.34
2340533,23405.33
2340635,23406.35
2340742,23407.42
2340860,23408.6
2340976,23409.76
2341092,23410.92
2341212,23412.12
2341328,23413.28
2341446,23414.46
2341570,23415.7
2341693,23416.93
2341831,23418.31
2341970,23419.7
2342080,23420.8
2342189,23421.89
2342297,23422.97
2342405,23424.05
2342513,23425.13
2342633,23426.33
2342754,23427.54
2342857,23428.57
2342959,23429.59
2343060,23430.6
2343161,23431.61
2343259,23432.59
2343355,23433.55
2343455,23434.55
2343554,23435.54
2343653,23436.53
2343747,23437.47
2343840,23438.4
2343938,23439.38
2344038,23440.38
2344143,23441.43
2344246,23442.46
2344347,23443.47
2344452,23444.52
2344558,23445.58
2344665,23446.65
2344774,23447.74
2344875,23448.75
2344974,23449.74
2345073,23450.73
2345176,23451.76
2345275,23452.75
2345377,23453.77
2345484,23454.84
2345595,23455.95
2345705,23457.05
2345808,23458.08
2345912,23459.12
2346016,23460.16
2346122,23461.22
2346229,23462.29
2346337,23463.37
2346446,23464.46
2346549,23465.49
2346646,23466.46
2346739,23467.39
2346835,23468.35
2346942,23469.42
2347049,23470.49
2347155,23471.55
2347263,23472.63
2347373,23473.73
2347478,23474.78
2347585,23475.85
2347689,23476.89
2347786,23477.86
2347882,23478.82
2347982,23479.82
2348080,23480.8
2348177,23481.77
2348275,23482.75
2348380,23483.8
2348493,23484.93
2348610,23486.1
2348733,23487.33
2348852,23488.52
2348971,23489.71
2349088,23490.88
2349206,23492.06
2349323,23493.23
2349435,23494.35
2349545,23495.45
2349660,23496.6
2349773,23497.73
2349881,23498.81
2349989,23499.89
2350094,23500.94
2350193,23501.93
2350289,23502.89
2350386,23503.86
2350484,23504.84
2350579,23505.79
2350669,23506.69
2350761,23507.61
2350852,23508.52
2350945,23509.45
2351047,23510.47
2351164,23511.64
2351282,23512.82
2351397,23513.97
2351505,23515.05
2351613,23516.13
2351721,23517.21
2351828,23518.28
2351934,23519.34
2352038,23520.38
2352138,23521.38
2352244,23522.44
2352355,23523.55
2352465,23524.65
2352571,23525.71
2352683,23526.83
2352797,23527.97
2352906,23529.06
2353014,23530.14
2353126,23531.26
2353240,23532.4
2353353,23533.53
2353459,23534.59
2353564,23535.64
2353671,23536.71
2353777,23537.77
2353885,23538.85
2353984,23539.84
2354078,23540.78
2354169,23541.69
2354260,23542.6
2354353,23543.53
2354450,23544.5
2354550,23545.5
2354659,23546.59
2354770,23547.7
2354876,23548.76
2354975,23549.75
2355069,23550.69
2355163,23551.63
2355260,23552.6
2355358,23553.58
2355453,23554.53
2355547,23555.47
2355644,23556.44
2355744,23557.44
2355842,23558.42
2355941,23559.41
2356042,23560.42
2356143,23561.43
2356245,23562.45
2356347,23563.47
2356444,23564.44
2356537,23565.37
2356627,23566.27
2356719,23567.19
2356813,23568.13
2356908,23569.08
2357012,23570.12
2357121,23571.21
2357226,23572.26
2357325,23573.25
2357425,23574.25
2357522,23575.22
2357621,23576.21
2357717,23577.17
2357808,23578.08
2357899,23578.99
2357990,23579.9
2358079,23580.79
2358166,23581.66
2358253,23582.53
2358344,23583.44
2358441,23584.41
2358541,23585.41
2358646,23586.46
2358756,23587.56
2358864,23588.64
2358967,23589.67
2359075,23590.75
2359180,23591.8
2359281,23592.81
2359380,23593.8
2359481,23594.81
2359583,23595.83
2359683,23596.83
2359779,23597.79
2359873,23598.73
2359971,23599.71
2360072,23600.72
2360171,23601.71
2360272,23602.72
2360375,23603.75
2360478,23604.78
2360582,23605.82
2360686,23606.86
2360784,23607.84
2360881,23608.81
2360982,23609.82
2361080,23610.8
2361178,23611.78
2361277,23612.77
2361377,23613.77
2361481,23614.81
2361585,23615.85
2361683,23616.83
2361779,23617.79
2361876,23618.76
2361974,23619.74
2362072,23620.72
2362169,23621.69
2362267,23622.67
2362365,23623.65
2362463,23624.63
2362561,23625.61
2362662,23626.62
2362761,23627.61
2362857,23628.57
2362950,23629.5
2363046,23630.46
2363141,23631.41
2363234,23632.34
2363325,23633.25
2363419,23634.19
2363514,23635.14
2363607,23636.07
2363696,23636.96
2363785,23637.85
2363877,23638.77
2363977,23639.77
2364085,23640.85
2364190,23641.9
2364296,23642.96
2364406,23644.06
2364517,23645.17
2364625,23646.25
2364728,23647.28
2364826,23648.26
2364927,23649.27
2365030,23650.3
2365128,23651.28
2365223,23652.23
2365323,23653.23
2365426,23654.26
2365533,23655.33
2365643,23656.43
2365756,23657.56
2365867,23658.67
2365972,23659.72
2366077,23660.77
2366181,23661.81
2366284,23662.84
2366381,23663.81
2366475,23664.75
2366572,23665.72
2366673,23666.73
2366776,23667.76
2366874,23668.74
2366971,23669.71
2367072,23670.72
2367178,23671.78
2367284,23672.84
2367383,23673.83
2367479,23674.79
2367577,23675.77
2367675,23676.75
2367775,23677.75
2367870,23678.7
2367965,23679.65
2368061,23680.61
2368163,23681.63
2368271,23682.71
2368376,23683.76
2368484,23684.84
2368604,23686.04
2368725,23687.25
2368835,23688.35
2368939,23689.39
2369044,23690.44
2369148,23691.48
2369252,23692.52
2369350,23693.5
2369443,23694.43
2369537,23695.37
2369636,23696.36
2369744,23697.44
2369853,23698.53
2369959,23699.59
2370071,23700.71
2370189,23701.89
2370302,23703.02
2370411,23704.11
2370514,23705.14
2370614,23706.14
2370718,23707.18
2370829,23708.29
2370939,23709.39
2371047,23710.47
2371153,23711.53
2371263,23712.63
2371371,23713.71
2371474,23714.74
2371579,23715.79
2371683,23716.83
2371782,23717.82
2371883,23718.83
2371986,23719.86
2372089,23720.89
2372186,23721.86
2372282,23722.82
2372381,23723.81
2372480,23724.8
2372579,23725.79
2372674,23726.74
2372771,23727.71
2372871,23728.71
2372971,23729.71
2373073,23730.73
2373181,23731.81
2373299,23732.99
2373411,23734.11
2373518,23735.18
2373627,23736.27
2373741,23737.41
2373852,23738.52
2373955,23739.55
2374060,23740.6
2374169,23741.69
2374282,23742.82
2374390,23743.9
2374496,23744.96
2374608,23746.08
2374723,23747.23
2374832,23748.32
2374937,23749.37
2375047,23750.47
2375159,23751.59
2375268,23752.68
2375373,23753.73
2375479,23754.79
2375588,23755.88
2375694,23756.94
2375799,23757.99
2375910,23759.1
2376023,23760.23
2376132,23761.32
2376235,23762.35
2376334,23763.34
2376433,23764.33
2376539,23765.39
2376642,23766.42
2376743,23767.43
2376847,23768.47
2376952,23769.52
2377050,23770.5
2377149,23771.49
2377251,23772.51
2377354,23773.54
2377453,23774.53
2377551,23775.51
2377652,23776.52
2377756,23777.56
2377862,23778.62
2377963,23779.63
2378064,23780.64
2378169,23781.69
2378275,23782.75
2378380,23783.8
2378479,23784.79
2378576,23785.76
2378679,23786.79
2378790,23787.9
2378901,23789.01
2379015,23790.15
2379133,23791.33
2379245,23792.45
2379355,23793.55
2379463,23794.63
2379567,23795.67
2379667,23796.67
2379768,23797.68
2379875,23798.75
2379981,23799.81
2380086,23800.86
2380192,23801.92
2380298,23802.98
2380404,23804.04
2380510,23805.1
2380619,23806.19
2380730,23807.3
2380835,23808.35
2380937,23809.37
2381040,23810.4
2381143,23811.43
2381243,23812.43
2381347,23813.47
2381456,23814.56
2381559,23815.59
2381658,23816.58
2381760,23817.6
2381860,23818.6
2381961,23819.61
2382069,23820.69
2382175,23821.75
2382278,23822.78
2382385,23823.85
2382491,23824.91
2382592,23825.92
2382691,23826.91
2382795,23827.95
2382901,23829.01
2383004,23830.04
2383103,23831.03
2383203,23832.03
2383304,23833.04
2383403,23834.03
2383498,23834.98
2383596,23835.96
2383701,23837.01
2383805,23838.05
2383905,23839.05
2384009,23840.09
2384123,23841.23
2384238,23842.38
2384345,23843.45
2384447,23844.47
2384551,23845.51
2384655,23846.55
2384759,23847.59
2384856,23848.56
2384953,23849.53
2385055,23850.55
2385159,23851.59
2385260,23852.6
2385358,23853.58
2385456,23854.56
2385558,23855.58
2385660,23856.6
2385757,23857.57
2385853,23858.53
2385950,23859.5
2386050,23860.5
2386148,23861.48
2386243,23862.43
2386336,23863.36
2386431,23864.31
2386535,23865.35
2386644,23866.44
2386751,23867.51
2386873,23868.73
2386996,23869.96
2387116,23871.16
2387226,23872.26
2387336,23873.36
2387448,23874.48
2387556,23875.56
2387657,23876.57
2387763,23877.63
2387871,23878.71
2387979,23879.79
2388085,23880.85
2388189,23881.89
2388295,23882.95
2388400,23884.0
2388501,23885.01
2388607,23886.07
2388715,23887.15
2388822,23888.22
2388924,23889.24
2389028,23890.28
2389136,23891.36
2389243,23892.43
2389345,23893.45
2389450,23894.5
2389557,23895.57
2389664,23896.64
2389765,23897.65
2389864,23898.64
2389965,23899.65
2390066,23900.66
2390168,23901.68
2390265,23902.65
2390361,23903.61
2390462,23904.62
2390568,23905.68
2390676,23906.76
2390785,23907.85
2390898,23908.98
2391015,23910.15
2391125,23911.25
2391234,23912.34
2391342,23913.42
2391446,23914.46
2391552,23915.52
2391664,23916.64
2391775,23917.75
2391876,23918.76
2391978,23919.78
2392082,23920.82
2392189,23921.89
2392291,23922.91
2392392,23923.92
2392497,23924.97
2392604,23926.04
2392703,23927.03
2392804,23928.04
2392907,23929.07
2393006,23930.06
2393105,23931.05
2393214,23932.14
2393327,23933.27
2393432,23934.32
2393535,23935.35
2393645,23936.45
2393756,23937.56
2393860,23938.6
2393960,23939.6
2394061,23940.61
2394166,23941.66
2394269,23942.69
2394367,23943.67
2394467,23944.67
2394572,23945.72
2394681,23946.81
2394782,23947.82
2394885,23948.85
2394989,23949.89
2395091,23950.91
2395193,23951.93
2395289,23952.89
2395386,23953.86
2395487,23954.87
2395589,23955.89
2395688,23956.88
2395784,23957.84
2395885,23958.85
2395989,23959.89
2396097,23960.97
2396200,23962.0
2396297,23962.97
2396393,23963.93
2396491,23964.91
2396594,23965.94
2396693,23966.93
2396790,23967.9
2396890,23968.9
2396994,23969.94
2397102,23971.02
2397205,23972.05
2397310,23973.1
2397419,23974.19
2397527,23975.27
2397628,23976.28
2397728,23977.28
2397829,23978.29
2397931,23979.31
2398029,23980.29
2398127,23981.27
2398229,23982.29
2398336,23983.36
2398440,23984.4
2398547,23985.47
2398663,23986.63
2398778,23987.78
2398884,23988.84
2398987,23989.87
2399092,23990.92
2399197,23991.97
2399300,23993.0
2399397,23993.97
2399496,23994.96
2399601,23996.01
2399710,23997.1
2399814,23998.14
2399918,23999.18
2400023,24000.23
2400131,24001.31
2400238,24002.38
2400337,24003.37
2400435,24004.35
2400537,24005.37
2400642,24006.42
2400747,24007.47
2400844,24008.44
2400942,24009.42
2401054,24010.54
2401165,24011.65
2401270,24012.7
2401372,24013.72
2401477,24014.77
2401583,24015.83
2401687,24016.87
2401787,24017.87
2401889,24018.89
2401997,24019.97
2402106,24021.06
2402210,24022.1
2402318,24023.18
2402431,24024.31
2402542,24025.42
2402645,24026.45
2402747,24027.47
2402850,24028.5
2402955,24029.55
2403057,24030.57
2403155,24031.55
2403259,24032.59
2403369,24033.69
2403474,24034.74
2403575,24035.75
2403677,24036.77
2403781,24037.81
2403881,24038.81
2403979,24039.79
2404082,24040.82
2404193,24041.93
2404304,24043.04
2404407,24044.07
2404510,24045.1
2404614,24046.14
2404719,24047.19
2404818,24048.18
2404917,24049.17
2405022,24050.22
2405126,24051.26
2405223,24052.23
2405323,24053.23
2405427,24054.27
2405532,24055.32
2405628,24056.28
2405724,24057.24
2405831,24058.31
2405933,24059.33
2406031,24060.31
2406130,24061.3
2406235,24062.35
2406346,24063.46
2406458,24064.58
2406566,24065.66
2406679,24066.79
2406792,24067.92
2406899,24068.99
2407003,24070.03
2407108,24071.08
2407213,24072.13
2407312,24073.12
2407408,24074.08
2407507,24075.07
2407611,24076.11
2407709,24077.09
2407808,24078.08
2407916,24079.16
2408028,24080.28
2408133,24081.33
2408239,24082.39
2408351,24083.51
2408460,24084.6
2408562,24085.62
2408662,24086.62
2408763,24087.63
2408866,24088.66
2408965,24089.65
2409062,24090.62
2409166,24091.66
2409274,24092.74
2409378,24093.78
2409484,24094.84
2409594,24095.94
2409702,24097.02
2409801,24098.01
2409900,24099.0
2410002,24100.02
2410102,24101.02
2410194,24101.94
2410286,24102.86
2410379,24103.79
2410475,24104.75
2410570,24105.7
2410668,24106.68
2410780,24107.8
2410895,24108.95
2411003,24110.03
2411113,24111.13
2411227,24112.27
2411340,24113.4
2411444,24114.44
2411544,24115.44
2411643,24116.43
2411745,24117.45
2411845,24118.45
2411942,24119.42
2412038,24120.38
2412136,24121.36
2412239,24122.39
2412337,24123.37
2412431,24124.31
2412541,24125.41
2412657,24126.57
2412774,24127.74
2412883,24128.83
2412992,24129.92
2413106,24131.06
2413213,24132.13
2413317,24133.17
2413424,24134.24
2413534,24135.34
2413638,24136.38
2413740,24137.4
2413849,24138.49
2413960,24139.6
2414066,24140.66
2414167,24141.67
2414274,24142.74
2414381,24143.81
2414486,24144.86
2414596,24145.96
2414709,24147.09
2414816,24148.16
2414921,24149.21
2415028,24150.28
2415136,24151.36
2415239,24152.39
2415341,24153.41
2415447,24154.47
2415551,24155.51
2415653,24156.53
2415759,24157.59
2415867,24158.67
2415974,24159.74
2416074,24160.74
2416179,24161.79
2416287,24162.87
2416394,24163.94
2416495,24164.95
2416596,24165.96
2416702,24167.02
2416808,24168.08
2416911,24169.11
2417019,24170.19
2417128,24171.28
2417231,24172.31
2417330,24173.3
2417433,24174.33
2417537,24175.37
2417640,24176.4
2417735,24177.35
2417831,24178.31
2417928,24179.28
2418029,24180.29
2418125,24181.25
2418223,24182.23
2418328,24183.28
2418440,24184.4
2418545,24185.45
2418652,24186.52
2418763,24187.63
2418870,24188.7
2418970,24189.7
2419069,24190.69
2419170,24191.7
2419272,24192.72
2419370,24193.7
2419469,24194.69
2419576,24195.76
2419686,24196.86
2419794,24197.94
2419896,24198.96
2419999,24199.99
2420105,24201.05
2420210,24202.1
2420306,24203.06
2420401,24204.01
2420500,24205.0
2420604,24206.04
2420704,24207.04
2420804,24208.04
2420913,24209.13
2421026,24210.26
2421133,24211.33
2421235,24212.35
2421341,24213.41
2421450,24214.5
2421556,24215.56
2421658,24216.58
2421764,24217.64
2421876,24218.76
2421984,24219.84
2422085,24220.85
2422186,24221.86
2422296,24222.96
2422409,24224.09
2422515,24225.15
2422623,24226.23
2422733,24227.33
2422842,24228.42
2422942,24229.42
2423041,24230.41
2423141,24231.41
2423247,24232.47
2423347,24233.47
2423449,24234.49
2423563,24235.63
2423681,24236.81
2423791,24237.91
2423898,24238.98
2424009,24240.09
2424121,24241.21
2424229,24242.29
2424329,24243.29
2424429,24244.29
2424533,24245.33
2424636,24246.36
2424739,24247.39
2424839,24248.39
2424943,24249.43
2425055,24250.55
2425168,24251.68
2425271,24252.71
2425376,24253.76
2425481,24254.81
2425584,24255.84
2425680,24256.8
2425779,24257.79
2425881,24258.81
2425984,24259.84
2426085,24260.85
2426188,24261.88
2426301,24263.01
2426417,24264.17
2426526,24265.26
2426637,24266.37
2426751,24267.51
2426865,24268.65
2426974,24269.74
2427074,24270.74
2427173,24271.73
2427278,24272.78
2427385,24273.85
2427489,24274.89
2427589,24275.89
2427697,24276.97
2427808,24278.08
2427915,24279.15
2428017,24280.17
2428120,24281.2
2428227,24282.27
2428334,24283.34
2428433,24284.33
2428534,24285.34
2428640,24286.4
2428752,24287.52
2428855,24288.55
2428962,24289.62
2429078,24290.78
2429193,24291.93
2429303,24293.03
2429403,24294.03
2429501,24295.01
2429600,24296.0
2429698,24296.98
2429789,24297.89
2429880,24298.8
2429975,24299.75
2430073,24300.73
2430172,24301.72
2430278,24302.78
2430397,24303.97
2430511,24305.11
2430616,24306.16
2430722,24307.22
2430825,24308.25
2430921,24309.21
2431018,24310.18
2431116,24311.16
2431219,24312.19
2431320,24313.2
2431421,24314.21
2431531,24315.31
2431643,24316.43
2431745,24317.45
2431848,24318.48
2431955,24319.55
2432061,24320.61
2432160,24321.6
2432260,24322.6
2432362,24323.62
2432464,24324.64
2432560,24325.6
2432657,24326.57
2432755,24327.55
2432859,24328.59
2432961,24329.61
2433060,24330.6
2433164,24331.64
2433274,24332.74
2433383,24333.83
2433488,24334.88
2433600,24336.0
2433712,24337.12
2433818,24338.18
2433927,24339.27
2434039,24340.39
2434146,24341.46
2434247,24342.47
2434349,24343.49
2434454,24344.54
2434560,24345.6
2434664,24346.64
2434763,24347.63
2434864,24348.64
2434970,24349.7
2435073,24350.73
2435172,24351.72
2435272,24352.72
2435375,24353.75
2435481,24354.81
2435579,24355.79
2435676,24356.76
2435775,24357.75
2435883,24358.83
2435990,24359.9
2436090,24360.9
2436199,24361.99
2436311,24363.11
2436419,24364.19
2436520,24365.2
2436625,24366.25
2436738,24367.38
2436844,24368.44
2436946,24369.46
2437050,24370.5
2437159,24371.59
2437267,24372.67
2437370,24373.7
2437478,24374.78
2437593,24375.93
2437707,24377.07
2437814,24378.14
2437923,24379.23
2438036,24380.36
2438147,24381.47
2438253,24382.53
2438365,24383.65
2438478,24384.78
2438582,24385.82
2438682,24386.82
2438788,24387.88
2438895,24388.95
2438999,24389.99
2439097,24390.97
2439199,24391.99
2439307,24393.07
2439413,24394.13
2439516,24395.16
2439624,24396.24
2439734,24397.34
2439838,24398.38
2439939,24399.39
2440046,24400.46
2440153,24401.53
2440255,24402.55
2440352,24403.52
2440453,24404.53
2440561,24405.61
2440665,24406.65
2440766,24407.66
2440869,24408.69
2440974,24409.74
2441075,24410.75
2441173,24411.73
2441276,24412.76
2441380,24413.8
2441483,24414.83
2441580,24415.8
2441677,24416.77
2441777,24417.77
2441884,24418.84
2441989,24419.89
2442098,24420.98
2442218,24422.18
2442338,24423.38
2442446,24424.46
2442555,24425.55
2442670,24426.7
2442784,24427.84
2442891,24428.91
2442987,24429.87
2443085,24430.85
2443186,24431.86
2443289,24432.89
2443386,24433.86
2443483,24434.83
2443587,24435.87
2443696,24436.96
2443806,24438.06
2443906,24439.06
2444009,24440.09
2444116,24441.16
2444223,24442.23
2444325,24443.25
2444429,24444.29
2444538,24445.38
2444644,24446.44
2444746,24447.46
2444852,24448.52
2444959,24449.59
2445061,24450.61
2445160,24451.6
2445261,24452.61
2445366,24453.66
2445470,24454.7
2445571,24455.71
2445678,24456.78
2445786,24457.86
2445891,24458.91
2445992,24459.92
2446095,24460.95
2446199,24461.99
2446299,24462.99
2446402,24464.02
2446509,24465.09
2446618,24466.18
2446721,24467.21
2446827,24468.27
2446936,24469.36
2447039,24470.39
2447141,24471.41
2447248,24472.48
2447361,24473.61
2447469,24474.69
2447571,24475.71
2447676,24476.76
2447784,24477.84
2447888,24478.88
2447988,24479.88
2448090,24480.9
2448195,24481.95
2448298,24482.98
2448402,24484.02
2448517,24485.17
2448629,24486.29
2448744,24487.44
2448859,24488.59
2448966,24489.66
2449069,24490.69
2449173,24491.73
2449279,24492.79
2449380,24493.8
2449474,24494.74
2449570,24495.7
2449669,24496.69
2449768,24497.68
2449864,24498.64
2449967,24499.67
2450079,24500.79
2450191,24501.91
2450298,24502.98
2450407,24504.07
2450515,24505.15
2450616,24506.16
2450714,24507.14
2450813,24508.13
2450913,24509.13
2451009,24510.09
2451099,24510.99
2451185,24511.85
2451267,24512.67
2451348,24513.48
2451427,24514.27
2451505,24515.05
2451583,24515.83
2451663,24516.63
2451744,24517.44
2451833,24518.33
2451922,24519.22
2452007,24520.07
2452092,24520.92
2452180,24521.8
2452268,24522.68
2452340,24523.4
2452422,24524.22
2452502,24525.02
2452581,24525.81
2452655,24526.55
2452732,24527.32
2452807,24528.07
2452879,24528.79
2452949,24529.49
2453021,24530.21
2453092,24530.92
2453161,24531.61
2453230,24532.3
2453297,24532.97
2453364,24533.64
2453432,24534.32
2453498,24534.98
2453568,24535.68
2453642,24536.42
2453716,24537.16
2453796,24537.96
2453892,24538.92
2454003,24540.03
2454110,24541.1
2454210,24542.1
2454310,24543.1
2454421,24544.21
2454531,24545.31
2454639,24546.39
2454759,24547.59
2454878,24548.78
2454992,24549.92
2455093,24550.93
2455188,24551.88
2455294,24552.94
2455407,24554.07
2455517,24555.17
2455635,24556.35
2455767,24557.67
2455896,24558.96
2456014,24560.14
2456134,24561.34
2456260,24562.6
2456377,24563.77
2456487,24564.87
2456591,24565.91
2456700,24567.0
2456808,24568.08
2456916,24569.16
2457031,24570.31
2457150,24571.5
2457266,24572.66
2457373,24573.73
2457476,24574.76
2457579,24575.79
2457683,24576.83
2457787,24577.87
2457904,24579.04
2458022,24580.22
2458133,24581.33
2458253,24582.53
2458372,24583.72
2458483,24584.83
2458590,24585.9
2458698,24586.98
2458807,24588.07
2458909,24589.09
2459004,24590.04
2459104,24591.04
2459224,24592.24
2459348,24593.48
2459470,24594.7
2459598,24595.98
2459721,24597.21
2459837,24598.37
2459949,24599.49
2460065,24600.65
2460177,24601.77
2460281,24602.81
2460386,24603.86
2460494,24604.94
2460611,24606.11
2460719,24607.19
2460834,24608.34
2460953,24609.53
2461065,24610.65
2461171,24611.71
2461277,24612.77
2461379,24613.79
2461480,24614.8
2461590,24615.9
2461714,24617.14
2461839,24618.39
2461958,24619.58
2462078,24620.78
2462195,24621.95
2462309,24623.09
2462416,24624.16
2462525,24625.25
2462632,24626.32
2462737,24627.37
2462838,24628.38
2462945,24629.45
2463056,24630.56
2463163,24631.63
2463270,24632.7
2463380,24633.8
2463490,24634.9
2463593,24635.93
2463693,24636.93
2463798,24637.98
2463909,24639.09
2464018,24640.18
2464125,24641.25
2464241,24642.41
2464363,24643.63
2464477,24644.77
2464597,24645.97
2464715,24647.15
2464827,24648.27
2464934,24649.34
2465038,24650.38
2465142,24651.42
2465246,24652.46
2465350,24653.5
2465466,24654.66
2465581,24655.81
2465687,24656.87
2465793,24657.93
2465896,24658.96
2465994,24659.94
2466095,24660.95
2466199,24661.99
2466305,24663.05
2466412,24664.12
2466519,24665.19
2466629,24666.29
2466734,24667.34
2466842,24668.42
2466956,24669.56
2467066,24670.66
2467171,24671.71
2467272,24672.72
2467377,24673.77
2467488,24674.88
2467592,24675.92
2467697,24676.97
2467806,24678.06
2467918,24679.18
2468024,24680.24
2468127,24681.27
2468236,24682.36
2468350,24683.5
2468460,24684.6
2468565,24685.65
2468674,24686.74
2468787,24687.87
2468899,24688.99
2469001,24690.01
2469105,24691.05
2469212,24692.12
2469317,24693.17
2469419,24694.19
2469517,24695.17
2469619,24696.19
2469726,24697.26
2469835,24698.35
2469940,24699.4
2470051,24700.51
2470169,24701.69
2470287,24702.87
2470397,24703.97
2470511,24705.11
2470629,24706.29
2470744,24707.44
2470850,24708.5
2470957,24709.57
2471063,24710.63
2471171,24711.71
2471277,24712.77
2471381,24713.81
2471481,24714.81
2471586,24715.86
2471695,24716.95
2471802,24718.02
2471904,24719.04
2472006,24720.06
2472110,24721.1
2472218,24722.18
2472323,24723.23
2472429,24724.29
2472541,24725.41
2472654,24726.54
2472760,24727.6
2472867,24728.67
2472976,24729.76
2473082,24730.82
2473182,24731.82
2473289,24732.89
2473398,24733.98
2473502,24735.02
2473599,24735.99
2473699,24736.99
2473803,24738.03
2473905,24739.05
2474005,24740.05
2474109,24741.09
2474216,24742.16
2474317,24743.17
2474417,24744.17
2474522,24745.22
2474629,24746.29
2474729,24747.29
2474839,24748.39
2474948,24749.48
2475054,24750.54
2475159,24751.59
2475268,24752.68
2475376,24753.76
2475478,24754.78
2475575,24755.75
2475678,24756.78
2475783,24757.83
2475887,24758.87
2475991,24759.91
2476102,24761.02
2476216,24762.16
2476323,24763.23
2476428,24764.28
2476534,24765.34
2476641,24766.41
2476746,24767.46
2476844,24768.44
2476950,24769.5
2477066,24770.66
2477183,24771.83
2477292,24772.92
2477400,24774.0
2477510,24775.1
2477618,24776.18
2477722,24777.22
2477823,24778.23
2477932,24779.32
2478042,24780.42
2478147,24781.47
2478263,24782.63
2478379,24783.79
2478490,24784.9
2478595,24785.95
2478702,24787.02
2478807,24788.07
2478909,24789.09
2479007,24790.07
2479108,24791.08
2479212,24792.12
2479318,24793.18
2479422,24794.22
2479529,24795.29
2479643,24796.43
2479752,24797.52
2479858,24798.58
2479967,24799.67
2480078,24800.78
2480185,24801.85
2480286,24802.86
2480392,24803.92
2480500,24805.0
2480606,24806.06
2480708,24807.08
2480815,24808.15
2480927,24809.27
2481036,24810.36
2481140,24811.4
2481244,24812.44
2481350,24813.5
2481456,24814.56
2481557,24815.57
2481660,24816.6
2481765,24817.65
2481874,24818.74
2481981,24819.81
2482084,24820.84
2482187,24821.87
2482292,24822.92
2482400,24824.0
2482502,24825.02
2482604,24826.04
2482714,24827.14
2482828,24828.28
2482935,24829.35
2483040,24830.4
2483148,24831.48
2483258,24832.58
2483362,24833.62
2483458,24834.58
2483561,24835.61
2483666,24836.66
2483767,24837.67
2483869,24838.69
2483978,24839.78
2484088,24840.88
2484190,24841.9
2484292,24842.92
2484400,24844.0
2484506,24845.06
2484604,24846.04
2484702,24847.02
2484805,24848.05
2484908,24849.08
2485010,24850.1
2485117,24851.17
2485229,24852.29
2485335,24853.35
2485438,24854.38
2485544,24855.44
2485648,24856.48
2485750,24857.5
2485850,24858.5
2485947,24859.47
2486051,24860.51
2486159,24861.59
2486266,24862.66
2486370,24863.7
2486480,24864.8
2486591,24865.91
2486698,24866.98
2486798,24867.98
2486898,24868.98
2486998,24869.98
2487096,24870.96
2487200,24872.0
2487312,24873.12
2487419,24874.19
2487522,24875.22
2487625,24876.25
2487730,24877.3
2487833,24878.33
2487929,24879.29
2488029,24880.29
2488132,24881.32
2488233,24882.33
2488329,24883.29
2488432,24884.32
2488541,24885.41
2488651,24886.51
2488753,24887.53
2488866,24888.66
2488979,24889.79
2489085,24890.85
2489187,24891.87
2489294,24892.94
2489404,24894.04
2489507,24895.07
2489604,24896.04
2489705,24897.05
2489810,24898.1
2489916,24899.16
2490016,24900.16
2490118,24901.18
2490226,24902.26
2490341,24903.41
2490449,24904.49
2490560,24905.6
2490676,24906.76
2490786,24907.86
2490894,24908.94
2491001,24910.01
2491103,24911.03
2491199,24911.99
2491297,24912.97
2491401,24914.01
2491506,24915.06
2491606,24916.06
2491708,24917.08
2491813,24918.13
2491920,24919.2
2492025,24920.25
2492126,24921.26
2492228,24922.28
2492336,24923.36
2492446,24924.46
2492546,24925.46
2492646,24926.46
2492750,24927.5
2492856,24928.56
2492959,24929.59
2493063,24930.63
2493172,24931.72
2493283,24932.83
2493387,24933.87
2493494,24934.94
2493602,24936.02
2493707,24937.07
2493805,24938.05
2493906,24939.06
2494017,24940.17
2494124,24941.24
2494219,24942.19
2494312,24943.12
2494404,24944.04
2494480,24944.8
2494559,24945.59
2494625,24946.25
2494694,24946.94
2494763,24947.63
2494866,24948.66
2494967,24949.67
2495065,24950.65
2495160,24951.6
2495246,24952.46
2495330,24953.3
2495414,24954.14
2495495,24954.95
2495576,24955.76
2495655,24956.55
2495731,24957.31
2495808,24958.08
2495886,24958.86
2495964,24959.64
2496043,24960.43
2496122,24961.22
2496200,24962.0
2496278,24962.78
2496356,24963.56
2496422,24964.22
2496504,24965.04
2496587,24965.87
2496661,24966.61
2496735,24967.35
2496808,24968.08
2496880,24968.8
2496951,24969.51
2497021,24970.21
2497092,24970.92
2497163,24971.63
2497234,24972.34
2497307,24973.07
2497381,24973.81
2497455,24974.55
2497530,24975.3
2497607,24976.07
2497691,24976.91
2497781,24977.81
2497892,24978.92
2498004,24980.04
2498116,24981.16
2498215,24982.15
2498307,24983.07
2498404,24984.04
2498520,24985.2
2498614,24986.14
2498693,24986.93
2498782,24987.82
2498852,24988.52
2498923,24989.23
2499014,24990.14
2499096,24990.96
2499180,24991.8
2499266,24992.66
2499352,24993.52
2499435,24994.35
2499519,24995.19
2499593,24995.93
2499677,24996.77
2499754,24997.54
2499830,24998.3
2499904,24999.04
2499977,24999.77
2500049,25000.49
2500121,25001.21
2500193,25001.93
2500266,25002.66
2500327,25003.27
2500409,25004.09
2500499,25004.99
2500588,25005.88
2500672,25006.72
2500756,25007.56
2500840,25008.4
2500922,25009.22
2501002,25010.02
2501080,25010.8
2501174,25011.74
2501248,25012.48
2501323,25013.23
2501432,25014.32
2501532,25015.32
2501637,25016.37
2501723,25017.23
2501821,25018.21
2501923,25019.23
2502025,25020.25
2502123,25021.23
2502231,25022.31
2502347,25023.47
2502463,25024.63
2502572,25025.72
2502683,25026.83
2502794,25027.94
2502917,25029.17
2503012,25030.12
2503113,25031.13
2503223,25032.23
2503331,25033.31
2503435,25034.35
2503534,25035.34
2503628,25036.28
2503733,25037.33
2503846,25038.46
2503961,25039.61
2504068,25040.68
2504184,25041.84
2504304,25043.04
2504415,25044.15
2504527,25045.27
2504639,25046.39
2504753,25047.53
2504864,25048.64
2504977,25049.77
2505100,25051.0
2505218,25052.18
2505325,25053.25
2505424,25054.24
2505537,25055.37
2505642,25056.42
2505733,25057.33
2505846,25058.46
2505969,25059.69
2506087,25060.87
2506204,25062.04
2506338,25063.38
2506446,25064.46
2506556,25065.56
2506669,25066.69
2506801,25068.01
2506909,25069.09
2507018,25070.18
2507135,25071.35
2507242,25072.42
2507345,25073.45
2507448,25074.48
2507555,25075.55
2507670,25076.7
2507789,25077.89
2507920,25079.2
2508050,25080.5
2508171,25081.71
2508288,25082.88
2508401,25084.01
2508510,25085.1
2508613,25086.13
2508716,25087.16
2508820,25088.2
2508927,25089.27
2509030,25090.3
2509151,25091.51
2509273,25092.73
2509390,25093.9
2509504,25095.04
2509624,25096.24
2509750,25097.5
2509862,25098.62
2509954,25099.54
2510065,25100.65
2510188,25101.88
2510287,25102.87
2510393,25103.93
2510513,25105.13
2510608,25106.08
2510718,25107.18
2510833,25108.33
2510923,25109.23
2511009,25110.09
2511096,25110.96
2511187,25111.87
2511283,25112.83
2511369,25113.69
2511468,25114.68
2511570,25115.7
2511691,25116.91
2511809,25118.09
2511905,25119.05
2511996,25119.96
2512096,25120.96
2512200,25122.0
2512325,25123.25
2512455,25124.55
2512596,25125.96
2512701,25127.01
2512814,25128.14
2512943,25129.43
2513043,25130.43
2513143,25131.43
2513245,25132.45
2513356,25133.56
2513473,25134.73
2513582,25135.82
2513705,25137.05
2513831,25138.31
2513947,25139.47
2514057,25140.57
2514170,25141.7
2514296,25142.96
2514387,25143.87
2514485,25144.85
2514586,25145.86
2514692,25146.92
2514793,25147.93
2514895,25148.95
2515017,25150.17
2515149,25151.49
2515276,25152.76
2515417,25154.17
2515550,25155.5
2515664,25156.64
2515776,25157.76
2515885,25158.85
2515994,25159.94
2516107,25161.07
2516238,25162.38
2516365,25163.65
2516476,25164.76
2516597,25165.97
2516722,25167.22
2516838,25168.38
2516958,25169.58
2517090,25170.9
2517198,25171.98
2517306,25173.06
2517417,25174.17
2517543,25175.43
2517660,25176.6
2517757,25177.57
2517867,25178.67
2517982,25179.82
2518102,25181.02
2518214,25182.14
2518330,25183.3
2518463,25184.63
2518568,25185.68
2518673,25186.73
2518793,25187.93
2518911,25189.11
2519023,25190.23
2519131,25191.31
2519238,25192.38
2519346,25193.46
2519448,25194.48
2519552,25195.52
2519666,25196.66
2519790,25197.9
2519923,25199.23
2520047,25200.47
2520185,25201.85
2520308,25203.08
2520416,25204.16
2520531,25205.31
2520642,25206.42
2520754,25207.54
2520870,25208.7
2520982,25209.82
2521085,25210.85
2521199,25211.99
2521320,25213.2
2521438,25214.38
2521561,25215.61
2521684,25216.84
2521804,25218.04
2521915,25219.15
2522033,25220.33
2522152,25221.52
2522266,25222.66
2522376,25223.76
2522485,25224.85
2522598,25225.98
2522704,25227.04
2522820,25228.2
2522942,25229.42
2523063,25230.63
2523180,25231.8
2523301,25233.01
2523422,25234.22
2523532,25235.32
2523648,25236.48
2523767,25237.67
2523878,25238.78
2523986,25239.86
2524100,25241.0
2524218,25242.18
2524324,25243.24
2524431,25244.31
2524542,25245.42
2524653,25246.53
2524757,25247.57
2524869,25248.69
2524987,25249.87
2525108,25251.08
2525232,25252.32
2525356,25253.56
2525466,25254.66
2525582,25255.82
2525692,25256.92
2525803,25258.03
2525914,25259.14
2526020,25260.2
2526132,25261.32
2526247,25262.47
2526364,25263.64
2526472,25264.72
2526585,25265.85
2526704,25267.04
2526817,25268.17
2526931,25269.31
2527048,25270.48
2527164,25271.64
2527272,25272.72
2527384,25273.84
2527502,25275.02
2527617,25276.17
2527727,25277.27
2527845,25278.45
2527967,25279.67
2528082,25280.82
2528199,25281.99
2528318,25283.18
2528436,25284.36
2528548,25285.48
2528668,25286.68
2528789,25287.89
2528901,25289.01
2529007,25290.07
2529119,25291.19
2529236,25292.36
2529351,25293.51
2529458,25294.58
2529567,25295.67
2529678,25296.78
2529787,25297.87
2529900,25299.0
2530017,25300.17
2530130,25301.3
2530239,25302.39
2530349,25303.49
2530459,25304.59
2530562,25305.62
2530662,25306.62
2530772,25307.72
2530886,25308.86
2530997,25309.97
2531109,25311.09
2531224,25312.24
2531334,25313.34
2531440,25314.4
2531547,25315.47
2531655,25316.55
2531759,25317.59
2531866,25318.66
2531977,25319.77
2532089,25320.89
2532195,25321.95
2532306,25323.06
2532423,25324.23
2532533,25325.33
2532645,25326.45
2532761,25327.61
2532874,25328.74
2532982,25329.82
2533098,25330.98
2533212,25332.12
2533322,25333.22
2533436,25334.36
2533553,25335.53
2533658,25336.58
2533764,25337.64
2533879,25338.79
2533998,25339.98
2534116,25341.16
2534249,25342.49
2534383,25343.83
2534507,25345.07
2534632,25346.32
2534757,25347.57
2534858,25348.58
2534969,25349.69
2535083,25350.83
2535194,25351.94
2535309,25353.09
2535425,25354.25
2535539,25355.39
2535645,25356.45
2535757,25357.57
2535870,25358.7
2535977,25359.77
2536082,25360.82
2536191,25361.91
2536298,25362.98
2536404,25364.04
2536513,25365.13
2536625,25366.25
2536733,25367.33
2536841,25368.41
2536954,25369.54
2537070,25370.7
2537183,25371.83
2537308,25373.08
2537427,25374.27
2537543,25375.43
2537664,25376.64
2537781,25377.81
2537886,25378.86
2537992,25379.92
2538099,25380.99
2538203,25382.03
2538302,25383.02
2538409,25384.09
2538523,25385.23
2538636,25386.36
2538752,25387.52
2538869,25388.69
2538986,25389.86
2539095,25390.95
2539207,25392.07
2539321,25393.21
2539430,25394.3
2539552,25395.52
2539678,25396.78
2539812,25398.12
2539926,25399.26
2540040,25400.4
2540151,25401.51
2540267,25402.67
2540382,25403.82
2540486,25404.86
2540590,25405.9
2540697,25406.97
2540808,25408.08
2540919,25409.19
2541042,25410.42
2541163,25411.63
2541284,25412.84
2541406,25414.06
2541525,25415.25
2541636,25416.36
2541753,25417.53
2541868,25418.68
2541975,25419.75
2542083,25420.83
2542194,25421.94
2542302,25423.02
2542416,25424.16
2542533,25425.33
2542641,25426.41
2542749,25427.49
2542860,25428.6
2542970,25429.7
2543076,25430.76
2543193,25431.93
2543310,25433.1
2543421,25434.21
2543536,25435.36
2543650,25436.5
2543756,25437.56
2543867,25438.67
2543981,25439.81
2544088,25440.88
2544197,25441.97
2544309,25443.09
2544418,25444.18
2544531,25445.31
2544646,25446.46
2544760,25447.6
2544867,25448.67
2544978,25449.78
2545092,25450.92
2545200,25452.0
2545311,25453.11
2545418,25454.18
2545524,25455.24
2545632,25456.32
2545737,25457.37
2545840,25458.4
2545953,25459.53
2546069,25460.69
2546178,25461.78
2546288,25462.88
2546402,25464.02
2546514,25465.14
2546622,25466.22
2546734,25467.34
2546844,25468.44
2546951,25469.51
2547059,25470.59
2547167,25471.67
2547279,25472.79
2547386,25473.86
2547503,25475.03
2547620,25476.2
2547735,25477.35
2547847,25478.47
2547960,25479.6
2548074,25480.74
2548182,25481.82
2548295,25482.95
2548409,25484.09
2548517,25485.17
2548633,25486.33
2548748,25487.48
2548858,25488.58
2548971,25489.71
2549087,25490.87
2549202,25492.02
2549310,25493.1
2549422,25494.22
2549538,25495.38
2549648,25496.48
2549758,25497.58
2549874,25498.74
2549991,25499.91
2550104,25501.04
2550223,25502.23
2550344,25503.44
2550454,25504.54
2550567,25505.67
2550681,25506.81
2550788,25507.88
2550898,25508.98
2551011,25510.11
2551118,25511.18
2551224,25512.24
2551329,25513.29
2551432,25514.32
2551529,25515.29
2551628,25516.28
2551734,25517.34
2551845,25518.45
2551958,25519.58
2552071,25520.71
2552181,25521.81
2552284,25522.84
2552387,25523.87
2552492,25524.92
2552593,25525.93
2552697,25526.97
2552804,25528.04
2552912,25529.12
2553017,25530.17
2553121,25531.21
2553232,25532.32
2553344,25533.44
2553451,25534.51
2553558,25535.58
2553664,25536.64
2553771,25537.71
2553874,25538.74
2553977,25539.77
2554081,25540.81
2554187,25541.87
2554290,25542.9
2554399,25543.99
2554510,25545.1
2554614,25546.14
2554720,25547.2
2554834,25548.34
2554943,25549.43
2555056,25550.56
2555170,25551.7
2555280,25552.8
2555386,25553.86
2555502,25555.02
2555620,25556.2
2555731,25557.31
2555842,25558.42
2555954,25559.54
2556064,25560.64
2556170,25561.7
2556283,25562.83
2556400,25564.0
2556514,25565.14
2556620,25566.2
2556734,25567.34
2556846,25568.46
2556950,25569.5
2557054,25570.54
2557160,25571.6
2557271,25572.71
2557375,25573.75
2557485,25574.85
2557593,25575.93
2557699,25576.99
2557812,25578.12
2557925,25579.25
2558032,25580.32
2558138,25581.38
2558246,25582.46
2558355,25583.55
2558458,25584.58
2558563,25585.63
2558674,25586.74
2558785,25587.85
2558892,25588.92
2559007,25590.07
2559120,25591.2
2559228,25592.28
2559339,25593.39
2559456,25594.56
2559566,25595.66
2559675,25596.75
2559784,25597.84
2559891,25598.91
2559992,25599.92
2560097,25600.97
2560206,25602.06
2560314,25603.14
2560421,25604.21
2560529,25605.29
2560633,25606.33
2560735,25607.35
2560844,25608.44
2560957,25609.57
2561065,25610.65
2561176,25611.76
2561288,25612.88
2561393,25613.93
2561495,25614.95
2561602,25616.02
2561708,25617.08
2561815,25618.15
2561923,25619.23
2562033,25620.33
2562138,25621.38
2562249,25622.49
2562368,25623.68
2562483,25624.83
2562601,25626.01
2562717,25627.17
2562826,25628.26
2562941,25629.41
2563058,25630.58
2563168,25631.68
2563278,25632.78
2563391,25633.91
2563497,25634.97
2563604,25636.04
2563722,25637.22
2563839,25638.39
2563951,25639.51
2564067,25640.67
2564182,25641.82
2564292,25642.92
2564399,25643.99
2564506,25645.06
2564612,25646.12
2564714,25647.14
2564830,25648.3
2564944,25649.44
2565052,25650.52
2565162,25651.62
2565275,25652.75
2565381,25653.81
2565491,25654.91
2565602,25656.02
2565706,25657.06
2565816,25658.16
2565931,25659.31
2566045,25660.45
2566147,25661.47
2566254,25662.54
2566365,25663.65
2566472,25664.72
2566583,25665.83
2566700,25667.0
2566815,25668.15
2566920,25669.2
2567030,25670.3
2567135,25671.35
2567238,25672.38
2567345,25673.45
2567451,25674.51
2567558,25675.58
2567668,25676.68
2567780,25677.8
2567885,25678.85
2567994,25679.94
2568106,25681.06
2568225,25682.25
2568339,25683.39
2568461,25684.61
2568583,25685.83
2568696,25686.96
2568805,25688.05
2568916,25689.16
2569029,25690.29
2569135,25691.35
2569245,25692.45
2569358,25693.58
2569469,25694.69
2569578,25695.78
2569690,25696.9
2569805,25698.05
2569911,25699.11
2570019,25700.19
2570129,25701.29
2570240,25702.4
2570349,25703.49
2570462,25704.62
2570578,25705.78
2570685,25706.85
2570793,25707.93
2570906,25709.06
2571022,25710.22
2571128,25711.28
2571235,25712.35
2571348,25713.48
2571454,25714.54
2571560,25715.6
2571668,25716.68
2571771,25717.71
2571875,25718.75
2571981,25719.81
2572088,25720.88
2572193,25721.93
2572300,25723.0
2572413,25724.13
2572521,25725.21
2572628,25726.28
2572743,25727.43
2572856,25728.56
2572965,25729.65
2573079,25730.79
2573191,25731.91
2573302,25733.02
2573409,25734.09
2573522,25735.22
2573636,25736.36
2573743,25737.43
2573848,25738.48
2573955,25739.55
2574060,25740.6
2574161,25741.61
2574266,25742.66
2574375,25743.75
2574484,25744.84
2574590,25745.9
2574697,25746.97
2574797,25747.97
2574900,25749.0
2575006,25750.06
2575110,25751.1
2575218,25752.18
2575331,25753.31
2575445,25754.45
2575555,25755.55
2575669,25756.69
2575779,25757.79
2575882,25758.82
2575983,25759.83
2576089,25760.89
2576199,25761.99
2576311,25763.11
2576432,25764.32
2576550,25765.5
2576662,25766.62
2576774,25767.74
2576885,25768.85
2576993,25769.93
2577100,25771.0
2577210,25772.1
2577318,25773.18
2577428,25774.28
2577542,25775.42
2577651,25776.51
2577759,25777.59
2577872,25778.72
2577983,25779.83
2578090,25780.9
2578198,25781.98
2578304,25783.04
2578407,25784.07
2578514,25785.14
2578626,25786.26
2578728,25787.28
2578830,25788.3
2578936,25789.36
2579046,25790.46
2579155,25791.55
2579271,25792.71
2579382,25793.82
2579491,25794.91
2579605,25796.05
2579716,25797.16
2579821,25798.21
2579924,25799.24
2580030,25800.3
2580135,25801.35
2580236,25802.36
2580342,25803.42
2580456,25804.56
2580566,25805.66
2580677,25806.77
2580791,25807.91
2580901,25809.01
2581003,25810.03
2581107,25811.07
2581216,25812.16
2581324,25813.24
2581441,25814.41
2581566,25815.66
2581688,25816.88
2581815,25818.15
2581942,25819.42
2582060,25820.6
2582168,25821.68
2582280,25822.8
2582385,25823.85
2582492,25824.92
2582597,25825.97
2582699,25826.99
2582796,25827.96
2582899,25828.99
2583007,25830.07
2583114,25831.14
2583220,25832.2
2583331,25833.31
2583443,25834.43
2583548,25835.48
2583656,25836.56
2583768,25837.68
2583877,25838.77
2583990,25839.9
2584102,25841.02
2584208,25842.08
2584315,25843.15
2584428,25844.28
2584538,25845.38
2584647,25846.47
2584761,25847.61
2584874,25848.74
2584982,25849.82
2585094,25850.94
2585207,25852.07
2585316,25853.16
2585426,25854.26
2585537,25855.37
2585644,25856.44
2585746,25857.46
2585852,25858.52
2585961,25859.61
2586064,25860.64
2586169,25861.69
2586278,25862.78
2586387,25863.87
2586493,25864.93
2586602,25866.02
2586710,25867.1
2586812,25868.12
2586915,25869.15
2587019,25870.19
2587127,25871.27
2587238,25872.38
2587359,25873.59
2587474,25874.74
2587583,25875.83
2587693,25876.93
2587800,25878.0
2587909,25879.09
2588031,25880.31
2588152,25881.52
2588266,25882.66
2588386,25883.86
2588504,25885.04
2588614,25886.14
2588726,25887.26
2588838,25888.38
2588946,25889.46
2589059,25890.59
2589177,25891.77
2589291,25892.91
2589407,25894.07
2589522,25895.22
2589627,25896.27
2589728,25897.28
2589830,25898.3
2589926,25899.26
2590024,25900.24
2590138,25901.38
2590256,25902.56
2590371,25903.71
2590489,25904.89
2590604,25906.04
2590710,25907.1
2590819,25908.19
2590927,25909.27
2591031,25910.31
2591130,25911.3
2591237,25912.37
2591351,25913.51
2591459,25914.59
2591565,25915.65
2591675,25916.75
2591782,25917.82
2591888,25918.88
2591999,25919.99
2592106,25921.06
2592209,25922.09
2592314,25923.14
2592423,25924.23
2592524,25925.24
2592629,25926.29
2592737,25927.37
2592848,25928.48
2592965,25929.65
2593091,25930.91
2593211,25932.11
2593322,25933.22
2593438,25934.38
2593558,25935.58
2593671,25936.71
2593786,25937.86
2593901,25939.01
2594011,25940.11
2594116,25941.16
2594224,25942.24
2594334,25943.34
2594437,25944.37
2594542,25945.42
2594646,25946.46
2594748,25947.48
2594855,25948.55
2594965,25949.65
2595068,25950.68
2595174,25951.74
2595285,25952.85
2595397,25953.97
2595506,25955.06
2595621,25956.21
2595741,25957.41
2595854,25958.54
2595967,25959.67
2596078,25960.78
2596189,25961.89
2596298,25962.98
2596410,25964.1
2596522,25965.22
2596626,25966.26
2596731,25967.31
2596839,25968.39
2596941,25969.41
2597051,25970.51
2597166,25971.66
2597277,25972.77
2597383,25973.83
2597498,25974.98
2597612,25976.12
2597721,25977.21
2597833,25978.33
2597944,25979.44
2598057,25980.57
2598167,25981.67
2598278,25982.78
2598387,25983.87
2598492,25984.92
2598602,25986.02
2598713,25987.13
2598815,25988.15
2598921,25989.21
2599032,25990.32
2599137,25991.37
2599243,25992.43
2599355,25993.55
2599467,25994.67
2599574,25995.74
2599682,25996.82
2599788,25997.88
2599890,25998.9
2599993,25999.93
2600104,26001.04
2600217,26002.17
2600322,26003.22
2600425,26004.25
2600529,26005.29
2600628,26006.28
2600726,26007.26
2600831,26008.31
2600943,26009.43
2601052,26010.52
2601166,26011.66
2601282,26012.82
2601390,26013.9
2601496,26014.96
2601603,26016.03
2601708,26017.08
2601813,26018.13
2601925,26019.25
2602040,26020.4
2602148,26021.48
2602255,26022.55
2602368,26023.68
2602478,26024.78
2602580,26025.8
2602685,26026.85
2602788,26027.88
2602888,26028.88
2602997,26029.97
2603111,26031.11
2603223,26032.23
2603339,26033.39
2603456,26034.56
2603566,26035.66
2603672,26036.72
2603781,26037.81
2603890,26038.9
2603995,26039.95
2604105,26041.05
2604219,26042.19
2604338,26043.38
2604446,26044.46
2604554,26045.54
2604661,26046.61
2604767,26047.67
2604869,26048.69
2604975,26049.75
2605081,26050.81
2605185,26051.85
2605299,26052.99
2605415,26054.15
2605523,26055.23
2605629,26056.29
2605738,26057.38
2605845,26058.45
2605951,26059.51
2606062,26060.62
2606180,26061.8
2606294,26062.94
2606413,26064.13
2606532,26065.32
2606647,26066.47
2606750,26067.5
2606862,26068.62
2606973,26069.73
2607080,26070.8
2607194,26071.94
2607306,26073.06
2607416,26074.16
2607525,26075.25
2607638,26076.38
2607750,26077.5
2607853,26078.53
2607957,26079.57
2608066,26080.66
2608173,26081.73
2608280,26082.8
2608391,26083.91
2608503,26085.03
2608608,26086.08
2608723,26087.23
2608841,26088.41
2608950,26089.5
2609059,26090.59
2609170,26091.7
2609277,26092.77
2609381,26093.81
2609494,26094.94
2609610,26096.1
2609727,26097.27
2609845,26098.45
2609959,26099.59
2610065,26100.65
2610168,26101.68
2610273,26102.73
2610374,26103.74
2610478,26104.78
2610590,26105.9
2610701,26107.01
2610810,26108.1
2610924,26109.24
2611035,26110.35
2611140,26111.4
2611241,26112.41
2611342,26113.42
2611443,26114.43
2611555,26115.55
2611667,26116.67
2611773,26117.73
2611886,26118.86
2612000,26120.0
2612109,26121.09
2612221,26122.21
2612334,26123.34
2612447,26124.47
2612554,26125.54
2612664,26126.64
2612772,26127.72
2612879,26128.79
2612989,26129.89
2613100,26131.0
2613204,26132.04
2613310,26133.1
2613417,26134.17
2613522,26135.22
2613620,26136.2
2613724,26137.24
2613831,26138.31
2613932,26139.32
2614040,26140.4
2614152,26141.52
2614262,26142.62
2614369,26143.69
2614484,26144.84
2614599,26145.99
2614706,26147.06
2614816,26148.16
2614926,26149.26
2615032,26150.32
2615140,26151.4
2615254,26152.54
2615365,26153.65
2615477,26154.77
2615590,26155.9
2615702,26157.02
2615804,26158.04
2615905,26159.05
2616008,26160.08
2616115,26161.15
2616219,26162.19
2616340,26163.4
2616461,26164.61
2616580,26165.8
2616694,26166.94
2616809,26168.09
2616921,26169.21
2617020,26170.2
2617120,26171.2
2617226,26172.26
2617330,26173.3
2617438,26174.38
2617551,26175.51
2617659,26176.59
2617771,26177.71
2617886,26178.86
2617996,26179.96
2618105,26181.05
2618214,26182.14
2618320,26183.2
2618422,26184.22
2618526,26185.26
2618633,26186.33
2618738,26187.38
2618839,26188.39
2618941,26189.41
2619052,26190.52
2619160,26191.6
2619273,26192.73
2619388,26193.88
2619502,26195.02
2619615,26196.15
2619732,26197.32
2619845,26198.45
2619953,26199.53
2620063,26200.63
2620170,26201.7
2620272,26202.72
2620377,26203.77
2620486,26204.86
2620591,26205.91
2620702,26207.02
2620813,26208.13
2620918,26209.18
2621022,26210.22
2621129,26211.29
2621234,26212.34
2621336,26213.36
2621444,26214.44
2621559,26215.59
2621667,26216.67
2621781,26217.81
2621895,26218.95
2622004,26220.04
2622109,26221.09
2622219,26222.19
2622327,26223.27
2622439,26224.39
2622555,26225.55
2622674,26226.74
2622805,26228.05
2622930,26229.3
2623049,26230.49
2623164,26231.64
2623282,26232.82
2623379,26233.79
2623486,26234.86
2623597,26235.97
2623705,26237.05
2623811,26238.11
2623920,26239.2
2624032,26240.32
2624142,26241.42
2624258,26242.58
2624375,26243.75
2624484,26244.84
2624597,26245.97
2624712,26247.12
2624820,26248.2
2624933,26249.33
2625047,26250.47
2625152,26251.52
2625260,26252.6
2625371,26253.71
2625479,26254.79
2625590,26255.9
2625702,26257.02
2625814,26258.14
2625923,26259.23
2626038,26260.38
2626153,26261.53
2626262,26262.62
2626373,26263.73
2626486,26264.86
2626599,26265.99
2626719,26267.19
2626836,26268.36
2626947,26269.47
2627057,26270.57
2627171,26271.71
2627283,26272.83
2627392,26273.92
2627507,26275.07
2627620,26276.2
2627726,26277.26
2627838,26278.38
2627952,26279.52
2628056,26280.56
2628160,26281.6
2628271,26282.71
2628384,26283.84
2628492,26284.92
2628598,26285.98
2628707,26287.07
2628813,26288.13
2628923,26289.23
2629035,26290.35
2629142,26291.42
2629243,26292.43
2629351,26293.51
2629459,26294.59
2629561,26295.61
2629666,26296.66
2629772,26297.72
2629881,26298.81
2629991,26299.91
2630101,26301.01
2630204,26302.04
2630312,26303.12
2630424,26304.24
2630534,26305.34
2630631,26306.31
2630739,26307.39
2630832,26308.32
2630919,26309.19
2631006,26310.06
2631106,26311.06
2631215,26312.15
2631312,26313.12
2631409,26314.09
2631496,26314.96
2631595,26315.95
2631694,26316.94
2631783,26317.83
2631868,26318.68
2631951,26319.51
2632032,26320.32
2632112,26321.12
2632190,26321.9
2632268,26322.68
2632346,26323.46
2632424,26324.24
2632502,26325.02
2632579,26325.79
2632653,26326.53
2632727,26327.27
2632800,26328.0
2632858,26328.58
2632936,26329.36
2633015,26330.15
2633086,26330.86
2633156,26331.56
2633227,26332.27
2633297,26332.97
2633369,26333.69
2633440,26334.4
2633511,26335.11
2633567,26335.67
2633635,26336.35
2633703,26337.03
2633769,26337.69
2633836,26338.36
2633916,26339.16
2633971,26339.71
2634051,26340.51
2634121,26341.21
2634178,26341.78
2634247,26342.47
2634317,26343.17
2634387,26343.87
2634455,26344.55
2634524,26345.24
2634592,26345.92
2634660,26346.6
2634726,26347.26
2634793,26347.93
2634860,26348.6
2634930,26349.3
2635011,26350.11
2635097,26350.97
2635186,26351.86
2635292,26352.92
2635410,26354.1
2635524,26355.24
2635646,26356.46
2635783,26357.83
2635887,26358.87
2635989,26359.89
2636098,26360.98
2636206,26362.06
2636306,26363.06
2636399,26363.99
2636494,26364.94
2636584,26365.84
2636670,26366.7
2636753,26367.53
2636841,26368.41
2636950,26369.5
2637060,26370.6
2637176,26371.76
2637292,26372.92
2637402,26374.02
2637516,26375.16
2637643,26376.43
2637756,26377.56
2637851,26378.51
2637982,26379.82
2638088,26380.88
2638219,26382.19
2638338,26383.38
2638454,26384.54
2638549,26385.49
2638653,26386.53
2638776,26387.76
2638871,26388.71
2639005,26390.05
2639132,26391.32
2639254,26392.54
2639377,26393.77
2639500,26395.0
2639618,26396.18
2639706,26397.06
2639819,26398.19
2639924,26399.24
2640041,26400.41
2640141,26401.41
2640262,26402.62
2640400,26404.0
2640509,26405.09
2640618,26406.18
2640749,26407.49
2640865,26408.65
2640961,26409.61
2641086,26410.86
2641212,26412.12
2641311,26413.11
2641419,26414.19
2641542,26415.42
2641656,26416.56
2641773,26417.73
2641869,26418.69
2641995,26419.95
2642104,26421.04
2642196,26421.96
2642316,26423.16
2642413,26424.13
2642519,26425.19
2642629,26426.29
2642759,26427.59
2642879,26428.79
2642984,26429.84
2643115,26431.15
2643246,26432.46
2643362,26433.62
2643476,26434.76
2643587,26435.87
2643679,26436.79
2643791,26437.91
2643921,26439.21
2644021,26440.21
2644134,26441.34
2644273,26442.73
2644397,26443.97
2644518,26445.18
2644647,26446.47
2644772,26447.72
2644892,26448.92
2645012,26450.12
2645132,26451.32
2645241,26452.41
2645356,26453.56
2645470,26454.7
2645566,26455.66
2645690,26456.9
2645815,26458.15
2645931,26459.31
2646021,26460.21
2646139,26461.39
2646239,26462.39
2646319,26463.19
2646413,26464.13
2646526,26465.26
2646615,26466.15
2646705,26467.05
2646795,26467.95
2646899,26468.99
2647004,26470.04
2647126,26471.26
2647245,26472.45
2647360,26473.6
2647492,26474.92
2647604,26476.04
2647697,26476.97
2647807,26478.07
2647934,26479.34
2648044,26480.44
2648136,26481.36
2648245,26482.45
2648368,26483.68
2648482,26484.82
2648597,26485.97
2648715,26487.15
2648831,26488.31
2648929,26489.29
2649059,26490.59
2649170,26491.7
2649254,26492.54
2649351,26493.51
2649457,26494.57
2649574,26495.74
2649688,26496.88
2649806,26498.06
2649925,26499.25
2650039,26500.39
2650156,26501.56
2650292,26502.92
2650400,26504.0
2650508,26505.08
2650639,26506.39
2650737,26507.37
2650845,26508.45
2650971,26509.71
2651085,26510.85
2651177,26511.77
2651286,26512.86
2651415,26514.15
2651531,26515.31
2651631,26516.31
2651761,26517.61
2651875,26518.75
2651970,26519.7
2652096,26520.96
2652208,26522.08
2652297,26522.97
2652396,26523.96
2652511,26525.11
2652614,26526.14
2652700,26527.0
2652819,26528.19
2652933,26529.33
2653028,26530.28
2653154,26531.54
2653264,26532.64
2653373,26533.73
2653482,26534.82
2653595,26535.95
2653707,26537.07
2653802,26538.02
2653932,26539.32
2654058,26540.58
2654180,26541.8
2654301,26543.01
2654423,26544.23
2654543,26545.43
2654636,26546.36
2654748,26547.48
2654876,26548.76
2654990,26549.9
2655087,26550.87
2655215,26552.15
2655343,26553.43
2655465,26554.65
2655587,26555.87
2655704,26557.04
2655798,26557.98
2655924,26559.24
2656039,26560.39
2656152,26561.52
2656247,26562.47
2656376,26563.76
2656493,26564.93
2656603,26566.03
2656712,26567.12
2656831,26568.31
2656931,26569.31
2657043,26570.43
2657175,26571.75
2657294,26572.94
2657410,26574.1
2657521,26575.21
2657632,26576.32
2657739,26577.39
2657852,26578.52
2657973,26579.73
2658091,26580.91
2658209,26582.09
2658329,26583.29
2658445,26584.45
2658540,26585.4
2658665,26586.65
2658777,26587.77
2658885,26588.85
2658986,26589.86
2659090,26590.9
2659198,26591.98
2659288,26592.88
2659395,26593.95
2659529,26595.29
2659650,26596.5
2659748,26597.48
2659876,26598.76
2659989,26599.89
2660096,26600.96
2660204,26602.04
2660315,26603.15
2660408,26604.08
2660533,26605.33
2660648,26606.48
2660766,26607.66
2660862,26608.62
2660980,26609.8
2661090,26610.9
2661204,26612.04
2661302,26613.02
2661440,26614.4
2661567,26615.67
2661684,26616.84
2661800,26618.0
2661919,26619.19
2662033,26620.33
2662133,26621.33
2662266,26622.66
2662383,26623.83
2662475,26624.75
2662603,26626.03
2662717,26627.17
2662810,26628.1
2662914,26629.14
2663024,26630.24
2663154,26631.54
2663269,26632.69
2663363,26633.63
2663493,26634.93
2663609,26636.09
2663707,26637.07
2663830,26638.3
2663942,26639.42
2664054,26640.54
2664146,26641.46
2664271,26642.71
2664386,26643.86
2664497,26644.97
2664602,26646.02
2664711,26647.11
2664825,26648.25
2664937,26649.37
2665045,26650.45
2665160,26651.6
2665274,26652.74
2665367,26653.67
2665491,26654.91
2665606,26656.06
2665719,26657.19
2665826,26658.26
2665938,26659.38
2666053,26660.53
2666162,26661.62
2666256,26662.56
2666381,26663.81
2666494,26664.94
2666588,26665.88
2666696,26666.96
2666825,26668.25
2666939,26669.39
2667032,26670.32
2667154,26671.54
2667264,26672.64
2667355,26673.55
2667470,26674.7
2667606,26676.06
2667709,26677.09
2667819,26678.19
2667948,26679.48
2668062,26680.62
2668157,26681.57
2668263,26682.63
2668386,26683.86
2668500,26685.0
2668593,26685.93
2668702,26687.02
2668831,26688.31
2668944,26689.44
2669048,26690.48
2669146,26691.46
2669275,26692.75
2669385,26693.85
2669482,26694.82
2669609,26696.09
2669719,26697.19
2669808,26698.08
2669929,26699.29
2670039,26700.39
2670144,26701.44
2670252,26702.52
2670359,26703.59
2670451,26704.51
2670563,26705.63
2670675,26706.75
2670784,26707.84
2670899,26708.99
2670994,26709.94
2671099,26710.99
2671223,26712.23
2671334,26713.34
2671427,26714.27
2671547,26715.47
2671668,26716.68
2671763,26717.63
2671884,26718.84
2672006,26720.06
2672097,26720.97
2672201,26722.01
2672323,26723.23
2672433,26724.33
2672522,26725.22
2672630,26726.3
2672759,26727.59
2672872,26728.72
2672966,26729.66
2673078,26730.78
2673208,26732.08
2673322,26733.22
2673416,26734.16
2673538,26735.38
2673661,26736.61
2673760,26737.6
2673884,26738.84
2674009,26740.09
2674119,26741.19
2674212,26742.12
2674328,26743.28
2674444,26744.44
2674533,26745.33
2674643,26746.43
2674754,26747.54
2674865,26748.65
2674975,26749.75
2675069,26750.69
2675190,26751.9
2675312,26753.12
2675420,26754.2
2675524,26755.24
2675631,26756.31
2675739,26757.39
2675840,26758.4
2675948,26759.48
2676062,26760.62
2676158,26761.58
2676268,26762.68
2676394,26763.94
2676507,26765.07
2676597,26765.97
2676700,26767.0
2676822,26768.22
2676922,26769.22
2677022,26770.22
2677145,26771.45
2677254,26772.54
2677343,26773.43
2677467,26774.67
2677583,26775.83
2677694,26776.94
2677781,26777.81
2677903,26779.03
2678016,26780.16
2678113,26781.13
2678223,26782.23
2678354,26783.54
2678473,26784.73
2678569,26785.69
2678680,26786.8
2678808,26788.08
2678921,26789.21
2679012,26790.12
2679136,26791.36
2679251,26792.51
2679364,26793.64
2679461,26794.61
2679593,26795.93
2679711,26797.11
2679826,26798.26
2679935,26799.35
2680048,26800.48
2680159,26801.59
2680250,26802.5
2680356,26803.56
2680481,26804.81
2680596,26805.96
2680690,26806.9
2680820,26808.2
2680941,26809.41
2681057,26810.57
2681152,26811.52
2681274,26812.74
2681397,26813.97
2681505,26815.05
2681600,26816.0
2681725,26817.25
2681838,26818.38
2681932,26819.32
2682052,26820.52
2682165,26821.65
2682281,26822.81
2682390,26823.9
2682506,26825.06
2682624,26826.24
2682735,26827.35
2682829,26828.29
2682955,26829.55
2683063,26830.63
2683149,26831.49
2683268,26832.68
2683377,26833.77
2683483,26834.83
2683571,26835.71
2683692,26836.92
2683801,26838.01
2683890,26838.9
2684007,26840.07
2684125,26841.25
2684234,26842.34
2684323,26843.23
2684443,26844.43
2684553,26845.53
2684662,26846.62
2684753,26847.53
2684877,26848.77
2684986,26849.86
2685074,26850.74
2685178,26851.78
2685306,26853.06
2685420,26854.2
2685527,26855.27
2685637,26856.37
2685751,26857.51
2685861,26858.61
2685955,26859.55
2686074,26860.74
2686193,26861.93
2686283,26862.83
2686396,26863.96
2686510,26865.1
2686600,26866.0
2686711,26867.11
2686848,26868.48
2686967,26869.67
2687069,26870.69
2687199,26871.99
2687329,26873.29
2687426,26874.26
2687551,26875.51
2687663,26876.63
2687773,26877.73
2687863,26878.63
2687971,26879.71
2688100,26881.0
2688220,26882.2
2688317,26883.17
2688438,26884.38
2688548,26885.48
2688652,26886.52
2688741,26887.41
2688856,26888.56
2688971,26889.71
2689062,26890.62
2689189,26891.89
2689308,26893.08
2689408,26894.08
2689515,26895.15
2689642,26896.42
2689757,26897.57
2689850,26898.5
2689958,26899.58
2690083,26900.83
2690195,26901.95
2690285,26902.85
2690394,26903.94
2690522,26905.22
2690633,26906.33
2690726,26907.26
2690849,26908.49
2690972,26909.72
2691082,26910.82
2691181,26911.81
2691304,26913.04
2691428,26914.28
2691523,26915.23
2691643,26916.43
2691763,26917.63
2691869,26918.69
2691981,26919.81
2692094,26920.94
2692202,26922.02
2692286,26922.86
2692398,26923.98
2692510,26925.1
2692618,26926.18
2692709,26927.09
2692820,26928.2
2692953,26929.53
2693066,26930.66
2693182,26931.82
2693295,26932.95
2693386,26933.86
2693494,26934.94
2693618,26936.18
2693726,26937.26
2693817,26938.17
2693936,26939.36
2694056,26940.56
2694151,26941.51
2694274,26942.74
2694398,26943.98
2694498,26944.98
2694610,26946.1
2694743,26947.43
2694861,26948.61
2694959,26949.59
2695083,26950.83
2695208,26952.08
2695318,26953.18
2695431,26954.31
2695548,26955.48
2695663,26956.63
2695757,26957.57
2695879,26958.79
2696001,26960.01
2696117,26961.17
2696225,26962.25
2696318,26963.18
2696439,26964.39
2696527,26965.27
2696651,26966.51
2696768,26967.68
2696863,26968.63
2696976,26969.76
2697106,26971.06
2697221,26972.21
2697316,26973.16
2697437,26974.37
2697559,26975.59
2697650,26976.5
2697757,26977.57
2697879,26978.79
2697985,26979.85
2698083,26980.83
2698184,26981.84
2698290,26982.9
2698394,26983.94
2698481,26984.81
2698588,26985.88
2698718,26987.18
2698831,26988.31
2698924,26989.24
2699044,26990.44
2699165,26991.65
2699274,26992.74
2699362,26993.62
2699478,26994.78
2699594,26995.94
2699683,26996.83
2699805,26998.05
2699918,26999.18
2700009,27000.09
2700113,27001.13
2700226,27002.26
2700356,27003.56
2700469,27004.69
2700570,27005.7
2700697,27006.97
2700824,27008.24
2700920,27009.2
2701045,27010.45
2701159,27011.59
2701273,27012.73
2701387,27013.87
2701505,27015.05
2701620,27016.2
2701716,27017.16
2701843,27018.43
2701958,27019.58
2702056,27020.56
2702184,27021.84
2702296,27022.96
2702393,27023.93
2702524,27025.24
2702656,27026.56
2702775,27027.75
2702903,27029.03
2703029,27030.29
2703144,27031.44
2703258,27032.58
2703368,27033.68
2703458,27034.58
2703576,27035.76
2703695,27036.95
2703804,27038.04
2703895,27038.95
2704007,27040.07
2704133,27041.33
2704237,27042.37
2704330,27043.3
2704455,27044.55
2704569,27045.69
2704658,27046.58
2704778,27047.78
2704889,27048.89
2705002,27050.02
2705097,27050.97
2705227,27052.27
2705350,27053.5
2705464,27054.64
2705562,27055.62
2705686,27056.86
2705811,27058.11
2705920,27059.2
2706037,27060.37
2706153,27061.53
2706248,27062.48
2706360,27063.6
2706489,27064.89
2706600,27066.0
2706693,27066.93
2706817,27068.17
2706941,27069.41
2707056,27070.56
2707170,27071.7
2707290,27072.9
2707408,27074.08
2707503,27075.03
2707624,27076.24
2707746,27077.46
2707840,27078.4
2707943,27079.43
2708063,27080.63
2708174,27081.74
2708281,27082.81
2708366,27083.66
2708481,27084.81
2708596,27085.96
2708702,27087.02
2708788,27087.88
2708893,27088.93
2709017,27090.17
2709113,27091.13
2709209,27092.09
2709317,27093.17
2709444,27094.44
2709542,27095.42
2709640,27096.4
2709749,27097.49
2709871,27098.71
2709964,27099.64
2710057,27100.57
2710175,27101.75
2710283,27102.83
2710371,27103.71
2710472,27104.72
2710590,27105.9
2710697,27106.97
2710784,27107.84
2710888,27108.88
2711009,27110.09
2711107,27111.07
2711205,27112.05
2711333,27113.33
2711445,27114.45
2711536,27115.36
2711645,27116.45
2711770,27117.7
2711878,27118.78
2711964,27119.64
2712069,27120.69
2712195,27121.95
2712307,27123.07
2712404,27124.04
2712501,27125.01
2712624,27126.24
2712736,27127.36
2712829,27128.29
2712941,27129.41
2713074,27130.74
2713193,27131.93
2713295,27132.95
2713425,27134.25
2713556,27135.56
2713651,27136.51
2713760,27137.6
2713886,27138.86
2713997,27139.97
2714097,27140.97
2714220,27142.2
2714343,27143.43
2714450,27144.5
2714546,27145.46
2714667,27146.67
2714789,27147.89
2714895,27148.95
2715002,27150.02
2715122,27151.22
2715235,27152.35
2715350,27153.5
2715459,27154.59
2715559,27155.59
2715659,27156.59
2715785,27157.85
2715895,27158.95
2715998,27159.98
2716102,27161.02
2716215,27162.15
2716327,27163.27
2716417,27164.17
2716527,27165.27
2716656,27166.56
2716770,27167.7
2716864,27168.64
2716979,27169.79
2717110,27171.1
2717222,27172.22
2717318,27173.18
2717434,27174.34
2717546,27175.46
2717674,27176.74
2717792,27177.92
2717906,27179.06
2718013,27180.13
2718120,27181.2
2718242,27182.42
2718335,27183.35
2718442,27184.42
2718571,27185.71
2718689,27186.89
2718795,27187.95
2718892,27188.92
2719028,27190.28
2719141,27191.41
2719238,27192.38
2719357,27193.57
2719476,27194.76
2719563,27195.63
2719672,27196.72
2719798,27197.98
2719908,27199.08
2719994,27199.94
2720105,27201.05
2720216,27202.16
2720326,27203.26
2720412,27204.12
2720517,27205.17
2720628,27206.28
2720749,27207.49
2720849,27208.49
2720950,27209.5
2721075,27210.75
2721172,27211.72
2721270,27212.7
2721391,27213.91
2721486,27214.86
2721582,27215.82
2721709,27217.09
2721820,27218.2
2721908,27219.08
2722013,27220.13
2722136,27221.36
2722242,27222.42
2722329,27223.29
2722435,27224.35
2722559,27225.59
2722655,27226.55
2722784,27227.84
2722913,27229.13
2723012,27230.12
2723138,27231.38
2723264,27232.64
2723359,27233.59
2723482,27234.82
2723598,27235.98
2723713,27237.13
2723804,27238.04
2723916,27239.16
2724028,27240.28
2724133,27241.33
2724221,27242.21
2724330,27243.3
2724465,27244.65
2724577,27245.77
2724689,27246.89
2724804,27248.04
2724915,27249.15
2725003,27250.03
2725108,27251.08
2725235,27252.35
2725348,27253.48
2725438,27254.38
2725544,27255.44
2725655,27256.55
2725778,27257.78
2725874,27258.74
2725970,27259.7
2726080,27260.8
2726205,27262.05
2726305,27263.05
2726405,27264.05
2726519,27265.19
2726645,27266.45
2726753,27267.53
2726857,27268.57
2726978,27269.78
2727071,27270.71
2727180,27271.8
2727308,27273.08
2727421,27274.21
2727512,27275.12
2727623,27276.23
2727752,27277.52
2727858,27278.58
2727949,27279.49
2728074,27280.74
2728191,27281.91
2728302,27283.02
2728396,27283.96
2728517,27285.17
2728638,27286.38
2728734,27287.34
2728853,27288.53
2728973,27289.73
2729082,27290.82
2729170,27291.7
2729284,27292.84
2729398,27293.98
2729489,27294.89
2729598,27295.98
2729725,27297.25
2729832,27298.32
2729923,27299.23
2730036,27300.36
2730162,27301.62
2730274,27302.74
2730378,27303.78
2730498,27304.98
2730587,27305.87
2730692,27306.92
2730815,27308.15
2730920,27309.2
2731003,27310.03
2731116,27311.16
2731221,27312.21
2731329,27313.29
2731416,27314.16
2731524,27315.24
2731647,27316.47
2731751,27317.51
2731838,27318.38
2731948,27319.48
2732074,27320.74
2732168,27321.68
2732279,27322.79
2732397,27323.97
2732524,27325.24
2732629,27326.29
2732735,27327.35
2732855,27328.55
2732950,27329.5
2733071,27330.71
2733179,27331.79
2733266,27332.66
2733386,27333.86
2733503,27335.03
2733619,27336.19
2733712,27337.12
2733824,27338.24
2733954,27339.54
2734068,27340.68
2734159,27341.59
2734274,27342.74
2734390,27343.9
2734500,27345.0
2734603,27346.03
2734698,27346.98
2734826,27348.26
2734937,27349.37
2735041,27350.41
2735136,27351.36
2735255,27352.55
2735375,27353.75
2735463,27354.63
2735580,27355.8
2735690,27356.9
2735804,27358.04
2735911,27359.11
2736015,27360.15
2736126,27361.26
2736238,27362.38
2736330,27363.3
2736437,27364.37
2736553,27365.53
2736680,27366.8
2736795,27367.95
2736902,27369.02
2737024,27370.24
2737119,27371.19
2737236,27372.36
2737370,27373.7
2737480,27374.8
2737576,27375.76
2737691,27376.91
2737821,27378.21
2737930,27379.3
2738022,27380.22
2738133,27381.33
2738261,27382.61
2738355,27383.55
2738465,27384.65
2738590,27385.9
2738681,27386.81
2738786,27387.86
2738895,27388.95
2739021,27390.21
2739116,27391.16
2739212,27392.12
2739334,27393.34
2739442,27394.42
2739531,27395.31
2739652,27396.52
2739747,27397.47
2739857,27398.57
2739977,27399.77
2740115,27401.15
2740223,27402.23
2740318,27403.18
2740441,27404.41
2740546,27405.46
2740631,27406.31
2740734,27407.34
2740857,27408.57
2740947,27409.47
2741051,27410.51
2741161,27411.61
2741285,27412.85
2741372,27413.72
2741476,27414.76
2741584,27415.84
2741705,27417.05
2741793,27417.93
2741903,27419.03
2741993,27419.93
2742078,27420.78
2742160,27421.6
2742242,27422.42
2742323,27423.23
2742404,27424.04
2742480,27424.8
2742582,27425.82
2742679,27426.79
2742777,27427.77
2742882,27428.82
2742995,27429.95
2743089,27430.89
2743181,27431.81
2743272,27432.72
2743341,27433.41
2743440,27434.4
2743523,27435.23
2743601,27436.01
2743680,27436.8
2743758,27437.58
2743850,27438.5
2743914,27439.14
2743992,27439.92
2744069,27440.69
2744147,27441.47
2744222,27442.22
2744298,27442.98
2744372,27443.72
2744413,27444.13
2744485,27444.85
2744546,27445.46
2744604,27446.04
2744662,27446.62
2744733,27447.33
2744803,27448.03
2744873,27448.73
2744944,27449.44
2744998,27449.98
2745069,27450.69
2745153,27451.53
2745209,27452.09
2745280,27452.8
2745351,27453.51
2745423,27454.23
2745497,27454.97
2745575,27455.75
2745658,27456.58
2745745,27457.45
2745833,27458.33
2745920,27459.2
2746005,27460.05
2746096,27460.96
2746210,27462.1
2746343,27463.43
2746479,27464.79
2746614,27466.14
2746726,27467.26
2746836,27468.36
2746947,27469.47
2747065,27470.65
2747176,27471.76
2747294,27472.94
2747422,27474.22
2747550,27475.5
2747665,27476.65
2747783,27477.83
2747900,27479.0
2748019,27480.19
2748131,27481.31
2748248,27482.48
2748373,27483.73
2748498,27484.98
2748623,27486.23
2748732,27487.32
2748844,27488.44
2748961,27489.61
2749072,27490.72
2749191,27491.91
2749308,27493.08
2749417,27494.17
2749523,27495.23
2749635,27496.35
2749758,27497.58
2749881,27498.81
2749991,27499.91
2750101,27501.01
2750217,27502.17
2750336,27503.36
2750456,27504.56
2750589,27505.89
2750718,27507.18
2750840,27508.4
2750965,27509.65
2751089,27510.89
2751202,27512.02
2751311,27513.11
2751416,27514.16
2751525,27515.25
2751636,27516.36
2751757,27517.57
2751882,27518.82
2752003,27520.03
2752120,27521.2
2752242,27522.42
2752360,27523.6
2752471,27524.71
2752582,27525.82
2752701,27527.01
2752818,27528.18
2752928,27529.28
2753042,27530.42
2753161,27531.61
2753277,27532.77
2753400,27534.0
2753524,27535.24
2753636,27536.36
2753742,27537.42
2753848,27538.48
2753955,27539.55
2754050,27540.5
2754155,27541.55
2754267,27542.67
2754386,27543.86
2754533,27545.33
2754681,27546.81
2754819,27548.19
2754954,27549.54
2755062,27550.62
2755174,27551.74
2755289,27552.89
2755402,27554.02
2755518,27555.18
2755636,27556.36
2755755,27557.55
2755860,27558.6
2755981,27559.81
2756099,27560.99
2756208,27562.08
2756321,27563.21
2756448,27564.48
2756550,27565.5
2756652,27566.52
2756773,27567.73
2756892,27568.92
2757003,27570.03
2757115,27571.15
2757229,27572.29
2757338,27573.38
2757441,27574.41
2757550,27575.5
2757665,27576.65
2757783,27577.83
2757898,27578.98
2758030,27580.3
2758153,27581.53
2758271,27582.71
2758406,27584.06
2758541,27585.41
2758668,27586.68
2758797,27587.97
2758907,27589.07
2759020,27590.2
2759126,27591.26
2759238,27592.38
2759354,27593.54
2759462,27594.62
2759584,27595.84
2759703,27597.03
2759811,27598.11
2759925,27599.25
2760041,27600.41
2760151,27601.51
2760266,27602.66
2760384,27603.84
2760496,27604.96
2760613,27606.13
2760739,27607.39
2760854,27608.54
2760971,27609.71
2761077,27610.77
2761192,27611.92
2761304,27613.04
2761420,27614.2
2761533,27615.33
2761644,27616.44
2761761,27617.61
2761876,27618.76
2761990,27619.9
2762108,27621.08
2762227,27622.27
2762340,27623.4
2762456,27624.56
2762576,27625.76
2762689,27626.89
2762807,27628.07
2762929,27629.29
2763042,27630.42
2763156,27631.56
2763274,27632.74
2763390,27633.9
2763506,27635.06
2763624,27636.24
2763742,27637.42
2763854,27638.54
2763971,27639.71
2764089,27640.89
2764196,27641.96
2764305,27643.05
2764414,27644.14
2764529,27645.29
2764637,27646.37
2764746,27647.46
2764852,27648.52
2764961,27649.61
2765064,27650.64
2765164,27651.64
2765267,27652.67
2765379,27653.79
2765515,27655.15
2765649,27656.49
2765792,27657.92
2765936,27659.36
2766050,27660.5
2766171,27661.71
2766297,27662.97
2766405,27664.05
2766514,27665.14
2766632,27666.32
2766762,27667.62
2766884,27668.84
2767015,27670.15
2767142,27671.42
2767258,27672.58
2767377,27673.77
2767502,27675.02
2767618,27676.18
2767738,27677.38
2767862,27678.62
2767982,27679.82
2768093,27680.93
2768211,27682.11
2768327,27683.27
2768437,27684.37
2768550,27685.5
2768665,27686.65
2768776,27687.76
2768887,27688.87
2769010,27690.1
2769136,27691.36
2769253,27692.53
2769377,27693.77
2769499,27694.99
2769616,27696.16
2769734,27697.34
2769854,27698.54
2769973,27699.73
2770098,27700.98
2770217,27702.17
2770331,27703.31
2770451,27704.51
2770578,27705.78
2770694,27706.94
2770808,27708.08
2770925,27709.25
2771042,27710.42
2771153,27711.53
2771267,27712.67
2771375,27713.75
2771474,27714.74
2771578,27715.78
2771686,27716.86
2771793,27717.93
2771904,27719.04
2772024,27720.24
2772141,27721.41
2772273,27722.73
2772406,27724.06
2772508,27725.08
2772623,27726.23
2772741,27727.41
2772856,27728.56
2772957,27729.57
2773060,27730.6
2773170,27731.7
2773283,27732.83
2773391,27733.91
2773510,27735.1
2773635,27736.35
2773750,27737.5
2773874,27738.74
2773996,27739.96
2774110,27741.1
2774221,27742.21
2774342,27743.42
2774459,27744.59
2774571,27745.71
2774686,27746.86
2774803,27748.03
2774914,27749.14
2775027,27750.27
2775143,27751.43
2775253,27752.53
2775360,27753.6
2775469,27754.69
2775578,27755.78
2775694,27756.94
2775807,27758.07
2775911,27759.11
2776023,27760.23
2776150,27761.5
2776269,27762.69
2776394,27763.94
2776507,27765.07
2776612,27766.12
2776725,27767.25
2776856,27768.56
2776987,27769.87
2777112,27771.12
2777245,27772.45
2777371,27773.71
2777496,27774.96
2777621,27776.21
2777727,27777.27
2777841,27778.41
2777957,27779.57
2778073,27780.73
2778181,27781.81
2778294,27782.94
2778416,27784.16
2778533,27785.33
2778648,27786.48
2778767,27787.67
2778890,27788.9
2779013,27790.13
2779124,27791.24
2779241,27792.41
2779354,27793.54
2779470,27794.7
2779584,27795.84
2779692,27796.92
2779802,27798.02
2779915,27799.15
2780027,27800.27
2780151,27801.51
2780270,27802.7
2780388,27803.88
2780509,27805.09
2780628,27806.28
2780745,27807.45
2780867,27808.67
2780985,27809.85
2781099,27810.99
2781215,27812.15
2781329,27813.29
2781434,27814.34
2781547,27815.47
2781665,27816.65
2781779,27817.79
2781901,27819.01
2782022,27820.22
2782132,27821.32
2782239,27822.39
2782346,27823.46
2782463,27824.63
2782581,27825.81
2782714,27827.14
2782861,27828.61
2782979,27829.79
2783098,27830.98
2783224,27832.24
2783353,27833.53
2783475,27834.75
2783600,27836.0
2783716,27837.16
2783840,27838.4
2783961,27839.61
2784082,27840.82
2784207,27842.07
2784330,27843.3
2784446,27844.46
2784569,27845.69
2784692,27846.92
2784808,27848.08
2784917,27849.17
2785029,27850.29
2785142,27851.42
2785250,27852.5
2785365,27853.65
2785484,27854.84
2785596,27855.96
2785717,27857.17
2785834,27858.34
2785943,27859.43
2786054,27860.54
2786174,27861.74
2786297,27862.97
2786413,27864.13
2786548,27865.48
2786684,27866.84
2786802,27868.02
2786924,27869.24
2787048,27870.48
2787150,27871.5
2787269,27872.69
2787387,27873.87
2787497,27874.97
2787608,27876.08
2787719,27877.19
2787826,27878.26
2787942,27879.42
2788055,27880.55
2788166,27881.66
2788281,27882.81
2788401,27884.01
2788516,27885.16
2788623,27886.23
2788731,27887.31
2788845,27888.45
2788960,27889.6
2789070,27890.7
2789186,27891.86
2789322,27893.22
2789452,27894.52
2789591,27895.91
2789723,27897.23
2789852,27898.52
2789988,27899.88
2790114,27901.14
2790228,27902.28
2790344,27903.44
2790461,27904.61
2790562,27905.62
2790663,27906.63
2790787,27907.87
2790926,27909.26
2791058,27910.58
2791196,27911.96
2791328,27913.28
2791464,27914.64
2791601,27916.01
2791734,27917.34
2791868,27918.68
2791983,27919.83
2792100,27921.0
2792218,27922.18
2792336,27923.36
2792451,27924.51
2792576,27925.76
2792702,27927.02
2792823,27928.23
2792940,27929.4
2793058,27930.58
2793174,27931.74
2793286,27932.86
2793401,27934.01
2793517,27935.17
2793629,27936.29
2793746,27937.46
2793863,27938.63
2793969,27939.69
2794078,27940.78
2794197,27941.97
2794312,27943.12
2794425,27944.25
2794546,27945.46
2794674,27946.74
2794810,27948.1
2794941,27949.41
2795050,27950.5
2795169,27951.69
2795285,27952.85
2795395,27953.95
2795502,27955.02
2795615,27956.15
2795732,27957.32
2795840,27958.4
2795958,27959.58
2796078,27960.78
2796190,27961.9
2796297,27962.97
2796410,27964.1
2796521,27965.21
2796628,27966.28
2796743,27967.43
2796862,27968.62
2796974,27969.74
2797085,27970.85
2797197,27971.97
2797305,27973.05
2797412,27974.12
2797531,27975.31
2797652,27976.52
2797766,27977.66
2797886,27978.86
2798013,27980.13
2798136,27981.36
2798252,27982.52
2798374,27983.74
2798496,27984.96
2798614,27986.14
2798724,27987.24
2798838,27988.38
2798952,27989.52
2799057,27990.57
2799162,27991.62
2799272,27992.72
2799380,27993.8
2799495,27994.95
2799619,27996.19
2799742,27997.42
2799862,27998.62
2799984,27999.84
2800101,28001.01
2800212,28002.12
2800329,28003.29
2800447,28004.47
2800560,28005.6
2800681,28006.81
2800803,28008.03
2800916,28009.16
2801033,28010.33
2801156,28011.56
2801272,28012.72
2801386,28013.86
2801502,28015.02
2801619,28016.19
2801733,28017.33
2801854,28018.54
2801973,28019.73
2802087,28020.87
2802207,28022.07
2802325,28023.25
2802436,28024.36
2802549,28025.49
2802667,28026.67
2802786,28027.86
2802898,28028.98
2803012,28030.12
2803128,28031.28
2803241,28032.41
2803342,28033.42
2803451,28034.51
2803567,28035.67
2803678,28036.78
2803791,28037.91
2803915,28039.15
2804037,28040.37
2804156,28041.56
2804281,28042.81
2804401,28044.01
2804516,28045.16
2804632,28046.32
2804751,28047.51
2804865,28048.65
2804970,28049.7
2805080,28050.8
2805190,28051.9
2805296,28052.96
2805400,28054.0
2805514,28055.14
2805625,28056.25
2805739,28057.39
2805862,28058.62
2805982,28059.82
2806098,28060.98
2806218,28062.18
2806333,28063.33
2806450,28064.5
2806568,28065.68
2806681,28066.81
2806789,28067.89
2806907,28069.07
2807024,28070.24
2807135,28071.35
2807247,28072.47
2807367,28073.67
2807477,28074.77
2807584,28075.84
2807696,28076.96
2807813,28078.13
2807927,28079.27
2808048,28080.48
2808173,28081.73
2808291,28082.91
2808412,28084.12
2808531,28085.31
2808644,28086.44
2808758,28087.58
2808867,28088.67
2808963,28089.63
2809066,28090.66
2809136,28091.36
2809219,28092.19
2809319,28093.19
2809404,28094.04
2809482,28094.82
2809556,28095.56
2809626,28096.26
2809683,28096.83
2809741,28097.41
2809830,28098.3
2809896,28098.96
2809963,28099.63
2810027,28100.27
2810081,28100.81
2810147,28101.47
2810212,28102.12
2810290,28102.9
2810348,28103.48
2810406,28104.06
2810469,28104.69
2810532,28105.32
2810596,28105.96
2810659,28106.59
2810724,28107.24
2810792,28107.92
2810860,28108.6
2810928,28109.28
2810998,28109.98
2811070,28110.7
2811151,28111.51
2811237,28112.37
2811322,28113.22
2811409,28114.09
2811502,28115.02
2811601,28116.01
2811695,28116.95
2811783,28117.83
2811877,28118.77
2811981,28119.81
2812083,28120.83
2812176,28121.76
2812272,28122.72
2812369,28123.69
2812460,28124.6
2812543,28125.43
2812639,28126.39
2812712,28127.12
2812786,28127.86
2812887,28128.87
2812975,28129.75
2813068,28130.68
2813163,28131.63
2813253,28132.53
2813342,28133.42
2813431,28134.31
2813518,28135.18
2813598,28135.98
2813681,28136.81
2813767,28137.67
2813862,28138.62
2813956,28139.56
2814046,28140.46
2814135,28141.35
2814225,28142.25
2814316,28143.16
2814407,28144.07
2814497,28144.97
2814585,28145.85
2814678,28146.78
2814777,28147.77
2814879,28148.79
2814978,28149.78
2815070,28150.7
2815164,28151.64
2815264,28152.64
2815366,28153.66
2815460,28154.6
2815554,28155.54
2815651,28156.51
2815751,28157.51
2815841,28158.41
2815929,28159.29
2816015,28160.15
2816102,28161.02
2816189,28161.89
2816274,28162.74
2816357,28163.57
2816438,28164.38
2816520,28165.2
2816603,28166.03
2816691,28166.91
2816780,28167.8
2816872,28168.72
2816968,28169.68
2817066,28170.66
2817162,28171.62
2817260,28172.6
2817347,28173.47
2817430,28174.3
2817514,28175.14
2817601,28176.01
2817691,28176.91
2817780,28177.8
2817867,28178.67
2817958,28179.58
2818058,28180.58
2818151,28181.51
2818239,28182.39
2818322,28183.22
2818403,28184.03
2818484,28184.84
2818567,28185.67
2818650,28186.5
2818734,28187.34
2818817,28188.17
2818901,28189.01
2818980,28189.8
2819057,28190.57
2819134,28191.34
2819214,28192.14
2819297,28192.97
2819386,28193.86
2819479,28194.79
2819571,28195.71
2819645,28196.45
2819719,28197.19
2819820,28198.2
2819885,28198.85
2819963,28199.63
2820055,28200.55
2820134,28201.34
2820212,28202.12
2820288,28202.88
2820363,28203.63
2820440,28204.4
2820502,28205.02
2820577,28205.77
2820667,28206.67
2820727,28207.27
2820814,28208.14
2820887,28208.87
2820961,28209.61
2821023,28210.23
2821102,28211.02
2821201,28212.01
2821276,28212.76
2821361,28213.61
2821441,28214.41
2821521,28215.21
2821601,28216.01
2821682,28216.82
2821762,28217.62
2821855,28218.55
2821927,28219.27
2822029,28220.29
2822132,28221.32
2822232,28222.32
2822341,28223.41
2822465,28224.65
2822562,28225.62
2822656,28226.56
2822757,28227.57
2822831,28228.31
2822917,28229.17
2823006,28230.06
2823105,28231.05
2823228,28232.28
2823319,28233.19
2823410,28234.1
2823505,28235.05
2823595,28235.95
2823679,28236.79
2823761,28237.61
2823846,28238.46
2823940,28239.4
2824035,28240.35
2824142,28241.42
2824263,28242.63
2824381,28243.81
2824491,28244.91
2824595,28245.95
2824701,28247.01
2824809,28248.09
2824909,28249.09
2825012,28250.12
2825118,28251.18
2825227,28252.27
2825331,28253.31
2825438,28254.38
2825550,28255.5
2825664,28256.64
2825768,28257.68
2825874,28258.74
2825985,28259.85
2826099,28260.99
2826203,28262.03
2826310,28263.1
2826423,28264.23
2826535,28265.35
2826639,28266.39
2826748,28267.48
2826861,28268.61
2826969,28269.69
2827072,28270.72
2827178,28271.78
2827283,28272.83
2827379,28273.79
2827477,28274.77
2827581,28275.81
2827686,28276.86
2827785,28277.85
2827889,28278.89
2827998,28279.98
2828111,28281.11
2828221,28282.21
2828315,28283.15
2828408,28284.08
2828501,28285.01
2828592,28285.92
2828679,28286.79
2828760,28287.6
2828834,28288.34
2828912,28289.12
2829000,28290.0
2829079,28290.79
2829158,28291.58
2829250,28292.5
2829348,28293.48
2829451,28294.51
2829548,28295.48
2829640,28296.4
2829735,28297.35
2829834,28298.34
2829932,28299.32
2830024,28300.24
2830119,28301.19
2830219,28302.19
2830321,28303.21
2830420,28304.2
2830514,28305.14
2830603,28306.03
2830701,28307.01
2830777,28307.77
2830853,28308.53
2830940,28309.4
2831034,28310.34
2831134,28311.34
2831236,28312.36
2831332,28313.32
2831424,28314.24
2831516,28315.16
2831602,28316.02
2831698,28316.98
2831780,28317.8
2831854,28318.54
2831948,28319.48
2832051,28320.51
2832166,28321.66
2832277,28322.77
2832377,28323.77
2832479,28324.79
2832586,28325.86
2832690,28326.9
2832787,28327.87
2832891,28328.91
2833004,28330.04
2833112,28331.12
2833221,28332.21
2833333,28333.33
2833442,28334.42
2833541,28335.41
2833639,28336.39
2833739,28337.39
2833841,28338.41
2833935,28339.35
2834031,28340.31
2834130,28341.3
2834238,28342.38
2834358,28343.58
2834446,28344.46
2834534,28345.34
2834616,28346.16
2834696,28346.96
2834777,28347.77
2834844,28348.44
2834932,28349.32
2835020,28350.2
2835099,28350.99
2835161,28351.61
2835238,28352.38
2835327,28353.27
2835401,28354.01
2835474,28354.74
2835546,28355.46
2835617,28356.17
2835688,28356.88
2835761,28357.61
2835841,28358.41
2835913,28359.13
2836008,28360.08
2836117,28361.17
2836225,28362.25
2836327,28363.27
2836421,28364.21
2836524,28365.24
2836638,28366.38
2836752,28367.52
2836856,28368.56
2836962,28369.62
2837065,28370.65
2837163,28371.63
2837265,28372.65
2837387,28373.87
2837482,28374.82
2837584,28375.84
2837694,28376.94
2837809,28378.09
2837919,28379.19
2838022,28380.22
2838092,28380.92
2838173,28381.73
2838267,28382.67
2838357,28383.57
2838457,28384.57
2838563,28385.63
2838675,28386.75
2838792,28387.92
2838903,28389.03
2839015,28390.15
2839128,28391.28
2839240,28392.4
2839347,28393.47
2839476,28394.76
2839579,28395.79
2839685,28396.85
2839794,28397.94
2839927,28399.27
2840028,28400.28
2840133,28401.33
2840237,28402.37
2840344,28403.44
2840453,28404.53
2840554,28405.54
2840656,28406.56
2840760,28407.6
2840882,28408.82
2840978,28409.78
2841075,28410.75
2841189,28411.89
2841322,28413.22
2841423,28414.23
2841522,28415.22
2841616,28416.16
2841717,28417.17
2841806,28418.06
2841925,28419.25
2842049,28420.49
2842165,28421.65
2842286,28422.86
2842404,28424.04
2842501,28425.01
2842607,28426.07
2842725,28427.25
2842822,28428.22
2842919,28429.19
2843023,28430.23
2843147,28431.47
2843263,28432.63
2843358,28433.58
2843463,28434.63
2843569,28435.69
2843675,28436.75
2843778,28437.78
2843891,28438.91
2844007,28440.07
2844110,28441.1
2844200,28442.0
2844287,28442.87
2844370,28443.7
2844464,28444.64
2844545,28445.45
2844631,28446.31
2844712,28447.12
2844805,28448.05
2844905,28449.05
2845009,28450.09
2845126,28451.26
2845219,28452.19
2845312,28453.12
2845406,28454.06
2845506,28455.06
2845594,28455.94
2845692,28456.92
2845808,28458.08
2845913,28459.13
2846014,28460.14
2846108,28461.08
2846193,28461.93
2846277,28462.77
2846362,28463.62
2846438,28464.38
2846531,28465.31
2846593,28465.93
2846645,28466.45
2846698,28466.98
2846758,28467.58
2846819,28468.19
2846879,28468.79
2846940,28469.4
2847019,28470.19
2847095,28470.95
2847170,28471.7
2847243,28472.43
2847296,28472.96
2847349,28473.49
2847401,28474.01
2847454,28474.54
2847522,28475.22
2847586,28475.86
2847631,28476.31
2847706,28477.06
2847781,28477.81
2847847,28478.47
2847914,28479.14
2847990,28479.9
2848068,28480.68
2848169,28481.69
2848276,28482.76
2848378,28483.78
2848473,28484.73
2848558,28485.58
2848637,28486.37
2848718,28487.18
2848813,28488.13
2848922,28489.22
2849031,28490.31
2849137,28491.37
2849233,28492.33
2849318,28493.18
2849398,28493.98
2849475,28494.75
2849554,28495.54
2849639,28496.39
2849722,28497.22
2849804,28498.04
2849890,28498.9
2849975,28499.75
2850063,28500.63
2850141,28501.41
2850219,28502.19
2850309,28503.09
2850385,28503.85
2850459,28504.59
2850534,28505.34
2850604,28506.04
2850674,28506.74
2850745,28507.45
2850815,28508.15
2850890,28508.9
2850973,28509.73
2851059,28510.59
2851148,28511.48
2851239,28512.39
2851334,28513.34
2851422,28514.22
2851509,28515.09
2851605,28516.05
2851708,28517.08
2851806,28518.06
2851897,28518.97
2851993,28519.93
2852090,28520.9
2852188,28521.88
2852278,28522.78
2852371,28523.71
2852463,28524.63
2852548,28525.48
2852630,28526.3
2852714,28527.14
2852804,28528.04
2852894,28528.94
2852994,28529.94
2853108,28531.08
2853219,28532.19
2853323,28533.23
2853422,28534.22
2853518,28535.18
2853617,28536.17
2853708,28537.08
2853800,28538.0
2853902,28539.02
2854013,28540.13
2854119,28541.19
2854230,28542.3
2854343,28543.43
2854446,28544.46
2854544,28545.44
2854638,28546.38
2854724,28547.24
2854806,28548.06
2854888,28548.88
2854980,28549.8
2855080,28550.8
2855178,28551.78
2855285,28552.85
2855396,28553.96
2855501,28555.01
2855599,28555.99
2855702,28557.02
2855808,28558.08
2855913,28559.13
2856019,28560.19
2856133,28561.33
2856249,28562.49
2856357,28563.57
2856466,28564.66
2856575,28565.75
2856680,28566.8
2856787,28567.87
2856896,28568.96
2857010,28570.1
2857118,28571.18
2857226,28572.26
2857335,28573.35
2857451,28574.51
2857564,28575.64
2857670,28576.7
2857786,28577.86
2857904,28579.04
2858015,28580.15
2858115,28581.15
2858220,28582.2
2858330,28583.3
2858441,28584.41
2858547,28585.47
2858662,28586.62
2858778,28587.78
2858889,28588.89
2858994,28589.94
2859101,28591.01
2859208,28592.08
2859308,28593.08
2859402,28594.02
2859498,28594.98
2859597,28595.97
2859686,28596.86
2859769,28597.69
2859853,28598.53
2859937,28599.37
2860019,28600.19
2860101,28601.01
2860194,28601.94
2860301,28603.01
2860405,28604.05
2860510,28605.1
2860615,28606.15
2860718,28607.18
2860815,28608.15
2860903,28609.03
2860996,28609.96
2861097,28610.97
2861215,28612.15
2861327,28613.27
2861443,28614.43
2861560,28615.6
2861675,28616.75
2861779,28617.79
2861881,28618.81
2861982,28619.82
2862084,28620.84
2862185,28621.85
2862297,28622.97
2862413,28624.13
2862524,28625.24
2862628,28626.28
2862720,28627.2
2862807,28628.07
2862894,28628.94
2862991,28629.91
2863092,28630.92
2863191,28631.91
2863287,28632.87
2863382,28633.82
2863474,28634.74
2863559,28635.59
2863638,28636.38
2863717,28637.17
2863795,28637.95
2863871,28638.71
2863950,28639.5
2864030,28640.3
2864118,28641.18
2864228,28642.28
2864345,28643.45
2864458,28644.58
2864573,28645.73
2864688,28646.88
2864799,28647.99
2864899,28648.99
2865000,28650.0
2865099,28650.99
2865203,28652.03
2865305,28653.05
2865409,28654.09
2865519,28655.19
2865629,28656.29
2865727,28657.27
2865815,28658.15
2865898,28658.98
2865980,28659.8
2866078,28660.78
2866197,28661.97
2866309,28663.09
2866428,28664.28
2866546,28665.46
2866656,28666.56
2866762,28667.62
2866865,28668.65
2866966,28669.66
2867058,28670.58
2867156,28671.56
2867257,28672.57
2867363,28673.63
2867464,28674.64
2867573,28675.73
2867684,28676.84
2867787,28677.87
2867883,28678.83
2867976,28679.76
2868062,28680.62
2868146,28681.46
2868232,28682.32
2868322,28683.22
2868405,28684.05
2868487,28684.87
2868569,28685.69
2868653,28686.53
2868742,28687.42
2868839,28688.39
2868941,28689.41
2869045,28690.45
2869143,28691.43
2869237,28692.37
2869328,28693.28
2869420,28694.2
2869508,28695.08
2869593,28695.93
2869677,28696.77
2869759,28697.59
2869842,28698.42
2869925,28699.25
2870006,28700.06
2870085,28700.85
2870166,28701.66
2870244,28702.44
2870321,28703.21
2870398,28703.98
2870473,28704.73
2870548,28705.48
2870623,28706.23
2870699,28706.99
2870776,28707.76
2870855,28708.55
2870938,28709.38
2871021,28710.21
2871103,28711.03
2871181,28711.81
2871260,28712.6
2871339,28713.39
2871425,28714.25
2871525,28715.25
2871633,28716.33
2871744,28717.44
2871856,28718.56
2871960,28719.6
2872065,28720.65
2872163,28721.63
2872265,28722.65
2872367,28723.67
2872465,28724.65
2872566,28725.66
2872659,28726.59
2872746,28727.46
2872830,28728.3
2872923,28729.23
2873033,28730.33
2873145,28731.45
2873260,28732.6
2873376,28733.76
2873487,28734.87
2873588,28735.88
2873682,28736.82
2873775,28737.75
2873870,28738.7
2873974,28739.74
2874084,28740.84
2874191,28741.91
2874312,28743.12
2874431,28744.31
2874541,28745.41
2874644,28746.44
2874747,28747.47
2874845,28748.45
2874942,28749.42
2875035,28750.35
2875132,28751.32
2875241,28752.41
2875359,28753.59
2875475,28754.75
2875585,28755.85
2875698,28756.98
2875804,28758.04
2875897,28758.97
2875985,28759.85
2876071,28760.71
2876153,28761.53
2876234,28762.34
2876319,28763.19
2876415,28764.15
2876520,28765.2
2876628,28766.28
2876743,28767.43
2876854,28768.54
2876962,28769.62
2877061,28770.61
2877159,28771.59
2877258,28772.58
2877365,28773.65
2877477,28774.77
2877585,28775.85
2877698,28776.98
2877813,28778.13
2877927,28779.27
2878034,28780.34
2878143,28781.43
2878251,28782.51
2878360,28783.6
2878465,28784.65
2878572,28785.72
2878680,28786.8
2878790,28787.9
2878895,28788.95
2879004,28790.04
2879113,28791.13
2879217,28792.17
2879316,28793.16
2879416,28794.16
2879520,28795.2
2879620,28796.2
2879717,28797.17
2879819,28798.19
2879924,28799.24
2880036,28800.36
2880146,28801.46
2880262,28802.62
2880370,28803.7
2880470,28804.7
2880562,28805.62
2880655,28806.55
2880749,28807.49
2880848,28808.48
2880944,28809.44
2881051,28810.51
2881161,28811.61
2881267,28812.67
2881371,28813.71
2881478,28814.78
2881589,28815.89
2881693,28816.93
2881795,28817.95
2881895,28818.95
2881997,28819.97
2882098,28820.98
2882195,28821.95
2882291,28822.91
2882379,28823.79
2882466,28824.66
2882562,28825.62
2882664,28826.64
2882768,28827.68
2882879,28828.79
2882992,28829.92
2883102,28831.02
2883204,28832.04
2883305,28833.05
2883404,28834.04
2883510,28835.1
2883615,28836.15
2883719,28837.19
2883828,28838.28
2883941,28839.41
2884052,28840.52
2884155,28841.55
2884261,28842.61
2884369,28843.69
2884477,28844.77
2884581,28845.81
2884686,28846.86
2884795,28847.95
2884903,28849.03
2885006,28850.06
2885115,28851.15
2885221,28852.21
2885325,28853.25
2885428,28854.28
2885535,28855.35
2885644,28856.44
2885751,28857.51
2885852,28858.52
2885953,28859.53
2886057,28860.57
2886164,28861.64
2886270,28862.7
2886380,28863.8
2886495,28864.95
2886606,28866.06
2886714,28867.14
2886821,28868.21
2886931,28869.31
2887036,28870.36
2887141,28871.41
2887247,28872.47
2887353,28873.53
2887453,28874.53
2887555,28875.55
2887660,28876.6
2887767,28877.67
2887873,28878.73
2887985,28879.85
2888096,28880.96
2888203,28882.03
2888307,28883.07
2888416,28884.16
2888529,28885.29
2888635,28886.35
2888739,28887.39
2888847,28888.47
2888957,28889.57
2889061,28890.61
2889163,28891.63
2889266,28892.66
2889373,28893.73
2889477,28894.77
2889580,28895.8
2889686,28896.86
2889795,28897.95
2889897,28898.97
2889990,28899.9
2890084,28900.84
2890171,28901.71
2890254,28902.54
2890341,28903.41
2890447,28904.47
2890556,28905.56
2890663,28906.63
2890774,28907.74
2890884,28908.84
2890987,28909.87
2891086,28910.86
2891182,28911.82
2891279,28912.79
2891374,28913.74
2891467,28914.67
2891568,28915.68
2891677,28916.77
2891790,28917.9
2891898,28918.98
2892011,28920.11
2892122,28921.22
2892232,28922.32
2892335,28923.35
2892439,28924.39
2892546,28925.46
2892656,28926.56
2892764,28927.64
2892867,28928.67
2892976,28929.76
2893087,28930.87
2893199,28931.99
2893299,28932.99
2893386,28933.86
2893468,28934.68
2893547,28935.47
2893630,28936.3
2893717,28937.17
2893804,28938.04
2893868,28938.68
2893933,28939.33
2894062,28940.62
2894131,28941.31
2894201,28942.01
2894260,28942.6
2894319,28943.19
2894378,28943.78
2894453,28944.53
2894527,28945.27
2894598,28945.98
2894668,28946.68
2894737,28947.37
2894809,28948.09
2894883,28948.83
2894963,28949.63
2895054,28950.54
2895148,28951.48
2895244,28952.44
2895347,28953.47
2895454,28954.54
2895564,28955.64
2895674,28956.74
2895780,28957.8
2895886,28958.86
2895996,28959.96
2896107,28961.07
2896218,28962.18
2896321,28963.21
2896427,28964.27
2896534,28965.34
2896641,28966.41
2896742,28967.42
2896846,28968.46
2896953,28969.53
2897062,28970.62
2897162,28971.62
2897257,28972.57
2897348,28973.48
2897461,28974.61
2897561,28975.61
2897668,28976.68
2897755,28977.55
2897842,28978.42
2897939,28979.39
2898044,28980.44
2898148,28981.48
2898254,28982.54
2898365,28983.65
2898475,28984.75
2898582,28985.82
2898682,28986.82
2898787,28987.87
2898891,28988.91
2898991,28989.91
2899086,28990.86
2899183,28991.83
2899283,28992.83
2899387,28993.87
2899486,28994.86
2899591,28995.91
2899698,28996.98
2899805,28998.05
2899906,28999.06
2900014,29000.14
2900125,29001.25
2900236,29002.36
2900346,29003.46
2900459,29004.59
2900572,29005.72
2900677,29006.77
2900781,29007.81
2900885,29008.85
2900993,29009.93
2901099,29010.99
2901206,29012.06
2901321,29013.21
2901432,29014.32
2901541,29015.41
2901644,29016.44
2901751,29017.51
2901859,29018.59
2901966,29019.66
2902067,29020.67
2902170,29021.7
2902277,29022.77
2902381,29023.81
2902482,29024.82
2902588,29025.88
2902700,29027.0
2902811,29028.11
2902919,29029.19
2903029,29030.29
2903138,29031.38
2903241,29032.41
2903347,29033.47
2903455,29034.55
2903561,29035.61
2903667,29036.67
2903771,29037.71
2903881,29038.81
2903995,29039.95
2904108,29041.08
2904217,29042.17
2904329,29043.29
2904441,29044.41
2904546,29045.46
2904648,29046.48
2904756,29047.56
2904869,29048.69
2904981,29049.81
2905093,29050.93
2905201,29052.01
2905302,29053.02
2905405,29054.05
2905511,29055.11
2905617,29056.17
2905712,29057.12
2905800,29058.0
2905891,29058.91
2906003,29060.03
2906116,29061.16
2906222,29062.22
2906329,29063.29
2906438,29064.38
2906546,29065.46
2906648,29066.48
2906745,29067.45
2906843,29068.43
2906946,29069.46
2907057,29070.57
2907164,29071.64
2907277,29072.77
2907389,29073.89
2907497,29074.97
2907599,29075.99
2907703,29077.03
2907809,29078.09
2907915,29079.15
2908022,29080.22
2908138,29081.38
2908255,29082.55
2908367,29083.67
2908472,29084.72
2908578,29085.78
2908688,29086.88
2908797,29087.97
2908904,29089.04
2909016,29090.16
2909131,29091.31
2909244,29092.44
2909348,29093.48
2909455,29094.55
2909562,29095.62
2909668,29096.68
2909767,29097.67
2909872,29098.72
2909980,29099.8
2910087,29100.87
2910188,29101.88
2910291,29102.91
2910394,29103.94
2910492,29104.92
2910583,29105.83
2910673,29106.73
2910761,29107.61
2910843,29108.43
2910923,29109.23
2911002,29110.02
2911083,29110.83
2911173,29111.73
2911275,29112.75
2911379,29113.79
2911476,29114.76
2911575,29115.75
2911674,29116.74
2911770,29117.7
2911862,29118.62
2911953,29119.53
2912045,29120.45
2912146,29121.46
2912255,29122.55
2912359,29123.59
2912454,29124.54
2912542,29125.42
2912628,29126.28
2912725,29127.25
2912835,29128.35
2912944,29129.44
2913059,29130.59
2913174,29131.74
2913284,29132.84
2913388,29133.88
2913493,29134.93
2913602,29136.02
2913712,29137.12
2913817,29138.17
2913929,29139.29
2914045,29140.45
2914155,29141.55
2914266,29142.66
2914375,29143.75
2914482,29144.82
2914586,29145.86
2914696,29146.96
2914810,29148.1
2914925,29149.25
2915030,29150.3
2915135,29151.35
2915235,29152.35
2915325,29153.25
2915411,29154.11
2915495,29154.95
2915577,29155.77
2915661,29156.61
2915775,29157.75
2915892,29158.92
2916005,29160.05
2916113,29161.13
2916225,29162.25
2916333,29163.33
2916428,29164.28
2916520,29165.2
2916602,29166.02
2916686,29166.86
2916768,29167.68
2916851,29168.51
2916934,29169.34
2917016,29170.16
2917104,29171.04
2917199,29171.99
2917305,29173.05
2917414,29174.14
2917517,29175.17
2917621,29176.21
2917723,29177.23
2917823,29178.23
2917918,29179.18
2918015,29180.15
2918117,29181.17
2918227,29182.27
2918337,29183.37
2918448,29184.48
2918562,29185.62
2918677,29186.77
2918786,29187.86
2918894,29188.94
2919000,29190.0
2919104,29191.04
2919202,29192.02
2919307,29193.07
2919418,29194.18
2919533,29195.33
2919639,29196.39
2919740,29197.4
2919842,29198.42
2919944,29199.44
2920043,29200.43
2920140,29201.4
2920239,29202.39
2920346,29203.46
2920452,29204.52
2920560,29205.6
2920669,29206.69
2920779,29207.79
2920884,29208.84
2920992,29209.92
2921102,29211.02
2921210,29212.1
2921316,29213.16
2921429,29214.29
2921543,29215.43
2921657,29216.57
2921768,29217.68
2921883,29218.83
2922000,29220.0
2922114,29221.14
2922219,29222.19
2922325,29223.25
2922433,29224.33
2922542,29225.42
2922647,29226.47
2922754,29227.54
2922868,29228.68
2922981,29229.81
2923089,29230.89
2923194,29231.94
2923296,29232.96
2923386,29233.86
2923473,29234.73
2923568,29235.68
2923675,29236.75
2923779,29237.79
2923885,29238.85
2923991,29239.91
2924096,29240.96
2924195,29241.95
2924291,29242.91
2924389,29243.89
2924494,29244.94
2924597,29245.97
2924697,29246.97
2924801,29248.01
2924912,29249.12
2925028,29250.28
2925141,29251.41
2925248,29252.48
2925358,29253.58
2925471,29254.71
2925584,29255.84
2925704,29257.04
2925825,29258.25
2925946,29259.46
2926062,29260.62
2926177,29261.77
2926293,29262.93
2926406,29264.06
2926525,29265.25
2926647,29266.47
2926766,29267.66
2926880,29268.8
2926992,29269.92
2927102,29271.02
2927203,29272.03
2927301,29273.01
2927403,29274.03
2927512,29275.12
2927621,29276.21
2927730,29277.3
2927847,29278.47
2927963,29279.63
2928072,29280.72
2928179,29281.79
2928284,29282.84
2928390,29283.9
2928489,29284.89
2928587,29285.87
2928686,29286.86
2928786,29287.86
2928885,29288.85
2928991,29289.91
2929102,29291.02
2929208,29292.08
2929313,29293.13
2929419,29294.19
2929526,29295.26
2929628,29296.28
2929733,29297.33
2929840,29298.4
2929947,29299.47
2930051,29300.51
2930160,29301.6
2930270,29302.7
2930378,29303.78
2930488,29304.88
2930597,29305.97
2930708,29307.08
2930819,29308.19
2930937,29309.37
2931052,29310.52
2931160,29311.6
2931265,29312.65
2931374,29313.74
2931485,29314.85
2931595,29315.95
2931714,29317.14
2931835,29318.35
2931952,29319.52
2932063,29320.63
2932179,29321.79
2932295,29322.95
2932407,29324.07
2932522,29325.22
2932641,29326.41
2932756,29327.56
2932870,29328.7
2932984,29329.84
2933097,29330.97
2933208,29332.08
2933318,29333.18
2933426,29334.26
2933529,29335.29
2933634,29336.34
2933744,29337.44
2933857,29338.57
2933969,29339.69
2934076,29340.76
2934185,29341.85
2934298,29342.98
2934410,29344.1
2934519,29345.19
2934624,29346.24
2934730,29347.3
2934839,29348.39
2934945,29349.45
2935049,29350.49
2935150,29351.5
2935255,29352.55
2935365,29353.65
2935474,29354.74
2935590,29355.9
2935707,29357.07
2935823,29358.23
2935933,29359.33
2936043,29360.43
2936151,29361.51
2936256,29362.56
2936361,29363.61
2936474,29364.74
2936595,29365.95
2936712,29367.12
2936827,29368.27
2936942,29369.42
2937057,29370.57
2937165,29371.65
2937275,29372.75
2937384,29373.84
2937488,29374.88
2937592,29375.92
2937704,29377.04
2937813,29378.13
2937923,29379.23
2938032,29380.32
2938143,29381.43
2938250,29382.5
2938356,29383.56
2938466,29384.66
2938582,29385.82
2938696,29386.96
2938812,29388.12
2938916,29389.16
2939008,29390.08
2939104,29391.04
2939208,29392.08
2939307,29393.07
2939410,29394.1
2939516,29395.16
2939623,29396.23
2939725,29397.25
2939821,29398.21
2939918,29399.18
2940015,29400.15
2940111,29401.11
2940207,29402.07
2940308,29403.08
2940417,29404.17
2940525,29405.25
2940630,29406.3
2940739,29407.39
2940850,29408.5
2940958,29409.58
2941060,29410.6
2941164,29411.64
2941270,29412.7
2941378,29413.78
2941484,29414.84
2941598,29415.98
2941719,29417.19
2941832,29418.32
2941947,29419.47
2942064,29420.64
2942182,29421.82
2942293,29422.93
2942410,29424.1
2942528,29425.28
2942640,29426.4
2942755,29427.55
2942873,29428.73
2942989,29429.89
2943097,29430.97
2943204,29432.04
2943315,29433.15
2943425,29434.25
2943529,29435.29
2943633,29436.33
2943743,29437.43
2943855,29438.55
2943966,29439.66
2944086,29440.86
2944205,29442.05
2944319,29443.19
2944426,29444.26
2944531,29445.31
2944628,29446.28
2944715,29447.15
2944802,29448.02
2944916,29449.16
2945029,29450.29
2945145,29451.45
2945264,29452.64
2945380,29453.8
2945488,29454.88
2945594,29455.94
2945701,29457.01
2945806,29458.06
2945904,29459.04
2946001,29460.01
2946106,29461.06
2946218,29462.18
2946326,29463.26
2946436,29464.36
2946548,29465.48
2946662,29466.62
2946768,29467.68
2946873,29468.73
2946981,29469.81
2947093,29470.93
2947204,29472.04
2947323,29473.23
2947442,29474.42
2947558,29475.58
2947675,29476.75
2947789,29477.89
2947900,29479.0
2948012,29480.12
2948128,29481.28
2948241,29482.41
2948357,29483.57
2948475,29484.75
2948593,29485.93
2948709,29487.09
2948828,29488.28
2948944,29489.44
2949055,29490.55
2949163,29491.63
2949279,29492.79
2949397,29493.97
2949513,29495.13
2949622,29496.22
2949734,29497.34
2949846,29498.46
2949960,29499.6
2950073,29500.73
2950192,29501.92
2950309,29503.09
2950423,29504.23
2950539,29505.39
2950652,29506.52
2950764,29507.64
2950872,29508.72
2950981,29509.81
2951090,29510.9
2951195,29511.95
2951306,29513.06
2951419,29514.19
2951529,29515.29
2951634,29516.34
2951744,29517.44
2951855,29518.55
2951966,29519.66
2952076,29520.76
2952190,29521.9
2952306,29523.06
2952421,29524.21
2952535,29525.35
2952650,29526.5
2952764,29527.64
2952871,29528.71
2952979,29529.79
2953087,29530.87
2953192,29531.92
2953303,29533.03
2953418,29534.18
2953530,29535.3
2953639,29536.39
2953751,29537.51
2953860,29538.6
2953967,29539.67
2954073,29540.73
2954181,29541.81
2954289,29542.89
2954394,29543.94
2954502,29545.02
2954612,29546.12
2954718,29547.18
2954829,29548.29
2954942,29549.42
2955050,29550.5
2955153,29551.53
2955263,29552.63
2955373,29553.73
2955477,29554.77
2955582,29555.82
2955696,29556.96
2955814,29558.14
2955932,29559.32
2956049,29560.49
2956167,29561.67
2956281,29562.81
2956393,29563.93
2956497,29564.97
2956593,29565.93
2956683,29566.83
2956773,29567.73
2956862,29568.62
2956945,29569.45
2957023,29570.23
2957101,29571.01
2957189,29571.89
2957277,29572.77
2957368,29573.68
2957452,29574.52
2957532,29575.32
2957615,29576.15
2957694,29576.94
2957771,29577.71
2957850,29578.5
2957927,29579.27
2957988,29579.88
2958068,29580.68
2958148,29581.48
2958208,29582.08
2958294,29582.94
2958365,29583.65
2958442,29584.42
2958520,29585.2
2958675,29586.75
2958748,29587.48
2958844,29588.44
2958912,29589.12
2958978,29589.78
2959046,29590.46
2959113,29591.13
2959179,29591.79
2959246,29592.46
2959313,29593.13
2959383,29593.83
2959453,29594.53
2959593,29595.93
2959661,29596.61
2959768,29597.68
2959858,29598.58
2959942,29599.42
2960028,29600.28
2960113,29601.13
2960199,29601.99
2960289,29602.89
2960376,29603.76
2960462,29604.62
2960546,29605.46
2960634,29606.34
2960733,29607.33
2960835,29608.35
2960929,29609.29
2961022,29610.22
2961116,29611.16
2961196,29611.96
2961293,29612.93
2961379,29613.79
2961464,29614.64
2961549,29615.49
2961633,29616.33
2961755,29617.55
2961878,29618.78
2961989,29619.89
2962035,29620.35
2962110,29621.1
2962172,29621.72
2962260,29622.6
2962363,29623.63
2962466,29624.66
2962555,29625.55
2962631,29626.31
2962734,29627.34
2962860,29628.6
2963023,29630.23
2963126,29631.26
2963230,29632.3
2963309,29633.09
2963388,29633.88
2963463,29634.63
2963539,29635.39
2963630,29636.3
2963722,29637.22
2963805,29638.05
2963892,29638.92
2963968,29639.68
2964040,29640.4
2964111,29641.11
2964164,29641.64
2964245,29642.45
2964309,29643.09
2964373,29643.73
2964438,29644.38
2964487,29644.87
2964552,29645.52
2964617,29646.17
2964686,29646.86
2964770,29647.7
2964830,29648.3
2964919,29649.19
2964992,29649.92
2965065,29650.65
2965138,29651.38
2965212,29652.12
2965272,29652.72
2965345,29653.45
2965434,29654.34
2965498,29654.98
2965577,29655.77
2965655,29656.55
2965733,29657.33
2965815,29658.15
2965898,29658.98
2965981,29659.81
2966059,29660.59
2966153,29661.53
2966238,29662.38
2966308,29663.08
2966394,29663.94
2966477,29664.77
2966563,29665.63
2966646,29666.46
2966727,29667.27
2966805,29668.05
2966880,29668.8
2966970,29669.7
2967035,29670.35
2967115,29671.15
2967217,29672.17
2967314,29673.14
2967393,29673.93
2967495,29674.95
2967582,29675.82
2967668,29676.68
2967744,29677.44
2967843,29678.43
2967915,29679.15
2968009,29680.09
2968088,29680.88
2968170,29681.7
2968240,29682.4
2968331,29683.31
2968430,29684.3
2968531,29685.31
2968623,29686.23
2968717,29687.17
2968827,29688.27
2968922,29689.22
2968998,29689.98
2969089,29690.89
2969200,29692.0
2969290,29692.9
2969390,29693.9
2969497,29694.97
2969610,29696.1
2969720,29697.2
2969820,29698.2
2969926,29699.26
2970030,29700.3
2970128,29701.28
2970216,29702.16
2970300,29703.0
2970385,29703.85
2970470,29704.7
2970555,29705.55
2970641,29706.41
2970729,29707.29
2970813,29708.13
2970898,29708.98
2970995,29709.95
2971108,29711.08
2971222,29712.22
2971330,29713.3
2971435,29714.35
2971535,29715.35
2971631,29716.31
2971726,29717.26
2971818,29718.18
2971915,29719.15
2972031,29720.31
2972145,29721.45
2972253,29722.53
2972357,29723.57
2972454,29724.54
2972557,29725.57
2972662,29726.62
2972766,29727.66
2972865,29728.65
2972974,29729.74
2973083,29730.83
2973185,29731.85
2973285,29732.85
2973388,29733.88
2973494,29734.94
2973594,29735.94
2973699,29736.99
2973803,29738.03
2973909,29739.09
2974008,29740.08
2974113,29741.13
2974225,29742.25
2974338,29743.38
2974440,29744.4
2974529,29745.29
2974619,29746.19
2974703,29747.03
2974785,29747.85
2974866,29748.66
2974947,29749.47
2975028,29750.28
2975126,29751.26
2975256,29752.56
2975374,29753.74
2975491,29754.91
2975607,29756.07
2975722,29757.22
2975828,29758.28
2975931,29759.31
2976037,29760.37
2976149,29761.49
2976256,29762.56
2976357,29763.57
2976467,29764.67
2976587,29765.87
2976700,29767.0
2976806,29768.06
2976918,29769.18
2977032,29770.32
2977137,29771.37
2977238,29772.38
2977338,29773.38
2977438,29774.38
2977531,29775.31
2977637,29776.37
2977749,29777.49
2977851,29778.51
2977961,29779.61
2978067,29780.67
2978174,29781.74
2978276,29782.76
2978385,29783.85
2978492,29784.92
2978594,29785.94
2978697,29786.97
2978797,29787.97
2978899,29788.99
2978999,29789.99
2979099,29790.99
2979202,29792.02
2979311,29793.11
2979412,29794.12
2979507,29795.07
2979599,29795.99
2979687,29796.87
2979769,29797.69
2979849,29798.49
2979931,29799.31
2980059,29800.59
2980187,29801.87
2980300,29803.0
2980414,29804.14
2980514,29805.14
2980616,29806.16
2980716,29807.16
2980820,29808.2
2980926,29809.26
2981027,29810.27
2981128,29811.28
2981238,29812.38
2981347,29813.47
2981452,29814.52
2981551,29815.51
2981652,29816.52
2981754,29817.54
2981856,29818.56
2981959,29819.59
2982069,29820.69
2982179,29821.79
2982279,29822.79
2982382,29823.82
2982487,29824.87
2982590,29825.9
2982686,29826.86
2982790,29827.9
2982898,29828.98
2983005,29830.05
2983104,29831.04
2983210,29832.1
2983317,29833.17
2983420,29834.2
2983526,29835.26
2983637,29836.37
2983747,29837.47
2983850,29838.5
2983962,29839.62
2984074,29840.74
2984182,29841.82
2984281,29842.81
2984380,29843.8
2984483,29844.83
2984585,29845.85
2984690,29846.9
2984805,29848.05
2984920,29849.2
2985028,29850.28
2985127,29851.27
2985217,29852.17
2985301,29853.01
2985389,29853.89
2985497,29854.97
2985600,29856.0
2985711,29857.11
2985827,29858.27
2985939,29859.39
2986039,29860.39
2986141,29861.41
2986245,29862.45
2986349,29863.49
2986446,29864.46
2986554,29865.54
2986671,29866.71
2986789,29867.89
2986899,29868.99
2987014,29870.14
2987128,29871.28
2987238,29872.38
2987344,29873.44
2987461,29874.61
2987583,29875.83
2987700,29877.0
2987810,29878.1
2987922,29879.22
2988028,29880.28
2988133,29881.33
2988237,29882.37
2988354,29883.54
2988479,29884.79
2988599,29885.99
2988719,29887.19
2988841,29888.41
2988960,29889.6
2989068,29890.68
2989174,29891.74
2989279,29892.79
2989386,29893.86
2989492,29894.92
2989608,29896.08
2989729,29897.29
2989845,29898.45
2989953,29899.53
2990064,29900.64
2990175,29901.75
2990278,29902.78
2990379,29903.79
2990477,29904.77
2990574,29905.74
2990667,29906.67
2990765,29907.65
2990873,29908.73
2990991,29909.91
2991103,29911.03
2991219,29912.19
2991339,29913.39
2991450,29914.5
2991556,29915.56
2991665,29916.65
2991774,29917.74
2991882,29918.82
2991998,29919.98
2992114,29921.14
2992228,29922.28
2992337,29923.37
2992448,29924.48
2992561,29925.61
2992664,29926.64
2992760,29927.6
2992862,29928.62
2992969,29929.69
2993073,29930.73
2993176,29931.76
2993285,29932.85
2993397,29933.97
2993504,29935.04
2993620,29936.2
2993733,29937.33
2993842,29938.42
2993951,29939.51
2994060,29940.6
2994163,29941.63
2994258,29942.58
2994355,29943.55
2994458,29944.58
2994556,29945.56
2994654,29946.54
2994759,29947.59
2994869,29948.69
2994971,29949.71
2995077,29950.77
2995180,29951.8
2995276,29952.76
2995375,29953.75
2995472,29954.72
2995564,29955.64
2995648,29956.48
2995734,29957.34
2995836,29958.36
2995940,29959.4
2996055,29960.55
2996171,29961.71
2996279,29962.79
2996378,29963.78
2996480,29964.8
2996585,29965.85
2996684,29966.84
2996784,29967.84
2996889,29968.89
2996997,29969.97
2997104,29971.04
2997210,29972.1
2997322,29973.22
2997434,29974.34
2997542,29975.42
2997651,29976.51
2997763,29977.63
2997870,29978.7
2997968,29979.68
2998070,29980.7
2998167,29981.67
2998260,29982.6
2998349,29983.49
2998440,29984.4
2998531,29985.31
2998618,29986.18
2998703,29987.03
2998799,29987.99
2998907,29989.07
2999007,29990.07
2999114,29991.14
2999225,29992.25
2999333,29993.33
2999427,29994.27
2999518,29995.18
2999604,29996.04
2999684,29996.84
2999763,29997.63
2999846,29998.46
2999952,29999.52
3000055,30000.55
3000176,30001.76
3000296,30002.96
3000410,30004.1
3000515,30005.15
3000623,30006.23
3000732,30007.32
3000838,30008.38
3000936,30009.36
3001043,30010.43
3001158,30011.58
3001272,30012.72
3001383,30013.83
3001498,30014.98
3001613,30016.13
3001725,30017.25
3001832,30018.32
3001945,30019.45
3002057,30020.57
3002165,30021.65
3002277,30022.77
3002389,30023.89
3002495,30024.95
3002601,30026.01
3002717,30027.17
3002836,30028.36
3002953,30029.53
3003071,30030.71
3003186,30031.86
3003297,30032.97
3003404,30034.04
3003519,30035.19
3003638,30036.38
3003751,30037.51
3003866,30038.66
3003979,30039.79
3004091,30040.91
3004198,30041.98
3004307,30043.07
3004412,30044.12
3004516,30045.16
3004618,30046.18
3004734,30047.34
3004855,30048.55
3004972,30049.72
3005083,30050.83
3005196,30051.96
3005306,30053.06
3005406,30054.06
3005505,30055.05
3005605,30056.05
3005705,30057.05
3005802,30058.02
3005906,30059.06
3006020,30060.2
3006133,30061.33
3006246,30062.46
3006360,30063.6
3006470,30064.7
3006575,30065.75
3006682,30066.82
3006789,30067.89
3006891,30068.91
3006991,30069.91
3007092,30070.92
3007202,30072.02
3007310,30073.1
3007428,30074.28
3007548,30075.48
3007666,30076.66
3007783,30077.83
3007903,30079.03
3008023,30080.23
3008138,30081.38
3008246,30082.46
3008355,30083.55
3008454,30084.54
3008550,30085.5
3008638,30086.38
3008721,30087.21
3008812,30088.12
3008935,30089.35
3009059,30090.59
3009179,30091.79
3009301,30093.01
3009416,30094.16
3009521,30095.21
3009625,30096.25
3009734,30097.34
3009847,30098.47
3009953,30099.53
3010065,30100.65
3010178,30101.78
3010280,30102.8
3010387,30103.87
3010503,30105.03
3010613,30106.13
3010720,30107.2
3010827,30108.27
3010932,30109.32
3011030,30110.3
3011134,30111.34
3011244,30112.44
3011353,30113.53
3011464,30114.64
3011577,30115.77
3011688,30116.88
3011790,30117.9
3011896,30118.96
3012005,30120.05
3012109,30121.09
3012210,30122.1
3012317,30123.17
3012425,30124.25
3012528,30125.28
3012637,30126.37
3012752,30127.52
3012867,30128.67
3012981,30129.81
3013098,30130.98
3013212,30132.12
3013322,30133.22
3013435,30134.35
3013548,30135.48
3013652,30136.52
3013758,30137.58
3013870,30138.7
3013989,30139.89
3014082,30140.82
3014170,30141.7
3014262,30142.62
3014363,30143.63
3014468,30144.68
3014578,30145.78
3014689,30146.89
3014776,30147.76
3014864,30148.64
3014958,30149.58
3015026,30150.26
3015081,30150.81
3015121,30151.21
3015188,30151.88
3015241,30152.41
3015286,30152.86
3015356,30153.56
3015455,30154.55
3015539,30155.39
3015619,30156.19
3015683,30156.83
3015759,30157.59
3015834,30158.34
3015920,30159.2
3015991,30159.91
3016061,30160.61
3016131,30161.31
3016202,30162.02
3016258,30162.58
3016329,30163.29
3016416,30164.16
3016498,30164.98
3016579,30165.79
3016677,30166.77
3016773,30167.73
3016877,30168.77
3016983,30169.83
3017089,30170.89
3017182,30171.82
3017269,30172.69
3017364,30173.64
3017461,30174.61
3017558,30175.58
3017647,30176.47
3017742,30177.42
3017850,30178.5
3017941,30179.41
3018056,30180.56
3018171,30181.71
3018283,30182.83
3018382,30183.82
3018451,30184.51
3018515,30185.15
3018614,30186.14
3018697,30186.97
3018791,30187.91
3018862,30188.62
3018933,30189.33
3018997,30189.97
3019061,30190.61
3019148,30191.48
3019231,30192.31
3019311,30193.11
3019388,30193.88
3019465,30194.65
3019541,30195.41
3019618,30196.18
3019697,30196.97
3019783,30197.83
3019876,30198.76
3019975,30199.75
3020069,30200.69
3020160,30201.6
3020254,30202.54
3020347,30203.47
3020449,30204.49
3020556,30205.56
3020662,30206.62
3020763,30207.63
3020860,30208.6
3020963,30209.63
3021072,30210.72
3021180,30211.8
3021281,30212.81
3021382,30213.82
3021484,30214.84
3021590,30215.9
3021697,30216.97
3021801,30218.01
3021906,30219.06
3022013,30220.13
3022112,30221.12
3022210,30222.1
3022311,30223.11
3022414,30224.14
3022515,30225.15
3022616,30226.16
3022728,30227.28
3022840,30228.4
3022946,30229.46
3023051,30230.51
3023160,30231.6
3023270,30232.7
3023372,30233.72
3023475,30234.75
3023583,30235.83
3023692,30236.92
3023803,30238.03
3023922,30239.22
3024034,30240.34
3024140,30241.4
3024247,30242.47
3024357,30243.57
3024465,30244.65
3024574,30245.74
3024688,30246.88
3024804,30248.04
3024909,30249.09
3025013,30250.13
3025120,30251.2
3025232,30252.32
3025342,30253.42
3025450,30254.5
3025566,30255.66
3025683,30256.83
3025795,30257.95
3025912,30259.12
3026030,30260.3
3026147,30261.47
3026259,30262.59
3026371,30263.71
3026485,30264.85
3026597,30265.97
3026701,30267.01
3026809,30268.09
3026925,30269.25
3027042,30270.42
3027154,30271.54
3027270,30272.7
3027385,30273.85
3027498,30274.98
3027607,30276.07
3027719,30277.19
3027834,30278.34
3027943,30279.43
3028042,30280.42
3028148,30281.48
3028259,30282.59
3028370,30283.7
3028476,30284.76
3028589,30285.89
3028710,30287.1
3028823,30288.23
3028938,30289.38
3029052,30290.52
3029159,30291.59
3029267,30292.67
3029376,30293.76
3029485,30294.85
3029593,30295.93
3029698,30296.98
3029806,30298.06
3029914,30299.14
3030023,30300.23
3030137,30301.37
3030252,30302.52
3030360,30303.6
3030470,30304.7
3030575,30305.75
3030666,30306.66
3030763,30307.63
3030846,30308.46
3030957,30309.57
3031076,30310.76
3031201,30312.01
3031322,30313.22
3031433,30314.33
3031541,30315.41
3031651,30316.51
3031756,30317.56
3031855,30318.55
3031954,30319.54
3032062,30320.62
3032174,30321.74
3032278,30322.78
3032378,30323.78
3032482,30324.82
3032557,30325.57
3032640,30326.4
3032721,30327.21
3032803,30328.03
3032880,30328.8
3032957,30329.57
3033033,30330.33
3033116,30331.16
3033227,30332.27
3033329,30333.29
3033418,30334.18
3033504,30335.04
3033594,30335.94
3033689,30336.89
3033799,30337.99
3033896,30338.96
3033965,30339.65
3034050,30340.5
3034127,30341.27
3034204,30342.04
3034280,30342.8
3034354,30343.54
3034428,30344.28
3034499,30344.99
3034570,30345.7
3034639,30346.39
3034696,30346.96
3034764,30347.64
3034833,30348.33
3034902,30349.02
3034971,30349.71
3035052,30350.52
3035117,30351.17
3035182,30351.82
3035262,30352.62
3035343,30353.43
3035429,30354.29
3035510,30355.1
3035588,30355.88
3035669,30356.69
3035756,30357.56
3035848,30358.48
3035950,30359.5
3036054,30360.54
3036159,30361.59
3036260,30362.6
3036354,30363.54
3036447,30364.47
3036536,30365.36
3036619,30366.19
3036700,30367.0
3036784,30367.84
3036909,30369.09
3037023,30370.23
3037142,30371.42
3037257,30372.57
3037358,30373.58
3037453,30374.53
3037541,30375.41
3037624,30376.24
3037704,30377.04
3037790,30377.9
3037893,30378.93
3037995,30379.95
3038113,30381.13
3038228,30382.28
3038335,30383.35
3038436,30384.36
3038537,30385.37
3038641,30386.41
3038738,30387.38
3038845,30388.45
3038951,30389.51
3039046,30390.46
3039132,30391.32
3039216,30392.16
3039304,30393.04
3039399,30393.99
3039499,30394.99
3039610,30396.1
3039723,30397.23
3039827,30398.27
3039929,30399.29
3040035,30400.35
3040133,30401.33
3040221,30402.21
3040315,30403.15
3040417,30404.17
3040531,30405.31
3040638,30406.38
3040748,30407.48
3040862,30408.62
3040972,30409.72
3041072,30410.72
3041177,30411.77
3041286,30412.86
3041390,30413.9
3041483,30414.83
3041568,30415.68
3041649,30416.49
3041736,30417.36
3041837,30418.37
3041940,30419.4
3042058,30420.58
3042178,30421.78
3042289,30422.89
3042396,30423.96
3042505,30425.05
3042613,30426.13
3042715,30427.15
3042818,30428.18
3042924,30429.24
3043026,30430.26
3043124,30431.24
3043226,30432.26
3043335,30433.35
3043430,30434.3
3043515,30435.15
3043608,30436.08
3043714,30437.14
3043814,30438.14
3043924,30439.24
3044035,30440.35
3044147,30441.47
3044247,30442.47
3044345,30443.45
3044442,30444.42
3044540,30445.4
3044631,30446.31
3044718,30447.18
3044806,30448.06
3044889,30448.89
3044970,30449.7
3045060,30450.6
3045139,30451.39
3045217,30452.17
3045292,30452.92
3045367,30453.67
3045442,30454.42
3045510,30455.1
3045578,30455.78
3045656,30456.56
3045735,30457.35
3045806,30458.06
3045877,30458.77
3045944,30459.44
3046012,30460.12
3046081,30460.81
3046150,30461.5
3046218,30462.18
3046289,30462.89
3046356,30463.56
3046422,30464.22
3046488,30464.88
3046554,30465.54
3046621,30466.21
3046688,30466.88
3046757,30467.57
3046827,30468.27
3046894,30468.94
3046960,30469.6
3047027,30470.27
3047095,30470.95
3047162,30471.62
3047232,30472.32
3047307,30473.07
3047369,30473.69
3047467,30474.67
3047566,30475.66
3047650,30476.5
3047734,30477.34
3047810,30478.1
3047885,30478.85
3047944,30479.44
3048022,30480.22
3048101,30481.01
3048176,30481.76
3048255,30482.55
3048335,30483.35
3048417,30484.17
3048499,30484.99
3048577,30485.77
3048653,30486.53
3048730,30487.3
3048802,30488.02
3048863,30488.63
3048944,30489.44
3049025,30490.25
3049099,30490.99
3049174,30491.74
3049260,30492.6
3049362,30493.62
3049468,30494.68
3049573,30495.73
3049672,30496.72
3049772,30497.72
3049873,30498.73
3049976,30499.76
3050075,30500.75
3050179,30501.79
3050282,30502.82
3050377,30503.77
3050462,30504.62
3050544,30505.44
3050631,30506.31
3050730,30507.3
3050826,30508.26
3050905,30509.05
3051015,30510.15
3051126,30511.26
3051229,30512.29
3051322,30513.22
3051414,30514.14
3051507,30515.07
3051606,30516.06
3051704,30517.04
3051804,30518.04
3051914,30519.14
3052026,30520.26
3052127,30521.27
3052218,30522.18
3052305,30523.05
3052386,30523.86
3052464,30524.64
3052540,30525.4
3052625,30526.25
3052738,30527.38
3052831,30528.31
3052958,30529.58
3053085,30530.85
3053197,30531.97
3053296,30532.96
3053393,30533.93
3053488,30534.88
3053579,30535.79
3053666,30536.66
3053754,30537.54
3053844,30538.44
3053928,30539.28
3054011,30540.11
3054109,30541.09
3054220,30542.2
3054326,30543.26
3054423,30544.23
3054540,30545.4
3054658,30546.58
3054757,30547.57
3054858,30548.58
3054959,30549.59
3055056,30550.56
3055149,30551.49
3055255,30552.55
3055370,30553.7
3055483,30554.83
3055586,30555.86
3055695,30556.95
3055805,30558.05
3055904,30559.04
3056003,30560.03
3056108,30561.08
3056220,30562.2
3056327,30563.27
3056437,30564.37
3056544,30565.44
3056644,30566.44
3056742,30567.42
3056832,30568.32
3056917,30569.17
3057001,30570.01
3057098,30570.98
3057193,30571.93
3057287,30572.87
3057378,30573.78
3057461,30574.61
3057545,30575.45
3057623,30576.23
3057700,30577.0
3057776,30577.76
3057849,30578.49
3057922,30579.22
3057996,30579.96
3058073,30580.73
3058167,30581.67
3058273,30582.73
3058384,30583.84
3058497,30584.97
3058604,30586.04
3058713,30587.13
3058825,30588.25
3058932,30589.32
3059036,30590.36
3059135,30591.35
3059224,30592.24
3059309,30593.09
3059394,30593.94
3059481,30594.81
3059575,30595.75
3059687,30596.87
3059805,30598.05
3059925,30599.25
3060041,30600.41
3060155,30601.55
3060251,30602.51
3060338,30603.38
3060424,30604.24
3060518,30605.18
3060631,30606.31
3060751,30607.51
3060875,30608.75
3060993,30609.93
3061102,30611.02
3061200,30612.0
3061289,30612.89
3061371,30613.71
3061446,30614.46
3061519,30615.19
3061594,30615.94
3061670,30616.7
3061749,30617.49
3061829,30618.29
3061907,30619.07
3061990,30619.9
3062085,30620.85
3062191,30621.91
3062296,30622.96
3062400,30624.0
3062508,30625.08
3062619,30626.19
3062729,30627.29
3062838,30628.38
3062943,30629.43
3063048,30630.48
3063150,30631.5
3063253,30632.53
3063358,30633.58
3063450,30634.5
3063548,30635.48
3063655,30636.55
3063759,30637.59
3063857,30638.57
3063957,30639.57
3064060,30640.6
3064163,30641.63
3064266,30642.66
3064365,30643.65
3064468,30644.68
3064574,30645.74
3064680,30646.8
3064781,30647.81
3064878,30648.78
3064978,30649.78
3065090,30650.9
3065204,30652.04
3065315,30653.15
3065419,30654.19
3065520,30655.2
3065622,30656.22
3065728,30657.28
3065834,30658.34
3065941,30659.41
3066054,30660.54
3066166,30661.66
3066270,30662.7
3066375,30663.75
3066481,30664.81
3066590,30665.9
3066694,30666.94
3066800,30668.0
3066908,30669.08
3067016,30670.16
3067117,30671.17
3067218,30672.18
3067322,30673.22
3067425,30674.25
3067522,30675.22
3067622,30676.22
3067722,30677.22
3067826,30678.26
3067926,30679.26
3068027,30680.27
3068135,30681.35
3068243,30682.43
3068346,30683.46
3068448,30684.48
3068550,30685.5
3068650,30686.5
3068749,30687.49
3068854,30688.54
3068964,30689.64
3069075,30690.75
3069177,30691.77
3069272,30692.72
3069358,30693.58
3069442,30694.42
3069535,30695.35
3069641,30696.41
3069743,30697.43
3069847,30698.47
3069952,30699.52
3070061,30700.61
3070166,30701.66
3070267,30702.67
3070371,30703.71
3070480,30704.8
3070587,30705.87
3070690,30706.9
3070796,30707.96
3070899,30708.99
3071001,30710.01
3071096,30710.96
3071184,30711.84
3071271,30712.71
3071354,30713.54
3071434,30714.34
3071514,30715.14
3071594,30715.94
3071677,30716.77
3071794,30717.94
3071912,30719.12
3072031,30720.31
3072143,30721.43
3072256,30722.56
3072367,30723.67
3072474,30724.74
3072577,30725.77
3072681,30726.81
3072788,30727.88
3072896,30728.96
3073004,30730.04
3073115,30731.15
3073222,30732.22
3073311,30733.11
3073400,30734.0
3073508,30735.08
3073617,30736.17
3073714,30737.14
3073807,30738.07
3073906,30739.06
3074002,30740.02
3074098,30740.98
3074192,30741.92
3074278,30742.78
3074362,30743.62
3074440,30744.4
3074521,30745.21
3074598,30745.98
3074675,30746.75
3074751,30747.51
3074829,30748.29
3074907,30749.07
3074987,30749.87
3075082,30750.82
3075187,30751.87
3075291,30752.91
3075395,30753.95
3075489,30754.89
3075574,30755.74
3075657,30756.57
3075736,30757.36
3075815,30758.15
3075901,30759.01
3075993,30759.93
3076079,30760.79
3076174,30761.74
3076280,30762.8
3076382,30763.82
3076483,30764.83
3076578,30765.78
3076667,30766.67
3076760,30767.6
3076860,30768.6
3076958,30769.58
3077062,30770.62
3077162,30771.62
3077251,30772.51
3077337,30773.37
3077429,30774.29
3077527,30775.27
3077625,30776.25
3077732,30777.32
3077839,30778.39
3077933,30779.33
3078024,30780.24
3078107,30781.07
3078185,30781.85
3078261,30782.61
3078338,30783.38
3078424,30784.24
3078514,30785.14
3078601,30786.01
3078700,30787.0
3078786,30787.86
3078847,30788.47
3078923,30789.23
3079000,30790.0
3079072,30790.72
3079139,30791.39
3079193,30791.93
3079267,30792.67
3079341,30793.41
3079405,30794.05
3079473,30794.73
3079541,30795.41
3079612,30796.12
3079686,30796.86
3079762,30797.62
3079839,30798.39
3079920,30799.2
3079997,30799.97
3080060,30800.6
3080149,30801.49
3080213,30802.13
3080304,30803.04
3080380,30803.8
3080455,30804.55
3080528,30805.28
3080602,30806.02
3080682,30806.82
3080785,30807.85
3080883,30808.83
3080996,30809.96
3081099,30810.99
3081203,30812.03
3081314,30813.14
3081399,30813.99
3081487,30814.87
3081576,30815.76
3081632,30816.32
3081676,30816.76
3081750,30817.5
3081825,30818.25
3081890,30818.9
3081957,30819.57
3082025,30820.25
3082110,30821.1
3082182,30821.82
3082277,30822.77
