sample,time_sec
26759,267.59
26852,268.52
26973,269.73
27069,270.69
27374,273.74
27679,276.79
27918,279.18
28000,280.0
28063,280.63
28157,281.57
28209,282.09
28247,282.47
28325,283.25
28373,283.73
28426,284.26
28475,284.75
28524,285.24
28573,285.73
28627,286.27
28684,286.84
28757,287.57
28900,289.0
28973,289.73
29020,290.2
29077,290.77
29135,291.35
29171,291.71
29217,292.17
29260,292.6
29304,293.04
29360,293.6
29411,294.11
29536,295.36
60120,601.2
60194,601.94
60296,602.96
62192,621.92
64089,640.89
64747,647.47
65406,654.06
65480,654.8
65558,655.58
65615,656.15
65654,656.54
65699,656.99
65755,657.55
65810,658.1
65848,658.48
65930,659.3
66012,660.12
66090,660.9
66133,661.33
66201,662.01
66273,662.73
66352,663.52
66449,664.49
66507,665.07
66560,665.6
66595,665.95
66713,667.13
66876,668.76
66990,669.9
67139,671.39
67170,671.7
67221,672.21
67267,672.67
67298,672.98
67342,673.42
67428,674.28
67506,675.06
67564,675.64
67643,676.43
67739,677.39
67831,678.31
67914,679.14
67992,679.92
68068,680.68
68150,681.5
68206,682.06
68256,682.56
68363,683.63
68468,684.68
68572,685.72
68675,686.75
68777,687.77
68878,688.78
68977,689.77
69077,690.77
69179,691.79
69279,692.79
69381,693.81
69485,694.85
69588,695.88
69690,696.9
69792,697.92
69893,698.93
69993,699.93
70095,700.95
70200,702.0
70307,703.07
70415,704.15
70523,705.23
70628,706.28
70721,707.21
70809,708.09
70891,708.91
70969,709.69
71050,710.5
71137,711.37
71229,712.29
71327,713.27
71424,714.24
71513,715.13
71607,716.07
71702,717.02
71796,717.96
71886,718.86
71983,719.83
72083,720.83
72184,721.84
72279,722.79
72379,723.79
72483,724.83
72583,725.83
72678,726.78
72780,727.8
72883,728.83
72988,729.88
73088,730.88
73189,731.89
73292,732.92
73398,733.98
73499,734.99
73596,735.96
73697,736.97
73800,738.0
73901,739.01
74000,740.0
74100,741.0
74202,742.02
74301,743.01
74400,744.0
74500,745.0
74601,746.01
74700,747.0
74799,747.99
74898,748.98
74998,749.98
75093,750.93
75180,751.8
75265,752.65
75351,753.51
75439,754.39
75523,755.23
75614,756.14
75708,757.08
75803,758.03
75899,758.99
75990,759.9
76083,760.83
76175,761.75
76268,762.68
76356,763.56
76446,764.46
76538,765.38
76635,766.35
76724,767.24
76814,768.14
76909,769.09
77008,770.08
77105,771.05
77198,771.98
77296,772.96
77395,773.95
77491,774.91
77585,775.85
77684,776.84
77787,777.87
77887,778.87
77983,779.83
78082,780.82
78179,781.79
78273,782.73
78359,783.59
78448,784.48
78541,785.41
78637,786.37
78731,787.31
78829,788.29
78930,789.3
79034,790.34
79134,791.34
79237,792.37
79340,793.4
79439,794.39
79531,795.31
79624,796.24
79718,797.18
79807,798.07
79907,799.07
80005,800.05
80108,801.08
80196,801.96
80276,802.76
80353,803.53
80430,804.3
80511,805.11
80605,806.05
80702,807.02
80795,807.95
80888,808.88
80982,809.82
81074,810.74
81164,811.64
81247,812.47
81329,813.29
81414,814.14
81499,814.99
81592,815.92
81687,816.87
81778,817.78
81872,818.72
81972,819.72
82074,820.74
82172,821.72
82270,822.7
82371,823.71
82467,824.67
82557,825.57
82649,826.49
82748,827.48
82847,828.47
82942,829.42
83039,830.39
83136,831.36
83229,832.29
83316,833.16
83411,834.11
83511,835.11
83609,836.09
83699,836.99
83793,837.93
83890,838.9
83987,839.87
84078,840.78
84171,841.71
84270,842.7
84372,843.72
84471,844.71
84569,845.69
84668,846.68
84766,847.66
84864,848.64
84955,849.55
85052,850.52
85154,851.54
85253,852.53
85345,853.45
85440,854.4
85537,855.37
85635,856.35
85725,857.25
85812,858.12
85911,859.11
86016,860.16
86119,861.19
86207,862.07
86316,863.16
86426,864.26
86516,865.16
86621,866.21
86709,867.09
86798,867.98
86863,868.63
86929,869.29
86997,869.97
87066,870.66
87142,871.42
87218,872.18
87299,872.99
87383,873.83
87468,874.68
87531,875.31
87605,876.05
87688,876.88
87752,877.52
87817,878.17
87902,879.02
87988,879.88
88073,880.73
88155,881.55
88240,882.4
88329,883.29
88389,883.89
88450,884.5
88523,885.23
88596,885.96
88690,886.9
88787,887.87
88877,888.77
88959,889.59
89043,890.43
89140,891.4
89240,892.4
89338,893.38
89449,894.49
89560,895.6
89646,896.46
89732,897.32
89827,898.27
89917,899.17
90008,900.08
90100,901.0
90185,901.85
90271,902.71
90359,903.59
90440,904.4
90519,905.19
90597,905.97
90676,906.76
90762,907.62
90853,908.53
90943,909.43
91030,910.3
91119,911.19
91210,912.1
91298,912.98
91382,913.82
91468,914.68
91555,915.55
91641,916.41
91723,917.23
91802,918.02
91885,918.85
91965,919.65
92042,920.42
92123,921.23
92210,922.1
92302,923.02
92403,924.03
92506,925.06
92607,926.07
92704,927.04
92802,928.02
92902,929.02
92997,929.97
93091,930.91
93189,931.89
93289,932.89
93380,933.8
93473,934.73
93569,935.69
93662,936.62
93749,937.49
93831,938.31
93911,939.11
93988,939.88
94068,940.68
94152,941.52
94243,942.43
94331,943.31
94418,944.18
94509,945.09
94606,946.06
94702,947.02
94793,947.93
94886,948.86
94983,949.83
95082,950.82
95177,951.77
95280,952.8
95385,953.85
95488,954.88
95588,955.88
95692,956.92
95798,957.98
95907,959.07
96014,960.14
96118,961.18
96218,962.18
96317,963.17
96418,964.18
96521,965.21
96623,966.23
96720,967.2
96815,968.15
96915,969.15
97019,970.19
97123,971.23
97224,972.24
97327,973.27
97433,974.33
97538,975.38
97642,976.42
97745,977.45
97843,978.43
97944,979.44
98042,980.42
98138,981.38
98241,982.41
98348,983.48
98448,984.48
98533,985.33
98622,986.22
98708,987.08
98798,987.98
98905,989.05
99013,990.13
99124,991.24
99234,992.34
99342,993.42
99447,994.47
99549,995.49
99652,996.52
99759,997.59
99866,998.66
99972,999.72
100078,1000.78
100181,1001.81
100284,1002.84
100391,1003.91
100498,1004.98
100604,1006.04
100710,1007.1
100816,1008.16
100914,1009.14
101011,1010.11
101111,1011.11
101215,1012.15
101322,1013.22
101424,1014.24
101527,1015.27
101630,1016.3
101733,1017.33
101833,1018.33
101934,1019.34
102035,1020.35
102136,1021.36
102236,1022.36
102333,1023.33
102431,1024.31
102531,1025.31
102633,1026.33
102731,1027.31
102830,1028.3
102931,1029.31
103032,1030.32
103133,1031.33
103232,1032.32
103327,1033.27
103422,1034.22
103519,1035.19
103614,1036.14
103705,1037.05
103801,1038.01
103902,1039.02
104002,1040.02
104095,1040.95
104182,1041.82
104271,1042.71
104362,1043.62
104451,1044.51
104538,1045.38
104622,1046.22
104709,1047.09
104803,1048.03
104897,1048.97
104988,1049.88
105085,1050.85
105187,1051.87
105290,1052.9
105389,1053.89
105487,1054.87
105586,1055.86
105681,1056.81
105765,1057.65
105846,1058.46
105929,1059.29
106008,1060.08
106091,1060.91
106185,1061.85
106275,1062.75
106367,1063.67
106465,1064.65
106564,1065.64
106657,1066.57
106750,1067.5
106842,1068.42
106928,1069.28
107013,1070.13
107097,1070.97
107180,1071.8
107260,1072.6
107340,1073.4
107423,1074.23
107514,1075.14
107608,1076.08
107717,1077.17
107830,1078.3
107940,1079.4
108051,1080.51
108161,1081.61
108270,1082.7
108378,1083.78
108485,1084.85
108589,1085.89
108692,1086.92
108796,1087.96
108900,1089.0
109005,1090.05
109109,1091.09
109210,1092.1
109313,1093.13
109416,1094.16
109517,1095.17
109615,1096.15
109712,1097.12
109798,1097.98
109879,1098.79
109967,1099.67
110016,1100.16
110065,1100.65
110115,1101.15
110164,1101.64
110236,1102.36
110308,1103.08
110385,1103.85
110462,1104.62
110559,1105.59
110659,1106.59
110760,1107.6
110857,1108.57
110956,1109.56
111056,1110.56
111154,1111.54
111252,1112.52
111351,1113.51
111450,1114.5
111550,1115.5
111641,1116.41
111730,1117.3
111824,1118.24
111917,1119.17
112010,1120.1
112105,1121.05
112204,1122.04
112302,1123.02
112402,1124.02
112504,1125.04
112603,1126.03
112703,1127.03
112807,1128.07
112914,1129.14
113016,1130.16
113118,1131.18
113219,1132.19
113314,1133.14
113403,1134.03
113487,1134.87
113569,1135.69
113656,1136.56
113754,1137.54
113854,1138.54
113953,1139.53
114051,1140.51
114150,1141.5
114250,1142.5
114347,1143.47
114450,1144.5
114554,1145.54
114653,1146.53
114754,1147.54
114856,1148.56
114959,1149.59
115057,1150.57
115160,1151.6
115263,1152.63
115358,1153.58
115454,1154.54
115548,1155.48
115647,1156.47
115747,1157.47
115844,1158.44
115941,1159.41
116040,1160.4
116139,1161.39
116235,1162.35
116322,1163.22
116411,1164.11
116504,1165.04
116604,1166.04
116705,1167.05
116805,1168.05
116908,1169.08
117013,1170.13
117116,1171.16
117215,1172.15
117317,1173.17
117423,1174.23
117525,1175.25
117628,1176.28
117733,1177.33
117834,1178.34
117934,1179.34
118038,1180.38
118143,1181.43
118241,1182.41
118330,1183.3
118419,1184.19
118511,1185.11
118609,1186.09
118708,1187.08
118818,1188.18
118929,1189.29
119032,1190.32
119134,1191.34
119237,1192.37
119344,1193.44
119448,1194.48
119549,1195.49
119653,1196.53
119759,1197.59
119863,1198.63
119964,1199.64
120070,1200.7
120175,1201.75
120279,1202.79
120381,1203.81
120486,1204.86
120590,1205.9
120691,1206.91
120792,1207.92
120898,1208.98
121003,1210.03
121105,1211.05
121209,1212.09
121316,1213.16
121421,1214.21
121524,1215.24
121629,1216.29
121731,1217.31
121820,1218.2
121910,1219.1
121999,1219.99
122084,1220.84
122175,1221.75
122267,1222.67
122359,1223.59
122454,1224.54
122546,1225.46
122635,1226.35
122721,1227.21
122804,1228.04
122884,1228.84
122961,1229.61
123036,1230.36
123110,1231.1
123191,1231.91
123301,1233.01
123411,1234.11
123520,1235.2
123628,1236.28
123735,1237.35
123838,1238.38
123946,1239.46
124054,1240.54
124160,1241.6
124267,1242.67
124373,1243.73
124472,1244.72
124566,1245.66
124654,1246.54
124742,1247.42
124838,1248.38
124941,1249.41
125046,1250.46
125152,1251.52
125255,1252.55
125358,1253.58
125463,1254.63
125571,1255.71
125679,1256.79
125785,1257.85
125888,1258.88
125993,1259.93
126099,1260.99
126204,1262.04
126306,1263.06
126405,1264.05
126505,1265.05
126609,1266.09
126711,1267.11
126813,1268.13
126915,1269.15
127022,1270.22
127129,1271.29
127230,1272.3
127332,1273.32
127437,1274.37
127544,1275.44
127645,1276.45
127750,1277.5
127858,1278.58
127966,1279.66
128071,1280.71
128179,1281.79
128287,1282.87
128391,1283.91
128490,1284.9
128577,1285.77
128664,1286.64
128751,1287.51
128856,1288.56
128961,1289.61
129070,1290.7
129178,1291.78
129283,1292.83
129388,1293.88
129496,1294.96
129605,1296.05
129710,1297.1
129815,1298.15
129920,1299.2
130024,1300.24
130125,1301.25
130228,1302.28
130330,1303.3
130425,1304.25
130520,1305.2
130615,1306.15
130708,1307.08
130798,1307.98
130893,1308.93
130994,1309.94
131094,1310.94
131190,1311.9
131292,1312.92
131395,1313.95
131497,1314.97
131596,1315.96
131699,1316.99
131805,1318.05
131907,1319.07
132008,1320.08
132113,1321.13
132217,1322.17
132316,1323.16
132418,1324.18
132524,1325.24
132628,1326.28
132730,1327.3
132835,1328.35
132939,1329.39
133037,1330.37
133137,1331.37
133239,1332.39
133342,1333.42
133449,1334.49
133560,1335.6
133670,1336.7
133777,1337.77
133885,1338.85
133991,1339.91
134095,1340.95
134200,1342.0
134310,1343.1
134418,1344.18
134523,1345.23
134624,1346.24
134721,1347.21
134817,1348.17
134919,1349.19
135028,1350.28
135140,1351.4
135249,1352.49
135354,1353.54
135456,1354.56
135557,1355.57
135659,1356.59
135764,1357.64
135872,1358.72
135982,1359.82
136091,1360.91
136196,1361.96
136297,1362.97
136400,1364.0
136508,1365.08
136617,1366.17
136724,1367.24
136830,1368.3
136928,1369.28
137026,1370.26
137121,1371.21
137217,1372.17
137315,1373.15
137423,1374.23
137536,1375.36
137649,1376.49
137763,1377.63
137876,1378.76
137988,1379.88
138099,1380.99
138206,1382.06
138311,1383.11
138419,1384.19
138528,1385.28
138638,1386.38
138747,1387.47
138851,1388.51
138953,1389.53
139055,1390.55
139161,1391.61
139270,1392.7
139379,1393.79
139485,1394.85
139590,1395.9
139695,1396.95
139802,1398.02
139909,1399.09
140016,1400.16
140117,1401.17
140217,1402.17
140324,1403.24
140432,1404.32
140538,1405.38
140641,1406.41
140746,1407.46
140853,1408.53
140960,1409.6
141064,1410.64
141166,1411.66
141273,1412.73
141379,1413.79
141481,1414.81
141582,1415.82
141685,1416.85
141789,1417.89
141891,1418.91
141990,1419.9
142093,1420.93
142198,1421.98
142299,1422.99
142399,1423.99
142504,1425.04
142611,1426.11
142716,1427.16
142819,1428.19
142925,1429.25
143032,1430.32
143134,1431.34
143235,1432.35
143340,1433.4
143446,1434.46
143550,1435.5
143652,1436.52
143757,1437.57
143863,1438.63
143967,1439.67
144067,1440.67
144171,1441.71
144279,1442.79
144389,1443.89
144495,1444.95
144602,1446.02
144712,1447.12
144819,1448.19
144921,1449.21
145021,1450.21
145127,1451.27
145232,1452.32
145332,1453.32
145430,1454.3
145533,1455.33
145641,1456.41
145747,1457.47
145850,1458.5
145957,1459.57
146065,1460.65
146169,1461.69
146271,1462.71
146377,1463.77
146485,1464.85
146590,1465.9
146693,1466.93
146798,1467.98
146904,1469.04
147008,1470.08
147112,1471.12
147219,1472.19
147327,1473.27
147429,1474.29
147529,1475.29
147633,1476.33
147740,1477.4
147845,1478.45
147944,1479.44
148043,1480.43
148150,1481.5
148260,1482.6
148367,1483.67
148473,1484.73
148583,1485.83
148694,1486.94
148801,1488.01
148909,1489.09
149019,1490.19
149129,1491.29
149235,1492.35
149342,1493.42
149454,1494.54
149563,1495.63
149669,1496.69
149779,1497.79
149888,1498.88
149993,1499.93
150097,1500.97
150204,1502.04
150312,1503.12
150416,1504.16
150516,1505.16
150621,1506.21
150727,1507.27
150837,1508.37
150941,1509.41
151049,1510.49
151158,1511.58
151263,1512.63
151363,1513.63
151467,1514.67
151574,1515.74
151679,1516.79
151778,1517.78
151868,1518.68
151950,1519.5
152033,1520.33
152126,1521.26
152219,1522.19
152309,1523.09
152405,1524.05
152502,1525.02
152596,1525.96
152685,1526.85
152776,1527.76
152869,1528.69
152958,1529.58
153043,1530.43
153133,1531.33
153228,1532.28
153325,1533.25
153421,1534.21
153519,1535.19
153622,1536.22
153726,1537.26
153827,1538.27
153930,1539.3
154035,1540.35
154139,1541.39
154239,1542.39
154344,1543.44
154453,1544.53
154561,1545.61
154664,1546.64
154770,1547.7
154878,1548.78
154981,1549.81
155083,1550.83
155189,1551.89
155299,1552.99
155406,1554.06
155514,1555.14
155618,1556.18
155718,1557.18
155809,1558.09
155901,1559.01
155997,1559.97
156095,1560.95
156197,1561.97
156303,1563.03
156407,1564.07
156508,1565.08
156608,1566.08
156710,1567.1
156814,1568.14
156916,1569.16
157018,1570.18
157123,1571.23
157230,1572.3
157335,1573.35
157442,1574.42
157551,1575.51
157659,1576.59
157762,1577.62
157868,1578.68
157976,1579.76
158083,1580.83
158186,1581.86
158293,1582.93
158403,1584.03
158511,1585.11
158615,1586.15
158724,1587.24
158832,1588.32
158938,1589.38
159040,1590.4
159147,1591.47
159257,1592.57
159364,1593.64
159473,1594.73
159583,1595.83
159692,1596.92
159795,1597.95
159903,1599.03
160014,1600.14
160122,1601.22
160227,1602.27
160336,1603.36
160445,1604.45
160551,1605.51
160657,1606.57
160769,1607.69
160878,1608.78
160984,1609.84
161090,1610.9
161202,1612.02
161312,1613.12
161419,1614.19
161526,1615.26
161630,1616.3
161730,1617.3
161823,1618.23
161920,1619.2
162025,1620.25
162131,1621.31
162235,1622.35
162340,1623.4
162447,1624.47
162554,1625.54
162657,1626.57
162759,1627.59
162865,1628.65
162974,1629.74
163078,1630.78
163180,1631.8
163285,1632.85
163391,1633.91
163495,1634.95
163600,1636.0
163703,1637.03
163812,1638.12
163921,1639.21
164023,1640.23
164113,1641.13
164204,1642.04
164297,1642.97
164401,1644.01
164511,1645.11
164624,1646.24
164732,1647.32
164838,1648.38
164947,1649.47
165057,1650.57
165166,1651.66
165271,1652.71
165380,1653.8
165492,1654.92
165602,1656.02
165710,1657.1
165819,1658.19
165931,1659.31
166043,1660.43
166152,1661.52
166260,1662.6
166372,1663.72
166485,1664.85
166595,1665.95
166705,1667.05
166818,1668.18
166933,1669.33
167044,1670.44
167154,1671.54
167268,1672.68
167382,1673.82
167492,1674.92
167603,1676.03
167717,1677.17
167832,1678.32
167941,1679.41
168049,1680.49
168163,1681.63
168277,1682.77
168387,1683.87
168494,1684.94
168605,1686.05
168717,1687.17
168830,1688.3
168940,1689.4
169054,1690.54
169167,1691.67
169277,1692.77
169386,1693.86
169496,1694.96
169607,1696.07
169714,1697.14
169818,1698.18
169928,1699.28
170038,1700.38
170143,1701.43
170247,1702.47
170356,1703.56
170466,1704.66
170571,1705.71
170678,1706.78
170786,1707.86
170893,1708.93
170997,1709.97
171105,1711.05
171215,1712.15
171320,1713.2
171425,1714.25
171533,1715.33
171642,1716.42
171743,1717.43
171845,1718.45
171948,1719.48
172050,1720.5
172149,1721.49
172251,1722.51
172354,1723.54
172456,1724.56
172557,1725.57
172661,1726.61
172766,1727.66
172869,1728.69
172968,1729.68
173068,1730.68
173172,1731.72
173276,1732.76
173373,1733.73
173471,1734.71
173572,1735.72
173673,1736.73
173771,1737.71
173871,1738.71
173975,1739.75
174075,1740.75
174177,1741.77
174282,1742.82
174385,1743.85
174482,1744.82
174580,1745.8
174682,1746.82
174786,1747.86
174888,1748.88
174994,1749.94
175101,1751.01
175204,1752.04
175307,1753.07
175413,1754.13
175517,1755.17
175617,1756.17
175719,1757.19
175823,1758.23
175925,1759.25
176026,1760.26
176130,1761.3
176236,1762.36
176342,1763.42
176446,1764.46
176552,1765.52
176657,1766.57
176760,1767.6
176861,1768.61
176965,1769.65
177070,1770.7
177172,1771.72
177276,1772.76
177383,1773.83
177491,1774.91
177596,1775.96
177700,1777.0
177806,1778.06
177911,1779.11
178013,1780.13
178115,1781.15
178221,1782.21
178328,1783.28
178432,1784.32
178535,1785.35
178643,1786.43
178750,1787.5
178852,1788.52
178951,1789.51
179055,1790.55
179159,1791.59
179261,1792.61
179362,1793.62
179466,1794.66
179568,1795.68
179670,1796.7
179766,1797.66
179852,1798.52
179938,1799.38
180032,1800.32
180136,1801.36
180230,1802.3
180324,1803.24
180419,1804.19
180515,1805.15
180608,1806.08
180697,1806.97
180779,1807.79
180857,1808.57
180934,1809.34
181006,1810.06
181085,1810.85
181187,1811.87
181283,1812.83
181378,1813.78
181474,1814.74
181562,1815.62
181647,1816.47
181732,1817.32
181774,1817.74
181823,1818.23
181876,1818.76
181914,1819.14
181959,1819.59
181994,1819.94
182030,1820.3
182094,1820.94
182159,1821.59
182248,1822.48
182338,1823.38
182421,1824.21
182504,1825.04
182585,1825.85
182668,1826.68
182752,1827.52
182838,1828.38
182918,1829.18
182999,1829.99
183081,1830.81
183162,1831.62
183218,1832.18
183274,1832.74
183332,1833.32
183390,1833.9
183461,1834.61
183534,1835.34
183605,1836.05
183680,1836.8
183756,1837.56
183834,1838.34
183909,1839.09
183974,1839.74
184045,1840.45
184113,1841.13
184180,1841.8
184246,1842.46
184313,1843.13
184379,1843.79
184447,1844.47
184517,1845.17
184591,1845.91
184671,1846.71
184759,1847.59
184846,1848.46
184924,1849.24
185001,1850.01
185083,1850.83
185167,1851.67
185254,1852.54
185337,1853.37
185415,1854.15
185487,1854.87
185560,1855.6
185631,1856.31
185704,1857.04
185781,1857.81
185865,1858.65
185948,1859.48
186035,1860.35
186124,1861.24
186209,1862.09
186290,1862.9
186372,1863.72
186455,1864.55
186540,1865.4
186625,1866.25
186709,1867.09
186794,1867.94
186877,1868.77
186960,1869.6
187045,1870.45
187133,1871.33
187215,1872.15
187297,1872.97
187376,1873.76
187454,1874.54
187529,1875.29
187609,1876.09
187689,1876.89
187777,1877.77
187868,1878.68
187953,1879.53
188033,1880.33
188110,1881.1
188188,1881.88
188262,1882.62
188338,1883.38
188407,1884.07
188476,1884.76
188557,1885.57
188630,1886.3
188706,1887.06
188783,1887.83
188855,1888.55
188928,1889.28
189022,1890.22
189115,1891.15
189214,1892.14
189312,1893.12
189408,1894.08
189497,1894.97
189585,1895.85
189669,1896.69
189749,1897.49
189831,1898.31
189928,1899.28
190028,1900.28
190126,1901.26
190228,1902.28
190330,1903.3
190430,1904.3
190527,1905.27
190624,1906.24
190718,1907.18
190813,1908.13
190906,1909.06
191008,1910.08
191114,1911.14
191223,1912.23
191331,1913.31
191437,1914.37
191542,1915.42
191647,1916.47
191754,1917.54
191860,1918.6
191960,1919.6
192046,1920.46
192124,1921.24
192195,1921.95
192263,1922.63
192330,1923.3
192397,1923.97
192476,1924.76
192580,1925.8
192685,1926.85
192778,1927.78
192871,1928.71
192974,1929.74
193083,1930.83
193187,1931.87
193275,1932.75
193364,1933.64
193466,1934.66
193572,1935.72
193675,1936.75
193783,1937.83
193891,1938.91
193999,1939.99
194106,1941.06
194211,1942.11
194315,1943.15
194424,1944.24
194534,1945.34
194641,1946.41
194748,1947.48
194855,1948.55
194963,1949.63
195071,1950.71
195177,1951.77
195284,1952.84
195394,1953.94
195502,1955.02
195608,1956.08
195715,1957.15
195823,1958.23
195928,1959.28
196032,1960.32
196139,1961.39
196249,1962.49
196357,1963.57
196462,1964.62
196567,1965.67
196674,1966.74
196780,1967.8
196884,1968.84
196987,1969.87
197094,1970.94
197201,1972.01
197306,1973.06
197412,1974.12
197520,1975.2
197627,1976.27
197731,1977.31
197834,1978.34
197939,1979.39
198046,1980.46
198152,1981.52
198257,1982.57
198366,1983.66
198475,1984.75
198581,1985.81
198684,1986.84
198790,1987.9
198897,1988.97
199002,1990.02
199106,1991.06
199213,1992.13
199320,1993.2
199426,1994.26
199531,1995.31
199637,1996.37
199742,1997.42
199844,1998.44
199948,1999.48
200053,2000.53
200158,2001.58
200259,2002.59
200364,2003.64
200470,2004.7
200573,2005.73
200673,2006.73
200776,2007.76
200881,2008.81
200983,2009.83
201081,2010.81
201181,2011.81
201283,2012.83
201381,2013.81
201479,2014.79
201581,2015.81
201683,2016.83
201784,2017.84
201882,2018.82
201983,2019.83
202088,2020.88
202188,2021.88
202285,2022.85
202386,2023.86
202487,2024.87
202586,2025.86
202688,2026.88
202792,2027.92
202896,2028.96
202995,2029.95
203095,2030.95
203194,2031.94
203294,2032.94
203391,2033.91
203491,2034.91
203593,2035.93
203695,2036.95
203794,2037.94
203896,2038.96
204000,2040.0
204103,2041.03
204203,2042.03
204304,2043.04
204406,2044.06
204505,2045.05
204600,2046.0
204696,2046.96
204780,2047.8
204864,2048.64
204952,2049.52
205042,2050.42
205141,2051.41
205240,2052.4
205339,2053.39
205436,2054.36
205534,2055.34
205633,2056.33
205725,2057.25
205817,2058.17
205912,2059.12
206015,2060.15
206115,2061.15
206216,2062.16
206321,2063.21
206426,2064.26
206527,2065.27
206631,2066.31
206737,2067.37
206839,2068.39
206939,2069.39
207041,2070.41
207148,2071.48
207253,2072.53
207356,2073.56
207462,2074.62
207570,2075.7
207676,2076.76
207779,2077.79
207885,2078.85
207992,2079.92
208097,2080.97
208202,2082.02
208307,2083.07
208414,2084.14
208515,2085.15
208617,2086.17
208721,2087.21
208829,2088.29
208933,2089.33
209040,2090.4
209148,2091.48
209254,2092.54
209359,2093.59
209467,2094.67
209577,2095.77
209683,2096.83
209788,2097.88
209898,2098.98
210009,2100.09
210115,2101.15
210221,2102.21
210329,2103.29
210436,2104.36
210542,2105.42
210649,2106.49
210758,2107.58
210863,2108.63
210969,2109.69
211077,2110.77
211185,2111.85
211290,2112.9
211397,2113.97
211507,2115.07
211614,2116.14
211717,2117.17
211823,2118.23
211931,2119.31
212037,2120.37
212142,2121.42
212249,2122.49
212355,2123.55
212459,2124.59
212563,2125.63
212668,2126.68
212774,2127.74
212876,2128.76
212982,2129.82
213090,2130.9
213193,2131.93
213294,2132.94
213398,2133.98
213503,2135.03
213603,2136.03
213707,2137.07
213813,2138.13
213919,2139.19
214020,2140.2
214124,2141.24
214229,2142.29
214331,2143.31
214431,2144.31
214535,2145.35
214641,2146.41
214744,2147.44
214848,2148.48
214955,2149.55
215061,2150.61
215164,2151.64
215270,2152.7
215378,2153.78
215483,2154.83
215589,2155.89
215695,2156.95
215799,2157.99
215900,2159.0
216002,2160.02
216109,2161.09
216213,2162.13
216314,2163.14
216418,2164.18
216524,2165.24
216628,2166.28
216732,2167.32
216840,2168.4
216948,2169.48
217053,2170.53
217158,2171.58
217265,2172.65
217374,2173.74
217480,2174.8
217584,2175.84
217689,2176.89
217795,2177.95
217898,2178.98
217997,2179.97
218099,2180.99
218206,2182.06
218313,2183.13
218418,2184.18
218525,2185.25
218633,2186.33
218739,2187.39
218841,2188.41
218946,2189.46
219054,2190.54
219161,2191.61
219265,2192.65
219373,2193.73
219482,2194.82
219589,2195.89
219695,2196.95
219801,2198.01
219907,2199.07
220011,2200.11
220113,2201.13
220221,2202.21
220330,2203.3
220436,2204.36
220541,2205.41
220647,2206.47
220751,2207.51
220851,2208.51
220955,2209.55
221064,2210.64
221172,2211.72
221276,2212.76
221384,2213.84
221494,2214.94
221598,2215.98
221700,2217.0
221812,2218.12
221924,2219.24
222030,2220.3
222134,2221.34
222243,2222.43
222353,2223.53
222459,2224.59
222563,2225.63
222671,2226.71
222778,2227.78
222882,2228.82
222984,2229.84
223090,2230.9
223199,2231.99
223303,2233.03
223407,2234.07
223514,2235.14
223620,2236.2
223723,2237.23
223827,2238.27
223934,2239.34
224041,2240.41
224143,2241.43
224249,2242.49
224355,2243.55
224457,2244.57
224555,2245.55
224660,2246.6
224768,2247.68
224871,2248.71
224973,2249.73
225079,2250.79
225186,2251.86
225289,2252.89
225391,2253.91
225496,2254.96
225602,2256.02
225701,2257.01
225798,2257.98
225901,2259.01
226007,2260.07
226114,2261.14
226216,2262.16
226322,2263.22
226432,2264.32
226540,2265.4
226642,2266.42
226745,2267.45
226848,2268.48
226949,2269.49
227047,2270.47
227151,2271.51
227256,2272.56
227359,2273.59
227464,2274.64
227570,2275.7
227675,2276.75
227775,2277.75
227878,2278.78
227983,2279.83
228086,2280.86
228187,2281.87
228291,2282.91
228395,2283.95
228495,2284.95
228595,2285.95
228698,2286.98
228796,2287.96
228893,2288.93
228996,2289.96
229102,2291.02
229205,2292.05
229303,2293.03
229406,2294.06
229510,2295.1
229612,2296.12
229709,2297.09
229812,2298.12
229919,2299.19
230020,2300.2
230113,2301.13
230206,2302.06
230298,2302.98
230387,2303.87
230476,2304.76
230577,2305.77
230688,2306.88
230797,2307.97
230902,2309.02
231009,2310.09
231116,2311.16
231220,2312.2
231323,2313.23
231424,2314.24
231520,2315.2
231620,2316.2
231726,2317.26
231833,2318.33
231936,2319.36
232035,2320.35
232137,2321.37
232241,2322.41
232342,2323.42
232437,2324.37
232535,2325.35
232631,2326.31
232722,2327.22
232810,2328.1
232899,2328.99
232990,2329.9
233085,2330.85
233184,2331.84
233291,2332.91
233399,2333.99
233494,2334.94
233582,2335.82
233676,2336.76
233773,2337.73
233878,2338.78
233989,2339.89
234096,2340.96
234200,2342.0
234307,2343.07
234417,2344.17
234523,2345.23
234633,2346.33
234744,2347.44
234853,2348.53
234957,2349.57
235067,2350.67
235177,2351.77
235284,2352.84
235388,2353.88
235493,2354.93
235601,2356.01
235705,2357.05
235810,2358.1
235919,2359.19
236027,2360.27
236131,2361.31
236232,2362.32
236338,2363.38
236448,2364.48
236553,2365.53
236653,2366.53
236750,2367.5
236845,2368.45
236936,2369.36
237020,2370.2
237104,2371.04
237193,2371.93
237304,2373.04
237416,2374.16
237528,2375.28
237645,2376.45
237762,2377.62
237876,2378.76
237987,2379.87
238098,2380.98
238208,2382.08
238312,2383.12
238416,2384.16
238522,2385.22
238627,2386.27
238731,2387.31
238840,2388.4
238950,2389.5
239057,2390.57
239159,2391.59
239261,2392.61
239366,2393.66
239472,2394.72
239573,2395.73
239676,2396.76
239780,2397.8
239871,2398.71
239956,2399.56
240040,2400.4
240126,2401.26
240228,2402.28
240331,2403.31
240421,2404.21
240512,2405.12
240607,2406.07
240709,2407.09
240811,2408.11
240918,2409.18
241030,2410.3
241140,2411.4
241247,2412.47
241353,2413.53
241465,2414.65
241575,2415.75
241681,2416.81
241783,2417.83
241885,2418.85
241989,2419.89
242093,2420.93
242194,2421.94
242291,2422.91
242389,2423.89
242484,2424.84
242571,2425.71
242651,2426.51
242730,2427.3
242807,2428.07
242884,2428.84
242984,2429.84
243093,2430.93
243202,2432.02
243318,2433.18
243434,2434.34
243547,2435.47
243660,2436.6
243767,2437.67
243874,2438.74
243989,2439.89
244105,2441.05
244216,2442.16
244324,2443.24
244435,2444.35
244546,2445.46
244655,2446.55
244761,2447.61
244862,2448.62
244968,2449.68
245072,2450.72
245169,2451.69
245258,2452.58
245353,2453.53
245466,2454.66
245581,2455.81
245691,2456.91
245802,2458.02
245913,2459.13
246019,2460.19
246115,2461.15
246205,2462.05
246300,2463.0
246409,2464.09
246519,2465.19
246627,2466.27
246742,2467.42
246858,2468.58
246973,2469.73
247084,2470.84
247193,2471.93
247304,2473.04
247414,2474.14
247523,2475.23
247627,2476.27
247730,2477.3
247834,2478.34
247941,2479.41
248049,2480.49
248153,2481.53
248252,2482.52
248351,2483.51
248451,2484.51
248553,2485.53
248653,2486.53
248752,2487.52
248861,2488.61
248971,2489.71
249081,2490.81
249187,2491.87
249293,2492.93
249407,2494.07
249520,2495.2
249628,2496.28
249727,2497.27
249831,2498.31
249937,2499.37
250044,2500.44
250148,2501.48
250257,2502.57
250367,2503.67
250473,2504.73
250575,2505.75
250677,2506.77
250781,2507.81
250885,2508.85
250985,2509.85
251082,2510.82
251188,2511.88
251299,2512.99
251409,2514.09
251513,2515.13
251619,2516.19
251727,2517.27
251833,2518.33
251936,2519.36
252036,2520.36
252142,2521.42
252248,2522.48
252348,2523.48
252450,2524.5
252564,2525.64
252678,2526.78
252786,2527.86
252891,2528.91
252998,2529.98
253109,2531.09
253216,2532.16
253319,2533.19
253426,2534.26
253536,2535.36
253646,2536.46
253754,2537.54
253860,2538.6
253972,2539.72
254084,2540.84
254193,2541.93
254295,2542.95
254400,2544.0
254505,2545.05
254610,2546.1
254714,2547.14
254820,2548.2
254930,2549.3
255035,2550.35
255135,2551.35
255237,2552.37
255345,2553.45
255455,2554.55
255562,2555.62
255663,2556.63
255767,2557.67
255872,2558.72
255975,2559.75
256075,2560.75
256177,2561.77
256286,2562.86
256395,2563.95
256501,2565.01
256602,2566.02
256705,2567.05
256812,2568.12
256921,2569.21
257027,2570.27
257131,2571.31
257240,2572.4
257351,2573.51
257460,2574.6
257564,2575.64
257673,2576.73
257784,2577.84
257897,2578.97
258004,2580.04
258107,2581.07
258213,2582.13
258321,2583.21
258428,2584.28
258529,2585.29
258630,2586.3
258739,2587.39
258848,2588.48
258953,2589.53
259052,2590.52
259153,2591.53
259256,2592.56
259358,2593.58
259460,2594.6
259558,2595.58
259658,2596.58
259763,2597.63
259863,2598.63
259960,2599.6
260067,2600.67
260176,2601.76
260285,2602.85
260389,2603.89
260498,2604.98
260607,2606.07
260710,2607.1
260808,2608.08
260911,2609.11
261021,2610.21
261132,2611.32
261239,2612.39
261340,2613.4
261439,2614.39
261542,2615.42
261644,2616.44
261744,2617.44
261844,2618.44
261953,2619.53
262068,2620.68
262178,2621.78
262286,2622.86
262396,2623.96
262511,2625.11
262625,2626.25
262736,2627.36
262843,2628.43
262955,2629.55
263069,2630.69
263181,2631.81
263287,2632.87
263395,2633.95
263506,2635.06
263618,2636.18
263726,2637.26
263834,2638.34
263944,2639.44
264053,2640.53
264160,2641.6
264264,2642.64
264370,2643.7
264477,2644.77
264579,2645.79
264676,2646.76
264771,2647.71
264874,2648.74
264952,2649.52
265030,2650.3
265136,2651.36
265240,2652.4
265343,2653.43
265453,2654.53
265565,2655.65
265672,2656.72
265776,2657.76
265887,2658.87
265999,2659.99
266106,2661.06
266209,2662.09
266309,2663.09
266421,2664.21
266532,2665.32
266641,2666.41
266747,2667.47
266855,2668.55
266965,2669.65
267076,2670.76
267185,2671.85
267293,2672.93
267408,2674.08
267522,2675.22
267634,2676.34
267742,2677.42
267855,2678.55
267970,2679.7
268083,2680.83
268193,2681.93
268303,2683.03
268415,2684.15
268528,2685.28
268640,2686.4
268748,2687.48
268855,2688.55
268960,2689.6
269064,2690.64
269167,2691.67
269269,2692.69
269368,2693.68
269473,2694.73
269580,2695.8
269687,2696.87
269788,2697.88
269888,2698.88
269986,2699.86
270093,2700.93
270203,2702.03
270308,2703.08
270411,2704.11
270515,2705.15
270625,2706.25
270733,2707.33
270836,2708.36
270937,2709.37
271041,2710.41
271148,2711.48
271251,2712.51
271353,2713.53
271458,2714.58
271566,2715.66
271671,2716.71
271773,2717.73
271878,2718.78
271984,2719.84
272089,2720.89
272195,2721.95
272297,2722.97
272404,2724.04
272514,2725.14
272625,2726.25
272733,2727.33
272839,2728.39
272954,2729.54
273070,2730.7
273184,2731.84
273293,2732.93
273405,2734.05
273518,2735.18
273630,2736.3
273736,2737.36
273840,2738.4
273947,2739.47
274057,2740.57
274166,2741.66
274270,2742.7
274373,2743.73
274479,2744.79
274588,2745.88
274693,2746.93
274796,2747.96
274900,2749.0
275006,2750.06
275112,2751.12
275213,2752.13
275310,2753.1
275412,2754.12
275515,2755.15
275617,2756.17
275718,2757.18
275812,2758.12
275920,2759.2
276029,2760.29
276132,2761.32
276230,2762.3
276322,2763.22
276422,2764.22
276529,2765.29
276638,2766.38
276742,2767.42
276842,2768.42
276952,2769.52
277061,2770.61
277168,2771.68
277270,2772.7
277376,2773.76
277486,2774.86
277599,2775.99
277707,2777.07
277811,2778.11
277921,2779.21
278035,2780.35
278147,2781.47
278256,2782.56
278360,2783.6
278467,2784.67
278577,2785.77
278688,2786.88
278794,2787.94
278895,2788.95
278998,2789.98
279106,2791.06
279215,2792.15
279320,2793.2
279420,2794.2
279523,2795.23
279636,2796.36
279750,2797.5
279863,2798.63
279971,2799.71
280082,2800.82
280195,2801.95
280305,2803.05
280412,2804.12
280514,2805.14
280618,2806.18
280726,2807.26
280832,2808.32
280937,2809.37
281038,2810.38
281143,2811.43
281251,2812.51
281362,2813.62
281469,2814.69
281574,2815.74
281682,2816.82
281791,2817.91
281898,2818.98
282000,2820.0
282101,2821.01
282206,2822.06
282312,2823.12
282417,2824.17
282518,2825.18
282622,2826.22
282727,2827.27
282831,2828.31
282930,2829.3
283025,2830.25
283130,2831.3
283239,2832.39
283348,2833.48
283451,2834.51
283555,2835.55
283661,2836.61
283770,2837.7
283874,2838.74
283977,2839.77
284087,2840.87
284196,2841.96
284304,2843.04
284409,2844.09
284520,2845.2
284636,2846.36
284749,2847.49
284856,2848.56
284967,2849.67
285081,2850.81
285194,2851.94
285302,2853.02
285409,2854.09
285518,2855.18
285626,2856.26
285732,2857.32
285834,2858.34
285933,2859.33
286037,2860.37
286144,2861.44
286249,2862.49
286349,2863.49
286453,2864.53
286560,2865.6
286666,2866.66
286766,2867.66
286861,2868.61
286962,2869.62
287064,2870.64
287168,2871.68
287270,2872.7
287372,2873.72
287481,2874.81
287587,2875.87
287690,2876.9
287789,2877.89
287885,2878.85
287984,2879.84
288086,2880.86
288187,2881.87
288287,2882.87
288390,2883.9
288496,2884.96
288603,2886.03
288706,2887.06
288805,2888.05
288907,2889.07
289012,2890.12
289114,2891.14
289214,2892.14
289319,2893.19
289421,2894.21
289525,2895.25
289627,2896.27
289731,2897.31
289843,2898.43
289958,2899.58
290070,2900.7
290177,2901.77
290289,2902.89
290401,2904.01
290510,2905.1
290617,2906.17
290726,2907.26
290835,2908.35
290945,2909.45
291050,2910.5
291150,2911.5
291249,2912.49
291349,2913.49
291453,2914.53
291557,2915.57
291658,2916.58
291765,2917.65
291873,2918.73
291977,2919.77
292079,2920.79
292186,2921.86
292295,2922.95
292403,2924.03
292506,2925.06
292614,2926.14
292725,2927.25
292835,2928.35
292940,2929.4
293042,2930.42
293149,2931.49
293258,2932.58
293363,2933.63
293464,2934.64
293562,2935.62
293662,2936.62
293765,2937.65
293866,2938.66
293964,2939.64
294068,2940.68
294178,2941.78
294287,2942.87
294390,2943.9
294496,2944.96
294608,2946.08
294719,2947.19
294828,2948.28
294934,2949.34
295043,2950.43
295156,2951.56
295266,2952.66
295373,2953.73
295475,2954.75
295581,2955.81
295688,2956.88
295796,2957.96
295900,2959.0
296002,2960.02
296110,2961.1
296219,2962.19
296324,2963.24
296424,2964.24
296527,2965.27
296633,2966.33
296738,2967.38
296838,2968.38
296938,2969.38
297044,2970.44
297154,2971.54
297259,2972.59
297360,2973.6
297465,2974.65
297572,2975.72
297675,2976.75
297775,2977.75
297874,2978.74
297977,2979.77
298077,2980.77
298172,2981.72
298271,2982.71
298374,2983.74
298480,2984.8
298582,2985.82
298682,2986.82
298787,2987.87
298895,2988.95
299001,2990.01
299104,2991.04
299210,2992.1
299320,2993.2
299428,2994.28
299532,2995.32
299638,2996.38
299749,2997.49
299858,2998.58
299964,2999.64
300064,3000.64
300168,3001.68
300275,3002.75
300383,3003.83
300489,3004.89
300594,3005.94
300702,3007.02
300810,3008.1
300915,3009.15
301017,3010.17
301123,3011.23
301230,3012.3
301335,3013.35
301438,3014.38
301538,3015.38
301643,3016.43
301750,3017.5
301855,3018.55
301954,3019.54
302053,3020.53
302158,3021.58
302266,3022.66
302372,3023.72
302474,3024.74
302580,3025.8
302686,3026.86
302790,3027.9
302890,3028.9
302990,3029.9
303096,3030.96
303205,3032.05
303311,3033.11
303414,3034.14
303517,3035.17
303624,3036.24
303730,3037.3
303833,3038.33
303937,3039.37
304044,3040.44
304154,3041.54
304261,3042.61
304364,3043.64
304471,3044.71
304579,3045.79
304685,3046.85
304787,3047.87
304889,3048.89
304996,3049.96
305105,3051.05
305210,3052.1
305317,3053.17
305429,3054.29
305542,3055.42
305651,3056.51
305755,3057.55
305865,3058.65
305975,3059.75
306082,3060.82
306185,3061.85
306288,3062.88
306394,3063.94
306503,3065.03
306608,3066.08
306709,3067.09
306816,3068.16
306927,3069.27
307035,3070.35
307140,3071.4
307247,3072.47
307357,3073.57
307463,3074.63
307567,3075.67
307670,3076.7
307775,3077.75
307880,3078.8
307983,3079.83
308083,3080.83
308189,3081.89
308299,3082.99
308408,3084.08
308513,3085.13
308621,3086.21
308729,3087.29
308836,3088.36
308939,3089.39
309043,3090.43
309152,3091.52
309263,3092.63
309371,3093.71
309475,3094.75
309581,3095.81
309690,3096.9
309797,3097.97
309899,3098.99
310004,3100.04
310111,3101.11
310217,3102.17
310320,3103.2
310421,3104.21
310530,3105.3
310638,3106.38
310742,3107.42
310843,3108.43
310951,3109.51
311061,3110.61
311167,3111.67
311270,3112.7
311372,3113.72
311474,3114.74
311576,3115.76
311678,3116.78
311778,3117.78
311883,3118.83
311991,3119.91
312098,3120.98
312202,3122.02
312306,3123.06
312415,3124.15
312526,3125.26
312634,3126.34
312737,3127.37
312846,3128.46
312956,3129.56
313059,3130.59
313159,3131.59
313264,3132.64
313372,3133.72
313478,3134.78
313581,3135.81
313689,3136.89
313797,3137.97
313903,3139.03
314006,3140.06
314112,3141.12
314220,3142.2
314326,3143.26
314429,3144.29
314530,3145.3
314639,3146.39
314748,3147.48
314855,3148.55
314958,3149.58
315064,3150.64
315172,3151.72
315279,3152.79
315381,3153.81
315486,3154.86
315596,3155.96
315706,3157.06
315809,3158.09
315914,3159.14
316021,3160.21
316128,3161.28
316232,3162.32
316334,3163.34
316438,3164.38
316546,3165.46
316655,3166.55
316760,3167.6
316861,3168.61
316966,3169.66
317075,3170.75
317183,3171.83
317286,3172.86
317389,3173.89
317495,3174.95
317602,3176.02
317706,3177.06
317807,3178.07
317914,3179.14
318023,3180.23
318132,3181.32
318238,3182.38
318340,3183.4
318448,3184.48
318556,3185.56
318661,3186.61
318762,3187.62
318864,3188.64
318969,3189.69
319075,3190.75
319179,3191.79
319282,3192.82
319391,3193.91
319500,3195.0
319607,3196.07
319710,3197.1
319816,3198.16
319924,3199.24
320032,3200.32
320135,3201.35
320237,3202.37
320345,3203.45
320453,3204.53
320558,3205.58
320657,3206.57
320757,3207.57
320861,3208.61
320964,3209.64
321067,3210.67
321164,3211.64
321267,3212.67
321374,3213.74
321480,3214.8
321583,3215.83
321683,3216.83
321790,3217.9
321898,3218.98
322004,3220.04
322105,3221.05
322211,3222.11
322319,3223.19
322424,3224.24
322525,3225.25
322624,3226.24
322730,3227.3
322837,3228.37
322939,3229.39
323045,3230.45
323153,3231.53
323261,3232.61
323366,3233.66
323466,3234.66
323571,3235.71
323678,3236.78
323782,3237.82
323882,3238.82
323983,3239.83
324093,3240.93
324204,3242.04
324310,3243.1
324412,3244.12
324517,3245.17
324623,3246.23
324729,3247.29
324831,3248.31
324929,3249.29
325032,3250.32
325138,3251.38
325241,3252.41
325341,3253.41
325442,3254.42
325548,3255.48
325654,3256.54
325757,3257.57
325856,3258.56
325959,3259.59
326066,3260.66
326170,3261.7
326271,3262.71
326373,3263.73
326482,3264.82
326590,3265.9
326693,3266.93
326794,3267.94
326900,3269.0
327007,3270.07
327112,3271.12
327213,3272.13
327317,3273.17
327423,3274.23
327527,3275.27
327627,3276.27
327729,3277.29
327835,3278.35
327942,3279.42
328041,3280.41
328142,3281.42
328242,3282.42
328340,3283.4
328436,3284.36
328535,3285.35
328641,3286.41
328748,3287.48
328853,3288.53
328958,3289.58
329069,3290.69
329178,3291.78
329286,3292.86
329389,3293.89
329491,3294.91
329596,3295.96
329702,3297.02
329803,3298.03
329906,3299.06
330015,3300.15
330126,3301.26
330232,3302.32
330335,3303.35
330440,3304.4
330549,3305.49
330658,3306.58
330758,3307.58
330858,3308.58
330962,3309.62
331070,3310.7
331176,3311.76
331278,3312.78
331384,3313.84
331492,3314.92
331600,3316.0
331708,3317.08
331813,3318.13
331915,3319.15
332022,3320.22
332129,3321.29
332235,3322.35
332336,3323.36
332438,3324.38
332547,3325.47
332658,3326.58
332769,3327.69
332872,3328.72
332979,3329.79
333089,3330.89
333200,3332.0
333308,3333.08
333412,3334.12
333520,3335.2
333632,3336.32
333743,3337.43
333852,3338.52
333957,3339.57
334065,3340.65
334177,3341.77
334287,3342.87
334391,3343.91
334492,3344.92
334595,3345.95
334702,3347.02
334809,3348.09
334910,3349.1
335007,3350.07
335108,3351.08
335212,3352.12
335316,3353.16
335415,3354.15
335516,3355.16
335620,3356.2
335726,3357.26
335831,3358.31
335932,3359.32
336034,3360.34
336144,3361.44
336252,3362.52
336357,3363.57
336458,3364.58
336563,3365.63
336671,3366.71
336778,3367.78
336882,3368.82
336987,3369.87
337095,3370.95
337204,3372.04
337311,3373.11
337416,3374.16
337519,3375.19
337624,3376.24
337729,3377.29
337832,3378.32
337931,3379.31
338032,3380.32
338139,3381.39
338246,3382.46
338348,3383.48
338446,3384.46
338549,3385.49
338656,3386.56
338761,3387.61
338862,3388.62
338968,3389.68
339078,3390.78
339188,3391.88
339293,3392.93
339401,3394.01
339511,3395.11
339620,3396.2
339725,3397.25
339829,3398.29
339936,3399.36
340045,3400.45
340152,3401.52
340255,3402.55
340359,3403.59
340465,3404.65
340571,3405.71
340675,3406.75
340776,3407.76
340883,3408.83
340993,3409.93
341102,3411.02
341205,3412.05
341305,3413.05
341408,3414.08
341513,3415.13
341617,3416.17
341719,3417.19
341822,3418.22
341933,3419.33
342044,3420.44
342151,3421.51
342255,3422.55
342362,3423.62
342473,3424.73
342582,3425.82
342686,3426.86
342787,3427.87
342893,3428.93
343001,3430.01
343107,3431.07
343208,3432.08
343313,3433.13
343419,3434.19
343525,3435.25
343631,3436.31
343733,3437.33
343832,3438.32
343934,3439.34
344037,3440.37
344139,3441.39
344238,3442.38
344339,3443.39
344445,3444.45
344551,3445.51
344654,3446.54
344758,3447.58
344864,3448.64
344971,3449.71
345077,3450.77
345176,3451.76
345279,3452.79
345386,3453.86
345495,3454.95
345601,3456.01
345703,3457.03
345807,3458.07
345915,3459.15
346024,3460.24
346128,3461.28
346227,3462.27
346330,3463.3
346435,3464.35
346540,3465.4
346642,3466.42
346743,3467.43
346849,3468.49
346954,3469.54
347056,3470.56
347157,3471.57
347262,3472.62
347370,3473.7
347474,3474.74
347575,3475.75
347684,3476.84
347793,3477.93
347902,3479.02
348006,3480.06
348113,3481.13
348223,3482.23
348332,3483.32
348437,3484.37
348545,3485.45
348654,3486.54
348762,3487.62
348866,3488.66
348968,3489.68
349074,3490.74
349180,3491.8
349286,3492.86
349385,3493.85
349488,3494.88
349596,3495.96
349706,3497.06
349813,3498.13
349916,3499.16
350020,3500.2
350126,3501.26
350234,3502.34
350336,3503.36
350438,3504.38
350543,3505.43
350650,3506.5
350756,3507.56
350860,3508.6
350964,3509.64
351071,3510.71
351179,3511.79
351280,3512.8
351380,3513.8
351485,3514.85
351592,3515.92
351695,3516.95
351794,3517.94
351894,3518.94
352000,3520.0
352108,3521.08
352213,3522.13
352317,3523.17
352427,3524.27
352537,3525.37
352645,3526.45
352746,3527.46
352851,3528.51
352959,3529.59
353066,3530.66
353171,3531.71
353271,3532.71
353375,3533.75
353482,3534.82
353589,3535.89
353691,3536.91
353787,3537.87
353888,3538.88
353993,3539.93
354098,3540.98
354202,3542.02
354303,3543.03
354410,3544.1
354519,3545.19
354625,3546.25
354727,3547.27
354832,3548.32
354940,3549.4
355050,3550.5
355156,3551.56
355257,3552.57
355364,3553.64
355473,3554.73
355582,3555.82
355687,3556.87
355788,3557.88
355896,3558.96
356004,3560.04
356112,3561.12
356217,3562.17
356323,3563.23
356432,3564.32
356536,3565.36
356634,3566.34
356734,3567.34
356840,3568.4
356946,3569.46
357048,3570.48
357151,3571.51
357255,3572.55
357359,3573.59
357459,3574.59
357558,3575.58
357662,3576.62
357769,3577.69
357874,3578.74
357976,3579.76
358086,3580.86
358195,3581.95
358301,3583.01
358406,3584.06
358511,3585.11
358617,3586.17
358724,3587.24
358825,3588.25
358928,3589.28
359035,3590.35
359143,3591.43
359248,3592.48
359348,3593.48
359453,3594.53
359559,3595.59
359667,3596.67
359771,3597.71
359870,3598.7
359978,3599.78
360085,3600.85
360189,3601.89
360289,3602.89
360395,3603.95
360503,3605.03
360610,3606.1
360713,3607.13
360816,3608.16
360924,3609.24
361033,3610.33
361139,3611.39
361240,3612.4
361346,3613.46
361455,3614.55
361564,3615.64
361667,3616.67
361770,3617.7
361879,3618.79
361989,3619.89
362096,3620.96
362200,3622.0
362308,3623.08
362416,3624.16
362523,3625.23
362627,3626.27
362729,3627.29
362835,3628.35
362942,3629.42
363043,3630.43
363141,3631.41
363247,3632.47
363353,3633.53
363459,3634.59
363562,3635.62
363664,3636.64
363771,3637.71
363879,3638.79
363986,3639.86
364089,3640.89
364193,3641.93
364297,3642.97
364401,3644.01
364503,3645.03
364602,3646.02
364705,3647.05
364810,3648.1
364917,3649.17
365018,3650.18
365120,3651.2
365227,3652.27
365334,3653.34
365441,3654.41
365543,3655.43
365648,3656.48
365754,3657.54
365858,3658.58
365962,3659.62
366067,3660.67
366173,3661.73
366280,3662.8
366385,3663.85
366491,3664.91
366602,3666.02
366711,3667.11
366820,3668.2
366924,3669.24
367029,3670.29
367137,3671.37
367246,3672.46
367351,3673.51
367452,3674.52
367557,3675.57
367664,3676.64
367770,3677.7
367872,3678.72
367977,3679.77
368081,3680.81
368183,3681.83
368284,3682.84
368389,3683.89
368499,3684.99
368607,3686.07
368712,3687.12
368820,3688.2
368931,3689.31
369042,3690.42
369148,3691.48
369253,3692.53
369362,3693.62
369471,3694.71
369578,3695.78
369680,3696.8
369786,3697.86
369894,3698.94
370001,3700.01
370105,3701.05
370206,3702.06
370309,3703.09
370413,3704.13
370513,3705.13
370608,3706.08
370703,3707.03
370803,3708.03
370904,3709.04
371007,3710.07
371108,3711.08
371214,3712.14
371321,3713.21
371428,3714.28
371530,3715.3
371634,3716.34
371740,3717.4
371848,3718.48
371953,3719.53
372058,3720.58
372168,3721.68
372280,3722.8
372386,3723.86
372491,3724.91
372598,3725.98
372706,3727.06
372809,3728.09
372909,3729.09
373012,3730.12
373116,3731.16
373218,3732.18
373320,3733.2
373427,3734.27
373538,3735.38
373645,3736.45
373750,3737.5
373856,3738.56
373964,3739.64
374073,3740.73
374179,3741.79
374281,3742.81
374387,3743.87
374495,3744.95
374602,3746.02
374703,3747.03
374806,3748.06
374912,3749.12
375017,3750.17
375119,3751.19
375218,3752.18
375321,3753.21
375429,3754.29
375535,3755.35
375637,3756.37
375742,3757.42
375849,3758.49
375954,3759.54
376054,3760.54
376156,3761.56
376262,3762.62
376370,3763.7
376474,3764.74
376572,3765.72
376675,3766.75
376783,3767.83
376890,3768.9
376993,3769.93
377097,3770.97
377205,3772.05
377313,3773.13
377421,3774.21
377525,3775.25
377630,3776.3
377739,3777.39
377847,3778.47
377951,3779.51
378052,3780.52
378158,3781.58
378267,3782.67
378369,3783.69
378467,3784.67
378570,3785.7
378676,3786.76
378781,3787.81
378884,3788.84
378983,3789.83
379089,3790.89
379193,3791.93
379298,3792.98
379399,3793.99
379501,3795.01
379608,3796.08
379714,3797.14
379816,3798.16
379917,3799.17
380023,3800.23
380131,3801.31
380234,3802.34
380334,3803.34
380438,3804.38
380545,3805.45
380652,3806.52
380753,3807.53
380858,3808.58
380964,3809.64
381069,3810.69
381172,3811.72
381276,3812.76
381383,3813.83
381490,3814.9
381594,3815.94
381694,3816.94
381795,3817.95
381896,3818.96
381998,3819.98
382102,3821.02
382204,3822.04
382309,3823.09
382420,3824.2
382529,3825.29
382634,3826.34
382742,3827.42
382853,3828.53
382960,3829.6
383063,3830.63
383170,3831.7
383279,3832.79
383387,3833.87
383491,3834.91
383596,3835.96
383702,3837.02
383807,3838.07
383909,3839.09
384010,3840.1
384112,3841.12
384217,3842.17
384319,3843.19
384417,3844.17
384516,3845.16
384620,3846.2
384728,3847.28
384834,3848.34
384938,3849.38
385043,3850.43
385153,3851.53
385259,3852.59
385362,3853.62
385465,3854.65
385573,3855.73
385682,3856.82
385788,3857.88
385890,3858.9
385998,3859.98
386112,3861.12
386222,3862.22
386328,3863.28
386438,3864.38
386547,3865.47
386652,3866.52
386755,3867.55
386863,3868.63
386972,3869.72
387076,3870.76
387179,3871.79
387283,3872.83
387389,3873.89
387492,3874.92
387590,3875.9
387691,3876.91
387795,3877.95
387900,3879.0
388001,3880.01
388105,3881.05
388214,3882.14
388324,3883.24
388426,3884.26
388522,3885.22
388623,3886.23
388729,3887.29
388831,3888.31
388931,3889.31
389037,3890.37
389149,3891.49
389259,3892.59
389363,3893.63
389472,3894.72
389581,3895.81
389690,3896.9
389793,3897.93
389895,3898.95
390003,3900.03
390113,3901.13
390218,3902.18
390320,3903.2
390426,3904.26
390534,3905.34
390639,3906.39
390740,3907.4
390835,3908.35
390933,3909.33
391037,3910.37
391143,3911.43
391246,3912.46
391350,3913.5
391459,3914.59
391573,3915.73
391679,3916.79
391785,3917.85
391897,3918.97
392009,3920.09
392116,3921.16
392219,3922.19
392327,3923.27
392436,3924.36
392542,3925.42
392642,3926.42
392744,3927.44
392848,3928.48
392953,3929.53
393056,3930.56
393156,3931.56
393259,3932.59
393364,3933.64
393472,3934.72
393574,3935.74
393676,3936.76
393783,3937.83
393891,3938.91
393995,3939.95
394097,3940.97
394206,3942.06
394313,3943.13
394419,3944.19
394521,3945.21
394627,3946.27
394734,3947.34
394837,3948.37
394938,3949.38
395043,3950.43
395152,3951.52
395259,3952.59
395364,3953.64
395469,3954.69
395577,3955.77
395685,3956.85
395789,3957.89
395891,3958.91
395998,3959.98
396105,3961.05
396211,3962.11
396312,3963.12
396416,3964.16
396524,3965.24
396632,3966.32
396734,3967.34
396833,3968.33
396938,3969.38
397046,3970.46
397153,3971.53
397255,3972.55
397357,3973.57
397462,3974.62
397567,3975.67
397671,3976.71
397776,3977.76
397886,3978.86
397997,3979.97
398104,3981.04
398209,3982.09
398316,3983.16
398425,3984.25
398534,3985.34
398639,3986.39
398741,3987.41
398848,3988.48
398955,3989.55
399059,3990.59
399159,3991.59
399265,3992.65
399374,3993.74
399484,3994.84
399588,3995.88
399691,3996.91
399798,3997.98
399905,3999.05
400011,4000.11
400113,4001.13
400215,4002.15
400319,4003.19
400423,4004.23
400524,4005.24
400625,4006.25
400733,4007.33
400842,4008.42
400948,4009.48
401050,4010.5
401156,4011.56
401263,4012.63
401364,4013.64
401464,4014.64
401569,4015.69
401674,4016.74
401776,4017.76
401875,4018.75
401975,4019.75
402081,4020.81
402188,4021.88
402294,4022.94
402396,4023.96
402501,4025.01
402610,4026.1
402720,4027.2
402825,4028.25
402925,4029.25
403030,4030.3
403135,4031.35
403239,4032.39
403339,4033.39
403436,4034.36
403538,4035.38
403641,4036.41
403742,4037.42
403846,4038.46
403954,4039.54
404063,4040.63
404169,4041.69
404271,4042.71
404376,4043.76
404483,4044.83
404588,4045.88
404688,4046.88
404792,4047.92
404901,4049.01
405009,4050.09
405111,4051.11
405207,4052.07
405308,4053.08
405412,4054.12
405516,4055.16
405616,4056.16
405717,4057.17
405823,4058.23
405931,4059.31
406036,4060.36
406137,4061.37
406240,4062.4
406348,4063.48
406455,4064.55
406561,4065.61
406663,4066.63
406771,4067.71
406880,4068.8
406988,4069.88
407090,4070.9
407195,4071.95
407305,4073.05
407414,4074.14
407518,4075.18
407620,4076.2
407727,4077.27
407836,4078.36
407942,4079.42
408044,4080.44
408148,4081.48
408254,4082.54
408362,4083.62
408466,4084.66
408566,4085.66
408667,4086.67
408775,4087.75
408883,4088.83
408986,4089.86
409087,4090.87
409194,4091.94
409302,4093.02
409407,4094.07
409510,4095.1
409614,4096.14
409723,4097.23
409835,4098.35
409941,4099.41
410046,4100.46
410155,4101.55
410264,4102.64
410368,4103.68
410466,4104.66
410567,4105.67
410673,4106.73
410781,4107.81
410884,4108.84
410984,4109.84
411089,4110.89
411196,4111.96
411301,4113.01
411400,4114.0
411502,4115.02
411608,4116.08
411715,4117.15
411819,4118.19
411924,4119.24
412031,4120.31
412137,4121.37
412236,4122.36
412332,4123.32
412431,4124.31
412536,4125.36
412641,4126.41
412743,4127.43
412844,4128.44
412951,4129.51
413059,4130.59
413164,4131.64
413266,4132.66
413375,4133.75
413483,4134.83
413590,4135.9
413695,4136.95
413803,4138.03
413914,4139.14
414020,4140.2
414121,4141.21
414220,4142.2
414325,4143.25
414434,4144.34
414541,4145.41
414644,4146.44
414743,4147.43
414849,4148.49
414956,4149.56
415060,4150.6
415162,4151.62
415269,4152.69
415380,4153.8
415488,4154.88
415593,4155.93
415700,4157.0
415809,4158.09
415919,4159.19
416024,4160.24
416127,4161.27
416233,4162.33
416341,4163.41
416449,4164.49
416553,4165.53
416657,4166.57
416763,4167.63
416871,4168.71
416975,4169.75
417075,4170.75
417178,4171.78
417283,4172.83
417390,4173.9
417489,4174.89
417589,4175.89
417694,4176.94
417802,4178.02
417910,4179.1
418017,4180.17
418119,4181.19
418222,4182.22
418326,4183.26
418428,4184.28
418529,4185.29
418633,4186.33
418740,4187.4
418849,4188.49
418953,4189.53
419053,4190.53
419158,4191.58
419268,4192.68
419375,4193.75
419478,4194.78
419579,4195.79
419685,4196.85
419792,4197.92
419897,4198.97
419999,4199.99
420104,4201.04
420213,4202.13
420323,4203.23
420430,4204.3
420533,4205.33
420635,4206.35
420735,4207.35
420839,4208.39
420938,4209.38
421035,4210.35
421139,4211.39
421246,4212.46
421353,4213.53
421458,4214.58
421561,4215.61
421669,4216.69
421777,4217.77
421880,4218.8
421979,4219.79
422082,4220.82
422185,4221.85
422289,4222.89
422392,4223.92
422492,4224.92
422594,4225.94
422700,4227.0
422805,4228.05
422907,4229.07
423016,4230.16
423128,4231.28
423239,4232.39
423347,4233.47
423453,4234.53
423563,4235.63
423673,4236.73
423783,4237.83
423888,4238.88
423996,4239.96
424106,4241.06
424216,4242.16
424322,4243.22
424424,4244.24
424528,4245.28
424633,4246.33
424737,4247.37
424838,4248.38
424938,4249.38
425043,4250.43
425151,4251.51
425259,4252.59
425365,4253.65
425465,4254.65
425570,4255.7
425678,4256.78
425783,4257.83
425884,4258.84
425983,4259.83
426089,4260.89
426198,4261.98
426305,4263.05
426407,4264.07
426514,4265.14
426623,4266.23
426731,4267.31
426835,4268.35
426937,4269.37
427043,4270.43
427149,4271.49
427252,4272.52
427353,4273.53
427459,4274.59
427566,4275.66
427673,4276.73
427777,4277.77
427879,4278.79
427988,4279.88
428097,4280.97
428204,4282.04
428305,4283.05
428409,4284.09
428517,4285.17
428626,4286.26
428732,4287.32
428835,4288.35
428940,4289.4
429040,4290.4
429138,4291.38
429236,4292.36
429345,4293.45
429456,4294.56
429564,4295.64
429668,4296.68
429773,4297.73
429879,4298.79
429986,4299.86
430090,4300.9
430195,4301.95
430303,4303.03
430414,4304.14
430523,4305.23
430624,4306.24
430727,4307.27
430833,4308.33
430940,4309.4
431045,4310.45
431150,4311.5
431255,4312.55
431357,4313.57
431451,4314.51
431534,4315.34
431611,4316.11
431685,4316.85
431756,4317.56
431828,4318.28
431907,4319.07
431990,4319.9
432069,4320.69
432145,4321.45
432222,4322.22
432298,4322.98
432375,4323.75
432449,4324.49
432523,4325.23
432595,4325.95
432670,4326.7
432746,4327.46
432825,4328.25
432904,4329.04
432984,4329.84
433067,4330.67
433155,4331.55
433246,4332.46
433333,4333.33
433425,4334.25
433533,4335.33
433640,4336.4
433749,4337.49
433856,4338.56
433961,4339.61
434069,4340.69
434175,4341.75
434279,4342.79
434379,4343.79
434472,4344.72
434569,4345.69
434674,4346.74
434785,4347.85
434889,4348.89
434989,4349.89
435096,4350.96
435209,4352.09
435319,4353.19
435425,4354.25
435527,4355.27
435637,4356.37
435748,4357.48
435857,4358.57
435962,4359.62
436067,4360.67
436176,4361.76
436286,4362.86
436393,4363.93
436494,4364.94
436594,4365.94
436704,4367.04
436816,4368.16
436920,4369.2
437018,4370.18
437120,4371.2
437228,4372.28
437335,4373.35
437436,4374.36
437537,4375.37
437644,4376.44
437747,4377.47
437844,4378.44
437943,4379.43
438037,4380.37
438127,4381.27
438208,4382.08
438288,4382.88
438377,4383.77
438478,4384.78
438580,4385.8
438668,4386.68
438750,4387.5
438840,4388.4
438927,4389.27
439009,4390.09
439086,4390.86
439165,4391.65
439248,4392.48
439356,4393.56
439473,4394.73
439591,4395.91
439710,4397.1
439824,4398.24
439944,4399.44
440061,4400.61
440176,4401.76
440289,4402.89
440398,4403.98
440508,4405.08
440618,4406.18
440729,4407.29
440836,4408.36
440939,4409.39
441038,4410.38
441146,4411.46
441256,4412.56
441366,4413.66
441474,4414.74
441578,4415.78
441687,4416.87
441801,4418.01
441916,4419.16
442028,4420.28
442136,4421.36
442238,4422.38
442346,4423.46
442455,4424.55
442566,4425.66
442674,4426.74
442775,4427.75
442877,4428.77
442981,4429.81
443086,4430.86
443189,4431.89
443290,4432.9
443399,4433.99
443510,4435.1
443619,4436.19
443721,4437.21
443827,4438.27
443934,4439.34
444041,4440.41
444145,4441.45
444250,4442.5
444358,4443.58
444468,4444.68
444574,4445.74
444676,4446.76
444784,4447.84
444897,4448.97
445008,4450.08
445112,4451.12
445220,4452.2
445334,4453.34
445445,4454.45
445556,4455.56
445663,4456.63
445773,4457.73
445886,4458.86
445997,4459.97
446105,4461.05
446209,4462.09
446318,4463.18
446428,4464.28
446539,4465.39
446644,4466.44
446747,4467.47
446853,4468.53
446964,4469.64
447075,4470.75
447180,4471.8
447282,4472.82
447383,4473.83
447486,4474.86
447587,4475.87
447683,4476.83
447784,4477.84
447888,4478.88
447993,4479.93
448097,4480.97
448200,4482.0
448306,4483.06
448415,4484.15
448525,4485.25
448631,4486.31
448734,4487.34
448844,4488.44
448953,4489.53
449061,4490.61
449166,4491.66
449270,4492.7
449378,4493.78
449487,4494.87
449594,4495.94
449695,4496.95
449798,4497.98
449905,4499.05
450011,4500.11
450114,4501.14
450214,4502.14
450317,4503.17
450422,4504.22
450523,4505.23
450621,4506.21
450719,4507.19
450820,4508.2
450923,4509.23
451022,4510.22
451120,4511.2
451223,4512.23
451328,4513.28
451434,4514.34
451537,4515.37
451645,4516.45
451757,4517.57
451868,4518.68
451974,4519.74
452083,4520.83
452195,4521.95
452305,4523.05
452412,4524.12
452518,4525.18
452629,4526.29
452741,4527.41
452849,4528.49
452954,4529.54
453063,4530.63
453170,4531.7
453274,4532.74
453373,4533.73
453476,4534.76
453582,4535.82
453688,4536.88
453787,4537.87
453885,4538.85
453987,4539.87
454091,4540.91
454191,4541.91
454291,4542.91
454393,4543.93
454496,4544.96
454598,4545.98
454702,4547.02
454811,4548.11
454919,4549.19
455023,4550.23
455123,4551.23
455231,4552.31
455339,4553.39
455443,4554.43
455537,4555.37
455630,4556.3
455724,4557.24
455832,4558.32
455942,4559.42
456050,4560.5
456162,4561.62
456274,4562.74
456385,4563.85
456489,4564.89
456596,4565.96
456703,4567.03
456810,4568.1
456912,4569.12
457012,4570.12
457117,4571.17
457221,4572.21
457327,4573.27
457426,4574.26
457528,4575.28
457634,4576.34
457740,4577.4
457844,4578.44
457942,4579.42
458048,4580.48
458157,4581.57
458265,4582.65
458368,4583.68
458475,4584.75
458586,4585.86
458697,4586.97
458808,4588.08
458915,4589.15
459023,4590.23
459135,4591.35
459246,4592.46
459353,4593.53
459457,4594.57
459565,4595.65
459673,4596.73
459781,4597.81
459885,4598.85
459991,4599.91
460097,4600.97
460203,4602.03
460304,4603.04
460404,4604.04
460509,4605.09
460615,4606.15
460718,4607.18
460818,4608.18
460922,4609.22
461029,4610.29
461137,4611.37
461242,4612.42
461345,4613.45
461451,4614.51
461558,4615.58
461663,4616.63
461763,4617.63
461867,4618.67
461973,4619.73
462077,4620.77
462179,4621.79
462285,4622.85
462388,4623.88
462487,4624.87
462584,4625.84
462688,4626.88
462793,4627.93
462900,4629.0
463004,4630.04
463107,4631.07
463218,4632.18
463327,4633.27
463435,4634.35
463538,4635.38
463642,4636.42
463752,4637.52
463862,4638.62
463966,4639.66
464072,4640.72
464182,4641.82
464291,4642.91
464398,4643.98
464502,4645.02
464607,4646.07
464717,4647.17
464828,4648.28
464934,4649.34
465035,4650.35
465141,4651.41
465249,4652.49
465357,4653.57
465462,4654.62
465564,4655.64
465671,4656.71
465777,4657.77
465881,4658.81
465983,4659.83
466082,4660.82
466189,4661.89
466298,4662.98
466404,4664.04
466508,4665.08
466614,4666.14
466727,4667.27
466837,4668.37
466944,4669.44
467048,4670.48
467157,4671.57
467265,4672.65
467371,4673.71
467473,4674.73
467580,4675.8
467687,4676.87
467794,4677.94
467897,4678.97
467996,4679.96
468099,4680.99
468203,4682.03
468303,4683.03
468401,4684.01
468504,4685.04
468608,4686.08
468710,4687.1
468810,4688.1
468914,4689.14
469019,4690.19
469123,4691.23
469223,4692.23
469325,4693.25
469431,4694.31
469541,4695.41
469647,4696.47
469752,4697.52
469862,4698.62
469973,4699.73
470080,4700.8
470186,4701.86
470298,4702.98
470408,4704.08
470513,4705.13
470614,4706.14
470719,4707.19
470828,4708.28
470936,4709.36
471040,4710.4
471145,4711.45
471252,4712.52
471360,4713.6
471466,4714.66
471566,4715.66
471667,4716.67
471769,4717.69
471874,4718.74
471977,4719.77
472076,4720.76
472181,4721.81
472288,4722.88
472392,4723.92
472494,4724.94
472595,4725.95
472700,4727.0
472807,4728.07
472911,4729.11
473012,4730.12
473116,4731.16
473223,4732.23
473329,4733.29
473431,4734.31
473533,4735.33
473638,4736.38
473745,4737.45
473851,4738.51
473955,4739.55
474060,4740.6
474168,4741.68
474275,4742.75
474379,4743.79
474477,4744.77
474576,4745.76
474679,4746.79
474786,4747.86
474891,4748.91
474993,4749.93
475097,4750.97
475202,4752.02
475305,4753.05
475404,4754.04
475509,4755.09
475617,4756.17
475724,4757.24
475827,4758.27
475928,4759.28
476034,4760.34
476143,4761.43
476247,4762.47
476350,4763.5
476457,4764.57
476565,4765.65
476671,4766.71
476772,4767.72
476875,4768.75
476982,4769.82
477089,4770.89
477193,4771.93
477297,4772.97
477405,4774.05
477512,4775.12
477615,4776.15
477718,4777.18
477824,4778.24
477929,4779.29
478030,4780.3
478130,4781.3
478234,4782.34
478340,4783.4
478447,4784.47
478552,4785.52
478654,4786.54
478759,4787.59
478866,4788.66
478970,4789.7
479072,4790.72
479177,4791.77
479283,4792.83
479387,4793.87
479488,4794.88
479589,4795.89
479696,4796.96
479804,4798.04
479909,4799.09
480010,4800.1
480114,4801.14
480220,4802.2
480325,4803.25
480427,4804.27
480532,4805.32
480638,4806.38
480745,4807.45
480848,4808.48
480948,4809.48
481051,4810.51
481155,4811.55
481258,4812.58
481360,4813.6
481466,4814.66
481573,4815.73
481677,4816.77
481777,4817.77
481883,4818.83
481988,4819.88
482093,4820.93
482194,4821.94
482296,4822.96
482404,4824.04
482510,4825.1
482614,4826.14
482714,4827.14
482822,4828.22
482929,4829.29
483036,4830.36
483140,4831.4
483244,4832.44
483348,4833.48
483453,4834.53
483553,4835.53
483653,4836.53
483760,4837.6
483866,4838.66
483970,4839.7
484070,4840.7
484172,4841.72
484276,4842.76
484378,4843.78
484475,4844.75
484575,4845.75
484679,4846.79
484784,4847.84
484885,4848.85
484989,4849.89
485097,4850.97
485203,4852.03
485304,4853.04
485406,4854.06
485513,4855.13
485620,4856.2
485726,4857.26
485829,4858.29
485937,4859.37
486046,4860.46
486154,4861.54
486257,4862.57
486360,4863.6
486464,4864.64
486570,4865.7
486676,4866.76
486777,4867.77
486877,4868.77
486976,4869.76
487076,4870.76
487174,4871.74
487272,4872.72
487382,4873.82
487493,4874.93
487603,4876.03
487707,4877.07
487816,4878.16
487927,4879.27
488037,4880.37
488140,4881.4
488241,4882.41
488349,4883.49
488458,4884.58
488563,4885.63
488667,4886.67
488771,4887.71
488877,4888.77
488980,4889.8
489079,4890.79
489182,4891.82
489289,4892.89
489396,4893.96
489502,4895.02
489606,4896.06
489714,4897.14
489824,4898.24
489931,4899.31
490032,4900.32
490136,4901.36
490243,4902.43
490350,4903.5
490452,4904.52
490556,4905.56
490665,4906.65
490773,4907.73
490876,4908.76
490976,4909.76
491079,4910.79
491185,4911.85
491290,4912.9
491388,4913.88
491485,4914.85
491584,4915.84
491688,4916.88
491788,4917.88
491885,4918.85
491990,4919.9
492095,4920.95
492200,4922.0
492303,4923.03
492408,4924.08
492520,4925.2
492630,4926.3
492736,4927.36
492843,4928.43
492953,4929.53
493061,4930.61
493166,4931.66
493265,4932.65
493369,4933.69
493473,4934.73
493575,4935.75
493672,4936.72
493769,4937.69
493872,4938.72
493978,4939.78
494082,4940.82
494183,4941.83
494285,4942.85
494390,4943.9
494497,4944.97
494602,4946.02
494702,4947.02
494807,4948.07
494919,4949.19
495030,4950.3
495137,4951.37
495242,4952.42
495351,4953.51
495462,4954.62
495571,4955.71
495675,4956.75
495781,4957.81
495891,4958.91
496002,4960.02
496109,4961.09
496212,4962.12
496319,4963.19
496426,4964.26
496533,4965.33
496640,4966.4
496741,4967.41
496844,4968.44
496949,4969.49
497056,4970.56
497161,4971.61
497261,4972.61
497363,4973.63
497469,4974.69
497576,4975.76
497679,4976.79
497780,4977.8
497884,4978.84
497990,4979.9
498091,4980.91
498191,4981.91
498297,4982.97
498404,4984.04
498509,4985.09
498612,4986.12
498713,4987.13
498820,4988.2
498929,4989.29
499039,4990.39
499143,4991.43
499247,4992.47
499357,4993.57
499468,4994.68
499576,4995.76
499680,4996.8
499786,4997.86
499895,4998.95
500002,5000.02
500105,5001.05
500209,5002.09
500310,5003.1
500411,5004.11
500512,5005.12
500608,5006.08
500709,5007.09
500817,5008.17
500927,5009.27
501035,5010.35
501142,5011.42
501255,5012.55
501369,5013.69
501479,5014.79
501584,5015.84
501691,5016.91
501799,5017.99
501906,5019.06
502007,5020.07
502111,5021.11
502218,5022.18
502324,5023.24
502426,5024.26
502530,5025.3
502635,5026.35
502741,5027.41
502846,5028.46
502949,5029.49
503054,5030.54
503163,5031.63
503272,5032.72
503380,5033.8
503482,5034.82
503589,5035.89
503698,5036.98
503806,5038.06
503909,5039.09
504013,5040.13
504121,5041.21
504227,5042.27
504328,5043.28
504425,5044.25
504522,5045.22
504624,5046.24
504729,5047.29
504834,5048.34
504933,5049.33
505035,5050.35
505138,5051.38
505245,5052.45
505348,5053.48
505446,5054.46
505551,5055.51
505658,5056.58
505761,5057.61
505864,5058.64
505971,5059.71
506078,5060.78
506182,5061.82
506285,5062.85
506391,5063.91
506498,5064.98
506604,5066.04
506706,5067.06
506811,5068.11
506918,5069.18
507025,5070.25
507128,5071.28
507231,5072.31
507336,5073.36
507441,5074.41
507544,5075.44
507644,5076.44
507745,5077.45
507852,5078.52
507960,5079.6
508067,5080.67
508171,5081.71
508278,5082.78
508387,5083.87
508490,5084.9
508590,5085.9
508693,5086.93
508799,5087.99
508903,5089.03
509004,5090.04
509103,5091.03
509206,5092.06
509311,5093.11
509415,5094.15
509515,5095.15
509617,5096.17
509722,5097.22
509828,5098.28
509930,5099.3
510028,5100.28
510130,5101.3
510235,5102.35
510337,5103.37
510437,5104.37
510538,5105.38
510644,5106.44
510750,5107.5
510852,5108.52
510956,5109.56
511063,5110.63
511169,5111.69
511273,5112.73
511374,5113.74
511477,5114.77
511581,5115.81
511689,5116.89
511794,5117.94
511894,5118.94
511999,5119.99
512107,5121.07
512210,5122.1
512307,5123.07
512408,5124.08
512513,5125.13
512617,5126.17
512721,5127.21
512824,5128.24
512930,5129.3
513038,5130.38
513144,5131.44
513247,5132.47
513355,5133.55
513461,5134.61
513568,5135.68
513672,5136.72
513773,5137.73
513879,5138.79
513985,5139.85
514093,5140.93
514200,5142.0
514305,5143.05
514413,5144.13
514522,5145.22
514628,5146.28
514733,5147.33
514839,5148.39
514945,5149.45
515049,5150.49
515147,5151.47
515248,5152.48
515351,5153.51
515454,5154.54
515556,5155.56
515652,5156.52
515753,5157.53
515858,5158.58
515961,5159.61
516061,5160.61
516160,5161.6
516260,5162.6
516361,5163.61
516460,5164.6
516557,5165.57
516659,5166.59
516769,5167.69
516876,5168.76
516980,5169.8
517086,5170.86
517194,5171.94
517302,5173.02
517406,5174.06
517510,5175.1
517618,5176.18
517725,5177.25
517831,5178.31
517933,5179.33
518037,5180.37
518143,5181.43
518248,5182.48
518350,5183.5
518448,5184.48
518550,5185.5
518656,5186.56
518762,5187.62
518861,5188.61
518962,5189.62
519068,5190.68
519175,5191.75
519280,5192.8
519380,5193.8
519483,5194.83
519590,5195.9
519698,5196.98
519800,5198.0
519901,5199.01
520007,5200.07
520117,5201.17
520225,5202.25
520328,5203.28
520433,5204.33
520540,5205.4
520648,5206.48
520750,5207.5
520853,5208.53
520957,5209.57
521061,5210.61
521162,5211.62
521262,5212.62
521365,5213.65
521469,5214.69
521568,5215.68
521666,5216.66
521768,5217.68
521869,5218.69
521971,5219.71
522070,5220.7
522171,5221.71
522275,5222.75
522382,5223.82
522483,5224.83
522580,5225.8
522679,5226.79
522781,5227.81
522888,5228.88
522994,5229.94
523096,5230.96
523204,5232.04
523317,5233.17
523427,5234.27
523533,5235.33
523638,5236.38
523745,5237.45
523853,5238.53
523960,5239.6
524063,5240.63
524167,5241.67
524277,5242.77
524389,5243.89
524495,5244.95
524597,5245.97
524695,5246.95
524799,5247.99
524905,5249.05
525009,5250.09
525109,5251.09
525212,5252.12
525320,5253.2
525428,5254.28
525530,5255.3
525637,5256.37
525745,5257.45
525855,5258.55
525960,5259.6
526064,5260.64
526173,5261.73
526284,5262.84
526390,5263.9
526493,5264.93
526598,5265.98
526705,5267.05
526812,5268.12
526916,5269.16
527014,5270.14
527117,5271.17
527224,5272.24
527330,5273.3
527433,5274.33
527534,5275.34
527639,5276.39
527745,5277.45
527849,5278.49
527949,5279.49
528050,5280.5
528158,5281.58
528265,5282.65
528367,5283.67
528471,5284.71
528578,5285.78
528684,5286.84
528786,5287.86
528887,5288.87
528994,5289.94
529102,5291.02
529209,5292.09
529309,5293.09
529410,5294.1
529513,5295.13
529615,5296.15
529719,5297.19
529819,5298.19
529920,5299.2
530023,5300.23
530131,5301.31
530235,5302.35
530336,5303.36
530441,5304.41
530549,5305.49
530657,5306.57
530759,5307.59
530860,5308.6
530966,5309.66
531073,5310.73
531178,5311.78
531279,5312.79
531378,5313.78
531481,5314.81
531585,5315.85
531688,5316.88
531786,5317.86
531890,5318.9
531996,5319.96
532101,5321.01
532203,5322.03
532306,5323.06
532414,5324.14
532523,5325.23
532630,5326.3
532733,5327.33
532838,5328.38
532948,5329.48
533057,5330.57
533160,5331.6
533264,5332.64
533371,5333.71
533479,5334.79
533584,5335.84
533684,5336.84
533788,5337.88
533897,5338.97
534003,5340.03
534104,5341.04
534206,5342.06
534311,5343.11
534417,5344.17
534520,5345.2
534619,5346.19
534724,5347.24
534830,5348.3
534935,5349.35
535035,5350.35
535138,5351.38
535245,5352.45
535353,5353.53
535457,5354.57
535561,5355.61
535669,5356.69
535777,5357.77
535886,5358.86
535989,5359.89
536094,5360.94
536203,5362.03
536311,5363.11
536415,5364.15
536517,5365.17
536624,5366.24
536733,5367.33
536839,5368.39
536941,5369.41
537049,5370.49
537158,5371.58
537264,5372.64
537367,5373.67
537474,5374.74
537581,5375.81
537683,5376.83
537782,5377.82
537887,5378.87
537995,5379.95
538099,5380.99
538198,5381.98
538301,5383.01
538408,5384.08
538513,5385.13
538615,5386.15
538711,5387.11
538806,5388.06
538904,5389.04
539007,5390.07
539109,5391.09
539209,5392.09
539312,5393.12
539418,5394.18
539524,5395.24
539626,5396.26
539725,5397.25
539828,5398.28
539934,5399.34
540039,5400.39
540139,5401.39
540242,5402.42
540348,5403.48
540455,5404.55
540558,5405.58
540662,5406.62
540768,5407.68
540874,5408.74
540980,5409.8
541081,5410.81
541185,5411.85
541292,5412.92
541400,5414.0
541504,5415.04
541605,5416.05
541706,5417.06
541810,5418.1
541917,5419.17
542017,5420.17
542117,5421.17
542219,5422.19
542326,5423.26
542430,5424.3
542530,5425.3
542634,5426.34
542741,5427.41
542846,5428.46
542948,5429.48
543051,5430.51
543158,5431.58
543263,5432.63
543364,5433.64
543468,5434.68
543576,5435.76
543687,5436.87
543791,5437.91
543890,5438.9
543980,5439.8
544070,5440.7
544156,5441.56
544237,5442.37
544314,5443.14
544389,5443.89
544460,5444.6
544531,5445.31
544601,5446.01
544671,5446.71
544741,5447.41
544811,5448.11
544881,5448.81
544950,5449.5
545019,5450.19
545089,5450.89
545157,5451.57
545226,5452.26
545294,5452.94
545362,5453.62
545430,5454.3
545498,5454.98
545566,5455.66
545635,5456.35
545706,5457.06
545781,5457.81
545861,5458.61
545948,5459.48
546042,5460.42
546141,5461.41
546243,5462.43
546345,5463.45
546444,5464.44
546544,5465.44
546645,5466.45
546745,5467.45
546843,5468.43
546934,5469.34
547033,5470.33
547143,5471.43
547253,5472.53
547358,5473.58
547457,5474.57
547561,5475.61
547670,5476.7
547780,5477.8
547883,5478.83
547990,5479.9
548101,5481.01
548213,5482.13
548321,5483.21
548424,5484.24
548536,5485.36
548652,5486.52
548764,5487.64
548872,5488.72
548979,5489.79
549091,5490.91
549191,5491.91
549283,5492.83
549367,5493.67
549445,5494.45
549526,5495.26
549613,5496.13
549702,5497.02
549786,5497.86
549867,5498.67
549951,5499.51
550036,5500.36
550119,5501.19
550199,5501.99
550278,5502.78
550357,5503.57
550435,5504.35
550521,5505.21
550628,5506.28
550729,5507.29
550829,5508.29
550932,5509.32
551033,5510.33
551137,5511.37
551249,5512.49
551364,5513.64
551477,5514.77
551590,5515.9
551699,5516.99
551810,5518.1
551922,5519.22
552031,5520.31
552141,5521.41
552244,5522.44
552349,5523.49
552462,5524.62
552572,5525.72
552683,5526.83
552785,5527.85
552886,5528.86
552993,5529.93
553091,5530.91
553184,5531.84
553267,5532.67
553345,5533.45
553421,5534.21
553496,5534.96
553571,5535.71
553645,5536.45
553719,5537.19
553795,5537.95
553877,5538.77
553979,5539.79
554082,5540.82
554182,5541.82
554291,5542.91
554407,5544.07
554522,5545.22
554633,5546.33
554747,5547.47
554865,5548.65
554982,5549.82
555094,5550.94
555198,5551.98
555302,5553.02
555413,5554.13
555522,5555.22
555630,5556.3
555737,5557.37
555840,5558.4
555951,5559.51
556065,5560.65
556176,5561.76
556282,5562.82
556386,5563.86
556497,5564.97
556611,5566.11
556723,5567.23
556827,5568.27
556933,5569.33
557043,5570.43
557155,5571.55
557260,5572.6
557355,5573.55
557452,5574.52
557546,5575.46
557642,5576.42
557746,5577.46
557851,5578.51
557951,5579.51
558063,5580.63
558178,5581.78
558287,5582.87
558391,5583.91
558500,5585.0
558613,5586.13
558725,5587.25
558831,5588.31
558937,5589.37
559045,5590.45
559156,5591.56
559262,5592.62
559363,5593.63
559467,5594.67
559575,5595.75
559684,5596.84
559790,5597.9
559888,5598.88
559977,5599.77
560060,5600.6
560138,5601.38
560213,5602.13
560287,5602.87
560359,5603.59
560432,5604.32
560508,5605.08
560588,5605.88
560670,5606.7
560751,5607.51
560828,5608.28
560905,5609.05
560983,5609.83
561072,5610.72
561186,5611.86
561299,5612.99
561406,5614.06
561522,5615.22
561639,5616.39
561757,5617.57
561867,5618.67
561975,5619.75
562087,5620.87
562194,5621.94
562300,5623.0
562402,5624.02
562512,5625.12
562624,5626.24
562735,5627.35
562845,5628.45
562949,5629.49
563053,5630.53
563165,5631.65
563274,5632.74
563379,5633.79
563476,5634.76
563570,5635.7
563674,5636.74
563786,5637.86
563893,5638.93
563993,5639.93
564094,5640.94
564191,5641.91
564291,5642.91
564391,5643.91
564496,5644.96
564605,5646.05
564715,5647.15
564820,5648.2
564925,5649.25
565033,5650.33
565140,5651.4
565242,5652.42
565344,5653.44
565448,5654.48
565555,5655.55
565654,5656.54
565755,5657.55
565862,5658.62
565971,5659.71
566077,5660.77
566176,5661.76
566272,5662.72
566360,5663.6
566439,5664.39
566513,5665.13
566585,5665.85
566656,5666.56
566730,5667.3
566808,5668.08
566891,5668.91
566972,5669.72
567053,5670.53
567134,5671.34
567212,5672.12
567289,5672.89
567367,5673.67
567446,5674.46
567532,5675.32
567627,5676.27
567716,5677.16
567802,5678.02
567910,5679.1
568023,5680.23
568136,5681.36
568246,5682.46
568361,5683.61
568480,5684.8
568598,5685.98
568713,5687.13
568824,5688.24
568928,5689.28
569038,5690.38
569149,5691.49
569260,5692.6
569365,5693.65
569469,5694.69
569574,5695.74
569671,5696.71
569763,5697.63
569848,5698.48
569927,5699.27
570003,5700.03
570078,5700.78
570155,5701.55
570240,5702.4
570348,5703.48
570461,5704.61
570570,5705.7
570673,5706.73
570780,5707.8
570893,5708.93
571007,5710.07
571115,5711.15
571218,5712.18
571320,5713.2
571428,5714.28
571535,5715.35
571637,5716.37
571733,5717.33
571839,5718.39
571949,5719.49
572059,5720.59
572164,5721.64
572264,5722.64
572366,5723.66
572471,5724.71
572578,5725.78
572679,5726.79
572780,5727.8
572887,5728.87
572997,5729.97
573100,5731.0
573204,5732.04
573314,5733.14
573427,5734.27
573532,5735.32
573631,5736.31
573732,5737.32
573842,5738.42
573953,5739.53
574052,5740.52
574135,5741.35
574211,5742.11
574286,5742.86
574358,5743.58
574432,5744.32
574508,5745.08
574587,5745.87
574673,5746.73
574765,5747.65
574848,5748.48
574926,5749.26
575004,5750.04
575084,5750.84
575163,5751.63
575250,5752.5
575363,5753.63
575475,5754.75
575578,5755.78
575681,5756.81
575786,5757.86
575888,5758.88
575983,5759.83
576081,5760.81
576185,5761.85
576296,5762.96
576405,5764.05
576508,5765.08
576616,5766.16
576726,5767.26
576835,5768.35
576939,5769.39
577042,5770.42
577151,5771.51
577262,5772.62
577372,5773.72
577480,5774.8
577583,5775.83
577690,5776.9
577801,5778.01
577913,5779.13
578020,5780.2
578125,5781.25
578224,5782.24
578318,5783.18
578423,5784.23
578533,5785.33
578642,5786.42
578749,5787.49
578851,5788.51
578956,5789.56
579067,5790.67
579178,5791.78
579288,5792.88
579394,5793.94
579499,5794.99
579609,5796.09
579722,5797.22
579834,5798.34
579941,5799.41
580042,5800.42
580149,5801.49
580253,5802.53
580362,5803.62
580470,5804.7
580573,5805.73
580678,5806.78
580794,5807.94
580909,5809.09
581017,5810.17
581123,5811.23
581235,5812.35
581349,5813.49
581459,5814.59
581562,5815.62
581667,5816.67
581779,5817.79
581891,5818.91
581997,5819.97
582101,5821.01
582199,5821.99
582298,5822.98
582399,5823.99
582502,5825.02
582604,5826.04
582701,5827.01
582802,5828.02
582909,5829.09
583019,5830.19
583125,5831.25
583230,5832.3
583338,5833.38
583448,5834.48
583553,5835.53
583655,5836.55
583759,5837.59
583867,5838.67
583976,5839.76
584083,5840.83
584185,5841.85
584287,5842.87
584397,5843.97
584506,5845.06
584616,5846.16
584720,5847.2
584818,5848.18
584919,5849.19
585025,5850.25
585133,5851.33
585234,5852.34
585331,5853.31
585416,5854.16
585493,5854.93
585568,5855.68
585641,5856.41
585716,5857.16
585793,5857.93
585874,5858.74
585959,5859.59
586044,5860.44
586128,5861.28
586222,5862.22
586335,5863.35
586438,5864.38
586544,5865.44
586658,5866.58
586773,5867.73
586887,5868.87
586991,5869.91
587080,5870.8
587163,5871.63
587240,5872.4
587316,5873.16
587396,5873.96
587485,5874.85
587598,5875.98
587718,5877.18
587839,5878.39
587956,5879.56
588070,5880.7
588188,5881.88
588305,5883.05
588417,5884.17
588525,5885.25
588640,5886.4
588755,5887.55
588869,5888.69
588980,5889.8
589083,5890.83
589185,5891.85
589283,5892.83
589391,5893.91
589500,5895.0
589602,5896.02
589700,5897.0
589811,5898.11
589929,5899.29
590039,5900.39
590143,5901.43
590241,5902.41
590345,5903.45
590458,5904.58
590567,5905.67
590676,5906.76
590778,5907.78
590873,5908.73
590965,5909.65
591053,5910.53
591138,5911.38
591218,5912.18
591294,5912.94
591369,5913.69
591443,5914.43
591523,5915.23
591614,5916.14
591730,5917.3
591850,5918.5
591970,5919.7
592086,5920.86
592202,5922.02
592325,5923.25
592444,5924.44
592558,5925.58
592668,5926.68
592766,5927.66
592857,5928.57
592961,5929.61
593070,5930.7
593182,5931.82
593290,5932.9
593395,5933.95
593503,5935.03
593612,5936.12
593722,5937.22
593831,5938.31
593938,5939.38
594041,5940.41
594149,5941.49
594258,5942.58
594365,5943.65
594468,5944.68
594566,5945.66
594661,5946.61
594767,5947.67
594875,5948.75
594983,5949.83
595092,5950.92
595198,5951.98
595302,5953.02
595410,5954.1
595517,5955.17
595618,5956.18
595712,5957.12
595805,5958.05
595897,5958.97
596001,5960.01
596105,5961.05
596204,5962.04
596303,5963.03
596417,5964.17
596529,5965.29
596642,5966.42
596753,5967.53
596855,5968.55
596953,5969.53
597059,5970.59
597167,5971.67
597271,5972.71
597371,5973.71
597483,5974.83
597596,5975.96
597709,5977.09
597814,5978.14
597914,5979.14
598022,5980.22
598132,5981.32
598241,5982.41
598344,5983.44
598443,5984.43
598548,5985.48
598658,5986.58
598768,5987.68
598873,5988.73
598974,5989.74
599080,5990.8
599185,5991.85
599283,5992.83
599378,5993.78
599473,5994.73
599565,5995.65
599663,5996.63
599764,5997.64
599865,5998.65
599964,5999.64
600059,6000.59
600149,6001.49
600247,6002.47
600351,6003.51
600456,6004.56
600560,6005.6
600658,6006.58
600758,6007.58
600861,6008.61
600968,6009.68
601071,6010.71
601169,6011.69
601268,6012.68
601373,6013.73
601482,6014.82
601589,6015.89
601689,6016.89
601783,6017.83
601885,6018.85
601993,6019.93
602098,6020.98
602196,6021.96
602288,6022.88
602379,6023.79
602485,6024.85
602594,6025.94
602704,6027.04
602811,6028.11
602911,6029.11
603014,6030.14
603121,6031.21
603229,6032.29
603333,6033.33
603429,6034.29
603533,6035.33
603641,6036.41
603750,6037.5
603858,6038.58
603961,6039.61
604057,6040.57
604159,6041.59
604266,6042.66
604374,6043.74
604477,6044.77
604571,6045.71
604659,6046.59
604752,6047.52
604854,6048.54
604959,6049.59
605058,6050.58
605153,6051.53
605257,6052.57
605367,6053.67
605477,6054.77
605584,6055.84
605685,6056.85
605790,6057.9
605897,6058.97
606003,6060.03
606111,6061.11
606211,6062.11
606310,6063.1
606415,6064.15
606520,6065.2
606623,6066.23
606722,6067.22
606814,6068.14
606914,6069.14
607020,6070.2
607124,6071.24
607221,6072.21
607310,6073.1
607396,6073.96
607484,6074.84
607579,6075.79
607681,6076.81
607781,6077.81
607879,6078.79
607979,6079.79
608085,6080.85
608191,6081.91
608292,6082.92
608389,6083.89
608485,6084.85
608582,6085.82
608682,6086.82
608780,6087.8
608873,6088.73
608971,6089.71
609068,6090.68
609172,6091.72
609277,6092.77
609375,6093.75
609469,6094.69
609567,6095.67
609664,6096.64
609765,6097.65
609861,6098.61
609953,6099.53
610050,6100.5
610144,6101.44
610232,6102.32
610314,6103.14
610392,6103.92
610467,6104.67
610540,6105.4
610613,6106.13
610690,6106.9
610783,6107.83
610889,6108.89
610998,6109.98
611104,6111.04
611210,6112.1
611318,6113.18
611429,6114.29
611537,6115.37
611640,6116.4
611750,6117.5
611865,6118.65
611977,6119.77
612085,6120.85
612186,6121.86
612287,6122.87
612386,6123.86
612477,6124.77
612567,6125.67
612660,6126.6
612752,6127.52
612853,6128.53
612964,6129.64
613076,6130.76
613186,6131.86
613294,6132.94
613397,6133.97
613505,6135.05
613614,6136.14
613717,6137.17
613812,6138.12
613897,6138.97
613979,6139.79
614059,6140.59
614144,6141.44
614255,6142.55
614361,6143.61
614466,6144.66
614580,6145.8
614695,6146.95
614802,6148.02
614902,6149.02
615002,6150.02
615109,6151.09
615212,6152.12
615300,6153.0
615382,6153.82
615461,6154.61
615537,6155.37
615610,6156.1
615683,6156.83
615759,6157.59
615839,6158.39
615932,6159.32
616047,6160.47
616159,6161.59
616266,6162.66
616378,6163.78
616491,6164.91
616606,6166.06
616718,6167.18
616825,6168.25
616931,6169.31
617041,6170.41
617148,6171.48
617251,6172.51
617350,6173.5
617457,6174.57
617566,6175.66
617674,6176.74
617771,6177.71
617857,6178.57
617939,6179.39
618023,6180.23
618132,6181.32
618244,6182.44
618354,6183.54
618458,6184.58
618563,6185.63
618668,6186.68
618777,6187.77
618885,6188.85
618990,6189.9
619091,6190.91
619198,6191.98
619299,6192.99
619401,6194.01
619501,6195.01
619602,6196.02
619702,6197.02
619805,6198.05
619908,6199.08
620007,6200.07
620108,6201.08
620212,6202.12
620318,6203.18
620423,6204.23
620522,6205.22
620618,6206.18
620713,6207.13
620811,6208.11
620911,6209.11
621008,6210.08
621108,6211.08
621215,6212.15
621322,6213.22
621428,6214.28
621528,6215.28
621628,6216.28
621729,6217.29
621833,6218.33
621937,6219.37
622039,6220.39
622138,6221.38
622235,6222.35
622325,6223.25
622412,6224.12
622498,6224.98
622587,6225.87
622689,6226.89
622797,6227.97
622904,6229.04
623005,6230.05
623106,6231.06
623214,6232.14
623319,6233.19
623423,6234.23
623524,6235.24
623619,6236.19
623713,6237.13
623816,6238.16
623925,6239.25
624033,6240.33
624138,6241.38
624237,6242.37
624338,6243.38
624444,6244.44
624552,6245.52
624658,6246.58
624755,6247.55
624842,6248.42
624925,6249.25
625005,6250.05
625088,6250.88
625184,6251.84
625279,6252.79
625370,6253.7
625469,6254.69
625577,6255.77
625680,6256.8
625790,6257.9
625907,6259.07
626025,6260.25
626136,6261.36
626239,6262.39
626344,6263.44
626452,6264.52
626559,6265.59
626663,6266.63
626762,6267.62
626855,6268.55
626952,6269.52
627053,6270.53
627155,6271.55
627253,6272.53
627344,6273.44
627435,6274.35
627527,6275.27
627619,6276.19
627712,6277.12
627816,6278.16
627930,6279.3
628039,6280.39
628148,6281.48
628252,6282.52
628355,6283.55
628461,6284.61
628568,6285.68
628673,6286.73
628770,6287.7
628860,6288.6
628945,6289.45
629041,6290.41
629151,6291.51
629263,6292.63
629369,6293.69
629473,6294.73
629579,6295.79
629685,6296.85
629789,6297.89
629893,6298.93
629991,6299.91
630090,6300.9
630191,6301.91
630294,6302.94
630397,6303.97
630496,6304.96
630590,6305.9
630688,6306.88
630791,6307.91
630897,6308.97
630995,6309.95
631095,6310.95
631198,6311.98
631302,6313.02
631403,6314.03
631497,6314.97
631592,6315.92
631693,6316.93
631801,6318.01
631905,6319.05
632001,6320.01
632099,6320.99
632198,6321.98
632300,6323.0
632397,6323.97
632494,6324.94
632596,6325.96
632705,6327.05
632810,6328.1
632913,6329.13
633017,6330.17
633124,6331.24
633222,6332.22
633319,6333.19
633419,6334.19
633529,6335.29
633645,6336.45
633766,6337.66
633882,6338.82
633998,6339.98
634116,6341.16
634231,6342.31
634347,6343.47
634463,6344.63
634577,6345.77
634688,6346.88
634802,6348.02
634917,6349.17
635025,6350.25
635125,6351.25
635215,6352.15
635311,6353.11
635415,6354.15
635514,6355.14
635607,6356.07
635714,6357.14
635825,6358.25
635936,6359.36
636039,6360.39
636137,6361.37
636244,6362.44
636355,6363.55
636465,6364.65
636572,6365.72
636670,6366.7
636762,6367.62
636855,6368.55
636956,6369.56
637068,6370.68
637177,6371.77
637281,6372.81
637379,6373.79
637479,6374.79
637583,6375.83
637691,6376.91
637799,6377.99
637900,6379.0
637992,6379.92
638090,6380.9
638194,6381.94
638300,6383.0
638402,6384.02
638499,6384.99
638600,6386.0
638705,6387.05
638808,6388.08
638912,6389.12
639009,6390.09
639103,6391.03
639204,6392.04
639310,6393.1
639413,6394.13
639507,6395.07
639598,6395.98
639695,6396.95
639800,6398.0
639906,6399.06
640013,6400.13
640118,6401.18
640222,6402.22
640330,6403.3
640435,6404.35
640535,6405.35
640633,6406.33
640735,6407.35
640840,6408.4
640941,6409.41
641042,6410.42
641147,6411.47
641257,6412.57
641361,6413.61
641464,6414.64
641567,6415.67
641674,6416.74
641781,6417.81
641889,6418.89
641996,6419.96
642105,6421.05
642213,6422.13
642320,6423.2
642432,6424.32
642528,6425.28
642627,6426.27
642731,6427.31
642832,6428.32
642928,6429.28
643035,6430.35
643143,6431.43
643241,6432.41
643327,6433.27
643409,6434.09
643488,6434.88
643570,6435.7
643656,6436.56
643738,6437.38
643821,6438.21
643919,6439.19
644033,6440.33
644141,6441.41
644247,6442.47
644347,6443.47
644446,6444.46
644548,6445.48
644651,6446.51
644751,6447.51
644848,6448.48
644936,6449.36
645018,6450.18
645096,6450.96
645174,6451.74
645253,6452.53
645362,6453.62
645479,6454.79
645598,6455.98
645716,6457.16
645828,6458.28
645933,6459.33
646043,6460.43
646157,6461.57
646270,6462.7
646380,6463.8
646488,6464.88
646596,6465.96
646699,6466.99
646798,6467.98
646895,6468.95
646998,6469.98
647106,6471.06
647213,6472.13
647317,6473.17
647416,6474.16
647510,6475.1
647604,6476.04
647698,6476.98
647801,6478.01
647907,6479.07
648010,6480.1
648107,6481.07
648200,6482.0
648297,6482.97
648394,6483.94
648497,6484.97
648596,6485.96
648695,6486.95
648791,6487.91
648882,6488.82
648968,6489.68
649061,6490.61
649168,6491.68
649273,6492.73
649376,6493.76
649471,6494.71
649561,6495.61
649657,6496.57
649759,6497.59
649862,6498.62
649962,6499.62
650057,6500.57
650148,6501.48
650239,6502.39
650334,6503.34
650433,6504.33
650533,6505.33
650630,6506.3
650721,6507.21
650820,6508.2
650924,6509.24
651025,6510.25
651116,6511.16
651199,6511.99
651280,6512.8
651359,6513.59
651450,6514.5
651559,6515.59
651663,6516.63
651777,6517.77
651891,6518.91
651997,6519.97
652090,6520.9
652178,6521.78
652264,6522.64
652365,6523.65
652477,6524.77
652584,6525.84
652685,6526.85
652786,6527.86
652887,6528.87
652984,6529.84
653073,6530.73
653155,6531.55
653236,6532.36
653312,6533.12
653385,6533.85
653458,6534.58
653533,6535.33
653617,6536.17
653705,6537.05
653787,6537.87
653869,6538.69
653949,6539.49
654027,6540.27
654104,6541.04
654180,6541.8
654256,6542.56
654330,6543.3
654404,6544.04
654478,6544.78
654551,6545.51
654622,6546.22
654694,6546.94
654766,6547.66
654838,6548.38
654909,6549.09
654981,6549.81
655053,6550.53
655125,6551.25
655198,6551.98
655272,6552.72
655349,6553.49
655431,6554.31
655521,6555.21
655618,6556.18
655719,6557.19
655818,6558.18
655923,6559.23
656028,6560.28
656134,6561.34
656240,6562.4
656340,6563.4
656439,6564.39
656535,6565.35
656631,6566.31
656733,6567.33
656837,6568.37
656939,6569.39
657045,6570.45
657153,6571.53
657264,6572.64
657371,6573.71
657476,6574.76
657577,6575.77
657684,6576.84
657799,6577.99
657911,6579.11
658021,6580.21
658126,6581.26
658224,6582.24
658333,6583.33
658445,6584.45
658559,6585.59
658670,6586.7
658774,6587.74
658880,6588.8
658991,6589.91
659103,6591.03
659212,6592.12
659319,6593.19
659413,6594.13
659498,6594.98
659580,6595.8
659662,6596.62
659756,6597.56
659865,6598.65
659976,6599.76
660092,6600.92
660207,6602.07
660320,6603.2
660429,6604.29
660544,6605.44
660659,6606.59
660773,6607.73
660883,6608.83
660987,6609.87
661098,6610.98
661214,6612.14
661331,6613.31
661439,6614.39
661540,6615.4
661648,6616.48
661761,6617.61
661871,6618.71
661976,6619.76
662073,6620.73
662177,6621.77
662287,6622.87
662396,6623.96
662503,6625.03
662603,6626.03
662697,6626.97
662794,6627.94
662899,6628.99
663006,6630.06
663113,6631.13
663212,6632.12
663313,6633.13
663421,6634.21
663531,6635.31
663639,6636.39
663745,6637.45
663849,6638.49
663954,6639.54
664063,6640.63
664170,6641.7
664270,6642.7
664359,6643.59
664441,6644.41
664519,6645.19
664595,6645.95
664669,6646.69
664742,6647.42
664816,6648.16
664890,6648.9
664964,6649.64
665042,6650.42
665130,6651.3
665219,6652.19
665326,6653.26
665438,6654.38
665549,6655.49
665657,6656.57
665770,6657.7
665891,6658.91
666010,6660.1
666127,6661.27
666239,6662.39
666343,6663.43
666436,6664.36
666532,6665.32
666649,6666.49
666768,6667.68
666881,6668.81
666995,6669.95
667115,6671.15
667234,6672.34
667351,6673.51
667466,6674.66
667572,6675.72
667682,6676.82
667793,6677.93
667906,6679.06
668016,6680.16
668119,6681.19
668217,6682.17
668324,6683.24
668434,6684.34
668547,6685.47
668657,6686.57
668764,6687.64
668867,6688.67
668973,6689.73
669085,6690.85
669199,6691.99
669309,6693.09
669407,6694.07
669494,6694.94
669577,6695.77
669663,6696.63
669768,6697.68
669874,6698.74
669987,6699.87
670108,6701.08
670227,6702.27
670345,6703.45
670459,6704.59
670558,6705.58
670658,6706.58
670768,6707.68
670875,6708.75
670976,6709.76
671082,6710.82
671192,6711.92
671305,6713.05
671414,6714.14
671517,6715.17
671615,6716.15
671722,6717.22
671831,6718.31
671938,6719.38
672043,6720.43
672138,6721.38
672223,6722.23
672306,6723.06
672386,6723.86
672465,6724.65
672556,6725.56
672661,6726.61
672764,6727.64
672877,6728.77
672991,6729.91
673102,6731.02
673212,6732.12
673318,6733.18
673429,6734.29
673548,6735.48
673666,6736.66
673781,6737.81
673894,6738.94
674000,6740.0
674112,6741.12
674226,6742.26
674337,6743.37
674447,6744.47
674558,6745.58
674664,6746.64
674774,6747.74
674884,6748.84
674993,6749.93
675097,6750.97
675195,6751.95
675294,6752.94
675397,6753.97
675499,6754.99
675602,6756.02
675701,6757.01
675795,6757.95
675899,6758.99
676004,6760.04
676108,6761.08
676210,6762.1
676306,6763.06
676405,6764.05
676509,6765.09
676619,6766.19
676726,6767.26
676828,6768.28
676933,6769.33
677040,6770.4
677144,6771.44
677242,6772.42
677346,6773.46
677454,6774.54
677563,6775.63
677666,6776.66
677765,6777.65
677869,6778.69
677979,6779.79
678085,6780.85
678185,6781.85
678287,6782.87
678396,6783.96
678505,6785.05
678614,6786.14
678720,6787.2
678819,6788.19
678923,6789.23
679033,6790.33
679145,6791.45
679255,6792.55
679363,6793.63
679475,6794.75
679588,6795.88
679700,6797.0
679811,6798.11
679924,6799.24
680039,6800.39
680154,6801.54
680271,6802.71
680388,6803.88
680502,6805.02
680616,6806.16
680735,6807.35
680851,6808.51
680961,6809.61
681071,6810.71
681187,6811.87
681303,6813.03
681412,6814.12
681521,6815.21
681636,6816.36
681749,6817.49
681857,6818.57
681976,6819.76
682092,6820.92
682204,6822.04
682310,6823.1
682425,6824.25
682538,6825.38
682644,6826.44
682744,6827.44
682851,6828.51
682960,6829.6
683065,6830.65
683170,6831.7
683281,6832.81
683390,6833.9
683494,6834.94
683593,6835.93
683704,6837.04
683815,6838.15
683920,6839.2
684010,6840.1
684098,6840.98
684191,6841.91
684296,6842.96
684396,6843.96
684489,6844.89
684574,6845.74
684657,6846.57
684740,6847.4
684827,6848.27
684918,6849.18
685010,6850.1
685096,6850.96
685180,6851.8
685263,6852.63
685347,6853.47
685434,6854.34
685525,6855.25
685635,6856.35
685744,6857.44
685855,6858.55
685967,6859.67
686077,6860.77
686183,6861.83
686287,6862.87
686392,6863.92
686498,6864.98
686603,6866.03
686704,6867.04
686797,6867.97
686891,6868.91
686994,6869.94
687103,6871.03
687213,6872.13
687318,6873.18
687414,6874.14
687502,6875.02
687594,6875.94
687697,6876.97
687804,6878.04
687910,6879.1
688006,6880.06
688091,6880.91
688174,6881.74
688257,6882.57
688354,6883.54
688462,6884.62
688564,6885.64
688661,6886.61
688769,6887.69
688883,6888.83
688991,6889.91
689093,6890.93
689203,6892.03
689316,6893.16
689425,6894.25
689531,6895.31
689631,6896.31
689736,6897.36
689841,6898.41
689948,6899.48
690056,6900.56
690162,6901.62
690262,6902.62
690363,6903.63
690466,6904.66
690572,6905.72
690677,6906.77
690781,6907.81
690880,6908.8
690973,6909.73
691072,6910.72
691177,6911.77
691286,6912.86
691394,6913.94
691499,6914.99
691596,6915.96
691682,6916.82
691766,6917.66
691848,6918.48
691927,6919.27
692006,6920.06
692084,6920.84
692161,6921.61
692251,6922.51
692352,6923.52
692458,6924.58
692570,6925.7
692681,6926.81
692793,6927.93
692892,6928.92
692990,6929.9
693091,6930.91
693200,6932.0
693309,6933.09
693416,6934.16
693529,6935.29
693651,6936.51
693770,6937.7
693887,6938.87
694000,6940.0
694106,6941.06
694216,6942.16
694328,6943.28
694441,6944.41
694548,6945.48
694656,6946.56
694769,6947.69
694883,6948.83
694995,6949.95
695104,6951.04
695207,6952.07
695309,6953.09
695420,6954.2
695527,6955.27
695633,6956.33
695736,6957.36
695832,6958.32
695925,6959.25
696019,6960.19
696117,6961.17
696211,6962.11
696301,6963.01
696401,6964.01
696504,6965.04
696604,6966.04
696698,6966.98
696791,6967.91
696889,6968.89
696992,6969.92
697098,6970.98
697197,6971.97
697290,6972.9
697389,6973.89
697489,6974.89
697592,6975.92
697697,6976.97
697799,6977.99
697903,6979.03
698015,6980.15
698126,6981.26
698236,6982.36
698344,6983.44
698446,6984.46
698549,6985.49
698656,6986.56
698765,6987.65
698869,6988.69
698969,6989.69
699070,6990.7
699174,6991.74
699281,6992.81
699384,6993.84
699484,6994.84
699577,6995.77
699666,6996.66
699769,6997.69
699883,6998.83
699999,6999.99
700113,7001.13
700225,7002.25
700333,7003.33
700438,7004.38
700547,7005.47
700659,7006.59
700773,7007.73
700884,7008.84
700994,7009.94
701106,7011.06
701218,7012.18
701329,7013.29
701437,7014.37
701544,7015.44
701654,7016.54
701764,7017.64
701875,7018.75
701985,7019.85
702090,7020.9
702192,7021.92
702301,7023.01
702409,7024.09
702516,7025.16
702623,7026.23
702725,7027.25
702826,7028.26
702934,7029.34
703045,7030.45
703156,7031.56
703260,7032.6
703359,7033.59
703464,7034.64
703572,7035.72
703678,7036.78
703780,7037.8
703879,7038.79
703984,7039.84
704092,7040.92
704197,7041.97
704295,7042.95
704391,7043.91
704493,7044.93
704596,7045.96
704694,7046.94
704783,7047.83
704873,7048.73
704965,7049.65
705059,7050.59
705153,7051.53
705247,7052.47
705346,7053.46
705455,7054.55
705566,7055.66
705676,7056.76
705780,7057.8
705887,7058.87
705991,7059.91
706100,7061.0
706206,7062.06
706309,7063.09
706420,7064.2
706533,7065.33
706646,7066.46
706752,7067.52
706855,7068.55
706962,7069.62
707069,7070.69
707174,7071.74
707274,7072.74
707371,7073.71
707480,7074.8
707591,7075.91
707702,7077.02
707808,7078.08
707908,7079.08
708014,7080.14
708120,7081.2
708228,7082.28
708335,7083.35
708434,7084.34
708534,7085.34
708641,7086.41
708750,7087.5
708858,7088.58
708965,7089.65
709067,7090.67
709169,7091.69
709274,7092.74
709380,7093.8
709485,7094.85
709585,7095.85
709677,7096.77
709775,7097.75
709879,7098.79
709986,7099.86
710090,7100.9
710187,7101.87
710288,7102.88
710389,7103.89
710496,7104.96
710597,7105.97
710692,7106.92
710789,7107.89
710887,7108.87
710990,7109.9
711095,7110.95
711197,7111.97
711303,7113.03
711411,7114.11
711519,7115.19
711627,7116.27
711733,7117.33
711833,7118.33
711932,7119.32
712037,7120.37
712145,7121.45
712249,7122.49
712347,7123.47
712449,7124.49
712558,7125.58
712669,7126.69
712776,7127.76
712877,7128.77
712970,7129.7
713073,7130.73
713182,7131.82
713290,7132.9
713396,7133.96
713503,7135.03
713607,7136.07
713717,7137.17
713831,7138.31
713943,7139.43
714050,7140.5
714157,7141.57
714267,7142.67
714378,7143.78
714489,7144.89
714594,7145.94
714693,7146.93
714796,7147.96
714900,7149.0
715009,7150.09
715115,7151.15
715219,7152.19
715330,7153.3
715443,7154.43
715553,7155.53
715661,7156.61
715761,7157.61
715858,7158.58
715964,7159.64
716074,7160.74
716185,7161.85
716289,7162.89
716385,7163.85
716487,7164.87
716597,7165.97
716705,7167.05
716807,7168.07
716902,7169.02
717004,7170.04
717112,7171.12
717223,7172.23
717330,7173.3
717427,7174.27
717523,7175.23
717627,7176.27
717735,7177.35
717838,7178.38
717943,7179.43
718044,7180.44
718141,7181.41
718239,7182.39
718327,7183.27
718410,7184.1
718488,7184.88
718562,7185.62
718639,7186.39
718747,7187.47
718863,7188.63
718980,7189.8
719094,7190.94
719211,7192.11
719329,7193.29
719443,7194.43
719549,7195.49
719664,7196.64
719783,7197.83
719898,7198.98
720010,7200.1
720118,7201.18
720232,7202.32
720345,7203.45
720457,7204.57
720569,7205.69
720676,7206.76
720789,7207.89
720907,7209.07
721020,7210.2
721131,7211.31
721234,7212.34
721342,7213.42
721453,7214.53
721561,7215.61
721667,7216.67
721767,7217.67
721871,7218.71
721980,7219.8
722090,7220.9
722200,7222.0
722303,7223.03
722405,7224.05
722514,7225.14
722622,7226.22
722728,7227.28
722834,7228.34
722935,7229.35
723037,7230.37
723147,7231.47
723261,7232.61
723372,7233.72
723479,7234.79
723579,7235.79
723686,7236.86
723796,7237.96
723907,7239.07
724014,7240.14
724116,7241.16
724220,7242.2
724328,7243.28
724437,7244.37
724545,7245.45
724640,7246.4
724735,7247.35
724839,7248.39
724945,7249.45
725051,7250.51
725149,7251.49
725244,7252.44
725342,7253.42
725437,7254.37
725530,7255.3
725621,7256.21
725718,7257.18
725819,7258.19
725915,7259.15
726009,7260.09
726109,7261.09
726219,7262.19
726326,7263.26
726430,7264.3
726529,7265.29
726633,7266.33
726739,7267.39
726847,7268.47
726951,7269.51
727051,7270.51
727156,7271.56
727263,7272.63
727365,7273.65
727461,7274.61
727563,7275.63
727661,7276.61
727762,7277.62
727862,7278.62
727961,7279.61
728069,7280.69
728179,7281.79
728287,7282.87
728387,7283.87
728492,7284.92
728600,7286.0
728708,7287.08
728810,7288.1
728911,7289.11
729008,7290.08
729107,7291.07
729204,7292.04
729301,7293.01
729411,7294.11
729527,7295.27
729645,7296.45
729757,7297.57
729871,7298.71
729987,7299.87
730101,7301.01
730208,7302.08
730316,7303.16
730426,7304.26
730538,7305.38
730647,7306.47
730753,7307.53
730853,7308.53
730951,7309.51
731056,7310.56
731165,7311.65
731273,7312.73
731379,7313.79
731479,7314.79
731577,7315.77
731683,7316.83
731794,7317.94
731902,7319.02
732002,7320.02
732098,7320.98
732207,7322.07
732316,7323.16
732424,7324.24
732526,7325.26
732623,7326.23
732728,7327.28
732835,7328.35
732940,7329.4
733042,7330.42
733138,7331.38
733239,7332.39
733345,7333.45
733454,7334.54
733558,7335.58
733659,7336.59
733769,7337.69
733879,7338.79
733987,7339.87
734095,7340.95
734199,7341.99
734302,7343.02
734412,7344.12
734524,7345.24
734634,7346.34
734741,7347.41
734846,7348.46
734958,7349.58
735069,7350.69
735177,7351.77
735279,7352.79
735387,7353.87
735498,7354.98
735606,7356.06
735715,7357.15
735818,7358.18
735924,7359.24
736034,7360.34
736144,7361.44
736251,7362.51
736353,7363.53
736451,7364.51
736555,7365.55
736662,7366.62
736768,7367.68
736872,7368.72
736970,7369.7
737065,7370.65
737165,7371.65
737269,7372.69
737374,7373.74
737471,7374.71
737565,7375.65
737669,7376.69
737776,7377.76
737884,7378.84
737992,7379.92
738093,7380.93
738195,7381.95
738303,7383.03
738414,7384.14
738522,7385.22
738626,7386.26
738721,7387.21
738820,7388.2
738923,7389.23
739028,7390.28
739133,7391.33
739232,7392.32
739326,7393.26
739426,7394.26
739535,7395.35
739644,7396.44
739748,7397.48
739847,7398.47
739952,7399.52
740062,7400.62
740174,7401.74
740281,7402.81
740382,7403.82
740491,7404.91
740604,7406.04
740718,7407.18
740829,7408.29
740935,7409.35
741040,7410.4
741145,7411.45
741247,7412.47
741345,7413.45
741454,7414.54
741568,7415.68
741676,7416.76
741771,7417.71
741863,7418.63
741954,7419.54
742055,7420.55
742162,7421.62
742266,7422.66
742362,7423.62
742463,7424.63
742569,7425.69
742681,7426.81
742791,7427.91
742894,7428.94
743002,7430.02
743113,7431.13
743222,7432.22
743326,7433.26
743424,7434.24
743518,7435.18
743621,7436.21
743729,7437.29
743837,7438.37
743937,7439.37
744038,7440.38
744147,7441.47
744255,7442.55
744360,7443.6
744462,7444.62
744561,7445.61
744669,7446.69
744782,7447.82
744891,7448.91
744996,7449.96
745105,7451.05
745217,7452.17
745325,7453.25
745426,7454.26
745534,7455.34
745646,7456.46
745761,7457.61
745868,7458.68
745968,7459.68
746073,7460.73
746181,7461.81
746290,7462.9
746399,7463.99
746503,7465.03
746601,7466.01
746706,7467.06
746816,7468.16
746928,7469.28
747035,7470.35
747135,7471.35
747241,7472.41
747351,7473.51
747456,7474.56
747553,7475.53
747647,7476.47
747751,7477.51
747859,7478.59
747965,7479.65
748063,7480.63
748160,7481.6
748265,7482.65
748370,7483.7
748476,7484.76
748576,7485.76
748669,7486.69
748769,7487.69
748880,7488.8
748992,7489.92
749098,7490.98
749200,7492.0
749309,7493.09
749422,7494.22
749533,7495.33
749637,7496.37
749739,7497.39
749847,7498.47
749956,7499.56
750062,7500.62
750166,7501.66
750269,7502.69
750380,7503.8
750488,7504.88
750594,7505.94
750700,7507.0
750799,7507.99
750900,7509.0
751005,7510.05
751113,7511.13
751218,7512.18
751323,7513.23
751428,7514.28
751534,7515.34
751634,7516.34
751727,7517.27
751814,7518.14
751901,7519.01
751987,7519.87
752057,7520.57
752127,7521.27
752215,7522.15
752303,7523.03
752403,7524.03
752510,7525.1
752615,7526.15
752728,7527.28
752846,7528.46
752962,7529.62
753073,7530.73
753180,7531.8
753295,7532.95
753412,7534.12
753526,7535.26
753637,7536.37
753742,7537.42
753854,7538.54
753969,7539.69
754083,7540.83
754192,7541.92
754297,7542.97
754407,7544.07
754515,7545.15
754623,7546.23
754725,7547.25
754828,7548.28
754933,7549.33
755045,7550.45
755156,7551.56
755256,7552.56
755354,7553.54
755449,7554.49
755544,7555.44
755640,7556.4
755740,7557.4
755834,7558.34
755925,7559.25
756029,7560.29
756138,7561.38
756248,7562.48
756353,7563.53
756457,7564.57
756563,7565.63
756669,7566.69
756773,7567.73
756870,7568.7
756963,7569.63
757063,7570.63
757166,7571.66
757268,7572.68
757362,7573.62
757453,7574.53
757557,7575.57
757666,7576.66
757771,7577.71
757870,7578.7
757967,7579.67
758068,7580.68
758172,7581.72
758279,7582.79
758381,7583.81
758479,7584.79
758587,7585.87
758691,7586.91
758782,7587.82
758867,7588.67
758946,7589.46
759027,7590.27
759116,7591.16
759233,7592.33
759348,7593.48
759469,7594.69
759590,7595.9
759710,7597.1
759823,7598.23
759935,7599.35
760053,7600.53
760170,7601.7
760284,7602.84
760396,7603.96
760501,7605.01
760610,7606.1
760723,7607.23
760839,7608.39
760948,7609.48
761054,7610.54
761167,7611.67
761281,7612.81
761392,7613.92
761498,7614.98
761600,7616.0
761707,7617.07
761815,7618.15
761921,7619.21
762023,7620.23
762120,7621.2
762223,7622.23
762328,7623.28
762431,7624.31
762532,7625.32
762629,7626.29
762736,7627.36
762844,7628.44
762949,7629.49
763051,7630.51
763149,7631.49
763252,7632.52
763358,7633.58
763463,7634.63
763559,7635.59
763659,7636.59
763766,7637.66
763877,7638.77
763983,7639.83
764081,7640.81
764183,7641.83
764291,7642.91
764401,7644.01
764508,7645.08
764611,7646.11
764711,7647.11
764813,7648.13
764918,7649.18
765022,7650.22
765124,7651.24
765228,7652.28
765339,7653.39
765452,7654.52
765561,7655.61
765665,7656.65
765774,7657.74
765884,7658.84
765996,7659.96
766107,7661.07
766214,7662.14
766316,7663.16
766420,7664.2
766527,7665.27
766636,7666.36
766743,7667.43
766848,7668.48
766956,7669.56
767065,7670.65
767169,7671.69
767271,7672.71
767382,7673.82
767494,7674.94
767602,7676.02
767703,7677.03
767811,7678.11
767920,7679.2
768028,7680.28
768134,7681.34
768240,7682.4
768352,7683.52
768463,7684.63
768572,7685.72
768677,7686.77
768786,7687.86
768896,7688.96
769006,7690.06
769113,7691.13
769216,7692.16
769323,7693.23
769434,7694.34
769548,7695.48
769649,7696.49
769755,7697.55
769857,7698.57
769968,7699.68
770078,7700.78
770182,7701.82
770281,7702.81
770387,7703.87
770497,7704.97
770603,7706.03
770701,7707.01
770800,7708.0
770909,7709.09
771020,7710.2
771130,7711.3
771237,7712.37
771339,7713.39
771444,7714.44
771556,7715.56
771666,7716.66
771772,7717.72
771869,7718.69
771973,7719.73
772081,7720.81
772188,7721.88
772291,7722.91
772389,7723.89
772500,7725.0
772613,7726.13
772727,7727.27
772835,7728.35
772941,7729.41
773051,7730.51
773164,7731.64
773273,7732.73
773374,7733.74
773471,7734.71
773580,7735.8
773695,7736.95
773810,7738.1
773921,7739.21
774027,7740.27
774125,7741.25
774223,7742.23
774336,7743.36
774449,7744.49
774557,7745.57
774663,7746.63
774771,7747.71
774876,7748.76
774976,7749.76
775075,7750.75
775179,7751.79
775283,7752.83
775383,7753.83
775481,7754.81
775588,7755.88
775697,7756.97
775799,7757.99
775897,7758.97
776006,7760.06
776117,7761.17
776229,7762.29
776336,7763.36
776436,7764.36
776541,7765.41
776652,7766.52
776762,7767.62
776866,7768.66
776968,7769.68
777076,7770.76
777187,7771.87
777296,7772.96
777403,7774.03
777504,7775.04
777609,7776.09
777719,7777.19
777828,7778.28
777934,7779.34
778034,7780.34
778136,7781.36
778238,7782.38
778342,7783.42
778442,7784.42
778536,7785.36
778634,7786.34
778737,7787.37
778841,7788.41
778942,7789.42
779040,7790.4
779145,7791.45
779254,7792.54
779360,7793.6
779463,7794.63
779569,7795.69
779680,7796.8
779792,7797.92
779900,7799.0
780002,7800.02
780111,7801.11
780213,7802.13
780316,7803.16
780421,7804.21
780526,7805.26
780638,7806.38
780753,7807.53
780866,7808.66
780976,7809.76
781083,7810.83
781194,7811.94
781303,7813.03
781410,7814.1
781515,7815.15
781616,7816.16
781721,7817.21
781827,7818.27
781932,7819.32
782037,7820.37
782135,7821.35
782236,7822.36
782347,7823.47
782457,7824.57
782566,7825.66
782670,7826.7
782770,7827.7
782881,7828.81
782991,7829.91
783099,7830.99
783205,7832.05
783313,7833.13
783420,7834.2
783527,7835.27
783628,7836.28
783723,7837.23
783824,7838.24
783929,7839.29
784031,7840.31
784128,7841.28
784222,7842.22
784322,7843.22
784432,7844.32
784538,7845.38
784639,7846.39
784747,7847.47
784857,7848.57
784966,7849.66
785071,7850.71
785170,7851.7
785274,7852.74
785382,7853.82
785489,7854.89
785591,7855.91
785687,7856.87
785792,7857.92
785903,7859.03
786013,7860.13
786119,7861.19
786223,7862.23
786329,7863.29
786436,7864.36
786542,7865.42
786641,7866.41
786739,7867.39
786841,7868.41
786946,7869.46
787048,7870.48
787144,7871.44
787244,7872.44
787349,7873.49
787455,7874.55
787559,7875.59
787659,7876.59
787765,7877.65
787874,7878.74
787981,7879.81
788083,7880.83
788185,7881.85
788286,7882.86
788393,7883.93
788497,7884.97
788594,7885.94
788699,7886.99
788808,7888.08
788916,7889.16
789020,7890.2
789123,7891.23
789233,7892.33
789340,7893.4
789444,7894.44
789541,7895.41
789644,7896.44
789751,7897.51
789859,7898.59
789961,7899.61
790059,7900.59
790159,7901.59
790266,7902.66
790372,7903.72
790472,7904.72
790577,7905.77
790681,7906.81
790782,7907.82
790879,7908.79
790976,7909.76
791074,7910.74
791173,7911.73
791273,7912.73
791369,7913.69
791476,7914.76
791589,7915.89
791696,7916.96
791799,7917.99
791905,7919.05
792017,7920.17
792126,7921.26
792229,7922.29
792333,7923.33
792442,7924.42
792551,7925.51
792657,7926.57
792759,7927.59
792867,7928.67
792982,7929.82
793092,7930.92
793198,7931.98
793304,7933.04
793412,7934.12
793523,7935.23
793629,7936.29
793731,7937.31
793836,7938.36
793945,7939.45
794055,7940.55
794158,7941.58
794257,7942.57
794361,7943.61
794467,7944.67
794572,7945.72
794677,7946.77
794781,7947.81
794888,7948.88
794992,7949.92
795093,7950.93
795187,7951.87
795289,7952.89
795397,7953.97
795502,7955.02
795600,7956.0
795692,7956.92
795790,7957.9
795891,7958.91
795995,7959.95
796096,7960.96
796192,7961.92
796290,7962.9
796396,7963.96
796503,7965.03
796605,7966.05
796706,7967.06
796815,7968.15
796924,7969.24
797030,7970.3
797131,7971.31
797236,7972.36
797340,7973.4
797443,7974.43
797545,7975.45
797644,7976.44
797747,7977.47
797855,7978.55
797961,7979.61
798063,7980.63
798167,7981.67
798275,7982.75
798382,7983.82
798487,7984.87
798592,7985.92
798700,7987.0
798808,7988.08
798917,7989.17
799022,7990.22
799130,7991.3
799238,7992.38
799344,7993.44
799445,7994.45
799549,7995.49
799655,7996.55
799761,7997.61
799863,7998.63
799962,7999.62
800066,8000.66
800172,8001.72
800276,8002.76
800374,8003.74
800478,8004.78
800586,8005.86
800690,8006.9
800797,8007.97
800902,8009.02
800999,8009.99
801098,8010.98
801199,8011.99
801305,8013.05
801406,8014.06
801503,8015.03
801610,8016.1
801720,8017.2
801824,8018.24
801925,8019.25
802030,8020.3
802137,8021.37
802244,8022.44
802346,8023.46
802446,8024.46
802552,8025.52
802657,8026.57
802759,8027.59
802856,8028.56
802959,8029.59
803066,8030.66
803172,8031.72
803273,8032.73
803374,8033.74
803481,8034.81
803588,8035.88
803691,8036.91
803788,8037.88
803891,8038.91
804000,8040.0
804108,8041.08
804210,8042.1
804314,8043.14
804391,8043.91
804469,8044.69
804574,8045.74
804676,8046.76
804781,8047.81
804890,8048.9
804999,8049.99
805105,8051.05
805206,8052.06
805313,8053.13
805423,8054.23
805531,8055.31
805632,8056.32
805739,8057.39
805846,8058.46
805953,8059.53
806057,8060.57
806161,8061.61
806271,8062.71
806381,8063.81
806492,8064.92
806596,8065.96
806698,8066.98
806806,8068.06
806916,8069.16
807024,8070.24
807126,8071.26
807229,8072.29
807336,8073.36
807446,8074.46
807553,8075.53
807656,8076.56
807762,8077.62
807870,8078.7
807975,8079.75
808077,8080.77
808180,8081.8
808287,8082.87
808394,8083.94
808499,8084.99
808598,8085.98
808700,8087.0
808810,8088.1
808918,8089.18
809024,8090.24
809125,8091.25
809232,8092.32
809342,8093.42
809446,8094.46
809543,8095.43
809635,8096.35
809732,8097.32
809832,8098.32
809929,8099.29
810019,8100.19
810113,8101.13
810216,8102.16
810322,8103.22
810421,8104.21
810520,8105.2
810625,8106.25
810733,8107.33
810838,8108.38
810939,8109.39
811043,8110.43
811151,8111.51
811259,8112.59
811362,8113.62
811462,8114.62
811570,8115.7
811676,8116.76
811781,8117.81
811881,8118.81
811984,8119.84
812095,8120.95
812205,8122.05
812311,8123.11
812417,8124.17
812530,8125.3
812644,8126.44
812752,8127.52
812855,8128.55
812955,8129.55
813061,8130.61
813168,8131.68
813275,8132.75
813376,8133.76
813475,8134.75
813579,8135.79
813685,8136.85
813790,8137.9
813888,8138.88
813993,8139.93
814099,8140.99
814205,8142.05
814306,8143.06
814408,8144.08
814517,8145.17
814623,8146.23
814727,8147.27
814827,8148.27
814931,8149.31
815036,8150.36
815141,8151.41
815242,8152.42
815350,8153.5
815459,8154.59
815566,8155.66
815665,8156.65
815766,8157.66
815872,8158.72
815979,8159.79
816079,8160.79
816179,8161.79
816283,8162.83
816387,8163.87
816488,8164.88
816584,8165.84
816683,8166.83
816789,8167.89
816897,8168.97
817000,8170.0
817102,8171.02
817210,8172.1
817319,8173.19
817422,8174.22
817523,8175.23
817631,8176.31
817739,8177.39
817843,8178.43
817942,8179.42
818047,8180.47
818154,8181.54
818260,8182.6
818361,8183.61
818470,8184.7
818582,8185.82
818693,8186.93
818800,8188.0
818910,8189.1
819023,8190.23
819135,8191.35
819240,8192.4
819345,8193.45
819453,8194.53
819561,8195.61
819665,8196.65
819764,8197.64
819866,8198.66
819973,8199.73
820082,8200.82
820183,8201.83
820283,8202.83
820387,8203.87
820491,8204.91
820593,8205.93
820691,8206.91
820791,8207.91
820896,8208.96
821003,8210.03
821106,8211.06
821205,8212.05
821308,8213.08
821411,8214.11
821515,8215.15
821615,8216.15
821713,8217.13
821817,8218.17
821925,8219.25
822031,8220.31
822133,8221.33
822241,8222.41
822352,8223.52
822459,8224.59
822562,8225.62
822666,8226.66
822772,8227.72
822878,8228.78
822983,8229.83
823088,8230.88
823190,8231.9
823286,8232.86
823384,8233.84
823483,8234.83
823586,8235.86
823690,8236.9
823792,8237.92
823886,8238.86
823981,8239.81
824070,8240.7
824161,8241.61
824254,8242.54
824348,8243.48
824461,8244.61
824578,8245.78
824691,8246.91
824802,8248.02
824918,8249.18
825032,8250.32
825144,8251.44
825251,8252.51
825364,8253.64
825472,8254.72
825578,8255.78
825679,8256.79
825786,8257.86
825900,8259.0
826011,8260.11
826117,8261.17
826220,8262.2
826331,8263.31
826443,8264.43
826551,8265.51
826654,8266.54
826761,8267.61
826867,8268.67
826973,8269.73
827070,8270.7
827171,8271.71
827275,8272.75
827382,8273.82
827484,8274.84
827579,8275.79
827681,8276.81
827791,8277.91
827896,8278.96
827998,8279.98
828102,8281.02
828210,8282.1
828315,8283.15
828412,8284.12
828507,8285.07
828606,8286.06
828708,8287.08
828813,8288.13
828914,8289.14
829020,8290.2
829127,8291.27
829234,8292.34
829334,8293.34
829433,8294.33
829538,8295.38
829647,8296.47
829751,8297.51
829854,8298.54
829963,8299.63
830071,8300.71
830175,8301.75
830273,8302.73
830377,8303.77
830482,8304.82
830582,8305.82
830676,8306.76
830775,8307.75
830879,8308.79
830985,8309.85
831084,8310.84
831188,8311.88
831298,8312.98
831407,8314.07
831511,8315.11
831610,8316.1
831717,8317.17
831827,8318.27
831931,8319.31
832032,8320.32
832138,8321.38
832246,8322.46
832351,8323.51
832449,8324.49
832542,8325.42
832641,8326.41
832744,8327.44
832845,8328.45
832942,8329.42
833045,8330.45
833154,8331.54
833263,8332.63
833367,8333.67
833471,8334.71
833577,8335.77
833684,8336.84
833789,8337.89
833891,8338.91
833998,8339.98
834111,8341.11
834222,8342.22
834326,8343.26
834431,8344.31
834541,8345.41
834650,8346.5
834754,8347.54
834855,8348.55
834960,8349.6
835068,8350.68
835173,8351.73
835273,8352.73
835376,8353.76
835483,8354.83
835590,8355.9
835690,8356.9
835788,8357.88
835889,8358.89
835992,8359.92
836095,8360.95
836191,8361.91
836290,8362.9
836393,8363.93
836499,8364.99
836599,8365.99
836701,8367.01
836807,8368.07
836915,8369.15
837019,8370.19
837118,8371.18
837224,8372.24
837332,8373.32
837439,8374.39
837539,8375.39
837640,8376.4
837741,8377.41
837843,8378.43
837940,8379.4
838042,8380.42
838150,8381.5
838257,8382.57
838361,8383.61
838462,8384.62
838567,8385.67
838676,8386.76
838784,8387.84
838886,8388.86
838996,8389.96
839105,8391.05
839211,8392.11
839314,8393.14
839424,8394.24
839534,8395.34
839639,8396.39
839736,8397.36
839840,8398.4
839948,8399.48
840052,8400.52
840153,8401.53
840258,8402.58
840365,8403.65
840468,8404.68
840566,8405.66
840671,8406.71
840779,8407.79
840888,8408.88
840991,8409.91
841098,8410.98
841208,8412.08
841318,8413.18
841427,8414.27
841531,8415.31
841639,8416.39
841747,8417.47
841852,8418.52
841952,8419.52
842055,8420.55
842163,8421.63
842271,8422.71
842375,8423.75
842478,8424.78
842585,8425.85
842690,8426.9
842788,8427.88
842881,8428.81
842981,8429.81
843082,8430.82
843186,8431.86
843284,8432.84
843390,8433.9
843499,8434.99
843607,8436.07
843710,8437.1
843816,8438.16
843924,8439.24
844031,8440.31
844132,8441.32
844235,8442.35
844341,8443.41
844448,8444.48
844551,8445.51
844654,8446.54
844760,8447.6
844866,8448.66
844970,8449.7
845068,8450.68
845170,8451.7
845277,8452.77
845383,8453.83
845485,8454.85
845593,8455.93
845700,8457.0
845806,8458.06
845909,8459.09
846014,8460.14
846123,8461.23
846231,8462.31
846334,8463.34
846437,8464.37
846545,8465.45
846651,8466.51
846754,8467.54
846852,8468.52
846951,8469.51
847055,8470.55
847160,8471.6
847261,8472.61
847363,8473.63
847473,8474.73
847578,8475.78
847683,8476.83
847782,8477.82
847889,8478.89
847996,8479.96
848103,8481.03
848204,8482.04
848309,8483.09
848414,8484.14
848516,8485.16
848618,8486.18
848722,8487.22
848827,8488.27
848926,8489.26
849020,8490.2
849113,8491.13
849215,8492.15
849317,8493.17
849415,8494.15
849512,8495.12
849611,8496.11
849722,8497.22
849835,8498.35
849943,8499.43
850046,8500.46
850155,8501.55
850266,8502.66
850372,8503.72
850471,8504.71
850574,8505.74
850685,8506.85
850792,8507.92
850896,8508.96
850994,8509.94
851099,8510.99
851210,8512.1
851321,8513.21
851428,8514.28
851528,8515.28
851629,8516.29
851733,8517.33
851837,8518.37
851939,8519.39
852037,8520.37
852143,8521.43
852257,8522.57
852368,8523.68
852478,8524.78
852581,8525.81
852689,8526.89
852802,8528.02
852908,8529.08
853009,8530.09
853114,8531.14
853224,8532.24
853333,8533.33
853437,8534.37
853537,8535.37
853646,8536.46
853755,8537.55
853858,8538.58
853955,8539.55
854057,8540.57
854165,8541.65
854272,8542.72
854375,8543.75
854479,8544.79
854587,8545.87
854696,8546.96
854804,8548.04
854908,8549.08
855007,8550.07
855109,8551.09
855213,8552.13
855315,8553.15
855413,8554.13
855510,8555.1
855617,8556.17
855722,8557.22
855825,8558.25
855921,8559.21
856023,8560.23
856127,8561.27
856235,8562.35
856337,8563.37
856437,8564.37
856541,8565.41
856649,8566.49
856752,8567.52
856852,8568.52
856959,8569.59
857068,8570.68
857177,8571.77
857283,8572.83
857389,8573.89
857498,8574.98
857607,8576.07
857710,8577.1
857809,8578.09
857914,8579.14
858020,8580.2
858127,8581.27
858227,8582.27
858330,8583.3
858437,8584.37
858545,8585.45
858648,8586.48
858754,8587.54
858862,8588.62
858970,8589.7
859072,8590.72
859167,8591.67
859263,8592.63
859366,8593.66
859467,8594.67
859567,8595.67
859660,8596.6
859754,8597.54
859863,8598.63
859970,8599.7
860077,8600.77
860188,8601.88
860299,8602.99
860409,8604.09
860514,8605.14
860623,8606.23
860733,8607.33
860843,8608.43
860947,8609.47
861045,8610.45
861147,8611.47
861252,8612.52
861354,8613.54
861452,8614.52
861554,8615.54
861658,8616.58
861762,8617.62
861860,8618.6
861959,8619.59
862062,8620.62
862166,8621.66
862267,8622.67
862369,8623.69
862476,8624.76
862581,8625.81
862686,8626.86
862784,8627.84
862883,8628.83
862987,8629.87
863091,8630.91
863191,8631.91
863285,8632.85
863385,8633.85
863489,8634.89
863595,8635.95
863695,8636.95
863790,8637.9
863893,8638.93
864000,8640.0
864102,8641.02
864201,8642.01
864302,8643.02
864415,8644.15
864529,8645.29
864640,8646.4
864746,8647.46
864856,8648.56
864966,8649.66
865071,8650.71
865170,8651.7
865276,8652.76
865390,8653.9
865501,8655.01
865606,8656.06
865711,8657.11
865820,8658.2
865929,8659.29
866036,8660.36
866136,8661.36
866240,8662.4
866347,8663.47
866455,8664.55
866558,8665.58
866660,8666.6
866768,8667.68
866877,8668.77
866986,8669.86
867090,8670.9
867192,8671.92
867299,8672.99
867408,8674.08
867513,8675.13
867610,8676.1
867710,8677.1
867815,8678.15
867919,8679.19
868019,8680.19
868118,8681.18
868222,8682.22
868328,8683.28
868430,8684.3
868528,8685.28
868631,8686.31
868739,8687.39
868844,8688.44
868944,8689.44
869042,8690.42
869148,8691.48
869257,8692.57
869364,8693.64
869463,8694.63
869569,8695.69
869679,8696.79
869787,8697.87
869889,8698.89
869995,8699.95
870104,8701.04
870216,8702.16
870321,8703.21
870423,8704.23
870531,8705.31
870639,8706.39
870742,8707.42
870840,8708.4
870940,8709.4
871043,8710.43
871147,8711.47
871244,8712.44
871341,8713.41
871445,8714.45
871551,8715.51
871654,8716.54
871750,8717.5
871853,8718.53
871958,8719.58
872062,8720.62
872159,8721.59
872259,8722.59
872365,8723.65
872471,8724.71
872573,8725.73
872676,8726.76
872782,8727.82
872891,8728.91
872999,8729.99
873102,8731.02
873208,8732.08
873320,8733.2
873427,8734.27
873526,8735.26
873626,8736.26
873727,8737.27
873829,8738.29
873929,8739.29
874024,8740.24
874129,8741.29
874242,8742.42
874350,8743.5
874453,8744.53
874559,8745.59
874670,8746.7
874777,8747.77
874879,8748.79
874978,8749.78
875085,8750.85
875194,8751.94
875295,8752.95
875392,8753.92
875498,8754.98
875606,8756.06
875714,8757.14
875816,8758.16
875923,8759.23
876035,8760.35
876141,8761.41
876242,8762.42
876347,8763.47
876455,8764.55
876563,8765.63
876665,8766.65
876768,8767.68
876872,8768.72
876976,8769.76
877076,8770.76
877172,8771.72
877274,8772.74
877382,8773.82
877492,8774.92
877596,8775.96
877703,8777.03
877812,8778.12
877919,8779.19
878023,8780.23
878121,8781.21
878224,8782.24
878331,8783.31
878436,8784.36
878535,8785.35
878637,8786.37
878743,8787.43
878848,8788.48
878946,8789.46
879046,8790.46
879153,8791.53
879261,8792.61
879364,8793.64
879464,8794.64
879566,8795.66
879673,8796.73
879779,8797.79
879879,8798.79
879977,8799.77
880080,8800.8
880184,8801.84
880287,8802.87
880385,8803.85
880490,8804.9
880587,8805.87
880683,8806.83
880776,8807.76
880866,8808.66
880965,8809.65
881073,8810.73
881181,8811.81
881284,8812.84
881394,8813.94
881509,8815.09
881618,8816.18
881721,8817.21
881829,8818.29
881937,8819.37
882039,8820.39
882144,8821.44
882250,8822.5
882359,8823.59
882461,8824.61
882560,8825.6
882665,8826.65
882776,8827.76
882882,8828.82
882979,8829.79
883078,8830.78
883182,8831.82
883286,8832.86
883381,8833.81
883473,8834.73
883576,8835.76
883681,8836.81
883785,8837.85
883882,8838.82
883976,8839.76
884081,8840.81
884186,8841.86
884289,8842.89
884386,8843.86
884487,8844.87
884595,8845.95
884701,8847.01
884804,8848.04
884903,8849.03
885011,8850.11
885120,8851.2
885227,8852.27
885326,8853.26
885429,8854.29
885535,8855.35
885639,8856.39
885736,8857.36
885829,8858.29
885930,8859.3
886038,8860.38
886144,8861.44
886245,8862.45
886337,8863.37
886423,8864.23
886502,8865.02
886577,8865.77
886650,8866.5
886720,8867.2
886791,8867.91
886863,8868.63
886935,8869.35
887006,8870.06
887078,8870.78
887150,8871.5
887223,8872.23
887295,8872.95
887367,8873.67
887440,8874.4
887513,8875.13
887587,8875.87
887661,8876.61
887737,8877.37
887813,8878.13
887890,8878.9
887968,8879.68
888047,8880.47
888125,8881.25
888205,8882.05
888286,8882.86
888367,8883.67
888446,8884.46
888524,8885.24
888600,8886.0
888676,8886.76
888752,8887.52
888828,8888.28
888906,8889.06
888982,8889.82
889059,8890.59
889136,8891.36
889212,8892.12
889289,8892.89
889369,8893.69
889464,8894.64
889564,8895.64
889661,8896.61
889749,8897.49
889831,8898.31
889908,8899.08
889986,8899.86
890062,8900.62
890135,8901.35
890208,8902.08
890279,8902.79
890352,8903.52
890425,8904.25
890497,8904.97
890569,8905.69
890641,8906.41
890711,8907.11
890782,8907.82
890854,8908.54
890924,8909.24
890993,8909.93
891064,8910.64
891133,8911.33
891202,8912.02
891269,8912.69
891338,8913.38
891405,8914.05
891472,8914.72
891539,8915.39
891606,8916.06
891673,8916.73
891739,8917.39
891806,8918.06
891873,8918.73
891940,8919.4
892009,8920.09
892081,8920.81
892156,8921.56
892237,8922.37
892326,8923.26
892421,8924.21
892521,8925.21
892625,8926.25
892729,8927.29
892836,8928.36
892947,8929.47
893055,8930.55
893149,8931.49
893233,8932.33
893314,8933.14
893391,8933.91
893467,8934.67
893543,8935.43
893653,8936.53
893760,8937.6
893876,8938.76
893997,8939.97
894115,8941.15
894231,8942.31
894352,8943.52
894478,8944.78
894600,8946.0
894715,8947.15
894830,8948.3
894943,8949.43
895056,8950.56
895156,8951.56
895248,8952.48
895333,8953.33
895415,8954.15
895493,8954.93
895570,8955.7
895657,8956.57
895771,8957.71
895893,8958.93
896018,8960.18
896142,8961.42
896258,8962.58
896375,8963.75
896498,8964.98
896616,8966.16
896731,8967.31
896842,8968.42
896953,8969.53
897066,8970.66
897180,8971.8
897294,8972.94
897405,8974.05
897517,8975.17
897636,8976.36
897751,8977.51
897863,8978.63
897972,8979.72
898074,8980.74
898172,8981.72
898267,8982.67
898366,8983.66
898464,8984.64
898564,8985.64
898685,8986.85
898805,8988.05
898921,8989.21
899031,8990.31
899139,8991.39
899250,8992.5
899359,8993.59
899459,8994.59
899558,8995.58
899662,8996.62
899771,8997.71
899876,8998.76
899973,8999.73
900072,9000.72
900167,9001.67
900259,9002.59
900346,9003.46
900427,9004.27
900506,9005.06
900586,9005.86
900664,9006.64
900740,9007.4
900815,9008.15
900892,9008.92
900968,9009.68
901046,9010.46
901131,9011.31
901219,9012.19
901330,9013.3
901444,9014.44
901560,9015.6
901671,9016.71
901786,9017.86
901904,9019.04
902020,9020.2
902130,9021.3
902232,9022.32
902339,9023.39
902451,9024.51
902564,9025.64
902669,9026.69
902775,9027.75
902885,9028.85
902996,9029.96
903103,9031.03
903205,9032.05
903318,9033.18
903435,9034.35
903549,9035.49
903659,9036.59
903763,9037.63
903874,9038.74
903989,9039.89
904098,9040.98
904201,9042.01
904299,9042.99
904405,9044.05
904517,9045.17
904626,9046.26
904725,9047.25
904821,9048.21
904924,9049.24
905031,9050.31
905130,9051.3
905224,9052.24
905322,9053.22
905427,9054.27
905531,9055.31
905629,9056.29
905723,9057.23
905817,9058.17
905911,9059.11
906004,9060.04
906097,9060.97
906201,9062.01
906313,9063.13
906422,9064.22
906526,9065.26
906631,9066.31
906744,9067.44
906856,9068.56
906962,9069.62
907070,9070.7
907184,9071.84
907297,9072.97
907406,9074.06
907508,9075.08
907615,9076.15
907726,9077.26
907836,9078.36
907939,9079.39
908039,9080.39
908137,9081.37
908245,9082.45
908359,9083.59
908468,9084.68
908572,9085.72
908671,9086.71
908778,9087.78
908886,9088.86
908995,9089.95
909098,9090.98
909207,9092.07
909322,9093.22
909436,9094.36
909544,9095.44
909646,9096.46
909753,9097.53
909860,9098.6
909969,9099.69
910073,9100.73
910176,9101.76
910285,9102.85
910398,9103.98
910509,9105.09
910614,9106.14
910719,9107.19
910826,9108.26
910934,9109.34
911038,9110.38
911137,9111.37
911244,9112.44
911343,9113.43
911444,9114.44
911543,9115.43
911641,9116.41
911749,9117.49
911863,9118.63
911974,9119.74
912077,9120.77
912184,9121.84
912296,9122.96
912405,9124.05
912510,9125.1
912611,9126.11
912721,9127.21
912833,9128.33
912941,9129.41
913044,9130.44
913150,9131.5
913263,9132.63
913373,9133.73
913482,9134.82
913584,9135.84
913683,9136.83
913789,9137.89
913901,9139.01
914009,9140.09
914112,9141.12
914220,9142.2
914336,9143.36
914450,9144.5
914559,9145.59
914670,9146.7
914789,9147.89
914903,9149.03
915014,9150.14
915120,9151.2
915232,9152.32
915344,9153.44
915452,9154.52
915556,9155.56
915660,9156.6
915769,9157.69
915877,9158.77
915979,9159.79
916074,9160.74
916176,9161.76
916287,9162.87
916399,9163.99
916507,9165.07
916615,9166.15
916733,9167.33
916848,9168.48
916958,9169.58
917062,9170.62
917170,9171.7
917276,9172.76
917380,9173.8
917478,9174.78
917580,9175.8
917692,9176.92
917804,9178.04
917911,9179.11
918021,9180.21
918133,9181.33
918240,9182.4
918343,9183.43
918454,9184.54
918567,9185.67
918677,9186.77
918775,9187.75
918871,9188.71
918975,9189.75
919084,9190.84
919192,9191.92
919296,9192.96
919402,9194.02
919513,9195.13
919624,9196.24
919732,9197.32
919838,9198.38
919949,9199.49
920059,9200.59
920163,9201.63
920268,9202.68
920377,9203.77
920486,9204.86
920590,9205.9
920688,9206.88
920796,9207.96
920908,9209.08
921018,9210.18
921120,9211.2
921224,9212.24
921335,9213.35
921442,9214.42
921550,9215.5
921653,9216.53
921761,9217.61
921873,9218.73
921983,9219.83
922087,9220.87
922192,9221.92
922302,9223.02
922414,9224.14
922522,9225.22
922626,9226.26
922734,9227.34
922844,9228.44
922954,9229.54
923058,9230.58
923164,9231.64
923276,9232.76
923386,9233.86
923490,9234.9
923593,9235.93
923703,9237.03
923813,9238.13
923919,9239.19
924022,9240.22
924131,9241.31
924237,9242.37
924342,9243.42
924442,9244.42
924541,9245.41
924645,9246.45
924746,9247.46
924843,9248.43
924940,9249.4
925045,9250.45
925153,9251.53
925257,9252.57
925357,9253.57
925459,9254.59
925563,9255.63
925669,9256.69
925772,9257.72
925873,9258.73
925983,9259.83
926097,9260.97
926208,9262.08
926316,9263.16
926429,9264.29
926540,9265.4
926644,9266.44
926746,9267.46
926854,9268.54
926963,9269.63
927070,9270.7
927174,9271.74
927281,9272.81
927391,9273.91
927498,9274.98
927603,9276.03
927716,9277.16
927830,9278.3
927943,9279.43
928051,9280.51
928160,9281.6
928275,9282.75
928390,9283.9
928497,9284.97
928606,9286.06
928718,9287.18
928826,9288.26
928930,9289.3
929038,9290.38
929149,9291.49
929255,9292.55
929357,9293.57
929459,9294.59
929570,9295.7
929681,9296.81
929788,9297.88
929890,9298.9
929996,9299.96
930105,9301.05
930213,9302.13
930319,9303.19
930419,9304.19
930522,9305.22
930632,9306.32
930740,9307.4
930845,9308.45
930954,9309.54
931062,9310.62
931170,9311.7
931274,9312.74
931377,9313.77
931489,9314.89
931600,9316.0
931707,9317.07
931811,9318.11
931919,9319.19
932032,9320.32
932144,9321.44
932251,9322.51
932359,9323.59
932473,9324.73
932584,9325.84
932693,9326.93
932800,9328.0
932911,9329.11
933022,9330.22
933133,9331.33
933242,9332.42
933347,9333.47
933451,9334.51
933560,9335.6
933667,9336.67
933768,9337.68
933864,9338.64
933973,9339.73
934085,9340.85
934191,9341.91
934293,9342.93
934400,9344.0
934507,9345.07
934616,9346.16
934720,9347.2
934825,9348.25
934937,9349.37
935051,9350.51
935162,9351.62
935268,9352.68
935379,9353.79
935491,9354.91
935598,9355.98
935700,9357.0
935803,9358.03
935911,9359.11
936018,9360.18
936121,9361.21
936230,9362.3
936339,9363.39
936448,9364.48
936547,9365.47
936648,9366.48
936753,9367.53
936853,9368.53
936956,9369.56
937068,9370.68
937179,9371.79
937286,9372.86
937392,9373.92
937506,9375.06
937617,9376.17
937724,9377.24
937830,9378.3
937938,9379.38
938043,9380.43
938144,9381.44
938245,9382.45
938354,9383.54
938459,9384.59
938559,9385.59
938654,9386.54
938752,9387.52
938859,9388.59
938963,9389.63
939068,9390.68
939181,9391.81
939293,9392.93
939395,9393.95
939495,9394.95
939606,9396.06
939724,9397.24
939839,9398.39
939950,9399.5
940062,9400.62
940178,9401.78
940293,9402.93
940401,9404.01
940510,9405.1
940623,9406.23
940734,9407.34
940841,9408.41
940943,9409.43
941051,9410.51
941164,9411.64
941271,9412.71
941371,9413.71
941469,9414.69
941573,9415.73
941680,9416.8
941786,9417.86
941887,9418.87
941997,9419.97
942106,9421.06
942213,9422.13
942317,9423.17
942424,9424.24
942537,9425.37
942647,9426.47
942753,9427.53
942857,9428.57
942969,9429.69
943079,9430.79
943183,9431.83
943283,9432.83
943389,9433.89
943497,9434.97
943599,9435.99
943697,9436.97
943802,9438.02
943915,9439.15
944025,9440.25
944130,9441.3
944231,9442.31
944339,9443.39
944449,9444.49
944553,9445.53
944651,9446.51
944749,9447.49
944855,9448.55
944960,9449.6
945061,9450.61
945158,9451.58
945261,9452.61
945370,9453.7
945475,9454.75
945574,9455.74
945675,9456.75
945785,9457.85
945891,9458.91
945992,9459.92
946101,9461.01
946215,9462.15
946326,9463.26
946430,9464.3
946539,9465.39
946652,9466.52
946763,9467.63
946867,9468.67
946973,9469.73
947084,9470.84
947194,9471.94
947297,9472.97
947399,9473.99
947507,9475.07
947619,9476.19
947724,9477.24
947823,9478.23
947928,9479.28
948040,9480.4
948151,9481.51
948256,9482.56
948359,9483.59
948467,9484.67
948573,9485.73
948675,9486.75
948776,9487.76
948880,9488.8
948988,9489.88
949088,9490.88
949188,9491.88
949293,9492.93
949402,9494.02
949506,9495.06
949607,9496.07
949710,9497.1
949817,9498.17
949920,9499.2
950021,9500.21
950126,9501.26
950234,9502.34
950342,9503.42
950445,9504.45
950552,9505.52
950661,9506.61
950767,9507.67
950868,9508.68
950975,9509.75
951084,9510.84
951187,9511.87
951282,9512.82
951382,9513.82
951498,9514.98
951608,9516.08
951713,9517.13
951821,9518.21
951938,9519.38
952054,9520.54
952163,9521.63
952271,9522.71
952385,9523.85
952500,9525.0
952607,9526.07
952714,9527.14
952829,9528.29
952938,9529.38
953047,9530.47
953152,9531.52
953262,9532.62
953375,9533.75
953486,9534.86
953590,9535.9
953698,9536.98
953812,9538.12
953921,9539.21
954025,9540.25
954130,9541.3
954237,9542.37
954342,9543.42
954439,9544.39
954530,9545.3
954628,9546.28
954731,9547.31
954835,9548.35
954936,9549.36
955044,9550.44
955155,9551.55
955263,9552.63
955369,9553.69
955479,9554.79
955589,9555.89
955696,9556.96
955801,9558.01
955909,9559.09
956013,9560.13
956116,9561.16
956215,9562.15
956312,9563.12
956418,9564.18
956527,9565.27
956631,9566.31
956735,9567.35
956843,9568.43
956951,9569.51
957055,9570.55
957155,9571.55
957259,9572.59
957364,9573.64
957469,9574.69
957572,9575.72
957673,9576.73
957786,9577.86
957895,9578.95
958001,9580.01
958113,9581.13
958227,9582.27
958337,9583.37
958444,9584.44
958558,9585.58
958669,9586.69
958780,9587.8
958885,9588.85
958994,9589.94
959107,9591.07
959219,9592.19
959326,9593.26
959432,9594.32
959542,9595.42
959653,9596.53
959758,9597.58
959858,9598.58
959965,9599.65
960076,9600.76
960183,9601.83
960285,9602.85
960389,9603.89
960499,9604.99
960607,9606.07
960710,9607.1
960815,9608.15
960925,9609.25
961032,9610.32
961134,9611.34
961240,9612.4
961351,9613.51
961461,9614.61
961566,9615.66
961673,9616.73
961786,9617.86
961897,9618.97
962001,9620.01
962104,9621.04
962213,9622.13
962320,9623.2
962426,9624.26
962527,9625.27
962632,9626.32
962741,9627.41
962846,9628.46
962947,9629.47
963052,9630.52
963166,9631.66
963277,9632.77
963382,9633.82
963484,9634.84
963591,9635.91
963701,9637.01
963805,9638.05
963912,9639.12
964028,9640.28
964142,9641.42
964247,9642.47
964353,9643.53
964462,9644.62
964570,9645.7
964673,9646.73
964774,9647.74
964884,9648.84
964994,9649.94
965102,9651.02
965206,9652.06
965315,9653.15
965425,9654.25
965533,9655.33
965635,9656.35
965739,9657.39
965852,9658.52
965964,9659.64
966069,9660.69
966175,9661.75
966288,9662.88
966401,9664.01
966510,9665.1
966613,9666.13
966722,9667.22
966828,9668.28
966936,9669.36
967038,9670.38
967143,9671.43
967255,9672.55
967364,9673.64
967468,9674.68
967568,9675.68
967675,9676.75
967787,9677.87
967899,9678.99
968004,9680.04
968106,9681.06
968217,9682.17
968328,9683.28
968435,9684.35
968537,9685.37
968640,9686.4
968751,9687.51
968860,9688.6
968963,9689.63
969066,9690.66
969177,9691.77
969286,9692.86
969392,9693.92
969497,9694.97
969611,9696.11
969722,9697.22
969828,9698.28
969933,9699.33
970041,9700.41
970152,9701.52
970256,9702.56
970356,9703.56
970458,9704.58
970563,9705.63
970665,9706.65
970764,9707.64
970866,9708.66
970979,9709.79
971094,9710.94
971205,9712.05
971309,9713.09
971422,9714.22
971538,9715.38
971649,9716.49
971751,9717.51
971854,9718.54
971962,9719.62
972071,9720.71
972173,9721.73
972272,9722.72
972384,9723.84
972496,9724.96
972606,9726.06
972711,9727.11
972823,9728.23
972935,9729.35
973043,9730.43
973144,9731.44
973251,9732.51
973363,9733.63
973473,9734.73
973575,9735.75
973676,9736.76
973781,9737.81
973883,9738.83
973981,9739.81
974082,9740.82
974189,9741.89
974298,9742.98
974401,9744.01
974506,9745.06
974618,9746.18
974725,9747.25
974828,9748.28
974933,9749.33
975044,9750.44
975152,9751.52
975255,9752.55
975361,9753.61
975475,9754.75
975588,9755.88
975695,9756.95
975805,9758.05
975920,9759.2
976033,9760.33
976142,9761.42
976246,9762.46
976353,9763.53
976466,9764.66
976576,9765.76
976681,9766.81
976788,9767.88
976901,9769.01
977015,9770.15
977121,9771.21
977224,9772.24
977332,9773.32
977442,9774.42
977551,9775.51
977656,9776.56
977760,9777.6
977871,9778.71
977983,9779.83
978092,9780.92
978199,9781.99
978311,9783.11
978424,9784.24
978528,9785.28
978626,9786.26
978734,9787.34
978844,9788.44
978950,9789.5
979052,9790.52
979160,9791.6
979270,9792.7
979374,9793.74
979477,9794.77
979589,9795.89
979702,9797.02
979810,9798.1
979911,9799.11
980018,9800.18
980130,9801.3
980242,9802.42
980347,9803.47
980454,9804.54
980566,9805.66
980678,9806.78
980783,9807.83
980883,9808.83
980988,9809.88
981099,9810.99
981207,9812.07
981310,9813.1
981417,9814.17
981531,9815.31
981645,9816.45
981751,9817.51
981855,9818.55
981965,9819.65
982076,9820.76
982182,9821.82
982282,9822.82
982389,9823.89
982499,9824.99
982605,9826.05
982704,9827.04
982805,9828.05
982909,9829.09
983019,9830.19
983123,9831.23
983224,9832.24
983336,9833.36
983449,9834.49
983556,9835.56
983660,9836.6
983769,9837.69
983880,9838.8
983988,9839.88
984094,9840.94
984200,9842.0
984309,9843.09
984419,9844.19
984522,9845.22
984633,9846.33
984746,9847.46
984858,9848.58
984961,9849.61
985067,9850.67
985176,9851.76
985289,9852.89
985392,9853.92
985497,9854.97
985608,9856.08
985716,9857.16
985817,9858.17
985922,9859.22
986035,9860.35
986150,9861.5
986259,9862.59
986369,9863.69
986481,9864.81
986594,9865.94
986702,9867.02
986802,9868.02
986907,9869.07
987020,9870.2
987128,9871.28
987230,9872.3
987336,9873.36
987446,9874.46
987556,9875.56
987662,9876.62
987772,9877.72
987887,9878.87
987998,9879.98
988106,9881.06
988208,9882.08
988294,9882.94
988372,9883.72
988448,9884.48
988527,9885.27
988615,9886.15
988705,9887.05
988791,9887.91
988897,9888.97
989003,9890.03
989100,9891.0
989195,9891.95
989282,9892.82
989362,9893.62
989440,9894.4
989519,9895.19
989600,9896.0
989695,9896.95
989808,9898.08
989918,9899.18
990025,9900.25
990138,9901.38
990256,9902.56
990373,9903.73
990486,9904.86
990595,9905.95
990706,9907.06
990820,9908.2
990928,9909.28
991031,9910.31
991127,9911.27
991230,9912.3
991328,9913.28
991423,9914.23
991513,9915.13
991600,9916.0
991688,9916.88
991800,9918.0
991909,9919.09
992018,9920.18
992134,9921.34
992251,9922.51
992367,9923.67
992477,9924.77
992582,9925.82
992692,9926.92
992793,9927.93
992890,9928.9
992983,9929.83
993080,9930.8
993195,9931.95
993311,9933.11
993426,9934.26
993540,9935.4
993657,9936.57
993775,9937.75
993890,9938.9
993998,9939.98
994113,9941.13
994227,9942.27
994341,9943.41
994451,9944.51
994558,9945.58
994669,9946.69
994781,9947.81
994887,9948.87
994990,9949.9
995095,9950.95
995208,9952.08
995322,9953.22
995431,9954.31
995533,9955.33
995635,9956.35
995740,9957.4
995852,9958.52
995958,9959.58
996065,9960.65
996180,9961.8
996293,9962.93
996402,9964.02
996509,9965.09
996627,9966.27
996740,9967.4
996851,9968.51
996959,9969.59
997062,9970.62
997169,9971.69
997284,9972.84
997397,9973.97
997504,9975.04
997604,9976.04
997705,9977.05
997812,9978.12
997918,9979.18
998023,9980.23
998135,9981.35
998252,9982.52
998368,9983.68
998477,9984.77
998587,9985.87
998703,9987.03
998812,9988.12
998920,9989.2
999026,9990.26
999135,9991.35
999249,9992.49
999362,9993.62
999469,9994.69
999577,9995.77
999689,9996.89
999801,9998.01
999908,9999.08
1000011,10000.11
1000118,10001.18
1000226,10002.26
1000331,10003.31
1000430,10004.3
1000525,10005.25
1000629,10006.29
1000736,10007.36
1000842,10008.42
1000943,10009.43
1001043,10010.43
1001150,10011.5
1001263,10012.63
1001371,10013.71
1001475,10014.75
1001583,10015.83
1001701,10017.01
1001815,10018.15
1001925,10019.25
1002031,10020.31
1002144,10021.44
1002259,10022.59
1002370,10023.7
1002476,10024.76
1002583,10025.83
1002689,10026.89
1002795,10027.95
1002894,10028.94
1002998,10029.98
1003103,10031.03
1003210,10032.1
1003311,10033.11
1003414,10034.14
1003525,10035.25
1003632,10036.32
1003738,10037.38
1003844,10038.44
1003949,10039.49
1004064,10040.64
1004177,10041.77
1004286,10042.86
1004391,10043.91
1004500,10045.0
1004614,10046.14
1004724,10047.24
1004830,10048.3
1004936,10049.36
1005046,10050.46
1005156,10051.56
1005266,10052.66
1005370,10053.7
1005477,10054.77
1005589,10055.89
1005700,10057.0
1005807,10058.07
1005911,10059.11
1006022,10060.22
1006135,10061.35
1006242,10062.42
1006345,10063.45
1006451,10064.51
1006563,10065.63
1006675,10066.75
1006783,10067.83
1006886,10068.86
1006995,10069.95
1007107,10071.07
1007218,10072.18
1007323,10073.23
1007428,10074.28
1007536,10075.36
1007645,10076.45
1007751,10077.51
1007850,10078.5
1007953,10079.53
1008063,10080.63
1008168,10081.68
1008270,10082.7
1008378,10083.78
1008485,10084.85
1008591,10085.91
1008690,10086.9
1008795,10087.95
1008907,10089.07
1009015,10090.15
1009119,10091.19
1009220,10092.2
1009330,10093.3
1009443,10094.43
1009556,10095.56
1009662,10096.62
1009764,10097.64
1009872,10098.72
1009978,10099.78
1010079,10100.79
1010186,10101.86
1010297,10102.97
1010409,10104.09
1010516,10105.16
1010625,10106.25
1010732,10107.32
1010841,10108.41
1010946,10109.46
1011045,10110.45
1011151,10111.51
1011265,10112.65
1011377,10113.77
1011483,10114.83
1011594,10115.94
1011708,10117.08
1011821,10118.21
1011931,10119.31
1012039,10120.39
1012152,10121.52
1012264,10122.64
1012374,10123.74
1012479,10124.79
1012584,10125.84
1012689,10126.89
1012798,10127.98
1012904,10129.04
1013008,10130.08
1013121,10131.21
1013235,10132.35
1013347,10133.47
1013456,10134.56
1013564,10135.64
1013677,10136.77
1013788,10137.88
1013896,10138.96
1014001,10140.01
1014113,10141.13
1014221,10142.21
1014327,10143.27
1014429,10144.29
1014538,10145.38
1014647,10146.47
1014751,10147.51
1014850,10148.5
1014956,10149.56
1015063,10150.63
1015164,10151.64
1015261,10152.61
1015358,10153.58
1015469,10154.69
1015580,10155.8
1015683,10156.83
1015783,10157.83
1015889,10158.89
1015997,10159.97
1016104,10161.04
1016207,10162.07
1016314,10163.14
1016427,10164.27
1016538,10165.38
1016643,10166.43
1016743,10167.43
1016850,10168.5
1016958,10169.58
1017067,10170.67
1017168,10171.68
1017271,10172.71
1017380,10173.8
1017488,10174.88
1017592,10175.92
1017699,10176.99
1017813,10178.13
1017925,10179.25
1018032,10180.32
1018135,10181.35
1018244,10182.44
1018358,10183.58
1018469,10184.69
1018573,10185.73
1018683,10186.83
1018793,10187.93
1018901,10189.01
1019005,10190.05
1019115,10191.15
1019229,10192.29
1019343,10193.43
1019450,10194.5
1019553,10195.53
1019666,10196.66
1019781,10197.81
1019893,10198.93
1019997,10199.97
1020106,10201.06
1020219,10202.19
1020327,10203.27
1020432,10204.32
1020542,10205.42
1020656,10206.56
1020766,10207.66
1020872,10208.72
1020981,10209.81
1021094,10210.94
1021200,10212.0
1021300,10213.0
1021391,10213.91
1021487,10214.87
1021589,10215.89
1021695,10216.95
1021797,10217.97
1021906,10219.06
1022013,10220.13
1022124,10221.24
1022229,10222.29
1022333,10223.33
1022442,10224.42
1022552,10225.52
1022657,10226.57
1022765,10227.65
1022878,10228.78
1022992,10229.92
1023103,10231.03
1023210,10232.1
1023320,10233.2
1023433,10234.33
1023543,10235.43
1023646,10236.46
1023749,10237.49
1023862,10238.62
1023975,10239.75
1024081,10240.81
1024191,10241.91
1024307,10243.07
1024418,10244.18
1024528,10245.28
1024632,10246.32
1024741,10247.41
1024854,10248.54
1024964,10249.64
1025069,10250.69
1025176,10251.76
1025289,10252.89
1025404,10254.04
1025512,10255.12
1025621,10256.21
1025735,10257.35
1025847,10258.47
1025957,10259.57
1026060,10260.6
1026165,10261.65
1026276,10262.76
1026386,10263.86
1026490,10264.9
1026588,10265.88
1026688,10266.88
1026793,10267.93
1026894,10268.94
1026991,10269.91
1027093,10270.93
1027201,10272.01
1027311,10273.11
1027415,10274.15
1027515,10275.15
1027617,10276.17
1027724,10277.24
1027831,10278.31
1027937,10279.37
1028044,10280.44
1028156,10281.56
1028265,10282.65
1028370,10283.7
1028466,10284.66
1028570,10285.7
1028681,10286.81
1028790,10287.9
1028893,10288.93
1029001,10290.01
1029117,10291.17
1029231,10292.31
1029340,10293.4
1029447,10294.47
1029560,10295.6
1029673,10296.73
1029778,10297.78
1029884,10298.84
1029996,10299.96
1030108,10301.08
1030219,10302.19
1030327,10303.27
1030432,10304.32
1030542,10305.42
1030653,10306.53
1030762,10307.62
1030864,10308.64
1030967,10309.67
1031080,10310.8
1031190,10311.9
1031297,10312.97
1031398,10313.98
1031505,10315.05
1031615,10316.15
1031724,10317.24
1031829,10318.29
1031937,10319.37
1032053,10320.53
1032169,10321.69
1032272,10322.72
1032375,10323.75
1032484,10324.84
1032595,10325.95
1032701,10327.01
1032803,10328.03
1032911,10329.11
1033022,10330.22
1033130,10331.3
1033233,10332.33
1033332,10333.32
1033438,10334.38
1033551,10335.51
1033661,10336.61
1033764,10337.64
1033872,10338.72
1033985,10339.85
1034093,10340.93
1034196,10341.96
1034293,10342.93
1034391,10343.91
1034500,10345.0
1034609,10346.09
1034708,10347.08
1034807,10348.07
1034920,10349.2
1035030,10350.3
1035134,10351.34
1035235,10352.35
1035343,10353.43
1035454,10354.54
1035562,10355.62
1035666,10356.66
1035773,10357.73
1035885,10358.85
1035995,10359.95
1036097,10360.97
1036205,10362.05
1036318,10363.18
1036428,10364.28
1036532,10365.32
1036634,10366.34
1036739,10367.39
1036846,10368.46
1036949,10369.49
1037046,10370.46
1037151,10371.51
1037259,10372.59
1037364,10373.64
1037467,10374.67
1037576,10375.76
1037691,10376.91
1037802,10378.02
1037903,10379.03
1038006,10380.06
1038115,10381.15
1038226,10382.26
1038334,10383.34
1038437,10384.37
1038543,10385.43
1038652,10386.52
1038755,10387.55
1038853,10388.53
1038956,10389.56
1039065,10390.65
1039171,10391.71
1039269,10392.69
1039371,10393.71
1039480,10394.8
1039587,10395.87
1039689,10396.89
1039794,10397.94
1039906,10399.06
1040019,10400.19
1040122,10401.22
1040224,10402.24
1040333,10403.33
1040442,10404.42
1040543,10405.43
1040645,10406.45
1040759,10407.59
1040870,10408.7
1040975,10409.75
1041074,10410.74
1041177,10411.77
1041289,10412.89
1041401,10414.01
1041504,10415.04
1041614,10416.14
1041722,10417.22
1041830,10418.3
1041934,10419.34
1042038,10420.38
1042153,10421.53
1042265,10422.65
1042373,10423.73
1042476,10424.76
1042587,10425.87
1042700,10427.0
1042809,10428.09
1042913,10429.13
1043021,10430.21
1043134,10431.34
1043243,10432.43
1043346,10433.46
1043449,10434.49
1043560,10435.6
1043669,10436.69
1043775,10437.75
1043882,10438.82
1043993,10439.93
1044107,10441.07
1044213,10442.13
1044315,10443.15
1044424,10444.24
1044536,10445.36
1044643,10446.43
1044746,10447.46
1044853,10448.53
1044963,10449.63
1045074,10450.74
1045177,10451.77
1045281,10452.81
1045390,10453.9
1045502,10455.02
1045609,10456.09
1045714,10457.14
1045827,10458.27
1045941,10459.41
1046050,10460.5
1046152,10461.52
1046262,10462.62
1046374,10463.74
1046478,10464.78
1046580,10465.8
1046683,10466.83
1046790,10467.9
1046897,10468.97
1047004,10470.04
1047102,10471.02
1047204,10472.04
1047312,10473.12
1047413,10474.13
1047519,10475.19
1047632,10476.32
1047743,10477.43
1047847,10478.47
1047954,10479.54
1048064,10480.64
1048172,10481.72
1048279,10482.79
1048379,10483.79
1048482,10484.82
1048587,10485.87
1048699,10486.99
1048806,10488.06
1048909,10489.09
1049017,10490.17
1049131,10491.31
1049243,10492.43
1049348,10493.48
1049453,10494.53
1049568,10495.68
1049682,10496.82
1049788,10497.88
1049893,10498.93
1050007,10500.07
1050118,10501.18
1050225,10502.25
1050328,10503.28
1050436,10504.36
1050548,10505.48
1050657,10506.57
1050761,10507.61
1050861,10508.61
1050963,10509.63
1051075,10510.75
1051186,10511.86
1051292,10512.92
1051393,10513.93
1051496,10514.96
1051601,10516.01
1051704,10517.04
1051802,10518.02
1051907,10519.07
1052019,10520.19
1052126,10521.26
1052228,10522.28
1052330,10523.3
1052438,10524.38
1052543,10525.43
1052642,10526.42
1052747,10527.47
1052854,10528.54
1052961,10529.61
1053065,10530.65
1053162,10531.62
1053259,10532.59
1053358,10533.58
1053465,10534.65
1053569,10535.69
1053669,10536.69
1053780,10537.8
1053892,10538.92
1053998,10539.98
1054107,10541.07
1054221,10542.21
1054328,10543.28
1054428,10544.28
1054533,10545.33
1054644,10546.44
1054752,10547.52
1054858,10548.58
1054960,10549.6
1055067,10550.67
1055177,10551.77
1055288,10552.88
1055391,10553.91
1055494,10554.94
1055606,10556.06
1055718,10557.18
1055821,10558.21
1055928,10559.28
1056038,10560.38
1056145,10561.45
1056242,10562.42
1056340,10563.4
1056449,10564.49
1056561,10565.61
1056670,10566.7
1056774,10567.74
1056873,10568.73
1056991,10569.91
1057106,10571.06
1057216,10572.16
1057326,10573.26
1057439,10574.39
1057549,10575.49
1057654,10576.54
1057763,10577.63
1057874,10578.74
1057985,10579.85
1058089,10580.89
1058198,10581.98
1058311,10583.11
1058419,10584.19
1058522,10585.22
1058629,10586.29
1058740,10587.4
1058847,10588.47
1058948,10589.48
1059053,10590.53
1059161,10591.61
1059267,10592.67
1059366,10593.66
1059468,10594.68
1059575,10595.75
1059685,10596.85
1059788,10597.88
1059896,10598.96
1060005,10600.05
1060109,10601.09
1060215,10602.15
1060325,10603.25
1060433,10604.33
1060536,10605.36
1060643,10606.43
1060753,10607.53
1060863,10608.63
1060965,10609.65
1061071,10610.71
1061181,10611.81
1061291,10612.91
1061396,10613.96
1061504,10615.04
1061618,10616.18
1061726,10617.26
1061828,10618.28
1061937,10619.37
1062052,10620.52
1062161,10621.61
1062267,10622.67
1062378,10623.78
1062496,10624.96
1062607,10626.07
1062713,10627.13
1062822,10628.22
1062932,10629.32
1063039,10630.39
1063141,10631.41
1063245,10632.45
1063356,10633.56
1063459,10634.59
1063562,10635.62
1063669,10636.69
1063777,10637.77
1063878,10638.78
1063978,10639.78
1064085,10640.85
1064195,10641.95
1064296,10642.96
1064400,10644.0
1064512,10645.12
1064621,10646.21
1064722,10647.22
1064828,10648.28
1064939,10649.39
1065050,10650.5
1065151,10651.51
1065251,10652.51
1065355,10653.55
1065466,10654.66
1065570,10655.7
1065674,10656.74
1065783,10657.83
1065892,10658.92
1065997,10659.97
1066096,10660.96
1066198,10661.98
1066305,10663.05
1066412,10664.12
1066512,10665.12
1066613,10666.13
1066719,10667.19
1066829,10668.29
1066934,10669.34
1067043,10670.43
1067155,10671.55
1067265,10672.65
1067371,10673.71
1067476,10674.76
1067585,10675.85
1067695,10676.95
1067803,10678.03
1067904,10679.04
1068007,10680.07
1068117,10681.17
1068225,10682.25
1068324,10683.24
1068429,10684.29
1068541,10685.41
1068652,10686.52
1068753,10687.53
1068857,10688.57
1068967,10689.67
1069078,10690.78
1069183,10691.83
1069284,10692.84
1069392,10693.92
1069498,10694.98
1069601,10696.01
1069699,10696.99
1069801,10698.01
1069914,10699.14
1070023,10700.23
1070124,10701.24
1070230,10702.3
1070344,10703.44
1070455,10704.55
1070561,10705.61
1070669,10706.69
1070777,10707.77
1070883,10708.83
1070979,10709.79
1071071,10710.71
1071175,10711.75
1071288,10712.88
1071396,10713.96
1071498,10714.98
1071604,10716.04
1071719,10717.19
1071830,10718.3
1071937,10719.37
1072038,10720.38
1072149,10721.49
1072261,10722.61
1072367,10723.67
1072468,10724.68
1072575,10725.75
1072684,10726.84
1072790,10727.9
1072889,10728.89
1072985,10729.85
1073102,10731.02
1073209,10732.09
1073312,10733.12
1073411,10734.11
1073502,10735.02
1073584,10735.84
1073660,10736.6
1073735,10737.35
1073810,10738.1
1073885,10738.85
1073959,10739.59
1074036,10740.36
1074115,10741.15
1074201,10742.01
1074292,10742.92
1074378,10743.78
1074462,10744.62
1074550,10745.5
1074641,10746.41
1074728,10747.28
1074814,10748.14
1074903,10749.03
1075002,10750.02
1075099,10750.99
1075189,10751.89
1075279,10752.79
1075391,10753.91
1075501,10755.01
1075609,10756.09
1075718,10757.18
1075820,10758.2
1075916,10759.16
1076003,10760.03
1076086,10760.86
1076163,10761.63
1076239,10762.39
1076315,10763.15
1076395,10763.95
1076487,10764.87
1076592,10765.92
1076693,10766.93
1076803,10768.03
1076922,10769.22
1077039,10770.39
1077154,10771.54
1077265,10772.65
1077372,10773.72
1077490,10774.9
1077609,10776.09
1077724,10777.24
1077834,10778.34
1077942,10779.42
1078059,10780.59
1078172,10781.72
1078285,10782.85
1078394,10783.94
1078498,10784.98
1078603,10786.03
1078710,10787.1
1078807,10788.07
1078897,10788.97
1078979,10789.79
1079057,10790.57
1079134,10791.34
1079209,10792.09
1079283,10792.83
1079358,10793.58
1079432,10794.32
1079508,10795.08
1079587,10795.87
1079666,10796.66
1079742,10797.42
1079819,10798.19
1079895,10798.95
1079970,10799.7
1080044,10800.44
1080119,10801.19
1080193,10801.93
1080266,10802.66
1080339,10803.39
1080412,10804.12
1080485,10804.85
1080556,10805.56
1080628,10806.28
1080699,10806.99
1080773,10807.73
1080850,10808.5
1080926,10809.26
1081002,10810.02
1081081,10810.81
1081162,10811.62
1081245,10812.45
1081326,10813.26
1081405,10814.05
1081485,10814.85
1081567,10815.67
1081655,10816.55
1081755,10817.55
1081854,10818.54
1081963,10819.63
1082077,10820.77
1082189,10821.89
1082301,10823.01
1082409,10824.09
1082518,10825.18
1082629,10826.29
1082741,10827.41
1082850,10828.5
1082962,10829.62
1083082,10830.82
1083197,10831.97
1083313,10833.13
1083419,10834.19
1083528,10835.28
1083647,10836.47
1083763,10837.63
1083873,10838.73
1083979,10839.79
1084097,10840.97
1084214,10842.14
1084328,10843.28
1084435,10844.35
1084532,10845.32
1084626,10846.26
1084710,10847.1
1084787,10847.87
1084864,10848.64
1084939,10849.39
1085020,10850.2
1085102,10851.02
1085190,10851.9
1085297,10852.97
1085405,10854.05
1085498,10854.98
1085586,10855.86
1085669,10856.69
1085747,10857.47
1085829,10858.29
1085913,10859.13
1086027,10860.27
1086151,10861.51
1086273,10862.73
1086392,10863.92
1086506,10865.06
1086622,10866.22
1086733,10867.33
1086846,10868.46
1086952,10869.52
1087059,10870.59
1087180,10871.8
1087298,10872.98
1087412,10874.12
1087525,10875.25
1087634,10876.34
1087754,10877.54
1087871,10878.71
1087985,10879.85
1088093,10880.93
1088197,10881.97
1088313,10883.13
1088428,10884.28
1088538,10885.38
1088645,10886.45
1088755,10887.55
1088874,10888.74
1088983,10889.83
1089091,10890.91
1089197,10891.97
1089305,10893.05
1089424,10894.24
1089539,10895.39
1089647,10896.47
1089756,10897.56
1089872,10898.72
1089985,10899.85
1090088,10900.88
1090196,10901.96
1090310,10903.1
1090423,10904.23
1090529,10905.29
1090640,10906.4
1090752,10907.52
1090864,10908.64
1090974,10909.74
1091081,10910.81
1091186,10911.86
1091302,10913.02
1091414,10914.14
1091525,10915.25
1091633,10916.33
1091734,10917.34
1091846,10918.46
1091959,10919.59
1092071,10920.71
1092178,10921.78
1092284,10922.84
1092399,10923.99
1092511,10925.11
1092623,10926.23
1092726,10927.26
1092833,10928.33
1092946,10929.46
1093055,10930.55
1093161,10931.61
1093271,10932.71
1093389,10933.89
1093503,10935.03
1093617,10936.17
1093723,10937.23
1093831,10938.31
1093944,10939.44
1094058,10940.58
1094168,10941.68
1094275,10942.75
1094386,10943.86
1094499,10944.99
1094612,10946.12
1094721,10947.21
1094831,10948.31
1094941,10949.41
1095052,10950.52
1095160,10951.6
1095262,10952.62
1095365,10953.65
1095477,10954.77
1095589,10955.89
1095698,10956.98
1095803,10958.03
1095911,10959.11
1096022,10960.22
1096132,10961.32
1096239,10962.39
1096352,10963.52
1096468,10964.68
1096584,10965.84
1096694,10966.94
1096805,10968.05
1096917,10969.17
1097031,10970.31
1097141,10971.41
1097248,10972.48
1097360,10973.6
1097474,10974.74
1097588,10975.88
1097696,10976.96
1097807,10978.07
1097921,10979.21
1098034,10980.34
1098146,10981.46
1098254,10982.54
1098363,10983.63
1098474,10984.74
1098584,10985.84
1098691,10986.91
1098796,10987.96
1098904,10989.04
1099015,10990.15
1099124,10991.24
1099224,10992.24
1099324,10993.24
1099428,10994.28
1099541,10995.41
1099644,10996.44
1099742,10997.42
1099851,10998.51
1099964,10999.64
1100073,11000.73
1100174,11001.74
1100281,11002.81
1100393,11003.93
1100503,11005.03
1100605,11006.05
1100714,11007.14
1100833,11008.33
1100947,11009.47
1101055,11010.55
1101165,11011.65
1101277,11012.77
1101390,11013.9
1101493,11014.93
1101593,11015.93
1101705,11017.05
1101816,11018.16
1101925,11019.25
1102028,11020.28
1102139,11021.39
1102254,11022.54
1102369,11023.69
1102474,11024.74
1102580,11025.8
1102693,11026.93
1102805,11028.05
1102912,11029.12
1103014,11030.14
1103124,11031.24
1103242,11032.42
1103356,11033.56
1103467,11034.67
1103578,11035.78
1103696,11036.96
1103811,11038.11
1103922,11039.22
1104028,11040.28
1104143,11041.43
1104255,11042.55
1104362,11043.62
1104461,11044.61
1104561,11045.61
1104673,11046.73
1104781,11047.81
1104881,11048.81
1104973,11049.73
1105070,11050.7
1105185,11051.85
1105297,11052.97
1105401,11054.01
1105508,11055.08
1105622,11056.22
1105734,11057.34
1105841,11058.41
1105946,11059.46
1106056,11060.56
1106168,11061.68
1106278,11062.78
1106381,11063.81
1106489,11064.89
1106605,11066.05
1106720,11067.2
1106827,11068.27
1106938,11069.38
1107050,11070.5
1107159,11071.59
1107271,11072.71
1107379,11073.79
1107485,11074.85
1107591,11075.91
1107702,11077.02
1107806,11078.06
1107905,11079.05
1108016,11080.16
1108134,11081.34
1108245,11082.45
1108346,11083.46
1108439,11084.39
1108523,11085.23
1108606,11086.06
1108687,11086.87
1108763,11087.63
1108839,11088.39
1108916,11089.16
1109001,11090.01
1109118,11091.18
1109228,11092.28
1109333,11093.33
1109449,11094.49
1109567,11095.67
1109679,11096.79
1109794,11097.94
1109915,11099.15
1110037,11100.37
1110147,11101.47
1110244,11102.44
1110337,11103.37
1110437,11104.37
1110558,11105.58
1110674,11106.74
1110786,11107.86
1110907,11109.07
1111028,11110.28
1111145,11111.45
1111256,11112.56
1111373,11113.73
1111490,11114.9
1111608,11116.08
1111721,11117.21
1111832,11118.32
1111950,11119.5
1112067,11120.67
1112181,11121.81
1112288,11122.88
1112398,11123.98
1112511,11125.11
1112624,11126.24
1112733,11127.33
1112840,11128.4
1112953,11129.53
1113064,11130.64
1113174,11131.74
1113278,11132.78
1113384,11133.84
1113491,11134.91
1113601,11136.01
1113708,11137.08
1113817,11138.17
1113928,11139.28
1114039,11140.39
1114146,11141.46
1114248,11142.48
1114355,11143.55
1114468,11144.68
1114575,11145.75
1114678,11146.78
1114793,11147.93
1114909,11149.09
1115021,11150.21
1115126,11151.26
1115231,11152.31
1115343,11153.43
1115451,11154.51
1115556,11155.56
1115658,11156.58
1115776,11157.76
1115892,11158.92
1116005,11160.05
1116115,11161.15
1116229,11162.29
1116345,11163.45
1116460,11164.6
1116568,11165.68
1116678,11166.78
1116792,11167.92
1116905,11169.05
1117012,11170.12
1117112,11171.12
1117224,11172.24
1117344,11173.44
1117465,11174.65
1117581,11175.81
1117693,11176.93
1117813,11178.13
1117932,11179.32
1118046,11180.46
1118154,11181.54
1118267,11182.67
1118384,11183.84
1118494,11184.94
1118599,11185.99
1118707,11187.07
1118822,11188.22
1118932,11189.32
1119037,11190.37
1119142,11191.42
1119253,11192.53
1119363,11193.63
1119466,11194.66
1119574,11195.74
1119684,11196.84
1119790,11197.9
1119894,11198.94
1120003,11200.03
1120112,11201.12
1120219,11202.19
1120321,11203.21
1120429,11204.29
1120542,11205.42
1120656,11206.56
1120764,11207.64
1120874,11208.74
1120991,11209.91
1121107,11211.07
1121217,11212.17
1121323,11213.23
1121438,11214.38
1121549,11215.49
1121654,11216.54
1121756,11217.56
1121870,11218.7
1121982,11219.82
1122087,11220.87
1122185,11221.85
1122291,11222.91
1122410,11224.1
1122526,11225.26
1122639,11226.39
1122749,11227.49
1122865,11228.65
1122980,11229.8
1123094,11230.94
1123198,11231.98
1123305,11233.05
1123421,11234.21
1123536,11235.36
1123645,11236.45
1123749,11237.49
1123860,11238.6
1123972,11239.72
1124085,11240.85
1124192,11241.92
1124298,11242.98
1124412,11244.12
1124525,11245.25
1124632,11246.32
1124738,11247.38
1124849,11248.49
1124962,11249.62
1125070,11250.7
1125171,11251.71
1125281,11252.81
1125393,11253.93
1125503,11255.03
1125609,11256.09
1125715,11257.15
1125830,11258.3
1125943,11259.43
1126049,11260.49
1126155,11261.55
1126270,11262.7
1126384,11263.84
1126495,11264.95
1126603,11266.03
1126713,11267.13
1126830,11268.3
1126945,11269.45
1127052,11270.52
1127156,11271.56
1127273,11272.73
1127389,11273.89
1127497,11274.97
1127604,11276.04
1127718,11277.18
1127835,11278.35
1127945,11279.45
1128049,11280.49
1128161,11281.61
1128273,11282.73
1128383,11283.83
1128488,11284.88
1128601,11286.01
1128713,11287.13
1128821,11288.21
1128928,11289.28
1129042,11290.42
1129160,11291.6
1129275,11292.75
1129382,11293.82
1129490,11294.9
1129602,11296.02
1129712,11297.12
1129819,11298.19
1129923,11299.23
1130023,11300.23
1130128,11301.28
1130242,11302.42
1130353,11303.53
1130459,11304.59
1130563,11305.63
1130675,11306.75
1130788,11307.88
1130897,11308.97
1131002,11310.02
1131114,11311.14
1131226,11312.26
1131336,11313.36
1131443,11314.43
1131547,11315.47
1131662,11316.62
1131776,11317.76
1131883,11318.83
1131989,11319.89
1132102,11321.02
1132217,11322.17
1132327,11323.27
1132433,11324.33
1132548,11325.48
1132663,11326.63
1132774,11327.74
1132881,11328.81
1132995,11329.95
1133109,11331.09
1133220,11332.2
1133326,11333.26
1133435,11334.35
1133548,11335.48
1133661,11336.61
1133766,11337.66
1133875,11338.75
1133987,11339.87
1134100,11341.0
1134208,11342.08
1134312,11343.12
1134424,11344.24
1134534,11345.34
1134641,11346.41
1134745,11347.45
1134850,11348.5
1134961,11349.61
1135072,11350.72
1135179,11351.79
1135286,11352.86
1135398,11353.98
1135505,11355.05
1135609,11356.09
1135713,11357.13
1135821,11358.21
1135927,11359.27
1136032,11360.32
1136141,11361.41
1136252,11362.52
1136359,11363.59
1136462,11364.62
1136569,11365.69
1136678,11366.78
1136786,11367.86
1136890,11368.9
1136993,11369.93
1137109,11371.09
1137224,11372.24
1137334,11373.34
1137439,11374.39
1137549,11375.49
1137661,11376.61
1137772,11377.72
1137878,11378.78
1137992,11379.92
1138109,11381.09
1138222,11382.22
1138328,11383.28
1138442,11384.42
1138557,11385.57
1138668,11386.68
1138777,11387.77
1138882,11388.82
1138992,11389.92
1139103,11391.03
1139211,11392.11
1139317,11393.17
1139429,11394.29
1139540,11395.4
1139651,11396.51
1139758,11397.58
1139861,11398.61
1139970,11399.7
1140086,11400.86
1140200,11402.0
1140309,11403.09
1140423,11404.23
1140538,11405.38
1140651,11406.51
1140761,11407.61
1140874,11408.74
1140990,11409.9
1141102,11411.02
1141211,11412.11
1141312,11413.12
1141422,11414.22
1141532,11415.32
1141637,11416.37
1141735,11417.35
1141831,11418.31
1141937,11419.37
1142050,11420.5
1142155,11421.55
1142260,11422.6
1142379,11423.79
1142494,11424.94
1142603,11426.03
1142708,11427.08
1142820,11428.2
1142933,11429.33
1143044,11430.44
1143148,11431.48
1143252,11432.52
1143362,11433.62
1143469,11434.69
1143573,11435.73
1143672,11436.72
1143778,11437.78
1143886,11438.86
1143992,11439.92
1144095,11440.95
1144201,11442.01
1144312,11443.12
1144420,11444.2
1144526,11445.26
1144631,11446.31
1144744,11447.44
1144855,11448.55
1144961,11449.61
1145065,11450.65
1145177,11451.77
1145289,11452.89
1145401,11454.01
1145508,11455.08
1145617,11456.17
1145731,11457.31
1145844,11458.44
1145951,11459.51
1146061,11460.61
1146175,11461.75
1146286,11462.86
1146389,11463.89
1146493,11464.93
1146600,11466.0
1146710,11467.1
1146815,11468.15
1146926,11469.26
1147043,11470.43
1147158,11471.58
1147266,11472.66
1147380,11473.8
1147491,11474.91
1147598,11475.98
1147700,11477.0
1147813,11478.13
1147927,11479.27
1148034,11480.34
1148141,11481.41
1148259,11482.59
1148372,11483.72
1148479,11484.79
1148582,11485.82
1148690,11486.9
1148804,11488.04
1148916,11489.16
1149021,11490.21
1149127,11491.27
1149242,11492.42
1149353,11493.53
1149460,11494.6
1149564,11495.64
1149675,11496.75
1149789,11497.89
1149903,11499.03
1150010,11500.1
1150121,11501.21
1150234,11502.34
1150344,11503.44
1150447,11504.47
1150553,11505.53
1150663,11506.63
1150768,11507.68
1150869,11508.69
1150977,11509.77
1151086,11510.86
1151188,11511.88
1151285,11512.85
1151383,11513.83
1151493,11514.93
1151599,11515.99
1151702,11517.02
1151811,11518.11
1151924,11519.24
1152033,11520.33
1152139,11521.39
1152251,11522.51
1152364,11523.64
1152473,11524.73
1152577,11525.77
1152683,11526.83
1152794,11527.94
1152903,11529.03
1153010,11530.1
1153113,11531.13
1153223,11532.23
1153336,11533.36
1153446,11534.46
1153554,11535.54
1153667,11536.67
1153777,11537.77
1153884,11538.84
1153986,11539.86
1154095,11540.95
1154209,11542.09
1154322,11543.22
1154431,11544.31
1154537,11545.37
1154650,11546.5
1154765,11547.65
1154872,11548.72
1154974,11549.74
1155082,11550.82
1155193,11551.93
1155298,11552.98
1155403,11554.03
1155517,11555.17
1155629,11556.29
1155736,11557.36
1155838,11558.38
1155947,11559.47
1156058,11560.58
1156166,11561.66
1156267,11562.67
1156370,11563.7
1156481,11564.81
1156591,11565.91
1156693,11566.93
1156793,11567.93
1156898,11568.98
1157007,11570.07
1157113,11571.13
1157213,11572.13
1157319,11573.19
1157436,11574.36
1157551,11575.51
1157661,11576.61
1157762,11577.62
1157867,11578.67
1157972,11579.72
1158076,11580.76
1158178,11581.78
1158284,11582.84
1158396,11583.96
1158505,11585.05
1158610,11586.1
1158717,11587.17
1158827,11588.27
1158936,11589.36
1159039,11590.39
1159134,11591.34
1159237,11592.37
1159348,11593.48
1159459,11594.59
1159565,11595.65
1159673,11596.73
1159789,11597.89
1159904,11599.04
1160015,11600.15
1160123,11601.23
1160239,11602.39
1160356,11603.56
1160467,11604.67
1160573,11605.73
1160683,11606.83
1160796,11607.96
1160904,11609.04
1161007,11610.07
1161112,11611.12
1161218,11612.18
1161318,11613.18
1161412,11614.12
1161515,11615.15
1161629,11616.29
1161740,11617.4
1161847,11618.47
1161958,11619.58
1162070,11620.7
1162181,11621.81
1162287,11622.87
1162396,11623.96
1162512,11625.12
1162622,11626.22
1162724,11627.24
1162828,11628.28
1162932,11629.32
1163037,11630.37
1163135,11631.35
1163237,11632.37
1163352,11633.52
1163461,11634.61
1163565,11635.65
1163671,11636.71
1163786,11637.86
1163901,11639.01
1164009,11640.09
1164115,11641.15
1164227,11642.27
1164341,11643.41
1164451,11644.51
1164555,11645.55
1164662,11646.62
1164776,11647.76
1164890,11648.9
1164999,11649.99
1165103,11651.03
1165212,11652.12
1165322,11653.22
1165431,11654.31
1165536,11655.36
1165645,11656.45
1165760,11657.6
1165872,11658.72
1165980,11659.8
1166085,11660.85
1166196,11661.96
1166303,11663.03
1166404,11664.04
1166497,11664.97
1166583,11665.83
1166666,11666.66
1166750,11667.5
1166836,11668.36
1166917,11669.17
1166995,11669.95
1167072,11670.72
1167150,11671.5
1167229,11672.29
1167315,11673.15
1167409,11674.09
1167500,11675.0
1167588,11675.88
1167677,11676.77
1167774,11677.74
1167880,11678.8
1167989,11679.89
1168107,11681.07
1168224,11682.24
1168339,11683.39
1168448,11684.48
1168561,11685.61
1168679,11686.79
1168790,11687.9
1168902,11689.02
1169015,11690.15
1169122,11691.22
1169235,11692.35
1169352,11693.52
1169467,11694.67
1169579,11695.79
1169686,11696.86
1169782,11697.82
1169872,11698.72
1169959,11699.59
1170044,11700.44
1170125,11701.25
1170206,11702.06
1170292,11702.92
1170411,11704.11
1170526,11705.26
1170645,11706.45
1170767,11707.67
1170888,11708.88
1171005,11710.05
1171118,11711.18
1171235,11712.35
1171349,11713.49
1171461,11714.61
1171570,11715.7
1171685,11716.85
1171800,11718.0
1171910,11719.1
1172015,11720.15
1172128,11721.28
1172240,11722.4
1172351,11723.51
1172457,11724.57
1172567,11725.67
1172678,11726.78
1172787,11727.87
1172889,11728.89
1172990,11729.9
1173096,11730.96
1173206,11732.06
1173317,11733.17
1173420,11734.2
1173527,11735.27
1173630,11736.3
1173725,11737.25
1173811,11738.11
1173889,11738.89
1173967,11739.67
1174044,11740.44
1174119,11741.19
1174193,11741.93
1174268,11742.68
1174343,11743.43
1174422,11744.22
1174502,11745.02
1174617,11746.17
1174735,11747.35
1174855,11748.55
1174970,11749.7
1175092,11750.92
1175212,11752.12
1175331,11753.31
1175447,11754.47
1175566,11755.66
1175685,11756.85
1175799,11757.99
1175907,11759.07
1176019,11760.19
1176132,11761.32
1176244,11762.44
1176351,11763.51
1176455,11764.55
1176563,11765.63
1176674,11766.74
1176780,11767.8
1176882,11768.82
1176992,11769.92
1177108,11771.08
1177224,11772.24
1177335,11773.35
1177435,11774.35
1177531,11775.31
1177622,11776.22
1177714,11777.14
1177799,11777.99
1177879,11778.79
1177959,11779.59
1178035,11780.35
1178112,11781.12
1178189,11781.89
1178266,11782.66
1178347,11783.47
1178433,11784.33
1178518,11785.18
1178601,11786.01
1178685,11786.85
1178772,11787.72
1178854,11788.54
1178934,11789.34
1179012,11790.12
1179090,11790.9
1179167,11791.67
1179244,11792.44
1179322,11793.22
1179399,11793.99
1179474,11794.74
1179551,11795.51
1179628,11796.28
1179706,11797.06
1179784,11797.84
1179861,11798.61
1179936,11799.36
1180007,11800.07
1180078,11800.78
1180151,11801.51
1180222,11802.22
1180293,11802.93
1180363,11803.63
1180432,11804.32
1180500,11805.0
1180568,11805.68
1180636,11806.36
1180703,11807.03
1180770,11807.7
1180837,11808.37
1180903,11809.03
1180970,11809.7
1181036,11810.36
1181102,11811.02
1181170,11811.7
1181240,11812.4
1181315,11813.15
1181396,11813.96
1181485,11814.85
1181581,11815.81
1181681,11816.81
1181784,11817.84
1181887,11818.87
1181992,11819.92
1182094,11820.94
1182197,11821.97
1182302,11823.02
1182411,11824.11
1182523,11825.23
1182632,11826.32
1182734,11827.34
1182843,11828.43
1182960,11829.6
1183075,11830.75
1183184,11831.84
1183295,11832.95
1183400,11834.0
1183501,11835.01
1183588,11835.88
1183670,11836.7
1183748,11837.48
1183824,11838.24
1183899,11838.99
1183976,11839.76
1184061,11840.61
1184182,11841.82
1184305,11843.05
1184429,11844.29
1184548,11845.48
1184663,11846.63
1184784,11847.84
1184905,11849.05
1185023,11850.23
1185138,11851.38
1185251,11852.51
1185372,11853.72
1185483,11854.83
1185586,11855.86
1185697,11856.97
1185816,11858.16
1185930,11859.3
1186040,11860.4
1186156,11861.56
1186276,11862.76
1186392,11863.92
1186503,11865.03
1186613,11866.13
1186729,11867.29
1186841,11868.41
1186942,11869.42
1187034,11870.34
1187123,11871.23
1187213,11872.13
1187324,11873.24
1187433,11874.33
1187536,11875.36
1187637,11876.37
1187737,11877.37
1187839,11878.39
1187935,11879.35
1188026,11880.26
1188117,11881.17
1188214,11882.14
1188317,11883.17
1188422,11884.22
1188540,11885.4
1188655,11886.55
1188769,11887.69
1188882,11888.82
1188992,11889.92
1189102,11891.02
1189215,11892.15
1189324,11893.24
1189431,11894.31
1189532,11895.32
1189628,11896.28
1189731,11897.31
1189841,11898.41
1189950,11899.5
1190057,11900.57
1190166,11901.66
1190278,11902.78
1190388,11903.88
1190495,11904.95
1190598,11905.98
1190704,11907.04
1190812,11908.12
1190917,11909.17
1191016,11910.16
1191121,11911.21
1191231,11912.31
1191341,11913.41
1191446,11914.46
1191549,11915.49
1191658,11916.58
1191768,11917.68
1191876,11918.76
1191976,11919.76
1192074,11920.74
1192176,11921.76
1192282,11922.82
1192388,11923.88
1192490,11924.9
1192593,11925.93
1192707,11927.07
1192817,11928.17
1192927,11929.27
1193031,11930.31
1193138,11931.38
1193250,11932.5
1193361,11933.61
1193466,11934.66
1193577,11935.77
1193692,11936.92
1193806,11938.06
1193915,11939.15
1194019,11940.19
1194130,11941.3
1194247,11942.47
1194360,11943.6
1194466,11944.66
1194570,11945.7
1194678,11946.78
1194787,11947.87
1194894,11948.94
1194996,11949.96
1195101,11951.01
1195214,11952.14
1195326,11953.26
1195435,11954.35
1195540,11955.4
1195650,11956.5
1195763,11957.63
1195872,11958.72
1195975,11959.75
1196083,11960.83
1196192,11961.92
1196302,11963.02
1196405,11964.05
1196502,11965.02
1196611,11966.11
1196724,11967.24
1196834,11968.34
1196939,11969.39
1197049,11970.49
1197162,11971.62
1197271,11972.71
1197368,11973.68
1197466,11974.66
1197572,11975.72
1197682,11976.82
1197789,11977.89
1197893,11978.93
1198002,11980.02
1198117,11981.17
1198229,11982.29
1198336,11983.36
1198441,11984.41
1198551,11985.51
1198666,11986.66
1198778,11987.78
1198884,11988.84
1198990,11989.9
1199102,11991.02
1199214,11992.14
1199321,11993.21
1199427,11994.27
1199536,11995.36
1199645,11996.45
1199754,11997.54
1199859,11998.59
1199970,11999.7
1200086,12000.86
1200197,12001.97
1200302,12003.02
1200410,12004.1
1200526,12005.26
1200641,12006.41
1200752,12007.52
1200862,12008.62
1200980,12009.8
1201093,12010.93
1201201,12012.01
1201307,12013.07
1201420,12014.2
1201535,12015.35
1201648,12016.48
1201755,12017.55
1201857,12018.57
1201968,12019.68
1202084,12020.84
1202197,12021.97
1202304,12023.04
1202414,12024.14
1202530,12025.3
1202643,12026.43
1202748,12027.48
1202852,12028.52
1202965,12029.65
1203078,12030.78
1203187,12031.87
1203291,12032.91
1203400,12034.0
1203512,12035.12
1203618,12036.18
1203720,12037.2
1203827,12038.27
1203937,12039.37
1204044,12040.44
1204144,12041.44
1204245,12042.45
1204357,12043.57
1204466,12044.66
1204568,12045.68
1204671,12046.71
1204783,12047.83
1204896,12048.96
1205003,12050.03
1205106,12051.06
1205214,12052.14
1205324,12053.24
1205429,12054.29
1205531,12055.31
1205641,12056.41
1205750,12057.5
1205855,12058.55
1205954,12059.54
1206056,12060.56
1206164,12061.64
1206273,12062.73
1206377,12063.77
1206478,12064.78
1206577,12065.77
1206683,12066.83
1206789,12067.89
1206893,12068.93
1207009,12070.09
1207125,12071.25
1207235,12072.35
1207345,12073.45
1207460,12074.6
1207574,12075.74
1207680,12076.8
1207785,12077.85
1207903,12079.03
1208018,12080.18
1208132,12081.32
1208239,12082.39
1208353,12083.53
1208472,12084.72
1208585,12085.85
1208692,12086.92
1208802,12088.02
1208917,12089.17
1209031,12090.31
1209139,12091.39
1209246,12092.46
1209360,12093.6
1209473,12094.73
1209580,12095.8
1209680,12096.8
1209789,12097.89
1209898,12098.98
1210003,12100.03
1210104,12101.04
1210211,12102.11
1210316,12103.16
1210424,12104.24
1210528,12105.28
1210635,12106.35
1210749,12107.49
1210862,12108.62
1210970,12109.7
1211081,12110.81
1211200,12112.0
1211317,12113.17
1211429,12114.29
1211539,12115.39
1211655,12116.55
1211769,12117.69
1211878,12118.78
1211987,12119.87
1212100,12121.0
1212212,12122.12
1212323,12123.23
1212431,12124.31
1212544,12125.44
1212659,12126.59
1212769,12127.69
1212873,12128.73
1212979,12129.79
1213088,12130.88
1213192,12131.92
1213288,12132.88
1213387,12133.87
1213500,12135.0
1213617,12136.17
1213728,12137.28
1213838,12138.38
1213954,12139.54
1214070,12140.7
1214181,12141.81
1214287,12142.87
1214393,12143.93
1214503,12145.03
1214612,12146.12
1214719,12147.19
1214823,12148.23
1214933,12149.33
1215047,12150.47
1215158,12151.58
1215263,12152.63
1215372,12153.72
1215487,12154.87
1215597,12155.97
1215702,12157.02
1215808,12158.08
1215919,12159.19
1216027,12160.27
1216132,12161.32
1216241,12162.41
1216354,12163.54
1216465,12164.65
1216567,12165.67
1216671,12166.71
1216783,12167.83
1216895,12168.95
1217004,12170.04
1217110,12171.1
1217223,12172.23
1217335,12173.35
1217444,12174.44
1217552,12175.52
1217666,12176.66
1217779,12177.79
1217887,12178.87
1217993,12179.93
1218100,12181.0
1218208,12182.08
1218317,12183.17
1218421,12184.21
1218525,12185.25
1218638,12186.38
1218752,12187.52
1218860,12188.6
1218969,12189.69
1219081,12190.81
1219191,12191.91
1219298,12192.98
1219400,12194.0
1219502,12195.02
1219610,12196.1
1219716,12197.16
1219814,12198.14
1219916,12199.16
1220023,12200.23
1220131,12201.31
1220238,12202.38
1220346,12203.46
1220462,12204.62
1220575,12205.75
1220684,12206.84
1220794,12207.94
1220906,12209.06
1221015,12210.15
1221122,12211.22
1221221,12212.21
1221327,12213.27
1221434,12214.34
1221543,12215.43
1221646,12216.46
1221757,12217.57
1221872,12218.72
1221985,12219.85
1222093,12220.93
1222203,12222.03
1222320,12223.2
1222430,12224.3
1222534,12225.34
1222635,12226.35
1222743,12227.43
1222859,12228.59
1222973,12229.73
1223078,12230.78
1223184,12231.84
1223296,12232.96
1223406,12234.06
1223508,12235.08
1223610,12236.1
1223716,12237.16
1223824,12238.24
1223935,12239.35
1224042,12240.42
1224155,12241.55
1224273,12242.73
1224386,12243.86
1224493,12244.93
1224606,12246.06
1224719,12247.19
1224827,12248.27
1224933,12249.33
1225047,12250.47
1225159,12251.59
1225267,12252.67
1225375,12253.75
1225489,12254.89
1225601,12256.01
1225708,12257.08
1225810,12258.1
1225921,12259.21
1226035,12260.35
1226147,12261.47
1226253,12262.53
1226364,12263.64
1226475,12264.75
1226583,12265.83
1226685,12266.85
1226783,12267.83
1226885,12268.85
1226994,12269.94
1227103,12271.03
1227206,12272.06
1227310,12273.1
1227422,12274.22
1227533,12275.33
1227640,12276.4
1227748,12277.48
1227862,12278.62
1227972,12279.72
1228076,12280.76
1228180,12281.8
1228289,12282.89
1228401,12284.01
1228509,12285.09
1228612,12286.12
1228721,12287.21
1228837,12288.37
1228953,12289.53
1229062,12290.62
1229170,12291.7
1229283,12292.83
1229394,12293.94
1229501,12295.01
1229606,12296.06
1229717,12297.17
1229827,12298.27
1229933,12299.33
1230039,12300.39
1230153,12301.53
1230264,12302.64
1230370,12303.7
1230476,12304.76
1230586,12305.86
1230696,12306.96
1230806,12308.06
1230913,12309.13
1231027,12310.27
1231141,12311.41
1231251,12312.51
1231359,12313.59
1231474,12314.74
1231588,12315.88
1231698,12316.98
1231804,12318.04
1231916,12319.16
1232030,12320.3
1232138,12321.38
1232240,12322.4
1232347,12323.47
1232453,12324.53
1232560,12325.6
1232661,12326.61
1232764,12327.64
1232877,12328.77
1232992,12329.92
1233101,12331.01
1233207,12332.07
1233321,12333.21
1233431,12334.31
1233537,12335.37
1233639,12336.39
1233747,12337.47
1233862,12338.62
1233974,12339.74
1234078,12340.78
1234184,12341.84
1234296,12342.96
1234406,12344.06
1234511,12345.11
1234617,12346.17
1234731,12347.31
1234846,12348.46
1234955,12349.55
1235061,12350.61
1235171,12351.71
1235284,12352.84
1235392,12353.92
1235494,12354.94
1235606,12356.06
1235721,12357.21
1235833,12358.33
1235940,12359.4
1236054,12360.54
1236167,12361.67
1236275,12362.75
1236380,12363.8
1236490,12364.9
1236601,12366.01
1236707,12367.07
1236806,12368.06
1236906,12369.06
1237017,12370.17
1237125,12371.25
1237229,12372.29
1237341,12373.41
1237457,12374.57
1237568,12375.68
1237675,12376.75
1237786,12377.86
1237897,12378.97
1238002,12380.02
1238104,12381.04
1238210,12382.1
1238319,12383.19
1238424,12384.24
1238527,12385.27
1238634,12386.34
1238745,12387.45
1238852,12388.52
1238961,12389.61
1239070,12390.7
1239180,12391.8
1239283,12392.83
1239384,12393.84
1239489,12394.89
1239592,12395.92
1239692,12396.92
1239787,12397.87
1239889,12398.89
1239998,12399.98
1240104,12401.04
1240206,12402.06
1240315,12403.15
1240426,12404.26
1240533,12405.33
1240638,12406.38
1240746,12407.46
1240851,12408.51
1240955,12409.55
1241055,12410.55
1241149,12411.49
1241239,12412.39
1241334,12413.34
1241431,12414.31
1241539,12415.39
1241652,12416.52
1241766,12417.66
1241873,12418.73
1241986,12419.86
1242102,12421.02
1242214,12422.14
1242324,12423.24
1242440,12424.4
1242557,12425.57
1242668,12426.68
1242777,12427.77
1242891,12428.91
1243003,12430.03
1243113,12431.13
1243219,12432.19
1243333,12433.33
1243447,12434.47
1243557,12435.57
1243661,12436.61
1243768,12437.68
1243878,12438.78
1243988,12439.88
1244091,12440.91
1244195,12441.95
1244306,12443.06
1244414,12444.14
1244522,12445.22
1244624,12446.24
1244728,12447.28
1244837,12448.37
1244943,12449.43
1245046,12450.46
1245143,12451.43
1245247,12452.47
1245354,12453.54
1245456,12454.56
1245559,12455.59
1245673,12456.73
1245784,12457.84
1245891,12458.91
1245991,12459.91
1246096,12460.96
1246201,12462.01
1246308,12463.08
1246412,12464.12
1246522,12465.22
1246637,12466.37
1246752,12467.52
1246861,12468.61
1246972,12469.72
1247087,12470.87
1247202,12472.02
1247310,12473.1
1247419,12474.19
1247536,12475.36
1247650,12476.5
1247761,12477.61
1247869,12478.69
1247981,12479.81
1248097,12480.97
1248210,12482.1
1248316,12483.16
1248421,12484.21
1248531,12485.31
1248644,12486.44
1248753,12487.53
1248857,12488.57
1248963,12489.63
1249073,12490.73
1249183,12491.83
1249287,12492.87
1249395,12493.95
1249504,12495.04
1249614,12496.14
1249718,12497.18
1249826,12498.26
1249939,12499.39
1250047,12500.47
1250150,12501.5
1250252,12502.52
1250362,12503.62
1250466,12504.66
1250569,12505.69
1250685,12506.85
1250797,12507.97
1250904,12509.04
1251009,12510.09
1251117,12511.17
1251230,12512.3
1251341,12513.41
1251445,12514.45
1251548,12515.48
1251656,12516.56
1251768,12517.68
1251875,12518.75
1251979,12519.79
1252088,12520.88
1252198,12521.98
1252303,12523.03
1252403,12524.03
1252512,12525.12
1252624,12526.24
1252731,12527.31
1252833,12528.33
1252937,12529.37
1253046,12530.46
1253150,12531.5
1253250,12532.5
1253353,12533.53
1253463,12534.63
1253571,12535.71
1253676,12536.76
1253777,12537.77
1253888,12538.88
1254001,12540.01
1254111,12541.11
1254216,12542.16
1254328,12543.28
1254444,12544.44
1254557,12545.57
1254666,12546.66
1254779,12547.79
1254897,12548.97
1255009,12550.09
1255120,12551.2
1255225,12552.25
1255331,12553.31
1255442,12554.42
1255549,12555.49
1255652,12556.52
1255763,12557.63
1255876,12558.76
1255983,12559.83
1256088,12560.88
1256199,12561.99
1256311,12563.11
1256422,12564.22
1256525,12565.25
1256634,12566.34
1256746,12567.46
1256853,12568.53
1256951,12569.51
1257051,12570.51
1257158,12571.58
1257262,12572.62
1257364,12573.64
1257474,12574.74
1257588,12575.88
1257700,12577.0
1257807,12578.07
1257920,12579.2
1258036,12580.36
1258149,12581.49
1258256,12582.56
1258366,12583.66
1258478,12584.78
1258588,12585.88
1258692,12586.92
1258799,12587.99
1258909,12589.09
1259017,12590.17
1259122,12591.22
1259226,12592.26
1259332,12593.32
1259442,12594.42
1259547,12595.47
1259646,12596.46
1259748,12597.48
1259856,12598.56
1259965,12599.65
1260069,12600.69
1260175,12601.75
1260281,12602.81
1260389,12603.89
1260495,12604.95
1260598,12605.98
1260707,12607.07
1260817,12608.17
1260926,12609.26
1261030,12610.3
1261138,12611.38
1261249,12612.49
1261354,12613.54
1261453,12614.53
1261557,12615.57
1261660,12616.6
1261762,12617.62
1261855,12618.55
1261943,12619.43
1262025,12620.25
1262103,12621.03
1262180,12621.8
1262255,12622.55
1262330,12623.3
1262407,12624.07
1262488,12624.88
1262567,12625.67
1262644,12626.44
1262720,12627.2
1262800,12628.0
1262885,12628.85
1262974,12629.74
1263084,12630.84
1263192,12631.92
1263300,12633.0
1263411,12634.11
1263524,12635.24
1263637,12636.37
1263748,12637.48
1263859,12638.59
1263976,12639.76
1264091,12640.91
1264206,12642.06
1264317,12643.17
1264423,12644.23
1264535,12645.35
1264648,12646.48
1264761,12647.61
1264871,12648.71
1264976,12649.76
1265091,12650.91
1265209,12652.09
1265310,12653.1
1265401,12654.01
1265484,12654.84
1265564,12655.64
1265647,12656.47
1265733,12657.33
1265819,12658.19
1265910,12659.1
1266021,12660.21
1266129,12661.29
1266241,12662.41
1266362,12663.62
1266486,12664.86
1266599,12665.99
1266709,12667.09
1266827,12668.27
1266942,12669.42
1267054,12670.54
1267167,12671.67
1267275,12672.75
1267391,12673.91
1267508,12675.08
1267625,12676.25
1267739,12677.39
1267852,12678.52
1267965,12679.65
1268078,12680.78
1268187,12681.87
1268284,12682.84
1268378,12683.78
1268467,12684.67
1268555,12685.55
1268635,12686.35
1268716,12687.16
1268796,12687.96
1268875,12688.75
1268953,12689.53
1269030,12690.3
1269106,12691.06
1269182,12691.82
1269258,12692.58
1269334,12693.34
1269410,12694.1
1269487,12694.87
1269566,12695.66
1269647,12696.47
1269726,12697.26
1269808,12698.08
1269893,12698.93
1269988,12699.88
1270094,12700.94
1270197,12701.97
1270311,12703.11
1270429,12704.29
1270546,12705.46
1270662,12706.62
1270775,12707.75
1270890,12708.9
1270992,12709.92
1271086,12710.86
1271175,12711.75
1271260,12712.6
1271341,12713.41
1271424,12714.24
1271505,12715.05
1271583,12715.83
1271661,12716.61
1271746,12717.46
1271872,12718.72
1271998,12719.98
1272117,12721.17
1272226,12722.26
1272346,12723.46
1272473,12724.73
1272596,12725.96
1272711,12727.11
1272821,12728.21
1272938,12729.38
1273055,12730.55
1273171,12731.71
1273280,12732.8
1273393,12733.93
1273509,12735.09
1273626,12736.26
1273740,12737.4
1273847,12738.47
1273949,12739.49
1274056,12740.56
1274160,12741.6
1274264,12742.64
1274372,12743.72
1274478,12744.78
1274595,12745.95
1274710,12747.1
1274824,12748.24
1274936,12749.36
1275044,12750.44
1275143,12751.43
1275238,12752.38
1275333,12753.33
1275436,12754.36
1275559,12755.59
1275680,12756.8
1275796,12757.96
1275910,12759.1
1276030,12760.3
1276145,12761.45
1276257,12762.57
1276369,12763.69
1276485,12764.85
1276603,12766.03
1276710,12767.1
1276823,12768.23
1276941,12769.41
1277061,12770.61
1277175,12771.75
1277283,12772.83
1277387,12773.87
1277494,12774.94
1277609,12776.09
1277719,12777.19
1277822,12778.22
1277926,12779.26
1278037,12780.37
1278150,12781.5
1278261,12782.61
1278363,12783.63
1278466,12784.66
1278574,12785.74
1278687,12786.87
1278799,12787.99
1278908,12789.08
1279027,12790.27
1279145,12791.45
1279257,12792.57
1279361,12793.61
1279464,12794.64
1279570,12795.7
1279676,12796.76
1279778,12797.78
1279874,12798.74
1279982,12799.82
1280097,12800.97
1280206,12802.06
1280310,12803.1
1280417,12804.17
1280534,12805.34
1280645,12806.45
1280750,12807.5
1280851,12808.51
1280947,12809.47
1281043,12810.43
1281133,12811.33
1281217,12812.17
1281300,12813.0
1281392,12813.92
1281497,12814.97
1281603,12816.03
1281704,12817.04
1281810,12818.1
1281912,12819.12
1282006,12820.06
1282100,12821.0
1282204,12822.04
1282311,12823.11
1282420,12824.2
1282539,12825.39
1282660,12826.6
1282777,12827.77
1282886,12828.86
1282997,12829.97
1283110,12831.1
1283224,12832.24
1283333,12833.33
1283439,12834.39
1283546,12835.46
1283660,12836.6
1283770,12837.7
1283879,12838.79
1283984,12839.84
1284091,12840.91
1284204,12842.04
1284315,12843.15
1284425,12844.25
1284533,12845.33
1284637,12846.37
1284749,12847.49
1284860,12848.6
1284966,12849.66
1285067,12850.67
1285167,12851.67
1285279,12852.79
1285388,12853.88
1285493,12854.93
1285591,12855.91
1285694,12856.94
1285806,12858.06
1285914,12859.14
1286016,12860.16
1286117,12861.17
1286226,12862.26
1286340,12863.4
1286452,12864.52
1286557,12865.57
1286657,12866.57
1286762,12867.62
1286866,12868.66
1286970,12869.7
1287074,12870.74
1287183,12871.83
1287302,12873.02
1287416,12874.16
1287526,12875.26
1287633,12876.33
1287742,12877.42
1287854,12878.54
1287963,12879.63
1288067,12880.67
1288175,12881.75
1288287,12882.87
1288396,12883.96
1288499,12884.99
1288605,12886.05
1288713,12887.13
1288819,12888.19
1288914,12889.14
1289010,12890.1
1289108,12891.08
1289214,12892.14
1289318,12893.18
1289415,12894.15
1289514,12895.14
1289616,12896.16
1289718,12897.18
1289816,12898.16
1289914,12899.14
1290018,12900.18
1290125,12901.25
1290229,12902.29
1290336,12903.36
1290448,12904.48
1290560,12905.6
1290670,12906.7
1290773,12907.73
1290873,12908.73
1290982,12909.82
1291094,12910.94
1291202,12912.02
1291308,12913.08
1291418,12914.18
1291533,12915.33
1291642,12916.42
1291749,12917.49
1291851,12918.51
1291958,12919.58
1292071,12920.71
1292182,12921.82
1292289,12922.89
1292400,12924.0
1292510,12925.1
1292617,12926.17
1292717,12927.17
1292815,12928.15
1292919,12929.19
1293026,12930.26
1293125,12931.25
1293219,12932.19
1293321,12933.21
1293432,12934.32
1293541,12935.41
1293645,12936.45
1293749,12937.49
1293859,12938.59
1293965,12939.65
1294063,12940.63
1294149,12941.49
1294229,12942.29
1294304,12943.04
1294380,12943.8
1294454,12944.54
1294527,12945.27
1294601,12946.01
1294685,12946.85
1294803,12948.03
1294917,12949.17
1295034,12950.34
1295154,12951.54
1295269,12952.69
1295387,12953.87
1295513,12955.13
1295635,12956.35
1295753,12957.53
1295867,12958.67
1295989,12959.89
1296111,12961.11
1296229,12962.29
1296341,12963.41
1296450,12964.5
1296571,12965.71
1296687,12966.87
1296803,12968.03
1296913,12969.13
1297024,12970.24
1297141,12971.41
1297252,12972.52
1297363,12973.63
1297475,12974.75
1297591,12975.91
1297700,12977.0
1297802,12978.02
1297911,12979.11
1298025,12980.25
1298139,12981.39
1298248,12982.48
1298352,12983.52
1298456,12984.56
1298563,12985.63
1298669,12986.69
1298770,12987.7
1298884,12988.84
1299003,12990.03
1299119,12991.19
1299230,12992.3
1299343,12993.43
1299456,12994.56
1299565,12995.65
1299672,12996.72
1299794,12997.94
1299911,12999.11
1300029,13000.29
1300135,13001.35
1300236,13002.36
1300345,13003.45
1300456,13004.56
1300568,13005.68
1300679,13006.79
1300787,13007.87
1300898,13008.98
1301016,13010.16
1301130,13011.3
1301240,13012.4
1301351,13013.51
1301464,13014.64
1301580,13015.8
1301692,13016.92
1301804,13018.04
1301913,13019.13
1302035,13020.35
1302149,13021.49
1302262,13022.62
1302369,13023.69
1302479,13024.79
1302593,13025.93
1302706,13027.06
1302816,13028.16
1302925,13029.25
1303039,13030.39
1303156,13031.56
1303268,13032.68
1303379,13033.79
1303496,13034.96
1303607,13036.07
1303718,13037.18
1303831,13038.31
1303944,13039.44
1304066,13040.66
1304176,13041.76
1304282,13042.82
1304389,13043.89
1304498,13044.98
1304604,13046.04
1304708,13047.08
1304824,13048.24
1304933,13049.33
1305035,13050.35
1305143,13051.43
1305253,13052.53
1305357,13053.57
1305452,13054.52
1305546,13055.46
1305641,13056.41
1305743,13057.43
1305837,13058.37
1305924,13059.24
1306013,13060.13
1306097,13060.97
1306176,13061.76
1306255,13062.55
1306336,13063.36
1306440,13064.4
1306537,13065.37
1306631,13066.31
1306737,13067.37
1306847,13068.47
1306955,13069.55
1307054,13070.54
1307156,13071.56
1307264,13072.64
1307375,13073.75
1307484,13074.84
1307586,13075.86
1307684,13076.84
1307788,13077.88
1307896,13078.96
1308004,13080.04
1308112,13081.12
1308219,13082.19
1308325,13083.25
1308440,13084.4
1308549,13085.49
1308658,13086.58
1308775,13087.75
1308891,13088.91
1309000,13090.0
1309111,13091.11
1309224,13092.24
1309335,13093.35
1309442,13094.42
1309554,13095.54
1309666,13096.66
1309775,13097.75
1309877,13098.77
1309981,13099.81
1310094,13100.94
1310204,13102.04
1310310,13103.1
1310412,13104.12
1310521,13105.21
1310632,13106.32
1310741,13107.41
1310850,13108.5
1310959,13109.59
1311067,13110.67
1311168,13111.68
1311275,13112.75
1311383,13113.83
1311486,13114.86
1311585,13115.85
1311689,13116.89
1311799,13117.99
1311900,13119.0
1311993,13119.93
1312088,13120.88
1312180,13121.8
1312276,13122.76
1312376,13123.76
1312467,13124.67
1312555,13125.55
1312648,13126.48
1312753,13127.53
1312856,13128.56
1312955,13129.55
1313048,13130.48
1313145,13131.45
1313242,13132.42
1313342,13133.42
1313434,13134.34
1313525,13135.25
1313624,13136.24
1313738,13137.38
1313848,13138.48
1313950,13139.5
1314054,13140.54
1314161,13141.61
1314273,13142.73
1314378,13143.78
1314478,13144.78
1314578,13145.78
1314676,13146.76
1314778,13147.78
1314887,13148.87
1314994,13149.94
1315093,13150.93
1315189,13151.89
1315290,13152.9
1315396,13153.96
1315495,13154.95
1315590,13155.9
1315692,13156.92
1315797,13157.97
1315905,13159.05
1316001,13160.01
1316092,13160.92
1316181,13161.81
1316267,13162.67
1316351,13163.51
1316432,13164.32
1316514,13165.14
1316596,13165.96
1316675,13166.75
1316753,13167.53
1316830,13168.3
1316906,13169.06
1316982,13169.82
1317057,13170.57
1317131,13171.31
1317206,13172.06
1317284,13172.84
1317393,13173.93
1317504,13175.04
1317613,13176.13
1317722,13177.22
1317834,13178.34
1317946,13179.46
1318056,13180.56
1318158,13181.58
1318261,13182.61
1318374,13183.74
1318486,13184.86
1318596,13185.96
1318701,13187.01
1318809,13188.09
1318919,13189.19
1319030,13190.3
1319138,13191.38
1319244,13192.44
1319348,13193.48
1319462,13194.62
1319576,13195.76
1319688,13196.88
1319796,13197.96
1319903,13199.03
1320016,13200.16
1320131,13201.31
1320241,13202.41
1320345,13203.45
1320450,13204.5
1320559,13205.59
1320665,13206.65
1320768,13207.68
1320875,13208.75
1320984,13209.84
1321093,13210.93
1321196,13211.96
1321307,13213.07
1321421,13214.21
1321527,13215.27
1321633,13216.33
1321742,13217.42
1321859,13218.59
1321967,13219.67
1322073,13220.73
1322181,13221.81
1322292,13222.92
1322398,13223.98
1322500,13225.0
1322614,13226.14
1322726,13227.26
1322831,13228.31
1322933,13229.33
1323040,13230.4
1323152,13231.52
1323257,13232.57
1323348,13233.48
1323433,13234.33
1323517,13235.17
1323597,13235.97
1323674,13236.74
1323750,13237.5
1323827,13238.27
1323914,13239.14
1324030,13240.3
1324143,13241.43
1324254,13242.54
1324359,13243.59
1324465,13244.65
1324575,13245.75
1324683,13246.83
1324788,13247.88
1324895,13248.95
1325008,13250.08
1325120,13251.2
1325228,13252.28
1325331,13253.31
1325435,13254.35
1325545,13255.45
1325652,13256.52
1325756,13257.56
1325855,13258.55
1325961,13259.61
1326073,13260.73
1326180,13261.8
1326283,13262.83
1326387,13263.87
1326498,13264.98
1326607,13266.07
1326716,13267.16
1326820,13268.2
1326924,13269.24
1327027,13270.27
1327134,13271.34
1327237,13272.37
1327337,13273.37
1327444,13274.44
1327552,13275.52
1327653,13276.53
1327745,13277.45
1327840,13278.4
1327933,13279.33
1328030,13280.3
1328130,13281.3
1328220,13282.2
1328305,13283.05
1328387,13283.87
1328465,13284.65
1328544,13285.44
1328628,13286.28
1328713,13287.13
1328796,13287.96
1328892,13288.92
1329007,13290.07
1329120,13291.2
1329227,13292.27
1329332,13293.32
1329440,13294.4
1329551,13295.51
1329656,13296.56
1329760,13297.6
1329867,13298.67
1329974,13299.74
1330084,13300.84
1330195,13301.95
1330301,13303.01
1330407,13304.07
1330515,13305.15
1330626,13306.26
1330734,13307.34
1330845,13308.45
1330962,13309.62
1331072,13310.72
1331174,13311.74
1331281,13312.81
1331392,13313.92
1331506,13315.06
1331610,13316.1
1331717,13317.17
1331829,13318.29
1331940,13319.4
1332042,13320.42
1332152,13321.52
1332261,13322.61
1332368,13323.68
1332469,13324.69
1332572,13325.72
1332669,13326.69
1332768,13327.68
1332874,13328.74
1332982,13329.82
1333088,13330.88
1333195,13331.95
1333299,13332.99
1333397,13333.97
1333495,13334.95
1333594,13335.94
1333690,13336.9
1333777,13337.77
1333862,13338.62
1333943,13339.43
1334021,13340.21
1334097,13340.97
1334173,13341.73
1334252,13342.52
1334335,13343.35
1334425,13344.25
1334521,13345.21
1334610,13346.1
1334697,13346.97
1334787,13347.87
1334882,13348.82
1334977,13349.77
1335071,13350.71
1335159,13351.59
1335245,13352.45
1335334,13353.34
1335431,13354.31
1335537,13355.37
1335636,13356.36
1335726,13357.26
1335819,13358.19
1335926,13359.26
1336029,13360.29
1336126,13361.26
1336221,13362.21
1336320,13363.2
1336423,13364.23
1336524,13365.24
1336623,13366.23
1336717,13367.17
1336807,13368.07
1336896,13368.96
1336984,13369.84
1337071,13370.71
1337158,13371.58
1337242,13372.42
1337325,13373.25
1337413,13374.13
1337520,13375.2
1337631,13376.31
1337737,13377.37
1337837,13378.37
1337929,13379.29
1338018,13380.18
1338110,13381.1
1338208,13382.08
1338311,13383.11
1338411,13384.11
1338507,13385.07
1338605,13386.05
1338709,13387.09
1338812,13388.12
1338911,13389.11
1339006,13390.06
1339100,13391.0
1339195,13391.95
1339292,13392.92
1339386,13393.86
1339481,13394.81
1339578,13395.78
1339677,13396.77
1339775,13397.75
1339871,13398.71
1339969,13399.69
1340072,13400.72
1340171,13401.71
1340268,13402.68
1340372,13403.72
1340470,13404.7
1340568,13405.68
1340668,13406.68
1340774,13407.74
1340879,13408.79
1340980,13409.8
1341085,13410.85
1341184,13411.84
1341280,13412.8
1341377,13413.77
1341480,13414.8
1341583,13415.83
1341684,13416.84
1341780,13417.8
1341874,13418.74
1341969,13419.69
1342060,13420.6
1342153,13421.53
1342247,13422.47
1342341,13423.41
1342435,13424.35
1342535,13425.35
1342633,13426.33
1342725,13427.25
1342819,13428.19
1342908,13429.08
1342994,13429.94
1343078,13430.78
1343162,13431.62
1343245,13432.45
1343339,13433.39
1343433,13434.33
1343522,13435.22
1343615,13436.15
1343716,13437.16
1343820,13438.2
1343918,13439.18
1344009,13440.09
1344098,13440.98
1344186,13441.86
1344274,13442.74
1344364,13443.64
1344452,13444.52
1344540,13445.4
1344639,13446.39
1344752,13447.52
1344858,13448.58
1344963,13449.63
1345065,13450.65
1345161,13451.61
1345254,13452.54
1345348,13453.48
1345441,13454.41
1345538,13455.38
1345631,13456.31
1345725,13457.25
1345816,13458.16
1345908,13459.08
1345999,13459.99
1346091,13460.91
1346191,13461.91
1346296,13462.96
1346399,13463.99
1346494,13464.94
1346587,13465.87
1346681,13466.81
1346780,13467.8
1346875,13468.75
1346970,13469.7
1347065,13470.65
1347155,13471.55
1347252,13472.52
1347351,13473.51
1347455,13474.55
1347548,13475.48
1347639,13476.39
1347730,13477.3
1347820,13478.2
1347909,13479.09
1347997,13479.97
1348083,13480.83
1348168,13481.68
1348253,13482.53
1348339,13483.39
1348432,13484.32
1348524,13485.24
1348610,13486.1
1348696,13486.96
1348783,13487.83
1348871,13488.71
1348957,13489.57
1349039,13490.39
1349124,13491.24
1349208,13492.08
1349293,13492.93
1349377,13493.77
1349460,13494.6
1349541,13495.41
1349622,13496.22
1349692,13496.92
1349763,13497.63
1349853,13498.53
1349937,13499.37
1350018,13500.18
1350098,13500.98
1350175,13501.75
1350251,13502.51
1350325,13503.25
1350398,13503.98
1350470,13504.7
1350544,13505.44
1350620,13506.2
1350705,13507.05
1350809,13508.09
1350910,13509.1
1351015,13510.15
1351122,13511.22
1351232,13512.32
1351338,13513.38
1351436,13514.36
1351534,13515.34
1351635,13516.35
1351742,13517.42
1351853,13518.53
1351956,13519.56
1352063,13520.63
1352175,13521.75
1352285,13522.85
1352386,13523.86
1352491,13524.91
1352595,13525.95
1352693,13526.93
1352786,13527.86
1352883,13528.83
1352973,13529.73
1353062,13530.62
1353163,13531.63
1353265,13532.65
1353363,13533.63
1353466,13534.66
1353571,13535.71
1353676,13536.76
1353775,13537.75
1353869,13538.69
1353965,13539.65
1354065,13540.65
1354162,13541.62
1354263,13542.63
1354364,13543.64
1354465,13544.65
1354564,13545.64
1354666,13546.66
1354769,13547.69
1354868,13548.68
1354964,13549.64
1355063,13550.63
1355170,13551.7
1355272,13552.72
1355367,13553.67
1355466,13554.66
1355558,13555.58
1355651,13556.51
1355741,13557.41
1355829,13558.29
1355917,13559.17
1356012,13560.12
1356116,13561.16
1356214,13562.14
1356307,13563.07
1356400,13564.0
1356489,13564.89
1356578,13565.78
1356671,13566.71
1356758,13567.58
1356845,13568.45
1356933,13569.33
1357027,13570.27
1357125,13571.25
1357227,13572.27
1357324,13573.24
1357423,13574.23
1357524,13575.24
1357632,13576.32
1357735,13577.35
1357833,13578.33
1357932,13579.32
1358034,13580.34
1358136,13581.36
1358234,13582.34
1358327,13583.27
1358415,13584.15
1358509,13585.09
1358610,13586.1
1358714,13587.14
1358828,13588.28
1358940,13589.4
1359049,13590.49
1359150,13591.5
1359248,13592.48
1359348,13593.48
1359453,13594.53
1359553,13595.53
1359653,13596.53
1359757,13597.57
1359870,13598.7
1359977,13599.77
1360080,13600.8
1360182,13601.82
1360284,13602.84
1360394,13603.94
1360496,13604.96
1360598,13605.98
1360703,13607.03
1360805,13608.05
1360902,13609.02
1361003,13610.03
1361112,13611.12
1361221,13612.21
1361327,13613.27
1361424,13614.24
1361520,13615.2
1361612,13616.12
1361708,13617.08
1361815,13618.15
1361914,13619.14
1362004,13620.04
1362089,13620.89
1362172,13621.72
1362255,13622.55
1362336,13623.36
1362414,13624.14
1362492,13624.92
1362570,13625.7
1362651,13626.51
1362729,13627.29
1362807,13628.07
1362885,13628.85
1362962,13629.62
1363038,13630.38
1363114,13631.14
1363191,13631.91
1363275,13632.75
1363385,13633.85
1363495,13634.95
1363603,13636.03
1363707,13637.07
1363809,13638.09
1363918,13639.18
1364029,13640.29
1364133,13641.33
1364235,13642.35
1364341,13643.41
1364455,13644.55
1364570,13645.7
1364678,13646.78
1364784,13647.84
1364890,13648.9
1365002,13650.02
1365113,13651.13
1365221,13652.21
1365325,13653.25
1365438,13654.38
1365552,13655.52
1365665,13656.65
1365771,13657.71
1365881,13658.81
1365995,13659.95
1366110,13661.1
1366219,13662.19
1366322,13663.22
1366431,13664.31
1366544,13665.44
1366654,13666.54
1366757,13667.57
1366862,13668.62
1366969,13669.69
1367083,13670.83
1367190,13671.9
1367290,13672.9
1367394,13673.94
1367499,13674.99
1367604,13676.04
1367706,13677.06
1367809,13678.09
1367913,13679.13
1368020,13680.2
1368119,13681.19
1368220,13682.2
1368327,13683.27
1368438,13684.38
1368545,13685.45
1368647,13686.47
1368745,13687.45
1368848,13688.48
1368954,13689.54
1369058,13690.58
1369155,13691.55
1369255,13692.55
1369365,13693.65
1369471,13694.71
1369570,13695.7
1369672,13696.72
1369778,13697.78
1369881,13698.81
1369977,13699.77
1370074,13700.74
1370179,13701.79
1370289,13702.89
1370391,13703.91
1370490,13704.9
1370599,13705.99
1370710,13707.1
1370817,13708.17
1370913,13709.13
1371003,13710.03
1371095,13710.95
1371188,13711.88
1371282,13712.82
1371375,13713.75
1371460,13714.6
1371544,13715.44
1371624,13716.24
1371712,13717.12
1371801,13718.01
1371880,13718.8
1371959,13719.59
1372036,13720.36
1372113,13721.13
1372190,13721.9
1372266,13722.66
1372344,13723.44
1372422,13724.22
1372500,13725.0
1372580,13725.8
1372663,13726.63
1372750,13727.5
1372842,13728.42
1372941,13729.41
1373042,13730.42
1373132,13731.32
1373218,13732.18
1373304,13733.04
1373398,13733.98
1373497,13734.97
1373584,13735.84
1373667,13736.67
1373750,13737.5
1373840,13738.4
1373942,13739.42
1374038,13740.38
1374137,13741.37
1374254,13742.54
1374367,13743.67
1374479,13744.79
1374586,13745.86
1374689,13746.89
1374793,13747.93
1374901,13749.01
1375010,13750.1
1375115,13751.15
1375215,13752.15
1375311,13753.11
1375414,13754.14
1375524,13755.24
1375634,13756.34
1375734,13757.34
1375831,13758.31
1375924,13759.24
1376017,13760.17
1376113,13761.13
1376212,13762.12
1376311,13763.11
1376412,13764.12
1376501,13765.01
1376589,13765.89
1376683,13766.83
1376791,13767.91
1376900,13769.0
1376997,13769.97
1377088,13770.88
1377173,13771.73
1377256,13772.56
1377337,13773.37
1377420,13774.2
1377537,13775.37
1377649,13776.49
1377758,13777.58
1377872,13778.72
1377986,13779.86
1378099,13780.99
1378210,13782.1
1378321,13783.21
1378429,13784.29
1378533,13785.33
1378645,13786.45
1378759,13787.59
1378872,13788.72
1378979,13789.79
1379081,13790.81
1379188,13791.88
1379297,13792.97
1379407,13794.07
1379514,13795.14
1379623,13796.23
1379735,13797.35
1379850,13798.5
1379965,13799.65
1380075,13800.75
1380183,13801.83
1380293,13802.93
1380404,13804.04
1380508,13805.08
1380618,13806.18
1380738,13807.38
1380855,13808.55
1380969,13809.69
1381076,13810.76
1381183,13811.83
1381295,13812.95
1381405,13814.05
1381512,13815.12
1381622,13816.22
1381733,13817.33
1381839,13818.39
1381943,13819.43
1382047,13820.47
1382156,13821.56
1382266,13822.66
1382376,13823.76
1382475,13824.75
1382575,13825.75
1382686,13826.86
1382799,13827.99
1382909,13829.09
1383016,13830.16
1383126,13831.26
1383238,13832.38
1383352,13833.52
1383463,13834.63
1383571,13835.71
1383684,13836.84
1383793,13837.93
1383896,13838.96
1383994,13839.94
1384099,13840.99
1384209,13842.09
1384318,13843.18
1384424,13844.24
1384536,13845.36
1384650,13846.5
1384761,13847.61
1384863,13848.63
1384959,13849.59
1385058,13850.58
1385156,13851.56
1385256,13852.56
1385363,13853.63
1385474,13854.74
1385583,13855.83
1385685,13856.85
1385788,13857.88
1385892,13858.92
1385993,13859.93
1386098,13860.98
1386211,13862.11
1386313,13863.13
1386410,13864.1
1386520,13865.2
1386636,13866.36
1386741,13867.41
1386843,13868.43
1386944,13869.44
1387045,13870.45
1387142,13871.42
1387235,13872.35
1387332,13873.32
1387437,13874.37
1387542,13875.42
1387649,13876.49
1387758,13877.58
1387860,13878.6
1387968,13879.68
1388084,13880.84
1388189,13881.89
1388290,13882.9
1388403,13884.03
1388514,13885.14
1388619,13886.19
1388729,13887.29
1388838,13888.38
1388938,13889.38
1389040,13890.4
1389151,13891.51
1389253,13892.53
1389352,13893.52
1389450,13894.5
1389551,13895.51
1389650,13896.5
1389758,13897.58
1389873,13898.73
1389977,13899.77
1390086,13900.86
1390191,13901.91
1390289,13902.89
1390380,13903.8
1390469,13904.69
1390558,13905.58
1390653,13906.53
1390747,13907.47
1390847,13908.47
1390938,13909.38
1391031,13910.31
1391131,13911.31
1391241,13912.41
1391351,13913.51
1391450,13914.5
1391541,13915.41
1391629,13916.29
1391715,13917.15
1391801,13918.01
1391889,13918.89
1391973,13919.73
1392051,13920.51
1392131,13921.31
1392219,13922.19
1392337,13923.37
1392440,13924.4
1392530,13925.3
1392616,13926.16
1392697,13926.97
1392783,13927.83
1392872,13928.72
1392954,13929.54
1393033,13930.33
1393112,13931.12
1393193,13931.93
1393274,13932.74
1393354,13933.54
1393436,13934.36
1393523,13935.23
1393620,13936.2
1393713,13937.13
1393810,13938.1
1393930,13939.3
1394039,13940.39
1394134,13941.34
1394229,13942.29
1394348,13943.48
1394465,13944.65
1394583,13945.83
1394700,13947.0
1394814,13948.14
1394919,13949.19
1395003,13950.03
1395087,13950.87
1395195,13951.95
1395305,13953.05
1395416,13954.16
1395526,13955.26
1395632,13956.32
1395728,13957.28
1395815,13958.15
1395901,13959.01
1396016,13960.16
1396126,13961.26
1396235,13962.35
1396337,13963.37
1396424,13964.24
1396509,13965.09
1396592,13965.92
1396707,13967.07
1396817,13968.17
1396926,13969.26
1397026,13970.26
1397119,13971.19
1397215,13972.15
1397323,13973.23
1397433,13974.33
1397537,13975.37
1397631,13976.31
1397718,13977.18
1397806,13978.06
1397894,13978.94
1398009,13980.09
1398120,13981.2
1398230,13982.3
1398335,13983.35
1398432,13984.32
1398534,13985.34
1398646,13986.46
1398757,13987.57
1398868,13988.68
1398977,13989.77
1399085,13990.85
1399200,13992.0
1399318,13993.18
1399427,13994.27
1399535,13995.35
1399645,13996.45
1399756,13997.56
1399863,13998.63
1399965,13999.65
1400069,14000.69
1400182,14001.82
1400297,14002.97
1400405,14004.05
1400505,14005.05
1400607,14006.07
1400707,14007.07
1400810,14008.1
1400911,14009.11
1401003,14010.03
1401088,14010.88
1401170,14011.7
1401248,14012.48
1401324,14013.24
1401398,14013.98
1401472,14014.72
1401547,14015.47
1401621,14016.21
1401700,14017.0
1401814,14018.14
1401921,14019.21
1402033,14020.33
1402150,14021.5
1402268,14022.68
1402384,14023.84
1402492,14024.92
1402596,14025.96
1402707,14027.07
1402821,14028.21
1402930,14029.3
1403040,14030.4
1403144,14031.44
1403253,14032.53
1403370,14033.7
1403487,14034.87
1403599,14035.99
1403704,14037.04
1403812,14038.12
1403924,14039.24
1404037,14040.37
1404147,14041.47
1404249,14042.49
1404346,14043.46
1404444,14044.44
1404550,14045.5
1404659,14046.59
1404766,14047.66
1404867,14048.67
1404966,14049.66
1405068,14050.68
1405176,14051.76
1405285,14052.85
1405385,14053.85
1405477,14054.77
1405564,14055.64
1405653,14056.53
1405735,14057.35
1405816,14058.16
1405895,14058.95
1405972,14059.72
1406048,14060.48
1406127,14061.27
1406212,14062.12
1406303,14063.03
1406397,14063.97
1406483,14064.83
1406563,14065.63
1406643,14066.43
1406723,14067.23
1406802,14068.02
1406879,14068.79
1406956,14069.56
1407031,14070.31
1407107,14071.07
1407184,14071.84
1407260,14072.6
1407337,14073.37
1407413,14074.13
1407489,14074.89
1407564,14075.64
1407634,14076.34
1407711,14077.11
1407788,14077.88
1407861,14078.61
1407933,14079.33
1408005,14080.05
1408076,14080.76
1408147,14081.47
1408217,14082.17
1408286,14082.86
1408354,14083.54
1408423,14084.23
1408493,14084.93
1408563,14085.63
1408633,14086.33
1408704,14087.04
1408777,14087.77
1408851,14088.51
1408923,14089.23
1408996,14089.96
1409068,14090.68
1409141,14091.41
1409212,14092.12
1409285,14092.85
1409357,14093.57
1409429,14094.29
1409501,14095.01
1409573,14095.73
1409644,14096.44
1409708,14097.08
1409773,14097.73
1409848,14098.48
1409923,14099.23
1409991,14099.91
1410060,14100.6
1410129,14101.29
1410198,14101.98
1410267,14102.67
1410336,14103.36
1410406,14104.06
1410477,14104.77
1410550,14105.5
1410626,14106.26
1410704,14107.04
1410784,14107.84
1410864,14108.64
1410942,14109.42
1411019,14110.19
1411095,14110.95
1411175,14111.75
1411265,14112.65
1411360,14113.6
1411458,14114.58
1411558,14115.58
1411659,14116.59
1411762,14117.62
1411865,14118.65
1411963,14119.63
1412067,14120.67
1412175,14121.75
1412286,14122.86
1412393,14123.93
1412500,14125.0
1412613,14126.13
1412727,14127.27
1412836,14128.36
1412948,14129.48
1413066,14130.66
1413181,14131.81
1413290,14132.9
1413394,14133.94
1413505,14135.05
1413617,14136.17
1413727,14137.27
1413832,14138.32
1413942,14139.42
1414049,14140.49
1414160,14141.6
1414271,14142.71
1414381,14143.81
1414497,14144.97
1414614,14146.14
1414731,14147.31
1414847,14148.47
1414958,14149.58
1415072,14150.72
1415189,14151.89
1415309,14153.09
1415426,14154.26
1415539,14155.39
1415647,14156.47
1415749,14157.49
1415854,14158.54
1415962,14159.62
1416075,14160.75
1416190,14161.9
1416305,14163.05
1416414,14164.14
1416526,14165.26
1416638,14166.38
1416752,14167.52
1416863,14168.63
1416975,14169.75
1417090,14170.9
1417207,14172.07
1417321,14173.21
1417431,14174.31
1417541,14175.41
1417654,14176.54
1417768,14177.68
1417884,14178.84
1417998,14179.98
1418106,14181.06
1418215,14182.15
1418326,14183.26
1418435,14184.35
1418541,14185.41
1418647,14186.47
1418755,14187.55
1418866,14188.66
1418975,14189.75
1419082,14190.82
1419192,14191.92
1419305,14193.05
1419416,14194.16
1419526,14195.26
1419638,14196.38
1419753,14197.53
1419869,14198.69
1419985,14199.85
1420098,14200.98
1420210,14202.1
1420320,14203.2
1420431,14204.31
1420544,14205.44
1420655,14206.55
1420769,14207.69
1420884,14208.84
1420997,14209.97
1421107,14211.07
1421213,14212.13
1421315,14213.15
1421428,14214.28
1421543,14215.43
1421659,14216.59
1421772,14217.72
1421882,14218.82
1421995,14219.95
1422109,14221.09
1422223,14222.23
1422335,14223.35
1422446,14224.46
1422557,14225.57
1422671,14226.71
1422784,14227.84
1422895,14228.95
1423005,14230.05
1423110,14231.1
1423217,14232.17
1423329,14233.29
1423442,14234.42
1423556,14235.56
1423668,14236.68
1423776,14237.76
1423882,14238.82
1423986,14239.86
1424085,14240.85
1424177,14241.77
1424267,14242.67
1424365,14243.65
1424484,14244.84
1424602,14246.02
1424718,14247.18
1424829,14248.29
1424946,14249.46
1425064,14250.64
1425181,14251.81
1425296,14252.96
1425407,14254.07
1425514,14255.14
1425630,14256.3
1425747,14257.47
1425861,14258.61
1425970,14259.7
1426075,14260.75
1426188,14261.88
1426301,14263.01
1426407,14264.07
1426506,14265.06
1426603,14266.03
1426702,14267.02
1426818,14268.18
1426931,14269.31
1427043,14270.43
1427163,14271.63
1427284,14272.84
1427407,14274.07
1427526,14275.26
1427642,14276.42
1427759,14277.59
1427877,14278.77
1427992,14279.92
1428106,14281.06
1428216,14282.16
1428329,14283.29
1428440,14284.4
1428551,14285.51
1428657,14286.57
1428764,14287.64
1428875,14288.75
1428992,14289.92
1429109,14291.09
1429225,14292.25
1429341,14293.41
1429458,14294.58
1429574,14295.74
1429690,14296.9
1429808,14298.08
1429926,14299.26
1430042,14300.42
1430156,14301.56
1430272,14302.72
1430388,14303.88
1430500,14305.0
1430607,14306.07
1430718,14307.18
1430830,14308.3
1430938,14309.38
1431034,14310.34
1431124,14311.24
1431210,14312.1
1431303,14313.03
1431420,14314.2
1431533,14315.33
1431652,14316.52
1431772,14317.72
1431893,14318.93
1432013,14320.13
1432130,14321.3
1432246,14322.46
1432362,14323.62
1432477,14324.77
1432590,14325.9
1432705,14327.05
1432822,14328.22
1432940,14329.4
1433060,14330.6
1433177,14331.77
1433293,14332.93
1433410,14334.1
1433524,14335.24
1433635,14336.35
1433742,14337.42
1433850,14338.5
1433972,14339.72
1434090,14340.9
1434207,14342.07
1434322,14343.22
1434430,14344.3
1434542,14345.42
1434653,14346.53
1434763,14347.63
1434870,14348.7
1434976,14349.76
1435092,14350.92
1435212,14352.12
1435328,14353.28
1435444,14354.44
1435559,14355.59
1435673,14356.73
1435789,14357.89
1435900,14359.0
1436000,14360.0
1436096,14360.96
1436196,14361.96
1436293,14362.93
1436388,14363.88
1436495,14364.95
1436610,14366.1
1436719,14367.19
1436826,14368.26
1436944,14369.44
1437063,14370.63
1437183,14371.83
1437300,14373.0
1437421,14374.21
1437545,14375.45
1437668,14376.68
1437789,14377.89
1437900,14379.0
1438013,14380.13
1438132,14381.32
1438251,14382.51
1438369,14383.69
1438480,14384.8
1438582,14385.82
1438687,14386.87
1438805,14388.05
1438923,14389.23
1439035,14390.35
1439145,14391.45
1439262,14392.62
1439380,14393.8
1439499,14394.99
1439615,14396.15
1439725,14397.25
1439836,14398.36
1439946,14399.46
1440058,14400.58
1440169,14401.69
1440291,14402.91
1440409,14404.09
1440527,14405.27
1440643,14406.43
1440752,14407.52
1440867,14408.67
1440980,14409.8
1441090,14410.9
1441200,14412.0
1441308,14413.08
1441423,14414.23
1441538,14415.38
1441653,14416.53
1441764,14417.64
1441875,14418.75
1441989,14419.89
1442102,14421.02
1442211,14422.11
1442312,14423.12
1442414,14424.14
1442526,14425.26
1442637,14426.37
1442749,14427.49
1442854,14428.54
1442960,14429.6
1443075,14430.75
1443190,14431.9
1443298,14432.98
1443398,14433.98
1443488,14434.88
1443578,14435.78
1443668,14436.68
1443789,14437.89
1443904,14439.04
1444022,14440.22
1444145,14441.45
1444269,14442.69
1444392,14443.92
1444509,14445.09
1444629,14446.29
1444746,14447.46
1444861,14448.61
1444976,14449.76
1445092,14450.92
1445205,14452.05
1445322,14453.22
1445439,14454.39
1445559,14455.59
1445677,14456.77
1445793,14457.93
1445910,14459.1
1446024,14460.24
1446139,14461.39
1446255,14462.55
1446368,14463.68
1446484,14464.84
1446604,14466.04
1446723,14467.23
1446842,14468.42
1446953,14469.53
1447065,14470.65
1447178,14471.78
1447291,14472.91
1447400,14474.0
1447506,14475.06
1447621,14476.21
1447738,14477.38
1447853,14478.53
1447967,14479.67
1448074,14480.74
1448184,14481.84
1448297,14482.97
1448412,14484.12
1448522,14485.22
1448629,14486.29
1448745,14487.45
1448862,14488.62
1448976,14489.76
1449088,14490.88
1449202,14492.02
1449318,14493.18
1449435,14494.35
1449550,14495.5
1449663,14496.63
1449780,14497.8
1449897,14498.97
1450014,14500.14
1450130,14501.3
1450240,14502.4
1450353,14503.53
1450466,14504.66
1450580,14505.8
1450692,14506.92
1450803,14508.03
1450917,14509.17
1451031,14510.31
1451145,14511.45
1451257,14512.57
1451365,14513.65
1451477,14514.77
1451587,14515.87
1451699,14516.99
1451811,14518.11
1451920,14519.2
1452032,14520.32
1452147,14521.47
1452264,14522.64
1452383,14523.83
1452497,14524.97
1452611,14526.11
1452729,14527.29
1452845,14528.45
1452963,14529.63
1453076,14530.76
1453191,14531.91
1453307,14533.07
1453423,14534.23
1453539,14535.39
1453652,14536.52
1453763,14537.63
1453874,14538.74
1453990,14539.9
1454101,14541.01
1454211,14542.11
1454328,14543.28
1454445,14544.45
1454558,14545.58
1454667,14546.67
1454773,14547.73
1454890,14548.9
1455005,14550.05
1455118,14551.18
1455230,14552.3
1455339,14553.39
1455456,14554.56
1455574,14555.74
1455687,14556.87
1455800,14558.0
1455913,14559.13
1456030,14560.3
1456148,14561.48
1456266,14562.66
1456380,14563.8
1456492,14564.92
1456606,14566.06
1456722,14567.22
1456837,14568.37
1456953,14569.53
1457066,14570.66
1457176,14571.76
1457288,14572.88
1457403,14574.03
1457519,14575.19
1457633,14576.33
1457749,14577.49
1457866,14578.66
1457983,14579.83
1458100,14581.0
1458211,14582.11
1458322,14583.22
1458436,14584.36
1458550,14585.5
1458664,14586.64
1458775,14587.75
1458891,14588.91
1459010,14590.1
1459129,14591.29
1459246,14592.46
1459360,14593.6
1459474,14594.74
1459589,14595.89
1459705,14597.05
1459822,14598.22
1459937,14599.37
1460047,14600.47
1460160,14601.6
1460275,14602.75
1460387,14603.87
1460500,14605.0
1460608,14606.08
1460725,14607.25
1460844,14608.44
1460959,14609.59
1461074,14610.74
1461188,14611.88
1461300,14613.0
1461411,14614.11
1461527,14615.27
1461642,14616.42
1461756,14617.56
1461868,14618.68
1461981,14619.81
1462098,14620.98
1462217,14622.17
1462335,14623.35
1462451,14624.51
1462568,14625.68
1462685,14626.85
1462802,14628.02
1462918,14629.18
1463031,14630.31
1463146,14631.46
1463260,14632.6
1463370,14633.7
1463480,14634.8
1463595,14635.95
1463710,14637.1
1463825,14638.25
1463938,14639.38
1464048,14640.48
1464161,14641.61
1464280,14642.8
1464396,14643.96
1464506,14645.06
1464620,14646.2
1464735,14647.35
1464848,14648.48
1464962,14649.62
1465075,14650.75
1465192,14651.92
1465313,14653.13
1465435,14654.35
1465556,14655.56
1465677,14656.77
1465794,14657.94
1465913,14659.13
1466032,14660.32
1466152,14661.52
1466270,14662.7
1466385,14663.85
1466501,14665.01
1466617,14666.17
1466733,14667.33
1466845,14668.45
1466958,14669.58
1467073,14670.73
1467188,14671.88
1467303,14673.03
1467414,14674.14
1467517,14675.17
1467626,14676.26
1467739,14677.39
1467848,14678.48
1467952,14679.52
1468051,14680.51
1468163,14681.63
1468276,14682.76
1468385,14683.85
1468494,14684.94
1468602,14686.02
1468707,14687.07
1468820,14688.2
1468934,14689.34
1469045,14690.45
1469149,14691.49
1469253,14692.53
1469363,14693.63
1469476,14694.76
1469592,14695.92
1469702,14697.02
1469810,14698.1
1469925,14699.25
1470039,14700.39
1470155,14701.55
1470269,14702.69
1470380,14703.8
1470493,14704.93
1470608,14706.08
1470725,14707.25
1470841,14708.41
1470955,14709.55
1471067,14710.67
1471182,14711.82
1471297,14712.97
1471414,14714.14
1471527,14715.27
1471638,14716.38
1471749,14717.49
1471855,14718.55
1471967,14719.67
1472078,14720.78
1472195,14721.95
1472312,14723.12
1472430,14724.3
1472549,14725.49
1472664,14726.64
1472782,14727.82
1472900,14729.0
1473015,14730.15
1473130,14731.3
1473246,14732.46
1473364,14733.64
1473482,14734.82
1473592,14735.92
1473705,14737.05
1473818,14738.18
1473932,14739.32
1474042,14740.42
1474155,14741.55
1474271,14742.71
1474387,14743.87
1474500,14745.0
1474615,14746.15
1474730,14747.3
1474847,14748.47
1474960,14749.6
1475070,14750.7
1475175,14751.75
1475289,14752.89
1475407,14754.07
1475521,14755.21
1475627,14756.27
1475740,14757.4
1475856,14758.56
1475972,14759.72
1476086,14760.86
1476197,14761.97
1476310,14763.1
1476427,14764.27
1476545,14765.45
1476657,14766.57
1476766,14767.66
1476882,14768.82
1476996,14769.96
1477109,14771.09
1477218,14772.18
1477322,14773.22
1477438,14774.38
1477553,14775.53
1477666,14776.66
1477774,14777.74
1477884,14778.84
1478001,14780.01
1478118,14781.18
1478233,14782.33
1478346,14783.46
1478452,14784.52
1478570,14785.7
1478688,14786.88
1478800,14788.0
1478910,14789.1
1479018,14790.18
1479135,14791.35
1479255,14792.55
1479371,14793.71
1479485,14794.85
1479594,14795.94
1479708,14797.08
1479826,14798.26
1479942,14799.42
1480057,14800.57
1480171,14801.71
1480280,14802.8
1480395,14803.95
1480510,14805.1
1480626,14806.26
1480738,14807.38
1480850,14808.5
1480967,14809.67
1481083,14810.83
1481199,14811.99
1481312,14813.12
1481417,14814.17
1481514,14815.14
1481622,14816.22
1481737,14817.37
1481847,14818.47
1481951,14819.51
1482071,14820.71
1482193,14821.93
1482317,14823.17
1482438,14824.38
1482560,14825.6
1482686,14826.86
1482811,14828.11
1482934,14829.34
1483054,14830.54
1483170,14831.7
1483289,14832.89
1483409,14834.09
1483530,14835.3
1483648,14836.48
1483764,14837.64
1483883,14838.83
1484000,14840.0
1484116,14841.16
1484227,14842.27
1484329,14843.29
1484422,14844.22
1484513,14845.13
1484602,14846.02
1484691,14846.91
1484780,14847.8
1484896,14848.96
1485013,14850.13
1485136,14851.36
1485259,14852.59
1485383,14853.83
1485512,14855.12
1485641,14856.41
1485766,14857.66
1485892,14858.92
1486013,14860.13
1486132,14861.32
1486247,14862.47
1486369,14863.69
1486492,14864.92
1486609,14866.09
1486722,14867.22
1486836,14868.36
1486954,14869.54
1487071,14870.71
1487186,14871.86
1487295,14872.95
1487402,14874.02
1487518,14875.18
1487637,14876.37
1487751,14877.51
1487860,14878.6
1487967,14879.67
1488079,14880.79
1488192,14881.92
1488302,14883.02
1488402,14884.02
1488514,14885.14
1488631,14886.31
1488745,14887.45
1488854,14888.54
1488967,14889.67
1489081,14890.81
1489193,14891.93
1489297,14892.97
1489397,14893.97
1489507,14895.07
1489620,14896.2
1489727,14897.27
1489832,14898.32
1489947,14899.47
1490063,14900.63
1490179,14901.79
1490288,14902.88
1490399,14903.99
1490510,14905.1
1490620,14906.2
1490728,14907.28
1490843,14908.43
1490957,14909.57
1491072,14910.72
1491183,14911.83
1491298,14912.98
1491419,14914.19
1491539,14915.39
1491657,14916.57
1491775,14917.75
1491894,14918.94
1492014,14920.14
1492132,14921.32
1492243,14922.43
1492350,14923.5
1492469,14924.69
1492587,14925.87
1492697,14926.97
1492809,14928.09
1492926,14929.26
1493044,14930.44
1493159,14931.59
1493268,14932.68
1493382,14933.82
1493501,14935.01
1493617,14936.17
1493727,14937.27
1493843,14938.43
1493965,14939.65
1494077,14940.77
1494182,14941.82
1494290,14942.9
1494402,14944.02
1494510,14945.1
1494618,14946.18
1494722,14947.22
1494835,14948.35
1494954,14949.54
1495071,14950.71
1495183,14951.83
1495294,14952.94
1495408,14954.08
1495521,14955.21
1495631,14956.31
1495740,14957.4
1495856,14958.56
1495973,14959.73
1496087,14960.87
1496199,14961.99
1496315,14963.15
1496431,14964.31
1496548,14965.48
1496662,14966.62
1496777,14967.77
1496892,14968.92
1497009,14970.09
1497121,14971.21
1497227,14972.27
1497341,14973.41
1497453,14974.53
1497560,14975.6
1497665,14976.65
1497776,14977.76
1497892,14978.92
1498005,14980.05
1498115,14981.15
1498230,14982.3
1498347,14983.47
1498462,14984.62
1498575,14985.75
1498687,14986.87
1498803,14988.03
1498919,14989.19
1499032,14990.32
1499139,14991.39
1499251,14992.51
1499365,14993.65
1499482,14994.82
1499593,14995.93
1499706,14997.06
1499820,14998.2
1499935,14999.35
1500047,15000.47
1500161,15001.61
1500277,15002.77
1500393,15003.93
1500503,15005.03
1500616,15006.16
1500731,15007.31
1500847,15008.47
1500962,15009.62
1501073,15010.73
1501182,15011.82
1501294,15012.94
1501406,15014.06
1501519,15015.19
1501628,15016.28
1501743,15017.43
1501860,15018.6
1501977,15019.77
1502092,15020.92
1502200,15022.0
1502311,15023.11
1502424,15024.24
1502537,15025.37
1502643,15026.43
1502753,15027.53
1502866,15028.66
1502977,15029.77
1503083,15030.83
1503183,15031.83
1503290,15032.9
1503404,15034.04
1503510,15035.1
1503615,15036.15
1503726,15037.26
1503837,15038.37
1503945,15039.45
1504059,15040.59
1504175,15041.75
1504292,15042.92
1504406,15044.06
1504521,15045.21
1504638,15046.38
1504756,15047.56
1504874,15048.74
1504988,15049.88
1505104,15051.04
1505222,15052.22
1505339,15053.39
1505452,15054.52
1505563,15055.63
1505678,15056.78
1505792,15057.92
1505902,15059.02
1506009,15060.09
1506122,15061.22
1506234,15062.34
1506341,15063.41
1506443,15064.43
1506554,15065.54
1506672,15066.72
1506785,15067.85
1506894,15068.94
1507009,15070.09
1507127,15071.27
1507242,15072.42
1507351,15073.51
1507465,15074.65
1507579,15075.79
1507690,15076.9
1507797,15077.97
1507908,15079.08
1508023,15080.23
1508137,15081.37
1508249,15082.49
1508359,15083.59
1508478,15084.78
1508594,15085.94
1508708,15087.08
1508818,15088.18
1508931,15089.31
1509046,15090.46
1509161,15091.61
1509268,15092.68
1509381,15093.81
1509497,15094.97
1509610,15096.1
1509717,15097.17
1509817,15098.17
1509922,15099.22
1510032,15100.32
1510143,15101.43
1510251,15102.51
1510360,15103.6
1510471,15104.71
1510585,15105.85
1510692,15106.92
1510800,15108.0
1510913,15109.13
1511029,15110.29
1511141,15111.41
1511254,15112.54
1511374,15113.74
1511492,15114.92
1511606,15116.06
1511714,15117.14
1511826,15118.26
1511935,15119.35
1512040,15120.4
1512135,15121.35
1512231,15122.31
1512332,15123.32
1512443,15124.43
1512551,15125.51
1512659,15126.59
1512774,15127.74
1512892,15128.92
1513009,15130.09
1513125,15131.25
1513235,15132.35
1513350,15133.5
1513469,15134.69
1513584,15135.84
1513696,15136.96
1513812,15138.12
1513929,15139.29
1514046,15140.46
1514159,15141.59
1514272,15142.72
1514389,15143.89
1514505,15145.05
1514617,15146.17
1514729,15147.29
1514844,15148.44
1514957,15149.57
1515066,15150.66
1515170,15151.7
1515285,15152.85
1515402,15154.02
1515515,15155.15
1515624,15156.24
1515738,15157.38
1515855,15158.55
1515970,15159.7
1516081,15160.81
1516194,15161.94
1516309,15163.09
1516419,15164.19
1516526,15165.26
1516637,15166.37
1516747,15167.47
1516856,15168.56
1516965,15169.65
1517079,15170.79
1517194,15171.94
1517303,15173.03
1517410,15174.1
1517521,15175.21
1517637,15176.37
1517749,15177.49
1517858,15178.58
1517974,15179.74
1518090,15180.9
1518205,15182.05
1518320,15183.2
1518433,15184.33
1518547,15185.47
1518657,15186.57
1518766,15187.66
1518882,15188.82
1518997,15189.97
1519111,15191.11
1519221,15192.21
1519334,15193.34
1519450,15194.5
1519564,15195.64
1519674,15196.74
1519786,15197.86
1519897,15198.97
1520008,15200.08
1520116,15201.16
1520220,15202.2
1520335,15203.35
1520448,15204.48
1520558,15205.58
1520663,15206.63
1520774,15207.74
1520887,15208.87
1521000,15210.0
1521109,15211.09
1521220,15212.2
1521334,15213.34
1521448,15214.48
1521559,15215.59
1521671,15216.71
1521785,15217.85
1521900,15219.0
1522013,15220.13
1522121,15221.21
1522230,15222.3
1522346,15223.46
1522460,15224.6
1522573,15225.73
1522680,15226.8
1522789,15227.89
1522902,15229.02
1523014,15230.14
1523118,15231.18
1523216,15232.16
1523321,15233.21
1523433,15234.33
1523544,15235.44
1523654,15236.54
1523763,15237.63
1523879,15238.79
1523997,15239.97
1524113,15241.13
1524228,15242.28
1524338,15243.38
1524453,15244.53
1524568,15245.68
1524682,15246.82
1524791,15247.91
1524902,15249.02
1525016,15250.16
1525130,15251.3
1525239,15252.39
1525351,15253.51
1525464,15254.64
1525578,15255.78
1525691,15256.91
1525801,15258.01
1525915,15259.15
1526031,15260.31
1526147,15261.47
1526260,15262.6
1526374,15263.74
1526488,15264.88
1526602,15266.02
1526714,15267.14
1526827,15268.27
1526940,15269.4
1527053,15270.53
1527162,15271.62
1527274,15272.74
1527389,15273.89
1527500,15275.0
1527611,15276.11
1527724,15277.24
1527838,15278.38
1527947,15279.47
1528054,15280.54
1528166,15281.66
1528278,15282.78
1528392,15283.92
1528503,15285.03
1528615,15286.15
1528730,15287.3
1528842,15288.42
1528950,15289.5
1529062,15290.62
1529173,15291.73
1529284,15292.84
1529393,15293.93
1529499,15294.99
1529603,15296.03
1529708,15297.08
1529810,15298.1
1529919,15299.19
1530031,15300.31
1530144,15301.44
1530252,15302.52
1530358,15303.58
1530470,15304.7
1530582,15305.82
1530692,15306.92
1530801,15308.01
1530913,15309.13
1531026,15310.26
1531139,15311.39
1531252,15312.52
1531366,15313.66
1531478,15314.78
1531589,15315.89
1531692,15316.92
1531795,15317.95
1531903,15319.03
1532011,15320.11
1532119,15321.19
1532231,15322.31
1532346,15323.46
1532458,15324.58
1532569,15325.69
1532680,15326.8
1532791,15327.91
1532902,15329.02
1533008,15330.08
1533115,15331.15
1533227,15332.27
1533336,15333.36
1533439,15334.39
1533543,15335.43
1533659,15336.59
1533773,15337.73
1533886,15338.86
1533996,15339.96
1534108,15341.08
1534222,15342.22
1534338,15343.38
1534450,15344.5
1534560,15345.6
1534675,15346.75
1534789,15347.89
1534903,15349.03
1535015,15350.15
1535126,15351.26
1535240,15352.4
1535352,15353.52
1535462,15354.62
1535577,15355.77
1535692,15356.92
1535808,15358.08
1535922,15359.22
1536038,15360.38
1536155,15361.55
1536269,15362.69
1536382,15363.82
1536492,15364.92
1536602,15366.02
1536714,15367.14
1536828,15368.28
1536943,15369.43
1537055,15370.55
1537169,15371.69
1537284,15372.84
1537399,15373.99
1537511,15375.11
1537624,15376.24
1537742,15377.42
1537859,15378.59
1537972,15379.72
1538086,15380.86
1538201,15382.01
1538316,15383.16
1538426,15384.26
1538537,15385.37
1538653,15386.53
1538767,15387.67
1538882,15388.82
1538994,15389.94
1539101,15391.01
1539214,15392.14
1539328,15393.28
1539436,15394.36
1539552,15395.52
1539667,15396.67
1539782,15397.82
1539892,15398.92
1540005,15400.05
1540122,15401.22
1540236,15402.36
1540349,15403.49
1540459,15404.59
1540570,15405.7
1540683,15406.83
1540797,15407.97
1540908,15409.08
1541015,15410.15
1541128,15411.28
1541242,15412.42
1541351,15413.51
1541458,15414.58
1541570,15415.7
1541683,15416.83
1541796,15417.96
1541906,15419.06
1542011,15420.11
1542105,15421.05
1542194,15421.94
1542283,15422.83
1542371,15423.71
1542464,15424.64
1542576,15425.76
1542683,15426.83
1542795,15427.95
1542910,15429.1
1543022,15430.22
1543139,15431.39
1543261,15432.61
1543383,15433.83
1543504,15435.04
1543626,15436.26
1543745,15437.45
1543862,15438.62
1543980,15439.8
1544097,15440.97
1544213,15442.13
1544329,15443.29
1544442,15444.42
1544551,15445.51
1544663,15446.63
1544778,15447.78
1544888,15448.88
1544995,15449.95
1545106,15451.06
1545221,15452.21
1545335,15453.35
1545442,15454.42
1545558,15455.58
1545674,15456.74
1545788,15457.88
1545895,15458.95
1546006,15460.06
1546118,15461.18
1546230,15462.3
1546335,15463.35
1546441,15464.41
1546553,15465.53
1546667,15466.67
1546775,15467.75
1546879,15468.79
1546990,15469.9
1547104,15471.04
1547214,15472.14
1547318,15473.18
1547419,15474.19
1547527,15475.27
1547639,15476.39
1547751,15477.51
1547859,15478.59
1547972,15479.72
1548089,15480.89
1548203,15482.03
1548315,15483.15
1548434,15484.34
1548554,15485.54
1548665,15486.65
1548769,15487.69
1548869,15488.69
1548975,15489.75
1549091,15490.91
1549209,15492.09
1549324,15493.24
1549442,15494.42
1549560,15495.6
1549680,15496.8
1549796,15497.96
1549909,15499.09
1550026,15500.26
1550143,15501.43
1550256,15502.56
1550370,15503.7
1550488,15504.88
1550604,15506.04
1550719,15507.19
1550832,15508.32
1550945,15509.45
1551057,15510.57
1551166,15511.66
1551274,15512.74
1551392,15513.92
1551504,15515.04
1551614,15516.14
1551719,15517.19
1551832,15518.32
1551948,15519.48
1552059,15520.59
1552166,15521.66
1552265,15522.65
1552368,15523.68
1552480,15524.8
1552590,15525.9
1552693,15526.93
1552796,15527.96
1552907,15529.07
1553015,15530.15
1553119,15531.19
1553230,15532.3
1553342,15533.42
1553454,15534.54
1553564,15535.64
1553672,15536.72
1553781,15537.81
1553892,15538.92
1554001,15540.01
1554111,15541.11
1554222,15542.22
1554335,15543.35
1554441,15544.41
1554543,15545.43
1554656,15546.56
1554770,15547.7
1554881,15548.81
1554986,15549.86
1555100,15551.0
1555214,15552.14
1555329,15553.29
1555435,15554.35
1555545,15555.45
1555657,15556.57
1555766,15557.66
1555870,15558.7
1555980,15559.8
1556091,15560.91
1556201,15562.01
1556307,15563.07
1556418,15564.18
1556530,15565.3
1556637,15566.37
1556743,15567.43
1556854,15568.54
1556966,15569.66
1557074,15570.74
1557181,15571.81
1557285,15572.85
1557396,15573.96
1557510,15575.1
1557622,15576.22
1557729,15577.29
1557834,15578.34
1557946,15579.46
1558058,15580.58
1558170,15581.7
1558281,15582.81
1558396,15583.96
1558512,15585.12
1558626,15586.26
1558733,15587.33
1558847,15588.47
1558964,15589.64
1559075,15590.75
1559181,15591.81
1559289,15592.89
1559401,15594.01
1559511,15595.11
1559617,15596.17
1559727,15597.27
1559841,15598.41
1559955,15599.55
1560068,15600.68
1560175,15601.75
1560283,15602.83
1560399,15603.99
1560514,15605.14
1560627,15606.27
1560736,15607.36
1560843,15608.43
1560954,15609.54
1561064,15610.64
1561168,15611.68
1561280,15612.8
1561396,15613.96
1561510,15615.1
1561618,15616.18
1561727,15617.27
1561836,15618.36
1561948,15619.48
1562057,15620.57
1562161,15621.61
1562268,15622.68
1562376,15623.76
1562483,15624.83
1562588,15625.88
1562697,15626.97
1562812,15628.12
1562924,15629.24
1563033,15630.33
1563149,15631.49
1563267,15632.67
1563380,15633.8
1563486,15634.86
1563592,15635.92
1563702,15637.02
1563814,15638.14
1563920,15639.2
1564026,15640.26
1564138,15641.38
1564248,15642.48
1564358,15643.58
1564463,15644.63
1564574,15645.74
1564688,15646.88
1564802,15648.02
1564911,15649.11
1565019,15650.19
1565132,15651.32
1565244,15652.44
1565355,15653.55
1565461,15654.61
1565574,15655.74
1565689,15656.89
1565799,15657.99
1565905,15659.05
1566016,15660.16
1566127,15661.27
1566236,15662.36
1566342,15663.42
1566452,15664.52
1566568,15665.68
1566679,15666.79
1566787,15667.87
1566898,15668.98
1567010,15670.1
1567126,15671.26
1567239,15672.39
1567347,15673.47
1567460,15674.6
1567576,15675.76
1567690,15676.9
1567804,15678.04
1567916,15679.16
1568032,15680.32
1568148,15681.48
1568262,15682.62
1568374,15683.74
1568487,15684.87
1568602,15686.02
1568714,15687.14
1568824,15688.24
1568937,15689.37
1569050,15690.5
1569161,15691.61
1569268,15692.68
1569374,15693.74
1569485,15694.85
1569595,15695.95
1569701,15697.01
1569805,15698.05
1569916,15699.16
1570029,15700.29
1570141,15701.41
1570249,15702.49
1570359,15703.59
1570468,15704.68
1570579,15705.79
1570687,15706.87
1570799,15707.99
1570913,15709.13
1571028,15710.28
1571139,15711.39
1571251,15712.51
1571365,15713.65
1571478,15714.78
1571586,15715.86
1571698,15716.98
1571813,15718.13
1571926,15719.26
1572033,15720.33
1572144,15721.44
1572255,15722.55
1572366,15723.66
1572471,15724.71
1572580,15725.8
1572696,15726.96
1572810,15728.1
1572917,15729.17
1573028,15730.28
1573139,15731.39
1573247,15732.47
1573352,15733.52
1573454,15734.54
1573562,15735.62
1573671,15736.71
1573778,15737.78
1573888,15738.88
1574001,15740.01
1574115,15741.15
1574223,15742.23
1574329,15743.29
1574438,15744.38
1574546,15745.46
1574651,15746.51
1574749,15747.49
1574848,15748.48
1574956,15749.56
1575063,15750.63
1575166,15751.66
1575269,15752.69
1575378,15753.78
1575490,15754.9
1575598,15755.98
1575705,15757.05
1575815,15758.15
1575927,15759.27
1576037,15760.37
1576149,15761.49
1576261,15762.61
1576371,15763.71
1576479,15764.79
1576588,15765.88
1576698,15766.98
1576810,15768.1
1576918,15769.18
1577030,15770.3
1577143,15771.43
1577255,15772.55
1577366,15773.66
1577481,15774.81
1577595,15775.95
1577707,15777.07
1577822,15778.22
1577934,15779.34
1578046,15780.46
1578155,15781.55
1578268,15782.68
1578378,15783.78
1578487,15784.87
1578598,15785.98
1578709,15787.09
1578819,15788.19
1578928,15789.28
1579035,15790.35
1579143,15791.43
1579251,15792.51
1579358,15793.58
1579467,15794.67
1579577,15795.77
1579688,15796.88
1579797,15797.97
1579907,15799.07
1580017,15800.17
1580127,15801.27
1580235,15802.35
1580342,15803.42
1580450,15804.5
1580557,15805.57
1580663,15806.63
1580775,15807.75
1580889,15808.89
1581000,15810.0
1581111,15811.11
1581223,15812.23
1581337,15813.37
1581447,15814.47
1581559,15815.59
1581672,15816.72
1581785,15817.85
1581898,15818.98
1582007,15820.07
1582116,15821.16
1582226,15822.26
1582336,15823.36
1582443,15824.43
1582554,15825.54
1582664,15826.64
1582779,15827.79
1582888,15828.88
1582997,15829.97
1583109,15831.09
1583221,15832.21
1583333,15833.33
1583442,15834.42
1583548,15835.48
1583656,15836.56
1583767,15837.67
1583878,15838.78
1583983,15839.83
1584092,15840.92
1584203,15842.03
1584315,15843.15
1584424,15844.24
1584538,15845.38
1584654,15846.54
1584770,15847.7
1584882,15848.82
1584995,15849.95
1585109,15851.09
1585224,15852.24
1585334,15853.34
1585445,15854.45
1585555,15855.55
1585663,15856.63
1585768,15857.68
1585874,15858.74
1585980,15859.8
1586087,15860.87
1586193,15861.93
1586304,15863.04
1586416,15864.16
1586527,15865.27
1586639,15866.39
1586751,15867.51
1586862,15868.62
1586973,15869.73
1587081,15870.81
1587191,15871.91
1587300,15873.0
1587408,15874.08
1587514,15875.14
1587621,15876.21
1587728,15877.28
1587833,15878.33
1587933,15879.33
1588038,15880.38
1588146,15881.46
1588254,15882.54
1588359,15883.59
1588471,15884.71
1588582,15885.82
1588692,15886.92
1588798,15887.98
1588907,15889.07
1589018,15890.18
1589124,15891.24
1589227,15892.27
1589336,15893.36
1589446,15894.46
1589556,15895.56
1589663,15896.63
1589773,15897.73
1589885,15898.85
1589997,15899.97
1590108,15901.08
1590220,15902.2
1590335,15903.35
1590448,15904.48
1590556,15905.56
1590666,15906.66
1590776,15907.76
1590885,15908.85
1590993,15909.93
1591099,15910.99
1591209,15912.09
1591320,15913.2
1591429,15914.29
1591538,15915.38
1591648,15916.48
1591759,15917.59
1591870,15918.7
1591974,15919.74
1592081,15920.81
1592191,15921.91
1592301,15923.01
1592407,15924.07
1592514,15925.14
1592624,15926.24
1592735,15927.35
1592845,15928.45
1592953,15929.53
1593063,15930.63
1593174,15931.74
1593287,15932.87
1593398,15933.98
1593508,15935.08
1593621,15936.21
1593735,15937.35
1593847,15938.47
1593957,15939.57
1594069,15940.69
1594182,15941.82
1594293,15942.93
1594402,15944.02
1594515,15945.15
1594628,15946.28
1594739,15947.39
1594847,15948.47
1594957,15949.57
1595067,15950.67
1595172,15951.72
1595275,15952.75
1595385,15953.85
1595493,15954.93
1595599,15955.99
1595705,15957.05
1595808,15958.08
1595915,15959.15
1596022,15960.22
1596125,15961.25
1596232,15962.32
1596343,15963.43
1596450,15964.5
1596556,15965.56
1596667,15966.67
1596779,15967.79
1596887,15968.87
1596995,15969.95
1597101,15971.01
1597213,15972.13
1597326,15973.26
1597434,15974.34
1597535,15975.35
1597646,15976.46
1597757,15977.57
1597865,15978.65
1597974,15979.74
1598089,15980.89
1598202,15982.02
1598315,15983.15
1598427,15984.27
1598541,15985.41
1598653,15986.53
1598763,15987.63
1598872,15988.72
1598985,15989.85
1599097,15990.97
1599206,15992.06
1599313,15993.13
1599427,15994.27
1599538,15995.38
1599649,15996.49
1599758,15997.58
1599867,15998.67
1599979,15999.79
1600090,16000.9
1600197,16001.97
1600302,16003.02
1600413,16004.13
1600526,16005.26
1600637,16006.37
1600745,16007.45
1600857,16008.57
1600973,16009.73
1601088,16010.88
1601197,16011.97
1601306,16013.06
1601418,16014.18
1601529,16015.29
1601638,16016.38
1601743,16017.43
1601855,16018.55
1601970,16019.7
1602083,16020.83
1602190,16021.9
1602301,16023.01
1602415,16024.15
1602525,16025.25
1602630,16026.3
1602731,16027.31
1602837,16028.37
1602942,16029.42
1603048,16030.48
1603149,16031.49
1603253,16032.53
1603360,16033.6
1603468,16034.68
1603573,16035.73
1603674,16036.74
1603780,16037.8
1603886,16038.86
1603987,16039.87
1604087,16040.87
1604194,16041.94
1604305,16043.05
1604413,16044.13
1604521,16045.21
1604635,16046.35
1604749,16047.49
1604862,16048.62
1604973,16049.73
1605088,16050.88
1605202,16052.02
1605311,16053.11
1605419,16054.19
1605532,16055.32
1605649,16056.49
1605763,16057.63
1605873,16058.73
1605987,16059.87
1606101,16061.01
1606211,16062.11
1606318,16063.18
1606432,16064.32
1606547,16065.47
1606658,16066.58
1606769,16067.69
1606883,16068.83
1606996,16069.96
1607103,16071.03
1607214,16072.14
1607327,16073.27
1607438,16074.38
1607547,16075.47
1607651,16076.51
1607761,16077.61
1607872,16078.72
1607980,16079.8
1608081,16080.81
1608183,16081.83
1608293,16082.93
1608400,16084.0
1608507,16085.07
1608610,16086.1
1608711,16087.11
1608823,16088.23
1608931,16089.31
1609039,16090.39
1609145,16091.45
1609254,16092.54
1609372,16093.72
1609485,16094.85
1609592,16095.92
1609696,16096.96
1609809,16098.09
1609924,16099.24
1610039,16100.39
1610147,16101.47
1610262,16102.62
1610380,16103.8
1610497,16104.97
1610611,16106.11
1610720,16107.2
1610837,16108.37
1610952,16109.52
1611060,16110.6
1611174,16111.74
1611285,16112.85
1611396,16113.96
1611504,16115.04
1611604,16116.04
1611711,16117.11
1611823,16118.23
1611935,16119.35
1612042,16120.42
1612150,16121.5
1612257,16122.57
1612366,16123.66
1612474,16124.74
1612585,16125.85
1612698,16126.98
1612810,16128.1
1612921,16129.21
1613033,16130.33
1613145,16131.45
1613255,16132.55
1613366,16133.66
1613476,16134.76
1613585,16135.85
1613692,16136.92
1613799,16137.99
1613910,16139.1
1614024,16140.24
1614136,16141.36
1614247,16142.47
1614358,16143.58
1614471,16144.71
1614582,16145.82
1614695,16146.95
1614809,16148.09
1614921,16149.21
1615031,16150.31
1615144,16151.44
1615257,16152.57
1615368,16153.68
1615478,16154.78
1615588,16155.88
1615697,16156.97
1615805,16158.05
1615908,16159.08
1616013,16160.13
1616120,16161.2
1616224,16162.24
1616326,16163.26
1616429,16164.29
1616535,16165.35
1616642,16166.42
1616748,16167.48
1616857,16168.57
1616967,16169.67
1617075,16170.75
1617183,16171.83
1617293,16172.93
1617402,16174.02
1617510,16175.1
1617620,16176.2
1617731,16177.31
1617842,16178.42
1617951,16179.51
1618063,16180.63
1618175,16181.75
1618285,16182.85
1618393,16183.93
1618504,16185.04
1618616,16186.16
1618730,16187.3
1618842,16188.42
1618954,16189.54
1619066,16190.66
1619175,16191.75
1619285,16192.85
1619399,16193.99
1619513,16195.13
1619626,16196.26
1619737,16197.37
1619849,16198.49
1619962,16199.62
1620074,16200.74
1620182,16201.82
1620293,16202.93
1620404,16204.04
1620513,16205.13
1620622,16206.22
1620735,16207.35
1620847,16208.47
1620958,16209.58
1621067,16210.67
1621177,16211.77
1621287,16212.87
1621394,16213.94
1621502,16215.02
1621610,16216.1
1621719,16217.19
1621826,16218.26
1621933,16219.33
1622040,16220.4
1622147,16221.47
1622252,16222.52
1622357,16223.57
1622463,16224.63
1622567,16225.67
1622672,16226.72
1622783,16227.83
1622894,16228.94
1623002,16230.02
1623111,16231.11
1623221,16232.21
1623332,16233.32
1623441,16234.41
1623547,16235.47
1623655,16236.55
1623763,16237.63
1623871,16238.71
1623977,16239.77
1624084,16240.84
1624193,16241.93
1624301,16243.01
1624407,16244.07
1624516,16245.16
1624626,16246.26
1624737,16247.37
1624846,16248.46
1624955,16249.55
1625066,16250.66
1625177,16251.77
1625285,16252.85
1625393,16253.93
1625505,16255.05
1625617,16256.17
1625727,16257.27
1625837,16258.37
1625947,16259.47
1626055,16260.55
1626161,16261.61
1626271,16262.71
1626382,16263.82
1626493,16264.93
1626601,16266.01
1626710,16267.1
1626822,16268.22
1626933,16269.33
1627042,16270.42
1627152,16271.52
1627264,16272.64
1627372,16273.72
1627481,16274.81
1627591,16275.91
1627701,16277.01
1627806,16278.06
1627912,16279.12
1628019,16280.19
1628127,16281.27
1628233,16282.33
1628340,16283.4
1628448,16284.48
1628558,16285.58
1628664,16286.64
1628775,16287.75
1628888,16288.88
1629001,16290.01
1629112,16291.12
1629225,16292.25
1629338,16293.38
1629451,16294.51
1629562,16295.62
1629673,16296.73
1629785,16297.85
1629895,16298.95
1630002,16300.02
1630108,16301.08
1630215,16302.15
1630322,16303.22
1630423,16304.23
1630529,16305.29
1630639,16306.39
1630750,16307.5
1630856,16308.56
1630966,16309.66
1631076,16310.76
1631182,16311.82
1631287,16312.87
1631399,16313.99
1631515,16315.15
1631626,16316.26
1631733,16317.33
1631846,16318.46
1631960,16319.6
1632070,16320.7
1632176,16321.76
1632288,16322.88
1632402,16324.02
1632513,16325.13
1632621,16326.21
1632729,16327.29
1632841,16328.41
1632952,16329.52
1633060,16330.6
1633170,16331.7
1633282,16332.82
1633393,16333.93
1633501,16335.01
1633609,16336.09
1633717,16337.17
1633827,16338.27
1633934,16339.34
1634035,16340.35
1634141,16341.41
1634252,16342.52
1634359,16343.59
1634463,16344.63
1634571,16345.71
1634679,16346.79
1634783,16347.83
1634891,16348.91
1635002,16350.02
1635114,16351.14
1635220,16352.2
1635332,16353.32
1635445,16354.45
1635556,16355.56
1635667,16356.67
1635781,16357.81
1635896,16358.96
1636007,16360.07
1636120,16361.2
1636233,16362.33
1636345,16363.45
1636454,16364.54
1636560,16365.6
1636669,16366.69
1636779,16367.79
1636888,16368.88
1636996,16369.96
1637104,16371.04
1637213,16372.13
1637321,16373.21
1637432,16374.32
1637544,16375.44
1637656,16376.56
1637767,16377.67
1637876,16378.76
1637986,16379.86
1638096,16380.96
1638205,16382.05
1638314,16383.14
1638425,16384.25
1638535,16385.35
1638645,16386.45
1638758,16387.58
1638871,16388.71
1638984,16389.84
1639095,16390.95
1639209,16392.09
1639320,16393.2
1639431,16394.31
1639544,16395.44
1639659,16396.59
1639775,16397.75
1639887,16398.87
1640000,16400.0
1640110,16401.1
1640216,16402.16
1640324,16403.24
1640435,16404.35
1640541,16405.41
1640648,16406.48
1640758,16407.58
1640867,16408.67
1640974,16409.74
1641080,16410.8
1641183,16411.83
1641285,16412.85
1641388,16413.88
1641486,16414.86
1641585,16415.85
1641687,16416.87
1641802,16418.02
1641916,16419.16
1642030,16420.3
1642146,16421.46
1642261,16422.61
1642372,16423.72
1642485,16424.85
1642600,16426.0
1642713,16427.13
1642823,16428.23
1642935,16429.35
1643047,16430.47
1643160,16431.6
1643268,16432.68
1643373,16433.73
1643488,16434.88
1643604,16436.04
1643716,16437.16
1643832,16438.32
1643946,16439.46
1644054,16440.54
1644161,16441.61
1644274,16442.74
1644383,16443.83
1644490,16444.9
1644598,16445.98
1644704,16447.04
1644807,16448.07
1644909,16449.09
1645009,16450.09
1645114,16451.14
1645222,16452.22
1645329,16453.29
1645436,16454.36
1645546,16455.46
1645661,16456.61
1645772,16457.72
1645881,16458.81
1645996,16459.96
1646110,16461.1
1646222,16462.22
1646332,16463.32
1646443,16464.43
1646553,16465.53
1646661,16466.61
1646766,16467.66
1646876,16468.76
1646987,16469.87
1647098,16470.98
1647208,16472.08
1647322,16473.22
1647437,16474.37
1647549,16475.49
1647659,16476.59
1647771,16477.71
1647886,16478.86
1647997,16479.97
1648107,16481.07
1648219,16482.19
1648332,16483.32
1648443,16484.43
1648550,16485.5
1648657,16486.57
1648768,16487.68
1648877,16488.77
1648984,16489.84
1649096,16490.96
1649208,16492.08
1649315,16493.15
1649423,16494.23
1649541,16495.41
1649657,16496.57
1649769,16497.69
1649880,16498.8
1649994,16499.94
1650106,16501.06
1650217,16502.17
1650328,16503.28
1650439,16504.39
1650552,16505.52
1650663,16506.63
1650771,16507.71
1650883,16508.83
1650996,16509.96
1651108,16511.08
1651218,16512.18
1651328,16513.28
1651438,16514.38
1651547,16515.47
1651653,16516.53
1651757,16517.57
1651867,16518.67
1651977,16519.77
1652082,16520.82
1652190,16521.9
1652300,16523.0
1652406,16524.06
1652514,16525.14
1652626,16526.26
1652738,16527.38
1652848,16528.48
1652960,16529.6
1653075,16530.75
1653190,16531.9
1653303,16533.03
1653418,16534.18
1653535,16535.35
1653651,16536.51
1653763,16537.63
1653875,16538.75
1653988,16539.88
1654100,16541.0
1654209,16542.09
1654321,16543.21
1654435,16544.35
1654550,16545.5
1654661,16546.61
1654774,16547.74
1654888,16548.88
1655002,16550.02
1655111,16551.11
1655222,16552.22
1655330,16553.3
1655438,16554.38
1655548,16555.48
1655660,16556.6
1655769,16557.69
1655879,16558.79
1655991,16559.91
1656103,16561.03
1656212,16562.12
1656323,16563.23
1656434,16564.34
1656542,16565.42
1656653,16566.53
1656764,16567.64
1656874,16568.74
1656987,16569.87
1657101,16571.01
1657214,16572.14
1657324,16573.24
1657436,16574.36
1657548,16575.48
1657657,16576.57
1657766,16577.66
1657876,16578.76
1657989,16579.89
1658098,16580.98
1658207,16582.07
1658317,16583.17
1658428,16584.28
1658536,16585.36
1658643,16586.43
1658752,16587.52
1658863,16588.63
1658973,16589.73
1659084,16590.84
1659198,16591.98
1659313,16593.13
1659427,16594.27
1659541,16595.41
1659655,16596.55
1659767,16597.67
1659879,16598.79
1659991,16599.91
1660105,16601.05
1660218,16602.18
1660328,16603.28
1660440,16604.4
1660552,16605.52
1660661,16606.61
1660767,16607.67
1660874,16608.74
1660984,16609.84
1661089,16610.89
1661194,16611.94
1661302,16613.02
1661412,16614.12
1661520,16615.2
1661629,16616.29
1661743,16617.43
1661852,16618.52
1661962,16619.62
1662072,16620.72
1662183,16621.83
1662291,16622.91
1662400,16624.0
1662512,16625.12
1662625,16626.25
1662737,16627.37
1662849,16628.49
1662963,16629.63
1663077,16630.77
1663190,16631.9
1663299,16632.99
1663411,16634.11
1663522,16635.22
1663631,16636.31
1663737,16637.37
1663843,16638.43
1663950,16639.5
1664057,16640.57
1664162,16641.62
1664272,16642.72
1664383,16643.83
1664494,16644.94
1664599,16645.99
1664708,16647.08
1664819,16648.19
1664929,16649.29
1665039,16650.39
1665154,16651.54
1665268,16652.68
1665378,16653.78
1665491,16654.91
1665606,16656.06
1665720,16657.2
1665830,16658.3
1665943,16659.43
1666057,16660.57
1666170,16661.7
1666280,16662.8
1666392,16663.92
1666504,16665.04
1666615,16666.15
1666726,16667.26
1666839,16668.39
1666950,16669.5
1667059,16670.59
1667170,16671.7
1667282,16672.82
1667390,16673.9
1667495,16674.95
1667601,16676.01
1667712,16677.12
1667818,16678.18
1667927,16679.27
1668040,16680.4
1668151,16681.51
1668263,16682.63
1668375,16683.75
1668486,16684.86
1668593,16685.93
1668702,16687.02
1668812,16688.12
1668922,16689.22
1669032,16690.32
1669145,16691.45
1669257,16692.57
1669368,16693.68
1669477,16694.77
1669589,16695.89
1669702,16697.02
1669808,16698.08
1669915,16699.15
1670023,16700.23
1670133,16701.33
1670240,16702.4
1670350,16703.5
1670463,16704.63
1670575,16705.75
1670687,16706.87
1670802,16708.02
1670917,16709.17
1671028,16710.28
1671140,16711.4
1671254,16712.54
1671369,16713.69
1671480,16714.8
1671594,16715.94
1671707,16717.07
1671816,16718.16
1671926,16719.26
1672035,16720.35
1672141,16721.41
1672245,16722.45
1672354,16723.54
1672466,16724.66
1672577,16725.77
1672687,16726.87
1672797,16727.97
1672908,16729.08
1673015,16730.15
1673122,16731.22
1673226,16732.26
1673337,16733.37
1673448,16734.48
1673562,16735.62
1673673,16736.73
1673790,16737.9
1673906,16739.06
1674021,16740.21
1674126,16741.26
1674236,16742.36
1674351,16743.51
1674460,16744.6
1674562,16745.62
1674675,16746.75
1674787,16747.87
1674895,16748.95
1675001,16750.01
1675118,16751.18
1675232,16752.32
1675344,16753.44
1675453,16754.53
1675566,16755.66
1675678,16756.78
1675788,16757.88
1675901,16759.01
1676014,16760.14
1676126,16761.26
1676235,16762.35
1676343,16763.43
1676456,16764.56
1676566,16765.66
1676672,16766.72
1676783,16767.83
1676898,16768.98
1677012,16770.12
1677124,16771.24
1677238,16772.38
1677353,16773.53
1677463,16774.63
1677572,16775.72
1677678,16776.78
1677789,16777.89
1677904,16779.04
1678020,16780.2
1678132,16781.32
1678247,16782.47
1678363,16783.63
1678479,16784.79
1678592,16785.92
1678707,16787.07
1678822,16788.22
1678936,16789.36
1679050,16790.5
1679166,16791.66
1679282,16792.82
1679393,16793.93
1679507,16795.07
1679621,16796.21
1679734,16797.34
1679844,16798.44
1679954,16799.54
1680066,16800.66
1680174,16801.74
1680279,16802.79
1680389,16803.89
1680496,16804.96
1680599,16805.99
1680699,16806.99
1680798,16807.98
1680902,16809.02
1681010,16810.1
1681120,16811.2
1681228,16812.28
1681341,16813.41
1681453,16814.53
1681561,16815.61
1681666,16816.66
1681772,16817.72
1681878,16818.78
1681984,16819.84
1682095,16820.95
1682210,16822.1
1682322,16823.22
1682433,16824.33
1682547,16825.47
1682662,16826.62
1682773,16827.73
1682883,16828.83
1682995,16829.95
1683105,16831.05
1683215,16832.15
1683326,16833.26
1683438,16834.38
1683544,16835.44
1683651,16836.51
1683762,16837.62
1683870,16838.7
1683977,16839.77
1684091,16840.91
1684207,16842.07
1684318,16843.18
1684431,16844.31
1684546,16845.46
1684663,16846.63
1684775,16847.75
1684886,16848.86
1684999,16849.99
1685111,16851.11
1685221,16852.21
1685331,16853.31
1685441,16854.41
1685552,16855.52
1685652,16856.52
1685752,16857.52
1685865,16858.65
1685978,16859.78
1686088,16860.88
1686203,16862.03
1686314,16863.14
1686422,16864.22
1686527,16865.27
1686640,16866.4
1686754,16867.54
1686864,16868.64
1686975,16869.75
1687090,16870.9
1687206,16872.06
1687318,16873.18
1687424,16874.24
1687535,16875.35
1687647,16876.47
1687752,16877.52
1687858,16878.58
1687971,16879.71
1688085,16880.85
1688195,16881.95
1688303,16883.03
1688415,16884.15
1688531,16885.31
1688641,16886.41
1688752,16887.52
1688864,16888.64
1688973,16889.73
1689078,16890.78
1689184,16891.84
1689292,16892.92
1689391,16893.91
1689491,16894.91
1689601,16896.01
1689711,16897.11
1689819,16898.19
1689926,16899.26
1690035,16900.35
1690148,16901.48
1690256,16902.56
1690363,16903.63
1690473,16904.73
1690589,16905.89
1690702,16907.02
1690813,16908.13
1690926,16909.26
1691039,16910.39
1691151,16911.51
1691259,16912.59
1691369,16913.69
1691479,16914.79
1691587,16915.87
1691694,16916.94
1691806,16918.06
1691921,16919.21
1692033,16920.33
1692142,16921.42
1692257,16922.57
1692373,16923.73
1692485,16924.85
1692594,16925.94
1692710,16927.1
1692827,16928.27
1692938,16929.38
1693047,16930.47
1693160,16931.6
1693275,16932.75
1693384,16933.84
1693491,16934.91
1693601,16936.01
1693710,16937.1
1693817,16938.17
1693920,16939.2
1694031,16940.31
1694140,16941.4
1694248,16942.48
1694351,16943.51
1694456,16944.56
1694570,16945.7
1694681,16946.81
1694787,16947.87
1694893,16948.93
1695003,16950.03
1695116,16951.16
1695224,16952.24
1695318,16953.18
1695416,16954.16
1695514,16955.14
1695626,16956.26
1695738,16957.38
1695850,16958.5
1695966,16959.66
1696084,16960.84
1696202,16962.02
1696318,16963.18
1696435,16964.35
1696551,16965.51
1696663,16966.63
1696778,16967.78
1696891,16968.91
1697003,16970.03
1697115,16971.15
1697229,16972.29
1697344,16973.44
1697459,16974.59
1697572,16975.72
1697684,16976.84
1697796,16977.96
1697908,16979.08
1698017,16980.17
1698127,16981.27
1698240,16982.4
1698351,16983.51
1698461,16984.61
1698574,16985.74
1698688,16986.88
1698799,16987.99
1698904,16989.04
1699011,16990.11
1699124,16991.24
1699233,16992.33
1699343,16993.43
1699450,16994.5
1699560,16995.6
1699673,16996.73
1699781,16997.81
1699888,16998.88
1699996,16999.96
1700100,17001.0
1700187,17001.87
1700271,17002.71
1700336,17003.36
1700411,17004.11
1700483,17004.83
1700564,17005.64
1700641,17006.41
1700718,17007.18
1700794,17007.94
1700871,17008.71
1700946,17009.46
1701021,17010.21
1701095,17010.95
1701167,17011.67
1701240,17012.4
1701312,17013.12
1701383,17013.83
1701454,17014.54
1701524,17015.24
1701593,17015.93
1701662,17016.62
1701730,17017.3
1701799,17017.99
1701867,17018.67
1701935,17019.35
1702003,17020.03
1702071,17020.71
1702140,17021.4
1702209,17022.09
1702280,17022.8
1702355,17023.55
1702436,17024.36
1702524,17025.24
1702612,17026.12
1702695,17026.95
1702777,17027.77
1702857,17028.57
1702935,17029.35
1703011,17030.11
1703087,17030.87
1703162,17031.62
1703240,17032.4
1703325,17033.25
1703430,17034.3
1703544,17035.44
1703659,17036.59
1703772,17037.72
1703891,17038.91
1704014,17040.14
1704137,17041.37
1704254,17042.54
1704372,17043.72
1704479,17044.79
1704579,17045.79
1704670,17046.7
1704760,17047.6
1704850,17048.5
1704935,17049.35
1705019,17050.19
1705104,17051.04
1705213,17052.13
1705330,17053.3
1705439,17054.39
1705546,17055.46
1705663,17056.63
1705787,17057.87
1705906,17059.06
1706027,17060.27
1706154,17061.54
1706282,17062.82
1706406,17064.06
1706530,17065.3
1706649,17066.49
1706776,17067.76
1706888,17068.88
1706993,17069.93
1707086,17070.86
1707175,17071.75
1707260,17072.6
1707342,17073.42
1707425,17074.25
1707517,17075.17
1707639,17076.39
1707763,17077.63
1707888,17078.88
1708008,17080.08
1708126,17081.26
1708252,17082.52
1708377,17083.77
1708503,17085.03
1708620,17086.2
1708737,17087.37
1708860,17088.6
1708980,17089.8
1709097,17090.97
1709212,17092.12
1709333,17093.33
1709453,17094.53
1709569,17095.69
1709683,17096.83
1709787,17097.87
1709879,17098.79
1709967,17099.67
1710051,17100.51
1710131,17101.31
1710213,17102.13
1710303,17103.03
1710424,17104.24
1710544,17105.44
1710662,17106.62
1710779,17107.79
1710903,17109.03
1711018,17110.18
1711125,17111.25
1711230,17112.3
1711339,17113.39
1711449,17114.49
1711556,17115.56
1711662,17116.62
1711765,17117.65
1711876,17118.76
1711988,17119.88
1712109,17121.09
1712224,17122.24
1712341,17123.41
1712462,17124.62
1712577,17125.77
1712686,17126.86
1712803,17128.03
1712923,17129.23
1713039,17130.39
1713152,17131.52
1713271,17132.71
1713392,17133.92
1713508,17135.08
1713623,17136.23
1713735,17137.35
1713843,17138.43
1713951,17139.51
1714045,17140.45
1714134,17141.34
1714220,17142.2
1714303,17143.03
1714384,17143.84
1714471,17144.71
1714566,17145.66
1714684,17146.84
1714798,17147.98
1714905,17149.05
1715012,17150.12
1715122,17151.22
1715230,17152.3
1715335,17153.35
1715451,17154.51
1715573,17155.73
1715700,17157.0
1715816,17158.16
1715924,17159.24
1716028,17160.28
1716128,17161.28
1716217,17162.17
1716302,17163.02
1716384,17163.84
1716464,17164.64
1716546,17165.46
1716636,17166.36
1716750,17167.5
1716866,17168.66
1716982,17169.82
1717100,17171.0
1717225,17172.25
1717347,17173.47
1717471,17174.71
1717589,17175.89
1717712,17177.12
1717839,17178.39
1717959,17179.59
1718075,17180.75
1718185,17181.85
1718303,17183.03
1718413,17184.13
1718529,17185.29
1718640,17186.4
1718745,17187.45
1718855,17188.55
1718969,17189.69
1719078,17190.78
1719183,17191.83
1719289,17192.89
1719400,17194.0
1719508,17195.08
1719615,17196.15
1719718,17197.18
1719824,17198.24
1719944,17199.44
1720063,17200.63
1720174,17201.74
1720276,17202.76
1720376,17203.76
1720485,17204.85
1720594,17205.94
1720697,17206.97
1720790,17207.9
1720878,17208.78
1720961,17209.61
1721042,17210.42
1721125,17211.25
1721214,17212.14
1721325,17213.25
1721440,17214.4
1721557,17215.57
1721671,17216.71
1721795,17217.95
1721919,17219.19
1722044,17220.44
1722164,17221.64
1722283,17222.83
1722405,17224.05
1722523,17225.23
1722639,17226.39
1722749,17227.49
1722863,17228.63
1722976,17229.76
1723091,17230.91
1723203,17232.03
1723311,17233.11
1723424,17234.24
1723539,17235.39
1723653,17236.53
1723762,17237.62
1723874,17238.74
1723991,17239.91
1724108,17241.08
1724220,17242.2
1724332,17243.32
1724449,17244.49
1724566,17245.66
1724682,17246.82
1724793,17247.93
1724910,17249.1
1725025,17250.25
1725141,17251.41
1725252,17252.52
1725370,17253.7
1725486,17254.86
1725604,17256.04
1725719,17257.19
1725832,17258.32
1725952,17259.52
1726070,17260.7
1726183,17261.83
1726289,17262.89
1726399,17263.99
1726521,17265.21
1726639,17266.39
1726755,17267.55
1726865,17268.65
1726981,17269.81
1727095,17270.95
1727208,17272.08
1727320,17273.2
1727435,17274.35
1727550,17275.5
1727666,17276.66
1727783,17277.83
1727896,17278.96
1728012,17280.12
1728127,17281.27
1728242,17282.42
1728355,17283.55
1728465,17284.65
1728578,17285.78
1728691,17286.91
1728806,17288.06
1728915,17289.15
1729024,17290.24
1729133,17291.33
1729240,17292.4
1729346,17293.46
1729453,17294.53
1729560,17295.6
1729665,17296.65
1729775,17297.75
1729887,17298.87
1729992,17299.92
1730091,17300.91
1730194,17301.94
1730293,17302.93
1730389,17303.89
1730479,17304.79
1730569,17305.69
1730663,17306.63
1730761,17307.61
1730857,17308.57
1730955,17309.55
1731064,17310.64
1731178,17311.78
1731291,17312.91
1731410,17314.1
1731532,17315.32
1731648,17316.48
1731764,17317.64
1731886,17318.86
1732004,17320.04
1732120,17321.2
1732231,17322.31
1732348,17323.48
1732469,17324.69
1732587,17325.87
1732699,17326.99
1732815,17328.15
1732932,17329.32
1733043,17330.43
1733152,17331.52
1733254,17332.54
1733359,17333.59
1733468,17334.68
1733577,17335.77
1733682,17336.82
1733784,17337.84
1733889,17338.89
1733994,17339.94
1734098,17340.98
1734201,17342.01
1734311,17343.11
1734420,17344.2
1734530,17345.3
1734637,17346.37
1734747,17347.47
1734865,17348.65
1734980,17349.8
1735091,17350.91
1735206,17352.06
1735324,17353.24
1735438,17354.38
1735548,17355.48
1735660,17356.6
1735773,17357.73
1735880,17358.8
1735979,17359.79
1736073,17360.73
1736173,17361.73
1736271,17362.71
1736364,17363.64
1736456,17364.56
1736544,17365.44
1736629,17366.29
1736711,17367.11
1736793,17367.93
1736881,17368.81
1736988,17369.88
1737100,17371.0
1737204,17372.04
1737310,17373.1
1737422,17374.22
1737535,17375.35
1737648,17376.48
1737767,17377.67
1737890,17378.9
1738011,17380.11
1738131,17381.31
1738246,17382.46
1738368,17383.68
1738489,17384.89
1738607,17386.07
1738719,17387.19
1738838,17388.38
1738957,17389.57
1739072,17390.72
1739185,17391.85
1739295,17392.95
1739407,17394.07
1739521,17395.21
1739634,17396.34
1739743,17397.43
1739851,17398.51
1739965,17399.65
1740082,17400.82
1740198,17401.98
1740309,17403.09
1740420,17404.2
1740527,17405.27
1740635,17406.35
1740742,17407.42
1740849,17408.49
1740972,17409.72
1741092,17410.92
1741210,17412.1
1741320,17413.2
1741438,17414.38
1741557,17415.57
1741672,17416.72
1741780,17417.8
1741895,17418.95
1742010,17420.1
1742124,17421.24
1742234,17422.34
1742341,17423.41
1742448,17424.48
1742553,17425.53
1742653,17426.53
1742749,17427.49
1742854,17428.54
1742966,17429.66
1743085,17430.85
1743200,17432.0
1743323,17433.23
1743448,17434.48
1743568,17435.68
1743686,17436.86
1743805,17438.05
1743928,17439.28
1744047,17440.47
1744161,17441.61
1744272,17442.72
1744384,17443.84
1744497,17444.97
1744609,17446.09
1744716,17447.16
1744824,17448.24
1744938,17449.38
1745051,17450.51
1745158,17451.58
1745266,17452.66
1745379,17453.79
1745496,17454.96
1745608,17456.08
1745715,17457.15
1745827,17458.27
1745937,17459.37
1746046,17460.46
1746156,17461.56
1746273,17462.73
1746388,17463.88
1746500,17465.0
1746605,17466.05
1746709,17467.09
1746818,17468.18
1746927,17469.27
1747037,17470.37
1747140,17471.4
1747244,17472.44
1747359,17473.59
1747475,17474.75
1747583,17475.83
1747688,17476.88
1747796,17477.96
1747904,17479.04
1748008,17480.08
1748107,17481.07
1748206,17482.06
1748308,17483.08
1748419,17484.19
1748531,17485.31
1748641,17486.41
1748763,17487.63
1748883,17488.83
1748999,17489.99
1749115,17491.15
1749233,17492.33
1749354,17493.54
1749468,17494.68
1749580,17495.8
1749698,17496.98
1749815,17498.15
1749927,17499.27
1750035,17500.35
1750145,17501.45
1750263,17502.63
1750381,17503.81
1750490,17504.9
1750596,17505.96
1750705,17507.05
1750817,17508.17
1750925,17509.25
1751030,17510.3
1751133,17511.33
1751239,17512.39
1751350,17513.5
1751458,17514.58
1751565,17515.65
1751678,17516.78
1751793,17517.93
1751905,17519.05
1752014,17520.14
1752129,17521.29
1752247,17522.47
1752361,17523.61
1752472,17524.72
1752581,17525.81
1752695,17526.95
1752811,17528.11
1752923,17529.23
1753032,17530.32
1753143,17531.43
1753255,17532.55
1753364,17533.64
1753472,17534.72
1753588,17535.88
1753702,17537.02
1753813,17538.13
1753922,17539.22
1754037,17540.37
1754152,17541.52
1754263,17542.63
1754372,17543.72
1754486,17544.86
1754602,17546.02
1754716,17547.16
1754823,17548.23
1754929,17549.29
1755042,17550.42
1755156,17551.56
1755259,17552.59
1755357,17553.57
1755461,17554.61
1755573,17555.73
1755682,17556.82
1755791,17557.91
1755901,17559.01
1756016,17560.16
1756127,17561.27
1756233,17562.33
1756334,17563.34
1756434,17564.34
1756535,17565.35
1756631,17566.31
1756726,17567.26
1756827,17568.27
1756939,17569.39
1757051,17570.51
1757161,17571.61
1757273,17572.73
1757385,17573.85
1757487,17574.87
1757590,17575.9
1757706,17577.06
1757827,17578.27
1757943,17579.43
1758062,17580.62
1758186,17581.86
1758308,17583.08
1758422,17584.22
1758537,17585.37
1758656,17586.56
1758771,17587.71
1758882,17588.82
1758994,17589.94
1759111,17591.11
1759225,17592.25
1759335,17593.35
1759444,17594.44
1759553,17595.53
1759661,17596.61
1759769,17597.69
1759872,17598.72
1759978,17599.78
1760088,17600.88
1760194,17601.94
1760292,17602.92
1760389,17603.89
1760500,17605.0
1760612,17606.12
1760723,17607.23
1760826,17608.26
1760933,17609.33
1761046,17610.46
1761161,17611.61
1761273,17612.73
1761387,17613.87
1761504,17615.04
1761620,17616.2
1761732,17617.32
1761845,17618.45
1761968,17619.68
1762088,17620.88
1762203,17622.03
1762309,17623.09
1762420,17624.2
1762538,17625.38
1762655,17626.55
1762768,17627.68
1762876,17628.76
1762993,17629.93
1763111,17631.11
1763226,17632.26
1763335,17633.35
1763444,17634.44
1763557,17635.57
1763670,17636.7
1763782,17637.82
1763891,17638.91
1764004,17640.04
1764120,17641.2
1764233,17642.33
1764340,17643.4
1764444,17644.44
1764546,17645.46
1764648,17646.48
1764753,17647.53
1764860,17648.6
1764964,17649.64
1765063,17650.63
1765172,17651.72
1765284,17652.84
1765391,17653.91
1765498,17654.98
1765620,17656.2
1765746,17657.46
1765863,17658.63
1765977,17659.77
1766097,17660.97
1766221,17662.21
1766338,17663.38
1766450,17664.5
1766566,17665.66
1766687,17666.87
1766807,17668.07
1766921,17669.21
1767041,17670.41
1767158,17671.58
1767271,17672.71
1767381,17673.81
1767496,17674.96
1767612,17676.12
1767725,17677.25
1767833,17678.33
1767950,17679.5
1768067,17680.67
1768177,17681.77
1768286,17682.86
1768400,17684.0
1768514,17685.14
1768624,17686.24
1768728,17687.28
1768827,17688.27
1768926,17689.26
1769024,17690.24
1769124,17691.24
1769236,17692.36
1769355,17693.55
1769472,17694.72
1769583,17695.83
1769701,17697.01
1769821,17698.21
1769939,17699.39
1770052,17700.52
1770163,17701.63
1770283,17702.83
1770403,17704.03
1770519,17705.19
1770630,17706.3
1770739,17707.39
1770854,17708.54
1770962,17709.62
1771062,17710.62
1771162,17711.62
1771274,17712.74
1771387,17713.87
1771499,17714.99
1771605,17716.05
1771711,17717.11
1771825,17718.25
1771934,17719.34
1772042,17720.42
1772158,17721.58
1772276,17722.76
1772390,17723.9
1772504,17725.04
1772620,17726.2
1772735,17727.35
1772847,17728.47
1772956,17729.56
1773065,17730.65
1773181,17731.81
1773296,17732.96
1773407,17734.07
1773515,17735.15
1773623,17736.23
1773736,17737.36
1773845,17738.45
1773949,17739.49
1774056,17740.56
1774168,17741.68
1774280,17742.8
1774388,17743.88
1774493,17744.93
1774601,17746.01
1774712,17747.12
1774821,17748.21
1774925,17749.25
1775031,17750.31
1775145,17751.45
1775256,17752.56
1775360,17753.6
1775462,17754.62
1775573,17755.73
1775687,17756.87
1775798,17757.98
1775905,17759.05
1776006,17760.06
1776110,17761.1
1776219,17762.19
1776325,17763.25
1776438,17764.38
1776560,17765.6
1776680,17766.8
1776796,17767.96
1776910,17769.1
1777029,17770.29
1777149,17771.49
1777266,17772.66
1777378,17773.78
1777490,17774.9
1777605,17776.05
1777721,17777.21
1777833,17778.33
1777944,17779.44
1778063,17780.63
1778181,17781.81
1778296,17782.96
1778407,17784.07
1778521,17785.21
1778638,17786.38
1778749,17787.49
1778854,17788.54
1778960,17789.6
1779071,17790.71
1779184,17791.84
1779295,17792.95
1779405,17794.05
1779521,17795.21
1779636,17796.36
1779748,17797.48
1779856,17798.56
1779969,17799.69
1780084,17800.84
1780195,17801.95
1780302,17803.02
1780412,17804.12
1780529,17805.29
1780644,17806.44
1780754,17807.54
1780863,17808.63
1780977,17809.77
1781091,17810.91
1781199,17811.99
1781305,17813.05
1781417,17814.17
1781533,17815.33
1781644,17816.44
1781751,17817.51
1781860,17818.6
1781972,17819.72
1782080,17820.8
1782186,17821.86
1782297,17822.97
1782413,17824.13
1782524,17825.24
1782634,17826.34
1782751,17827.51
1782868,17828.68
1782976,17829.76
1783085,17830.85
1783204,17832.04
1783322,17833.22
1783434,17834.34
1783544,17835.44
1783650,17836.5
1783762,17837.62
1783873,17838.73
1783981,17839.81
1784086,17840.86
1784196,17841.96
1784308,17843.08
1784416,17844.16
1784521,17845.21
1784632,17846.32
1784744,17847.44
1784854,17848.54
1784957,17849.57
1785056,17850.56
1785156,17851.56
1785251,17852.51
1785344,17853.44
1785433,17854.33
1785519,17855.19
1785610,17856.1
1785703,17857.03
1785804,17858.04
1785917,17859.17
1786033,17860.33
1786145,17861.45
1786254,17862.54
1786361,17863.61
1786462,17864.62
1786562,17865.62
1786666,17866.66
1786775,17867.75
1786889,17868.89
1787003,17870.03
1787108,17871.08
1787212,17872.12
1787318,17873.18
1787429,17874.29
1787546,17875.46
1787667,17876.67
1787786,17877.86
1787902,17879.02
1788018,17880.18
1788137,17881.37
1788256,17882.56
1788371,17883.71
1788482,17884.82
1788597,17885.97
1788713,17887.13
1788822,17888.22
1788926,17889.26
1789032,17890.32
1789134,17891.34
1789234,17892.34
1789337,17893.37
1789440,17894.4
1789548,17895.48
1789661,17896.61
1789773,17897.73
1789881,17898.81
1789993,17899.93
1790113,17901.13
1790230,17902.3
1790341,17903.41
1790452,17904.52
1790568,17905.68
1790684,17906.84
1790796,17907.96
1790908,17909.08
1791026,17910.26
1791141,17911.41
1791256,17912.56
1791366,17913.66
1791482,17914.82
1791597,17915.97
1791706,17917.06
1791813,17918.13
1791924,17919.24
1792039,17920.39
1792151,17921.51
1792259,17922.59
1792365,17923.65
1792478,17924.78
1792592,17925.92
1792702,17927.02
1792819,17928.19
1792935,17929.35
1793047,17930.47
1793156,17931.56
1793266,17932.66
1793383,17933.83
1793496,17934.96
1793608,17936.08
1793717,17937.17
1793830,17938.3
1793944,17939.44
1794052,17940.52
1794158,17941.58
1794263,17942.63
1794375,17943.75
1794485,17944.85
1794594,17945.94
1794694,17946.94
1794793,17947.93
1794895,17948.95
1795002,17950.02
1795107,17951.07
1795221,17952.21
1795338,17953.38
1795452,17954.52
1795562,17955.62
1795673,17956.73
1795788,17957.88
1795903,17959.03
1796016,17960.16
1796125,17961.25
1796242,17962.42
1796359,17963.59
1796472,17964.72
1796583,17965.83
1796695,17966.95
1796814,17968.14
1796930,17969.3
1797042,17970.42
1797149,17971.49
1797266,17972.66
1797384,17973.84
1797498,17974.98
1797610,17976.1
1797722,17977.22
1797832,17978.32
1797939,17979.39
1798040,17980.4
1798143,17981.43
1798248,17982.48
1798354,17983.54
1798459,17984.59
1798562,17985.62
1798675,17986.75
1798788,17987.88
1798897,17988.97
1799003,17990.03
1799114,17991.14
1799224,17992.24
1799331,17993.31
1799436,17994.36
1799546,17995.46
1799658,17996.58
1799766,17997.66
1799873,17998.73
1799984,17999.84
1800099,18000.99
1800212,18002.12
1800319,18003.19
1800428,18004.28
1800545,18005.45
1800659,18006.59
1800770,18007.7
1800886,18008.86
1801008,18010.08
1801127,18011.27
1801241,18012.41
1801350,18013.5
1801462,18014.62
1801576,18015.76
1801688,18016.88
1801793,18017.93
1801898,18018.98
1802012,18020.12
1802126,18021.26
1802235,18022.35
1802340,18023.4
1802449,18024.49
1802558,18025.58
1802667,18026.67
1802777,18027.77
1802893,18028.93
1803011,18030.11
1803127,18031.27
1803237,18032.37
1803351,18033.51
1803470,18034.7
1803586,18035.86
1803694,18036.94
1803802,18038.02
1803914,18039.14
1804020,18040.2
1804125,18041.25
1804239,18042.39
1804354,18043.54
1804464,18044.64
1804572,18045.72
1804688,18046.88
1804800,18048.0
1804909,18049.09
1805016,18050.16
1805125,18051.25
1805238,18052.38
1805351,18053.51
1805461,18054.61
1805576,18055.76
1805690,18056.9
1805803,18058.03
1805912,18059.12
1806024,18060.24
1806140,18061.4
1806253,18062.53
1806362,18063.62
1806471,18064.71
1806584,18065.84
1806695,18066.95
1806803,18068.03
1806909,18069.09
1807019,18070.19
1807130,18071.3
1807239,18072.39
1807344,18073.44
1807453,18074.53
1807564,18075.64
1807673,18076.73
1807778,18077.78
1807883,18078.83
1807996,18079.96
1808110,18081.1
1808219,18082.19
1808327,18083.27
1808442,18084.42
1808555,18085.55
1808664,18086.64
1808770,18087.7
1808883,18088.83
1808999,18089.99
1809111,18091.11
1809221,18092.21
1809331,18093.31
1809442,18094.42
1809551,18095.51
1809658,18096.58
1809763,18097.63
1809877,18098.77
1809987,18099.87
1810099,18100.99
1810209,18102.09
1810317,18103.17
1810429,18104.29
1810541,18105.41
1810647,18106.47
1810756,18107.56
1810868,18108.68
1810979,18109.79
1811086,18110.86
1811196,18111.96
1811311,18113.11
1811422,18114.22
1811529,18115.29
1811639,18116.39
1811754,18117.54
1811865,18118.65
1811972,18119.72
1812079,18120.79
1812192,18121.92
1812303,18123.03
1812411,18124.11
1812524,18125.24
1812636,18126.36
1812745,18127.45
1812851,18128.51
1812967,18129.67
1813083,18130.83
1813191,18131.91
1813294,18132.94
1813400,18134.0
1813513,18135.13
1813627,18136.27
1813739,18137.39
1813850,18138.5
1813967,18139.67
1814081,18140.81
1814192,18141.92
1814301,18143.01
1814415,18144.15
1814526,18145.26
1814635,18146.35
1814748,18147.48
1814863,18148.63
1814974,18149.74
1815084,18150.84
1815194,18151.94
1815314,18153.14
1815429,18154.29
1815540,18155.4
1815655,18156.55
1815769,18157.69
1815880,18158.8
1815987,18159.87
1816097,18160.97
1816210,18162.1
1816320,18163.2
1816427,18164.27
1816531,18165.31
1816636,18166.36
1816742,18167.42
1816845,18168.45
1816947,18169.47
1817057,18170.57
1817166,18171.66
1817273,18172.73
1817377,18173.77
1817485,18174.85
1817595,18175.95
1817702,18177.02
1817808,18178.08
1817919,18179.19
1818035,18180.35
1818151,18181.51
1818264,18182.64
1818374,18183.74
1818486,18184.86
1818598,18185.98
1818708,18187.08
1818815,18188.15
1818928,18189.28
1819042,18190.42
1819152,18191.52
1819260,18192.6
1819369,18193.69
1819486,18194.86
1819601,18196.01
1819711,18197.11
1819819,18198.19
1819932,18199.32
1820045,18200.45
1820153,18201.53
1820261,18202.61
1820372,18203.72
1820486,18204.86
1820596,18205.96
1820702,18207.02
1820812,18208.12
1820924,18209.24
1821033,18210.33
1821141,18211.41
1821252,18212.52
1821368,18213.68
1821480,18214.8
1821587,18215.87
1821701,18217.01
1821820,18218.2
1821934,18219.34
1822044,18220.44
1822156,18221.56
1822268,18222.68
1822377,18223.77
1822485,18224.85
1822595,18225.95
1822706,18227.06
1822814,18228.14
1822919,18229.19
1823023,18230.23
1823134,18231.34
1823248,18232.48
1823358,18233.58
1823468,18234.68
1823581,18235.81
1823695,18236.95
1823805,18238.05
1823911,18239.11
1824024,18240.24
1824141,18241.41
1824251,18242.51
1824359,18243.59
1824471,18244.71
1824585,18245.85
1824695,18246.95
1824798,18247.98
1824902,18249.02
1825012,18250.12
1825121,18251.21
1825229,18252.29
1825331,18253.31
1825438,18254.38
1825551,18255.51
1825661,18256.61
1825770,18257.7
1825879,18258.79
1825990,18259.9
1826099,18260.99
1826205,18262.05
1826318,18263.18
1826430,18264.3
1826538,18265.38
1826651,18266.51
1826764,18267.64
1826869,18268.69
1826970,18269.7
1827075,18270.75
1827192,18271.92
1827302,18273.02
1827410,18274.1
1827521,18275.21
1827636,18276.36
1827750,18277.5
1827859,18278.59
1827968,18279.68
1828080,18280.8
1828194,18281.94
1828304,18283.04
1828411,18284.11
1828512,18285.12
1828618,18286.18
1828723,18287.23
1828828,18288.28
1828932,18289.32
1829045,18290.45
1829159,18291.59
1829270,18292.7
1829380,18293.8
1829496,18294.96
1829613,18296.13
1829729,18297.29
1829840,18298.4
1829955,18299.55
1830071,18300.71
1830184,18301.84
1830294,18302.94
1830402,18304.02
1830512,18305.12
1830622,18306.22
1830726,18307.26
1830828,18308.28
1830935,18309.35
1831048,18310.48
1831157,18311.57
1831264,18312.64
1831371,18313.71
1831486,18314.86
1831598,18315.98
1831707,18317.07
1831816,18318.16
1831929,18319.29
1832042,18320.42
1832152,18321.52
1832258,18322.58
1832369,18323.69
1832483,18324.83
1832596,18325.96
1832706,18327.06
1832814,18328.14
1832928,18329.28
1833040,18330.4
1833151,18331.51
1833260,18332.6
1833376,18333.76
1833491,18334.91
1833604,18336.04
1833712,18337.12
1833822,18338.22
1833934,18339.34
1834043,18340.43
1834151,18341.51
1834262,18342.62
1834378,18343.78
1834489,18344.89
1834598,18345.98
1834708,18347.08
1834819,18348.19
1834927,18349.27
1835033,18350.33
1835137,18351.37
1835246,18352.46
1835355,18353.55
1835466,18354.66
1835574,18355.74
1835687,18356.87
1835803,18358.03
1835916,18359.16
1836026,18360.26
1836136,18361.36
1836246,18362.46
1836358,18363.58
1836467,18364.67
1836571,18365.71
1836681,18366.81
1836792,18367.92
1836896,18368.96
1837001,18370.01
1837109,18371.09
1837220,18372.2
1837329,18373.29
1837438,18374.38
1837552,18375.52
1837666,18376.66
1837776,18377.76
1837886,18378.86
1838001,18380.01
1838115,18381.15
1838227,18382.27
1838335,18383.35
1838446,18384.46
1838558,18385.58
1838666,18386.66
1838772,18387.72
1838882,18388.82
1838995,18389.95
1839105,18391.05
1839212,18392.12
1839321,18393.21
1839432,18394.32
1839540,18395.4
1839644,18396.44
1839744,18397.44
1839843,18398.43
1839942,18399.42
1840042,18400.42
1840148,18401.48
1840253,18402.53
1840372,18403.72
1840491,18404.91
1840604,18406.04
1840719,18407.19
1840840,18408.4
1840960,18409.6
1841077,18410.77
1841191,18411.91
1841310,18413.1
1841427,18414.27
1841540,18415.4
1841652,18416.52
1841768,18417.68
1841886,18418.86
1842000,18420.0
1842108,18421.08
1842219,18422.19
1842328,18423.28
1842434,18424.34
1842540,18425.4
1842652,18426.52
1842762,18427.62
1842869,18428.69
1842975,18429.75
1843085,18430.85
1843196,18431.96
1843307,18433.07
1843412,18434.12
1843517,18435.17
1843626,18436.26
1843733,18437.33
1843839,18438.39
1843943,18439.43
1844052,18440.52
1844158,18441.58
1844262,18442.62
1844373,18443.73
1844486,18444.86
1844599,18445.99
1844706,18447.06
1844818,18448.18
1844930,18449.3
1845040,18450.4
1845148,18451.48
1845259,18452.59
1845371,18453.71
1845483,18454.83
1845594,18455.94
1845706,18457.06
1845818,18458.18
1845928,18459.28
1846038,18460.38
1846152,18461.52
1846264,18462.64
1846371,18463.71
1846479,18464.79
1846593,18465.93
1846706,18467.06
1846815,18468.15
1846923,18469.23
1847034,18470.34
1847146,18471.46
1847256,18472.56
1847365,18473.65
1847483,18474.83
1847596,18475.96
1847705,18477.05
1847820,18478.2
1847937,18479.37
1848046,18480.46
1848154,18481.54
1848265,18482.65
1848374,18483.74
1848480,18484.8
1848587,18485.87
1848697,18486.97
1848810,18488.1
1848920,18489.2
1849028,18490.28
1849137,18491.37
1849245,18492.45
1849351,18493.51
1849454,18494.54
1849563,18495.63
1849674,18496.74
1849782,18497.82
1849892,18498.92
1850010,18500.1
1850126,18501.26
1850236,18502.36
1850348,18503.48
1850465,18504.65
1850578,18505.78
1850691,18506.91
1850806,18508.06
1850921,18509.21
1851033,18510.33
1851145,18511.45
1851261,18512.61
1851377,18513.77
1851488,18514.88
1851596,18515.96
1851709,18517.09
1851821,18518.21
1851933,18519.33
1852041,18520.41
1852151,18521.51
1852264,18522.64
1852374,18523.74
1852481,18524.81
1852595,18525.95
1852709,18527.09
1852822,18528.22
1852930,18529.3
1853042,18530.42
1853157,18531.57
1853264,18532.64
1853366,18533.66
1853465,18534.65
1853567,18535.67
1853667,18536.67
1853764,18537.64
1853875,18538.75
1853989,18539.89
1854099,18540.99
1854210,18542.1
1854328,18543.28
1854441,18544.41
1854551,18545.51
1854667,18546.67
1854784,18547.84
1854900,18549.0
1855009,18550.09
1855120,18551.2
1855233,18552.33
1855346,18553.46
1855453,18554.53
1855564,18555.64
1855680,18556.8
1855791,18557.91
1855899,18558.99
1856006,18560.06
1856118,18561.18
1856230,18562.3
1856338,18563.38
1856444,18564.44
1856553,18565.53
1856661,18566.61
1856764,18567.64
1856868,18568.68
1856976,18569.76
1857082,18570.82
1857185,18571.85
1857293,18572.93
1857405,18574.05
1857514,18575.14
1857622,18576.22
1857733,18577.33
1857845,18578.45
1857957,18579.57
1858064,18580.64
1858170,18581.7
1858277,18582.77
1858385,18583.85
1858491,18584.91
1858595,18585.95
1858703,18587.03
1858813,18588.13
1858920,18589.2
1859027,18590.27
1859138,18591.38
1859248,18592.48
1859353,18593.53
1859462,18594.62
1859571,18595.71
1859679,18596.79
1859785,18597.85
1859889,18598.89
1860003,18600.03
1860114,18601.14
1860222,18602.22
1860328,18603.28
1860437,18604.37
1860550,18605.5
1860658,18606.58
1860766,18607.66
1860879,18608.79
1860990,18609.9
1861100,18611.0
1861208,18612.08
1861324,18613.24
1861436,18614.36
1861544,18615.44
1861652,18616.52
1861768,18617.68
1861882,18618.82
1861994,18619.94
1862102,18621.02
1862213,18622.13
1862321,18623.21
1862425,18624.25
1862529,18625.29
1862634,18626.34
1862748,18627.48
1862861,18628.61
1862970,18629.7
1863078,18630.78
1863189,18631.89
1863300,18633.0
1863408,18634.08
1863515,18635.15
1863627,18636.27
1863737,18637.37
1863845,18638.45
1863945,18639.45
1864051,18640.51
1864160,18641.6
1864267,18642.67
1864377,18643.77
1864490,18644.9
1864603,18646.03
1864711,18647.11
1864823,18648.23
1864936,18649.36
1865046,18650.46
1865153,18651.53
1865262,18652.62
1865371,18653.71
1865476,18654.76
1865589,18655.89
1865705,18657.05
1865818,18658.18
1865925,18659.25
1866032,18660.32
1866141,18661.41
1866251,18662.51
1866360,18663.6
1866466,18664.66
1866574,18665.74
1866684,18666.84
1866793,18667.93
1866898,18668.98
1866998,18669.98
1867104,18671.04
1867214,18672.14
1867321,18673.21
1867426,18674.26
1867540,18675.4
1867659,18676.59
1867773,18677.73
1867883,18678.83
1867997,18679.97
1868111,18681.11
1868215,18682.15
1868320,18683.2
1868430,18684.3
1868540,18685.4
1868649,18686.49
1868754,18687.54
1868863,18688.63
1868975,18689.75
1869080,18690.8
1869186,18691.86
1869295,18692.95
1869406,18694.06
1869517,18695.17
1869625,18696.25
1869731,18697.31
1869843,18698.43
1869954,18699.54
1870061,18700.61
1870166,18701.66
1870276,18702.76
1870388,18703.88
1870500,18705.0
1870608,18706.08
1870716,18707.16
1870829,18708.29
1870943,18709.43
1871051,18710.51
1871159,18711.59
1871273,18712.73
1871388,18713.88
1871499,18714.99
1871607,18716.07
1871718,18717.18
1871831,18718.31
1871942,18719.42
1872049,18720.49
1872160,18721.6
1872272,18722.72
1872381,18723.81
1872484,18724.84
1872590,18725.9
1872700,18727.0
1872807,18728.07
1872911,18729.11
1873017,18730.17
1873123,18731.23
1873225,18732.25
1873326,18733.26
1873432,18734.32
1873541,18735.41
1873651,18736.51
1873757,18737.57
1873866,18738.66
1873980,18739.8
1874092,18740.92
1874199,18741.99
1874308,18743.08
1874419,18744.19
1874530,18745.3
1874638,18746.38
1874748,18747.48
1874859,18748.59
1874964,18749.64
1875068,18750.68
1875177,18751.77
1875289,18752.89
1875401,18754.01
1875510,18755.1
1875626,18756.26
1875744,18757.44
1875857,18758.57
1875966,18759.66
1876083,18760.83
1876201,18762.01
1876314,18763.14
1876422,18764.22
1876537,18765.37
1876652,18766.52
1876757,18767.57
1876863,18768.63
1876980,18769.8
1877095,18770.95
1877206,18772.06
1877315,18773.15
1877420,18774.2
1877522,18775.22
1877622,18776.22
1877720,18777.2
1877831,18778.31
1877942,18779.42
1878050,18780.5
1878159,18781.59
1878269,18782.69
1878379,18783.79
1878486,18784.86
1878595,18785.95
1878707,18787.07
1878819,18788.19
1878928,18789.28
1879039,18790.39
1879154,18791.54
1879269,18792.69
1879379,18793.79
1879487,18794.87
1879602,18796.02
1879716,18797.16
1879828,18798.28
1879938,18799.38
1880049,18800.49
1880163,18801.63
1880275,18802.75
1880383,18803.83
1880491,18804.91
1880601,18806.01
1880711,18807.11
1880821,18808.21
1880928,18809.28
1881039,18810.39
1881148,18811.48
1881255,18812.55
1881360,18813.6
1881469,18814.69
1881575,18815.75
1881675,18816.75
1881775,18817.75
1881877,18818.77
1881982,18819.82
1882083,18820.83
1882182,18821.82
1882288,18822.88
1882399,18823.99
1882506,18825.06
1882611,18826.11
1882718,18827.18
1882827,18828.27
1882934,18829.34
1883040,18830.4
1883152,18831.52
1883266,18832.66
1883376,18833.76
1883482,18834.82
1883590,18835.9
1883700,18837.0
1883810,18838.1
1883918,18839.18
1884031,18840.31
1884144,18841.44
1884252,18842.52
1884355,18843.55
1884465,18844.65
1884575,18845.75
1884683,18846.83
1884786,18847.86
1884895,18848.95
1885005,18850.05
1885115,18851.15
1885222,18852.22
1885331,18853.31
1885440,18854.4
1885548,18855.48
1885654,18856.54
1885761,18857.61
1885871,18858.71
1885978,18859.78
1886081,18860.81
1886188,18861.88
1886298,18862.98
1886407,18864.07
1886513,18865.13
1886617,18866.17
1886727,18867.27
1886840,18868.4
1886949,18869.49
1887057,18870.57
1887170,18871.7
1887287,18872.87
1887399,18873.99
1887508,18875.08
1887618,18876.18
1887732,18877.32
1887843,18878.43
1887949,18879.49
1888058,18880.58
1888173,18881.73
1888288,18882.88
1888395,18883.95
1888505,18885.05
1888617,18886.17
1888726,18887.26
1888831,18888.31
1888938,18889.38
1889047,18890.47
1889156,18891.56
1889265,18892.65
1889373,18893.73
1889481,18894.81
1889591,18895.91
1889699,18896.99
1889803,18898.03
1889912,18899.12
1890014,18900.14
1890114,18901.14
1890210,18902.1
1890309,18903.09
1890418,18904.18
1890530,18905.3
1890642,18906.42
1890750,18907.5
1890865,18908.65
1890984,18909.84
1891098,18910.98
1891208,18912.08
1891321,18913.21
1891428,18914.28
1891529,18915.29
1891624,18916.24
1891718,18917.18
1891813,18918.13
1891908,18919.08
1892001,18920.01
1892096,18920.96
1892184,18921.84
1892271,18922.71
1892355,18923.55
1892439,18924.39
1892521,18925.21
1892602,18926.02
1892683,18926.83
1892764,18927.64
1892846,18928.46
1892925,18929.25
1893004,18930.04
1893083,18930.83
1893160,18931.6
1893237,18932.37
1893312,18933.12
1893386,18933.86
1893460,18934.6
1893533,18935.33
1893606,18936.06
1893678,18936.78
1893752,18937.52
1893826,18938.26
1893901,18939.01
1893978,18939.78
1894058,18940.58
1894145,18941.45
1894239,18942.39
1894336,18943.36
1894437,18944.37
1894541,18945.41
1894646,18946.46
1894750,18947.5
1894855,18948.55
1894954,18949.54
1895045,18950.45
1895130,18951.3
1895213,18952.13
1895293,18952.93
1895371,18953.71
1895450,18954.5
1895533,18955.33
1895631,18956.31
1895748,18957.48
1895865,18958.65
1895976,18959.76
1896096,18960.96
1896220,18962.2
1896343,18963.43
1896461,18964.61
1896575,18965.75
1896700,18967.0
1896822,18968.22
1896943,18969.43
1897061,18970.61
1897178,18971.78
1897298,18972.98
1897415,18974.15
1897531,18975.31
1897640,18976.4
1897742,18977.42
1897856,18978.56
1897970,18979.7
1898080,18980.8
1898190,18981.9
1898290,18982.9
1898395,18983.95
1898511,18985.11
1898628,18986.28
1898737,18987.37
1898850,18988.5
1898954,18989.54
1899057,18990.57
1899150,18991.5
1899239,18992.39
1899325,18993.25
1899407,18994.07
1899488,18994.88
1899567,18995.67
1899653,18996.53
1899767,18997.67
1899879,18998.79
1899989,18999.89
1900106,19001.06
1900227,19002.27
1900350,19003.5
1900471,19004.71
1900585,19005.85
1900701,19007.01
1900822,19008.22
1900941,19009.41
1901058,19010.58
1901170,19011.7
1901279,19012.79
1901398,19013.98
1901513,19015.13
1901623,19016.23
1901727,19017.27
1901833,19018.33
1901943,19019.43
1902052,19020.52
1902157,19021.57
1902262,19022.62
1902374,19023.74
1902487,19024.87
1902598,19025.98
1902706,19027.06
1902818,19028.18
1902931,19029.31
1903040,19030.4
1903143,19031.43
1903238,19032.38
1903341,19033.41
1903452,19034.52
1903562,19035.62
1903665,19036.65
1903771,19037.71
1903879,19038.79
1903989,19039.89
1904097,19040.97
1904196,19041.96
1904294,19042.94
1904399,19043.99
1904512,19045.12
1904623,19046.23
1904731,19047.31
1904836,19048.36
1904942,19049.42
1905052,19050.52
1905162,19051.62
1905266,19052.66
1905377,19053.77
1905491,19054.91
1905606,19056.06
1905717,19057.17
1905827,19058.27
1905941,19059.41
1906054,19060.54
1906164,19061.64
1906268,19062.68
1906371,19063.71
1906482,19064.82
1906594,19065.94
1906699,19066.99
1906803,19068.03
1906915,19069.15
1907029,19070.29
1907137,19071.37
1907243,19072.43
1907353,19073.53
1907467,19074.67
1907579,19075.79
1907687,19076.87
1907797,19077.97
1907907,19079.07
1908018,19080.18
1908125,19081.25
1908222,19082.22
1908323,19083.23
1908429,19084.29
1908538,19085.38
1908644,19086.44
1908746,19087.46
1908859,19088.59
1908969,19089.69
1909077,19090.77
1909182,19091.82
1909291,19092.91
1909403,19094.03
1909514,19095.14
1909619,19096.19
1909727,19097.27
1909838,19098.38
1909949,19099.49
1910058,19100.58
1910166,19101.66
1910274,19102.74
1910383,19103.83
1910485,19104.85
1910580,19105.8
1910682,19106.82
1910792,19107.92
1910901,19109.01
1911006,19110.06
1911105,19111.05
1911210,19112.1
1911321,19113.21
1911431,19114.31
1911537,19115.37
1911639,19116.39
1911746,19117.46
1911853,19118.53
1911962,19119.62
1912066,19120.66
1912174,19121.74
1912283,19122.83
1912389,19123.89
1912494,19124.94
1912601,19126.01
1912708,19127.08
1912811,19128.11
1912913,19129.13
1913025,19130.25
1913134,19131.34
1913240,19132.4
1913344,19133.44
1913459,19134.59
1913579,19135.79
1913692,19136.92
1913796,19137.96
1913901,19139.01
1914009,19140.09
1914121,19141.21
1914234,19142.34
1914340,19143.4
1914442,19144.42
1914552,19145.52
1914665,19146.65
1914776,19147.76
1914880,19148.8
1914986,19149.86
1915102,19151.02
1915219,19152.19
1915329,19153.29
1915435,19154.35
1915536,19155.36
1915645,19156.45
1915759,19157.59
1915872,19158.72
1915980,19159.8
1916083,19160.83
1916190,19161.9
1916303,19163.03
1916414,19164.14
1916527,19165.27
1916632,19166.32
1916741,19167.41
1916859,19168.59
1916984,19169.84
1917106,19171.06
1917225,19172.25
1917342,19173.42
1917460,19174.6
1917575,19175.75
1917686,19176.86
1917802,19178.02
1917915,19179.15
1918018,19180.18
1918118,19181.18
1918210,19182.1
1918298,19182.98
1918387,19183.87
1918475,19184.75
1918563,19185.63
1918658,19186.58
1918779,19187.79
1918897,19188.97
1919016,19190.16
1919133,19191.33
1919243,19192.43
1919347,19193.47
1919456,19194.56
1919573,19195.73
1919685,19196.85
1919794,19197.94
1919899,19198.99
1920011,19200.11
1920128,19201.28
1920239,19202.39
1920347,19203.47
1920444,19204.44
1920548,19205.48
1920660,19206.6
1920771,19207.71
1920873,19208.73
1920969,19209.69
1921064,19210.64
1921169,19211.69
1921285,19212.85
1921399,19213.99
1921508,19215.08
1921629,19216.29
1921750,19217.5
1921863,19218.63
1921974,19219.74
1922091,19220.91
1922201,19222.01
1922311,19223.11
1922424,19224.24
1922535,19225.35
1922641,19226.41
1922753,19227.53
1922869,19228.69
1922981,19229.81
1923088,19230.88
1923198,19231.98
1923315,19233.15
1923422,19234.22
1923528,19235.28
1923640,19236.4
1923751,19237.51
1923855,19238.55
1923955,19239.55
1924059,19240.59
1924163,19241.63
1924265,19242.65
1924359,19243.59
1924455,19244.55
1924556,19245.56
1924662,19246.62
1924766,19247.66
1924864,19248.64
1924961,19249.61
1925060,19250.6
1925160,19251.6
1925262,19252.62
1925358,19253.58
1925453,19254.53
1925555,19255.55
1925659,19256.59
1925762,19257.62
1925858,19258.58
1925956,19259.56
1926060,19260.6
1926163,19261.63
1926265,19262.65
1926375,19263.75
1926483,19264.83
1926585,19265.85
1926693,19266.93
1926802,19268.02
1926904,19269.04
1927003,19270.03
1927109,19271.09
1927219,19272.19
1927324,19273.24
1927422,19274.22
1927526,19275.26
1927626,19276.26
1927728,19277.28
1927827,19278.27
1927922,19279.22
1928020,19280.2
1928122,19281.22
1928223,19282.23
1928315,19283.15
1928403,19284.03
1928493,19284.93
1928589,19285.89
1928688,19286.88
1928788,19287.88
1928882,19288.82
1928979,19289.79
1929089,19290.89
1929197,19291.97
1929301,19293.01
1929400,19294.0
1929498,19294.98
1929619,19296.19
1929740,19297.4
1929831,19298.31
1929919,19299.19
1930007,19300.07
1930101,19301.01
1930213,19302.13
1930321,19303.21
1930425,19304.25
1930520,19305.2
1930615,19306.15
1930709,19307.09
1930803,19308.03
1930894,19308.94
1930987,19309.87
1931077,19310.77
1931166,19311.66
1931252,19312.52
1931338,19313.38
1931428,19314.28
1931535,19315.35
1931644,19316.44
1931752,19317.52
1931864,19318.64
1931979,19319.79
1932091,19320.91
1932198,19321.98
1932301,19323.01
1932412,19324.12
1932526,19325.26
1932640,19326.4
1932752,19327.52
1932868,19328.68
1932985,19329.85
1933095,19330.95
1933204,19332.04
1933317,19333.17
1933425,19334.25
1933535,19335.35
1933645,19336.45
1933751,19337.51
1933859,19338.59
1933969,19339.69
1934072,19340.72
1934175,19341.75
1934285,19342.85
1934394,19343.94
1934488,19344.88
1934578,19345.78
1934670,19346.7
1934771,19347.71
1934875,19348.75
1934962,19349.62
1935045,19350.45
1935129,19351.29
1935213,19352.13
1935303,19353.03
1935387,19353.87
1935468,19354.68
1935548,19355.48
1935625,19356.25
1935700,19357.0
1935775,19357.75
1935849,19358.49
1935925,19359.25
1936004,19360.04
1936099,19360.99
1936201,19362.01
1936315,19363.15
1936434,19364.34
1936548,19365.48
1936658,19366.58
1936767,19367.67
1936879,19368.79
1936997,19369.97
1937112,19371.12
1937224,19372.24
1937331,19373.31
1937443,19374.43
1937562,19375.62
1937677,19376.77
1937785,19377.85
1937896,19378.96
1938011,19380.11
1938125,19381.25
1938237,19382.37
1938343,19383.43
1938453,19384.53
1938572,19385.72
1938691,19386.91
1938800,19388.0
1938911,19389.11
1939033,19390.33
1939149,19391.49
1939263,19392.63
1939380,19393.8
1939493,19394.93
1939601,19396.01
1939721,19397.21
1939840,19398.4
1939952,19399.52
1940066,19400.66
1940186,19401.86
1940300,19403.0
1940403,19404.03
1940508,19405.08
1940624,19406.24
1940741,19407.41
1940838,19408.38
1940936,19409.36
1941043,19410.43
1941149,19411.49
1941267,19412.67
1941378,19413.78
1941484,19414.84
1941601,19416.01
1941719,19417.19
1941830,19418.3
1941939,19419.39
1942057,19420.57
1942166,19421.66
1942270,19422.7
1942383,19423.83
1942503,19425.03
1942618,19426.18
1942724,19427.24
1942831,19428.31
1942945,19429.45
1943057,19430.57
1943163,19431.63
1943265,19432.65
1943372,19433.72
1943485,19434.85
1943591,19435.91
1943706,19437.06
1943822,19438.22
1943930,19439.3
1944030,19440.3
1944138,19441.38
1944247,19442.47
1944347,19443.47
1944443,19444.43
1944537,19445.37
1944640,19446.4
1944749,19447.49
1944853,19448.53
1944947,19449.47
1945034,19450.34
1945121,19451.21
1945218,19452.18
1945325,19453.25
1945426,19454.26
1945518,19455.18
1945612,19456.12
1945716,19457.16
1945823,19458.23
1945930,19459.3
1946029,19460.29
1946126,19461.26
1946232,19462.32
1946343,19463.43
1946452,19464.52
1946557,19465.57
1946663,19466.63
1946771,19467.71
1946879,19468.79
1946978,19469.78
1947080,19470.8
1947186,19471.86
1947287,19472.87
1947394,19473.94
1947506,19475.06
1947611,19476.11
1947718,19477.18
1947826,19478.26
1947935,19479.35
1948037,19480.37
1948138,19481.38
1948245,19482.45
1948351,19483.51
1948449,19484.49
1948548,19485.48
1948653,19486.53
1948761,19487.61
1948861,19488.61
1948954,19489.54
1949050,19490.5
1949148,19491.48
1949252,19492.52
1949353,19493.53
1949449,19494.49
1949546,19495.46
1949646,19496.46
1949743,19497.43
1949838,19498.38
1949934,19499.34
1950030,19500.3
1950131,19501.31
1950227,19502.27
1950317,19503.17
1950410,19504.1
1950503,19505.03
1950600,19506.0
1950694,19506.94
1950785,19507.85
1950882,19508.82
1950984,19509.84
1951081,19510.81
1951171,19511.71
1951260,19512.6
1951349,19513.49
1951442,19514.42
1951539,19515.39
1951635,19516.35
1951731,19517.31
1951832,19518.32
1951934,19519.34
1952032,19520.32
1952135,19521.35
1952242,19522.42
1952345,19523.45
1952449,19524.49
1952560,19525.6
1952668,19526.68
1952769,19527.69
1952868,19528.68
1952967,19529.67
1953077,19530.77
1953184,19531.84
1953287,19532.87
1953393,19533.93
1953505,19535.05
1953609,19536.09
1953707,19537.07
1953810,19538.1
1953916,19539.16
1954017,19540.17
1954114,19541.14
1954215,19542.15
1954319,19543.19
1954425,19544.25
1954525,19545.25
1954630,19546.3
1954738,19547.38
1954843,19548.43
1954944,19549.44
1955043,19550.43
1955145,19551.45
1955249,19552.49
1955345,19553.45
1955438,19554.38
1955534,19555.34
1955631,19556.31
1955724,19557.24
1955813,19558.13
1955905,19559.05
1956002,19560.02
1956103,19561.03
1956205,19562.05
1956295,19562.95
1956386,19563.86
1956481,19564.81
1956581,19565.81
1956680,19566.8
1956773,19567.73
1956864,19568.64
1956954,19569.54
1957045,19570.45
1957135,19571.35
1957224,19572.24
1957319,19573.19
1957426,19574.26
1957533,19575.33
1957637,19576.37
1957740,19577.4
1957846,19578.46
1957947,19579.47
1958043,19580.43
1958135,19581.35
1958232,19582.32
1958330,19583.3
1958421,19584.21
1958509,19585.09
1958600,19586.0
1958693,19586.93
1958787,19587.87
1958889,19588.89
1958994,19589.94
1959093,19590.93
1959182,19591.82
1959268,19592.68
1959349,19593.49
1959426,19594.26
1959500,19595.0
1959574,19595.74
1959651,19596.51
1959733,19597.33
1959815,19598.15
1959894,19598.94
1959975,19599.75
1960056,19600.56
1960137,19601.37
1960218,19602.18
1960298,19602.98
1960376,19603.76
1960453,19604.53
1960530,19605.3
1960607,19606.07
1960681,19606.81
1960755,19607.55
1960827,19608.27
1960898,19608.98
1960968,19609.68
1961039,19610.39
1961109,19611.09
1961178,19611.78
1961247,19612.47
1961315,19613.15
1961384,19613.84
1961453,19614.53
1961522,19615.22
1961592,19615.92
1961665,19616.65
1961740,19617.4
1961820,19618.2
1961906,19619.06
1961997,19619.97
1962091,19620.91
1962188,19621.88
1962280,19622.8
1962369,19623.69
1962459,19624.59
1962557,19625.57
1962661,19626.61
1962767,19627.67
1962872,19628.72
1962965,19629.65
1963055,19630.55
1963148,19631.48
1963250,19632.5
1963356,19633.56
1963461,19634.61
1963561,19635.61
1963656,19636.56
1963743,19637.43
1963826,19638.26
1963908,19639.08
1963991,19639.91
1964075,19640.75
1964173,19641.73
1964287,19642.87
1964402,19644.02
1964513,19645.13
1964617,19646.17
1964725,19647.25
1964836,19648.36
1964947,19649.47
1965056,19650.56
1965156,19651.56
1965254,19652.54
1965362,19653.62
1965476,19654.76
1965588,19655.88
1965694,19656.94
1965798,19657.98
1965905,19659.05
1966022,19660.22
1966131,19661.31
1966236,19662.36
1966344,19663.44
1966441,19664.41
1966541,19665.41
1966646,19666.46
1966758,19667.58
1966862,19668.62
1966960,19669.6
1967068,19670.68
1967180,19671.8
1967287,19672.87
1967392,19673.92
1967490,19674.9
1967588,19675.88
1967687,19676.87
1967790,19677.9
1967898,19678.98
1968003,19680.03
1968113,19681.13
1968225,19682.25
1968336,19683.36
1968446,19684.46
1968540,19685.4
1968627,19686.27
1968715,19687.15
1968803,19688.03
1968900,19689.0
1968994,19689.94
1969083,19690.83
1969167,19691.67
1969251,19692.51
1969344,19693.44
1969441,19694.41
1969559,19695.59
1969679,19696.79
1969790,19697.9
1969899,19698.99
1970002,19700.02
1970115,19701.15
1970231,19702.31
1970343,19703.43
1970451,19704.51
1970558,19705.58
1970670,19706.7
1970784,19707.84
1970897,19708.97
1971009,19710.09
1971120,19711.2
1971225,19712.25
1971327,19713.27
1971430,19714.3
1971540,19715.4
1971648,19716.48
1971751,19717.51
1971850,19718.5
1971943,19719.43
1972042,19720.42
1972149,19721.49
1972257,19722.57
1972355,19723.55
1972442,19724.42
1972527,19725.27
1972609,19726.09
1972693,19726.93
1972792,19727.92
1972893,19728.93
1972999,19729.99
1973122,19731.22
1973243,19732.43
1973358,19733.58
1973468,19734.68
1973576,19735.76
1973691,19736.91
1973804,19738.04
1973916,19739.16
1974024,19740.24
1974129,19741.29
1974233,19742.33
1974345,19743.45
1974455,19744.55
1974564,19745.64
1974666,19746.66
1974766,19747.66
1974871,19748.71
1974980,19749.8
1975084,19750.84
1975184,19751.84
1975290,19752.9
1975403,19754.03
1975515,19755.15
1975624,19756.24
1975731,19757.31
1975840,19758.4
1975953,19759.53
1976067,19760.67
1976174,19761.74
1976281,19762.81
1976388,19763.88
1976497,19764.97
1976604,19766.04
1976710,19767.1
1976815,19768.15
1976919,19769.19
1977024,19770.24
1977132,19771.32
1977244,19772.44
1977351,19773.51
1977458,19774.58
1977566,19775.66
1977673,19776.73
1977781,19777.81
1977897,19778.97
1978007,19780.07
1978107,19781.07
1978218,19782.18
1978331,19783.31
1978441,19784.41
1978545,19785.45
1978657,19786.57
1978775,19787.75
1978883,19788.83
1978987,19789.87
1979096,19790.96
1979201,19792.01
1979304,19793.04
1979412,19794.12
1979515,19795.15
1979620,19796.2
1979731,19797.31
1979842,19798.42
1979953,19799.53
1980060,19800.6
1980171,19801.71
1980284,19802.84
1980389,19803.89
1980490,19804.9
1980598,19805.98
1980706,19807.06
1980809,19808.09
1980919,19809.19
1981035,19810.35
1981140,19811.4
1981245,19812.45
1981353,19813.53
1981457,19814.57
1981556,19815.56
1981656,19816.56
1981761,19817.61
1981865,19818.65
1981982,19819.82
1982091,19820.91
1982200,19822.0
1982306,19823.06
1982414,19824.14
1982517,19825.17
1982621,19826.21
1982724,19827.24
1982820,19828.2
1982924,19829.24
1983030,19830.3
1983133,19831.33
1983237,19832.37
1983344,19833.44
1983445,19834.45
1983541,19835.41
1983634,19836.34
1983737,19837.37
1983842,19838.42
1983941,19839.41
1984035,19840.35
1984133,19841.33
1984236,19842.36
1984339,19843.39
1984440,19844.4
1984542,19845.42
1984643,19846.43
1984748,19847.48
1984858,19848.58
1984961,19849.61
1985060,19850.6
1985161,19851.61
1985263,19852.63
1985359,19853.59
1985458,19854.58
1985561,19855.61
1985668,19856.68
1985769,19857.69
1985862,19858.62
1985958,19859.58
1986057,19860.57
1986157,19861.57
1986249,19862.49
1986339,19863.39
1986431,19864.31
1986519,19865.19
1986605,19866.05
1986694,19866.94
1986781,19867.81
1986864,19868.64
1986944,19869.44
1987023,19870.23
1987100,19871.0
1987175,19871.75
1987248,19872.48
1987321,19873.21
1987394,19873.94
1987467,19874.67
1987539,19875.39
1987612,19876.12
1987686,19876.86
1987764,19877.64
1987849,19878.49
1987939,19879.39
1988026,19880.26
1988111,19881.11
1988193,19881.93
1988274,19882.74
1988359,19883.59
1988455,19884.55
1988558,19885.58
1988664,19886.64
1988769,19887.69
1988875,19888.75
1988981,19889.81
1989081,19890.81
1989185,19891.85
1989292,19892.92
1989405,19894.05
1989511,19895.11
1989618,19896.18
1989730,19897.3
1989847,19898.47
1989963,19899.63
1990078,19900.78
1990194,19901.94
1990310,19903.1
1990423,19904.23
1990531,19905.31
1990639,19906.39
1990752,19907.52
1990858,19908.58
1990971,19909.71
1991082,19910.82
1991188,19911.88
1991307,19913.07
1991418,19914.18
1991528,19915.28
1991648,19916.48
1991763,19917.63
1991866,19918.66
1991981,19919.81
1992100,19921.0
1992212,19922.12
1992323,19923.23
1992438,19924.38
1992554,19925.54
1992663,19926.63
1992773,19927.73
1992888,19928.88
1992996,19929.96
1993098,19930.98
1993212,19932.12
1993331,19933.31
1993438,19934.38
1993538,19935.38
1993650,19936.5
1993774,19937.74
1993884,19938.84
1993986,19939.86
1994098,19940.98
1994215,19942.15
1994325,19943.25
1994425,19944.25
1994528,19945.28
1994639,19946.39
1994748,19947.48
1994844,19948.44
1994932,19949.32
1995015,19950.15
1995081,19950.81
1995148,19951.48
1995225,19952.25
1995298,19952.98
1995370,19953.7
1995441,19954.41
1995518,19955.18
1995603,19956.03
1995684,19956.84
1995769,19957.69
1995853,19958.53
1995933,19959.33
1996014,19960.14
1996109,19961.09
1996225,19962.25
1996338,19963.38
1996449,19964.49
1996554,19965.54
1996659,19966.59
1996772,19967.72
1996885,19968.85
1996996,19969.96
1997108,19971.08
1997220,19972.2
1997330,19973.3
1997440,19974.4
1997560,19975.6
1997677,19976.77
1997796,19977.96
1997911,19979.11
1998028,19980.28
1998149,19981.49
1998267,19982.67
1998384,19983.84
1998495,19984.95
1998610,19986.1
1998730,19987.3
1998847,19988.47
1998961,19989.61
1999078,19990.78
1999194,19991.94
1999311,19993.11
1999421,19994.21
1999537,19995.37
1999658,19996.58
1999775,19997.75
1999885,19998.85
1999990,19999.9
2000111,20001.11
2000232,20002.32
2000348,20003.48
2000455,20004.55
2000570,20005.7
2000690,20006.9
2000800,20008.0
2000910,20009.1
2001028,20010.28
2001140,20011.4
2001247,20012.47
2001368,20013.68
2001490,20014.9
2001600,20016.0
2001703,20017.03
2001805,20018.05
2001912,20019.12
2002018,20020.18
2002129,20021.29
2002246,20022.46
2002360,20023.6
2002470,20024.7
2002574,20025.74
2002688,20026.88
2002799,20027.99
2002906,20029.06
2003018,20030.18
2003135,20031.35
2003247,20032.47
2003353,20033.53
2003469,20034.69
2003583,20035.83
2003688,20036.88
2003786,20037.86
2003884,20038.84
2003975,20039.75
2004060,20040.6
2004142,20041.42
2004226,20042.26
2004309,20043.09
2004396,20043.96
2004492,20044.92
2004586,20045.86
2004692,20046.92
2004803,20048.03
2004910,20049.1
2005003,20050.03
2005093,20050.93
2005180,20051.8
2005271,20052.71
2005372,20053.72
2005474,20054.74
2005574,20055.74
2005675,20056.75
2005775,20057.75
2005883,20058.83
2005990,20059.9
2006094,20060.94
2006194,20061.94
2006305,20063.05
2006416,20064.16
2006521,20065.21
2006624,20066.24
2006731,20067.31
2006845,20068.45
2006958,20069.58
2007063,20070.63
2007167,20071.67
2007278,20072.78
2007388,20073.88
2007495,20074.95
2007598,20075.98
2007707,20077.07
2007825,20078.25
2007937,20079.37
2008044,20080.44
2008154,20081.54
2008269,20082.69
2008380,20083.8
2008483,20084.83
2008589,20085.89
2008705,20087.05
2008818,20088.18
2008923,20089.23
2009025,20090.25
2009139,20091.39
2009253,20092.53
2009365,20093.65
2009466,20094.66
2009563,20095.63
2009663,20096.63
2009772,20097.72
2009874,20098.74
2009974,20099.74
2010073,20100.73
2010167,20101.67
2010261,20102.61
2010349,20103.49
2010436,20104.36
2010531,20105.31
2010640,20106.4
2010745,20107.45
2010838,20108.38
2010924,20109.24
2011006,20110.06
2011083,20110.83
2011160,20111.6
2011234,20112.34
2011308,20113.08
2011381,20113.81
2011455,20114.55
2011542,20115.42
2011631,20116.31
2011734,20117.34
2011848,20118.48
2011962,20119.62
2012073,20120.73
2012178,20121.78
2012277,20122.77
2012378,20123.78
2012493,20124.93
2012606,20126.06
2012715,20127.15
2012820,20128.2
2012922,20129.22
2013025,20130.25
2013134,20131.34
2013242,20132.42
2013355,20133.55
2013464,20134.64
2013574,20135.74
2013687,20136.87
2013800,20138.0
2013906,20139.06
2014018,20140.18
2014131,20141.31
2014238,20142.38
2014341,20143.41
2014451,20144.51
2014560,20145.6
2014667,20146.67
2014779,20147.79
2014890,20148.9
2014994,20149.94
2015105,20151.05
2015219,20152.19
2015327,20153.27
2015430,20154.3
2015538,20155.38
2015651,20156.51
2015761,20157.61
2015865,20158.65
2015972,20159.72
2016087,20160.87
2016194,20161.94
2016292,20162.92
2016400,20164.0
2016514,20165.14
2016625,20166.25
2016732,20167.32
2016836,20168.36
2016943,20169.43
2017053,20170.53
2017157,20171.57
2017255,20172.55
2017362,20173.62
2017475,20174.75
2017576,20175.76
2017676,20176.76
2017777,20177.77
2017880,20178.8
2017990,20179.9
2018098,20180.98
2018200,20182.0
2018312,20183.12
2018422,20184.22
2018531,20185.31
2018634,20186.34
2018732,20187.32
2018832,20188.32
2018934,20189.34
2019039,20190.39
2019141,20191.41
2019238,20192.38
2019340,20193.4
2019442,20194.42
2019548,20195.48
2019645,20196.45
2019737,20197.37
2019824,20198.24
2019907,20199.07
2019987,20199.87
2020066,20200.66
2020143,20201.43
2020222,20202.22
2020300,20203.0
2020379,20203.79
2020462,20204.62
2020548,20205.48
2020631,20206.31
2020714,20207.14
2020806,20208.06
2020923,20209.23
2021041,20210.41
2021160,20211.6
2021278,20212.78
2021386,20213.86
2021491,20214.91
2021603,20216.03
2021718,20217.18
2021830,20218.3
2021939,20219.39
2022047,20220.47
2022153,20221.53
2022260,20222.6
2022365,20223.65
2022469,20224.69
2022574,20225.74
2022684,20226.84
2022788,20227.88
2022886,20228.86
2022982,20229.82
2023085,20230.85
2023193,20231.93
2023296,20232.96
2023395,20233.95
2023491,20234.91
2023589,20235.89
2023689,20236.89
2023798,20237.98
2023902,20239.02
2024000,20240.0
2024100,20241.0
2024203,20242.03
2024311,20243.11
2024421,20244.21
2024529,20245.29
2024636,20246.36
2024750,20247.5
2024863,20248.63
2024969,20249.69
2025072,20250.72
2025180,20251.8
2025291,20252.91
2025403,20254.03
2025509,20255.09
2025621,20256.21
2025734,20257.34
2025845,20258.45
2025956,20259.56
2026073,20260.73
2026185,20261.85
2026294,20262.94
2026412,20264.12
2026529,20265.29
2026642,20266.42
2026750,20267.5
2026864,20268.64
2026980,20269.8
2027093,20270.93
2027199,20271.99
2027316,20273.16
2027432,20274.32
2027547,20275.47
2027663,20276.63
2027775,20277.75
2027883,20278.83
2027998,20279.98
2028115,20281.15
2028227,20282.27
2028330,20283.3
2028423,20284.23
2028518,20285.18
2028632,20286.32
2028746,20287.46
2028846,20288.46
2028937,20289.37
2029031,20290.31
2029120,20291.2
2029210,20292.1
2029304,20293.04
2029395,20293.95
2029486,20294.86
2029586,20295.86
2029692,20296.92
2029791,20297.91
2029887,20298.87
2029989,20299.89
2030098,20300.98
2030208,20302.08
2030316,20303.16
2030418,20304.18
2030516,20305.16
2030621,20306.21
2030734,20307.34
2030844,20308.44
2030952,20309.52
2031058,20310.58
2031165,20311.65
2031283,20312.83
2031392,20313.92
2031499,20314.99
2031610,20316.1
2031724,20317.24
2031833,20318.33
2031937,20319.37
2032040,20320.4
2032150,20321.5
2032258,20322.58
2032359,20323.59
2032465,20324.65
2032577,20325.77
2032690,20326.9
2032797,20327.97
2032901,20329.01
2033009,20330.09
2033114,20331.14
2033207,20332.07
2033295,20332.95
2033383,20333.83
2033477,20334.77
2033580,20335.8
2033696,20336.96
2033808,20338.08
2033912,20339.12
2034011,20340.11
2034113,20341.13
2034214,20342.14
2034311,20343.11
2034401,20344.01
2034493,20344.93
2034579,20345.79
2034662,20346.62
2034740,20347.4
2034818,20348.18
2034895,20348.95
2034972,20349.72
2035050,20350.5
2035130,20351.3
2035208,20352.08
2035286,20352.86
2035364,20353.64
2035440,20354.4
2035518,20355.18
2035596,20355.96
2035684,20356.84
2035786,20357.86
2035886,20358.86
2035990,20359.9
2036095,20360.95
2036198,20361.98
2036297,20362.97
2036400,20364.0
2036511,20365.11
2036624,20366.24
2036735,20367.35
2036848,20368.48
2036955,20369.55
2037063,20370.63
2037176,20371.76
2037293,20372.93
2037405,20374.05
2037517,20375.17
2037618,20376.18
2037721,20377.21
2037834,20378.34
2037947,20379.47
2038058,20380.58
2038173,20381.73
2038287,20382.87
2038400,20384.0
2038512,20385.12
2038625,20386.25
2038735,20387.35
2038845,20388.45
2038961,20389.61
2039075,20390.75
2039183,20391.83
2039290,20392.9
2039398,20393.98
2039513,20395.13
2039626,20396.26
2039735,20397.35
2039852,20398.52
2039967,20399.67
2040078,20400.78
2040191,20401.91
2040309,20403.09
2040419,20404.19
2040527,20405.27
2040640,20406.4
2040757,20407.57
2040871,20408.71
2040978,20409.78
2041087,20410.87
2041205,20412.05
2041321,20413.21
2041433,20414.33
2041543,20415.43
2041645,20416.45
2041748,20417.48
2041839,20418.39
2041924,20419.24
2042005,20420.05
2042081,20420.81
2042156,20421.56
2042231,20422.31
2042308,20423.08
2042389,20423.89
2042475,20424.75
2042564,20425.64
2042652,20426.52
2042739,20427.39
2042823,20428.23
2042917,20429.17
2043032,20430.32
2043142,20431.42
2043250,20432.5
2043356,20433.56
2043467,20434.67
2043582,20435.82
2043696,20436.96
2043806,20438.06
2043911,20439.11
2044023,20440.23
2044134,20441.34
2044245,20442.45
2044360,20443.6
2044473,20444.73
2044588,20445.88
2044702,20447.02
2044813,20448.13
2044922,20449.22
2045031,20450.31
2045145,20451.45
2045263,20452.63
2045381,20453.81
2045489,20454.89
2045583,20455.83
2045672,20456.72
2045760,20457.6
2045845,20458.45
2045928,20459.28
2045995,20459.95
2046063,20460.63
2046145,20461.45
2046224,20462.24
2046303,20463.03
2046380,20463.8
2046455,20464.55
2046532,20465.32
2046609,20466.09
2046686,20466.86
2046764,20467.64
2046844,20468.44
2046924,20469.24
2047007,20470.07
2047089,20470.89
2047174,20471.74
2047264,20472.64
2047356,20473.56
2047448,20474.48
2047543,20475.43
2047640,20476.4
2047739,20477.39
2047835,20478.35
2047935,20479.35
2048039,20480.39
2048146,20481.46
2048252,20482.52
2048357,20483.57
2048466,20484.66
2048581,20485.81
2048694,20486.94
2048808,20488.08
2048921,20489.21
2049031,20490.31
2049138,20491.38
2049246,20492.46
2049357,20493.57
2049468,20494.68
2049565,20495.65
2049662,20496.62
2049766,20497.66
2049875,20498.75
2049981,20499.81
2050072,20500.72
2050158,20501.58
2050240,20502.4
2050324,20503.24
2050418,20504.18
2050531,20505.31
2050640,20506.4
2050748,20507.48
2050862,20508.62
2050979,20509.79
2051099,20510.99
2051219,20512.19
2051334,20513.34
2051448,20514.48
2051567,20515.67
2051687,20516.87
2051804,20518.04
2051919,20519.19
2052026,20520.26
2052127,20521.27
2052228,20522.28
2052346,20523.46
2052465,20524.65
2052578,20525.78
2052685,20526.85
2052784,20527.84
2052885,20528.85
2052996,20529.96
2053112,20531.12
2053227,20532.27
2053335,20533.35
2053446,20534.46
2053561,20535.61
2053672,20536.72
2053777,20537.77
2053885,20538.85
2053997,20539.97
2054108,20541.08
2054215,20542.15
2054316,20543.16
2054408,20544.08
2054496,20544.96
2054586,20545.86
2054691,20546.91
2054801,20548.01
2054907,20549.07
2055016,20550.16
2055134,20551.34
2055250,20552.5
2055365,20553.65
2055473,20554.73
2055583,20555.83
2055690,20556.9
2055799,20557.99
2055908,20559.08
2056015,20560.15
2056121,20561.21
2056231,20562.31
2056342,20563.42
2056453,20564.53
2056562,20565.62
2056666,20566.66
2056766,20567.66
2056866,20568.66
2056972,20569.72
2057080,20570.8
2057191,20571.91
2057297,20572.97
2057398,20573.98
2057500,20575.0
2057606,20576.06
2057712,20577.12
2057819,20578.19
2057919,20579.19
2058014,20580.14
2058111,20581.11
2058211,20582.11
2058316,20583.16
2058419,20584.19
2058517,20585.17
2058607,20586.07
2058692,20586.92
2058778,20587.78
2058871,20588.71
2058974,20589.74
2059080,20590.8
2059192,20591.92
2059306,20593.06
2059423,20594.23
2059540,20595.4
2059654,20596.54
2059764,20597.64
2059878,20598.78
2059995,20599.95
2060110,20601.1
2060222,20602.22
2060332,20603.32
2060448,20604.48
2060562,20605.62
2060674,20606.74
2060784,20607.84
2060890,20608.9
2061005,20610.05
2061123,20611.23
2061236,20612.36
2061343,20613.43
2061446,20614.46
2061551,20615.51
2061661,20616.61
2061765,20617.65
2061861,20618.61
2061961,20619.61
2062059,20620.59
2062159,20621.59
2062258,20622.58
2062356,20623.56
2062468,20624.68
2062579,20625.79
2062691,20626.91
2062802,20628.02
2062908,20629.08
2063019,20630.19
2063135,20631.35
2063250,20632.5
2063357,20633.57
2063461,20634.61
2063570,20635.7
2063683,20636.83
2063792,20637.92
2063896,20638.96
2063996,20639.96
2064098,20640.98
2064201,20642.01
2064303,20643.03
2064405,20644.05
2064510,20645.1
2064618,20646.18
2064729,20647.29
2064834,20648.34
2064932,20649.32
2065037,20650.37
2065145,20651.45
2065248,20652.48
2065346,20653.46
2065450,20654.5
2065555,20655.55
2065663,20656.63
2065768,20657.68
2065867,20658.67
2065976,20659.76
2066088,20660.88
2066202,20662.02
2066313,20663.13
2066418,20664.18
2066526,20665.26
2066640,20666.4
2066751,20667.51
2066860,20668.6
2066963,20669.63
2067062,20670.62
2067163,20671.63
2067278,20672.78
2067394,20673.94
2067505,20675.05
2067612,20676.12
2067719,20677.19
2067830,20678.3
2067940,20679.4
2068050,20680.5
2068154,20681.54
2068253,20682.53
2068355,20683.55
2068468,20684.68
2068582,20685.82
2068693,20686.93
2068795,20687.95
2068893,20688.93
2069002,20690.02
2069114,20691.14
2069222,20692.22
2069327,20693.27
2069431,20694.31
2069539,20695.39
2069657,20696.57
2069770,20697.7
2069882,20698.82
2069994,20699.94
2070109,20701.09
2070224,20702.24
2070333,20703.33
2070439,20704.39
2070549,20705.49
2070665,20706.65
2070782,20707.82
2070894,20708.94
2071004,20710.04
2071109,20711.09
2071220,20712.2
2071336,20713.36
2071450,20714.5
2071563,20715.63
2071672,20716.72
2071780,20717.8
2071891,20718.91
2072002,20720.02
2072113,20721.13
2072216,20722.16
2072321,20723.21
2072421,20724.21
2072529,20725.29
2072635,20726.35
2072738,20727.38
2072841,20728.41
2072943,20729.43
2073037,20730.37
2073125,20731.25
2073209,20732.09
2073293,20732.93
2073382,20733.82
2073495,20734.95
2073602,20736.02
2073708,20737.08
2073819,20738.19
2073934,20739.34
2074050,20740.5
2074168,20741.68
2074281,20742.81
2074396,20743.96
2074511,20745.11
2074624,20746.24
2074735,20747.35
2074846,20748.46
2074957,20749.57
2075067,20750.67
2075173,20751.73
2075275,20752.75
2075379,20753.79
2075484,20754.84
2075589,20755.89
2075691,20756.91
2075794,20757.94
2075901,20759.01
2076010,20760.1
2076118,20761.18
2076223,20762.23
2076330,20763.3
2076441,20764.41
2076551,20765.51
2076656,20766.56
2076763,20767.63
2076872,20768.72
2076981,20769.81
2077086,20770.86
2077185,20771.85
2077276,20772.76
2077368,20773.68
2077470,20774.7
2077577,20775.77
2077683,20776.83
2077787,20777.87
2077894,20778.94
2078005,20780.05
2078116,20781.16
2078221,20782.21
2078328,20783.28
2078434,20784.34
2078539,20785.39
2078641,20786.41
2078744,20787.44
2078847,20788.47
2078947,20789.47
2079043,20790.43
2079132,20791.32
2079217,20792.17
2079304,20793.04
2079388,20793.88
2079467,20794.67
2079541,20795.41
2079620,20796.2
2079699,20796.99
2079778,20797.78
2079854,20798.54
2079930,20799.3
2080004,20800.04
2080078,20800.78
2080152,20801.52
2080225,20802.25
2080296,20802.96
2080367,20803.67
2080439,20804.39
2080510,20805.1
2080581,20805.81
2080651,20806.51
2080721,20807.21
2080792,20807.92
2080862,20808.62
2080933,20809.33
2081005,20810.05
2081077,20810.77
2081152,20811.52
2081227,20812.27
2081303,20813.03
2081379,20813.79
2081456,20814.56
2081532,20815.32
2081608,20816.08
2081685,20816.85
2081761,20817.61
2081839,20818.39
2081919,20819.19
2082002,20820.02
2082085,20820.85
2082167,20821.67
2082251,20822.51
2082338,20823.38
2082426,20824.26
2082520,20825.2
2082616,20826.16
2082712,20827.12
2082812,20828.12
2082913,20829.13
2083012,20830.12
2083117,20831.17
2083224,20832.24
2083328,20833.28
2083434,20834.34
2083544,20835.44
2083655,20836.55
2083762,20837.62
2083871,20838.71
2083983,20839.83
2084096,20840.96
2084206,20842.06
2084317,20843.17
2084430,20844.3
2084542,20845.42
2084650,20846.5
2084761,20847.61
2084873,20848.73
2084982,20849.82
2085090,20850.9
2085199,20851.99
2085310,20853.1
2085418,20854.18
2085523,20855.23
2085630,20856.3
2085740,20857.4
2085849,20858.49
2085958,20859.58
2086069,20860.69
2086181,20861.81
2086295,20862.95
2086408,20864.08
2086525,20865.25
2086642,20866.42
2086758,20867.58
2086868,20868.68
2086978,20869.78
2087089,20870.89
2087201,20872.01
2087311,20873.11
2087420,20874.2
2087533,20875.33
2087649,20876.49
2087763,20877.63
2087878,20878.78
2087988,20879.88
2088098,20880.98
2088208,20882.08
2088317,20883.17
2088422,20884.22
2088532,20885.32
2088646,20886.46
2088759,20887.59
2088869,20888.69
2088976,20889.76
2089086,20890.86
2089200,20892.0
2089314,20893.14
2089425,20894.25
2089530,20895.3
2089636,20896.36
2089743,20897.43
2089853,20898.53
2089960,20899.6
2090068,20900.68
2090179,20901.79
2090293,20902.93
2090406,20904.06
2090515,20905.15
2090625,20906.25
2090736,20907.36
2090847,20908.47
2090956,20909.56
2091066,20910.66
2091180,20911.8
2091299,20912.99
2091417,20914.17
2091531,20915.31
2091644,20916.44
2091756,20917.56
2091870,20918.7
2091983,20919.83
2092093,20920.93
2092203,20922.03
2092315,20923.15
2092426,20924.26
2092538,20925.38
2092648,20926.48
2092757,20927.57
2092869,20928.69
2092981,20929.81
2093094,20930.94
2093203,20932.03
2093313,20933.13
2093422,20934.22
2093532,20935.32
2093639,20936.39
2093748,20937.48
2093859,20938.59
2093972,20939.72
2094082,20940.82
2094187,20941.87
2094295,20942.95
2094406,20944.06
2094520,20945.2
2094633,20946.33
2094743,20947.43
2094855,20948.55
2094967,20949.67
2095080,20950.8
2095193,20951.93
2095302,20953.02
2095415,20954.15
2095529,20955.29
2095642,20956.42
2095753,20957.53
2095862,20958.62
2095973,20959.73
2096087,20960.87
2096198,20961.98
2096309,20963.09
2096421,20964.21
2096534,20965.34
2096648,20966.48
2096760,20967.6
2096870,20968.7
2096980,20969.8
2097094,20970.94
2097207,20972.07
2097317,20973.17
2097422,20974.22
2097524,20975.24
2097626,20976.26
2097735,20977.35
2097840,20978.4
2097951,20979.51
2098069,20980.69
2098188,20981.88
2098309,20983.09
2098426,20984.26
2098544,20985.44
2098664,20986.64
2098783,20987.83
2098899,20988.99
2099011,20990.11
2099126,20991.26
2099242,20992.42
2099358,20993.58
2099471,20994.71
2099581,20995.81
2099695,20996.95
2099809,20998.09
2099924,20999.24
2100033,21000.33
2100145,21001.45
2100259,21002.59
2100375,21003.75
2100491,21004.91
2100603,21006.03
2100715,21007.15
2100828,21008.28
2100942,21009.42
2101053,21010.53
2101162,21011.62
2101271,21012.71
2101385,21013.85
2101498,21014.98
2101608,21016.08
2101719,21017.19
2101833,21018.33
2101948,21019.48
2102058,21020.58
2102169,21021.69
2102282,21022.82
2102395,21023.95
2102508,21025.08
2102616,21026.16
2102726,21027.26
2102838,21028.38
2102951,21029.51
2103061,21030.61
2103172,21031.72
2103285,21032.85
2103400,21034.0
2103514,21035.14
2103623,21036.23
2103733,21037.33
2103847,21038.47
2103964,21039.64
2104078,21040.78
2104190,21041.9
2104307,21043.07
2104426,21044.26
2104547,21045.47
2104666,21046.66
2104781,21047.81
2104896,21048.96
2105013,21050.13
2105131,21051.31
2105248,21052.48
2105360,21053.6
2105475,21054.75
2105591,21055.91
2105705,21057.05
2105815,21058.15
2105922,21059.22
2106031,21060.31
2106140,21061.4
2106247,21062.47
2106349,21063.49
2106452,21064.52
2106558,21065.58
2106662,21066.62
2106765,21067.65
2106871,21068.71
2106981,21069.81
2107091,21070.91
2107200,21072.0
2107308,21073.08
2107422,21074.22
2107538,21075.38
2107655,21076.55
2107766,21077.66
2107878,21078.78
2107994,21079.94
2108110,21081.1
2108225,21082.25
2108337,21083.37
2108453,21084.53
2108569,21085.69
2108683,21086.83
2108794,21087.94
2108903,21089.03
2109014,21090.14
2109126,21091.26
2109238,21092.38
2109346,21093.46
2109458,21094.58
2109571,21095.71
2109684,21096.84
2109793,21097.93
2109905,21099.05
2110018,21100.18
2110133,21101.33
2110248,21102.48
2110359,21103.59
2110475,21104.75
2110592,21105.92
2110707,21107.07
2110818,21108.18
2110931,21109.31
2111046,21110.46
2111161,21111.61
2111276,21112.76
2111391,21113.91
2111508,21115.08
2111624,21116.24
2111740,21117.4
2111852,21118.52
2111966,21119.66
2112083,21120.83
2112198,21121.98
2112312,21123.12
2112429,21124.29
2112545,21125.45
2112661,21126.61
2112773,21127.73
2112886,21128.86
2113000,21130.0
2113115,21131.15
2113226,21132.26
2113337,21133.37
2113451,21134.51
2113564,21135.64
2113676,21136.76
2113783,21137.83
2113893,21138.93
2114004,21140.04
2114114,21141.14
2114224,21142.24
2114333,21143.33
2114449,21144.49
2114568,21145.68
2114688,21146.88
2114805,21148.05
2114923,21149.23
2115043,21150.43
2115163,21151.63
2115280,21152.8
2115396,21153.96
2115514,21155.14
2115631,21156.31
2115746,21157.46
2115861,21158.61
2115978,21159.78
2116097,21160.97
2116212,21162.12
2116326,21163.26
2116440,21164.4
2116554,21165.54
2116669,21166.69
2116782,21167.82
2116901,21169.01
2117023,21170.23
2117143,21171.43
2117261,21172.61
2117382,21173.82
2117500,21175.0
2117616,21176.16
2117731,21177.31
2117848,21178.48
2117962,21179.62
2118070,21180.7
2118178,21181.78
2118287,21182.87
2118399,21183.99
2118512,21185.12
2118627,21186.27
2118740,21187.4
2118853,21188.53
2118969,21189.69
2119086,21190.86
2119205,21192.05
2119322,21193.22
2119435,21194.35
2119548,21195.48
2119663,21196.63
2119779,21197.79
2119893,21198.93
2120005,21200.05
2120119,21201.19
2120234,21202.34
2120350,21203.5
2120460,21204.6
2120572,21205.72
2120688,21206.88
2120804,21208.04
2120917,21209.17
2121028,21210.28
2121139,21211.39
2121252,21212.52
2121366,21213.66
2121479,21214.79
2121589,21215.89
2121703,21217.03
2121822,21218.22
2121937,21219.37
2122051,21220.51
2122168,21221.68
2122287,21222.87
2122405,21224.05
2122519,21225.19
2122634,21226.34
2122749,21227.49
2122866,21228.66
2122984,21229.84
2123098,21230.98
2123215,21232.15
2123334,21233.34
2123453,21234.53
2123569,21235.69
2123685,21236.85
2123803,21238.03
2123921,21239.21
2124036,21240.36
2124151,21241.51
2124269,21242.69
2124388,21243.88
2124502,21245.02
2124615,21246.15
2124732,21247.32
2124848,21248.48
2124963,21249.63
2125074,21250.74
2125187,21251.87
2125302,21253.02
2125419,21254.19
2125534,21255.34
2125647,21256.47
2125763,21257.63
2125881,21258.81
2125997,21259.97
2126108,21261.08
2126217,21262.17
2126327,21263.27
2126437,21264.37
2126546,21265.46
2126653,21266.53
2126759,21267.59
2126866,21268.66
2126971,21269.71
2127073,21270.73
2127180,21271.8
2127291,21272.91
2127402,21274.02
2127513,21275.13
2127628,21276.28
2127744,21277.44
2127857,21278.57
2127968,21279.68
2128080,21280.8
2128190,21281.9
2128303,21283.03
2128415,21284.15
2128530,21285.3
2128648,21286.48
2128764,21287.64
2128877,21288.77
2128989,21289.89
2129102,21291.02
2129214,21292.14
2129325,21293.25
2129431,21294.31
2129540,21295.4
2129654,21296.54
2129766,21297.66
2129877,21298.77
2129990,21299.9
2130105,21301.05
2130221,21302.21
2130334,21303.34
2130445,21304.45
2130557,21305.57
2130670,21306.7
2130784,21307.84
2130896,21308.96
2131008,21310.08
2131122,21311.22
2131237,21312.37
2131351,21313.51
2131462,21314.62
2131575,21315.75
2131690,21316.9
2131806,21318.06
2131921,21319.21
2132037,21320.37
2132154,21321.54
2132269,21322.69
2132383,21323.83
2132499,21324.99
2132616,21326.16
2132728,21327.28
2132841,21328.41
2132957,21329.57
2133073,21330.73
2133188,21331.88
2133300,21333.0
2133414,21334.14
2133530,21335.3
2133645,21336.45
2133759,21337.59
2133872,21338.72
2133986,21339.86
2134099,21340.99
2134210,21342.1
2134325,21343.25
2134439,21344.39
2134555,21345.55
2134670,21346.7
2134782,21347.82
2134896,21348.96
2135010,21350.1
2135124,21351.24
2135235,21352.35
2135351,21353.51
2135469,21354.69
2135586,21355.86
2135699,21356.99
2135814,21358.14
2135929,21359.29
2136044,21360.44
2136158,21361.58
2136273,21362.73
2136392,21363.92
2136510,21365.1
2136628,21366.28
2136741,21367.41
2136855,21368.55
2136969,21369.69
2137081,21370.81
2137187,21371.87
2137296,21372.96
2137407,21374.07
2137520,21375.2
2137635,21376.35
2137744,21377.44
2137853,21378.53
2137966,21379.66
2138078,21380.78
2138191,21381.91
2138298,21382.98
2138405,21384.05
2138514,21385.14
2138622,21386.22
2138725,21387.25
2138819,21388.19
2138912,21389.12
2139005,21390.05
2139111,21391.11
2139215,21392.15
2139322,21393.22
2139436,21394.36
2139552,21395.52
2139670,21396.7
2139794,21397.94
2139920,21399.2
2140044,21400.44
2140165,21401.65
2140289,21402.89
2140413,21404.13
2140533,21405.33
2140649,21406.49
2140754,21407.54
2140864,21408.64
2140971,21409.71
2141084,21410.84
2141196,21411.96
2141317,21413.17
2141439,21414.39
2141563,21415.63
2141683,21416.83
2141801,21418.01
2141920,21419.2
2142040,21420.4
2142158,21421.58
2142276,21422.76
2142396,21423.96
2142514,21425.14
2142629,21426.29
2142741,21427.41
2142854,21428.54
2142967,21429.67
2143079,21430.79
2143190,21431.9
2143304,21433.04
2143420,21434.2
2143536,21435.36
2143648,21436.48
2143761,21437.61
2143876,21438.76
2143994,21439.94
2144108,21441.08
2144220,21442.2
2144336,21443.36
2144451,21444.51
2144566,21445.66
2144677,21446.77
2144787,21447.87
2144900,21449.0
2145014,21450.14
2145126,21451.26
2145239,21452.39
2145356,21453.56
2145473,21454.73
2145587,21455.87
2145702,21457.02
2145819,21458.19
2145937,21459.37
2146052,21460.52
2146163,21461.63
2146277,21462.77
2146393,21463.93
2146508,21465.08
2146618,21466.18
2146731,21467.31
2146845,21468.45
2146960,21469.6
2147074,21470.74
2147184,21471.84
2147295,21472.95
2147408,21474.08
2147519,21475.19
2147628,21476.28
2147739,21477.39
2147855,21478.55
2147970,21479.7
2148081,21480.81
2148194,21481.94
2148307,21483.07
2148420,21484.2
2148535,21485.35
2148646,21486.46
2148758,21487.58
2148872,21488.72
2148987,21489.87
2149097,21490.97
2149209,21492.09
2149320,21493.2
2149433,21494.33
2149544,21495.44
2149652,21496.52
2149762,21497.62
2149877,21498.77
2149994,21499.94
2150110,21501.1
2150227,21502.27
2150346,21503.46
2150466,21504.66
2150582,21505.82
2150701,21507.01
2150821,21508.21
2150941,21509.41
2151056,21510.56
2151170,21511.7
2151286,21512.86
2151401,21514.01
2151510,21515.1
2151620,21516.2
2151731,21517.31
2151842,21518.42
2151952,21519.52
2152059,21520.59
2152170,21521.7
2152283,21522.83
2152397,21523.97
2152509,21525.09
2152623,21526.23
2152740,21527.4
2152855,21528.55
2152967,21529.67
2153081,21530.81
2153196,21531.96
2153310,21533.1
2153422,21534.22
2153536,21535.36
2153654,21536.54
2153771,21537.71
2153884,21538.84
2153994,21539.94
2154107,21541.07
2154223,21542.23
2154338,21543.38
2154452,21544.52
2154569,21545.69
2154685,21546.85
2154799,21547.99
2154911,21549.11
2155023,21550.23
2155139,21551.39
2155253,21552.53
2155364,21553.64
2155475,21554.75
2155587,21555.87
2155697,21556.97
2155805,21558.05
2155912,21559.12
2156023,21560.23
2156134,21561.34
2156243,21562.43
2156355,21563.55
2156468,21564.68
2156581,21565.81
2156691,21566.91
2156804,21568.04
2156921,21569.21
2157035,21570.35
2157149,21571.49
2157264,21572.64
2157381,21573.81
2157493,21574.93
2157604,21576.04
2157718,21577.18
2157835,21578.35
2157951,21579.51
2158065,21580.65
2158179,21581.79
2158294,21582.94
2158410,21584.1
2158525,21585.25
2158637,21586.37
2158751,21587.51
2158867,21588.67
2158981,21589.81
2159092,21590.92
2159204,21592.04
2159318,21593.18
2159433,21594.33
2159547,21595.47
2159658,21596.58
2159772,21597.72
2159887,21598.87
2160002,21600.02
2160116,21601.16
2160228,21602.28
2160344,21603.44
2160459,21604.59
2160576,21605.76
2160691,21606.91
2160799,21607.99
2160908,21609.08
2161022,21610.22
2161136,21611.36
2161244,21612.44
2161355,21613.55
2161466,21614.66
2161577,21615.77
2161678,21616.78
2161780,21617.8
2161886,21618.86
2161995,21619.95
2162110,21621.1
2162229,21622.29
2162347,21623.47
2162461,21624.61
2162575,21625.75
2162693,21626.93
2162811,21628.11
2162923,21629.23
2163038,21630.38
2163154,21631.54
2163270,21632.7
2163382,21633.82
2163497,21634.97
2163612,21636.12
2163724,21637.24
2163831,21638.31
2163940,21639.4
2164049,21640.49
2164160,21641.6
2164272,21642.72
2164380,21643.8
2164488,21644.88
2164599,21645.99
2164713,21647.13
2164825,21648.25
2164939,21649.39
2165055,21650.55
2165171,21651.71
2165284,21652.84
2165397,21653.97
2165515,21655.15
2165632,21656.32
2165748,21657.48
2165861,21658.61
2165975,21659.75
2166090,21660.9
2166204,21662.04
2166313,21663.13
2166422,21664.22
2166530,21665.3
2166640,21666.4
2166742,21667.42
2166846,21668.46
2166951,21669.51
2167060,21670.6
2167163,21671.63
2167267,21672.67
2167377,21673.77
2167489,21674.89
2167597,21675.97
2167713,21677.13
2167828,21678.28
2167944,21679.44
2168058,21680.58
2168172,21681.72
2168289,21682.89
2168408,21684.08
2168525,21685.25
2168638,21686.38
2168754,21687.54
2168872,21688.72
2168991,21689.91
2169106,21691.06
2169217,21692.17
2169330,21693.3
2169444,21694.44
2169559,21695.59
2169673,21696.73
2169786,21697.86
2169901,21699.01
2170016,21700.16
2170132,21701.32
2170245,21702.45
2170356,21703.56
2170470,21704.7
2170584,21705.84
2170696,21706.96
2170803,21708.03
2170915,21709.15
2171030,21710.3
2171140,21711.4
2171247,21712.47
2171357,21713.57
2171470,21714.7
2171576,21715.76
2171683,21716.83
2171796,21717.96
2171910,21719.1
2172021,21720.21
2172127,21721.27
2172239,21722.39
2172352,21723.52
2172465,21724.65
2172574,21725.74
2172683,21726.83
2172794,21727.94
2172907,21729.07
2173017,21730.17
2173128,21731.28
2173238,21732.38
2173348,21733.48
2173459,21734.59
2173569,21735.69
2173682,21736.82
2173798,21737.98
2173915,21739.15
2174030,21740.3
2174148,21741.48
2174266,21742.66
2174383,21743.83
2174497,21744.97
2174614,21746.14
2174731,21747.31
2174849,21748.49
2174963,21749.63
2175075,21750.75
2175187,21751.87
2175300,21753.0
2175410,21754.1
2175522,21755.22
2175636,21756.36
2175749,21757.49
2175860,21758.6
2175973,21759.73
2176087,21760.87
2176200,21762.0
2176309,21763.09
2176420,21764.2
2176531,21765.31
2176643,21766.43
2176753,21767.53
2176862,21768.62
2176972,21769.72
2177083,21770.83
2177192,21771.92
2177298,21772.98
2177408,21774.08
2177521,21775.21
2177635,21776.35
2177749,21777.49
2177859,21778.59
2177972,21779.72
2178086,21780.86
2178198,21781.98
2178307,21783.07
2178416,21784.16
2178527,21785.27
2178641,21786.41
2178753,21787.53
2178864,21788.64
2178978,21789.78
2179091,21790.91
2179204,21792.04
2179312,21793.12
2179423,21794.23
2179535,21795.35
2179645,21796.45
2179755,21797.55
2179864,21798.64
2179976,21799.76
2180089,21800.89
2180202,21802.02
2180315,21803.15
2180426,21804.26
2180536,21805.36
2180644,21806.44
2180751,21807.51
2180855,21808.55
2180955,21809.55
2181052,21810.52
2181154,21811.54
2181263,21812.63
2181369,21813.69
2181475,21814.75
2181591,21815.91
2181709,21817.09
2181827,21818.27
2181941,21819.41
2182058,21820.58
2182176,21821.76
2182295,21822.95
2182411,21824.11
2182527,21825.27
2182645,21826.45
2182763,21827.63
2182876,21828.76
2182987,21829.87
2183085,21830.85
2183184,21831.84
2183287,21832.87
2183395,21833.95
2183512,21835.12
2183631,21836.31
2183749,21837.49
2183865,21838.65
2183982,21839.82
2184101,21841.01
2184218,21842.18
2184330,21843.3
2184444,21844.44
2184560,21845.6
2184675,21846.75
2184787,21847.87
2184894,21848.94
2185006,21850.06
2185120,21851.2
2185226,21852.26
2185331,21853.31
2185442,21854.42
2185553,21855.53
2185662,21856.62
2185772,21857.72
2185883,21858.83
2185993,21859.93
2186100,21861.0
2186202,21862.02
2186307,21863.07
2186417,21864.17
2186526,21865.26
2186634,21866.34
2186748,21867.48
2186863,21868.63
2186975,21869.75
2187082,21870.82
2187194,21871.94
2187308,21873.08
2187420,21874.2
2187529,21875.29
2187636,21876.36
2187750,21877.5
2187868,21878.68
2187981,21879.81
2188090,21880.9
2188208,21882.08
2188324,21883.24
2188436,21884.36
2188545,21885.45
2188659,21886.59
2188775,21887.75
2188886,21888.86
2188998,21889.98
2189111,21891.11
2189224,21892.24
2189334,21893.34
2189441,21894.41
2189555,21895.55
2189668,21896.68
2189779,21897.79
2189887,21898.87
2189994,21899.94
2190104,21901.04
2190210,21902.1
2190311,21903.11
2190418,21904.18
2190533,21905.33
2190645,21906.45
2190752,21907.52
2190866,21908.66
2190981,21909.81
2191095,21910.95
2191202,21912.02
2191315,21913.15
2191431,21914.31
2191546,21915.46
2191658,21916.58
2191773,21917.73
2191885,21918.85
2191993,21919.93
2192100,21921.0
2192215,21922.15
2192330,21923.3
2192443,21924.43
2192555,21925.55
2192670,21926.7
2192785,21927.85
2192897,21928.97
2193005,21930.05
2193116,21931.16
2193228,21932.28
2193339,21933.39
2193446,21934.46
2193547,21935.47
2193647,21936.47
2193752,21937.52
2193861,21938.61
2193970,21939.7
2194080,21940.8
2194193,21941.93
2194305,21943.05
2194415,21944.15
2194518,21945.18
2194622,21946.22
2194730,21947.3
2194841,21948.41
2194948,21949.48
2195060,21950.6
2195175,21951.75
2195287,21952.87
2195394,21953.94
2195503,21955.03
2195616,21956.16
2195726,21957.26
2195830,21958.3
2195934,21959.34
2196041,21960.41
2196154,21961.54
2196263,21962.63
2196377,21963.77
2196492,21964.92
2196610,21966.1
2196724,21967.24
2196837,21968.37
2196955,21969.55
2197073,21970.73
2197189,21971.89
2197300,21973.0
2197412,21974.12
2197523,21975.23
2197631,21976.31
2197741,21977.41
2197852,21978.52
2197964,21979.64
2198075,21980.75
2198187,21981.87
2198300,21983.0
2198413,21984.13
2198525,21985.25
2198634,21986.34
2198745,21987.45
2198855,21988.55
2198963,21989.63
2199070,21990.7
2199177,21991.77
2199285,21992.85
2199393,21993.93
2199502,21995.02
2199609,21996.09
2199719,21997.19
2199830,21998.3
2199943,21999.43
2200052,22000.52
2200163,22001.63
2200274,22002.74
2200388,22003.88
2200498,22004.98
2200607,22006.07
2200720,22007.2
2200833,22008.33
2200943,22009.43
2201051,22010.51
2201160,22011.6
2201272,22012.72
2201384,22013.84
2201492,22014.92
2201603,22016.03
2201713,22017.13
2201823,22018.23
2201931,22019.31
2202040,22020.4
2202150,22021.5
2202263,22022.63
2202376,22023.76
2202489,22024.89
2202603,22026.03
2202714,22027.14
2202824,22028.24
2202936,22029.36
2203048,22030.48
2203159,22031.59
2203267,22032.67
2203376,22033.76
2203486,22034.86
2203598,22035.98
2203707,22037.07
2203817,22038.17
2203930,22039.3
2204042,22040.42
2204152,22041.52
2204260,22042.6
2204371,22043.71
2204481,22044.81
2204587,22045.87
2204691,22046.91
2204797,22047.97
2204904,22049.04
2205011,22050.11
2205114,22051.14
2205218,22052.18
2205325,22053.25
2205434,22054.34
2205540,22055.4
2205647,22056.47
2205762,22057.62
2205876,22058.76
2205987,22059.87
2206101,22061.01
2206216,22062.16
2206330,22063.3
2206442,22064.42
2206552,22065.52
2206667,22066.67
2206782,22067.82
2206895,22068.95
2207005,22070.05
2207116,22071.16
2207227,22072.27
2207337,22073.37
2207445,22074.45
2207553,22075.53
2207662,22076.62
2207772,22077.72
2207880,22078.8
2207988,22079.88
2208097,22080.97
2208210,22082.1
2208321,22083.21
2208430,22084.3
2208542,22085.42
2208657,22086.57
2208770,22087.7
2208881,22088.81
2208996,22089.96
2209108,22091.08
2209219,22092.19
2209329,22093.29
2209441,22094.41
2209553,22095.53
2209661,22096.61
2209769,22097.69
2209876,22098.76
2209982,22099.82
2210083,22100.83
2210186,22101.86
2210296,22102.96
2210406,22104.06
2210514,22105.14
2210622,22106.22
2210731,22107.31
2210841,22108.41
2210952,22109.52
2211058,22110.58
2211164,22111.64
2211272,22112.72
2211382,22113.82
2211491,22114.91
2211597,22115.97
2211706,22117.06
2211816,22118.16
2211925,22119.25
2212031,22120.31
2212137,22121.37
2212245,22122.45
2212355,22123.55
2212462,22124.62
2212572,22125.72
2212684,22126.84
2212795,22127.95
2212904,22129.04
2213010,22130.1
2213116,22131.16
2213228,22132.28
2213336,22133.36
2213443,22134.43
2213553,22135.53
2213666,22136.66
2213778,22137.78
2213888,22138.88
2214002,22140.02
2214117,22141.17
2214228,22142.28
2214338,22143.38
2214450,22144.5
2214562,22145.62
2214672,22146.72
2214780,22147.8
2214890,22148.9
2215000,22150.0
2215108,22151.08
2215213,22152.13
2215319,22153.19
2215430,22154.3
2215540,22155.4
2215648,22156.48
2215753,22157.53
2215863,22158.63
2215974,22159.74
2216083,22160.83
2216191,22161.91
2216300,22163.0
2216410,22164.1
2216520,22165.2
2216627,22166.27
2216738,22167.38
2216851,22168.51
2216963,22169.63
2217071,22170.71
2217178,22171.78
2217287,22172.87
2217401,22174.01
2217508,22175.08
2217620,22176.2
2217732,22177.32
2217845,22178.45
2217958,22179.58
2218066,22180.66
2218177,22181.77
2218290,22182.9
2218403,22184.03
2218512,22185.12
2218617,22186.17
2218720,22187.2
2218827,22188.27
2218932,22189.32
2219039,22190.39
2219153,22191.53
2219266,22192.66
2219377,22193.77
2219486,22194.86
2219600,22196.0
2219716,22197.16
2219830,22198.3
2219942,22199.42
2220057,22200.57
2220174,22201.74
2220289,22202.89
2220398,22203.98
2220510,22205.1
2220620,22206.2
2220728,22207.28
2220832,22208.32
2220940,22209.4
2221050,22210.5
2221160,22211.6
2221267,22212.67
2221374,22213.74
2221483,22214.83
2221590,22215.9
2221693,22216.93
2221793,22217.93
2221896,22218.96
2221999,22219.99
2222099,22220.99
2222204,22222.04
2222319,22223.19
2222435,22224.35
2222547,22225.47
2222659,22226.59
2222774,22227.74
2222887,22228.87
2222999,22229.99
2223107,22231.07
2223217,22232.17
2223328,22233.28
2223437,22234.37
2223542,22235.42
2223650,22236.5
2223762,22237.62
2223872,22238.72
2223982,22239.82
2224094,22240.94
2224206,22242.06
2224317,22243.17
2224427,22244.27
2224540,22245.4
2224653,22246.53
2224766,22247.66
2224873,22248.73
2224977,22249.77
2225088,22250.88
2225194,22251.94
2225300,22253.0
2225403,22254.03
2225502,22255.02
2225598,22255.98
2225692,22256.92
2225795,22257.95
2225905,22259.05
2226009,22260.09
2226108,22261.08
2226207,22262.07
2226310,22263.1
2226417,22264.17
2226524,22265.24
2226639,22266.39
2226756,22267.56
2226873,22268.73
2226988,22269.88
2227102,22271.02
2227218,22272.18
2227334,22273.34
2227449,22274.49
2227562,22275.62
2227677,22276.77
2227790,22277.9
2227900,22279.0
2228007,22280.07
2228119,22281.19
2228231,22282.31
2228341,22283.41
2228449,22284.49
2228561,22285.61
2228673,22286.73
2228784,22287.84
2228892,22288.92
2229002,22290.02
2229113,22291.13
2229222,22292.22
2229322,22293.22
2229416,22294.16
2229514,22295.14
2229620,22296.2
2229726,22297.26
2229829,22298.29
2229941,22299.41
2230057,22300.57
2230169,22301.69
2230276,22302.76
2230388,22303.88
2230501,22305.01
2230608,22306.08
2230713,22307.13
2230823,22308.23
2230934,22309.34
2231044,22310.44
2231152,22311.52
2231262,22312.62
2231372,22313.72
2231479,22314.79
2231584,22315.84
2231691,22316.91
2231806,22318.06
2231921,22319.21
2232030,22320.3
2232133,22321.33
2232242,22322.42
2232355,22323.55
2232467,22324.67
2232574,22325.74
2232676,22326.76
2232787,22327.87
2232900,22329.0
2233013,22330.13
2233116,22331.16
2233221,22332.21
2233333,22333.33
2233444,22334.44
2233551,22335.51
2233659,22336.59
2233773,22337.73
2233886,22338.86
2233997,22339.97
2234107,22341.07
2234220,22342.2
2234333,22343.33
2234443,22344.43
2234554,22345.54
2234666,22346.66
2234776,22347.76
2234885,22348.85
2234997,22349.97
2235109,22351.09
2235221,22352.21
2235332,22353.32
2235445,22354.45
2235558,22355.58
2235669,22356.69
2235781,22357.81
2235894,22358.94
2236006,22360.06
2236115,22361.15
2236224,22362.24
2236335,22363.35
2236445,22364.45
2236554,22365.54
2236666,22366.66
2236778,22367.78
2236886,22368.86
2236993,22369.93
2237102,22371.02
2237211,22372.11
2237318,22373.18
2237422,22374.22
2237524,22375.24
2237630,22376.3
2237735,22377.35
2237842,22378.42
2237953,22379.53
2238069,22380.69
2238182,22381.82
2238293,22382.93
2238406,22384.06
2238521,22385.21
2238633,22386.33
2238745,22387.45
2238860,22388.6
2238973,22389.73
2239085,22390.85
2239194,22391.94
2239303,22393.03
2239411,22394.11
2239521,22395.21
2239629,22396.29
2239737,22397.37
2239847,22398.47
2239959,22399.59
2240072,22400.72
2240181,22401.81
2240293,22402.93
2240404,22404.04
2240515,22405.15
2240623,22406.23
2240728,22407.28
2240834,22408.34
2240941,22409.41
2241047,22410.47
2241147,22411.47
2241251,22412.51
2241360,22413.6
2241469,22414.69
2241574,22415.74
2241680,22416.8
2241789,22417.89
2241899,22418.99
2242007,22420.07
2242117,22421.17
2242228,22422.28
2242338,22423.38
2242445,22424.45
2242553,22425.53
2242661,22426.61
2242772,22427.72
2242884,22428.84
2242994,22429.94
2243106,22431.06
2243220,22432.2
2243330,22433.3
2243441,22434.41
2243552,22435.52
2243663,22436.63
2243773,22437.73
2243881,22438.81
2243991,22439.91
2244103,22441.03
2244209,22442.09
2244316,22443.16
2244424,22444.24
2244534,22445.34
2244643,22446.43
2244750,22447.5
2244859,22448.59
2244967,22449.67
2245073,22450.73
2245176,22451.76
2245281,22452.81
2245387,22453.87
2245492,22454.92
2245595,22455.95
2245700,22457.0
2245805,22458.05
2245908,22459.08
2246010,22460.1
2246112,22461.12
2246221,22462.21
2246336,22463.36
2246450,22464.5
2246562,22465.62
2246676,22466.76
2246791,22467.91
2246907,22469.07
2247016,22470.16
2247127,22471.27
2247236,22472.36
2247345,22473.45
2247453,22474.53
2247559,22475.59
2247665,22476.65
2247773,22477.73
2247881,22478.81
2247988,22479.88
2248096,22480.96
2248205,22482.05
2248313,22483.13
2248420,22484.2
2248528,22485.28
2248636,22486.36
2248743,22487.43
2248848,22488.48
2248955,22489.55
2249063,22490.63
2249170,22491.7
2249274,22492.74
2249378,22493.78
2249486,22494.86
2249598,22495.98
2249709,22497.09
2249818,22498.18
2249931,22499.31
2250044,22500.44
2250156,22501.56
2250261,22502.61
2250357,22503.57
2250451,22504.51
2250551,22505.51
2250654,22506.54
2250770,22507.7
2250888,22508.88
2251004,22510.04
2251117,22511.17
2251234,22512.34
2251350,22513.5
2251465,22514.65
2251574,22515.74
2251688,22516.88
2251802,22518.02
2251916,22519.16
2252026,22520.26
2252138,22521.38
2252249,22522.49
2252357,22523.57
2252456,22524.56
2252559,22525.59
2252668,22526.68
2252776,22527.76
2252881,22528.81
2252984,22529.84
2253092,22530.92
2253202,22532.02
2253312,22533.12
2253414,22534.14
2253524,22535.24
2253634,22536.34
2253743,22537.43
2253848,22538.48
2253957,22539.57
2254067,22540.67
2254174,22541.74
2254274,22542.74
2254373,22543.73
2254469,22544.69
2254557,22545.57
2254660,22546.6
2254778,22547.78
2254895,22548.95
2255008,22550.08
2255127,22551.27
2255242,22552.42
2255348,22553.48
2255457,22554.57
2255566,22555.66
2255669,22556.69
2255771,22557.71
2255885,22558.85
2256000,22560.0
2256108,22561.08
2256217,22562.17
2256332,22563.32
2256445,22564.45
2256552,22565.52
2256654,22566.54
2256761,22567.61
2256873,22568.73
2256985,22569.85
2257091,22570.91
2257198,22571.98
2257314,22573.14
2257428,22574.28
2257540,22575.4
2257650,22576.5
2257764,22577.64
2257876,22578.76
2257983,22579.83
2258087,22580.87
2258195,22581.95
2258301,22583.01
2258402,22584.02
2258508,22585.08
2258619,22586.19
2258727,22587.27
2258832,22588.32
2258942,22589.42
2259055,22590.55
2259167,22591.67
2259272,22592.72
2259382,22593.82
2259496,22594.96
2259605,22596.05
2259708,22597.08
2259809,22598.09
2259917,22599.17
2260031,22600.31
2260143,22601.43
2260253,22602.53
2260373,22603.73
2260490,22604.9
2260604,22606.04
2260718,22607.18
2260835,22608.35
2260951,22609.51
2261064,22610.64
2261175,22611.75
2261285,22612.85
2261399,22613.99
2261509,22615.09
2261613,22616.13
2261727,22617.27
2261839,22618.39
2261948,22619.48
2262052,22620.52
2262160,22621.6
2262268,22622.68
2262369,22623.69
2262467,22624.67
2262573,22625.73
2262686,22626.86
2262794,22627.94
2262897,22628.97
2263008,22630.08
2263116,22631.16
2263222,22632.22
2263321,22633.21
2263421,22634.21
2263528,22635.28
2263635,22636.35
2263742,22637.42
2263844,22638.44
2263941,22639.41
2264042,22640.42
2264148,22641.48
2264248,22642.48
2264340,22643.4
2264442,22644.42
2264552,22645.52
2264664,22646.64
2264770,22647.7
2264879,22648.79
2264995,22649.95
2265109,22651.09
2265219,22652.19
2265332,22653.32
2265439,22654.39
2265545,22655.45
2265644,22656.44
2265749,22657.49
2265860,22658.6
2265969,22659.69
2266075,22660.75
2266181,22661.81
2266291,22662.91
2266400,22664.0
2266503,22665.03
2266606,22666.06
2266716,22667.16
2266829,22668.29
2266939,22669.39
2267051,22670.51
2267164,22671.64
2267274,22672.74
2267381,22673.81
2267489,22674.89
2267599,22675.99
2267710,22677.1
2267819,22678.19
2267927,22679.27
2268040,22680.4
2268155,22681.55
2268266,22682.66
2268376,22683.76
2268485,22684.85
2268591,22685.91
2268690,22686.9
2268793,22687.93
2268900,22689.0
2269008,22690.08
2269115,22691.15
2269217,22692.17
2269314,22693.14
2269419,22694.19
2269526,22695.26
2269632,22696.32
2269733,22697.33
2269835,22698.35
2269940,22699.4
2270044,22700.44
2270144,22701.44
2270246,22702.46
2270355,22703.55
2270468,22704.68
2270573,22705.73
2270681,22706.81
2270792,22707.92
2270901,22709.01
2271002,22710.02
2271114,22711.14
2271226,22712.26
2271336,22713.36
2271443,22714.43
2271543,22715.43
2271644,22716.44
2271757,22717.57
2271869,22718.69
2271974,22719.74
2272080,22720.8
2272194,22721.94
2272307,22723.07
2272415,22724.15
2272527,22725.27
2272639,22726.39
2272753,22727.53
2272862,22728.62
2272972,22729.72
2273082,22730.82
2273192,22731.92
2273295,22732.95
2273400,22734.0
2273500,22735.0
2273608,22736.08
2273720,22737.2
2273829,22738.29
2273931,22739.31
2274038,22740.38
2274151,22741.51
2274262,22742.62
2274359,22743.59
2274450,22744.5
2274539,22745.39
2274633,22746.33
2274727,22747.27
2274819,22748.19
2274917,22749.17
2275020,22750.2
2275117,22751.17
2275214,22752.14
2275314,22753.14
2275412,22754.12
2275506,22755.06
2275603,22756.03
2275701,22757.01
2275794,22757.94
2275887,22758.87
2275983,22759.83
2276088,22760.88
2276200,22762.0
2276295,22762.95
2276385,22763.85
2276468,22764.68
2276548,22765.48
2276625,22766.25
2276701,22767.01
2276775,22767.75
2276849,22768.49
2276922,22769.22
2276995,22769.95
2277067,22770.67
2277138,22771.38
2277209,22772.09
2277280,22772.8
2277350,22773.5
2277419,22774.19
2277487,22774.87
2277556,22775.56
2277624,22776.24
2277692,22776.92
2277760,22777.6
2277828,22778.28
2277896,22778.96
2277964,22779.64
2278032,22780.32
2278100,22781.0
2278169,22781.69
2278239,22782.39
2278312,22783.12
2278389,22783.89
2278475,22784.75
2278567,22785.67
2278662,22786.62
2278760,22787.6
2278858,22788.58
2278958,22789.58
2279052,22790.52
2279146,22791.46
2279247,22792.47
2279348,22793.48
2279448,22794.48
2279538,22795.38
2279630,22796.3
2279732,22797.32
2279840,22798.4
2279942,22799.42
2280058,22800.58
2280176,22801.76
2280298,22802.98
2280418,22804.18
2280536,22805.36
2280650,22806.5
2280769,22807.69
2280887,22808.87
2281004,22810.04
2281120,22811.2
2281233,22812.33
2281350,22813.5
2281471,22814.71
2281591,22815.91
2281708,22817.08
2281826,22818.26
2281939,22819.39
2282052,22820.52
2282161,22821.61
2282267,22822.67
2282379,22823.79
2282492,22824.92
2282604,22826.04
2282713,22827.13
2282828,22828.28
2282941,22829.41
2283052,22830.52
2283161,22831.61
2283273,22832.73
2283384,22833.84
2283493,22834.93
2283598,22835.98
2283708,22837.08
2283820,22838.2
2283929,22839.29
2284036,22840.36
2284141,22841.41
2284245,22842.45
2284345,22843.45
2284440,22844.4
2284536,22845.36
2284641,22846.41
2284739,22847.39
2284844,22848.44
2284956,22849.56
2285071,22850.71
2285186,22851.86
2285307,22853.07
2285428,22854.28
2285549,22855.49
2285664,22856.64
2285778,22857.78
2285896,22858.96
2286012,22860.12
2286122,22861.22
2286228,22862.28
2286342,22863.42
2286456,22864.56
2286569,22865.69
2286681,22866.81
2286795,22867.95
2286909,22869.09
2287022,22870.22
2287130,22871.3
2287239,22872.39
2287348,22873.48
2287456,22874.56
2287559,22875.59
2287660,22876.6
2287767,22877.67
2287871,22878.71
2287977,22879.77
2288078,22880.78
2288185,22881.85
2288289,22882.89
2288392,22883.92
2288489,22884.89
2288596,22885.96
2288707,22887.07
2288823,22888.23
2288934,22889.34
2289049,22890.49
2289165,22891.65
2289280,22892.8
2289391,22893.91
2289499,22894.99
2289608,22896.08
2289717,22897.17
2289821,22898.21
2289923,22899.23
2290031,22900.31
2290140,22901.4
2290244,22902.44
2290346,22903.46
2290449,22904.49
2290559,22905.59
2290669,22906.69
2290778,22907.78
2290884,22908.84
2290992,22909.92
2291106,22911.06
2291217,22912.17
2291326,22913.26
2291434,22914.34
2291547,22915.47
2291660,22916.6
2291772,22917.72
2291882,22918.82
2291995,22919.95
2292107,22921.07
2292217,22922.17
2292324,22923.24
2292434,22924.34
2292544,22925.44
2292656,22926.56
2292763,22927.63
2292869,22928.69
2292977,22929.77
2293086,22930.86
2293193,22931.93
2293299,22932.99
2293406,22934.06
2293506,22935.06
2293601,22936.01
2293702,22937.02
2293810,22938.1
2293915,22939.15
2294016,22940.16
2294126,22941.26
2294240,22942.4
2294351,22943.51
2294456,22944.56
2294556,22945.56
2294661,22946.61
2294771,22947.71
2294879,22948.79
2294982,22949.82
2295092,22950.92
2295202,22952.02
2295311,22953.11
2295418,22954.18
2295520,22955.2
2295629,22956.29
2295740,22957.4
2295848,22958.48
2295951,22959.51
2296061,22960.61
2296173,22961.73
2296279,22962.79
2296382,22963.82
2296488,22964.88
2296599,22965.99
2296708,22967.08
2296810,22968.1
2296907,22969.07
2297009,22970.09
2297120,22971.2
2297229,22972.29
2297335,22973.35
2297446,22974.46
2297558,22975.58
2297670,22976.7
2297779,22977.79
2297891,22978.91
2298004,22980.04
2298113,22981.13
2298218,22982.18
2298321,22983.21
2298431,22984.31
2298540,22985.4
2298647,22986.47
2298758,22987.58
2298870,22988.7
2298981,22989.81
2299087,22990.87
2299198,22991.98
2299313,22993.13
2299427,22994.27
2299537,22995.37
2299644,22996.44
2299758,22997.58
2299870,22998.7
2299980,22999.8
2300084,23000.84
2300193,23001.93
2300304,23003.04
2300414,23004.14
2300519,23005.19
2300620,23006.2
2300728,23007.28
2300839,23008.39
2300947,23009.47
2301048,23010.48
2301152,23011.52
2301258,23012.58
2301362,23013.62
2301462,23014.62
2301560,23015.6
2301666,23016.66
2301773,23017.73
2301877,23018.77
2301976,23019.76
2302080,23020.8
2302181,23021.81
2302284,23022.84
2302385,23023.85
2302487,23024.87
2302599,23025.99
2302712,23027.12
2302825,23028.25
2302936,23029.36
2303051,23030.51
2303167,23031.67
2303282,23032.82
2303395,23033.95
2303509,23035.09
2303622,23036.22
2303734,23037.34
2303844,23038.44
2303954,23039.54
2304067,23040.67
2304178,23041.78
2304285,23042.85
2304393,23043.93
2304498,23044.98
2304603,23046.03
2304702,23047.02
2304800,23048.0
2304901,23049.01
2305007,23050.07
2305109,23051.09
2305209,23052.09
2305318,23053.18
2305427,23054.27
2305536,23055.36
2305644,23056.44
2305761,23057.61
2305876,23058.76
2305990,23059.9
2306099,23060.99
2306210,23062.1
2306323,23063.23
2306433,23064.33
2306536,23065.36
2306637,23066.37
2306744,23067.44
2306850,23068.5
2306950,23069.5
2307046,23070.46
2307145,23071.45
2307248,23072.48
2307354,23073.54
2307456,23074.56
2307564,23075.64
2307675,23076.75
2307782,23077.82
2307886,23078.86
2307993,23079.93
2308103,23081.03
2308209,23082.09
2308311,23083.11
2308413,23084.13
2308522,23085.22
2308630,23086.3
2308735,23087.35
2308843,23088.43
2308952,23089.52
2309061,23090.61
2309167,23091.67
2309280,23092.8
2309392,23093.92
2309501,23095.01
2309607,23096.07
2309714,23097.14
2309824,23098.24
2309932,23099.32
2310034,23100.34
2310139,23101.39
2310248,23102.48
2310358,23103.58
2310466,23104.66
2310576,23105.76
2310688,23106.88
2310800,23108.0
2310908,23109.08
2311012,23110.12
2311120,23111.2
2311230,23112.3
2311335,23113.35
2311437,23114.37
2311543,23115.43
2311651,23116.51
2311757,23117.57
2311859,23118.59
2311962,23119.62
2312068,23120.68
2312172,23121.72
2312272,23122.72
2312377,23123.77
2312482,23124.82
2312585,23125.85
2312687,23126.87
2312793,23127.93
2312901,23129.01
2313008,23130.08
2313111,23131.11
2313218,23132.18
2313325,23133.25
2313433,23134.33
2313537,23135.37
2313639,23136.39
2313749,23137.49
2313860,23138.6
2313964,23139.64
2314064,23140.64
2314167,23141.67
2314271,23142.71
2314375,23143.75
2314478,23144.78
2314583,23145.83
2314687,23146.87
2314792,23147.92
2314895,23148.95
2315002,23150.02
2315113,23151.13
2315223,23152.23
2315333,23153.33
2315436,23154.36
2315540,23155.4
2315648,23156.48
2315761,23157.61
2315872,23158.72
2315979,23159.79
2316084,23160.84
2316192,23161.92
2316298,23162.98
2316401,23164.01
2316499,23164.99
2316601,23166.01
2316706,23167.06
2316808,23168.08
2316909,23169.09
2317008,23170.08
2317111,23171.11
2317220,23172.2
2317325,23173.25
2317428,23174.28
2317538,23175.38
2317651,23176.51
2317762,23177.62
2317868,23178.68
2317971,23179.71
2318078,23180.78
2318185,23181.85
2318290,23182.9
2318393,23183.93
2318507,23185.07
2318621,23186.21
2318731,23187.31
2318835,23188.35
2318939,23189.39
2319049,23190.49
2319160,23191.6
2319269,23192.69
2319375,23193.75
2319487,23194.87
2319599,23195.99
2319706,23197.06
2319812,23198.12
2319924,23199.24
2320034,23200.34
2320142,23201.42
2320254,23202.54
2320363,23203.63
2320472,23204.72
2320577,23205.77
2320686,23206.86
2320795,23207.95
2320900,23209.0
2321005,23210.05
2321113,23211.13
2321219,23212.19
2321325,23213.25
2321430,23214.3
2321535,23215.35
2321639,23216.39
2321741,23217.41
2321840,23218.4
2321942,23219.42
2322049,23220.49
2322154,23221.54
2322252,23222.52
2322351,23223.51
2322454,23224.54
2322559,23225.59
2322657,23226.57
2322759,23227.59
2322870,23228.7
2322983,23229.83
2323093,23230.93
2323202,23232.02
2323316,23233.16
2323429,23234.29
2323541,23235.41
2323651,23236.51
2323763,23237.63
2323876,23238.76
2323987,23239.87
2324094,23240.94
2324202,23242.02
2324312,23243.12
2324416,23244.16
2324518,23245.18
2324623,23246.23
2324728,23247.28
2324831,23248.31
2324930,23249.3
2325035,23250.35
2325141,23251.41
2325246,23252.46
2325348,23253.48
2325450,23254.5
2325556,23255.56
2325660,23256.6
2325761,23257.61
2325863,23258.63
2325971,23259.71
2326083,23260.83
2326192,23261.92
2326296,23262.96
2326405,23264.05
2326515,23265.15
2326621,23266.21
2326725,23267.25
2326832,23268.32
2326942,23269.42
2327051,23270.51
2327155,23271.55
2327266,23272.66
2327376,23273.76
2327487,23274.87
2327596,23275.96
2327707,23277.07
2327818,23278.18
2327930,23279.3
2328038,23280.38
2328146,23281.46
2328254,23282.54
2328362,23283.62
2328467,23284.67
2328567,23285.67
2328674,23286.74
2328784,23287.84
2328890,23288.9
2328992,23289.92
2329097,23290.97
2329205,23292.05
2329314,23293.14
2329419,23294.19
2329525,23295.25
2329633,23296.33
2329741,23297.41
2329844,23298.44
2329945,23299.45
2330050,23300.5
2330154,23301.54
2330253,23302.53
2330354,23303.54
2330460,23304.6
2330564,23305.64
2330668,23306.68
2330774,23307.74
2330882,23308.82
2330991,23309.91
2331099,23310.99
2331209,23312.09
2331321,23313.21
2331431,23314.31
2331539,23315.39
2331649,23316.49
2331759,23317.59
2331868,23318.68
2331974,23319.74
2332081,23320.81
2332190,23321.9
2332297,23322.97
2332403,23324.03
2332511,23325.11
2332620,23326.2
2332726,23327.26
2332832,23328.32
2332932,23329.32
2333034,23330.34
2333140,23331.4
2333250,23332.5
2333351,23333.51
2333445,23334.45
2333542,23335.42
2333650,23336.5
2333760,23337.6
2333868,23338.68
2333978,23339.78
2334088,23340.88
2334196,23341.96
2334299,23342.99
2334404,23344.04
2334512,23345.12
2334620,23346.2
2334723,23347.23
2334826,23348.26
2334932,23349.32
2335042,23350.42
2335148,23351.48
2335252,23352.52
2335357,23353.57
2335464,23354.64
2335569,23355.69
2335675,23356.75
2335785,23357.85
2335892,23358.92
2335997,23359.97
2336104,23361.04
2336216,23362.16
2336324,23363.24
2336430,23364.3
2336538,23365.38
2336647,23366.47
2336757,23367.57
2336866,23368.66
2336975,23369.75
2337085,23370.85
2337195,23371.95
2337301,23373.01
2337404,23374.04
2337511,23375.11
2337616,23376.16
2337718,23377.18
2337826,23378.26
2337934,23379.34
2338042,23380.42
2338147,23381.47
2338255,23382.55
2338362,23383.62
2338465,23384.65
2338566,23385.66
2338668,23386.68
2338771,23387.71
2338870,23388.7
2338969,23389.69
2339075,23390.75
2339184,23391.84
2339288,23392.88
2339394,23393.94
2339502,23395.02
2339611,23396.11
2339715,23397.15
2339816,23398.16
2339918,23399.18
2340019,23400.19
2340119,23401.19
2340223,23402.23
2340330,23403.3
2340437,23404.37
2340543,23405.43
2340649,23406.49
2340762,23407.62
2340872,23408.72
2340977,23409.77
2341082,23410.82
2341187,23411.87
2341294,23412.94
2341396,23413.96
2341497,23414.97
2341605,23416.05
2341717,23417.17
2341828,23418.28
2341936,23419.36
2342045,23420.45
2342156,23421.56
2342266,23422.66
2342373,23423.73
2342484,23424.84
2342597,23425.97
2342708,23427.08
2342814,23428.14
2342917,23429.17
2343022,23430.22
2343125,23431.25
2343226,23432.26
2343326,23433.26
2343431,23434.31
2343540,23435.4
2343644,23436.44
2343748,23437.48
2343857,23438.57
2343967,23439.67
2344076,23440.76
2344181,23441.81
2344289,23442.89
2344398,23443.98
2344502,23445.02
2344602,23446.02
2344701,23447.01
2344805,23448.05
2344908,23449.08
2345005,23450.05
2345100,23451.0
2345199,23451.99
2345308,23453.08
2345415,23454.15
2345521,23455.21
2345632,23456.32
2345745,23457.45
2345852,23458.52
2345955,23459.55
2346060,23460.6
2346170,23461.7
2346282,23462.82
2346390,23463.9
2346500,23465.0
2346613,23466.13
2346726,23467.26
2346834,23468.34
2346941,23469.41
2347052,23470.52
2347165,23471.65
2347272,23472.72
2347375,23473.75
2347484,23474.84
2347597,23475.97
2347706,23477.06
2347808,23478.08
2347912,23479.12
2348017,23480.17
2348121,23481.21
2348223,23482.23
2348324,23483.24
2348429,23484.29
2348539,23485.39
2348649,23486.49
2348755,23487.55
2348859,23488.59
2348968,23489.68
2349075,23490.75
2349177,23491.77
2349280,23492.8
2349384,23493.84
2349485,23494.85
2349583,23495.83
2349678,23496.78
2349772,23497.72
2349872,23498.72
2349979,23499.79
2350087,23500.87
2350195,23501.95
2350304,23503.04
2350415,23504.15
2350522,23505.22
2350624,23506.24
2350727,23507.27
2350833,23508.33
2350941,23509.41
2351046,23510.46
2351151,23511.51
2351259,23512.59
2351369,23513.69
2351477,23514.77
2351583,23515.83
2351690,23516.9
2351799,23517.99
2351908,23519.08
2352013,23520.13
2352117,23521.17
2352224,23522.24
2352333,23523.33
2352440,23524.4
2352541,23525.41
2352643,23526.43
2352750,23527.5
2352856,23528.56
2352956,23529.56
2353057,23530.57
2353162,23531.62
2353268,23532.68
2353369,23533.69
2353471,23534.71
2353572,23535.72
2353671,23536.71
2353771,23537.71
2353878,23538.78
2353987,23539.87
2354092,23540.92
2354196,23541.96
2354301,23543.01
2354406,23544.06
2354511,23545.11
2354612,23546.12
2354719,23547.19
2354829,23548.29
2354940,23549.4
2355047,23550.47
2355154,23551.54
2355268,23552.68
2355380,23553.8
2355489,23554.89
2355594,23555.94
2355702,23557.02
2355806,23558.06
2355908,23559.08
2356006,23560.06
2356108,23561.08
2356212,23562.12
2356316,23563.16
2356417,23564.17
2356522,23565.22
2356632,23566.32
2356740,23567.4
2356844,23568.44
2356950,23569.5
2357060,23570.6
2357167,23571.67
2357271,23572.71
2357378,23573.78
2357486,23574.86
2357594,23575.94
2357698,23576.98
2357799,23577.99
2357904,23579.04
2358012,23580.12
2358119,23581.19
2358226,23582.26
2358337,23583.37
2358448,23584.48
2358553,23585.53
2358655,23586.55
2358761,23587.61
2358866,23588.66
2358968,23589.68
2359069,23590.69
2359172,23591.72
2359282,23592.82
2359389,23593.89
2359494,23594.94
2359602,23596.02
2359710,23597.1
2359819,23598.19
2359924,23599.24
2360031,23600.31
2360142,23601.42
2360251,23602.51
2360359,23603.59
2360463,23604.63
2360568,23605.68
2360676,23606.76
2360782,23607.82
2360884,23608.84
2360984,23609.84
2361093,23610.93
2361202,23612.02
2361308,23613.08
2361413,23614.13
2361522,23615.22
2361630,23616.3
2361736,23617.36
2361839,23618.39
2361945,23619.45
2362055,23620.55
2362165,23621.65
2362271,23622.71
2362380,23623.8
2362493,23624.93
2362604,23626.04
2362710,23627.1
2362813,23628.13
2362917,23629.17
2363019,23630.19
2363114,23631.14
2363206,23632.06
2363303,23633.03
2363406,23634.06
2363509,23635.09
2363610,23636.1
2363714,23637.14
2363822,23638.22
2363925,23639.25
2364027,23640.27
2364134,23641.34
2364242,23642.42
2364347,23643.47
2364451,23644.51
2364558,23645.58
2364664,23646.64
2364769,23647.69
2364874,23648.74
2364983,23649.83
2365094,23650.94
2365201,23652.01
2365306,23653.06
2365418,23654.18
2365528,23655.28
2365633,23656.33
2365737,23657.37
2365843,23658.43
2365947,23659.47
2366049,23660.49
2366139,23661.39
2366229,23662.29
2366313,23663.13
2366395,23663.95
2366479,23664.79
2366566,23665.66
2366660,23666.6
2366762,23667.62
2366858,23668.58
2366955,23669.55
2367055,23670.55
2367153,23671.53
2367248,23672.48
2367346,23673.46
2367445,23674.45
2367540,23675.4
2367637,23676.37
2367742,23677.42
2367854,23678.54
2367963,23679.63
2368070,23680.7
2368184,23681.84
2368299,23682.99
2368413,23684.13
2368523,23685.23
2368629,23686.29
2368735,23687.35
2368842,23688.42
2368940,23689.4
2369034,23690.34
2369121,23691.21
2369207,23692.07
2369295,23692.95
2369381,23693.81
2369467,23694.67
2369555,23695.55
2369646,23696.46
2369736,23697.36
2369826,23698.26
2369920,23699.2
2370019,23700.19
2370118,23701.18
2370219,23702.19
2370332,23703.32
2370444,23704.44
2370556,23705.56
2370666,23706.66
2370776,23707.76
2370882,23708.82
2370979,23709.79
2371070,23710.7
2371161,23711.61
2371253,23712.53
2371353,23713.53
2371458,23714.58
2371563,23715.63
2371673,23716.73
2371785,23717.85
2371898,23718.98
2372004,23720.04
2372108,23721.08
2372217,23722.17
2372326,23723.26
2372430,23724.3
2372528,23725.28
2372631,23726.31
2372736,23727.36
2372840,23728.4
2372944,23729.44
2373046,23730.46
2373144,23731.44
2373250,23732.5
2373359,23733.59
2373464,23734.64
2373569,23735.69
2373679,23736.79
2373781,23737.81
2373884,23738.84
2373987,23739.87
2374083,23740.83
2374172,23741.72
2374264,23742.64
2374359,23743.59
2374455,23744.55
2374547,23745.47
2374645,23746.45
2374749,23747.49
2374858,23748.58
2374966,23749.66
2375078,23750.78
2375194,23751.94
2375303,23753.03
2375397,23753.97
2375488,23754.88
2375578,23755.78
2375666,23756.66
2375759,23757.59
2375860,23758.6
2375967,23759.67
2376075,23760.75
2376181,23761.81
2376295,23762.95
2376408,23764.08
2376519,23765.19
2376629,23766.29
2376734,23767.34
2376841,23768.41
2376945,23769.45
2377042,23770.42
2377131,23771.31
2377220,23772.2
2377311,23773.11
2377402,23774.02
2377493,23774.93
2377589,23775.89
2377697,23776.97
2377808,23778.08
2377915,23779.15
2378025,23780.25
2378142,23781.42
2378259,23782.59
2378373,23783.73
2378483,23784.83
2378596,23785.96
2378712,23787.12
2378824,23788.24
2378933,23789.33
2379038,23790.38
2379145,23791.45
2379251,23792.51
2379356,23793.56
2379463,23794.63
2379564,23795.64
2379675,23796.75
2379785,23797.85
2379894,23798.94
2379996,23799.96
2380097,23800.97
2380202,23802.02
2380306,23803.06
2380408,23804.08
2380505,23805.05
2380612,23806.12
2380723,23807.23
2380832,23808.32
2380938,23809.38
2381039,23810.39
2381147,23811.47
2381259,23812.59
2381369,23813.69
2381475,23814.75
2381582,23815.82
2381693,23816.93
2381801,23818.01
2381907,23819.07
2382012,23820.12
2382120,23821.2
2382225,23822.25
2382330,23823.3
2382433,23824.33
2382534,23825.34
2382644,23826.44
2382753,23827.53
2382864,23828.64
2382971,23829.71
2383075,23830.75
2383186,23831.86
2383297,23832.97
2383409,23834.09
2383514,23835.14
2383617,23836.17
2383723,23837.23
2383829,23838.29
2383932,23839.32
2384033,23840.33
2384140,23841.4
2384249,23842.49
2384354,23843.54
2384457,23844.57
2384567,23845.67
2384677,23846.77
2384788,23847.88
2384897,23848.97
2384999,23849.99
2385102,23851.02
2385209,23852.09
2385314,23853.14
2385414,23854.14
2385513,23855.13
2385621,23856.21
2385729,23857.29
2385833,23858.33
2385931,23859.31
2386035,23860.35
2386143,23861.43
2386250,23862.5
2386354,23863.54
2386459,23864.59
2386562,23865.62
2386660,23866.6
2386770,23867.7
2386882,23868.82
2386991,23869.91
2387096,23870.96
2387205,23872.05
2387309,23873.09
2387416,23874.16
2387521,23875.21
2387623,23876.23
2387737,23877.37
2387851,23878.51
2387962,23879.62
2388071,23880.71
2388182,23881.82
2388293,23882.93
2388404,23884.04
2388513,23885.13
2388619,23886.19
2388722,23887.22
2388829,23888.29
2388935,23889.35
2389038,23890.38
2389139,23891.39
2389245,23892.45
2389350,23893.5
2389457,23894.57
2389563,23895.63
2389669,23896.69
2389776,23897.76
2389884,23898.84
2389987,23899.87
2390090,23900.9
2390189,23901.89
2390290,23902.9
2390390,23903.9
2390491,23904.91
2390602,23906.02
2390714,23907.14
2390825,23908.25
2390936,23909.36
2391050,23910.5
2391162,23911.62
2391274,23912.74
2391383,23913.83
2391490,23914.9
2391597,23915.97
2391701,23917.01
2391800,23918.0
2391901,23919.01
2392010,23920.1
2392121,23921.21
2392226,23922.26
2392331,23923.31
2392443,23924.43
2392555,23925.55
2392665,23926.65
2392776,23927.76
2392883,23928.83
2392990,23929.9
2393101,23931.01
2393212,23932.12
2393319,23933.19
2393424,23934.24
2393536,23935.36
2393650,23936.5
2393762,23937.62
2393869,23938.69
2393974,23939.74
2394083,23940.83
2394196,23941.96
2394308,23943.08
2394414,23944.14
2394522,23945.22
2394635,23946.35
2394745,23947.45
2394851,23948.51
2394952,23949.52
2395060,23950.6
2395168,23951.68
2395272,23952.72
2395372,23953.72
2395469,23954.69
2395569,23955.69
2395671,23956.71
2395775,23957.75
2395875,23958.75
2395976,23959.76
2396082,23960.82
2396185,23961.85
2396289,23962.89
2396394,23963.94
2396507,23965.07
2396615,23966.15
2396718,23967.18
2396818,23968.18
2396925,23969.25
2397043,23970.43
2397158,23971.58
2397275,23972.75
2397392,23973.92
2397508,23975.08
2397621,23976.21
2397729,23977.29
2397838,23978.38
2397950,23979.5
2398062,23980.62
2398174,23981.74
2398278,23982.78
2398378,23983.78
2398475,23984.75
2398567,23985.67
2398658,23986.58
2398754,23987.54
2398858,23988.58
2398965,23989.65
2399074,23990.74
2399191,23991.91
2399310,23993.1
2399424,23994.24
2399534,23995.34
2399650,23996.5
2399765,23997.65
2399876,23998.76
2399987,23999.87
2400099,24000.99
2400209,24002.09
2400320,24003.2
2400426,24004.26
2400540,24005.4
2400660,24006.6
2400775,24007.75
2400883,24008.83
2400987,24009.87
2401097,24010.97
2401205,24012.05
2401313,24013.13
2401417,24014.17
2401522,24015.22
2401632,24016.32
2401742,24017.42
2401848,24018.48
2401952,24019.52
2402063,24020.63
2402169,24021.69
2402275,24022.75
2402374,24023.74
2402466,24024.66
2402557,24025.57
2402646,24026.46
2402741,24027.41
2402843,24028.43
2402949,24029.49
2403063,24030.63
2403178,24031.78
2403290,24032.9
2403400,24034.0
2403515,24035.15
2403629,24036.29
2403741,24037.41
2403849,24038.49
2403956,24039.56
2404064,24040.64
2404171,24041.71
2404275,24042.75
2404375,24043.75
2404478,24044.78
2404585,24045.85
2404693,24046.93
2404796,24047.96
2404904,24049.04
2405012,24050.12
2405115,24051.15
2405216,24052.16
2405318,24053.18
2405423,24054.23
2405529,24055.29
2405628,24056.28
2405723,24057.23
2405825,24058.25
2405936,24059.36
2406043,24060.43
2406144,24061.44
2406255,24062.55
2406367,24063.67
2406476,24064.76
2406579,24065.79
2406682,24066.82
2406791,24067.91
2406902,24069.02
2407008,24070.08
2407110,24071.1
2407217,24072.17
2407324,24073.24
2407432,24074.32
2407536,24075.36
2407638,24076.38
2407743,24077.43
2407850,24078.5
2407956,24079.56
2408060,24080.6
2408166,24081.66
2408268,24082.68
2408373,24083.73
2408477,24084.77
2408586,24085.86
2408701,24087.01
2408811,24088.11
2408918,24089.18
2409029,24090.29
2409143,24091.43
2409252,24092.52
2409353,24093.53
2409460,24094.6
2409570,24095.7
2409672,24096.72
2409771,24097.71
2409863,24098.63
2409952,24099.52
2410042,24100.42
2410136,24101.36
2410232,24102.32
2410329,24103.29
2410431,24104.31
2410543,24105.43
2410661,24106.61
2410775,24107.75
2410887,24108.87
2410998,24109.98
2411109,24111.09
2411220,24112.2
2411333,24113.33
2411436,24114.36
2411535,24115.35
2411627,24116.27
2411720,24117.2
2411828,24118.28
2411936,24119.36
2412033,24120.33
2412123,24121.23
2412209,24122.09
2412293,24122.93
2412378,24123.78
2412472,24124.72
2412585,24125.85
2412699,24126.99
2412812,24128.12
2412922,24129.22
2413036,24130.36
2413150,24131.5
2413262,24132.62
2413372,24133.72
2413477,24134.77
2413577,24135.77
2413684,24136.84
2413794,24137.94
2413902,24139.02
2414005,24140.05
2414108,24141.08
2414209,24142.09
2414312,24143.12
2414415,24144.15
2414519,24145.19
2414619,24146.19
2414719,24147.19
2414821,24148.21
2414926,24149.26
2415025,24150.25
2415122,24151.22
2415227,24152.27
2415333,24153.33
2415432,24154.32
2415530,24155.3
2415634,24156.34
2415740,24157.4
2415846,24158.46
2415956,24159.56
2416064,24160.64
2416172,24161.72
2416277,24162.77
2416392,24163.92
2416499,24164.99
2416600,24166.0
2416702,24167.02
2416808,24168.08
2416910,24169.1
2417006,24170.06
2417109,24171.09
2417218,24172.18
2417328,24173.28
2417433,24174.33
2417544,24175.44
2417651,24176.51
2417754,24177.54
2417856,24178.56
2417960,24179.6
2418065,24180.65
2418167,24181.67
2418273,24182.73
2418382,24183.82
2418490,24184.9
2418593,24185.93
2418699,24186.99
2418806,24188.06
2418911,24189.11
2419018,24190.18
2419126,24191.26
2419228,24192.28
2419332,24193.32
2419435,24194.35
2419539,24195.39
2419642,24196.42
2419739,24197.39
2419837,24198.37
2419941,24199.41
2420049,24200.49
2420152,24201.52
2420254,24202.54
2420362,24203.62
2420469,24204.69
2420573,24205.73
2420684,24206.84
2420794,24207.94
2420906,24209.06
2421027,24210.27
2421141,24211.41
2421246,24212.46
2421360,24213.6
2421479,24214.79
2421589,24215.89
2421699,24216.99
2421813,24218.13
2421922,24219.22
2422034,24220.34
2422147,24221.47
2422251,24222.51
2422356,24223.56
2422468,24224.68
2422577,24225.77
2422685,24226.85
2422791,24227.91
2422894,24228.94
2422996,24229.96
2423108,24231.08
2423219,24232.19
2423324,24233.24
2423433,24234.33
2423546,24235.46
2423652,24236.52
2423753,24237.53
2423860,24238.6
2423969,24239.69
2424073,24240.73
2424171,24241.71
2424261,24242.61
2424354,24243.54
2424452,24244.52
2424554,24245.54
2424657,24246.57
2424750,24247.5
2424838,24248.38
2424924,24249.24
2425004,24250.04
2425081,24250.81
2425156,24251.56
2425232,24252.32
2425319,24253.19
2425422,24254.22
2425526,24255.26
2425633,24256.33
2425745,24257.45
2425857,24258.57
2425967,24259.67
2426073,24260.73
2426177,24261.77
2426280,24262.8
2426383,24263.83
2426496,24264.96
2426607,24266.07
2426713,24267.13
2426820,24268.2
2426930,24269.3
2427039,24270.39
2427147,24271.47
2427256,24272.56
2427366,24273.66
2427474,24274.74
2427581,24275.81
2427695,24276.95
2427807,24278.07
2427913,24279.13
2428023,24280.23
2428141,24281.41
2428250,24282.5
2428355,24283.55
2428463,24284.63
2428581,24285.81
2428691,24286.91
2428795,24287.95
2428899,24288.99
2429008,24290.08
2429113,24291.13
2429212,24292.12
2429320,24293.2
2429428,24294.28
2429533,24295.33
2429642,24296.42
2429749,24297.49
2429855,24298.55
2429956,24299.56
2430054,24300.54
2430155,24301.55
2430258,24302.58
2430358,24303.58
2430473,24304.73
2430582,24305.82
2430686,24306.86
2430790,24307.9
2430893,24308.93
2430997,24309.97
2431100,24311.0
2431203,24312.03
2431306,24313.06
2431412,24314.12
2431516,24315.16
2431624,24316.24
2431730,24317.3
2431831,24318.31
2431929,24319.29
2432026,24320.26
2432121,24321.21
2432212,24322.12
2432305,24323.05
2432402,24324.02
2432497,24324.97
2432587,24325.87
2432678,24326.78
2432772,24327.72
2432874,24328.74
2432972,24329.72
2433067,24330.67
2433155,24331.55
2433245,24332.45
2433339,24333.39
2433436,24334.36
2433533,24335.33
2433630,24336.3
2433725,24337.25
2433828,24338.28
2433933,24339.33
2434037,24340.37
2434137,24341.37
2434238,24342.38
2434340,24343.4
2434444,24344.44
2434548,24345.48
2434650,24346.5
2434752,24347.52
2434856,24348.56
2434962,24349.62
2435065,24350.65
2435165,24351.65
2435268,24352.68
2435372,24353.72
2435471,24354.71
2435569,24355.69
2435670,24356.7
2435778,24357.78
2435882,24358.82
2435988,24359.88
2436094,24360.94
2436201,24362.01
2436309,24363.09
2436414,24364.14
2436522,24365.22
2436627,24366.27
2436725,24367.25
2436827,24368.27
2436932,24369.32
2437031,24370.31
2437133,24371.33
2437237,24372.37
2437338,24373.38
2437447,24374.47
2437559,24375.59
2437670,24376.7
2437783,24377.83
2437892,24378.92
2437995,24379.95
2438094,24380.94
2438192,24381.92
2438296,24382.96
2438399,24383.99
2438497,24384.97
2438612,24386.12
2438727,24387.27
2438829,24388.29
2438925,24389.25
2439023,24390.23
2439124,24391.24
2439228,24392.28
2439334,24393.34
2439449,24394.49
2439564,24395.64
2439674,24396.74
2439777,24397.77
2439880,24398.8
2439986,24399.86
2440085,24400.85
2440180,24401.8
2440279,24402.79
2440382,24403.82
2440483,24404.83
2440580,24405.8
2440682,24406.82
2440784,24407.84
2440882,24408.82
2440978,24409.78
2441074,24410.74
2441171,24411.71
2441265,24412.65
2441358,24413.58
2441456,24414.56
2441553,24415.53
2441651,24416.51
2441746,24417.46
2441840,24418.4
2441938,24419.38
2442041,24420.41
2442140,24421.4
2442239,24422.39
2442339,24423.39
2442436,24424.36
2442532,24425.32
2442625,24426.25
2442721,24427.21
2442820,24428.2
2442920,24429.2
2443019,24430.19
2443115,24431.15
2443216,24432.16
2443321,24433.21
2443426,24434.26
2443523,24435.23
2443619,24436.19
2443716,24437.16
2443812,24438.12
2443909,24439.09
2444010,24440.1
2444113,24441.13
2444214,24442.14
2444315,24443.15
2444418,24444.18
2444519,24445.19
2444615,24446.15
2444707,24447.07
2444801,24448.01
2444896,24448.96
2444993,24449.93
2445088,24450.88
2445180,24451.8
2445273,24452.73
2445365,24453.65
2445458,24454.58
2445551,24455.51
2445641,24456.41
2445732,24457.32
2445820,24458.2
2445912,24459.12
2446008,24460.08
2446105,24461.05
2446201,24462.01
2446303,24463.03
2446407,24464.07
2446509,24465.09
2446608,24466.08
2446711,24467.11
2446817,24468.17
2446918,24469.18
2447020,24470.2
2447130,24471.3
2447240,24472.4
2447344,24473.44
2447449,24474.49
2447559,24475.59
2447661,24476.61
2447761,24477.61
2447862,24478.62
2447965,24479.65
2448066,24480.66
2448172,24481.72
2448281,24482.81
2448391,24483.91
2448489,24484.89
2448587,24485.87
2448677,24486.77
2448762,24487.62
2448843,24488.43
2448923,24489.23
2449002,24490.02
2449081,24490.81
2449158,24491.58
2449236,24492.36
2449313,24493.13
2449389,24493.89
2449465,24494.65
2449542,24495.42
2449620,24496.2
2449698,24496.98
2449778,24497.78
2449859,24498.59
2449944,24499.44
2450034,24500.34
2450128,24501.28
2450221,24502.21
2450314,24503.14
2450412,24504.12
2450513,24505.13
2450614,24506.14
2450718,24507.18
2450822,24508.22
2450924,24509.24
2451029,24510.29
2451138,24511.38
2451249,24512.49
2451358,24513.58
2451465,24514.65
2451574,24515.74
2451679,24516.79
2451783,24517.83
2451889,24518.89
2452006,24520.06
2452121,24521.21
2452231,24522.31
2452339,24523.39
2452452,24524.52
2452571,24525.71
2452678,24526.78
2452781,24527.81
2452891,24528.91
2453005,24530.05
2453119,24531.19
2453225,24532.25
2453328,24533.28
2453436,24534.36
2453554,24535.54
2453666,24536.66
2453777,24537.77
2453884,24538.84
2453992,24539.92
2454106,24541.06
2454211,24542.11
2454306,24543.06
2454399,24543.99
2454501,24545.01
2454612,24546.12
2454715,24547.15
2454810,24548.1
2454900,24549.0
2454994,24549.94
2455097,24550.97
2455200,24552.0
2455294,24552.94
2455384,24553.84
2455481,24554.81
2455593,24555.93
2455700,24557.0
2455805,24558.05
2455907,24559.07
2456011,24560.11
2456119,24561.19
2456223,24562.23
2456328,24563.28
2456439,24564.39
2456553,24565.53
2456666,24566.66
2456777,24567.77
2456887,24568.87
2457005,24570.05
2457122,24571.22
2457231,24572.31
2457334,24573.34
2457441,24574.41
2457556,24575.56
2457663,24576.63
2457770,24577.7
2457887,24578.87
2458005,24580.05
2458116,24581.16
2458219,24582.19
2458324,24583.24
2458435,24584.35
2458540,24585.4
2458639,24586.39
2458740,24587.4
2458849,24588.49
2458956,24589.56
2459061,24590.61
2459170,24591.7
2459282,24592.82
2459384,24593.84
2459487,24594.87
2459593,24595.93
2459697,24596.97
2459798,24597.98
2459895,24598.95
2459995,24599.95
2460104,24601.04
2460212,24602.12
2460314,24603.14
2460415,24604.15
2460518,24605.18
2460621,24606.21
2460718,24607.18
2460810,24608.1
2460907,24609.07
2461007,24610.07
2461106,24611.06
2461204,24612.04
2461299,24612.99
2461396,24613.96
2461498,24614.98
2461593,24615.93
2461688,24616.88
2461783,24617.83
2461881,24618.81
2461971,24619.71
2462062,24620.62
2462157,24621.57
2462263,24622.63
2462362,24623.62
2462461,24624.61
2462560,24625.6
2462659,24626.59
2462753,24627.53
2462848,24628.48
2462944,24629.44
2463039,24630.39
2463133,24631.33
2463233,24632.33
2463338,24633.38
2463435,24634.35
2463525,24635.25
2463617,24636.17
2463718,24637.18
2463818,24638.18
2463924,24639.24
2464033,24640.33
2464135,24641.35
2464236,24642.36
2464342,24643.42
2464447,24644.47
2464549,24645.49
2464652,24646.52
2464760,24647.6
2464866,24648.66
2464971,24649.71
2465081,24650.81
2465188,24651.88
2465295,24652.95
2465397,24653.97
2465498,24654.98
2465602,24656.02
2465710,24657.1
2465813,24658.13
2465921,24659.21
2466024,24660.24
2466128,24661.28
2466231,24662.31
2466331,24663.31
2466436,24664.36
2466541,24665.41
2466641,24666.41
2466745,24667.45
2466852,24668.52
2466955,24669.55
2467054,24670.54
2467154,24671.54
2467259,24672.59
2467362,24673.62
2467465,24674.65
2467568,24675.68
2467674,24676.74
2467775,24677.75
2467882,24678.82
2467987,24679.87
2468085,24680.85
2468180,24681.8
2468277,24682.77
2468375,24683.75
2468469,24684.69
2468563,24685.63
2468661,24686.61
2468765,24687.65
2468864,24688.64
2468962,24689.62
2469065,24690.65
2469169,24691.69
2469270,24692.7
2469370,24693.7
2469466,24694.66
2469562,24695.62
2469660,24696.6
2469761,24697.61
2469866,24698.66
2469970,24699.7
2470072,24700.72
2470177,24701.77
2470286,24702.86
2470391,24703.91
2470492,24704.92
2470594,24705.94
2470694,24706.94
2470787,24707.87
2470882,24708.82
2470979,24709.79
2471091,24710.91
2471209,24712.09
2471325,24713.25
2471433,24714.33
2471542,24715.42
2471651,24716.51
2471758,24717.58
2471860,24718.6
2471969,24719.69
2472084,24720.84
2472195,24721.95
2472308,24723.08
2472425,24724.25
2472533,24725.33
2472637,24726.37
2472749,24727.49
2472864,24728.64
2472974,24729.74
2473082,24730.82
2473196,24731.96
2473304,24733.04
2473409,24734.09
2473521,24735.21
2473630,24736.3
2473731,24737.31
2473839,24738.39
2473954,24739.54
2474062,24740.62
2474173,24741.73
2474289,24742.89
2474403,24744.03
2474512,24745.12
2474625,24746.25
2474737,24747.37
2474841,24748.41
2474940,24749.4
2475039,24750.39
2475136,24751.36
2475234,24752.34
2475336,24753.36
2475434,24754.34
2475537,24755.37
2475642,24756.42
2475752,24757.52
2475860,24758.6
2475964,24759.64
2476067,24760.67
2476170,24761.7
2476275,24762.75
2476374,24763.74
2476469,24764.69
2476566,24765.66
2476671,24766.71
2476774,24767.74
2476875,24768.75
2476980,24769.8
2477090,24770.9
2477194,24771.94
2477300,24773.0
2477412,24774.12
2477517,24775.17
2477618,24776.18
2477725,24777.25
2477832,24778.32
2477935,24779.35
2478036,24780.36
2478143,24781.43
2478253,24782.53
2478361,24783.61
2478467,24784.67
2478575,24785.75
2478689,24786.89
2478798,24787.98
2478901,24789.01
2479001,24790.01
2479101,24791.01
2479215,24792.15
2479328,24793.28
2479436,24794.36
2479546,24795.46
2479657,24796.57
2479767,24797.67
2479873,24798.73
2479982,24799.82
2480101,24801.01
2480214,24802.14
2480326,24803.26
2480441,24804.41
2480550,24805.5
2480655,24806.55
2480760,24807.6
2480863,24808.63
2480966,24809.66
2481065,24810.65
2481160,24811.6
2481250,24812.5
2481338,24813.38
2481422,24814.22
2481505,24815.05
2481586,24815.86
2481665,24816.65
2481743,24817.43
2481820,24818.2
2481896,24818.96
2481971,24819.71
2482046,24820.46
2482120,24821.2
2482194,24821.94
2482270,24822.7
2482346,24823.46
2482427,24824.27
2482511,24825.11
2482598,24825.98
2482690,24826.9
2482788,24827.88
2482889,24828.89
2482989,24829.89
2483090,24830.9
2483188,24831.88
2483290,24832.9
2483397,24833.97
2483504,24835.04
2483614,24836.14
2483723,24837.23
2483831,24838.31
2483945,24839.45
2484063,24840.63
2484179,24841.79
2484292,24842.92
2484401,24844.01
2484519,24845.19
2484639,24846.39
2484752,24847.52
2484861,24848.61
2484978,24849.78
2485096,24850.96
2485207,24852.07
2485317,24853.17
2485433,24854.33
2485546,24855.46
2485657,24856.57
2485765,24857.65
2485872,24858.72
2485983,24859.83
2486095,24860.95
2486206,24862.06
2486312,24863.12
2486414,24864.14
2486520,24865.2
2486629,24866.29
2486735,24867.35
2486839,24868.39
2486948,24869.48
2487060,24870.6
2487169,24871.69
2487278,24872.78
2487388,24873.88
2487498,24874.98
2487604,24876.04
2487707,24877.07
2487816,24878.16
2487929,24879.29
2488038,24880.38
2488146,24881.46
2488256,24882.56
2488367,24883.67
2488479,24884.79
2488588,24885.88
2488693,24886.93
2488799,24887.99
2488913,24889.13
2489025,24890.25
2489134,24891.34
2489238,24892.38
2489346,24893.46
2489458,24894.58
2489570,24895.7
2489679,24896.79
2489785,24897.85
2489889,24898.89
2489998,24899.98
2490107,24901.07
2490214,24902.14
2490317,24903.17
2490423,24904.23
2490540,24905.4
2490649,24906.49
2490756,24907.56
2490865,24908.65
2490978,24909.78
2491089,24910.89
2491199,24911.99
2491311,24913.11
2491421,24914.21
2491527,24915.27
2491640,24916.4
2491751,24917.51
2491857,24918.57
2491966,24919.66
2492076,24920.76
2492182,24921.82
2492289,24922.89
2492400,24924.0
2492512,24925.12
2492620,24926.2
2492728,24927.28
2492838,24928.38
2492944,24929.44
2493048,24930.48
2493150,24931.5
2493251,24932.51
2493357,24933.57
2493457,24934.57
2493552,24935.52
2493648,24936.48
2493741,24937.41
2493835,24938.35
2493927,24939.27
2494019,24940.19
2494119,24941.19
2494214,24942.14
2494311,24943.11
2494403,24944.03
2494494,24944.94
2494590,24945.9
2494693,24946.93
2494799,24947.99
2494905,24949.05
2495009,24950.09
2495117,24951.17
2495224,24952.24
2495331,24953.31
2495435,24954.35
2495541,24955.41
2495652,24956.52
2495761,24957.61
2495867,24958.67
2495980,24959.8
2496090,24960.9
2496199,24961.99
2496315,24963.15
2496425,24964.25
2496528,24965.28
2496638,24966.38
2496749,24967.49
2496854,24968.54
2496974,24969.74
2497092,24970.92
2497208,24972.08
2497320,24973.2
2497435,24974.35
2497544,24975.44
2497648,24976.48
2497758,24977.58
2497869,24978.69
2497975,24979.75
2498090,24980.9
2498202,24982.02
2498305,24983.05
2498411,24984.11
2498519,24985.19
2498624,24986.24
2498728,24987.28
2498840,24988.4
2498951,24989.51
2499055,24990.55
2499161,24991.61
2499264,24992.64
2499361,24993.61
2499452,24994.52
2499547,24995.47
2499649,24996.49
2499749,24997.49
2499857,24998.57
2499968,24999.68
2500074,25000.74
2500175,25001.75
2500271,25002.71
2500365,25003.65
2500462,25004.62
2500558,25005.58
2500656,25006.56
2500765,25007.65
2500869,25008.69
2500963,25009.63
2501053,25010.53
2501138,25011.38
2501224,25012.24
2501310,25013.1
2501398,25013.98
2501493,25014.93
2501586,25015.86
2501678,25016.78
2501771,25017.71
2501865,25018.65
2501952,25019.52
2502038,25020.38
2502119,25021.19
2502201,25022.01
2502280,25022.8
2502358,25023.58
2502434,25024.34
2502510,25025.1
2502589,25025.89
2502666,25026.66
2502741,25027.41
2502818,25028.18
2502896,25028.96
2502974,25029.74
2503051,25030.51
2503128,25031.28
2503206,25032.06
2503284,25032.84
2503361,25033.61
2503438,25034.38
2503518,25035.18
2503602,25036.02
2503687,25036.87
2503772,25037.72
2503859,25038.59
2503947,25039.47
2504036,25040.36
2504124,25041.24
2504216,25042.16
2504324,25043.24
2504426,25044.26
2504522,25045.22
2504618,25046.18
2504713,25047.13
2504804,25048.04
2504896,25048.96
2504991,25049.91
2505093,25050.93
2505189,25051.89
2505293,25052.93
2505393,25053.93
2505489,25054.89
2505581,25055.81
2505674,25056.74
2505768,25057.68
2505864,25058.64
2505955,25059.55
2506049,25060.49
2506144,25061.44
2506241,25062.41
2506337,25063.37
2506430,25064.3
2506526,25065.26
2506625,25066.25
2506718,25067.18
2506806,25068.06
2506896,25068.96
2506981,25069.81
2507062,25070.62
2507142,25071.42
2507223,25072.23
2507308,25073.08
2507414,25074.14
2507518,25075.18
2507613,25076.13
2507711,25077.11
2507808,25078.08
2507912,25079.12
2508007,25080.07
2508098,25080.98
2508191,25081.91
2508285,25082.85
2508391,25083.91
2508496,25084.96
2508598,25085.98
2508702,25087.02
2508813,25088.13
2508924,25089.24
2509019,25090.19
2509112,25091.12
2509212,25092.12
2509316,25093.16
2509414,25094.14
2509510,25095.1
2509613,25096.13
2509719,25097.19
2509823,25098.23
2509923,25099.23
2510027,25100.27
2510129,25101.29
2510225,25102.25
2510318,25103.18
2510416,25104.16
2510523,25105.23
2510630,25106.3
2510726,25107.26
2510824,25108.24
2510924,25109.24
2511021,25110.21
2511118,25111.18
2511219,25112.19
2511319,25113.19
2511413,25114.13
2511507,25115.07
2511602,25116.02
2511700,25117.0
2511790,25117.9
2511876,25118.76
2511961,25119.61
2512044,25120.44
2512125,25121.25
2512205,25122.05
2512284,25122.84
2512363,25123.63
2512440,25124.4
2512515,25125.15
2512589,25125.89
2512663,25126.63
2512736,25127.36
2512809,25128.09
2512881,25128.81
2512954,25129.54
2513029,25130.29
2513105,25131.05
2513185,25131.85
2513267,25132.67
2513354,25133.54
2513445,25134.45
2513536,25135.36
2513627,25136.27
2513719,25137.19
2513812,25138.12
2513910,25139.1
2514009,25140.09
2514111,25141.11
2514211,25142.11
2514308,25143.08
2514408,25144.08
2514517,25145.17
2514630,25146.3
2514740,25147.4
2514846,25148.46
2514955,25149.55
2515067,25150.67
2515180,25151.8
2515284,25152.84
2515391,25153.91
2515503,25155.03
2515614,25156.14
2515725,25157.25
2515831,25158.31
2515935,25159.35
2516049,25160.49
2516165,25161.65
2516279,25162.79
2516386,25163.86
2516487,25164.87
2516596,25165.96
2516709,25167.09
2516821,25168.21
2516925,25169.25
2517024,25170.24
2517131,25171.31
2517240,25172.4
2517348,25173.48
2517449,25174.49
2517547,25175.47
2517655,25176.55
2517765,25177.65
2517873,25178.73
2517971,25179.71
2518070,25180.7
2518176,25181.76
2518285,25182.85
2518392,25183.92
2518491,25184.91
2518588,25185.88
2518693,25186.93
2518799,25187.99
2518904,25189.04
2519014,25190.14
2519125,25191.25
2519226,25192.26
2519329,25193.29
2519434,25194.34
2519537,25195.37
2519640,25196.4
2519748,25197.48
2519854,25198.54
2519955,25199.55
2520061,25200.61
2520175,25201.75
2520284,25202.84
2520389,25203.89
2520485,25204.85
2520582,25205.82
2520683,25206.83
2520786,25207.86
2520884,25208.84
2520980,25209.8
2521085,25210.85
2521194,25211.94
2521297,25212.97
2521394,25213.94
2521490,25214.9
2521586,25215.86
2521685,25216.85
2521789,25217.89
2521885,25218.85
2521981,25219.81
2522081,25220.81
2522185,25221.85
2522280,25222.8
2522370,25223.7
2522459,25224.59
2522549,25225.49
2522645,25226.45
2522743,25227.43
2522835,25228.35
2522924,25229.24
2523020,25230.2
2523123,25231.23
2523234,25232.34
2523342,25233.42
2523447,25234.47
2523551,25235.51
2523661,25236.61
2523772,25237.72
2523877,25238.77
2523980,25239.8
2524088,25240.88
2524195,25241.95
2524300,25243.0
2524401,25244.01
2524510,25245.1
2524616,25246.16
2524720,25247.2
2524823,25248.23
2524929,25249.29
2525037,25250.37
2525139,25251.39
2525237,25252.37
2525344,25253.44
2525451,25254.51
2525552,25255.52
2525652,25256.52
2525758,25257.58
2525862,25258.62
2525961,25259.61
2526062,25260.62
2526165,25261.65
2526269,25262.69
2526368,25263.68
2526461,25264.61
2526553,25265.53
2526649,25266.49
2526747,25267.47
2526842,25268.42
2526944,25269.44
2527048,25270.48
2527154,25271.54
2527254,25272.54
2527351,25273.51
2527452,25274.52
2527556,25275.56
2527663,25276.63
2527770,25277.7
2527880,25278.8
2527994,25279.94
2528107,25281.07
2528214,25282.14
2528323,25283.23
2528436,25284.36
2528544,25285.44
2528649,25286.49
2528755,25287.55
2528866,25288.66
2528976,25289.76
2529079,25290.79
2529183,25291.83
2529292,25292.92
2529398,25293.98
2529500,25295.0
2529605,25296.05
2529717,25297.17
2529820,25298.2
2529919,25299.19
2530024,25300.24
2530133,25301.33
2530234,25302.34
2530335,25303.35
2530445,25304.45
2530555,25305.55
2530657,25306.57
2530751,25307.51
2530849,25308.49
2530957,25309.57
2531064,25310.64
2531169,25311.69
2531272,25312.72
2531374,25313.74
2531474,25314.74
2531573,25315.73
2531675,25316.75
2531780,25317.8
2531882,25318.82
2531981,25319.81
2532081,25320.81
2532192,25321.92
2532293,25322.93
2532396,25323.96
2532512,25325.12
2532617,25326.17
2532724,25327.24
2532836,25328.36
2532945,25329.45
2533050,25330.5
2533154,25331.54
2533261,25332.61
2533357,25333.57
2533449,25334.49
2533541,25335.41
2533626,25336.26
2533707,25337.07
2533787,25337.87
2533880,25338.8
2534001,25340.01
2534122,25341.22
2534223,25342.23
2534314,25343.14
2534403,25344.03
2534510,25345.1
2534623,25346.23
2534736,25347.36
2534847,25348.47
2534959,25349.59
2535066,25350.66
2535175,25351.75
2535288,25352.88
2535396,25353.96
2535506,25355.06
2535621,25356.21
2535728,25357.28
2535834,25358.34
2535946,25359.46
2536059,25360.59
2536169,25361.69
2536276,25362.76
2536386,25363.86
2536498,25364.98
2536606,25366.06
2536709,25367.09
2536816,25368.16
2536927,25369.27
2537029,25370.29
2537120,25371.2
2537203,25372.03
2537285,25372.85
2537391,25373.91
2537499,25374.99
2537608,25376.08
2537716,25377.16
2537828,25378.28
2537945,25379.45
2538062,25380.62
2538174,25381.74
2538287,25382.87
2538401,25384.01
2538515,25385.15
2538624,25386.24
2538727,25387.27
2538833,25388.33
2538945,25389.45
2539058,25390.58
2539166,25391.66
2539278,25392.78
2539394,25393.94
2539504,25395.04
2539607,25396.07
2539716,25397.16
2539831,25398.31
2539943,25399.43
2540048,25400.48
2540156,25401.56
2540268,25402.68
2540376,25403.76
2540482,25404.82
2540589,25405.89
2540695,25406.95
2540795,25407.95
2540885,25408.85
2540974,25409.74
2541059,25410.59
2541150,25411.5
2541249,25412.49
2541348,25413.48
2541437,25414.37
2541527,25415.27
2541627,25416.27
2541728,25417.28
2541825,25418.25
2541917,25419.17
2542012,25420.12
2542106,25421.06
2542207,25422.07
2542309,25423.09
2542404,25424.04
2542502,25425.02
2542599,25425.99
2542692,25426.92
2542782,25427.82
2542874,25428.74
2542977,25429.77
2543075,25430.75
2543168,25431.68
2543269,25432.69
2543370,25433.7
2543468,25434.68
2543569,25435.69
2543655,25436.55
2543736,25437.36
2543815,25438.15
2543898,25438.98
2544014,25440.14
2544129,25441.29
2544233,25442.33
2544337,25443.37
2544451,25444.51
2544567,25445.67
2544680,25446.8
2544788,25447.88
2544901,25449.01
2545014,25450.14
2545122,25451.22
2545223,25452.23
2545326,25453.26
2545423,25454.23
2545511,25455.11
2545625,25456.25
2545739,25457.39
2545840,25458.4
2545954,25459.54
2546072,25460.72
2546187,25461.87
2546301,25463.01
2546410,25464.1
2546507,25465.07
2546593,25465.93
2546673,25466.73
2546747,25467.47
2546819,25468.19
2546892,25468.92
2546973,25469.73
2547051,25470.51
2547127,25471.27
2547202,25472.02
2547274,25472.74
2547347,25473.47
2547413,25474.13
2547480,25474.8
2547559,25475.59
2547628,25476.28
2547697,25476.97
2547766,25477.66
2547835,25478.35
2547902,25479.02
2547971,25479.71
2548039,25480.39
2548106,25481.06
2548172,25481.72
2548239,25482.39
2548306,25483.06
2548372,25483.72
2548439,25484.39
2548506,25485.06
2548575,25485.75
2548646,25486.46
2548715,25487.15
2548787,25487.87
2548860,25488.6
2548933,25489.33
2549005,25490.05
2549078,25490.78
2549151,25491.51
2549225,25492.25
2549300,25493.0
2549375,25493.75
2549452,25494.52
2549536,25495.36
2549638,25496.38
2549740,25497.4
2549838,25498.38
2549930,25499.3
2550024,25500.24
2550125,25501.25
2550214,25502.14
2550297,25502.97
2550381,25503.81
2550478,25504.78
2550574,25505.74
2550680,25506.8
2550793,25507.93
2550903,25509.03
2551009,25510.09
2551119,25511.19
2551232,25512.32
2551341,25513.41
2551446,25514.46
2551554,25515.54
2551665,25516.65
2551777,25517.77
2551889,25518.89
2551997,25519.97
2552111,25521.11
2552227,25522.27
2552346,25523.46
2552458,25524.58
2552570,25525.7
2552687,25526.87
2552806,25528.06
2552922,25529.22
2553031,25530.31
2553144,25531.44
2553261,25532.61
2553377,25533.77
2553490,25534.9
2553598,25535.98
2553709,25537.09
2553824,25538.24
2553934,25539.34
2554043,25540.43
2554158,25541.58
2554275,25542.75
2554387,25543.87
2554496,25544.96
2554609,25546.09
2554719,25547.19
2554829,25548.29
2554938,25549.38
2555050,25550.5
2555161,25551.61
2555270,25552.7
2555367,25553.67
2555465,25554.65
2555549,25555.49
2555628,25556.28
2555707,25557.07
2555793,25557.93
2555887,25558.87
2555991,25559.91
2556089,25560.89
2556180,25561.8
2556272,25562.72
2556363,25563.63
2556459,25564.59
2556558,25565.58
2556656,25566.56
2556745,25567.45
2556837,25568.37
2556933,25569.33
2557035,25570.35
2557135,25571.35
2557236,25572.36
2557337,25573.37
2557438,25574.38
2557539,25575.39
2557639,25576.39
2557740,25577.4
2557835,25578.35
2557928,25579.28
2558019,25580.19
2558111,25581.11
2558204,25582.04
2558296,25582.96
2558387,25583.87
2558480,25584.8
2558580,25585.8
2558679,25586.79
2558772,25587.72
2558866,25588.66
2558960,25589.6
2559052,25590.52
2559136,25591.36
2559217,25592.17
2559302,25593.02
2559383,25593.83
2559462,25594.62
2559540,25595.4
2559618,25596.18
2559695,25596.95
2559770,25597.7
2559845,25598.45
2559918,25599.18
2559991,25599.91
2560061,25600.61
2560131,25601.31
2560203,25602.03
2560275,25602.75
2560348,25603.48
2560429,25604.29
2560519,25605.19
2560615,25606.15
2560713,25607.13
2560815,25608.15
2560920,25609.2
2561025,25610.25
2561122,25611.22
2561210,25612.1
2561294,25612.94
2561375,25613.75
2561455,25614.55
2561543,25615.43
2561640,25616.4
2561749,25617.49
2561859,25618.59
2561958,25619.58
2562058,25620.58
2562164,25621.64
2562274,25622.74
2562382,25623.82
2562486,25624.86
2562590,25625.9
2562699,25626.99
2562806,25628.06
2562911,25629.11
2563018,25630.18
2563129,25631.29
2563239,25632.39
2563346,25633.46
2563453,25634.53
2563562,25635.62
2563672,25636.72
2563781,25637.81
2563885,25638.85
2563985,25639.85
2564078,25640.78
2564170,25641.7
2564266,25642.66
2564371,25643.71
2564478,25644.78
2564586,25645.86
2564698,25646.98
2564811,25648.11
2564923,25649.23
2565030,25650.3
2565138,25651.38
2565249,25652.49
2565362,25653.62
2565474,25654.74
2565585,25655.85
2565699,25656.99
2565812,25658.12
2565926,25659.26
2566039,25660.39
2566149,25661.49
2566262,25662.62
2566377,25663.77
2566492,25664.92
2566604,25666.04
2566711,25667.11
2566820,25668.2
2566930,25669.3
2567041,25670.41
2567148,25671.48
2567256,25672.56
2567366,25673.66
2567478,25674.78
2567586,25675.86
2567690,25676.9
2567796,25677.96
2567904,25679.04
2568013,25680.13
2568120,25681.2
2568224,25682.24
2568331,25683.31
2568439,25684.39
2568547,25685.47
2568652,25686.52
2568758,25687.58
2568865,25688.65
2568969,25689.69
2569067,25690.67
2569158,25691.58
2569243,25692.43
2569329,25693.29
2569419,25694.19
2569517,25695.17
2569622,25696.22
2569733,25697.33
2569842,25698.42
2569949,25699.49
2570051,25700.51
2570156,25701.56
2570265,25702.65
2570372,25703.72
2570474,25704.74
2570580,25705.8
2570690,25706.9
2570798,25707.98
2570903,25709.03
2571006,25710.06
2571111,25711.11
2571219,25712.19
2571328,25713.28
2571434,25714.34
2571542,25715.42
2571655,25716.55
2571766,25717.66
2571873,25718.73
2571978,25719.78
2572087,25720.87
2572199,25721.99
2572312,25723.12
2572420,25724.2
2572527,25725.27
2572637,25726.37
2572751,25727.51
2572864,25728.64
2572973,25729.73
2573084,25730.84
2573196,25731.96
2573309,25733.09
2573417,25734.17
2573523,25735.23
2573631,25736.31
2573741,25737.41
2573851,25738.51
2573957,25739.57
2574062,25740.62
2574168,25741.68
2574276,25742.76
2574383,25743.83
2574488,25744.88
2574592,25745.92
2574699,25746.99
2574805,25748.05
2574913,25749.13
2575019,25750.19
2575128,25751.28
2575241,25752.41
2575353,25753.53
2575464,25754.64
2575572,25755.72
2575681,25756.81
2575790,25757.9
2575897,25758.97
2576001,25760.01
2576107,25761.07
2576214,25762.14
2576318,25763.18
2576414,25764.14
2576507,25765.07
2576601,25766.01
2576694,25766.94
2576788,25767.88
2576876,25768.76
2576961,25769.61
2577044,25770.44
2577130,25771.3
2577209,25772.09
2577282,25772.82
2577360,25773.6
2577433,25774.33
2577533,25775.33
2577638,25776.38
2577746,25777.46
2577851,25778.51
2577947,25779.47
2578040,25780.4
2578131,25781.31
2578230,25782.3
2578335,25783.35
2578442,25784.42
2578544,25785.44
2578646,25786.46
2578748,25787.48
2578847,25788.47
2578948,25789.48
2579051,25790.51
2579153,25791.53
2579250,25792.5
2579346,25793.46
2579443,25794.43
2579541,25795.41
2579643,25796.43
2579743,25797.43
2579834,25798.34
2579925,25799.25
2580010,25800.1
2580091,25800.91
2580167,25801.67
2580247,25802.47
2580327,25803.27
2580405,25804.05
2580484,25804.84
2580561,25805.61
2580636,25806.36
2580709,25807.09
2580783,25807.83
2580857,25808.57
2580930,25809.3
2581003,25810.03
2581077,25810.77
2581150,25811.5
2581224,25812.24
2581299,25812.99
2581374,25813.74
2581449,25814.49
2581524,25815.24
2581600,25816.0
2581681,25816.81
2581767,25817.67
2581858,25818.58
2581952,25819.52
2582049,25820.49
2582147,25821.47
2582248,25822.48
2582350,25823.5
2582449,25824.49
2582545,25825.45
2582639,25826.39
2582748,25827.48
2582856,25828.56
2582961,25829.61
2583065,25830.65
2583178,25831.78
2583296,25832.96
2583413,25834.13
2583527,25835.27
2583645,25836.45
2583764,25837.64
2583880,25838.8
2583993,25839.93
2584108,25841.08
2584224,25842.24
2584339,25843.39
